template_id,service_category,institution_type,template_text,variable_slots,derived_from_unified_ids,example_original_message,template_status,template_quality_score,notes
service_ham_template_00001,banking,BPI,Banks closed this Holy Week. Deposit or withdraw from your <BRAND> account for FREE at any of our participating partner stores nationwide. Just ask a store personnel for assistance.,"[""BRAND""]",manual_ham_final_000016,Banks closed this Holy Week. Deposit or withdraw from your BPI account for FREE at any of our participating partner stores nationwide. Just ask a store personnel for assistance.,approved_template_candidate,0.92,high quality; clear service-like template. Derived from approved manual ham.
service_ham_template_00002,banking,BPI,"Get up to <AMOUNT> eGCs for fuel, groceries, and more with a new <BRAND> Credit Card - plus waived annual fees*! Apply in just 3 minutes via the <BRAND> app or <BRAND> online - no docs needed. Just log in and tap the inbox/envelope icon to start! You can text BPICC (space) C-J5YS4 (space) FULL NAME & send to <ACCT> until 04/15/26. *T&Cs apply. DTI#250009, $2026. Text STOP to <PHONE> to unsubscribe.","[""AMOUNT"", ""BRAND""]",manual_ham_final_000015,"Get up to Php 18,000 eGCs for fuel, groceries, and more with a new BPI Credit Card - plus waived annual fees*! Apply in just 3 minutes via the BPI app or BPI online - no docs needed. Just log in and tap the inbox/envelope icon to start! You can text BPICC (space) C-J5YS4 (space) FULL NAME & send to 22565068 until 04/15/26. *T&Cs apply. DTI#250009, $2026. Text STOP to 09221101742 to unsubscribe.",approved_template_candidate,0.92,high quality; clear service-like template. Derived from approved manual ham.
service_ham_template_00003,banking,Lazada,"Get a chance to win up to <BRAND>voucher when you buy at least <AMOUNT> regular <BRAND> load on the <BRAND> App. Just log in to your account, and tap 'Send Load"". Promo runs from <DATE_TIME> to <DATE_TIME>, 2026. T&Cs apply. <BRAND> is BSP-regulated. DT1248176","[""AMOUNT"", ""BRAND"", ""DATE_TIME""]",manual_ham_final_000020,"Get a chance to win up to PHP 150 Lazada voucher when you buy at least PHP 300 regular Smart load on the Metrobank App. Just log in to your account, and tap 'Send Load"". Promo runs from Feb 15 to Mar 15, 2026. T&Cs apply. Metrobank is BSP-regulated. DT1248176",approved_template_candidate,0.92,high quality; clear service-like template. Derived from approved manual ham.
service_ham_template_00004,banking,Lazada,"Score deals at the <BRAND> Birthday Sale with your RCBC Mastercard Credit Card! Enjoy extra <AMOUNT> OFF, min. spend <AMOUNT>. Offer is until Mar. 27, 2026. Discount auto-applied at checkout; no code needed. For info, search LAZBDAY26 on the RCBC Credit website. DTI#252224","[""AMOUNT"", ""BRAND""]",manual_ham_final_000080,"Score deals at the Lazada Birthday Sale with your RCBC Mastercard Credit Card! Enjoy extra P500 OFF, min. spend P5,000. Offer is until Mar. 27, 2026. Discount auto-applied at checkout; no code needed. For info, search LAZBDAY26 on the RCBC Credit website. DTI#252224",approved_template_candidate,0.92,high quality; clear service-like template. Derived from approved manual ham.
service_ham_template_00005,banking,Metrobank,"1ue, Mar ot at 9-92 FM Last chance to earn eGCs! Start referring friends now to apply for their first <BRAND> credit card using your code ACO135. Earn <AMOUNT> eGCs for every successful referral until <DATE_TIME>, 2026 only! Visit our website for the application link & T&Cs. DTI245534S2025 CCPD26-041","[""AMOUNT"", ""BRAND"", ""DATE_TIME""]",manual_ham_final_000104,"1ue, Mar ot at 9-92 FM Last chance to earn eGCs! Start referring friends now to apply for their first Metrobank credit card using your code ACO135. Earn P5,000 eGCs for every successful referral until March 31, 2026 only! Visit our website for the application link & T&Cs. DTI245534S2025 CCPD26-041",approved_template_candidate,0.92,high quality; clear service-like template. Derived from approved manual ham.
service_ham_template_00006,banking,Metrobank,<BRAND> is regulated by the BSP.,"[""BRAND""]",manual_ham_final_000113,Metrobank is regulated by the BSP.,approved_template_candidate,0.92,high quality; clear service-like template. Derived from approved manual ham.
service_ham_template_00007,banking,Metrobank,"Attending a concert in Korea or Japan? Enjoy these deals until 04/10/<OTP>! - AGODA: USD80 cashback for amin. spend of USD6O0. Register now! - KLOOK: <AMOUNT> OFF for a min. spend of <AMOUNT>. Select stay dates apply. Use code: MBWORLDTOUR Download the <BRAND> app, click ""Promos"" before logging in and search for ""USD 80 CASHBACK at Agoda"" and ""20% OFF in Korea and Japan at Klook"" to know more. T&Cs apply DTI252629S26. CCPD26-133. <BRAND> is regulated by the BSP.","[""AMOUNT"", ""BRAND"", ""OTP""]",manual_ham_final_000103,"Attending a concert in Korea or Japan? Enjoy these deals until 04/10/2026! - AGODA: USD80 cashback for amin. spend of USD6O0. Register now! - KLOOK: P4,000 OFF for a min. spend of P20,000. Select stay dates apply. Use code: MBWORLDTOUR Download the Metrobank app, click ""Promos"" before logging in and search for ""USD 80 CASHBACK at Agoda"" and ""20% OFF in Korea and Japan at Klook"" to know more. T&Cs apply DTI252629S26. CCPD26-133. Metrobank is regulated by the BSP.",approved_template_candidate,0.92,high quality; clear service-like template. Derived from approved manual ham.
service_ham_template_00008,banking,Metrobank,"Avoid additional charges by not missing your next due date on <DATE_TIME>. The outstanding balance of your <BRAND> credit card ending in <ACCT> is <AMOUNT>. Pay at least the minimum amount due of <AMOUNT>, immediately. You may pay via <BRAND> Online, <BRAND> App or using other banking apps. Disregard if already paid.","[""AMOUNT"", ""BRAND"", ""DATE_TIME""]",manual_ham_final_000098,"Avoid additional charges by not missing your next due date on 13 Apr 2026. The outstanding balance of your Metrobank credit card ending in 2538 is PHP 57,875.54. Pay at least the minimum amount due of PHP 2,025.64, immediately. You may pay via Metrobank Online, Metrobank App or using other banking apps. Disregard if already paid.",approved_template_candidate,0.92,high quality; clear service-like template. Derived from approved manual ham.
service_ham_template_00009,banking,Metrobank,"ENDING <DATE_TIME>! Drop by The <BRAND> Travel Fair at the Glorietta Activity Center, OAM to 8PM to enjoy exclusive deals on: - Airlines - Hotel Accommodations - Cruises - Travel Agencies - Other Travel-Related Merchants T&Cs apply. DTI244768. CCPD26-01","[""BRAND"", ""DATE_TIME""]",manual_ham_final_000119,"ENDING TODAY! Drop by The Metrobank Travel Fair at the Glorietta Activity Center, OAM to 8PM to enjoy exclusive deals on: - Airlines - Hotel Accommodations - Cruises - Travel Agencies - Other Travel-Related Merchants T&Cs apply. DTI244768. CCPD26-01",approved_template_candidate,0.92,high quality; clear service-like template. Derived from approved manual ham.
service_ham_template_00010,banking,Metrobank,"Flying just got easier using your <BRAND> credit card! Book now with Philippine Airlines and enjoy 0% installment for 3 months plus Shop Now, Pay Later up to 90 days after for a min. single-receipt of <AMOUNT>. Available in all ticketing offices nationwide until <DATE_TIME>, 2026. Promo is not applicable to online bookings. T&Cs apply. DTI244434S26. CCPD26-095. <BRAND> is regulated by the BSP.","[""AMOUNT"", ""BRAND"", ""DATE_TIME""]",manual_ham_final_000114,"Flying just got easier using your Metrobank credit card! Book now with Philippine Airlines and enjoy 0% installment for 3 months plus Shop Now, Pay Later up to 90 days after for a min. single-receipt of P20,000. Available in all ticketing offices nationwide until December 31, 2026. Promo is not applicable to online bookings. T&Cs apply. DTI244434S26. CCPD26-095. Metrobank is regulated by the BSP.",approved_template_candidate,0.92,high quality; clear service-like template. Derived from approved manual ham.
service_ham_template_00011,banking,Metrobank,"Great news! As of 01/19/2026, you have enough rewards points on your <BRAND> Platinum Mastercard to waive your Annual Fee goodbye. Convert your <AMOUNT> to a 50% Annual Fee Waiver by texting the keyword below to 225622 on or before <DATE_TIME>, 2026. Keyword:","[""AMOUNT"", ""BRAND"", ""DATE_TIME""]",manual_ham_final_000128,"Great news! As of 01/19/2026, you have enough rewards points on your Metrobank Platinum Mastercard to waive your Annual Fee goodbye. Convert your 26400 points to a 50% Annual Fee Waiver by texting the keyword below to 225622 on or before Feb 13, 2026. Keyword:",approved_template_candidate,0.92,high quality; clear service-like template. Derived from approved manual ham.
service_ham_template_00012,banking,Metrobank,Greetings from <BRAND>! Jocelyn Anne Barce just sent you <AMOUNT>. Message from sender: Fees. Thank you.,"[""AMOUNT"", ""BRAND""]",manual_ham_final_000022;manual_ham_final_000028;manual_ham_final_000030,"Greetings from Metrobank! Jocelyn Anne Barce just sent you PHP 6,600.00. Message from sender: Fees. Thank you.",approved_template_candidate,0.92,high quality; clear service-like template. Derived from approved manual ham.
service_ham_template_00013,banking,Metrobank,Greetings from <BRAND>! Jocelyn Anne Barce just sent you <AMOUNT>. Message from sender: Personal Expense. Thank you.,"[""AMOUNT"", ""BRAND""]",manual_ham_final_000024;manual_ham_final_000025;manual_ham_final_000026;manual_ham_final_000029;manual_ham_final_000031,"Greetings from Metrobank! Jocelyn Anne Barce just sent you PHP 7,500.00. Message from sender: Personal Expense. Thank you.",approved_template_candidate,0.92,high quality; clear service-like template. Derived from approved manual ham.
service_ham_template_00014,banking,Metrobank,"Greetings from <BRAND>! This is a friendly reminder on your minimum amount due of <AMOUNT>. You may pay via <BRAND> Online, <BRAND> App or using other banking apps.","[""AMOUNT"", ""BRAND""]",manual_ham_final_000120;manual_ham_final_000121;manual_ham_final_000122;manual_ham_final_000126;manual_ham_final_000131,"Greetings from Metrobank! This is a friendly reminder on your minimum amount due of PHP 1,753.94. You may pay via Metrobank Online, Metrobank App or using other banking apps.",approved_template_candidate,0.92,high quality; clear service-like template. Derived from approved manual ham.
service_ham_template_00015,banking,Metrobank,"Jocelyn, Big Travel Bonus is back with up to <AMOUNT> CASHBACK for a min. accum. spend on all your travel spend using your <BRAND> credit card!","[""AMOUNT"", ""BRAND""]",manual_ham_final_000110,"Jocelyn, Big Travel Bonus is back with up to P10,000 CASHBACK for a min. accum. spend on all your travel spend using your Metrobank credit card!",approved_template_candidate,0.92,high quality; clear service-like template. Derived from approved manual ham.
service_ham_template_00016,banking,Metrobank,"Purchase your Korea concert tickets using your <BRAND> Mastercard credit card and get up to <AMOUNT> CASHBACK! Search ""Up to <AMOUNT> CASHBACK with Beyond Borders"" on the <BRAND> website to learn more. Promo runs from 1/16/6 to 3/15/26. T&Cs apply. DTI244590. CCPD26-002.","[""AMOUNT"", ""BRAND""]",manual_ham_final_000127,"Purchase your Korea concert tickets using your Metrobank Mastercard credit card and get up to P8,000 CASHBACK! Search ""Up to PHP 8,000 CASHBACK with Beyond Borders"" on the Metrobank website to learn more. Promo runs from 1/16/6 to 3/15/26. T&Cs apply. DTI244590. CCPD26-002.",approved_template_candidate,0.92,high quality; clear service-like template. Derived from approved manual ham.
service_ham_template_00017,banking,Metrobank,"Quick tip when travelling abroad or shopping at overseas online stores, always choose to pay in non-Php currency for better conversion rates and enjoy better value on your purchases. <BRAND> is regulated by BSP.","[""BRAND""]",manual_ham_final_000118,"Quick tip when travelling abroad or shopping at overseas online stores, always choose to pay in non-Php currency for better conversion rates and enjoy better value on your purchases. Metrobank is regulated by BSP.",approved_template_candidate,0.92,high quality; clear service-like template. Derived from approved manual ham.
service_ham_template_00018,banking,Metrobank,"Ready to scream, sing, and stan? Make every fandom moment in South Korea unforgettable. Get <AMOUNT> CASHBACK for a min. accum. spend of <AMOUNT> in South Korea. Valid for card present transactions made In South Korea with currency code of KRW. Register from <DATE_TIME> to 13, 2026! Download the <BRAND> App click ""Promos"" before logging in and search for ""<AMOUNT> CASHBACK on your South Korea Spends"" to know more. Quick Tip! When travelling abroad or shopping overseas online stores, always choose to pay in non-PHP currency to enjoy better conversion rates and avoid extra fees. T&Cs apply. DTI250926S26. CCPD26-057.","[""AMOUNT"", ""BRAND"", ""DATE_TIME""]",manual_ham_final_000101,"Ready to scream, sing, and stan? Make every fandom moment in South Korea unforgettable. Get P500 CASHBACK for a min. accum. spend of P50,000 in South Korea. Valid for card present transactions made In South Korea with currency code of KRW. Register from April 8 to 13, 2026! Download the Metrobank App click ""Promos"" before logging in and search for ""PHP 500 CASHBACK on your South Korea Spends"" to know more. Quick Tip! When travelling abroad or shopping overseas online stores, always choose to pay in non-PHP currency to enjoy better conversion rates and avoid extra fees. T&Cs apply. DTI250926S26. CCPD26-057.",approved_template_candidate,0.92,high quality; clear service-like template. Derived from approved manual ham.
service_ham_template_00019,banking,Metrobank,"Register now! Download the <BRAND> App, click ""Promos"" before logging in and search for ""Up to <AMOUNT> cashback on all travel spend"" to know more. Promo runs from 03/16/26 to 05/15/26 only. T&Cs apply. DTI249796S26. CCPD26-108.","[""AMOUNT"", ""BRAND""]",manual_ham_final_000111,"Register now! Download the Metrobank App, click ""Promos"" before logging in and search for ""Up to PHP 10,000 cashback on all travel spend"" to know more. Promo runs from 03/16/26 to 05/15/26 only. T&Cs apply. DTI249796S26. CCPD26-108.",approved_template_candidate,0.92,high quality; clear service-like template. Derived from approved manual ham.
service_ham_template_00020,banking,Metrobank,"Save up to PHP 60K with our Goals Made Real promo for car and home loans. Apply by <DATE_TIME>, 2026. T&Cs apply. DT1248563, 248558. <BRAND> is BSP-regulated.","[""BRAND"", ""DATE_TIME""]",manual_ham_final_000021,"Save up to PHP 60K with our Goals Made Real promo for car and home loans. Apply by May 29, 2026. T&Cs apply. DT1248563, 248558. Metrobank is BSP-regulated.",approved_template_candidate,0.92,high quality; clear service-like template. Derived from approved manual ham.
service_ham_template_00021,banking,Metrobank,"Skip ""Pay in PHP""! Quick Tip: When booking your hotel accommodations through overseas online store, or travelling abroad, ALWAYS choose to PAY INNON-PHP CURRENCY for better conversion rates and enjoy more savings. <BRAND> is regulated by the BSP.","[""BRAND""]",manual_ham_final_000105,"Skip ""Pay in PHP""! Quick Tip: When booking your hotel accommodations through overseas online store, or travelling abroad, ALWAYS choose to PAY INNON-PHP CURRENCY for better conversion rates and enjoy more savings. Metrobank is regulated by the BSP.",approved_template_candidate,0.92,high quality; clear service-like template. Derived from approved manual ham.
service_ham_template_00022,banking,Metrobank,"Still haven't referred? Don't miss the chance to earn big: get <AMOUNT> eGC for every successful referral until <DATE_TIME>, 2026! Share your code ACO135 & invite friends to apply for their 1st <BRAND> credit card! Visit our website for the application link and T&Cs. DT1245534S2025 CCPD26-041","[""AMOUNT"", ""BRAND"", ""DATE_TIME""]",manual_ham_final_000124,"Still haven't referred? Don't miss the chance to earn big: get P5,000 eGC for every successful referral until Mar 31, 2026! Share your code ACO135 & invite friends to apply for their 1st Metrobank credit card! Visit our website for the application link and T&Cs. DT1245534S2025 CCPD26-041",approved_template_candidate,0.92,high quality; clear service-like template. Derived from approved manual ham.
service_ham_template_00023,banking,Metrobank,We'll process your redemption within 10-20 banking days. Please reply using your primary registered mobile number to ensure successful processing. T&Cs apply. <BRAND> is regulated by BSP.,"[""BRAND""]",manual_ham_final_000130,We'll process your redemption within 10-20 banking days. Please reply using your primary registered mobile number to ensure successful processing. T&Cs apply. Metrobank is regulated by BSP.,approved_template_candidate,0.92,high quality; clear service-like template. Derived from approved manual ham.
service_ham_template_00024,banking,Metrobank,"Your <BRAND> credit card ending in <ACCT> was due last 18/ Mar/2026 with statement balance of <AMOUNT> and minimum amount due of <AMOUNT>. For online payment, visit the <BRAND> Online website or download the <BRAND> mobile application.","[""AMOUNT"", ""BRAND""]",manual_ham_final_000109,"Your Metrobank credit card ending in 3166 was due last 18/ Mar/2026 with statement balance of PHP 3,972.84 and minimum amount due of PHP 1,000.00. For online payment, visit the Metrobank Online website or download the Metrobank mobile application.",approved_template_candidate,0.92,high quality; clear service-like template. Derived from approved manual ham.
service_ham_template_00025,banking,Metrobank,"Your chance to start earning eGCs is EXTENDED until <DATE_TIME>, 2026! Share your code ACO135 & invite friends to apply for their first <BRAND> credit card to earn <AMOUNT> eGC per successful referral. Visit our website for the application link & T&Cs. DT1245534S2025 CCPD26-041","[""AMOUNT"", ""BRAND"", ""DATE_TIME""]",manual_ham_final_000102,"Your chance to start earning eGCs is EXTENDED until June 30, 2026! Share your code ACO135 & invite friends to apply for their first Metrobank credit card to earn P5,000 eGC per successful referral. Visit our website for the application link & T&Cs. DT1245534S2025 CCPD26-041",approved_template_candidate,0.92,high quality; clear service-like template. Derived from approved manual ham.
service_ham_template_00026,banking,Unknown,"50% OFF at Marco Polo Ortigas! Savor a feast at Cucina, Lung Hin, Connect Lounge, Vu's Sky Bar, & Cafe Pronto with your RCBC Visa Infinite. Valid Mon-Fri until Apr. 30. Min. spend varies. Reserve your table by calling 7720 7777! Search MPO on the RCBC Credit site. T&Cs apply. DTI252812S26",[],manual_ham_final_000059,"50% OFF at Marco Polo Ortigas! Savor a feast at Cucina, Lung Hin, Connect Lounge, Vu's Sky Bar, & Cafe Pronto with your RCBC Visa Infinite. Valid Mon-Fri until Apr. 30. Min. spend varies. Reserve your table by calling 7720 7777! Search MPO on the RCBC Credit site. T&Cs apply. DTI252812S26",approved_template_candidate,0.7,medium quality; clear category but few variable slots. Derived from approved manual ham.
service_ham_template_00027,banking,Unknown,"Barefoot luxury in Siargao awaits. Enjoy an exclusive discount at Nay Palad Hideaway and all-inclusive island bliss w/ your RCBC Premium Credit Card. To book, call <PHONE> / <PHONE>. For details, visit the rcbccredit website, search NPH20. DTI246086S26. Offer until 6/30/26",[],manual_ham_final_000056;manual_ham_final_000095,"Barefoot luxury in Siargao awaits. Enjoy an exclusive discount at Nay Palad Hideaway and all-inclusive island bliss w/ your RCBC Premium Credit Card. To book, call 09177017840 / 091710698721. For details, visit the rcbccredit website, search NPH20. DTI246086S26. Offer until 6/30/26",approved_template_candidate,0.7,medium quality; clear category but few variable slots. Derived from approved manual ham.
service_ham_template_00028,banking,Unknown,Credit Card! Promo runs until,[],manual_ham_final_000073,Credit Card! Promo runs until,approved_template_candidate,0.7,medium quality; clear category but few variable slots. Derived from approved manual ham.
service_ham_template_00029,banking,Unknown,"Don't miss out on a sweet surprise for Mom! Use your RCBC Premium Credit Card at Paper Moon Cafe until Apr. 30 to earn her favorite treats. Get 3 Hokkaido Cupcakes (min. <AMOUNT> spend) or a Small Mille Crepe (min. <AMOUNT> spend). Redeem <DATE_TIME> at any store. Details at the RCBC Credit site, search MDPM. DT1I251767S26","[""AMOUNT"", ""DATE_TIME""]",manual_ham_final_000055,"Don't miss out on a sweet surprise for Mom! Use your RCBC Premium Credit Card at Paper Moon Cafe until Apr. 30 to earn her favorite treats. Get 3 Hokkaido Cupcakes (min. P2,000 spend) or a Small Mille Crepe (min. P5,000 spend). Redeem May 7-10 at any store. Details at the RCBC Credit site, search MDPM. DT1I251767S26",approved_template_candidate,0.92,high quality; clear service-like template. Derived from approved manual ham.
service_ham_template_00030,banking,Unknown,"Don't miss your chance to earn Mom her Mother's Day treat! Use your RCBC Premium Card at Paper Moon Cafe by <DATE_TIME> to qualify for FREE 3 Hokkaido Cupcakes (min. <AMOUNT> spend) or a Small Mille Crepe (min. <AMOUNT> spend). Redeem <DATE_TIME> at any store. Details at the RCBC Credit site, search MDPM. DT1251767S26","[""AMOUNT"", ""DATE_TIME""]",manual_ham_final_000048,"Don't miss your chance to earn Mom her Mother's Day treat! Use your RCBC Premium Card at Paper Moon Cafe by April 30 to qualify for FREE 3 Hokkaido Cupcakes (min. P2,000 spend) or a Small Mille Crepe (min. P5,000 spend). Redeem May 7-10 at any store. Details at the RCBC Credit site, search MDPM. DT1251767S26",approved_template_candidate,0.92,high quality; clear service-like template. Derived from approved manual ham.
service_ham_template_00031,banking,Unknown,"Don't miss your chance to see Laufey live in Manila, thanks to Visa! Use your RCBC Visa Credit Card and get 1 entry for every <AMOUNT> you spend, OR be one of the 10 Top Spenders to win automatically! Promo runs until <DATE_TIME>. Register now at the RCBC Credit website. Search: LAUFEYRP / LAUFEYTS. T&C apply. DT252226S26","[""AMOUNT"", ""DATE_TIME""]",manual_ham_final_000047,"Don't miss your chance to see Laufey live in Manila, thanks to Visa! Use your RCBC Visa Credit Card and get 1 entry for every P1,000 you spend, OR be one of the 10 Top Spenders to win automatically! Promo runs until May 10. Register now at the RCBC Credit website. Search: LAUFEYRP / LAUFEYTS. T&C apply. DT252226S26",approved_template_candidate,0.92,high quality; clear service-like template. Derived from approved manual ham.
service_ham_template_00032,banking,Unknown,"Good news! The RCBC Premium Credit Card STAY & DINE exclusive deal at DIAMOND HOTEL is extended until Jun.30! Don't miss your chance to get a DIAMOND INDULGENCE MEMBERSHIP for just <AMOUNT> (orig. <AMOUNT>). Enjoy a FREE night's stay, up to 50% OFF on dining, and more! For details, contact <PHONE>. DTI246122S26.","[""AMOUNT""]",manual_ham_final_000069,"Good news! The RCBC Premium Credit Card STAY & DINE exclusive deal at DIAMOND HOTEL is extended until Jun.30! Don't miss your chance to get a DIAMOND INDULGENCE MEMBERSHIP for just P8,710.40 (orig. P10,888). Enjoy a FREE night's stay, up to 50% OFF on dining, and more! For details, contact 09085846424. DTI246122S26.",approved_template_candidate,0.92,high quality; clear service-like template. Derived from approved manual ham.
service_ham_template_00033,banking,Unknown,"Indulge at Gloria Maris Greenhills, JOCELYN ANNE! Enjoy 50% OFF for a min. <AMOUNT> spend with your RCBC Premium Credit Card from <DATE_TIME>, Mon.-Fri. Valid for Lunch (<DATE_TIME>-<DATE_TIME>) and Dinner (<DATE_TIME>-<DATE_TIME>). Search GMGH on the RCBC Credit website for details. T&Cs apply. DTI253026S26","[""AMOUNT"", ""DATE_TIME""]",manual_ham_final_000067,"Indulge at Gloria Maris Greenhills, JOCELYN ANNE! Enjoy 50% OFF for a min. P5,000 spend with your RCBC Premium Credit Card from April 1-30, Mon.-Fri. Valid for Lunch (10:30AM-2:00PM) and Dinner (5:30PM-8:30PM). Search GMGH on the RCBC Credit website for details. T&Cs apply. DTI253026S26",approved_template_candidate,0.92,high quality; clear service-like template. Derived from approved manual ham.
service_ham_template_00034,banking,Unknown,"JOCELYN ANNE, as of 03/19, you have 7,317 rewards pts w/ your RCBC Visa Infinite. Redeem from 3,<AMOUNT> for cash credits, vouchers & more, via Erica at the RCBC Credit site or call the Premium Cards hotline. Maximize every spend with your Card: earn 1 pt/<AMOUNT> spend, 3x pts local online, 5x intl. online/in-store.","[""AMOUNT""]",manual_ham_final_000058,"JOCELYN ANNE, as of 03/19, you have 7,317 rewards pts w/ your RCBC Visa Infinite. Redeem from 3,300 points for cash credits, vouchers & more, via Erica at the RCBC Credit site or call the Premium Cards hotline. Maximize every spend with your Card: earn 1 pt/P30 spend, 3x pts local online, 5x intl. online/in-store.",approved_template_candidate,0.92,high quality; clear service-like template. Derived from approved manual ham.
service_ham_template_00035,banking,Unknown,"JOCELYN ANNE, whether for a home upgrade, business, or a getaway, get the extra cash you need! Convert the available limit on your RCBC card ending in <ACCT> to RCBC InstaCash. Access up to <AMOUNT> and pay <AMOUNT>/mo. at a low add-on rate of 0.62%/mo for up to 60 mos. To avail, go to the RCBC Credit website, search Promo ID: RRN, and use code AWLU40QQUT. Offer exclusive to web applications until Mar. 31, <OTP>. DTI245989S26.","[""AMOUNT"", ""OTP""]",manual_ham_final_000085,"JOCELYN ANNE, whether for a home upgrade, business, or a getaway, get the extra cash you need! Convert the available limit on your RCBC card ending in 3000 to RCBC InstaCash. Access up to P1,141,000 and pay P26,391.94/mo. at a low add-on rate of 0.62%/mo for up to 60 mos. To avail, go to the RCBC Credit website, search Promo ID: RRN, and use code AWLU40QQUT. Offer exclusive to web applications until Mar. 31, 2026. DTI245989S26.",approved_template_candidate,0.92,high quality; clear service-like template. Derived from approved manual ham.
service_ham_template_00036,banking,Unknown,"Make it a summer to remember, JOCELYN ANNE! Get as much as <AMOUNT> when you convert your unused limit to RCBC InstaCash on your Card ending in <ACCT> & pay <AMOUNT>/mo. at an add-on rate of only 0.62%/mo. for up to 60 mos. Visit the RCBC Credit website, search Promo ID: RRN, and use code A28YUHYOSQ. Offer exclusive to web applications until <DATE_TIME>, <OTP>. DTI245989S26","[""AMOUNT"", ""DATE_TIME"", ""OTP""]",manual_ham_final_000054,"Make it a summer to remember, JOCELYN ANNE! Get as much as P1,132,000 when you convert your unused limit to RCBC InstaCash on your Card ending in 3000 & pay P26,174.26/mo. at an add-on rate of only 0.62%/mo. for up to 60 mos. Visit the RCBC Credit website, search Promo ID: RRN, and use code A28YUHYOSQ. Offer exclusive to web applications until May 10, 2026. DTI245989S26",approved_template_candidate,0.92,high quality; clear service-like template. Derived from approved manual ham.
service_ham_template_00037,banking,Unknown,"Make the most of this offer until Mar. 31, JOCELYN ANNE! Get up to <AMOUNT> when you convert your available limit on your card ending in <ACCT> to RCBC InstaCash. Pay as low as <AMOUNT>/mo. at a low add- on rate of 0.62%/mo for up to 60 mos. Go to the RCBC Credit website, search Promo ID: RRN, and use code AWLU40QQUT to avail. Offer is exclusive to applications via the RCBC Credit website. DTI245989S26","[""AMOUNT""]",manual_ham_final_000082,"Make the most of this offer until Mar. 31, JOCELYN ANNE! Get up to P1,141,000 when you convert your available limit on your card ending in 3000 to RCBC InstaCash. Pay as low as P26,391.94/mo. at a low add- on rate of 0.62%/mo for up to 60 mos. Go to the RCBC Credit website, search Promo ID: RRN, and use code AWLU40QQUT to avail. Offer is exclusive to applications via the RCBC Credit website. DTI245989S26",approved_template_candidate,0.92,high quality; clear service-like template. Derived from approved manual ham.
service_ham_template_00038,banking,Unknown,"Mother's Day is sweeter w/ your RCBC Premium Credit Card! Enjoy a special gift at Paper Moon Café for purchases until Apr. 30! Get 3 Hokkaido Cupcakes for a <AMOUNT> spend or a Small Original Mille Crepe for a <AMOUNT> spend. Redeem from <DATE_TIME> at any store. Details at the RCBC Credit site, search MDPM. DT1I251767S26","[""AMOUNT"", ""DATE_TIME""]",manual_ham_final_000070,"Mother's Day is sweeter w/ your RCBC Premium Credit Card! Enjoy a special gift at Paper Moon Café for purchases until Apr. 30! Get 3 Hokkaido Cupcakes for a P2,000 spend or a Small Original Mille Crepe for a P5,000 spend. Redeem from May 7-10 at any store. Details at the RCBC Credit site, search MDPM. DT1I251767S26",approved_template_candidate,0.92,high quality; clear service-like template. Derived from approved manual ham.
service_ham_template_00039,banking,Unknown,Payment of <AMOUNT> made to Card end 3000 was posted on 03/16.,"[""AMOUNT""]",manual_ham_final_000086,"Payment of Php1,200.00 made to Card end 3000 was posted on 03/16.",approved_template_candidate,0.92,high quality; clear service-like template. Derived from approved manual ham.
service_ham_template_00040,banking,Unknown,"Payment of Pho20,020.00 made to Card end 4017 was posted on 04/08.",[],manual_ham_final_000062,"Payment of Pho20,020.00 made to Card end 4017 was posted on 04/08.",approved_template_candidate,0.7,medium quality; clear category but few variable slots. Derived from approved manual ham.
service_ham_template_00041,banking,Unknown,"Pre-order the Samsung Galaxy S26 Series for as low as <AMOUNT>/mo. at 0% inst. for 24mos at select Samsung Experience/Premium stores! Bundle with Galaxy Buds4 & get 10% OFF the Buds. Offer valid until <DATE_TIME>, for a min. spend of <AMOUNT>. T&Cs apply. Details at the RCBC Credit website & search: SAMS26SP. D250155S26","[""AMOUNT"", ""DATE_TIME""]",manual_ham_final_000096,"Pre-order the Samsung Galaxy S26 Series for as low as P2,166.25/mo. at 0% inst. for 24mos at select Samsung Experience/Premium stores! Bundle with Galaxy Buds4 & get 10% OFF the Buds. Offer valid until Mar 8, for a min. spend of P40,000. T&Cs apply. Details at the RCBC Credit website & search: SAMS26SP. D250155S26",approved_template_candidate,0.92,high quality; clear service-like template. Derived from approved manual ham.
service_ham_template_00042,banking,Unknown,"Promo extended! Get Diamond Indulgence Annual Membership for <AMOUNT> (from <AMOUNT>) with your RCBC Premium Credit Card. Enjoy a free night stay, up to 50% off dining, and more at Diamond Hotel. Offer now valid until <DATE_TIME>, 2026. Call <PHONE> or search DHPINDUL on the RCBC Credit Website. DTI246122S26.","[""AMOUNT"", ""DATE_TIME""]",manual_ham_final_000064,"Promo extended! Get Diamond Indulgence Annual Membership for P8,710.40 (from P10,888) with your RCBC Premium Credit Card. Enjoy a free night stay, up to 50% off dining, and more at Diamond Hotel. Offer now valid until June 30, 2026. Call 0253105741 or search DHPINDUL on the RCBC Credit Website. DTI246122S26.",approved_template_candidate,0.92,high quality; clear service-like template. Derived from approved manual ham.
service_ham_template_00043,banking,Unknown,"REMINDER: We will have a scheduled system upgrade on <DATE_TIME> (SUN), from <DATE_TIME> to <DATE_TIME>. Our debit cards, online channels, and other services, will be temporarily unavailable. Please plan ahead. Visit our social media pages for updates. For concerns, call at (<PHONE>. Thank you.","[""DATE_TIME""]",manual_ham_final_000023,"REMINDER: We will have a scheduled system upgrade on October 12 (SUN), from 2:00AM to 2:00PM. Our debit cards, online channels, and other services, will be temporarily unavailable. Please plan ahead. Visit our social media pages for updates. For concerns, call at (02)87000700. Thank you.",approved_template_candidate,0.92,high quality; clear service-like template. Derived from approved manual ham.
service_ham_template_00044,banking,Unknown,"Race to Monza with your RCBC Visa Credit Card! Earn raffle entries for a minimum spend of <AMOUNT> from <DATE_TIME>-<DATE_TIME> fora chance to win a Race Experience for 2, plus watch party access. For more info and to register, search VCARB on the RCBC Credit website. DTI#247198","[""AMOUNT"", ""DATE_TIME""]",manual_ham_final_000068,"Race to Monza with your RCBC Visa Credit Card! Earn raffle entries for a minimum spend of P1,000 from Apr 1-Jun 30 fora chance to win a Race Experience for 2, plus watch party access. For more info and to register, search VCARB on the RCBC Credit website. DTI#247198",approved_template_candidate,0.92,high quality; clear service-like template. Derived from approved manual ham.
service_ham_template_00045,banking,Unknown,"Ready for a getaway, JOCELYN ANNE? Whether it's a beach trip or a staycation, your RCBC Credit Card earns you more! Enjoy up to <AMOUNT> cashback on hotels, resorts, and stays. Valid until <DATE_TIME>, 2026. Register and see full details on the RCBC Credit website, search LTR5K T&Cs apply. DT1I251514","[""AMOUNT"", ""DATE_TIME""]",manual_ham_final_000087,"Ready for a getaway, JOCELYN ANNE? Whether it's a beach trip or a staycation, your RCBC Credit Card earns you more! Enjoy up to P5,000 cashback on hotels, resorts, and stays. Valid until May 31, 2026. Register and see full details on the RCBC Credit website, search LTR5K T&Cs apply. DT1I251514",approved_template_candidate,0.92,high quality; clear service-like template. Derived from approved manual ham.
service_ham_template_00046,banking,Unknown,"Ready for summer? Refresh your OOTDs at Zara, Bershka, Massimo Dutti, Oysho, Pull & Bear & Stradivarius! Get up to <AMOUNT> CASHBACK on straight or 0% installment spends using your RCBC Visa Credit Card from now until <DATE_TIME>! Visit the RCBC Credit Website & search CBFITS for full T&Cs. D249279S26","[""AMOUNT"", ""DATE_TIME""]",manual_ham_final_000081,"Ready for summer? Refresh your OOTDs at Zara, Bershka, Massimo Dutti, Oysho, Pull & Bear & Stradivarius! Get up to P5,000 CASHBACK on straight or 0% installment spends using your RCBC Visa Credit Card from now until May 31! Visit the RCBC Credit Website & search CBFITS for full T&Cs. D249279S26",approved_template_candidate,0.92,high quality; clear service-like template. Derived from approved manual ham.
service_ham_template_00047,banking,Unknown,"Stay cool this summer! Get up to <AMOUNT> OFF the SRP of select aircon models at 0% installment for up to 24 months, plus Buy Now, Pay Later using your RCBC Credit Card at Western Appliances. Promo valid until <DATE_TIME>, 2026. Visit the RCBC Credit Website & search: WESAPP26 for details. D252780S26","[""AMOUNT"", ""DATE_TIME""]",manual_ham_final_000052,"Stay cool this summer! Get up to PHP20,000 OFF the SRP of select aircon models at 0% installment for up to 24 months, plus Buy Now, Pay Later using your RCBC Credit Card at Western Appliances. Promo valid until May 31, 2026. Visit the RCBC Credit Website & search: WESAPP26 for details. D252780S26",approved_template_candidate,0.92,high quality; clear service-like template. Derived from approved manual ham.
service_ham_template_00048,banking,Unknown,"The new galaxy is here! Get the Samsung Galaxy S26 Series for as low as <AMOUNT>/mo. at 0% inst for 24mos w/ your RCBC Credit Card! Plus, bundle the Galaxy Buds4 to get 10% OFF your Buds. Offers, validity dates and partners vary. Visit the RCBC Credit website & search SAMS26L for details. T&Cs apply. D250155&251419S26","[""AMOUNT""]",manual_ham_final_000060,"The new galaxy is here! Get the Samsung Galaxy S26 Series for as low as P2,430.27/mo. at 0% inst for 24mos w/ your RCBC Credit Card! Plus, bundle the Galaxy Buds4 to get 10% OFF your Buds. Offers, validity dates and partners vary. Visit the RCBC Credit website & search SAMS26L for details. T&Cs apply. D250155&251419S26",approved_template_candidate,0.92,high quality; clear service-like template. Derived from approved manual ham.
service_ham_template_00049,banking,Unknown,"Thursday <DATE_TIME> As of 03/25, you have 6,182 Rewards Points (worth <AMOUNT>) on your Card ending in <ACCT>, JOCELYN ANNE! Redeem these for shopping vouchers or cash credit by calling (<PHONE>. Keep using your Landmark Anson's Credit Card to enjoy unlimited 3% REBATE at Landmark plus rewards points on all purchases. T&Cs apply.","[""AMOUNT"", ""DATE_TIME""]",manual_ham_final_000049,"Thursday 4:47 PM As of 03/25, you have 6,182 Rewards Points (worth Php 1,546) on your Card ending in 0003, JOCELYN ANNE! Redeem these for shopping vouchers or cash credit by calling (02)8888-1888. Keep using your Landmark Anson's Credit Card to enjoy unlimited 3% REBATE at Landmark plus rewards points on all purchases. T&Cs apply.",approved_template_candidate,0.92,high quality; clear service-like template. Derived from approved manual ham.
service_ham_template_00050,banking,Unknown,"To improve your experience, we will have a scheduled system upgrade on <DATE_TIME> (SUN), from <DATE_TIME> to <DATE_TIME>. Our debit cards, online channels, and other services, will be temporarily unavailable. Please plan ahead. Visit our social media pages for updates. For concerns, call (<PHONE>. Thank you.","[""DATE_TIME""]",manual_ham_final_000027,"To improve your experience, we will have a scheduled system upgrade on October 12 (SUN), from 2:00AM to 2:00PM. Our debit cards, online channels, and other services, will be temporarily unavailable. Please plan ahead. Visit our social media pages for updates. For concerns, call (02)87000700. Thank you.",approved_template_candidate,0.92,high quality; clear service-like template. Derived from approved manual ham.
service_ham_template_00051,banking,Unknown,Travel and spend without worries with your RCBC Premium Credit Card. Convert your spend abroad into Unli 0% for 3 mos. or up to 36 mos. Uni Installment via the RCBC Pulz App. Visit rcbccredit > Credit Cards > Benefits > Installment. T&Cs apply.,[],manual_ham_final_000090,Travel and spend without worries with your RCBC Premium Credit Card. Convert your spend abroad into Unli 0% for 3 mos. or up to 36 mos. Uni Installment via the RCBC Pulz App. Visit rcbccredit > Credit Cards > Benefits > Installment. T&Cs apply.,approved_template_candidate,0.7,medium quality; clear category but few variable slots. Derived from approved manual ham.
service_ham_template_00052,banking,Unknown,"Tuesday <DATE_TIME> Beat the summer heat & kickstart your adventures with up to <AMOUNT>, JOCELYN ANNE! Convert your available limit to RCBC InstaCash on your card ending in <ACCT> & pay only <AMOUNT>/mo. at a low add-on rate of 0.62%/mo. for up to 60 mos. To avail, go to the RCBC Credit website, search Promo ID: RRN, and use code A28YUHYOSQ. Offer exclusive to web applications until <DATE_TIME>, <OTP>. DT1245989S26","[""AMOUNT"", ""DATE_TIME"", ""OTP""]",manual_ham_final_000051,"Tuesday 6:07PM Beat the summer heat & kickstart your adventures with up to P1,132,000, JOCELYN ANNE! Convert your available limit to RCBC InstaCash on your card ending in 3000 & pay only P26,174.26/mo. at a low add-on rate of 0.62%/mo. for up to 60 mos. To avail, go to the RCBC Credit website, search Promo ID: RRN, and use code A28YUHYOSQ. Offer exclusive to web applications until May 10, 2026. DT1245989S26",approved_template_candidate,0.92,high quality; clear service-like template. Derived from approved manual ham.
service_ham_template_00053,banking,Unknown,"Unlock more possibilities this March, JOCELYN ANNE! Get extra cash when you convert your available limit on your card ending in <ACCT> to RCBC InstaCash! Access up to <AMOUNT> and pay as low as <AMOUNT>/mo. at only 0.62% monthly add-on rate for up to 60 mos. To avail, go to the RCBC Credit website, search Promo ID: RRN, and use code AWLU4OQQUT. Offer exclusive to web applications until Mar. 31, <OTP>. DTI245989S26","[""AMOUNT"", ""OTP""]",manual_ham_final_000093,"Unlock more possibilities this March, JOCELYN ANNE! Get extra cash when you convert your available limit on your card ending in 3000 to RCBC InstaCash! Access up to P1,141,000 and pay as low as P26,391.94/mo. at only 0.62% monthly add-on rate for up to 60 mos. To avail, go to the RCBC Credit website, search Promo ID: RRN, and use code AWLU4OQQUT. Offer exclusive to web applications until Mar. 31, 2026. DTI245989S26",approved_template_candidate,0.92,high quality; clear service-like template. Derived from approved manual ham.
service_ham_template_00054,banking,Unknown,"Upgrade to the Samsung Galaxy S26 Series with your RCBC Credit Card! Pre-order for as low as <AMOUNT>/mo. for 24mos at 0% inst + FREEBIES. Also, bundle with Galaxy Buds4 & get 10% OFF the Buds. Offers, validity dates and partners vary. T&Cs apply. Details at RCBC Credit website; search: SAMS26P. D250155&251419S26","[""AMOUNT""]",manual_ham_final_000092,"Upgrade to the Samsung Galaxy S26 Series with your RCBC Credit Card! Pre-order for as low as P2,264.97/mo. for 24mos at 0% inst + FREEBIES. Also, bundle with Galaxy Buds4 & get 10% OFF the Buds. Offers, validity dates and partners vary. T&Cs apply. Details at RCBC Credit website; search: SAMS26P. D250155&251419S26",approved_template_candidate,0.92,high quality; clear service-like template. Derived from approved manual ham.
service_ham_template_00055,banking,Unknown,"We'd like to remind you that the due date for your card ending in <ACCT> is on 04/06. Your minimum amount due Is <AMOUNT>. Your total statement balance is <AMOUNT>. If you have already paid prior to receiving this message, thank you for your payment.","[""AMOUNT""]",manual_ham_final_000066,"We'd like to remind you that the due date for your card ending in 4017 is on 04/06. Your minimum amount due Is Php601.00. Your total statement balance is Php20,017.04. If you have already paid prior to receiving this message, thank you for your payment.",approved_template_candidate,0.92,high quality; clear service-like template. Derived from approved manual ham.
service_ham_template_00056,banking,Unknown,"We'd like to remind you that the due date for your card ending in <ACCT> is on 04/13. Your minimum amount due is <AMOUNT>. Your total statement balance is <AMOUNT>. If you have already paid prior to receiving this message, thank you for your payment.","[""AMOUNT""]",manual_ham_final_000063,"We'd like to remind you that the due date for your card ending in 3000 is on 04/13. Your minimum amount due is Php1,305.00. Your total statement balance is Php43,500.10. If you have already paid prior to receiving this message, thank you for your payment.",approved_template_candidate,0.92,high quality; clear service-like template. Derived from approved manual ham.
service_ham_template_00057,banking,Unknown,"We'd like to remind you that the payment for your card ending in <ACCT> is due on 03/16. Your minimum amount due Is <AMOUNT>. Your statement balance is <AMOUNT>. If you have already paid prior to receiving this message, thank you for your payment.","[""AMOUNT""]",manual_ham_final_000088,"We'd like to remind you that the payment for your card ending in 3000 is due on 03/16. Your minimum amount due Is Php1,013.00. Your statement balance is Php33,760.80. If you have already paid prior to receiving this message, thank you for your payment.",approved_template_candidate,0.92,high quality; clear service-like template. Derived from approved manual ham.
service_ham_template_00058,banking,Unknown,"We'd like to remind you that the payment for your card ending in <ACCT> is due on 04/06. Your minimum amount due is <AMOUNT>. Your statement balance is <AMOUNT>. If you have already paid prior to receiving this message, thank you for your payment.","[""AMOUNT""]",manual_ham_final_000065,"We'd like to remind you that the payment for your card ending in 4017 is due on 04/06. Your minimum amount due is Php601.00. Your statement balance is Php20,017.04. If you have already paid prior to receiving this message, thank you for your payment.",approved_template_candidate,0.92,high quality; clear service-like template. Derived from approved manual ham.
service_ham_template_00059,banking,Unknown,"Win VIP tickets for two to see Laufey in Manila, thanks to Visa! Earn 1 entry per <AMOUNT> spend, OR be one of the 10 Top Spenders to win automatically! Valid on RCBC Visa Credit Card spend from <DATE_TIME>—<DATE_TIME>. Register at the RCBC Credit website. Search: LAUFEYRP / LAUFEYTS. T&C apply. DT252226S26","[""AMOUNT"", ""DATE_TIME""]",manual_ham_final_000084,"Win VIP tickets for two to see Laufey in Manila, thanks to Visa! Earn 1 entry per P1,000 spend, OR be one of the 10 Top Spenders to win automatically! Valid on RCBC Visa Credit Card spend from Mar 16—May 10. Register at the RCBC Credit website. Search: LAUFEYRP / LAUFEYTS. T&C apply. DT252226S26",approved_template_candidate,0.92,high quality; clear service-like template. Derived from approved manual ham.
service_ham_template_00060,banking,Unknown,"Your Apr-2026 Statement Balance for Card ending in <ACCT> is Php -2.96. Min. Amt Due is <AMOUNT>. To view your statement & do more with your RCBC Credit Card, download and register to the RCBC Pulz app.","[""AMOUNT""]",manual_ham_final_000061,"Your Apr-2026 Statement Balance for Card ending in 4017 is Php -2.96. Min. Amt Due is Php 0.00. To view your statement & do more with your RCBC Credit Card, download and register to the RCBC Pulz app.",approved_template_candidate,0.92,high quality; clear service-like template. Derived from approved manual ham.
service_ham_template_00061,banking,Unknown,"Your Apr-2026 Statement Balance for your Card ending in <ACCT> is <AMOUNT>. Min. Amt Due is <AMOUNT>. Due on 05/14. Pay conveniently online using your bank's digital banking website/app or e- wallets. To view your statement & do more with your RCBC Credit Card, download and register to the RCBC Pulz app.","[""AMOUNT""]",manual_ham_final_000053,"Your Apr-2026 Statement Balance for your Card ending in 3000 is Php 53,529.43. Min. Amt Due is Php 1,606.00. Due on 05/14. Pay conveniently online using your bank's digital banking website/app or e- wallets. To view your statement & do more with your RCBC Credit Card, download and register to the RCBC Pulz app.",approved_template_candidate,0.92,high quality; clear service-like template. Derived from approved manual ham.
service_ham_template_00062,banking,Unknown,"Your MCC card <ACCT> was used at CHECKOUT CARDS for <AMOUNT>. If you did not make this, call <ACCT> to avoid further unauthorized transactions.","[""AMOUNT""]",manual_ham_final_000106;manual_ham_final_000107,"Your MCC card 3166 was used at CHECKOUT CARDS for PHP 57330.00. If you did not make this, call 88700700 to avoid further unauthorized transactions.",approved_template_candidate,0.92,high quality; clear service-like template. Derived from approved manual ham.
service_ham_template_00063,banking,Unknown,"Your MCC card <ACCT> was used at GPTZERO, INC. for USD 23.99. If you did not make this, call <ACCT> to avoid further unauthorized transactions.",[],manual_ham_final_000117;manual_ham_final_000123,"Your MCC card 3166 was used at GPTZERO, INC. for USD 23.99. If you did not make this, call 88700700 to avoid further unauthorized transactions.",approved_template_candidate,0.7,medium quality; clear category but few variable slots. Derived from approved manual ham.
service_ham_template_00064,banking,Unknown,"Your MCC card <ACCT> was used at WALTER AI for USD 23.00. If you did not make this, call <ACCT> to avoid further unauthorized transactions.",[],manual_ham_final_000125,"Your MCC card 3166 was used at WALTER AI for USD 23.00. If you did not make this, call 88700700 to avoid further unauthorized transactions.",approved_template_candidate,0.7,medium quality; clear category but few variable slots. Derived from approved manual ham.
service_ham_template_00065,banking,Unknown,"Your Mar-2026 Statement Balance for your Card ending in <ACCT> is <AMOUNT>. Min. Amt Due is <AMOUNT>. Due on 04/13. Pay conveniently online using your bank's digital banking website/app or e- wallets. To view your statement & do more with your RCBC Credit Card, download and register to the RCBC Pulz app.","[""AMOUNT""]",manual_ham_final_000083,"Your Mar-2026 Statement Balance for your Card ending in 3000 is Php 43,500.10. Min. Amt Due is Php 1,305.00. Due on 04/13. Pay conveniently online using your bank's digital banking website/app or e- wallets. To view your statement & do more with your RCBC Credit Card, download and register to the RCBC Pulz app.",approved_template_candidate,0.92,high quality; clear service-like template. Derived from approved manual ham.
service_ham_template_00066,banking,Unknown,Your P5k SM Gift Pass is waiting! Refer friends to apply for a credit card using your code ACO135 until 03/31/26. T&Cs apply DTI245534S2025 CCPD26-041,[],manual_ham_final_000115,Your P5k SM Gift Pass is waiting! Refer friends to apply for a credit card using your code ACO135 until 03/31/26. T&Cs apply DTI245534S2025 CCPD26-041,approved_template_candidate,0.7,medium quality; clear category but few variable slots. Derived from approved manual ham.
service_ham_template_00067,banking,Unknown,"Your RCBC InstaCash of up to <AMOUNT> is now ready, JOCELYN ANNE! Convert the credit limit of your card ending in <ACCT> for only 0.62% monthly add-on rate and pay just <AMOUNT>/mo. for up to 60 mos. Avail at the RCBC Credit website now: Search Promo ID: RRN & use code A28YUHYOSQ. Web-exclusive offer until <DATE_TIME>, <OTP>. DTI245989S26","[""AMOUNT"", ""DATE_TIME"", ""OTP""]",manual_ham_final_000057,"Your RCBC InstaCash of up to P1,132,000 is now ready, JOCELYN ANNE! Convert the credit limit of your card ending in 3000 for only 0.62% monthly add-on rate and pay just P26,174.26/mo. for up to 60 mos. Avail at the RCBC Credit website now: Search Promo ID: RRN & use code A28YUHYOSQ. Web-exclusive offer until May 10, 2026. DTI245989S26",approved_template_candidate,0.92,high quality; clear service-like template. Derived from approved manual ham.
service_ham_template_00068,banking,Unknown,"Your supplementary, BOBBY A BARCE with Card ending in <REF_NUM> has spent <AMOUNT> at Pru Life of U.K. on 03/16 <DATE_TIME>. If you have concerns, call <PHONE>","[""AMOUNT"", ""DATE_TIME"", ""REF_NUM""]",manual_ham_final_000089,"Your supplementary, BOBBY A BARCE with Card ending in XXXx3109 has spent PHP10000.00 at Pru Life of U.K. on 03/16 5:30AM. If you have concerns, call 0288881883",approved_template_candidate,0.92,high quality; clear service-like template. Derived from approved manual ham.
service_ham_template_00069,banking,Unknown,the RCBC Credit website.,[],manual_ham_final_000078,the RCBC Credit website.,approved_template_candidate,0.7,medium quality; clear category but few variable slots. Derived from approved manual ham.
service_ham_template_00070,delivery,Lazada,Get extra 10% OFF (up to <AMOUNT>) at the <BRAND> Birthday,"[""AMOUNT"", ""BRAND""]",manual_ham_final_000071,Get extra 10% OFF (up to P600) at the Lazada Birthday,approved_template_candidate,0.92,high quality; clear service-like template. Derived from approved manual ham.
service_ham_template_00071,delivery,Lazada,vouchers bundles on <BRAND>! Visit <BRAND> PH's official,"[""BRAND""]",manual_ham_final_000161,vouchers bundles on Lazada! Visit Grab PH's official,approved_template_candidate,0.92,high quality; clear service-like template. Derived from approved manual ham.
service_ham_template_00072,delivery,Unknown,"<BRAND> DELIVERY! TN: <PHONE>, Rider: THRIX PUAL A TAN. Your COD amount is 308.79. You can pay by cash or conveniently online when the rider arrives. Please note that a photo proof of delivery is required. Thank you for choosing <BRAND> Philippines! Stay safe and have a great day ahead.","[""BRAND""]",manual_ham_final_000044,"J&T DELIVERY! TN: 820140287017, Rider: THRIX PUAL A TAN. Your COD amount is 308.79. You can pay by cash or conveniently online when the rider arrives. Please note that a photo proof of delivery is required. Thank you for choosing J&T Express Philippines! Stay safe and have a great day ahead.",approved_template_candidate,0.92,high quality; clear service-like template. Derived from approved manual ham.
service_ham_template_00073,delivery,Unknown,"<BRAND> DELIVERY! TN: JT<ACCT> Rider: THRIX PUAL A TAN, | have try calling your number but no one answers, kindly call me back when you are available. For further concern, you may call (<PHONE>. Thanks and be Safe!","[""BRAND""]",manual_ham_final_000042,"J&T DELIVERY! TN: JT0016817423022 Rider: THRIX PUAL A TAN, | have try calling your number but no one answers, kindly call me back when you are available. For further concern, you may call (02)8911-1888. Thanks and be Safe!",approved_template_candidate,0.92,high quality; clear service-like template. Derived from approved manual ham.
service_ham_template_00074,delivery,Unknown,"<BRAND> DELIVERY! TN: JT<ACCT>, Rider: THRIX PUAL A TAN. Your COD amount is 669.00. You can pay by cash or conveniently online when the rider arrives. Please note that a photo proof of delivery is required. Thank you for choosing <BRAND> Philippines! Stay safe and have a great day ahead.","[""BRAND""]",manual_ham_final_000045,"J&T DELIVERY! TN: JT0013829748551, Rider: THRIX PUAL A TAN. Your COD amount is 669.00. You can pay by cash or conveniently online when the rider arrives. Please note that a photo proof of delivery is required. Thank you for choosing J&T Express Philippines! Stay safe and have a great day ahead.",approved_template_candidate,0.92,high quality; clear service-like template. Derived from approved manual ham.
service_ham_template_00075,delivery,Unknown,"<BRAND> DELIVERY! TN: JT<ACCT>, Rider: THRIX PUAL A TAN. Your COD amount is 879.00. You can pay by cash or conveniently online when the rider arrives. Please note that a photo proof of delivery is required. Thank you for choosing <BRAND> Philippines! Stay safe and have a great day ahead.","[""BRAND""]",manual_ham_final_000046,"J&T DELIVERY! TN: JT0013624686688, Rider: THRIX PUAL A TAN. Your COD amount is 879.00. You can pay by cash or conveniently online when the rider arrives. Please note that a photo proof of delivery is required. Thank you for choosing J&T Express Philippines! Stay safe and have a great day ahead.",approved_template_candidate,0.92,high quality; clear service-like template. Derived from approved manual ham.
service_ham_template_00076,delivery,Unknown,"<BRAND> DELIVERY! TN: JT<ACCT>, Rider: THRIX PUAL A TAN. Your COD amount ts 835.00. You can pay by cash or conveniently online when the rider arrives. Please note that a photo proof of delivery is required. Thank you for choosing <BRAND> Philippines! Stay safe and have a great day ahead.","[""BRAND""]",manual_ham_final_000041,"J&T DELIVERY! TN: JT0016817423022, Rider: THRIX PUAL A TAN. Your COD amount ts 835.00. You can pay by cash or conveniently online when the rider arrives. Please note that a photo proof of delivery is required. Thank you for choosing J&T Express Philippines! Stay safe and have a great day ahead.",approved_template_candidate,0.92,high quality; clear service-like template. Derived from approved manual ham.
service_ham_template_00077,delivery,Unknown,Hi Ka-<BRAND>! We will deliver your shipment <DATE_TIME>. Provide authorization & ID if not around. Photo may be taken as proof of delivery. Thanks,"[""BRAND"", ""DATE_TIME""]",manual_ham_final_000198,Hi Ka-LBC! We will deliver your shipment 174260568789 today. Provide authorization & ID if not around. Photo may be taken as proof of delivery. Thanks,approved_template_candidate,0.92,high quality; clear service-like template. Derived from approved manual ham.
service_ham_template_00078,delivery,Unknown,Hi Ka-<BRAND>! Your shipment <PHONE> was received by ZABALA RALF CEDRIC TRIPOLI on 10-02-2026. Thanks,"[""BRAND""]",manual_ham_final_000199,Hi Ka-LBC! Your shipment 174260568789 was received by ZABALA RALF CEDRIC TRIPOLI on 10-02-2026. Thanks,approved_template_candidate,0.92,high quality; clear service-like template. Derived from approved manual ham.
service_ham_template_00079,delivery,Unknown,"Wednesday <BRAND>DELIVERY! TN: JT<ACCT>, Rider: THRIX PUAL A TAN. Your COD amount is 999.00. You can pay by cash or conveniently online when the rider arrives. Please note that a photo proof of delivery is required. Thank you for choosing <BRAND> Philippines! Stay safe and have a great day ahead.","[""BRAND"", ""DATE_TIME""]",manual_ham_final_000043,"Wednesday 1:05PM J&T DELIVERY! TN: JT0016681548778, Rider: THRIX PUAL A TAN. Your COD amount is 999.00. You can pay by cash or conveniently online when the rider arrives. Please note that a photo proof of delivery is required. Thank you for choosing J&T Express Philippines! Stay safe and have a great day ahead.",approved_template_candidate,0.92,high quality; clear service-like template. Derived from approved manual ham.
service_ham_template_00080,ewallet,Maya,<DATE_TIME> at <DATE_TIME> Easy 10% cashback with <BRAND>! Just use <BRAND> in stores or when shopping online in the next 7 days. Check your <BRAND> Messages now to know more!,"[""BRAND"", ""DATE_TIME""]",manual_ham_final_000039,27 Jan 2024 at 11:59AM Easy 10% cashback with Maya! Just use Maya in stores or when shopping online in the next 7 days. Check your Maya Messages now to know more!,approved_template_candidate,0.92,high quality; clear service-like template. Derived from approved manual ham.
service_ham_template_00081,ewallet,Maya,"MayaRewards ) Nice! You received a <AMOUNT> voucher from <BRAND>. Use It for your load, bills, shopping, and more. Tap 'Vouchers' on the app to claim your gift before it expires!","[""AMOUNT"", ""BRAND""]",manual_ham_final_000035,"MayaRewards ) Nice! You received a P20 voucher from Maya. Use It for your load, bills, shopping, and more. Tap 'Vouchers' on the app to claim your gift before it expires!",approved_template_candidate,0.92,high quality; clear service-like template. Derived from approved manual ham.
service_ham_template_00082,ewallet,Maya,"Nice! You received a <AMOUNT> voucher from <BRAND>. Use it for your load, bills, shopping, and more. Tap 'Vouchers' on the app to claim your gift before it expires!","[""AMOUNT"", ""BRAND""]",manual_ham_final_000036,"Nice! You received a P20 voucher from Maya. Use it for your load, bills, shopping, and more. Tap 'Vouchers' on the app to claim your gift before it expires!",approved_template_candidate,0.92,high quality; clear service-like template. Derived from approved manual ham.
service_ham_template_00083,ewallet,Maya,"Nice! You received a <AMOUNT> voucher from <BRAND>. Use it for your load, bills, shopping, and more. Tap 'Vouchers' on the app to claim your gift before it expires! Nice! You received a <AMOUNT> voucher from <BRAND>. Use it for your load, bills, shopping, and more. Tap 'Vouchers' on the app to claim your gift before it expires!","[""AMOUNT"", ""BRAND""]",manual_ham_final_000037,"Nice! You received a P20 voucher from Maya. Use it for your load, bills, shopping, and more. Tap 'Vouchers' on the app to claim your gift before it expires! Nice! You received a P20 voucher from Maya. Use it for your load, bills, shopping, and more. Tap 'Vouchers' on the app to claim your gift before it expires!",approved_template_candidate,0.92,high quality; clear service-like template. Derived from approved manual ham.
service_ham_template_00084,otp_verification,BPI,"<BRAND>] #MagingListoHuwagMagpaloko: Your One-Time PIN is <OTP>. Enter this code to confirm your login to <BRAND> on your browser. If you did not make this login request, change your password or call the hotline immediately.","[""BRAND""]",manual_ham_final_000310,"BPI] #MagingListoHuwagMagpaloko: Your One-Time PIN is 510833. Enter this code to confirm your login to BPI on your browser. If you did not make this login request, change your password or call the hotline immediately.",approved_template_candidate,0.92,high quality; clear service-like template. Derived from approved manual ham.
service_ham_template_00085,otp_verification,BPI,<BRAND>] DO NOT SHARE: Use your SECRET one-time PIN <OTP> to activate <BRAND> Mobile Key on your SM-S918B.,"[""BRAND""]",manual_ham_final_000311,BPI] DO NOT SHARE: Use your SECRET one-time PIN 596966 to activate BPI Mobile Key on your SM-S918B.,approved_template_candidate,0.92,high quality; clear service-like template. Derived from approved manual ham.
service_ham_template_00086,otp_verification,BPI,<BRAND>] DO NOT SHARE: Use your SECRET one-time PIN <OTP> to activate <BRAND> Mobile Key on your SM-S938B.,"[""BRAND""]",manual_ham_final_000312;manual_ham_final_000314,BPI] DO NOT SHARE: Use your SECRET one-time PIN 257236 to activate BPI Mobile Key on your SM-S938B.,approved_template_candidate,0.92,high quality; clear service-like template. Derived from approved manual ham.
service_ham_template_00087,otp_verification,BPI,<BRAND>] DO NOT SHARE: Use your SECRET one-time PIN password <OTP> to reset your password in <BRAND> online.,"[""BRAND""]",manual_ham_final_000313,BPI] DO NOT SHARE: Use your SECRET one-time PIN password 166728 to reset your password in BPI online.,approved_template_candidate,0.92,high quality; clear service-like template. Derived from approved manual ham.
service_ham_template_00088,otp_verification,BPI,"Got a call from an unknown number about your bank account? Stay cautious. Scammers may pretend to be legitimate and ask for sensitive details. If the call feels urgent or suspicious, end it and verify through official channels. Remember: <BRAND> will never ask for your OTP, PIN, passwords, or personal information through messages or calls. <BRAND> will not instruct you to transfer funds for any account issue. If someone claims there is ""unusual activity"" and asks for your details or money, stop immediately. When in doubt, contact the <BRAND> 24/7 Contact Center: (<PHONE>","[""BRAND""]",manual_ham_final_000019,"Got a call from an unknown number about your bank account? Stay cautious. Scammers may pretend to be legitimate and ask for sensitive details. If the call feels urgent or suspicious, end it and verify through official channels. Remember: BPI will never ask for your OTP, PIN, passwords, or personal information through messages or calls. BPI will not instruct you to transfer funds for any account issue. If someone claims there is ""unusual activity"" and asks for your details or money, stop immediately. When in doubt, contact the BPI 24/7 Contact Center: (+632) 889-10000",approved_template_candidate,0.92,high quality; clear service-like template. Derived from approved manual ham.
service_ham_template_00089,otp_verification,Google,G-<OTP> is your Google verification code. Don't share your code with anyone.,"[""OTP""]",manual_ham_final_000135,G-304679 is your Google verification code. Don't share your code with anyone.,approved_template_candidate,0.92,high quality; clear service-like template. Derived from approved manual ham.
service_ham_template_00090,otp_verification,Metrobank,"Going to Japan? Power up your concert experience with your <BRAND> credit card. EARN <AMOUNT> CASHBACK with <BRAND>'s Cashback Pass when you spend at least <AMOUNT> in Japan. Valid for card-present transactions made in Japan with currency code of JPY from <DATE_TIME> to 20, <OTP> only. Register now! Download the <BRAND> App, click ""Promos"" before logging in, and search for ""<AMOUNT> CASHBACK on your Japan Spends"" to know more. Quick Tip! When travelling abroad or shopping overseas online stores, always choose to pay in non-PHP currency to enjoy better conversion rates and avoid extra fees. T&Cs apply. DTI250926S26. CCPD26-05/7.","[""AMOUNT"", ""BRAND"", ""DATE_TIME""]",manual_ham_final_000097,"Going to Japan? Power up your concert experience with your Metrobank credit card. EARN P500 CASHBACK with Metrobank's Cashback Pass when you spend at least P50,000 in Japan. Valid for card-present transactions made in Japan with currency code of JPY from April 16 to 20, 2026 only. Register now! Download the Metrobank App, click ""Promos"" before logging in, and search for ""PHP 500 CASHBACK on your Japan Spends"" to know more. Quick Tip! When travelling abroad or shopping overseas online stores, always choose to pay in non-PHP currency to enjoy better conversion rates and avoid extra fees. T&Cs apply. DTI250926S26. CCPD26-05/7.",approved_template_candidate,0.92,high quality; clear service-like template. Derived from approved manual ham.
service_ham_template_00091,otp_verification,Metrobank,"Your referrals can earn you rewards! Get <AMOUNT> eGC for every successful referral when friends apply & get approved for their first <BRAND> credit card using your code ACO135. Promo runs until <DATE_TIME>, <OTP>. Visit our website for the application link & for T&Cs. DT1245534S2025 CCPD26-041","[""AMOUNT"", ""BRAND"", ""DATE_TIME""]",manual_ham_final_000099,"Your referrals can earn you rewards! Get P5,000 eGC for every successful referral when friends apply & get approved for their first Metrobank credit card using your code ACO135. Promo runs until Jun 30, 2026. Visit our website for the application link & for T&Cs. DT1245534S2025 CCPD26-041",approved_template_candidate,0.92,high quality; clear service-like template. Derived from approved manual ham.
service_ham_template_00092,otp_verification,Metrobank,"oat, Apr ti at 11-09 AM Your referrals can earn you rewards! Get <AMOUNT> eGC for every successful referral when friends apply & get approved for their first <BRAND> credit card using your code ACO135. Promo runs until <DATE_TIME>, <OTP>. Visit our website for the application link & for T&Cs. DT1245534S2025 CCPD26-041","[""AMOUNT"", ""BRAND"", ""DATE_TIME""]",manual_ham_final_000100,"oat, Apr ti at 11-09 AM Your referrals can earn you rewards! Get P5,000 eGC for every successful referral when friends apply & get approved for their first Metrobank credit card using your code ACO135. Promo runs until Jun 30, 2026. Visit our website for the application link & for T&Cs. DT1245534S2025 CCPD26-041",approved_template_candidate,0.92,high quality; clear service-like template. Derived from approved manual ham.
service_ham_template_00093,otp_verification,Microsoft,Use verification code <OTP> for <BRAND> authentication.,"[""BRAND""]",manual_ham_final_000132;manual_ham_final_000133;manual_ham_final_000134;manual_ham_final_000201;manual_ham_final_000202;manual_ham_final_000203;manual_ham_final_000204;manual_ham_final_000205;manual_ham_final_000206;manual_ham_final_000207;manual_ham_final_000208;manual_ham_final_000209;manual_ham_final_000210;manual_ham_final_000211;manual_ham_final_000212;manual_ham_final_000213;manual_ham_final_000214;manual_ham_final_000215;manual_ham_final_000216;manual_ham_final_000217;manual_ham_final_000219;manual_ham_final_000220;manual_ham_final_000221;manual_ham_final_000222;manual_ham_final_000224;manual_ham_final_000225;manual_ham_final_000227;manual_ham_final_000228;manual_ham_final_000229;manual_ham_final_000230;manual_ham_final_000231;manual_ham_final_000232;manual_ham_final_000234;manual_ham_final_000235;manual_ham_final_000237;manual_ham_final_000238;manual_ham_final_000240;manual_ham_final_000241;manual_ham_final_000242;manual_ham_final_000243;manual_ham_final_000245;manual_ham_final_000246;manual_ham_final_000247;manual_ham_final_000248;manual_ham_final_000249;manual_ham_final_000250;manual_ham_final_000251;manual_ham_final_000252;manual_ham_final_000253;manual_ham_final_000254;manual_ham_final_000255;manual_ham_final_000256;manual_ham_final_000257;manual_ham_final_000258;manual_ham_final_000259;manual_ham_final_000261;manual_ham_final_000262;manual_ham_final_000263;manual_ham_final_000264;manual_ham_final_000265;manual_ham_final_000267;manual_ham_final_000268;manual_ham_final_000269,Use verification code 367518 for Microsoft authentication.,approved_template_candidate,0.92,high quality; clear service-like template. Derived from approved manual ham.
service_ham_template_00094,otp_verification,Microsoft,Use verification code <OTP> for <BRAND> authentication. Use verification code <OTP> for <BRAND> authentication.,"[""BRAND""]",manual_ham_final_000200;manual_ham_final_000218;manual_ham_final_000223;manual_ham_final_000226;manual_ham_final_000233;manual_ham_final_000236;manual_ham_final_000239;manual_ham_final_000244;manual_ham_final_000260;manual_ham_final_000266,Use verification code 889469 for Microsoft authentication. Use verification code 247616 for Microsoft authentication.,approved_template_candidate,0.92,high quality; clear service-like template. Derived from approved manual ham.
service_ham_template_00095,otp_verification,Microsoft,Use verification code <OTP> for <BRAND> authentication. Use verification code <OTP> for <BRAND> authentication. Use verification code <OTP> for <BRAND> authentication.,"[""BRAND""]",manual_ham_final_000270,Use verification code 531530 for Microsoft authentication. Use verification code 915596 for Microsoft authentication. Use verification code 367178 for Microsoft authentication.,approved_template_candidate,0.92,high quality; clear service-like template. Derived from approved manual ham.
service_ham_template_00096,otp_verification,TikTok,#][<BRAND>] <OTP> is your verification code DaewVIZQ+ns,"[""BRAND"", ""OTP""]",manual_ham_final_000197,#][TikTok] 262314 is your verification code DaewVIZQ+ns,approved_template_candidate,0.92,high quality; clear service-like template. Derived from approved manual ham.
service_ham_template_00097,otp_verification,Unknown,Ready to earn? Get P5k SM Gift Pass when friends apply for a credit card using your code ACO135 until 03/31/<OTP>. T&Cs apply DTI245534S2025 CCPD26-041,[],manual_ham_final_000116,Ready to earn? Get P5k SM Gift Pass when friends apply for a credit card using your code ACO135 until 03/31/2026. T&Cs apply DTI245534S2025 CCPD26-041,approved_template_candidate,0.7,medium quality; clear category but few variable slots. Derived from approved manual ham.
service_ham_template_00098,otp_verification,Unknown,Your Authy verification code is: <OTP>,[],manual_ham_final_000164;manual_ham_final_000165,Your Authy verification code is: 976151,approved_template_candidate,0.7,medium quality; clear category but few variable slots. Derived from approved manual ham.
service_ham_template_00099,otp_verification,Unknown,Your Claude verification code is: <OTP>,[],manual_ham_final_000194;manual_ham_final_000195,Your Claude verification code is: 342073,approved_template_candidate,0.7,medium quality; clear category but few variable slots. Derived from approved manual ham.
service_ham_template_00100,otp_verification,Unknown,Your Claude verification code is: <OTP> Your Claude verification code is: <OTP> Your Claude verification code is: <OTP> Your Claude verification code is: <OTP> a Unread KK,[],manual_ham_final_000193,Your Claude verification code is: 213806 Your Claude verification code is: 213806 Your Claude verification code is: 754611 Your Claude verification code is: 213806 a Unread KK,approved_template_candidate,0.7,medium quality; clear category but few variable slots. Derived from approved manual ham.
service_ham_template_00101,otp_verification,Unknown,Your Discord security code is: <OTP> tzD9jJY28Wrn,[],manual_ham_final_000191;manual_ham_final_000192,Your Discord security code is: 559242 tzD9jJY28Wrn,approved_template_candidate,0.7,medium quality; clear category but few variable slots. Derived from approved manual ham.
service_ham_template_00102,otp_verification,Unknown,Your Indeed verification code is: <OTP>,[],manual_ham_final_000196,Your Indeed verification code is: 858364,approved_template_candidate,0.7,medium quality; clear category but few variable slots. Derived from approved manual ham.
service_ham_template_00103,otp_verification,Unknown,Your Now Serving OTP Code is <OTP>,[],manual_ham_final_000033,Your Now Serving OTP Code is 473542,approved_template_candidate,0.7,medium quality; clear category but few variable slots. Derived from approved manual ham.
service_ham_template_00104,payment_confirmation,Unknown,"Make every full tank count - for you and your friends! Refer them to apply for the new Toyota Platinum Mastercard and enjoy 3% rebate on ALL fuel brands, discounts on Toyota services and more. Use your code ACO135 & earn <AMOUNT> eGCs per successful referral. Promo runs until <DATE_TIME>, 2026. Visit our website for more information. DTI245534S2025 CCPD26-041","[""AMOUNT"", ""DATE_TIME""]",manual_ham_final_000108,"Make every full tank count - for you and your friends! Refer them to apply for the new Toyota Platinum Mastercard and enjoy 3% rebate on ALL fuel brands, discounts on Toyota services and more. Use your code ACO135 & earn P5,000 eGCs per successful referral. Promo runs until Mar 31, 2026. Visit our website for more information. DTI245534S2025 CCPD26-041",approved_template_candidate,0.78,medium quality; legitimate service-like template. Derived from approved manual ham.
service_ham_template_00105,promo_legitimate,Unknown,<AMOUNT>. Discount auto-applied,"[""AMOUNT""]",manual_ham_final_000075,"P5,000. Discount auto-applied",approved_template_candidate,0.78,medium quality; legitimate service-like template. Derived from approved manual ham.
service_ham_template_00106,promo_legitimate,Unknown,"Bakit next time pa, eh mas mabilis na ngayon mag-book sa GrabCar?! Alam namin nagtitipid ka, kaya book with GrabCar Saver for 15% cheaper rides & use code NEXTTIMENALANG to enjoy 25% OFF your ride! Min fare <AMOUNT>, max discount <AMOUNT>.","[""AMOUNT""]",manual_ham_final_000141,"Bakit next time pa, eh mas mabilis na ngayon mag-book sa GrabCar?! Alam namin nagtitipid ka, kaya book with GrabCar Saver for 15% cheaper rides & use code NEXTTIMENALANG to enjoy 25% OFF your ride! Min fare P200, max discount P100.",approved_template_candidate,0.78,medium quality; legitimate service-like template. Derived from approved manual ham.
service_ham_template_00107,promo_legitimate,Unknown,"Bawal na i-dahilan si Bantay, kasi may bantay naman talaga siya! Mag-book na ng GrabCar Saver for 15% cheaper fares + <DATE_TIME>% OFF ka pa when you use code WALANGBANTAYSIBANTAY. Max discount of <AMOUNT>, min fare of <AMOUNT>.","[""AMOUNT"", ""DATE_TIME""]",manual_ham_final_000137,"Bawal na i-dahilan si Bantay, kasi may bantay naman talaga siya! Mag-book na ng GrabCar Saver for 15% cheaper fares + may 25% OFF ka pa when you use code WALANGBANTAYSIBANTAY. Max discount of P100, min fare of P200.",approved_template_candidate,0.78,medium quality; legitimate service-like template. Derived from approved manual ham.
service_ham_template_00108,promo_legitimate,Unknown,"Don't miss your 20% OFF Birthday Treat! Shop at PRIMER stores like Bratpack, GRIND, ResToeRun, R.O.X. The Travel Club & more. Treat yourself with premium products from Birkenstock, Hellolulu, Hydro Flask, Montbell, Native, Delsey, Keen & more. Hurry, this promo runs until Sept. 30, 2025. T&Cs apply.",[],manual_ham_final_000175,"Don't miss your 20% OFF Birthday Treat! Shop at PRIMER stores like Bratpack, GRIND, ResToeRun, R.O.X. The Travel Club & more. Treat yourself with premium products from Birkenstock, Hellolulu, Hydro Flask, Montbell, Native, Delsey, Keen & more. Hurry, this promo runs until Sept. 30, 2025. T&Cs apply.",approved_template_candidate,0.78,medium quality; legitimate service-like template. Derived from approved manual ham.
service_ham_template_00109,promo_legitimate,Unknown,"Hey <NAME>! Celebrate your birthday month with 20% OFF at PRIMER stores like Bratpack, GRIND, ResToeRun, R.O.X., The Travel Club & more! Treat yourself to top picks from Birkenstock, Montbell, Hellolulu, Hydro Flask, Keen, Delsey & more. This promo ends Sept. 30, 2025. T&Cs apply.",[],manual_ham_final_000174,"Hey September Star! Celebrate your birthday month with 20% OFF at PRIMER stores like Bratpack, GRIND, ResToeRun, R.O.X., The Travel Club & more! Treat yourself to top picks from Birkenstock, Montbell, Hellolulu, Hydro Flask, Keen, Delsey & more. This promo ends Sept. 30, 2025. T&Cs apply.",approved_template_candidate,0.78,medium quality; legitimate service-like template. Derived from approved manual ham.
service_ham_template_00110,promo_legitimate,Unknown,"Hindi mo na kailangan bumawi, mas mabilis na kasi mag-book with GrabCar! Mas pinatipid pa ang ride when you book GrabCar Saver for up to 15% cheaper rides with code BAWIAKO to get additional 25% OFF. Min fare <AMOUNT>, max discount <AMOUNT>.","[""AMOUNT""]",manual_ham_final_000142,"Hindi mo na kailangan bumawi, mas mabilis na kasi mag-book with GrabCar! Mas pinatipid pa ang ride when you book GrabCar Saver for up to 15% cheaper rides with code BAWIAKO to get additional 25% OFF. Min fare P200, max discount P100.",approved_template_candidate,0.78,medium quality; legitimate service-like template. Derived from approved manual ham.
service_ham_template_00111,promo_legitimate,Unknown,"Lagi nang may budget para mag-book dahil rides are up to 15% cheaper na with GrabCar Saver! PLUS, <DATE_TIME>% OFF ka pa when you use code TIGHTBUDGETKO. Mas mabilis nang mag book, nakatipid ka pa! Min. fare <AMOUNT>, max discount <AMOUNT>.","[""AMOUNT"", ""DATE_TIME""]",manual_ham_final_000139,"Lagi nang may budget para mag-book dahil rides are up to 15% cheaper na with GrabCar Saver! PLUS, may 25% OFF ka pa when you use code TIGHTBUDGETKO. Mas mabilis nang mag book, nakatipid ka pa! Min. fare P200, max discount P100.",approved_template_candidate,0.78,medium quality; legitimate service-like template. Derived from approved manual ham.
service_ham_template_00112,promo_legitimate,Unknown,"Psst! 'Wag ka nang tamarin, <DATE_TIME> lang ‘to! Mag-GrabCar Saver na for 15% cheaper fares. Ayaw mo pa rin bumangon? Eto extra 25% OFF your ride with code TINATAMADAKO! Max discount of <AMOUNT>, min fare of <AMOUNT>.","[""AMOUNT"", ""DATE_TIME""]",manual_ham_final_000136,"Psst! 'Wag ka nang tamarin, TODAY lang ‘to! Mag-GrabCar Saver na for 15% cheaper fares. Ayaw mo pa rin bumangon? Eto extra 25% OFF your ride with code TINATAMADAKO! Max discount of P100, min fare of P200.",approved_template_candidate,0.78,medium quality; legitimate service-like template. Derived from approved manual ham.
service_ham_template_00113,promo_legitimate,Unknown,"Ready for Holy Week, JOCELYN ANNE? For every <AMOUNT> spent, earn 5X points on overseas purchases & 3X points on local online shopping with your RCBC Visa Infinite. Redeem your points for airmiles, shopping & dining vouchers, and more!","[""AMOUNT""]",manual_ham_final_000094,"Ready for Holy Week, JOCELYN ANNE? For every P30 spent, earn 5X points on overseas purchases & 3X points on local online shopping with your RCBC Visa Infinite. Redeem your points for airmiles, shopping & dining vouchers, and more!",approved_template_candidate,0.78,medium quality; legitimate service-like template. Derived from approved manual ham.
service_ham_template_00114,promo_legitimate,Unknown,"SUMMER DEAL ALERT! Get 20% OFF on Herschel, JanSport, Gregory, Hellolulu, Timbuk2 & Hedgren bags at Bratpack! Hurry, promo runs <DATE_TIME>, 2025 only! DT1I211890","[""DATE_TIME""]",manual_ham_final_000167,"SUMMER DEAL ALERT! Get 20% OFF on Herschel, JanSport, Gregory, Hellolulu, Timbuk2 & Hedgren bags at Bratpack! Hurry, promo runs Feb 24-28, 2025 only! DT1I211890",approved_template_candidate,0.78,medium quality; legitimate service-like template. Derived from approved manual ham.
service_ham_template_00115,promo_legitimate,Unknown,"Sayang naman ang 25% OFF GrabCar kung mag-papass ka! Huwag mo na palampasin ito! Book GrabCar Saver + use code PASSMUNAME. Nagmamadali? Mas mabilis na mag-book ngayon with GrabCar! Min. fare <AMOUNT>, max discount <AMOUNT>.","[""AMOUNT""]",manual_ham_final_000140,"Sayang naman ang 25% OFF GrabCar kung mag-papass ka! Huwag mo na palampasin ito! Book GrabCar Saver + use code PASSMUNAME. Nagmamadali? Mas mabilis na mag-book ngayon with GrabCar! Min. fare P200, max discount P100.",approved_template_candidate,0.78,medium quality; legitimate service-like template. Derived from approved manual ham.
service_ham_template_00116,promo_legitimate,Unknown,"Strict ba talaga parents mo? Baka kasi ‘di ka nag-GrabCar Saver para makatipid up to 15% on fares! PLUS use code STRICTPARENTSKO for extra 25% OFF your ride. Max discount of <AMOUNT>, min fare of <AMOUNT>.","[""AMOUNT""]",manual_ham_final_000138,"Strict ba talaga parents mo? Baka kasi ‘di ka nag-GrabCar Saver para makatipid up to 15% on fares! PLUS use code STRICTPARENTSKO for extra 25% OFF your ride. Max discount of P100, min fare of P200.",approved_template_candidate,0.78,medium quality; legitimate service-like template. Derived from approved manual ham.
service_ham_template_00117,promo_legitimate,Unknown,"Wednesday <DATE_TIME> Still dreaming of the F1 grid? Your RCBC Visa Infinite is your ticket! Every <AMOUNT> spend earns you an entry to win Monza Barcade watch party passes to Austria or Madrid. If you haven't registered, visit rcbccredit and search: FIVIVS. Promo runs until 08/31/26. DTI251184S 26.","[""AMOUNT"", ""DATE_TIME""]",manual_ham_final_000050,"Wednesday 5:44PM Still dreaming of the F1 grid? Your RCBC Visa Infinite is your ticket! Every P1,000 spend earns you an entry to win Monza Barcade watch party passes to Austria or Madrid. If you haven't registered, visit rcbccredit and search: FIVIVS. Promo runs until 08/31/26. DTI251184S 26.",approved_template_candidate,0.78,medium quality; legitimate service-like template. Derived from approved manual ham.
service_ham_template_00118,telecom,Globe,"Thank you for registering your SIM! You can now enjoy your FREE UNLI 5G 50. Enjoy UNLIMITED 5G data and 2GB for all sites. To check the status of your freebie, just text DATA BAL to 8080. Please be reminded that submission of false information is punishable by law. For more information, visit the SIM Registration FAQs on <BRAND>'s official website.","[""BRAND""]",manual_ham_final_000014,"Thank you for registering your SIM! You can now enjoy your FREE UNLI 5G 50. Enjoy UNLIMITED 5G data and 2GB for all sites. To check the status of your freebie, just text DATA BAL to 8080. Please be reminded that submission of false information is punishable by law. For more information, visit the SIM Registration FAQs on Globe's official website.",approved_template_candidate,0.92,high quality; clear service-like template. Derived from approved manual ham.
service_ham_template_00119,telecom,Globe,Welcome to <BRAND>! Make sure your eSIM is registered and compliant with the law to enjoy our services:,"[""BRAND""]",manual_ham_final_000006,Welcome to Globe! Make sure your eSIM is registered and compliant with the law to enjoy our services:,approved_template_candidate,0.92,high quality; clear service-like template. Derived from approved manual ham.
service_ham_template_00120,telecom,Globe,You can also register at the official <BRAND> SIM Registration website. REF#:FGWSNC1,"[""BRAND""]",manual_ham_final_000013,You can also register at the official Globe SIM Registration website. REF#:FGWSNC1,approved_template_candidate,0.92,high quality; clear service-like template. Derived from approved manual ham.
service_ham_template_00121,telecom,Grab,"<DATE_TIME> at <BRAND>a <AMOUNT> voucher now! Explore the app - load, save, invest, send money, pay bills, shop & more. Hurry before it expires!","[""AMOUNT"", ""BRAND"", ""DATE_TIME""]",manual_ham_final_000038,"21 Jan 2024 at 1:55PM Grab a P20 voucher now! Explore the app - load, save, invest, send money, pay bills, shop & more. Hurry before it expires!",approved_template_candidate,0.92,high quality; clear service-like template. Derived from approved manual ham.
service_ham_template_00122,telecom,Smart,1/2 <DATE_TIME>:01: <AMOUNT> loaded to <PHONE> from XXXXXXXXO0245 for 1 year. Ref:BCO6G541J6. Get MORE with PROMO LOAD in the <BRAND> App! 2/2 Get MORE Load for less with the all NEW PROMO LOAD! Buy <AMOUNT> and get a total of <AMOUNT> Load valid for 30 days. Get NOW at <URL> Cc Tap to load preview,"[""AMOUNT"", ""BRAND"", ""DATE_TIME""]",manual_ham_final_000275,1/2 24-Mar 17:01: P300 loaded to 09397250664 from XXXXXXXXO0245 for 1 year. Ref:BCO6G541J6. Get MORE with PROMO LOAD in the Smart App! 2/2 Get MORE Load for less with the all NEW PROMO LOAD! Buy P300 and get a total of P333 Load valid for 30 days. Get NOW at smrt.ph/SmartApp Cc Tap to load preview,approved_template_candidate,0.92,high quality; clear service-like template. Derived from approved manual ham.
service_ham_template_00123,telecom,Smart,1/2 <DATE_TIME>:02: <AMOUNT> loaded to <PHONE> from <REF_NUM> for 1 year. Ref:BIS9W8FBFD. Get MORE with PROMO LOAD in the <BRAND> App!,"[""AMOUNT"", ""BRAND"", ""DATE_TIME"", ""REF_NUM""]",manual_ham_final_000281,1/2 03-Sep 16:02: P200 loaded to 09397250664 from XXXXXXXX1336 for 1 year. Ref:BIS9W8FBFD. Get MORE with PROMO LOAD in the Smart App!,approved_template_candidate,0.92,high quality; clear service-like template. Derived from approved manual ham.
service_ham_template_00124,telecom,Smart,1/2 <DATE_TIME>:04: <AMOUNT> loaded to <PHONE> from <REF_NUM> for 1 year. Ref:BC63E9IT6R. Get MORE with PROMO LOAD in the <BRAND> App! 2/2 Get MORE Load for less with the all NEW PROMO LOAD! Buy <AMOUNT> and get a total of <AMOUNT> Load valid for 30 days. Get NOW at <URL>,"[""AMOUNT"", ""BRAND"", ""DATE_TIME"", ""REF_NUM""]",manual_ham_final_000274,1/2 06-Mar 14:04: P300 loaded to 09397250664 from XXXXXXXX7017 for 1 year. Ref:BC63E9IT6R. Get MORE with PROMO LOAD in the Smart App! 2/2 Get MORE Load for less with the all NEW PROMO LOAD! Buy P300 and get a total of P333 Load valid for 30 days. Get NOW at smrt.ph/SmartApp,approved_template_candidate,0.92,high quality; clear service-like template. Derived from approved manual ham.
service_ham_template_00125,telecom,Smart,"1/2 <DATE_TIME>:05: <AMOUNT> loaded to <PHONE> from <REF_NUM> for 1 year. Ref:;CHRIVEZPOR. Get MORE with PROMO LOAD in the <BRAND> App! 2/2 Stay always connected! Manage your subscriptions and check out the <BRAND> App for Bigger & Longer Data, No Expiry offers and MORE! <URL>","[""AMOUNT"", ""BRAND"", ""DATE_TIME"", ""REF_NUM""]",manual_ham_final_000299,"1/2 27-Aug 18:05: P300 loaded to 09397250664 from XXXXXXXX7438 for 1 year. Ref:;CHRIVEZPOR. Get MORE with PROMO LOAD in the Smart App! 2/2 Stay always connected! Manage your subscriptions and check out the Smart App for Bigger & Longer Data, No Expiry offers and MORE! smrt.oh/SmartApp",approved_template_candidate,0.92,high quality; clear service-like template. Derived from approved manual ham.
service_ham_template_00126,telecom,Smart,"1/2 <DATE_TIME>:05: <AMOUNT> loaded to <PHONE> from <REF_NUM> for 1 year. Ref:CF610F4VRP. Get MORE with PROMO LOAD in the <BRAND> App! 2/2 Stay always connected! Manage your subscriptions and check out the <BRAND> App for Bigger & Longer Data, No Expiry offers and MORE! <URL> C Tap to load preview","[""AMOUNT"", ""BRAND"", ""DATE_TIME"", ""REF_NUM""]",manual_ham_final_000296,"1/2 06-Jun 20:05: P200 loaded to 09397250664 from XXXXXXXX7438 for 1 year. Ref:CF610F4VRP. Get MORE with PROMO LOAD in the Smart App! 2/2 Stay always connected! Manage your subscriptions and check out the Smart App for Bigger & Longer Data, No Expiry offers and MORE! smrt.ph/SmartApp C Tap to load preview",approved_template_candidate,0.92,high quality; clear service-like template. Derived from approved manual ham.
service_ham_template_00127,telecom,Smart,"1/2 <DATE_TIME>:09: <AMOUNT> loaded to <PHONE> from <REF_NUM> for 1 year. Ref:BLDO8KWBEO. Get MORE with PROMO LOAD in the <BRAND> App! 2/2 Stay always connected! Manage your subscriptions and check out the <BRAND> App for Bigger & Longer Data, No Expiry offers and MORE! <URL> C","[""AMOUNT"", ""BRAND"", ""DATE_TIME"", ""REF_NUM""]",manual_ham_final_000283,"1/2 13-Dec 17:09: P200 loaded to 09397250664 from XXXXXXXX1336 for 1 year. Ref:BLDO8KWBEO. Get MORE with PROMO LOAD in the Smart App! 2/2 Stay always connected! Manage your subscriptions and check out the Smart App for Bigger & Longer Data, No Expiry offers and MORE! smrt.ph/SmartApp C",approved_template_candidate,0.92,high quality; clear service-like template. Derived from approved manual ham.
service_ham_template_00128,telecom,Smart,"1/2 <DATE_TIME>:12: <AMOUNT> loaded to <PHONE> from <REF_NUM> for 1 year. Ref: DB80C7IMSS. Get MORE with PROMO LOAD in the <BRAND> App! 2/2 Stay always connected! Manage your subscriptions and check out the <BRAND> App for Bigger & Longer Data, No Expiry offers and MORE! <URL>","[""AMOUNT"", ""BRAND"", ""DATE_TIME"", ""REF_NUM""]",manual_ham_final_000307,"1/2 08-Feb 01:12: P300 loaded to 09397250664 from XXXXXXXX7438 for 1 year. Ref: DB80C7IMSS. Get MORE with PROMO LOAD in the Smart App! 2/2 Stay always connected! Manage your subscriptions and check out the Smart App for Bigger & Longer Data, No Expiry offers and MORE! smrt.ph/SmartApp",approved_template_candidate,0.92,high quality; clear service-like template. Derived from approved manual ham.
service_ham_template_00129,telecom,Smart,"1/2 <DATE_TIME>:12: <AMOUNT> loaded to <PHONE> from <REF_NUM> for 1 year. Ref:CAFOBL4266. Get MORE with PROMO LOAD in the <BRAND> App! 2/2 Stay always connected! Manage your subscriptions and check out the <BRAND> App for Bigger & Longer Data, No Expiry offers and MORE! <URL> C Tap to load preview","[""AMOUNT"", ""BRAND"", ""DATE_TIME"", ""REF_NUM""]",manual_ham_final_000285,"1/2 15-Jan 01:12: P300 loaded to 09397250664 from XXXXXXXX1336 for 1 year. Ref:CAFOBL4266. Get MORE with PROMO LOAD in the Smart App! 2/2 Stay always connected! Manage your subscriptions and check out the Smart App for Bigger & Longer Data, No Expiry offers and MORE! smrt.ph/SmartApp C Tap to load preview",approved_template_candidate,0.92,high quality; clear service-like template. Derived from approved manual ham.
service_ham_template_00130,telecom,Smart,"1/2 <DATE_TIME>:14: <AMOUNT> loaded to <PHONE> from <REF_NUM> for 1 year. Ref:DC4OE6TEAW. Get MORE with PROMO LOAD in the <BRAND> App! 2/2 Stay always connected! Manage your subscriptions and check out the <BRAND> App for Bigger & Longer Data, No Expiry offers and MORE! <URL>","[""AMOUNT"", ""BRAND"", ""DATE_TIME"", ""REF_NUM""]",manual_ham_final_000309,"1/2 04-Mar 00:14: P300 loaded to 09397250664 from XXXXXXXX7438 for 1 year. Ref:DC4OE6TEAW. Get MORE with PROMO LOAD in the Smart App! 2/2 Stay always connected! Manage your subscriptions and check out the Smart App for Bigger & Longer Data, No Expiry offers and MORE! smrt.oh/SmartApp",approved_template_candidate,0.92,high quality; clear service-like template. Derived from approved manual ham.
service_ham_template_00131,telecom,Smart,"1/2 <DATE_TIME>:19: <AMOUNT> loaded to <PHONE> from <REF_NUM> for 1 year. Ref:CB56DJX3TO. Get MORE with PROMO LOAD in the <BRAND> App! 2/2 Stay always connected! Manage your subscriptions and check out the <BRAND> App for Bigger & Longer Data, No Expiry offers and MORE! <URL>","[""AMOUNT"", ""BRAND"", ""DATE_TIME"", ""REF_NUM""]",manual_ham_final_000286,"1/2 05-Feb 13:19: P300 loaded to 09397250664 from XXXXXXXX1336 for 1 year. Ref:CB56DJX3TO. Get MORE with PROMO LOAD in the Smart App! 2/2 Stay always connected! Manage your subscriptions and check out the Smart App for Bigger & Longer Data, No Expiry offers and MORE! smrt.ph/SmartApp",approved_template_candidate,0.92,high quality; clear service-like template. Derived from approved manual ham.
service_ham_template_00132,telecom,Smart,"1/2 <DATE_TIME>:20: <AMOUNT> loaded to <PHONE> from <REF_NUM> for 1 year. Ref:CD57IWVG2D. Get MORE with PROMO LOAD in the <BRAND> App! 2/2 Stay always connected! Manage your subscriptions and check out the <BRAND> App for Bigger & Longer Data, No Expiry offers and MORE! <URL>","[""AMOUNT"", ""BRAND"", ""DATE_TIME"", ""REF_NUM""]",manual_ham_final_000293,"1/2 05-Apr 19:20: P200 loaded to 09397250664 from XXXXXXXX1336 for 1 year. Ref:CD57IWVG2D. Get MORE with PROMO LOAD in the Smart App! 2/2 Stay always connected! Manage your subscriptions and check out the Smart App for Bigger & Longer Data, No Expiry offers and MORE! smrt.ph/SmartApp",approved_template_candidate,0.92,high quality; clear service-like template. Derived from approved manual ham.
service_ham_template_00133,telecom,Smart,"1/2 <DATE_TIME>:21: <AMOUNT> loaded to <PHONE> from <REF_NUM> for 1 year. Ref:;CKP85ZJPV8. Get MORE with PROMO LOAD in the <BRAND> App! 2/2 Stay always connected! Manage your subscriptions and check out the <BRAND> App for Bigger & Longer Data, No Expiry offers and MORE! <URL>","[""AMOUNT"", ""BRAND"", ""DATE_TIME"", ""REF_NUM""]",manual_ham_final_000303,"1/2 25-Nov 17:21: P300 loaded to 09397250664 from XXXXXXXX7438 for 1 year. Ref:;CKP85ZJPV8. Get MORE with PROMO LOAD in the Smart App! 2/2 Stay always connected! Manage your subscriptions and check out the Smart App for Bigger & Longer Data, No Expiry offers and MORE! smrt.ph/SmartApp",approved_template_candidate,0.92,high quality; clear service-like template. Derived from approved manual ham.
service_ham_template_00134,telecom,Smart,"1/2 <DATE_TIME>:21: <AMOUNT> loaded to <PHONE> from <REF_NUM> for 1 year. Ref:CJ44111XJ2. Get MORE with PROMO LOAD in the <BRAND> App! 2/2 Stay always connected! Manage your subscriptions and check out the <BRAND> App for Bigger & Longer Data, No Expiry offers and MORE! <URL>","[""AMOUNT"", ""BRAND"", ""DATE_TIME"", ""REF_NUM""]",manual_ham_final_000301,"1/2 04-Oct 02:21: P300 loaded to 09397250664 from XXXXXXXX7438 for 1 year. Ref:CJ44111XJ2. Get MORE with PROMO LOAD in the Smart App! 2/2 Stay always connected! Manage your subscriptions and check out the Smart App for Bigger & Longer Data, No Expiry offers and MORE! smrt.ph/SmartApp",approved_template_candidate,0.92,high quality; clear service-like template. Derived from approved manual ham.
service_ham_template_00135,telecom,Smart,1/2 <DATE_TIME>:25: <AMOUNT> loaded to <PHONE> from <REF_NUM> for 1 year. Ref:ALT572I6NT. Get MORE with PROMO LOAD in the <BRAND> App! 2/2 Get MORE Load for less with the all NEW PROMO LOAD! Buy <AMOUNT> and get a total of <AMOUNT> Load valid for 30 days. Get NOW at <URL> C,"[""AMOUNT"", ""BRAND"", ""DATE_TIME"", ""REF_NUM""]",manual_ham_final_000271,1/2 29-Dec 18:25: P300 loaded to 09397250664 from XXXXXXXX8660 for 1 year. Ref:ALT572I6NT. Get MORE with PROMO LOAD in the Smart App! 2/2 Get MORE Load for less with the all NEW PROMO LOAD! Buy P300 and get a total of P333 Load valid for 30 days. Get NOW at smrt.ph/SmartApp C,approved_template_candidate,0.92,high quality; clear service-like template. Derived from approved manual ham.
service_ham_template_00136,telecom,Smart,"1/2 <DATE_TIME>:29: <AMOUNT> loaded to <PHONE> from <REF_NUM> for 1 year. Ref:CBC7E6GOLF. Get MORE with PROMO LOAD in the <BRAND> App! 2/2 Stay always connected! Manage your subscriptions and check out the <BRAND> App for Bigger & Longer Data, No Expiry offers and MORE! <URL> C Tap to load preview","[""AMOUNT"", ""BRAND"", ""DATE_TIME"", ""REF_NUM""]",manual_ham_final_000287,"1/2 12-Feb 14:29: P300 loaded to 09397250664 from XXXXXXXX1336 for 1 year. Ref:CBC7E6GOLF. Get MORE with PROMO LOAD in the Smart App! 2/2 Stay always connected! Manage your subscriptions and check out the Smart App for Bigger & Longer Data, No Expiry offers and MORE! smrt.oh/SmartApp C Tap to load preview",approved_template_candidate,0.92,high quality; clear service-like template. Derived from approved manual ham.
service_ham_template_00137,telecom,Smart,"1/2 <DATE_TIME>:30: <AMOUNT> loaded to <PHONE> from <REF_NUM> for 1 year. Ref:BJH13863R9. Get MORE with PROMO LOAD in the <BRAND> App! 2/2 Stay always connected! Manage your subscriptions and check out the <BRAND> App for Bigger & Longer Data, No Expiry offers and MORE! <URL>","[""AMOUNT"", ""BRAND"", ""DATE_TIME"", ""REF_NUM""]",manual_ham_final_000282,"1/2 17-Oct 10:30: P300 loaded to 09397250664 from XXXXXXXX1336 for 1 year. Ref:BJH13863R9. Get MORE with PROMO LOAD in the Smart App! 2/2 Stay always connected! Manage your subscriptions and check out the Smart App for Bigger & Longer Data, No Expiry offers and MORE! smrt.ph/SmartApp",approved_template_candidate,0.92,high quality; clear service-like template. Derived from approved manual ham.
service_ham_template_00138,telecom,Smart,"1/2 <DATE_TIME>:31: <AMOUNT> loaded to <PHONE> from <REF_NUM> for 1 year. Ref:;CHF6UDJ2WU. Get MORE with PROMO LOAD in the <BRAND> App! 2/2 Stay always connected! Manage your subscriptions and check out the <BRAND> App for Bigger & Longer Data, No Expiry offers and MORE! <URL> C","[""AMOUNT"", ""BRAND"", ""DATE_TIME"", ""REF_NUM""]",manual_ham_final_000298,"1/2 15-Aug 12:31: P200 loaded to 09397250664 from XXXXXXXX2950 for 1 year. Ref:;CHF6UDJ2WU. Get MORE with PROMO LOAD in the Smart App! 2/2 Stay always connected! Manage your subscriptions and check out the Smart App for Bigger & Longer Data, No Expiry offers and MORE! smrt.oh/SmartApp C",approved_template_candidate,0.92,high quality; clear service-like template. Derived from approved manual ham.
service_ham_template_00139,telecom,Smart,1/2 <DATE_TIME>:35: <AMOUNT> loaded to <PHONE> from <REF_NUM> for 1 year. Ref: CCF6GZOPAO. Get MORE with PROMO LOAD in the <BRAND> App!,"[""AMOUNT"", ""BRAND"", ""DATE_TIME"", ""REF_NUM""]",manual_ham_final_000290,1/2 15-Mar 16:35: P300 loaded to 09397250664 from XXXXXXXX1336 for 1 year. Ref: CCF6GZOPAO. Get MORE with PROMO LOAD in the Smart App!,approved_template_candidate,0.92,high quality; clear service-like template. Derived from approved manual ham.
service_ham_template_00140,telecom,Smart,"1/2 <DATE_TIME>:36: <AMOUNT> loaded to <PHONE> from <REF_NUM> for 1 year. Ref:;CFAIOQ5BYL. Get MORE with PROMO LOAD in the <BRAND> App! 2/2 Stay always connected! Manage your subscriptions and check out the <BRAND> App for Bigger & Longer Data, No Expiry offers and MORE! <URL>","[""AMOUNT"", ""BRAND"", ""DATE_TIME"", ""REF_NUM""]",manual_ham_final_000297,"1/2 10-Jun 12:36: P200 loaded to 09397250664 from XXXXXXXX7438 for 1 year. Ref:;CFAIOQ5BYL. Get MORE with PROMO LOAD in the Smart App! 2/2 Stay always connected! Manage your subscriptions and check out the Smart App for Bigger & Longer Data, No Expiry offers and MORE! smrt.ph/SmartApp",approved_template_candidate,0.92,high quality; clear service-like template. Derived from approved manual ham.
service_ham_template_00141,telecom,Smart,"1/2 <DATE_TIME>:38: <AMOUNT> loaded to <PHONE> from <REF_NUM> for 1 year. Ref: CLM48AWRSY. Get MORE with PROMO LOAD in the <BRAND> App! 2/2 Stay always connected! Manage your subscriptions and check out the <BRAND> App for Bigger & Longer Data, No Expiry offers and MORE! <URL>","[""AMOUNT"", ""BRAND"", ""DATE_TIME"", ""REF_NUM""]",manual_ham_final_000305,"1/2 22-Dec 18:38: P300 loaded to 09397250664 from XXXXXXXX7438 for 1 year. Ref: CLM48AWRSY. Get MORE with PROMO LOAD in the Smart App! 2/2 Stay always connected! Manage your subscriptions and check out the Smart App for Bigger & Longer Data, No Expiry offers and MORE! smrt.ph/SmartApp",approved_template_candidate,0.92,high quality; clear service-like template. Derived from approved manual ham.
service_ham_template_00142,telecom,Smart,"1/2 <DATE_TIME>:38: <AMOUNT> loaded to <PHONE> from <REF_NUM> for 1 year. Ref:CJU33Q9QFT. Get MORE with PROMO LOAD in the <BRAND> App! 2/2 Stay always connected! Manage your subscriptions and check out the <BRAND> App for Bigger & Longer Data, No Expiry offers and MORE! <URL> C Tap to load preview s——_ A Unread ii","[""AMOUNT"", ""BRAND"", ""DATE_TIME"", ""REF_NUM""]",manual_ham_final_000302,"1/2 30-Oct 10:38: P300 loaded to 09397250664 from XXXXXXXX7438 for 1 year. Ref:CJU33Q9QFT. Get MORE with PROMO LOAD in the Smart App! 2/2 Stay always connected! Manage your subscriptions and check out the Smart App for Bigger & Longer Data, No Expiry offers and MORE! smrt.ph/SmartApp C Tap to load preview s——_ A Unread ii",approved_template_candidate,0.92,high quality; clear service-like template. Derived from approved manual ham.
service_ham_template_00143,telecom,Smart,"1/2 <DATE_TIME>:40: <AMOUNT> loaded to <PHONE> from <REF_NUM> for 1 year. Ref:CCT3IAN2V9. Get MORE with PROMO LOAD in the <BRAND> App! 2/2 Stay always connected! Manage your subscriptions and check out the <BRAND> App for Bigger & Longer Data, No Expiry offers and MORE! <URL>","[""AMOUNT"", ""BRAND"", ""DATE_TIME"", ""REF_NUM""]",manual_ham_final_000291,"1/2 29-Mar 22:40: P500 loaded to 09397250664 from XXXXXXXX1336 for 1 year. Ref:CCT3IAN2V9. Get MORE with PROMO LOAD in the Smart App! 2/2 Stay always connected! Manage your subscriptions and check out the Smart App for Bigger & Longer Data, No Expiry offers and MORE! smrt.ph/SmartApp",approved_template_candidate,0.92,high quality; clear service-like template. Derived from approved manual ham.
service_ham_template_00144,telecom,Smart,"1/2 <DATE_TIME>:42: <AMOUNT> loaded to <PHONE> from <REF_NUM> for 1 year. Ref:CCTZIANIGE. Get MORE with PROMO LOAD in the <BRAND> App! 2/2 Stay always connected! Manage your subscriptions and check out the <BRAND> App for Bigger & Longer Data, No Expiry offers and MORE! <URL> C","[""AMOUNT"", ""BRAND"", ""DATE_TIME"", ""REF_NUM""]",manual_ham_final_000292,"1/2 29-Mar 22:42: P100 loaded to 09397250664 from XXXXXXXX1336 for 1 year. Ref:CCTZIANIGE. Get MORE with PROMO LOAD in the Smart App! 2/2 Stay always connected! Manage your subscriptions and check out the Smart App for Bigger & Longer Data, No Expiry offers and MORE! smrt.ph/SmartApp C",approved_template_candidate,0.92,high quality; clear service-like template. Derived from approved manual ham.
service_ham_template_00145,telecom,Smart,"1/2 <DATE_TIME>:42: <AMOUNT> loaded to <PHONE> from <REF_NUM> for 1 year. Ref:DAE3A6ZSD1. Get MORE with PROMO LOAD in the <BRAND> App! 2/2 Stay always connected! Manage your subscriptions and check out the <BRAND> App for Bigger & Longer Data, No Expiry offers and MORE! <URL> C Tap to load preview","[""AMOUNT"", ""BRAND"", ""DATE_TIME"", ""REF_NUM""]",manual_ham_final_000306,"1/2 14-Jan 16:42: P300 loaded to 09397250664 from XXXXXXXX7438 for 1 year. Ref:DAE3A6ZSD1. Get MORE with PROMO LOAD in the Smart App! 2/2 Stay always connected! Manage your subscriptions and check out the Smart App for Bigger & Longer Data, No Expiry offers and MORE! smrt.ph/SmartApp C Tap to load preview",approved_template_candidate,0.92,high quality; clear service-like template. Derived from approved manual ham.
service_ham_template_00146,telecom,Smart,"1/2 <DATE_TIME>:48: <AMOUNT> loaded to <PHONE> from <REF_NUM> for 1 year. Ref:CA22ADZ7TI. Get MORE with PROMO LOAD in the <BRAND> App! 2/2 Stay always connected! Manage your subscriptions and check out the <BRAND> App for Bigger & Longer Data, No Expiry offers and MORE! <URL>","[""AMOUNT"", ""BRAND"", ""DATE_TIME"", ""REF_NUM""]",manual_ham_final_000284,"1/2 02-Jan 01:48: P200 loaded to 09397250664 from XXXXXXXX1336 for 1 year. Ref:CA22ADZ7TI. Get MORE with PROMO LOAD in the Smart App! 2/2 Stay always connected! Manage your subscriptions and check out the Smart App for Bigger & Longer Data, No Expiry offers and MORE! smrt.oh/SmartApp",approved_template_candidate,0.92,high quality; clear service-like template. Derived from approved manual ham.
service_ham_template_00147,telecom,Smart,1/2 <DATE_TIME>:49: <AMOUNT> loaded to <PHONE> from <REF_NUM> for 1 year. Ref:BAL49HHY30. Get MORE with PROMO LOAD in the <BRAND> App! 2/2 Get MORE Load for less with the all NEW PROMO LOAD! Buy <AMOUNT> and get a total of <AMOUNT> Load valid for 30 days. Get NOW at <URL>,"[""AMOUNT"", ""BRAND"", ""DATE_TIME"", ""REF_NUM""]",manual_ham_final_000272,1/2 21-Jan 08:49: P115 loaded to 09397250664 from XXXXXXXX8660 for 1 year. Ref:BAL49HHY30. Get MORE with PROMO LOAD in the Smart App! 2/2 Get MORE Load for less with the all NEW PROMO LOAD! Buy P300 and get a total of P333 Load valid for 30 days. Get NOW at smrt.ph/SmartApp,approved_template_candidate,0.92,high quality; clear service-like template. Derived from approved manual ham.
service_ham_template_00148,telecom,Smart,"1/2 <DATE_TIME>:50: <AMOUNT> loaded to <PHONE> from <REF_NUM> for 1 year. Ref: CEDIMAJJVP. Get MORE with PROMO LOAD in the <BRAND> App! 2/2 Stay always connected! Manage your subscriptions and check out the <BRAND> App for Bigger & Longer Data, No Expiry offers and MORE! <URL>","[""AMOUNT"", ""BRAND"", ""DATE_TIME"", ""REF_NUM""]",manual_ham_final_000295,"1/2 13-May 12:50: P200 loaded to 09397250664 from XXXXXXXX7438 for 1 year. Ref: CEDIMAJJVP. Get MORE with PROMO LOAD in the Smart App! 2/2 Stay always connected! Manage your subscriptions and check out the Smart App for Bigger & Longer Data, No Expiry offers and MORE! smrt.oh/SmartApp",approved_template_candidate,0.92,high quality; clear service-like template. Derived from approved manual ham.
service_ham_template_00149,telecom,Smart,"1/2 <DATE_TIME>:51: <AMOUNT> loaded to <PHONE> from <REF_NUM> for 1 year. Ref:CIG7016RAX. Get MORE with PROMO LOAD in the <BRAND> App! 2/2 Stay always connected! Manage your subscriptions and check out the <BRAND> App for Bigger & Longer Data, No Expiry offers and MORE! <URL> C Tap to load preview","[""AMOUNT"", ""BRAND"", ""DATE_TIME"", ""REF_NUM""]",manual_ham_final_000300,"1/2 16-Sep 17:51: P300 loaded to 09397250664 from XXXXXXXX7438 for 1 year. Ref:CIG7016RAX. Get MORE with PROMO LOAD in the Smart App! 2/2 Stay always connected! Manage your subscriptions and check out the Smart App for Bigger & Longer Data, No Expiry offers and MORE! smrt.ph/SmartApp C Tap to load preview",approved_template_candidate,0.92,high quality; clear service-like template. Derived from approved manual ham.
service_ham_template_00150,telecom,Smart,"1/2 <DATE_TIME>:58: <AMOUNT> loaded to <PHONE> from <REF_NUM> for 1 year. Ref:DBI6D32L9I. Get MORE with PROMO LOAD in the <BRAND> App! 2/2 Stay always connected! Manage your subscriptions and check out the <BRAND> App for Bigger & Longer Data, No Expiry offers and MORE! <URL> C","[""AMOUNT"", ""BRAND"", ""DATE_TIME"", ""REF_NUM""]",manual_ham_final_000308,"1/2 18-Feb 15:58: P300 loaded to 09397250664 from XXXXXXXX7438 for 1 year. Ref:DBI6D32L9I. Get MORE with PROMO LOAD in the Smart App! 2/2 Stay always connected! Manage your subscriptions and check out the Smart App for Bigger & Longer Data, No Expiry offers and MORE! smrt.oh/SmartApp C",approved_template_candidate,0.92,high quality; clear service-like template. Derived from approved manual ham.
service_ham_template_00151,telecom,Smart,1/2 O7-<DATE_TIME>:30: <AMOUNT> loaded to <PHONE> from <REF_NUM> for 1 year. Ref:BB76BDDJXW. Get MORE with PROMO LOAD in the <BRAND> App! 2/2 Get MORE Load for less with the all NEW PROMO LOAD! Buy <AMOUNT> and get a total of <AMOUNT> Load valid for 30 days. Get NOW at <URL> C Tap to load preview,"[""AMOUNT"", ""BRAND"", ""DATE_TIME"", ""REF_NUM""]",manual_ham_final_000273,1/2 O7-Feb 21:30: P300 loaded to 09397250664 from XXXXXXXX8660 for 1 year. Ref:BB76BDDJXW. Get MORE with PROMO LOAD in the Smart App! 2/2 Get MORE Load for less with the all NEW PROMO LOAD! Buy P300 and get a total of P333 Load valid for 30 days. Get NOW at smrt.ph/SmartApp C Tap to load preview,approved_template_candidate,0.92,high quality; clear service-like template. Derived from approved manual ham.
service_ham_template_00152,telecom,Smart,"1/2 O7-<DATE_TIME>:38: <AMOUNT> loaded to <PHONE> from <REF_NUM> for 1 year. Ref:CE75LPS10B. Get MORE with PROMO LOAD in the <BRAND> App! 2/2 Stay always connected! Manage your subscriptions and check out the <BRAND> App for Bigger & Longer Data, No Expiry offers and MORE! <URL> C Tap to load preview","[""AMOUNT"", ""BRAND"", ""DATE_TIME"", ""REF_NUM""]",manual_ham_final_000294,"1/2 O7-May 10:38: P300 loaded to 09397250664 from XXXXXXXX7438 for 1 year. Ref:CE75LPS10B. Get MORE with PROMO LOAD in the Smart App! 2/2 Stay always connected! Manage your subscriptions and check out the Smart App for Bigger & Longer Data, No Expiry offers and MORE! smrt.ph/SmartApp C Tap to load preview",approved_template_candidate,0.92,high quality; clear service-like template. Derived from approved manual ham.
service_ham_template_00153,telecom,Smart,2/2 Get MORE Load for less with the all NEW PROMO LOAD! Buy <AMOUNT> and get a total of <AMOUNT> Load valid for 30 days. Get NOW at <URL> C Tap to load preview 1/2 <DATE_TIME>:56: <AMOUNT> loaded to <PHONE> from <REF_NUM> for 1 year. Ref:BD82HOEAOM. Get MORE with PROMO LOAD in the <BRAND> App!,"[""AMOUNT"", ""BRAND"", ""DATE_TIME"", ""REF_NUM""]",manual_ham_final_000276,2/2 Get MORE Load for less with the all NEW PROMO LOAD! Buy P300 and get a total of P333 Load valid for 30 days. Get NOW at smrt.ph/SmartApp C Tap to load preview 1/2 08-Apr 18:56: P300 loaded to 09397250664 from XXXXXXXX8660 for 1 year. Ref:BD82HOEAOM. Get MORE with PROMO LOAD in the Smart App!,approved_template_candidate,0.92,high quality; clear service-like template. Derived from approved manual ham.
service_ham_template_00154,telecom,Smart,"2/2 Stay always connected! Manage your subscriptions and check out the <BRAND> App for Bigger & Longer Data, No Expiry offers and MORE! <URL> C Tap to load preview","[""BRAND""]",manual_ham_final_000280;manual_ham_final_000289,"2/2 Stay always connected! Manage your subscriptions and check out the Smart App for Bigger & Longer Data, No Expiry offers and MORE! smrt.ph/SmartApp C Tap to load preview",approved_template_candidate,0.92,high quality; clear service-like template. Derived from approved manual ham.
service_ham_template_00155,telecom,Smart,"2/2 Stay always connected! Manage your subscriptions and check out the <BRAND> App for Bigger & Longer Data, No Expiry offers and MORE! <URL> C Tap to load preview 1/2 <DATE_TIME>:42: <AMOUNT> loaded to <PHONE> from <REF_NUM> for 1 year. Ref:CLI77Z23RN. Get MORE with PROMO LOAD in the <BRAND> App!","[""AMOUNT"", ""BRAND"", ""DATE_TIME"", ""REF_NUM""]",manual_ham_final_000304,"2/2 Stay always connected! Manage your subscriptions and check out the Smart App for Bigger & Longer Data, No Expiry offers and MORE! smrt.ph/SmartApp C Tap to load preview 1/2 18-Dec 21:42: P300 loaded to 09397250664 from XXXXXXXX7438 for 1 year. Ref:CLI77Z23RN. Get MORE with PROMO LOAD in the Smart App!",approved_template_candidate,0.92,high quality; clear service-like template. Derived from approved manual ham.
service_ham_template_00156,telecom,Smart,"2/2 Stay always connected! Manage your subscriptions and check out the <BRAND> App for Bigger & Longer Data, No Expiry offers and MORE! <URL> C Tap to load preview 1/2 <DATE_TIME>:49: <AMOUNT> loaded to <PHONE> from <REF_NUM> for 1 year. Ref:CC34FV1IYC6. Get MORE with PROMO LOAD in the <BRAND> App!","[""AMOUNT"", ""BRAND"", ""DATE_TIME"", ""REF_NUM""]",manual_ham_final_000288,"2/2 Stay always connected! Manage your subscriptions and check out the Smart App for Bigger & Longer Data, No Expiry offers and MORE! smrt.oh/SmartApp C Tap to load preview 1/2 03-Mar 13:49: P300 loaded to 09397250664 from XXXXXXXX1336 for 1 year. Ref:CC34FV1IYC6. Get MORE with PROMO LOAD in the Smart App!",approved_template_candidate,0.92,high quality; clear service-like template. Derived from approved manual ham.
service_ham_template_00157,telecom,Smart,"<DATE_TIME> OM e © F il & € <BRAND> App : with just a tap on the <BRAND> App! Click “Don't Miss Out"" NOW on <URL> for MORE SURPRISES! C Tap to load preview You have successfully redeemed ALL DATA 99 using <AMOUNT>. Keep using the <BRAND> App to earn MORE points to redeem MORE rewards!","[""AMOUNT"", ""BRAND"", ""DATE_TIME""]",manual_ham_final_000187,"4:02 OM e © F il & € Smart App : with just a tap on the Smart App! Click “Don't Miss Out"" NOW on smrt.ph/SmartApp for MORE SURPRISES! C Tap to load preview You have successfully redeemed ALL DATA 99 using 99 GigaPoints. Keep using the Smart App to earn MORE points to redeem MORE rewards!",approved_template_candidate,0.92,high quality; clear service-like template. Derived from approved manual ham.
service_ham_template_00158,telecom,Smart,"Awesome! You can now enjoy 6 GB SHAREABLE DATA FOR ALL SITES for 7 days with ALL DATA 99. Get EXCLUSIVE promos every week JUST FOR YOU with just a tap on the <BRAND> App! Click ""Don't Miss Out"" NOW on <URL> for MORE SURPRISES!","[""BRAND""]",manual_ham_final_000186,"Awesome! You can now enjoy 6 GB SHAREABLE DATA FOR ALL SITES for 7 days with ALL DATA 99. Get EXCLUSIVE promos every week JUST FOR YOU with just a tap on the Smart App! Click ""Don't Miss Out"" NOW on smrt.ph/SmartApp for MORE SURPRISES!",approved_template_candidate,0.92,high quality; clear service-like template. Derived from approved manual ham.
service_ham_template_00159,telecom,Smart,Awesome! You can now enjoy 6 GB SHAREABLE DATA FOR ALL SITES for 7 days with ALL DATA 99. You have successfully redeemed ALL DATA 99 using <AMOUNT>. Keep using the <BRAND> App to earn MORE points to redeem MORE rewards!,"[""AMOUNT"", ""BRAND""]",manual_ham_final_000189,Awesome! You can now enjoy 6 GB SHAREABLE DATA FOR ALL SITES for 7 days with ALL DATA 99. You have successfully redeemed ALL DATA 99 using 99 GigaPoints. Keep using the Smart App to earn MORE points to redeem MORE rewards!,approved_template_candidate,0.92,high quality; clear service-like template. Derived from approved manual ham.
service_ham_template_00160,telecom,Smart,"Awesome! You can now enjoy 6 GB SHAREABLE DATA FOR ALL SITES for 7 days with ALL DATA 99. You have successfully redeemed ALL DATA 99 using <AMOUNT>. Keep using the <BRAND> App to earn MORE points to redeem MORE rewards! Get EXCLUSIVE promos every week JUST FOR YOU with just a tap on the <BRAND> App! Click ""Don't Miss Out"" NOW on <URL> for MORE SURPRISES!","[""AMOUNT"", ""BRAND""]",manual_ham_final_000180;manual_ham_final_000182;manual_ham_final_000184,"Awesome! You can now enjoy 6 GB SHAREABLE DATA FOR ALL SITES for 7 days with ALL DATA 99. You have successfully redeemed ALL DATA 99 using 99 GigaPoints. Keep using the Smart App to earn MORE points to redeem MORE rewards! Get EXCLUSIVE promos every week JUST FOR YOU with just a tap on the Smart App! Click ""Don't Miss Out"" NOW on smrt.ph/SmartApp for MORE SURPRISES!",approved_template_candidate,0.92,high quality; clear service-like template. Derived from approved manual ham.
service_ham_template_00161,telecom,Smart,"Awesome! You can now enjoy 6 GB SHAREABLE DATA FOR ALL SITES for 7 days with ALL DATA 99. You have successfully redeemed ALL DATA 99 using <AMOUNT>. Keep using the <BRAND> App to earn MORE points to redeem MORE rewards! Get EXCLUSIVE promos every week JUST FOR YOU with just a tap on the <BRAND> App! Click ""Don't Miss Out"" NOW on <URL> for MORE SURPRISES! ,","[""AMOUNT"", ""BRAND""]",manual_ham_final_000178,"Awesome! You can now enjoy 6 GB SHAREABLE DATA FOR ALL SITES for 7 days with ALL DATA 99. You have successfully redeemed ALL DATA 99 using 99 GigaPoints. Keep using the Smart App to earn MORE points to redeem MORE rewards! Get EXCLUSIVE promos every week JUST FOR YOU with just a tap on the Smart App! Click ""Don't Miss Out"" NOW on smrt.ph/SmartApp for MORE SURPRISES! ,",approved_template_candidate,0.92,high quality; clear service-like template. Derived from approved manual ham.
service_ham_template_00162,telecom,Smart,C Tap to load preview You have successfully redeemed ALL DATA 99 using <AMOUNT>. Keep using the <BRAND> App to earn MORE points to redeem MORE rewards! Awesome! You can now enjoy 6 GB SHAREABLE DATA FOR ALL SITES for 7 days with ALL DATA 99.,"[""AMOUNT"", ""BRAND""]",manual_ham_final_000185,C Tap to load preview You have successfully redeemed ALL DATA 99 using 99 GigaPoints. Keep using the Smart App to earn MORE points to redeem MORE rewards! Awesome! You can now enjoy 6 GB SHAREABLE DATA FOR ALL SITES for 7 days with ALL DATA 99.,approved_template_candidate,0.92,high quality; clear service-like template. Derived from approved manual ham.
service_ham_template_00163,telecom,Smart,"Get EXCLUSIVE promos every week JUST FOR YOU with just a tap on the <BRAND> App! Click ""Don't Miss Out"" NOW on <URL> for MORE SURPRISES! C Tap to load preview","[""BRAND""]",manual_ham_final_000188,"Get EXCLUSIVE promos every week JUST FOR YOU with just a tap on the Smart App! Click ""Don't Miss Out"" NOW on smrt.ph/SmartApp for MORE SURPRISES! C Tap to load preview",approved_template_candidate,0.92,high quality; clear service-like template. Derived from approved manual ham.
service_ham_template_00164,telecom,Smart,"Get EXCLUSIVE promos every week JUST FOR YOU with just a tap on the <BRAND> App! Click ""Don't Miss Out"" NOW on <URL> for MORE SURPRISES! C Tap to load preview You have successfully redeemed ALL DATA 99 using <AMOUNT>. Keep using the <BRAND> App to earn MORE points to redeem MORE rewards! Awesome! You can now enjoy 6 GB SHAREABLE DATA FOR ALL SITES for 7 days with ALL DATA 99.","[""AMOUNT"", ""BRAND""]",manual_ham_final_000179,"Get EXCLUSIVE promos every week JUST FOR YOU with just a tap on the Smart App! Click ""Don't Miss Out"" NOW on smrt.ph/SmartApp for MORE SURPRISES! C Tap to load preview You have successfully redeemed ALL DATA 99 using 99 GigaPoints. Keep using the Smart App to earn MORE points to redeem MORE rewards! Awesome! You can now enjoy 6 GB SHAREABLE DATA FOR ALL SITES for 7 days with ALL DATA 99.",approved_template_candidate,0.92,high quality; clear service-like template. Derived from approved manual ham.
service_ham_template_00165,telecom,Smart,Tap to load preview 1/2 <DATE_TIME>:55: <AMOUNT> loaded to <PHONE> from <REF_NUM> for 1 year. Ref:BFL7P3UKFJ. Get MORE with PROMO LOAD in the <BRAND> App!,"[""AMOUNT"", ""BRAND"", ""DATE_TIME"", ""REF_NUM""]",manual_ham_final_000278,Tap to load preview 1/2 21-Jun 18:55: P300 loaded to 09397250664 from XXXXXXXX7017 for 1 year. Ref:BFL7P3UKFJ. Get MORE with PROMO LOAD in the Smart App!,approved_template_candidate,0.92,high quality; clear service-like template. Derived from approved manual ham.
service_ham_template_00166,telecom,Smart,You earned <AMOUNT> on your promo purchase! Simple. Easy. <BRAND>. Thats the <BRAND> App!,"[""AMOUNT"", ""BRAND""]",manual_ham_final_000316;manual_ham_final_000317;manual_ham_final_000318;manual_ham_final_000319;manual_ham_final_000320,You earned 4.95 GigaPoints on your promo purchase! Simple. Easy. Smart. Thats the Smart App!,approved_template_candidate,0.92,high quality; clear service-like template. Derived from approved manual ham.
service_ham_template_00167,telecom,Smart,"You have successfully redeemed ALL DATA 99 using <AMOUNT>. Keep using the <BRAND> App to earn MORE points to redeem MORE rewards! Awesome! You can now enjoy 6 GB SHAREABLE DATA FOR ALL SITES for 7 days with ALL DATA 99. Get EXCLUSIVE promos every week JUST FOR YOU with just a tap on the <BRAND> App! Click ""Don't Miss Out"" NOW on <URL> for MORE SURPRISES! C","[""AMOUNT"", ""BRAND""]",manual_ham_final_000177,"You have successfully redeemed ALL DATA 99 using 99 GigaPoints. Keep using the Smart App to earn MORE points to redeem MORE rewards! Awesome! You can now enjoy 6 GB SHAREABLE DATA FOR ALL SITES for 7 days with ALL DATA 99. Get EXCLUSIVE promos every week JUST FOR YOU with just a tap on the Smart App! Click ""Don't Miss Out"" NOW on smrt.ph/SmartApp for MORE SURPRISES! C",approved_template_candidate,0.92,high quality; clear service-like template. Derived from approved manual ham.
service_ham_template_00168,telecom,Smart,"You have successfully redeemed ALL DATA 99 using <AMOUNT>. Keep using the <BRAND> App to earn MORE points to redeem MORE rewards! Awesome! You can now enjoy 6 GB SHAREABLE DATA FOR ALL SITES for 7 days with ALL DATA 99. Get EXCLUSIVE promos every week JUST FOR YOU with just a tap on the <BRAND> App! Click ""Don't Miss Out"" NOW on <URL> for MORE SURPRISES! C Tap to load preview","[""AMOUNT"", ""BRAND""]",manual_ham_final_000183,"You have successfully redeemed ALL DATA 99 using 99 GigaPoints. Keep using the Smart App to earn MORE points to redeem MORE rewards! Awesome! You can now enjoy 6 GB SHAREABLE DATA FOR ALL SITES for 7 days with ALL DATA 99. Get EXCLUSIVE promos every week JUST FOR YOU with just a tap on the Smart App! Click ""Don't Miss Out"" NOW on smrt.ph/SmartApp for MORE SURPRISES! C Tap to load preview",approved_template_candidate,0.92,high quality; clear service-like template. Derived from approved manual ham.
service_ham_template_00169,telecom,Smart,"You have successfully redeemed ALL DATA 99 using <AMOUNT>. Keep using the <BRAND> App to earn MORE points to redeem MORE rewards! Get EXCLUSIVE promos every week JUST FOR YOU with just a tap on the <BRAND> App! Click ""Don't Miss Out"" NOW on <URL> for MORE SURPRISES! C Tap to load preview Awesome! You can now enjoy 6 GB SHAREABLE DATA FOR ALL SITES for 7 days with ALL DATA 99.","[""AMOUNT"", ""BRAND""]",manual_ham_final_000181,"You have successfully redeemed ALL DATA 99 using 99 GigaPoints. Keep using the Smart App to earn MORE points to redeem MORE rewards! Get EXCLUSIVE promos every week JUST FOR YOU with just a tap on the Smart App! Click ""Don't Miss Out"" NOW on smrt.ph/SmartApp for MORE SURPRISES! C Tap to load preview Awesome! You can now enjoy 6 GB SHAREABLE DATA FOR ALL SITES for 7 days with ALL DATA 99.",approved_template_candidate,0.92,high quality; clear service-like template. Derived from approved manual ham.
service_ham_template_00170,telecom,TikTok,1/2 <DATE_TIME>:52: <AMOUNT> loaded to <PHONE> from <REF_NUM> for 1 year. Ref:BGS3SOGQDL. Get MORE with PROMO LOAD in the <BRAND> App! 2/2 Do it ALL with POWER ALL! Enjoy up to 30 Days of FREE <BRAND> + 20 GB + Unli Calls & Texts. Get it NOW at <URL>,"[""AMOUNT"", ""BRAND"", ""DATE_TIME"", ""REF_NUM""]",manual_ham_final_000279,1/2 28-Jul 17:52: P300 loaded to 09397250664 from XXXXXXXX1336 for 1 year. Ref:BGS3SOGQDL. Get MORE with PROMO LOAD in the Smart App! 2/2 Do it ALL with POWER ALL! Enjoy up to 30 Days of FREE TikTok + 20 GB + Unli Calls & Texts. Get it NOW at smrt.ph/SmartApp,approved_template_candidate,0.92,high quality; clear service-like template. Derived from approved manual ham.
service_ham_template_00171,telecom,Unknown,- Open GlobeOne and tap Register your SIM.,[],manual_ham_final_000008,- Open GlobeOne and tap Register your SIM.,approved_template_candidate,0.92,high quality; clear service-like template. Derived from approved manual ham.
service_ham_template_00172,telecom,Unknown,2/2 Get MORE Load for less with the all NEW PROMO LOAD! Buy <AMOUNT> and get a total of <AMOUNT> Load valid for 30 days. Get NOW at <URL> Cc,"[""AMOUNT""]",manual_ham_final_000277,2/2 Get MORE Load for less with the all NEW PROMO LOAD! Buy P300 and get a total of P333 Load valid for 30 days. Get NOW at smrt.ph/SmartApp Cc,approved_template_candidate,0.92,high quality; clear service-like template. Derived from approved manual ham.
service_ham_template_00173,telecom,Unknown,"Spend <AMOUNT> with your RCBC Visa Infinite and get a chance to win passes to F1 Race Watch Parties (Suzuka, Austria & Madrid) at Monza Barcade. Prizes include <AMOUNT> F&B, sim racing, and more! Promo runs until 08/31/26. Register at the link on the website. Visit rcbccredit, search F1VIVS. DTI251184S26.","[""AMOUNT""]",manual_ham_final_000091,"Spend P1,000 with your RCBC Visa Infinite and get a chance to win passes to F1 Race Watch Parties (Suzuka, Austria & Madrid) at Monza Barcade. Prizes include P1,000 F&B, sim racing, and more! Promo runs until 08/31/26. Register at the link on the website. Visit rcbccredit, search F1VIVS. DTI251184S26.",approved_template_candidate,0.92,high quality; clear service-like template. Derived from approved manual ham.
