unified_id,source_name,dataset_name,source_group,source_row_id,message_raw,message_clean,source_label,normalized_label,label_status,review_status,raw_text_available,raw_text_status,cleaning_status,raw_lookup_status,raw_lookup_notes,contains_url,contains_email,contains_phone,contains_otp,contains_amount,contains_account_hint,service_category,institution_type,source_file,reviewer_notes,data_origin,is_synthetic,synthetic_template_id,generation_method,notes,rejection_reason
synthetic_service_ham_000014,service_ham_template_generator,synthetic_service_ham_from_manual_templates,synthetic_ham_template,synthetic_row_000014,"GCash] #MagingListoHuwagMagpaloko: Your One-Time PIN is 184514. Enter this code to confirm your login to BPI on your browser. If you did not make this login request, change your password or call the hotline immediately.","GCash] #MagingListoHuwagMagpaloko: Your One-Time PIN is <OTP>. Enter this code to confirm your login to BPI on your browser. If you did not make this login request, change your password or call the hotline immediately.",ham,ham,synthetic_ham_candidate,generated_needs_review,True,synthetic_generated_raw,cleaned_from_synthetic_raw,not_applicable_synthetic,synthetic row generated from approved manual ham template,False,False,False,True,False,False,otp_verification,BPI,C:\Users\Lenovo\OneDrive\Documents\Coding\Some other\Thesis Data Source research\smishing-source-hunt\data\final_dataset_build\interim\service_ham_template_patterns.csv,,synthetic_template,True,service_ham_template_00084,template_slot_sampling,Generated from service_ham_template_00084; synthetic values only.,smishing_like_threat_or_scam_urgency
synthetic_service_ham_000045,service_ham_template_generator,synthetic_service_ham_from_manual_templates,synthetic_ham_template,synthetic_row_000045,"Your referrals can earn you rewards! Get P500 eGC for every successful referral when friends apply & get approved for their first BDO credit card using your code ACO135. Promo runs until on 12 May 2026, 0365. Visit our website for the application link & for T&Cs. DT1245534S2025 CCPD26-041","Your referrals can earn you rewards! Get <AMOUNT> eGC for every successful referral when friends apply & get approved for their first BDO credit card using your code ACO135. Promo runs until on <DATE_TIME>, 0365. Visit our website for the application link & for T&Cs. DT1245534S2025 CCPD26-041",ham,ham,synthetic_ham_candidate,generated_needs_review,True,synthetic_generated_raw,cleaned_from_synthetic_raw,not_applicable_synthetic,synthetic row generated from approved manual ham template,False,False,False,False,True,True,otp_verification,Metrobank,C:\Users\Lenovo\OneDrive\Documents\Coding\Some other\Thesis Data Source research\smishing-source-hunt\data\final_dataset_build\interim\service_ham_template_patterns.csv,,synthetic_template,True,service_ham_template_00091,template_slot_sampling,Generated from service_ham_template_00091; synthetic values only.,exact_duplicate
synthetic_service_ham_000069,service_ham_template_generator,synthetic_service_ham_from_manual_templates,synthetic_ham_template,synthetic_row_000069,"BPI] #MagingListoHuwagMagpaloko: Your One-Time PIN is 3092. Enter this code to confirm your login to BPI on your browser. If you did not make this login request, change your password or call the hotline immediately. Thank you.","BPI] #MagingListoHuwagMagpaloko: Your One-Time PIN is <OTP>. Enter this code to confirm your login to BPI on your browser. If you did not make this login request, change your password or call the hotline immediately. Thank you.",ham,ham,synthetic_ham_candidate,generated_needs_review,True,synthetic_generated_raw,cleaned_from_synthetic_raw,not_applicable_synthetic,synthetic row generated from approved manual ham template,False,False,False,True,False,False,otp_verification,BPI,C:\Users\Lenovo\OneDrive\Documents\Coding\Some other\Thesis Data Source research\smishing-source-hunt\data\final_dataset_build\interim\service_ham_template_patterns.csv,,synthetic_template,True,service_ham_template_00084,template_slot_sampling,Generated from service_ham_template_00084; synthetic values only.,smishing_like_threat_or_scam_urgency
synthetic_service_ham_000072,service_ham_template_generator,synthetic_service_ham_from_manual_templates,synthetic_ham_template,synthetic_row_000072,"Maya] #MagingListoHuwagMagpaloko: Your One-Time PIN is 96631. Enter this code to confirm your login to Your bank on your browser. If you did not make this login request, change your password or call the hotline immediately. This is an automated notice.","Maya] #MagingListoHuwagMagpaloko: Your One-Time PIN is <OTP>. Enter this code to confirm your login to Your bank on your browser. If you did not make this login request, change your password or call the hotline immediately. This is an automated notice.",ham,ham,synthetic_ham_candidate,generated_needs_review,True,synthetic_generated_raw,cleaned_from_synthetic_raw,not_applicable_synthetic,synthetic row generated from approved manual ham template,False,False,False,True,False,False,otp_verification,BPI,C:\Users\Lenovo\OneDrive\Documents\Coding\Some other\Thesis Data Source research\smishing-source-hunt\data\final_dataset_build\interim\service_ham_template_patterns.csv,,synthetic_template,True,service_ham_template_00084,template_slot_sampling,Generated from service_ham_template_00084; synthetic values only.,smishing_like_threat_or_scam_urgency
synthetic_service_ham_000081,service_ham_template_generator,synthetic_service_ham_from_manual_templates,synthetic_ham_template,synthetic_row_000081,"Your referrals can earn you rewards! Get PHP 1,000.00 eGC for every successful referral when friends apply & get approved for their first Your bank credit card using your code ACO135. Promo runs until 27-Aug 18:05, 95788. Visit our website for the application link & for T&Cs. DT1245534S2025 CCPD26-041","Your referrals can earn you rewards! Get <AMOUNT> eGC for every successful referral when friends apply & get approved for their first Your bank credit card using your code ACO135. Promo runs until <DATE_TIME>:05, 95788. Visit our website for the application link & for T&Cs. DT1245534S2025 CCPD26-041",ham,ham,synthetic_ham_candidate,generated_needs_review,True,synthetic_generated_raw,cleaned_from_synthetic_raw,not_applicable_synthetic,synthetic row generated from approved manual ham template,False,False,False,False,True,True,otp_verification,Metrobank,C:\Users\Lenovo\OneDrive\Documents\Coding\Some other\Thesis Data Source research\smishing-source-hunt\data\final_dataset_build\interim\service_ham_template_patterns.csv,,synthetic_template,True,service_ham_template_00091,template_slot_sampling,Generated from service_ham_template_00091; synthetic values only.,exact_duplicate
synthetic_service_ham_000116,service_ham_template_generator,synthetic_service_ham_from_manual_templates,synthetic_ham_template,synthetic_row_000116,"oat, Apr ti at 11-09 AM Your referrals can earn you rewards! Get P150 eGC for every successful referral when friends apply & get approved for their first GCash credit card using your code ACO135. Promo runs until today, 40748. Visit our website for the application link & for T&Cs. DT1245534S2025 CCPD26-041","oat, Apr ti at 11-09 AM Your referrals can earn you rewards! Get <AMOUNT> eGC for every successful referral when friends apply & get approved for their first GCash credit card using your code ACO135. Promo runs until <DATE_TIME>, 40748. Visit our website for the application link & for T&Cs. DT1245534S2025 CCPD26-041",ham,ham,synthetic_ham_candidate,generated_needs_review,True,synthetic_generated_raw,cleaned_from_synthetic_raw,not_applicable_synthetic,synthetic row generated from approved manual ham template,False,False,False,False,True,True,otp_verification,Metrobank,C:\Users\Lenovo\OneDrive\Documents\Coding\Some other\Thesis Data Source research\smishing-source-hunt\data\final_dataset_build\interim\service_ham_template_patterns.csv,,synthetic_template,True,service_ham_template_00092,template_slot_sampling,Generated from service_ham_template_00092; synthetic values only.,exact_duplicate
synthetic_service_ham_000145,service_ham_template_generator,synthetic_service_ham_from_manual_templates,synthetic_ham_template,synthetic_row_000145,"GCash] #MagingListoHuwagMagpaloko: Your One-Time PIN is 8366. Enter this code to confirm your login to Metrobank on your browser. If you did not make this login request, change your password or call the hotline immediately. Keep this message for your records.","GCash] #MagingListoHuwagMagpaloko: Your One-Time PIN is <OTP>. Enter this code to confirm your login to Metrobank on your browser. If you did not make this login request, change your password or call the hotline immediately. Keep this message for your records.",ham,ham,synthetic_ham_candidate,generated_needs_review,True,synthetic_generated_raw,cleaned_from_synthetic_raw,not_applicable_synthetic,synthetic row generated from approved manual ham template,False,False,False,True,False,False,otp_verification,BPI,C:\Users\Lenovo\OneDrive\Documents\Coding\Some other\Thesis Data Source research\smishing-source-hunt\data\final_dataset_build\interim\service_ham_template_patterns.csv,,synthetic_template,True,service_ham_template_00084,template_slot_sampling,Generated from service_ham_template_00084; synthetic values only.,smishing_like_threat_or_scam_urgency
synthetic_service_ham_000187,service_ham_template_generator,synthetic_service_ham_from_manual_templates,synthetic_ham_template,synthetic_row_000187,"Metrobank] #MagingListoHuwagMagpaloko: Your One-Time PIN is 278681. Enter this code to confirm your login to Your e-wallet on your browser. If you did not make this login request, change your password or call the hotline immediately. No reply is needed.","Metrobank] #MagingListoHuwagMagpaloko: Your One-Time PIN is <OTP>. Enter this code to confirm your login to Your e-wallet on your browser. If you did not make this login request, change your password or call the hotline immediately. No reply is needed.",ham,ham,synthetic_ham_candidate,generated_needs_review,True,synthetic_generated_raw,cleaned_from_synthetic_raw,not_applicable_synthetic,synthetic row generated from approved manual ham template,False,False,False,True,False,False,otp_verification,BPI,C:\Users\Lenovo\OneDrive\Documents\Coding\Some other\Thesis Data Source research\smishing-source-hunt\data\final_dataset_build\interim\service_ham_template_patterns.csv,,synthetic_template,True,service_ham_template_00084,template_slot_sampling,Generated from service_ham_template_00084; synthetic values only.,smishing_like_threat_or_scam_urgency
synthetic_service_ham_000191,service_ham_template_generator,synthetic_service_ham_from_manual_templates,synthetic_ham_template,synthetic_row_000191,"Your referrals can earn you rewards! Get P50 eGC for every successful referral when friends apply & get approved for their first Maya credit card using your code ACO135. Promo runs until 15-Aug 12:31, 3237. Visit our website for the application link & for T&Cs. DT1245534S2025 CCPD26-041","Your referrals can earn you rewards! Get <AMOUNT> eGC for every successful referral when friends apply & get approved for their first Maya credit card using your code ACO135. Promo runs until <DATE_TIME>:31, 3237. Visit our website for the application link & for T&Cs. DT1245534S2025 CCPD26-041",ham,ham,synthetic_ham_candidate,generated_needs_review,True,synthetic_generated_raw,cleaned_from_synthetic_raw,not_applicable_synthetic,synthetic row generated from approved manual ham template,False,False,False,False,True,True,otp_verification,Metrobank,C:\Users\Lenovo\OneDrive\Documents\Coding\Some other\Thesis Data Source research\smishing-source-hunt\data\final_dataset_build\interim\service_ham_template_patterns.csv,,synthetic_template,True,service_ham_template_00091,template_slot_sampling,Generated from service_ham_template_00091; synthetic values only.,exact_duplicate
synthetic_service_ham_000202,service_ham_template_generator,synthetic_service_ham_from_manual_templates,synthetic_ham_template,synthetic_row_000202,"Your referrals can earn you rewards! Get P100 eGC for every successful referral when friends apply & get approved for their first Metrobank credit card using your code ACO135. Promo runs until today, 14732. Visit our website for the application link & for T&Cs. DT1245534S2025 CCPD26-041","Your referrals can earn you rewards! Get <AMOUNT> eGC for every successful referral when friends apply & get approved for their first Metrobank credit card using your code ACO135. Promo runs until <DATE_TIME>, 14732. Visit our website for the application link & for T&Cs. DT1245534S2025 CCPD26-041",ham,ham,synthetic_ham_candidate,generated_needs_review,True,synthetic_generated_raw,cleaned_from_synthetic_raw,not_applicable_synthetic,synthetic row generated from approved manual ham template,False,False,False,False,True,True,otp_verification,Metrobank,C:\Users\Lenovo\OneDrive\Documents\Coding\Some other\Thesis Data Source research\smishing-source-hunt\data\final_dataset_build\interim\service_ham_template_patterns.csv,,synthetic_template,True,service_ham_template_00091,template_slot_sampling,Generated from service_ham_template_00091; synthetic values only.,exact_duplicate
synthetic_service_ham_000205,service_ham_template_generator,synthetic_service_ham_from_manual_templates,synthetic_ham_template,synthetic_row_000205,"BPI] #MagingListoHuwagMagpaloko: Your One-Time PIN is 6873. Enter this code to confirm your login to Maya on your browser. If you did not make this login request, change your password or call the hotline immediately. Please disregard if already completed.","BPI] #MagingListoHuwagMagpaloko: Your One-Time PIN is <OTP>. Enter this code to confirm your login to Maya on your browser. If you did not make this login request, change your password or call the hotline immediately. Please disregard if already completed.",ham,ham,synthetic_ham_candidate,generated_needs_review,True,synthetic_generated_raw,cleaned_from_synthetic_raw,not_applicable_synthetic,synthetic row generated from approved manual ham template,False,False,False,True,False,False,otp_verification,BPI,C:\Users\Lenovo\OneDrive\Documents\Coding\Some other\Thesis Data Source research\smishing-source-hunt\data\final_dataset_build\interim\service_ham_template_patterns.csv,,synthetic_template,True,service_ham_template_00084,template_slot_sampling,Generated from service_ham_template_00084; synthetic values only.,smishing_like_threat_or_scam_urgency
synthetic_service_ham_000226,service_ham_template_generator,synthetic_service_ham_from_manual_templates,synthetic_ham_template,synthetic_row_000226,"Your e-wallet] #MagingListoHuwagMagpaloko: Your One-Time PIN is 549329. Enter this code to confirm your login to Your bank on your browser. If you did not make this login request, change your password or call the hotline immediately. Service message only.","Your e-wallet] #MagingListoHuwagMagpaloko: Your One-Time PIN is <OTP>. Enter this code to confirm your login to Your bank on your browser. If you did not make this login request, change your password or call the hotline immediately. Service message only.",ham,ham,synthetic_ham_candidate,generated_needs_review,True,synthetic_generated_raw,cleaned_from_synthetic_raw,not_applicable_synthetic,synthetic row generated from approved manual ham template,False,False,False,True,False,False,otp_verification,BPI,C:\Users\Lenovo\OneDrive\Documents\Coding\Some other\Thesis Data Source research\smishing-source-hunt\data\final_dataset_build\interim\service_ham_template_patterns.csv,,synthetic_template,True,service_ham_template_00084,template_slot_sampling,Generated from service_ham_template_00084; synthetic values only.,smishing_like_threat_or_scam_urgency
synthetic_service_ham_000258,service_ham_template_generator,synthetic_service_ham_from_manual_templates,synthetic_ham_template,synthetic_row_000258,"Maya] #MagingListoHuwagMagpaloko: Your One-Time PIN is 8750. Enter this code to confirm your login to Your bank on your browser. If you did not make this login request, change your password or call the hotline immediately. Have a nice day.","Maya] #MagingListoHuwagMagpaloko: Your One-Time PIN is <OTP>. Enter this code to confirm your login to Your bank on your browser. If you did not make this login request, change your password or call the hotline immediately. Have a nice day.",ham,ham,synthetic_ham_candidate,generated_needs_review,True,synthetic_generated_raw,cleaned_from_synthetic_raw,not_applicable_synthetic,synthetic row generated from approved manual ham template,False,False,False,True,False,False,otp_verification,BPI,C:\Users\Lenovo\OneDrive\Documents\Coding\Some other\Thesis Data Source research\smishing-source-hunt\data\final_dataset_build\interim\service_ham_template_patterns.csv,,synthetic_template,True,service_ham_template_00084,template_slot_sampling,Generated from service_ham_template_00084; synthetic values only.,smishing_like_threat_or_scam_urgency
synthetic_service_ham_000269,service_ham_template_generator,synthetic_service_ham_from_manual_templates,synthetic_ham_template,synthetic_row_000269,"GCash] #MagingListoHuwagMagpaloko: Your One-Time PIN is 477358. Enter this code to confirm your login to GCash on your browser. If you did not make this login request, change your password or call the hotline immediately. For your reference.","GCash] #MagingListoHuwagMagpaloko: Your One-Time PIN is <OTP>. Enter this code to confirm your login to GCash on your browser. If you did not make this login request, change your password or call the hotline immediately. For your reference.",ham,ham,synthetic_ham_candidate,generated_needs_review,True,synthetic_generated_raw,cleaned_from_synthetic_raw,not_applicable_synthetic,synthetic row generated from approved manual ham template,False,False,False,True,False,True,otp_verification,BPI,C:\Users\Lenovo\OneDrive\Documents\Coding\Some other\Thesis Data Source research\smishing-source-hunt\data\final_dataset_build\interim\service_ham_template_patterns.csv,,synthetic_template,True,service_ham_template_00084,template_slot_sampling,Generated from service_ham_template_00084; synthetic values only.,smishing_like_threat_or_scam_urgency
synthetic_service_ham_000277,service_ham_template_generator,synthetic_service_ham_from_manual_templates,synthetic_ham_template,synthetic_row_000277,"Metrobank] #MagingListoHuwagMagpaloko: Your One-Time PIN is 59657. Enter this code to confirm your login to GCash on your browser. If you did not make this login request, change your password or call the hotline immediately. Transaction record updated.","Metrobank] #MagingListoHuwagMagpaloko: Your One-Time PIN is <OTP>. Enter this code to confirm your login to GCash on your browser. If you did not make this login request, change your password or call the hotline immediately. Transaction record updated.",ham,ham,synthetic_ham_candidate,generated_needs_review,True,synthetic_generated_raw,cleaned_from_synthetic_raw,not_applicable_synthetic,synthetic row generated from approved manual ham template,False,False,False,True,False,True,otp_verification,BPI,C:\Users\Lenovo\OneDrive\Documents\Coding\Some other\Thesis Data Source research\smishing-source-hunt\data\final_dataset_build\interim\service_ham_template_patterns.csv,,synthetic_template,True,service_ham_template_00084,template_slot_sampling,Generated from service_ham_template_00084; synthetic values only.,smishing_like_threat_or_scam_urgency
synthetic_service_ham_000324,service_ham_template_generator,synthetic_service_ham_from_manual_templates,synthetic_ham_template,synthetic_row_000324,"Avoid additional charges by not missing your next due date on 27-Aug 18:05. The outstanding balance of your Metrobank credit card ending in 99042102027 is P300. Pay at least the minimum amount due of P100, immediately. You may pay via Metrobank Online, BPI App or using other banking apps. Disregard if already paid.","Avoid additional charges by not missing your next due date on <DATE_TIME>:05. The outstanding balance of your Metrobank credit card ending in <REF_NUM> is <AMOUNT>. Pay at least the minimum amount due of <AMOUNT>, immediately. You may pay via Metrobank Online, BPI App or using other banking apps. Disregard if already paid.",ham,ham,synthetic_ham_candidate,generated_needs_review,True,synthetic_generated_raw,cleaned_from_synthetic_raw,not_applicable_synthetic,synthetic row generated from approved manual ham template,False,False,False,False,True,True,banking,Metrobank,C:\Users\Lenovo\OneDrive\Documents\Coding\Some other\Thesis Data Source research\smishing-source-hunt\data\final_dataset_build\interim\service_ham_template_patterns.csv,,synthetic_template,True,service_ham_template_00008,template_slot_sampling,Generated from service_ham_template_00008; synthetic values only.,smishing_like_threat_or_scam_urgency
synthetic_service_ham_000330,service_ham_template_generator,synthetic_service_ham_from_manual_templates,synthetic_ham_template,synthetic_row_000330,"Upgrade to the Samsung Galaxy S26 Series with your RCBC Credit Card! Pre-order for as low as P300/mo. for 24mos at 0% inst + FREEBIES. Also, bundle with Galaxy Buds4 & get 10% OFF the Buds. Offers, validity dates and partners vary. T&Cs apply. Details at RCBC Credit website; search: SAMS26P. D250155&251419S26","Upgrade to the Samsung Galaxy S26 Series with your RCBC Credit Card! Pre-order for as low as <AMOUNT>/mo. for 24mos at 0% inst + FREEBIES. Also, bundle with Galaxy Buds4 & get 10% OFF the Buds. Offers, validity dates and partners vary. T&Cs apply. Details at RCBC Credit website; search: SAMS26P. D250155&251419S26",ham,ham,synthetic_ham_candidate,generated_needs_review,True,synthetic_generated_raw,cleaned_from_synthetic_raw,not_applicable_synthetic,synthetic row generated from approved manual ham template,False,False,False,False,True,True,banking,Unknown,C:\Users\Lenovo\OneDrive\Documents\Coding\Some other\Thesis Data Source research\smishing-source-hunt\data\final_dataset_build\interim\service_ham_template_patterns.csv,,synthetic_template,True,service_ham_template_00054,template_slot_sampling,Generated from service_ham_template_00054; synthetic values only.,exact_duplicate
synthetic_service_ham_000336,service_ham_template_generator,synthetic_service_ham_from_manual_templates,synthetic_ham_template,synthetic_row_000336,"Mother's Day is sweeter w/ your RCBC Premium Credit Card! Enjoy a special gift at Paper Moon Café for purchases until Apr. 30! Get 3 Hokkaido Cupcakes for a P500 spend or a Small Original Mille Crepe for a P300 spend. Redeem from 27-Aug 18:05 at any store. Details at the RCBC Credit site, search MDPM. DT1I251767S26","Mother's Day is sweeter w/ your RCBC Premium Credit Card! Enjoy a special gift at Paper Moon Café for purchases until Apr. 30! Get 3 Hokkaido Cupcakes for a <AMOUNT> spend or a Small Original Mille Crepe for a <AMOUNT> spend. Redeem from <DATE_TIME>:05 at any store. Details at the RCBC Credit site, search MDPM. DT1I251767S26",ham,ham,synthetic_ham_candidate,generated_needs_review,True,synthetic_generated_raw,cleaned_from_synthetic_raw,not_applicable_synthetic,synthetic row generated from approved manual ham template,False,False,False,False,True,True,banking,Unknown,C:\Users\Lenovo\OneDrive\Documents\Coding\Some other\Thesis Data Source research\smishing-source-hunt\data\final_dataset_build\interim\service_ham_template_patterns.csv,,synthetic_template,True,service_ham_template_00038,template_slot_sampling,Generated from service_ham_template_00038; synthetic values only.,exact_duplicate
synthetic_service_ham_000338,service_ham_template_generator,synthetic_service_ham_from_manual_templates,synthetic_ham_template,synthetic_row_000338,"Good news! The RCBC Premium Credit Card STAY & DINE exclusive deal at DIAMOND HOTEL is extended until Jun.30! Don't miss your chance to get a DIAMOND INDULGENCE MEMBERSHIP for just P150 (orig. P50). Enjoy a FREE night's stay, up to 50% OFF on dining, and more! For details, contact 09170401147. DTI246122S26.","Good news! The RCBC Premium Credit Card STAY & DINE exclusive deal at DIAMOND HOTEL is extended until Jun.30! Don't miss your chance to get a DIAMOND INDULGENCE MEMBERSHIP for just <AMOUNT> (orig. <AMOUNT>). Enjoy a FREE night's stay, up to 50% OFF on dining, and more! For details, contact <PHONE>. DTI246122S26.",ham,ham,synthetic_ham_candidate,generated_needs_review,True,synthetic_generated_raw,cleaned_from_synthetic_raw,not_applicable_synthetic,synthetic row generated from approved manual ham template,False,False,True,False,True,True,banking,Unknown,C:\Users\Lenovo\OneDrive\Documents\Coding\Some other\Thesis Data Source research\smishing-source-hunt\data\final_dataset_build\interim\service_ham_template_patterns.csv,,synthetic_template,True,service_ham_template_00032,template_slot_sampling,Generated from service_ham_template_00032; synthetic values only.,exact_duplicate
synthetic_service_ham_000350,service_ham_template_generator,synthetic_service_ham_from_manual_templates,synthetic_ham_template,synthetic_row_000350,"Good news! The RCBC Premium Credit Card STAY & DINE exclusive deal at DIAMOND HOTEL is extended until Jun.30! Don't miss your chance to get a DIAMOND INDULGENCE MEMBERSHIP for just P500 (orig. 4.95 GigaPoints). Enjoy a FREE night's stay, up to 50% OFF on dining, and more! For details, contact 09179239022. DTI246122S26.","Good news! The RCBC Premium Credit Card STAY & DINE exclusive deal at DIAMOND HOTEL is extended until Jun.30! Don't miss your chance to get a DIAMOND INDULGENCE MEMBERSHIP for just <AMOUNT> (orig. <AMOUNT>). Enjoy a FREE night's stay, up to 50% OFF on dining, and more! For details, contact <PHONE>. DTI246122S26.",ham,ham,synthetic_ham_candidate,generated_needs_review,True,synthetic_generated_raw,cleaned_from_synthetic_raw,not_applicable_synthetic,synthetic row generated from approved manual ham template,False,False,True,False,True,True,banking,Unknown,C:\Users\Lenovo\OneDrive\Documents\Coding\Some other\Thesis Data Source research\smishing-source-hunt\data\final_dataset_build\interim\service_ham_template_patterns.csv,,synthetic_template,True,service_ham_template_00032,template_slot_sampling,Generated from service_ham_template_00032; synthetic values only.,exact_duplicate
synthetic_service_ham_000362,service_ham_template_generator,synthetic_service_ham_from_manual_templates,synthetic_ham_template,synthetic_row_000362,"Avoid additional charges by not missing your next due date on 04-Oct 02:21. The outstanding balance of your Metrobank credit card ending in XXXXXXXX1817 is P50. Pay at least the minimum amount due of P150, immediately. You may pay via BDO Online, Metrobank App or using other banking apps. Disregard if already paid.","Avoid additional charges by not missing your next due date on <DATE_TIME>:21. The outstanding balance of your Metrobank credit card ending in <REF_NUM> is <AMOUNT>. Pay at least the minimum amount due of <AMOUNT>, immediately. You may pay via BDO Online, Metrobank App or using other banking apps. Disregard if already paid.",ham,ham,synthetic_ham_candidate,generated_needs_review,True,synthetic_generated_raw,cleaned_from_synthetic_raw,not_applicable_synthetic,synthetic row generated from approved manual ham template,False,False,False,False,True,True,banking,Metrobank,C:\Users\Lenovo\OneDrive\Documents\Coding\Some other\Thesis Data Source research\smishing-source-hunt\data\final_dataset_build\interim\service_ham_template_patterns.csv,,synthetic_template,True,service_ham_template_00008,template_slot_sampling,Generated from service_ham_template_00008; synthetic values only.,smishing_like_threat_or_scam_urgency
synthetic_service_ham_000365,service_ham_template_generator,synthetic_service_ham_from_manual_templates,synthetic_ham_template,synthetic_row_000365,"Promo extended! Get Diamond Indulgence Annual Membership for P150 (from P150) with your RCBC Premium Credit Card. Enjoy a free night stay, up to 50% off dining, and more at Diamond Hotel. Offer now valid until at 3:45 PM, 2026. Call 09178173859 or search DHPINDUL on the RCBC Credit Website. DTI246122S26.","Promo extended! Get Diamond Indulgence Annual Membership for <AMOUNT> (from <AMOUNT>) with your RCBC Premium Credit Card. Enjoy a free night stay, up to 50% off dining, and more at Diamond Hotel. Offer now valid until at <DATE_TIME>, 2026. Call <PHONE> or search DHPINDUL on the RCBC Credit Website. DTI246122S26.",ham,ham,synthetic_ham_candidate,generated_needs_review,True,synthetic_generated_raw,cleaned_from_synthetic_raw,not_applicable_synthetic,synthetic row generated from approved manual ham template,False,False,True,False,True,True,banking,Unknown,C:\Users\Lenovo\OneDrive\Documents\Coding\Some other\Thesis Data Source research\smishing-source-hunt\data\final_dataset_build\interim\service_ham_template_patterns.csv,,synthetic_template,True,service_ham_template_00042,template_slot_sampling,Generated from service_ham_template_00042; synthetic values only.,exact_duplicate
synthetic_service_ham_000366,service_ham_template_generator,synthetic_service_ham_from_manual_templates,synthetic_ham_template,synthetic_row_000366,"Ready for summer? Refresh your OOTDs at Zara, Bershka, Massimo Dutti, Oysho, Pull & Bear & Stradivarius! Get up to P300 CASHBACK on straight or 0% installment spends using your RCBC Visa Credit Card from now until at 3:45 PM! Visit the RCBC Credit Website & search CBFITS for full T&Cs. D249279S26","Ready for summer? Refresh your OOTDs at Zara, Bershka, Massimo Dutti, Oysho, Pull & Bear & Stradivarius! Get up to <AMOUNT> CASHBACK on straight or 0% installment spends using your RCBC Visa Credit Card from now until at <DATE_TIME>! Visit the RCBC Credit Website & search CBFITS for full T&Cs. D249279S26",ham,ham,synthetic_ham_candidate,generated_needs_review,True,synthetic_generated_raw,cleaned_from_synthetic_raw,not_applicable_synthetic,synthetic row generated from approved manual ham template,False,False,False,False,True,True,banking,Unknown,C:\Users\Lenovo\OneDrive\Documents\Coding\Some other\Thesis Data Source research\smishing-source-hunt\data\final_dataset_build\interim\service_ham_template_patterns.csv,,synthetic_template,True,service_ham_template_00046,template_slot_sampling,Generated from service_ham_template_00046; synthetic values only.,exact_duplicate
synthetic_service_ham_000377,service_ham_template_generator,synthetic_service_ham_from_manual_templates,synthetic_ham_template,synthetic_row_000377,"Upgrade to the Samsung Galaxy S26 Series with your RCBC Credit Card! Pre-order for as low as P150/mo. for 24mos at 0% inst + FREEBIES. Also, bundle with Galaxy Buds4 & get 10% OFF the Buds. Offers, validity dates and partners vary. T&Cs apply. Details at RCBC Credit website; search: SAMS26P. D250155&251419S26","Upgrade to the Samsung Galaxy S26 Series with your RCBC Credit Card! Pre-order for as low as <AMOUNT>/mo. for 24mos at 0% inst + FREEBIES. Also, bundle with Galaxy Buds4 & get 10% OFF the Buds. Offers, validity dates and partners vary. T&Cs apply. Details at RCBC Credit website; search: SAMS26P. D250155&251419S26",ham,ham,synthetic_ham_candidate,generated_needs_review,True,synthetic_generated_raw,cleaned_from_synthetic_raw,not_applicable_synthetic,synthetic row generated from approved manual ham template,False,False,False,False,True,True,banking,Unknown,C:\Users\Lenovo\OneDrive\Documents\Coding\Some other\Thesis Data Source research\smishing-source-hunt\data\final_dataset_build\interim\service_ham_template_patterns.csv,,synthetic_template,True,service_ham_template_00054,template_slot_sampling,Generated from service_ham_template_00054; synthetic values only.,exact_duplicate
synthetic_service_ham_000378,service_ham_template_generator,synthetic_service_ham_from_manual_templates,synthetic_ham_template,synthetic_row_000378,"JOCELYN ANNE, as of 03/19, you have 7,317 rewards pts w/ your RCBC Visa Infinite. Redeem from 3,P100 for cash credits, vouchers & more, via Erica at the RCBC Credit site or call the Premium Cards hotline. Maximize every spend with your Card: earn 1 pt/P100 spend, 3x pts local online, 5x intl. online/in-store.","JOCELYN ANNE, as of 03/19, you have 7,317 rewards pts w/ your RCBC Visa Infinite. Redeem from 3,<AMOUNT> for cash credits, vouchers & more, via Erica at the RCBC Credit site or call the Premium Cards hotline. Maximize every spend with your Card: earn 1 pt/<AMOUNT> spend, 3x pts local online, 5x intl. online/in-store.",ham,ham,synthetic_ham_candidate,generated_needs_review,True,synthetic_generated_raw,cleaned_from_synthetic_raw,not_applicable_synthetic,synthetic row generated from approved manual ham template,False,False,False,False,True,True,banking,Unknown,C:\Users\Lenovo\OneDrive\Documents\Coding\Some other\Thesis Data Source research\smishing-source-hunt\data\final_dataset_build\interim\service_ham_template_patterns.csv,,synthetic_template,True,service_ham_template_00034,template_slot_sampling,Generated from service_ham_template_00034; synthetic values only.,exact_duplicate
synthetic_service_ham_000388,service_ham_template_generator,synthetic_service_ham_from_manual_templates,synthetic_ham_template,synthetic_row_000388,"Your Apr-2026 Statement Balance for your Card ending in 625652704774 is 4.95 GigaPoints. Min. Amt Due is P500. Due on 05/14. Pay conveniently online using your bank's digital banking website/app or e- wallets. To view your statement & do more with your RCBC Credit Card, download and register to the RCBC Pulz app.","Your Apr-2026 Statement Balance for your Card ending in <REF_NUM> is <AMOUNT>. Min. Amt Due is <AMOUNT>. Due on 05/14. Pay conveniently online using your bank's digital banking website/app or e- wallets. To view your statement & do more with your RCBC Credit Card, download and register to the RCBC Pulz app.",ham,ham,synthetic_ham_candidate,generated_needs_review,True,synthetic_generated_raw,cleaned_from_synthetic_raw,not_applicable_synthetic,synthetic row generated from approved manual ham template,False,False,False,False,True,True,banking,Unknown,C:\Users\Lenovo\OneDrive\Documents\Coding\Some other\Thesis Data Source research\smishing-source-hunt\data\final_dataset_build\interim\service_ham_template_patterns.csv,,synthetic_template,True,service_ham_template_00061,template_slot_sampling,Generated from service_ham_template_00061; synthetic values only.,exact_duplicate
synthetic_service_ham_000397,service_ham_template_generator,synthetic_service_ham_from_manual_templates,synthetic_ham_template,synthetic_row_000397,"JOCELYN ANNE, as of 03/19, you have 7,317 rewards pts w/ your RCBC Visa Infinite. Redeem from 3,PHP 1,000.00 for cash credits, vouchers & more, via Erica at the RCBC Credit site or call the Premium Cards hotline. Maximize every spend with your Card: earn 1 pt/P100 spend, 3x pts local online, 5x intl. online/in-store.","JOCELYN ANNE, as of 03/19, you have 7,317 rewards pts w/ your RCBC Visa Infinite. Redeem from 3,<AMOUNT> for cash credits, vouchers & more, via Erica at the RCBC Credit site or call the Premium Cards hotline. Maximize every spend with your Card: earn 1 pt/<AMOUNT> spend, 3x pts local online, 5x intl. online/in-store.",ham,ham,synthetic_ham_candidate,generated_needs_review,True,synthetic_generated_raw,cleaned_from_synthetic_raw,not_applicable_synthetic,synthetic row generated from approved manual ham template,False,False,False,False,True,True,banking,Unknown,C:\Users\Lenovo\OneDrive\Documents\Coding\Some other\Thesis Data Source research\smishing-source-hunt\data\final_dataset_build\interim\service_ham_template_patterns.csv,,synthetic_template,True,service_ham_template_00034,template_slot_sampling,Generated from service_ham_template_00034; synthetic values only.,exact_duplicate
synthetic_service_ham_000399,service_ham_template_generator,synthetic_service_ham_from_manual_templates,synthetic_ham_template,synthetic_row_000399,"Promo extended! Get Diamond Indulgence Annual Membership for P500 (from 9.95 GigaPoints) with your RCBC Premium Credit Card. Enjoy a free night stay, up to 50% off dining, and more at Diamond Hotel. Offer now valid until 27-Aug 18:05, 2026. Call 09399857890 or search DHPINDUL on the RCBC Credit Website. DTI246122S26.","Promo extended! Get Diamond Indulgence Annual Membership for <AMOUNT> (from <AMOUNT>) with your RCBC Premium Credit Card. Enjoy a free night stay, up to 50% off dining, and more at Diamond Hotel. Offer now valid until <DATE_TIME>:05, 2026. Call <PHONE> or search DHPINDUL on the RCBC Credit Website. DTI246122S26.",ham,ham,synthetic_ham_candidate,generated_needs_review,True,synthetic_generated_raw,cleaned_from_synthetic_raw,not_applicable_synthetic,synthetic row generated from approved manual ham template,False,False,True,False,True,True,banking,Unknown,C:\Users\Lenovo\OneDrive\Documents\Coding\Some other\Thesis Data Source research\smishing-source-hunt\data\final_dataset_build\interim\service_ham_template_patterns.csv,,synthetic_template,True,service_ham_template_00042,template_slot_sampling,Generated from service_ham_template_00042; synthetic values only.,exact_duplicate
synthetic_service_ham_000404,service_ham_template_generator,synthetic_service_ham_from_manual_templates,synthetic_ham_template,synthetic_row_000404,"The new galaxy is here! Get the Samsung Galaxy S26 Series for as low as P50/mo. at 0% inst for 24mos w/ your RCBC Credit Card! Plus, bundle the Galaxy Buds4 to get 10% OFF your Buds. Offers, validity dates and partners vary. Visit the RCBC Credit website & search SAMS26L for details. T&Cs apply. D250155&251419S26","The new galaxy is here! Get the Samsung Galaxy S26 Series for as low as <AMOUNT>/mo. at 0% inst for 24mos w/ your RCBC Credit Card! Plus, bundle the Galaxy Buds4 to get 10% OFF your Buds. Offers, validity dates and partners vary. Visit the RCBC Credit website & search SAMS26L for details. T&Cs apply. D250155&251419S26",ham,ham,synthetic_ham_candidate,generated_needs_review,True,synthetic_generated_raw,cleaned_from_synthetic_raw,not_applicable_synthetic,synthetic row generated from approved manual ham template,False,False,False,False,True,True,banking,Unknown,C:\Users\Lenovo\OneDrive\Documents\Coding\Some other\Thesis Data Source research\smishing-source-hunt\data\final_dataset_build\interim\service_ham_template_patterns.csv,,synthetic_template,True,service_ham_template_00048,template_slot_sampling,Generated from service_ham_template_00048; synthetic values only.,exact_duplicate
synthetic_service_ham_000409,service_ham_template_generator,synthetic_service_ham_from_manual_templates,synthetic_ham_template,synthetic_row_000409,"Your Apr-2026 Statement Balance for your Card ending in ****2679 is 9.95 GigaPoints. Min. Amt Due is PHP 1,000.00. Due on 05/14. Pay conveniently online using your bank's digital banking website/app or e- wallets. To view your statement & do more with your RCBC Credit Card, download and register to the RCBC Pulz app.","Your Apr-2026 Statement Balance for your Card ending in ****2679 is <AMOUNT>. Min. Amt Due is <AMOUNT>. Due on 05/14. Pay conveniently online using your bank's digital banking website/app or e- wallets. To view your statement & do more with your RCBC Credit Card, download and register to the RCBC Pulz app.",ham,ham,synthetic_ham_candidate,generated_needs_review,True,synthetic_generated_raw,cleaned_from_synthetic_raw,not_applicable_synthetic,synthetic row generated from approved manual ham template,False,False,False,False,True,True,banking,Unknown,C:\Users\Lenovo\OneDrive\Documents\Coding\Some other\Thesis Data Source research\smishing-source-hunt\data\final_dataset_build\interim\service_ham_template_patterns.csv,,synthetic_template,True,service_ham_template_00061,template_slot_sampling,Generated from service_ham_template_00061; synthetic values only.,exact_duplicate
synthetic_service_ham_000410,service_ham_template_generator,synthetic_service_ham_from_manual_templates,synthetic_ham_template,synthetic_row_000410,"JOCELYN ANNE, as of 03/19, you have 7,317 rewards pts w/ your RCBC Visa Infinite. Redeem from 3,P100 for cash credits, vouchers & more, via Erica at the RCBC Credit site or call the Premium Cards hotline. Maximize every spend with your Card: earn 1 pt/P500 spend, 3x pts local online, 5x intl. online/in-store.","JOCELYN ANNE, as of 03/19, you have 7,317 rewards pts w/ your RCBC Visa Infinite. Redeem from 3,<AMOUNT> for cash credits, vouchers & more, via Erica at the RCBC Credit site or call the Premium Cards hotline. Maximize every spend with your Card: earn 1 pt/<AMOUNT> spend, 3x pts local online, 5x intl. online/in-store.",ham,ham,synthetic_ham_candidate,generated_needs_review,True,synthetic_generated_raw,cleaned_from_synthetic_raw,not_applicable_synthetic,synthetic row generated from approved manual ham template,False,False,False,False,True,True,banking,Unknown,C:\Users\Lenovo\OneDrive\Documents\Coding\Some other\Thesis Data Source research\smishing-source-hunt\data\final_dataset_build\interim\service_ham_template_patterns.csv,,synthetic_template,True,service_ham_template_00034,template_slot_sampling,Generated from service_ham_template_00034; synthetic values only.,exact_duplicate
synthetic_service_ham_000417,service_ham_template_generator,synthetic_service_ham_from_manual_templates,synthetic_ham_template,synthetic_row_000417,"Promo extended! Get Diamond Indulgence Annual Membership for P500 (from P500) with your RCBC Premium Credit Card. Enjoy a free night stay, up to 50% off dining, and more at Diamond Hotel. Offer now valid until at 3:45 PM, 2026. Call 09173160157 or search DHPINDUL on the RCBC Credit Website. DTI246122S26.","Promo extended! Get Diamond Indulgence Annual Membership for <AMOUNT> (from <AMOUNT>) with your RCBC Premium Credit Card. Enjoy a free night stay, up to 50% off dining, and more at Diamond Hotel. Offer now valid until at <DATE_TIME>, 2026. Call <PHONE> or search DHPINDUL on the RCBC Credit Website. DTI246122S26.",ham,ham,synthetic_ham_candidate,generated_needs_review,True,synthetic_generated_raw,cleaned_from_synthetic_raw,not_applicable_synthetic,synthetic row generated from approved manual ham template,False,False,True,False,True,True,banking,Unknown,C:\Users\Lenovo\OneDrive\Documents\Coding\Some other\Thesis Data Source research\smishing-source-hunt\data\final_dataset_build\interim\service_ham_template_patterns.csv,,synthetic_template,True,service_ham_template_00042,template_slot_sampling,Generated from service_ham_template_00042; synthetic values only.,exact_duplicate
synthetic_service_ham_000425,service_ham_template_generator,synthetic_service_ham_from_manual_templates,synthetic_ham_template,synthetic_row_000425,"Upgrade to the Samsung Galaxy S26 Series with your RCBC Credit Card! Pre-order for as low as PHP 1,000.00/mo. for 24mos at 0% inst + FREEBIES. Also, bundle with Galaxy Buds4 & get 10% OFF the Buds. Offers, validity dates and partners vary. T&Cs apply. Details at RCBC Credit website; search: SAMS26P. D250155&251419S26","Upgrade to the Samsung Galaxy S26 Series with your RCBC Credit Card! Pre-order for as low as <AMOUNT>/mo. for 24mos at 0% inst + FREEBIES. Also, bundle with Galaxy Buds4 & get 10% OFF the Buds. Offers, validity dates and partners vary. T&Cs apply. Details at RCBC Credit website; search: SAMS26P. D250155&251419S26",ham,ham,synthetic_ham_candidate,generated_needs_review,True,synthetic_generated_raw,cleaned_from_synthetic_raw,not_applicable_synthetic,synthetic row generated from approved manual ham template,False,False,False,False,True,True,banking,Unknown,C:\Users\Lenovo\OneDrive\Documents\Coding\Some other\Thesis Data Source research\smishing-source-hunt\data\final_dataset_build\interim\service_ham_template_patterns.csv,,synthetic_template,True,service_ham_template_00054,template_slot_sampling,Generated from service_ham_template_00054; synthetic values only.,exact_duplicate
synthetic_service_ham_000426,service_ham_template_generator,synthetic_service_ham_from_manual_templates,synthetic_ham_template,synthetic_row_000426,"The new galaxy is here! Get the Samsung Galaxy S26 Series for as low as P500/mo. at 0% inst for 24mos w/ your RCBC Credit Card! Plus, bundle the Galaxy Buds4 to get 10% OFF your Buds. Offers, validity dates and partners vary. Visit the RCBC Credit website & search SAMS26L for details. T&Cs apply. D250155&251419S26","The new galaxy is here! Get the Samsung Galaxy S26 Series for as low as <AMOUNT>/mo. at 0% inst for 24mos w/ your RCBC Credit Card! Plus, bundle the Galaxy Buds4 to get 10% OFF your Buds. Offers, validity dates and partners vary. Visit the RCBC Credit website & search SAMS26L for details. T&Cs apply. D250155&251419S26",ham,ham,synthetic_ham_candidate,generated_needs_review,True,synthetic_generated_raw,cleaned_from_synthetic_raw,not_applicable_synthetic,synthetic row generated from approved manual ham template,False,False,False,False,True,True,banking,Unknown,C:\Users\Lenovo\OneDrive\Documents\Coding\Some other\Thesis Data Source research\smishing-source-hunt\data\final_dataset_build\interim\service_ham_template_patterns.csv,,synthetic_template,True,service_ham_template_00048,template_slot_sampling,Generated from service_ham_template_00048; synthetic values only.,exact_duplicate
synthetic_service_ham_000440,service_ham_template_generator,synthetic_service_ham_from_manual_templates,synthetic_ham_template,synthetic_row_000440,"Purchase your Korea concert tickets using your Your bank Mastercard credit card and get up to PHP 1,000.00 CASHBACK! Search ""Up to P50 CASHBACK with Beyond Borders"" on the Metrobank website to learn more. Promo runs from 1/16/6 to 3/15/26. T&Cs apply. DTI244590. CCPD26-002.","Purchase your Korea concert tickets using your Your bank Mastercard credit card and get up to <AMOUNT> CASHBACK! Search ""Up to <AMOUNT> CASHBACK with Beyond Borders"" on the Metrobank website to learn more. Promo runs from 1/16/6 to 3/15/26. T&Cs apply. DTI244590. CCPD26-002.",ham,ham,synthetic_ham_candidate,generated_needs_review,True,synthetic_generated_raw,cleaned_from_synthetic_raw,not_applicable_synthetic,synthetic row generated from approved manual ham template,False,False,False,False,True,True,banking,Metrobank,C:\Users\Lenovo\OneDrive\Documents\Coding\Some other\Thesis Data Source research\smishing-source-hunt\data\final_dataset_build\interim\service_ham_template_patterns.csv,,synthetic_template,True,service_ham_template_00016,template_slot_sampling,Generated from service_ham_template_00016; synthetic values only.,exact_duplicate
synthetic_service_ham_000442,service_ham_template_generator,synthetic_service_ham_from_manual_templates,synthetic_ham_template,synthetic_row_000442,"Your Apr-2026 Statement Balance for your Card ending in 6184992618 is P150. Min. Amt Due is P300. Due on 05/14. Pay conveniently online using your bank's digital banking website/app or e- wallets. To view your statement & do more with your RCBC Credit Card, download and register to the RCBC Pulz app.","Your Apr-2026 Statement Balance for your Card ending in <REF_NUM> is <AMOUNT>. Min. Amt Due is <AMOUNT>. Due on 05/14. Pay conveniently online using your bank's digital banking website/app or e- wallets. To view your statement & do more with your RCBC Credit Card, download and register to the RCBC Pulz app.",ham,ham,synthetic_ham_candidate,generated_needs_review,True,synthetic_generated_raw,cleaned_from_synthetic_raw,not_applicable_synthetic,synthetic row generated from approved manual ham template,False,False,False,False,True,True,banking,Unknown,C:\Users\Lenovo\OneDrive\Documents\Coding\Some other\Thesis Data Source research\smishing-source-hunt\data\final_dataset_build\interim\service_ham_template_patterns.csv,,synthetic_template,True,service_ham_template_00061,template_slot_sampling,Generated from service_ham_template_00061; synthetic values only.,exact_duplicate
synthetic_service_ham_000444,service_ham_template_generator,synthetic_service_ham_from_manual_templates,synthetic_ham_template,synthetic_row_000444,"Ready for summer? Refresh your OOTDs at Zara, Bershka, Massimo Dutti, Oysho, Pull & Bear & Stradivarius! Get up to PHP 2,450.75 CASHBACK on straight or 0% installment spends using your RCBC Visa Credit Card from now until 15-Aug 12:31! Visit the RCBC Credit Website & search CBFITS for full T&Cs. D249279S26","Ready for summer? Refresh your OOTDs at Zara, Bershka, Massimo Dutti, Oysho, Pull & Bear & Stradivarius! Get up to <AMOUNT> CASHBACK on straight or 0% installment spends using your RCBC Visa Credit Card from now until <DATE_TIME>:31! Visit the RCBC Credit Website & search CBFITS for full T&Cs. D249279S26",ham,ham,synthetic_ham_candidate,generated_needs_review,True,synthetic_generated_raw,cleaned_from_synthetic_raw,not_applicable_synthetic,synthetic row generated from approved manual ham template,False,False,False,False,True,True,banking,Unknown,C:\Users\Lenovo\OneDrive\Documents\Coding\Some other\Thesis Data Source research\smishing-source-hunt\data\final_dataset_build\interim\service_ham_template_patterns.csv,,synthetic_template,True,service_ham_template_00046,template_slot_sampling,Generated from service_ham_template_00046; synthetic values only.,exact_duplicate
synthetic_service_ham_000460,service_ham_template_generator,synthetic_service_ham_from_manual_templates,synthetic_ham_template,synthetic_row_000460,"Your Apr-2026 Statement Balance for your Card ending in 53540838663 is 4.95 GigaPoints. Min. Amt Due is P150. Due on 05/14. Pay conveniently online using your bank's digital banking website/app or e- wallets. To view your statement & do more with your RCBC Credit Card, download and register to the RCBC Pulz app.","Your Apr-2026 Statement Balance for your Card ending in <REF_NUM> is <AMOUNT>. Min. Amt Due is <AMOUNT>. Due on 05/14. Pay conveniently online using your bank's digital banking website/app or e- wallets. To view your statement & do more with your RCBC Credit Card, download and register to the RCBC Pulz app.",ham,ham,synthetic_ham_candidate,generated_needs_review,True,synthetic_generated_raw,cleaned_from_synthetic_raw,not_applicable_synthetic,synthetic row generated from approved manual ham template,False,False,False,False,True,True,banking,Unknown,C:\Users\Lenovo\OneDrive\Documents\Coding\Some other\Thesis Data Source research\smishing-source-hunt\data\final_dataset_build\interim\service_ham_template_patterns.csv,,synthetic_template,True,service_ham_template_00061,template_slot_sampling,Generated from service_ham_template_00061; synthetic values only.,exact_duplicate
synthetic_service_ham_000466,service_ham_template_generator,synthetic_service_ham_from_manual_templates,synthetic_ham_template,synthetic_row_000466,"Your Apr-2026 Statement Balance for your Card ending in 30554885 is PHP 1,000.00. Min. Amt Due is 4.95 GigaPoints. Due on 05/14. Pay conveniently online using your bank's digital banking website/app or e- wallets. To view your statement & do more with your RCBC Credit Card, download and register to the RCBC Pulz app.","Your Apr-2026 Statement Balance for your Card ending in <REF_NUM> is <AMOUNT>. Min. Amt Due is <AMOUNT>. Due on 05/14. Pay conveniently online using your bank's digital banking website/app or e- wallets. To view your statement & do more with your RCBC Credit Card, download and register to the RCBC Pulz app.",ham,ham,synthetic_ham_candidate,generated_needs_review,True,synthetic_generated_raw,cleaned_from_synthetic_raw,not_applicable_synthetic,synthetic row generated from approved manual ham template,False,False,False,False,True,True,banking,Unknown,C:\Users\Lenovo\OneDrive\Documents\Coding\Some other\Thesis Data Source research\smishing-source-hunt\data\final_dataset_build\interim\service_ham_template_patterns.csv,,synthetic_template,True,service_ham_template_00061,template_slot_sampling,Generated from service_ham_template_00061; synthetic values only.,exact_duplicate
synthetic_service_ham_000475,service_ham_template_generator,synthetic_service_ham_from_manual_templates,synthetic_ham_template,synthetic_row_000475,"Good news! The RCBC Premium Credit Card STAY & DINE exclusive deal at DIAMOND HOTEL is extended until Jun.30! Don't miss your chance to get a DIAMOND INDULGENCE MEMBERSHIP for just P500 (orig. PHP 2,450.75). Enjoy a FREE night's stay, up to 50% OFF on dining, and more! For details, contact 09174935413. DTI246122S26.","Good news! The RCBC Premium Credit Card STAY & DINE exclusive deal at DIAMOND HOTEL is extended until Jun.30! Don't miss your chance to get a DIAMOND INDULGENCE MEMBERSHIP for just <AMOUNT> (orig. <AMOUNT>). Enjoy a FREE night's stay, up to 50% OFF on dining, and more! For details, contact <PHONE>. DTI246122S26.",ham,ham,synthetic_ham_candidate,generated_needs_review,True,synthetic_generated_raw,cleaned_from_synthetic_raw,not_applicable_synthetic,synthetic row generated from approved manual ham template,False,False,True,False,True,True,banking,Unknown,C:\Users\Lenovo\OneDrive\Documents\Coding\Some other\Thesis Data Source research\smishing-source-hunt\data\final_dataset_build\interim\service_ham_template_patterns.csv,,synthetic_template,True,service_ham_template_00032,template_slot_sampling,Generated from service_ham_template_00032; synthetic values only.,exact_duplicate
synthetic_service_ham_000480,service_ham_template_generator,synthetic_service_ham_from_manual_templates,synthetic_ham_template,synthetic_row_000480,"Your Mar-2026 Statement Balance for your Card ending in 8799684608 is 9.95 GigaPoints. Min. Amt Due is PHP 1,000.00. Due on 04/13. Pay conveniently online using your bank's digital banking website/app or e- wallets. To view your statement & do more with your RCBC Credit Card, download and register to the RCBC Pulz app.","Your Mar-2026 Statement Balance for your Card ending in <REF_NUM> is <AMOUNT>. Min. Amt Due is <AMOUNT>. Due on 04/13. Pay conveniently online using your bank's digital banking website/app or e- wallets. To view your statement & do more with your RCBC Credit Card, download and register to the RCBC Pulz app.",ham,ham,synthetic_ham_candidate,generated_needs_review,True,synthetic_generated_raw,cleaned_from_synthetic_raw,not_applicable_synthetic,synthetic row generated from approved manual ham template,False,False,False,False,True,True,banking,Unknown,C:\Users\Lenovo\OneDrive\Documents\Coding\Some other\Thesis Data Source research\smishing-source-hunt\data\final_dataset_build\interim\service_ham_template_patterns.csv,,synthetic_template,True,service_ham_template_00065,template_slot_sampling,Generated from service_ham_template_00065; synthetic values only.,exact_duplicate
synthetic_service_ham_000482,service_ham_template_generator,synthetic_service_ham_from_manual_templates,synthetic_ham_template,synthetic_row_000482,"Avoid additional charges by not missing your next due date on on 12 May 2026. The outstanding balance of your Metrobank credit card ending in XXXXXXXX4695 is P300. Pay at least the minimum amount due of P500, immediately. You may pay via BPI Online, BDO App or using other banking apps. Disregard if already paid.","Avoid additional charges by not missing your next due date on on <DATE_TIME>. The outstanding balance of your Metrobank credit card ending in <REF_NUM> is <AMOUNT>. Pay at least the minimum amount due of <AMOUNT>, immediately. You may pay via BPI Online, BDO App or using other banking apps. Disregard if already paid.",ham,ham,synthetic_ham_candidate,generated_needs_review,True,synthetic_generated_raw,cleaned_from_synthetic_raw,not_applicable_synthetic,synthetic row generated from approved manual ham template,False,False,False,False,True,True,banking,Metrobank,C:\Users\Lenovo\OneDrive\Documents\Coding\Some other\Thesis Data Source research\smishing-source-hunt\data\final_dataset_build\interim\service_ham_template_patterns.csv,,synthetic_template,True,service_ham_template_00008,template_slot_sampling,Generated from service_ham_template_00008; synthetic values only.,smishing_like_threat_or_scam_urgency
synthetic_service_ham_000495,service_ham_template_generator,synthetic_service_ham_from_manual_templates,synthetic_ham_template,synthetic_row_000495,"Your Apr-2026 Statement Balance for your Card ending in 7399305616 is 9.95 GigaPoints. Min. Amt Due is P50. Due on 05/14. Pay conveniently online using your bank's digital banking website/app or e- wallets. To view your statement & do more with your RCBC Credit Card, download and register to the RCBC Pulz app.","Your Apr-2026 Statement Balance for your Card ending in <REF_NUM> is <AMOUNT>. Min. Amt Due is <AMOUNT>. Due on 05/14. Pay conveniently online using your bank's digital banking website/app or e- wallets. To view your statement & do more with your RCBC Credit Card, download and register to the RCBC Pulz app.",ham,ham,synthetic_ham_candidate,generated_needs_review,True,synthetic_generated_raw,cleaned_from_synthetic_raw,not_applicable_synthetic,synthetic row generated from approved manual ham template,False,False,False,False,True,True,banking,Unknown,C:\Users\Lenovo\OneDrive\Documents\Coding\Some other\Thesis Data Source research\smishing-source-hunt\data\final_dataset_build\interim\service_ham_template_patterns.csv,,synthetic_template,True,service_ham_template_00061,template_slot_sampling,Generated from service_ham_template_00061; synthetic values only.,exact_duplicate
synthetic_service_ham_000499,service_ham_template_generator,synthetic_service_ham_from_manual_templates,synthetic_ham_template,synthetic_row_000499,"Promo extended! Get Diamond Indulgence Annual Membership for 9.95 GigaPoints (from P100) with your RCBC Premium Credit Card. Enjoy a free night stay, up to 50% off dining, and more at Diamond Hotel. Offer now valid until today, 2026. Call 09399025719 or search DHPINDUL on the RCBC Credit Website. DTI246122S26.","Promo extended! Get Diamond Indulgence Annual Membership for <AMOUNT> (from <AMOUNT>) with your RCBC Premium Credit Card. Enjoy a free night stay, up to 50% off dining, and more at Diamond Hotel. Offer now valid until <DATE_TIME>, 2026. Call <PHONE> or search DHPINDUL on the RCBC Credit Website. DTI246122S26.",ham,ham,synthetic_ham_candidate,generated_needs_review,True,synthetic_generated_raw,cleaned_from_synthetic_raw,not_applicable_synthetic,synthetic row generated from approved manual ham template,False,False,True,False,True,True,banking,Unknown,C:\Users\Lenovo\OneDrive\Documents\Coding\Some other\Thesis Data Source research\smishing-source-hunt\data\final_dataset_build\interim\service_ham_template_patterns.csv,,synthetic_template,True,service_ham_template_00042,template_slot_sampling,Generated from service_ham_template_00042; synthetic values only.,exact_duplicate
synthetic_service_ham_000502,service_ham_template_generator,synthetic_service_ham_from_manual_templates,synthetic_ham_template,synthetic_row_000502,"Barefoot luxury in Siargao awaits. Enjoy an exclusive discount at Nay Palad Hideaway and all-inclusive island bliss w/ your RCBC Premium Credit Card. To book, call 09397117053 / 09393449052. For details, visit the rcbccredit website, search NPH20. DTI246086S26. Offer until 6/30/26","Barefoot luxury in Siargao awaits. Enjoy an exclusive discount at Nay Palad Hideaway and all-inclusive island bliss w/ your RCBC Premium Credit Card. To book, call <PHONE> / <PHONE>. For details, visit the rcbccredit website, search NPH20. DTI246086S26. Offer until 6/30/26",ham,ham,synthetic_ham_candidate,generated_needs_review,True,synthetic_generated_raw,cleaned_from_synthetic_raw,not_applicable_synthetic,synthetic row generated from approved manual ham template,False,False,True,False,False,True,banking,Unknown,C:\Users\Lenovo\OneDrive\Documents\Coding\Some other\Thesis Data Source research\smishing-source-hunt\data\final_dataset_build\interim\service_ham_template_patterns.csv,,synthetic_template,True,service_ham_template_00027,template_slot_sampling,Generated from service_ham_template_00027; synthetic values only.,exact_duplicate
synthetic_service_ham_000506,service_ham_template_generator,synthetic_service_ham_from_manual_templates,synthetic_ham_template,synthetic_row_000506,"To improve your experience, we will have a scheduled system upgrade on at 3:45 PM (SUN), from today to 04-Oct 02:21. Our debit cards, online channels, and other services, will be temporarily unavailable. Please plan ahead. Visit our social media pages for updates. For concerns, call (09391060950. Thank you.","To improve your experience, we will have a scheduled system upgrade on at <DATE_TIME> (SUN), from <DATE_TIME> to <DATE_TIME>:21. Our debit cards, online channels, and other services, will be temporarily unavailable. Please plan ahead. Visit our social media pages for updates. For concerns, call (<PHONE>. Thank you.",ham,ham,synthetic_ham_candidate,generated_needs_review,True,synthetic_generated_raw,cleaned_from_synthetic_raw,not_applicable_synthetic,synthetic row generated from approved manual ham template,False,False,True,False,False,False,banking,Unknown,C:\Users\Lenovo\OneDrive\Documents\Coding\Some other\Thesis Data Source research\smishing-source-hunt\data\final_dataset_build\interim\service_ham_template_patterns.csv,,synthetic_template,True,service_ham_template_00050,template_slot_sampling,Generated from service_ham_template_00050; synthetic values only.,exact_duplicate
synthetic_service_ham_000508,service_ham_template_generator,synthetic_service_ham_from_manual_templates,synthetic_ham_template,synthetic_row_000508,"Ready for summer? Refresh your OOTDs at Zara, Bershka, Massimo Dutti, Oysho, Pull & Bear & Stradivarius! Get up to 9.95 GigaPoints CASHBACK on straight or 0% installment spends using your RCBC Visa Credit Card from now until today! Visit the RCBC Credit Website & search CBFITS for full T&Cs. D249279S26","Ready for summer? Refresh your OOTDs at Zara, Bershka, Massimo Dutti, Oysho, Pull & Bear & Stradivarius! Get up to <AMOUNT> CASHBACK on straight or 0% installment spends using your RCBC Visa Credit Card from now until <DATE_TIME>! Visit the RCBC Credit Website & search CBFITS for full T&Cs. D249279S26",ham,ham,synthetic_ham_candidate,generated_needs_review,True,synthetic_generated_raw,cleaned_from_synthetic_raw,not_applicable_synthetic,synthetic row generated from approved manual ham template,False,False,False,False,True,True,banking,Unknown,C:\Users\Lenovo\OneDrive\Documents\Coding\Some other\Thesis Data Source research\smishing-source-hunt\data\final_dataset_build\interim\service_ham_template_patterns.csv,,synthetic_template,True,service_ham_template_00046,template_slot_sampling,Generated from service_ham_template_00046; synthetic values only.,exact_duplicate
synthetic_service_ham_000520,service_ham_template_generator,synthetic_service_ham_from_manual_templates,synthetic_ham_template,synthetic_row_000520,"Still haven't referred? Don't miss the chance to earn big: get P50 eGC for every successful referral until 15-Aug 12:31, 2026! Share your code ACO135 & invite friends to apply for their 1st BPI credit card! Visit our website for the application link and T&Cs. DT1245534S2025 CCPD26-041","Still haven't referred? Don't miss the chance to earn big: get <AMOUNT> eGC for every successful referral until <DATE_TIME>:31, 2026! Share your code ACO135 & invite friends to apply for their 1st BPI credit card! Visit our website for the application link and T&Cs. DT1245534S2025 CCPD26-041",ham,ham,synthetic_ham_candidate,generated_needs_review,True,synthetic_generated_raw,cleaned_from_synthetic_raw,not_applicable_synthetic,synthetic row generated from approved manual ham template,False,False,False,False,True,True,banking,Metrobank,C:\Users\Lenovo\OneDrive\Documents\Coding\Some other\Thesis Data Source research\smishing-source-hunt\data\final_dataset_build\interim\service_ham_template_patterns.csv,,synthetic_template,True,service_ham_template_00022,template_slot_sampling,Generated from service_ham_template_00022; synthetic values only.,exact_duplicate
synthetic_service_ham_000526,service_ham_template_generator,synthetic_service_ham_from_manual_templates,synthetic_ham_template,synthetic_row_000526,"Your Mar-2026 Statement Balance for your Card ending in ending in 5961 is 9.95 GigaPoints. Min. Amt Due is P100. Due on 04/13. Pay conveniently online using your bank's digital banking website/app or e- wallets. To view your statement & do more with your RCBC Credit Card, download and register to the RCBC Pulz app.","Your Mar-2026 Statement Balance for your Card ending in <REF_NUM> is <AMOUNT>. Min. Amt Due is <AMOUNT>. Due on 04/13. Pay conveniently online using your bank's digital banking website/app or e- wallets. To view your statement & do more with your RCBC Credit Card, download and register to the RCBC Pulz app.",ham,ham,synthetic_ham_candidate,generated_needs_review,True,synthetic_generated_raw,cleaned_from_synthetic_raw,not_applicable_synthetic,synthetic row generated from approved manual ham template,False,False,False,False,True,True,banking,Unknown,C:\Users\Lenovo\OneDrive\Documents\Coding\Some other\Thesis Data Source research\smishing-source-hunt\data\final_dataset_build\interim\service_ham_template_patterns.csv,,synthetic_template,True,service_ham_template_00065,template_slot_sampling,Generated from service_ham_template_00065; synthetic values only.,exact_duplicate
synthetic_service_ham_000527,service_ham_template_generator,synthetic_service_ham_from_manual_templates,synthetic_ham_template,synthetic_row_000527,"Your Mar-2026 Statement Balance for your Card ending in XXXXXXXX8423 is P50. Min. Amt Due is P300. Due on 04/13. Pay conveniently online using your bank's digital banking website/app or e- wallets. To view your statement & do more with your RCBC Credit Card, download and register to the RCBC Pulz app.","Your Mar-2026 Statement Balance for your Card ending in <REF_NUM> is <AMOUNT>. Min. Amt Due is <AMOUNT>. Due on 04/13. Pay conveniently online using your bank's digital banking website/app or e- wallets. To view your statement & do more with your RCBC Credit Card, download and register to the RCBC Pulz app.",ham,ham,synthetic_ham_candidate,generated_needs_review,True,synthetic_generated_raw,cleaned_from_synthetic_raw,not_applicable_synthetic,synthetic row generated from approved manual ham template,False,False,False,False,True,True,banking,Unknown,C:\Users\Lenovo\OneDrive\Documents\Coding\Some other\Thesis Data Source research\smishing-source-hunt\data\final_dataset_build\interim\service_ham_template_patterns.csv,,synthetic_template,True,service_ham_template_00065,template_slot_sampling,Generated from service_ham_template_00065; synthetic values only.,exact_duplicate
synthetic_service_ham_000529,service_ham_template_generator,synthetic_service_ham_from_manual_templates,synthetic_ham_template,synthetic_row_000529,"Your Apr-2026 Statement Balance for your Card ending in 1844989266 is 4.95 GigaPoints. Min. Amt Due is P50. Due on 05/14. Pay conveniently online using your bank's digital banking website/app or e- wallets. To view your statement & do more with your RCBC Credit Card, download and register to the RCBC Pulz app.","Your Apr-2026 Statement Balance for your Card ending in <REF_NUM> is <AMOUNT>. Min. Amt Due is <AMOUNT>. Due on 05/14. Pay conveniently online using your bank's digital banking website/app or e- wallets. To view your statement & do more with your RCBC Credit Card, download and register to the RCBC Pulz app.",ham,ham,synthetic_ham_candidate,generated_needs_review,True,synthetic_generated_raw,cleaned_from_synthetic_raw,not_applicable_synthetic,synthetic row generated from approved manual ham template,False,False,False,False,True,True,banking,Unknown,C:\Users\Lenovo\OneDrive\Documents\Coding\Some other\Thesis Data Source research\smishing-source-hunt\data\final_dataset_build\interim\service_ham_template_patterns.csv,,synthetic_template,True,service_ham_template_00061,template_slot_sampling,Generated from service_ham_template_00061; synthetic values only.,exact_duplicate
synthetic_service_ham_000535,service_ham_template_generator,synthetic_service_ham_from_manual_templates,synthetic_ham_template,synthetic_row_000535,"Stay cool this summer! Get up to P100 OFF the SRP of select aircon models at 0% installment for up to 24 months, plus Buy Now, Pay Later using your RCBC Credit Card at Western Appliances. Promo valid until at 3:45 PM, 2026. Visit the RCBC Credit Website & search: WESAPP26 for details. D252780S26","Stay cool this summer! Get up to <AMOUNT> OFF the SRP of select aircon models at 0% installment for up to 24 months, plus Buy Now, Pay Later using your RCBC Credit Card at Western Appliances. Promo valid until at <DATE_TIME>, 2026. Visit the RCBC Credit Website & search: WESAPP26 for details. D252780S26",ham,ham,synthetic_ham_candidate,generated_needs_review,True,synthetic_generated_raw,cleaned_from_synthetic_raw,not_applicable_synthetic,synthetic row generated from approved manual ham template,False,False,False,False,True,True,banking,Unknown,C:\Users\Lenovo\OneDrive\Documents\Coding\Some other\Thesis Data Source research\smishing-source-hunt\data\final_dataset_build\interim\service_ham_template_patterns.csv,,synthetic_template,True,service_ham_template_00047,template_slot_sampling,Generated from service_ham_template_00047; synthetic values only.,exact_duplicate
synthetic_service_ham_000539,service_ham_template_generator,synthetic_service_ham_from_manual_templates,synthetic_ham_template,synthetic_row_000539,"Avoid additional charges by not missing your next due date on tomorrow. The outstanding balance of your BDO credit card ending in ending in 9819 is P150. Pay at least the minimum amount due of P500, immediately. You may pay via Metrobank Online, BDO App or using other banking apps. Disregard if already paid.","Avoid additional charges by not missing your next due date on <DATE_TIME>. The outstanding balance of your BDO credit card ending in <REF_NUM> is <AMOUNT>. Pay at least the minimum amount due of <AMOUNT>, immediately. You may pay via Metrobank Online, BDO App or using other banking apps. Disregard if already paid.",ham,ham,synthetic_ham_candidate,generated_needs_review,True,synthetic_generated_raw,cleaned_from_synthetic_raw,not_applicable_synthetic,synthetic row generated from approved manual ham template,False,False,False,False,True,True,banking,Metrobank,C:\Users\Lenovo\OneDrive\Documents\Coding\Some other\Thesis Data Source research\smishing-source-hunt\data\final_dataset_build\interim\service_ham_template_patterns.csv,,synthetic_template,True,service_ham_template_00008,template_slot_sampling,Generated from service_ham_template_00008; synthetic values only.,smishing_like_threat_or_scam_urgency
synthetic_service_ham_000544,service_ham_template_generator,synthetic_service_ham_from_manual_templates,synthetic_ham_template,synthetic_row_000544,"Your Mar-2026 Statement Balance for your Card ending in 799088117 is PHP 2,450.75. Min. Amt Due is P150. Due on 04/13. Pay conveniently online using your bank's digital banking website/app or e- wallets. To view your statement & do more with your RCBC Credit Card, download and register to the RCBC Pulz app.","Your Mar-2026 Statement Balance for your Card ending in <REF_NUM> is <AMOUNT>. Min. Amt Due is <AMOUNT>. Due on 04/13. Pay conveniently online using your bank's digital banking website/app or e- wallets. To view your statement & do more with your RCBC Credit Card, download and register to the RCBC Pulz app.",ham,ham,synthetic_ham_candidate,generated_needs_review,True,synthetic_generated_raw,cleaned_from_synthetic_raw,not_applicable_synthetic,synthetic row generated from approved manual ham template,False,False,False,False,True,True,banking,Unknown,C:\Users\Lenovo\OneDrive\Documents\Coding\Some other\Thesis Data Source research\smishing-source-hunt\data\final_dataset_build\interim\service_ham_template_patterns.csv,,synthetic_template,True,service_ham_template_00065,template_slot_sampling,Generated from service_ham_template_00065; synthetic values only.,exact_duplicate
synthetic_service_ham_000554,service_ham_template_generator,synthetic_service_ham_from_manual_templates,synthetic_ham_template,synthetic_row_000554,"JOCELYN ANNE, as of 03/19, you have 7,317 rewards pts w/ your RCBC Visa Infinite. Redeem from 3,P300 for cash credits, vouchers & more, via Erica at the RCBC Credit site or call the Premium Cards hotline. Maximize every spend with your Card: earn 1 pt/PHP 1,000.00 spend, 3x pts local online, 5x intl. online/in-store.","JOCELYN ANNE, as of 03/19, you have 7,317 rewards pts w/ your RCBC Visa Infinite. Redeem from 3,<AMOUNT> for cash credits, vouchers & more, via Erica at the RCBC Credit site or call the Premium Cards hotline. Maximize every spend with your Card: earn 1 pt/<AMOUNT> spend, 3x pts local online, 5x intl. online/in-store.",ham,ham,synthetic_ham_candidate,generated_needs_review,True,synthetic_generated_raw,cleaned_from_synthetic_raw,not_applicable_synthetic,synthetic row generated from approved manual ham template,False,False,False,False,True,True,banking,Unknown,C:\Users\Lenovo\OneDrive\Documents\Coding\Some other\Thesis Data Source research\smishing-source-hunt\data\final_dataset_build\interim\service_ham_template_patterns.csv,,synthetic_template,True,service_ham_template_00034,template_slot_sampling,Generated from service_ham_template_00034; synthetic values only.,exact_duplicate
synthetic_service_ham_000558,service_ham_template_generator,synthetic_service_ham_from_manual_templates,synthetic_ham_template,synthetic_row_000558,"Ready for summer? Refresh your OOTDs at Zara, Bershka, Massimo Dutti, Oysho, Pull & Bear & Stradivarius! Get up to PHP 2,450.75 CASHBACK on straight or 0% installment spends using your RCBC Visa Credit Card from now until 27-Aug 18:05! Visit the RCBC Credit Website & search CBFITS for full T&Cs. D249279S26","Ready for summer? Refresh your OOTDs at Zara, Bershka, Massimo Dutti, Oysho, Pull & Bear & Stradivarius! Get up to <AMOUNT> CASHBACK on straight or 0% installment spends using your RCBC Visa Credit Card from now until <DATE_TIME>:05! Visit the RCBC Credit Website & search CBFITS for full T&Cs. D249279S26",ham,ham,synthetic_ham_candidate,generated_needs_review,True,synthetic_generated_raw,cleaned_from_synthetic_raw,not_applicable_synthetic,synthetic row generated from approved manual ham template,False,False,False,False,True,True,banking,Unknown,C:\Users\Lenovo\OneDrive\Documents\Coding\Some other\Thesis Data Source research\smishing-source-hunt\data\final_dataset_build\interim\service_ham_template_patterns.csv,,synthetic_template,True,service_ham_template_00046,template_slot_sampling,Generated from service_ham_template_00046; synthetic values only.,exact_duplicate
synthetic_service_ham_000560,service_ham_template_generator,synthetic_service_ham_from_manual_templates,synthetic_ham_template,synthetic_row_000560,"JOCELYN ANNE, as of 03/19, you have 7,317 rewards pts w/ your RCBC Visa Infinite. Redeem from 3,P150 for cash credits, vouchers & more, via Erica at the RCBC Credit site or call the Premium Cards hotline. Maximize every spend with your Card: earn 1 pt/PHP 2,450.75 spend, 3x pts local online, 5x intl. online/in-store.","JOCELYN ANNE, as of 03/19, you have 7,317 rewards pts w/ your RCBC Visa Infinite. Redeem from 3,<AMOUNT> for cash credits, vouchers & more, via Erica at the RCBC Credit site or call the Premium Cards hotline. Maximize every spend with your Card: earn 1 pt/<AMOUNT> spend, 3x pts local online, 5x intl. online/in-store.",ham,ham,synthetic_ham_candidate,generated_needs_review,True,synthetic_generated_raw,cleaned_from_synthetic_raw,not_applicable_synthetic,synthetic row generated from approved manual ham template,False,False,False,False,True,True,banking,Unknown,C:\Users\Lenovo\OneDrive\Documents\Coding\Some other\Thesis Data Source research\smishing-source-hunt\data\final_dataset_build\interim\service_ham_template_patterns.csv,,synthetic_template,True,service_ham_template_00034,template_slot_sampling,Generated from service_ham_template_00034; synthetic values only.,exact_duplicate
synthetic_service_ham_000561,service_ham_template_generator,synthetic_service_ham_from_manual_templates,synthetic_ham_template,synthetic_row_000561,"Your Mar-2026 Statement Balance for your Card ending in 451848947697 is P100. Min. Amt Due is 9.95 GigaPoints. Due on 04/13. Pay conveniently online using your bank's digital banking website/app or e- wallets. To view your statement & do more with your RCBC Credit Card, download and register to the RCBC Pulz app.","Your Mar-2026 Statement Balance for your Card ending in <REF_NUM> is <AMOUNT>. Min. Amt Due is <AMOUNT>. Due on 04/13. Pay conveniently online using your bank's digital banking website/app or e- wallets. To view your statement & do more with your RCBC Credit Card, download and register to the RCBC Pulz app.",ham,ham,synthetic_ham_candidate,generated_needs_review,True,synthetic_generated_raw,cleaned_from_synthetic_raw,not_applicable_synthetic,synthetic row generated from approved manual ham template,False,False,False,False,True,True,banking,Unknown,C:\Users\Lenovo\OneDrive\Documents\Coding\Some other\Thesis Data Source research\smishing-source-hunt\data\final_dataset_build\interim\service_ham_template_patterns.csv,,synthetic_template,True,service_ham_template_00065,template_slot_sampling,Generated from service_ham_template_00065; synthetic values only.,exact_duplicate
synthetic_service_ham_000565,service_ham_template_generator,synthetic_service_ham_from_manual_templates,synthetic_ham_template,synthetic_row_000565,"JOCELYN ANNE, as of 03/19, you have 7,317 rewards pts w/ your RCBC Visa Infinite. Redeem from 3,P300 for cash credits, vouchers & more, via Erica at the RCBC Credit site or call the Premium Cards hotline. Maximize every spend with your Card: earn 1 pt/P300 spend, 3x pts local online, 5x intl. online/in-store.","JOCELYN ANNE, as of 03/19, you have 7,317 rewards pts w/ your RCBC Visa Infinite. Redeem from 3,<AMOUNT> for cash credits, vouchers & more, via Erica at the RCBC Credit site or call the Premium Cards hotline. Maximize every spend with your Card: earn 1 pt/<AMOUNT> spend, 3x pts local online, 5x intl. online/in-store.",ham,ham,synthetic_ham_candidate,generated_needs_review,True,synthetic_generated_raw,cleaned_from_synthetic_raw,not_applicable_synthetic,synthetic row generated from approved manual ham template,False,False,False,False,True,True,banking,Unknown,C:\Users\Lenovo\OneDrive\Documents\Coding\Some other\Thesis Data Source research\smishing-source-hunt\data\final_dataset_build\interim\service_ham_template_patterns.csv,,synthetic_template,True,service_ham_template_00034,template_slot_sampling,Generated from service_ham_template_00034; synthetic values only.,exact_duplicate
synthetic_service_ham_000566,service_ham_template_generator,synthetic_service_ham_from_manual_templates,synthetic_ham_template,synthetic_row_000566,"Good news! The RCBC Premium Credit Card STAY & DINE exclusive deal at DIAMOND HOTEL is extended until Jun.30! Don't miss your chance to get a DIAMOND INDULGENCE MEMBERSHIP for just PHP 1,000.00 (orig. P150). Enjoy a FREE night's stay, up to 50% OFF on dining, and more! For details, contact 09392011227. DTI246122S26.","Good news! The RCBC Premium Credit Card STAY & DINE exclusive deal at DIAMOND HOTEL is extended until Jun.30! Don't miss your chance to get a DIAMOND INDULGENCE MEMBERSHIP for just <AMOUNT> (orig. <AMOUNT>). Enjoy a FREE night's stay, up to 50% OFF on dining, and more! For details, contact <PHONE>. DTI246122S26.",ham,ham,synthetic_ham_candidate,generated_needs_review,True,synthetic_generated_raw,cleaned_from_synthetic_raw,not_applicable_synthetic,synthetic row generated from approved manual ham template,False,False,True,False,True,True,banking,Unknown,C:\Users\Lenovo\OneDrive\Documents\Coding\Some other\Thesis Data Source research\smishing-source-hunt\data\final_dataset_build\interim\service_ham_template_patterns.csv,,synthetic_template,True,service_ham_template_00032,template_slot_sampling,Generated from service_ham_template_00032; synthetic values only.,exact_duplicate
synthetic_service_ham_000571,service_ham_template_generator,synthetic_service_ham_from_manual_templates,synthetic_ham_template,synthetic_row_000571,"JOCELYN ANNE, as of 03/19, you have 7,317 rewards pts w/ your RCBC Visa Infinite. Redeem from 3,P300 for cash credits, vouchers & more, via Erica at the RCBC Credit site or call the Premium Cards hotline. Maximize every spend with your Card: earn 1 pt/P500 spend, 3x pts local online, 5x intl. online/in-store.","JOCELYN ANNE, as of 03/19, you have 7,317 rewards pts w/ your RCBC Visa Infinite. Redeem from 3,<AMOUNT> for cash credits, vouchers & more, via Erica at the RCBC Credit site or call the Premium Cards hotline. Maximize every spend with your Card: earn 1 pt/<AMOUNT> spend, 3x pts local online, 5x intl. online/in-store.",ham,ham,synthetic_ham_candidate,generated_needs_review,True,synthetic_generated_raw,cleaned_from_synthetic_raw,not_applicable_synthetic,synthetic row generated from approved manual ham template,False,False,False,False,True,True,banking,Unknown,C:\Users\Lenovo\OneDrive\Documents\Coding\Some other\Thesis Data Source research\smishing-source-hunt\data\final_dataset_build\interim\service_ham_template_patterns.csv,,synthetic_template,True,service_ham_template_00034,template_slot_sampling,Generated from service_ham_template_00034; synthetic values only.,exact_duplicate
synthetic_service_ham_000572,service_ham_template_generator,synthetic_service_ham_from_manual_templates,synthetic_ham_template,synthetic_row_000572,"Your Apr-2026 Statement Balance for your Card ending in XXXXXXXX8171 is PHP 1,000.00. Min. Amt Due is PHP 1,000.00. Due on 05/14. Pay conveniently online using your bank's digital banking website/app or e- wallets. To view your statement & do more with your RCBC Credit Card, download and register to the RCBC Pulz app.","Your Apr-2026 Statement Balance for your Card ending in <REF_NUM> is <AMOUNT>. Min. Amt Due is <AMOUNT>. Due on 05/14. Pay conveniently online using your bank's digital banking website/app or e- wallets. To view your statement & do more with your RCBC Credit Card, download and register to the RCBC Pulz app.",ham,ham,synthetic_ham_candidate,generated_needs_review,True,synthetic_generated_raw,cleaned_from_synthetic_raw,not_applicable_synthetic,synthetic row generated from approved manual ham template,False,False,False,False,True,True,banking,Unknown,C:\Users\Lenovo\OneDrive\Documents\Coding\Some other\Thesis Data Source research\smishing-source-hunt\data\final_dataset_build\interim\service_ham_template_patterns.csv,,synthetic_template,True,service_ham_template_00061,template_slot_sampling,Generated from service_ham_template_00061; synthetic values only.,exact_duplicate
synthetic_service_ham_000575,service_ham_template_generator,synthetic_service_ham_from_manual_templates,synthetic_ham_template,synthetic_row_000575,"Your Apr-2026 Statement Balance for your Card ending in ending in 8185 is P50. Min. Amt Due is P150. Due on 05/14. Pay conveniently online using your bank's digital banking website/app or e- wallets. To view your statement & do more with your RCBC Credit Card, download and register to the RCBC Pulz app.","Your Apr-2026 Statement Balance for your Card ending in <REF_NUM> is <AMOUNT>. Min. Amt Due is <AMOUNT>. Due on 05/14. Pay conveniently online using your bank's digital banking website/app or e- wallets. To view your statement & do more with your RCBC Credit Card, download and register to the RCBC Pulz app.",ham,ham,synthetic_ham_candidate,generated_needs_review,True,synthetic_generated_raw,cleaned_from_synthetic_raw,not_applicable_synthetic,synthetic row generated from approved manual ham template,False,False,False,False,True,True,banking,Unknown,C:\Users\Lenovo\OneDrive\Documents\Coding\Some other\Thesis Data Source research\smishing-source-hunt\data\final_dataset_build\interim\service_ham_template_patterns.csv,,synthetic_template,True,service_ham_template_00061,template_slot_sampling,Generated from service_ham_template_00061; synthetic values only.,exact_duplicate
synthetic_service_ham_000580,service_ham_template_generator,synthetic_service_ham_from_manual_templates,synthetic_ham_template,synthetic_row_000580,"Ready for summer? Refresh your OOTDs at Zara, Bershka, Massimo Dutti, Oysho, Pull & Bear & Stradivarius! Get up to PHP 1,000.00 CASHBACK on straight or 0% installment spends using your RCBC Visa Credit Card from now until at 3:45 PM! Visit the RCBC Credit Website & search CBFITS for full T&Cs. D249279S26","Ready for summer? Refresh your OOTDs at Zara, Bershka, Massimo Dutti, Oysho, Pull & Bear & Stradivarius! Get up to <AMOUNT> CASHBACK on straight or 0% installment spends using your RCBC Visa Credit Card from now until at <DATE_TIME>! Visit the RCBC Credit Website & search CBFITS for full T&Cs. D249279S26",ham,ham,synthetic_ham_candidate,generated_needs_review,True,synthetic_generated_raw,cleaned_from_synthetic_raw,not_applicable_synthetic,synthetic row generated from approved manual ham template,False,False,False,False,True,True,banking,Unknown,C:\Users\Lenovo\OneDrive\Documents\Coding\Some other\Thesis Data Source research\smishing-source-hunt\data\final_dataset_build\interim\service_ham_template_patterns.csv,,synthetic_template,True,service_ham_template_00046,template_slot_sampling,Generated from service_ham_template_00046; synthetic values only.,exact_duplicate
synthetic_service_ham_000604,service_ham_template_generator,synthetic_service_ham_from_manual_templates,synthetic_ham_template,synthetic_row_000604,"Win VIP tickets for two to see Laufey in Manila, thanks to Visa! Earn 1 entry per P100 spend, OR be one of the 10 Top Spenders to win automatically! Valid on RCBC Visa Credit Card spend from 04-Oct 02:21—at 3:45 PM. Register at the RCBC Credit website. Search: LAUFEYRP / LAUFEYTS. T&C apply. DT252226S26","Win VIP tickets for two to see Laufey in Manila, thanks to Visa! Earn 1 entry per <AMOUNT> spend, OR be one of the 10 Top Spenders to win automatically! Valid on RCBC Visa Credit Card spend from <DATE_TIME>:21—at <DATE_TIME>. Register at the RCBC Credit website. Search: LAUFEYRP / LAUFEYTS. T&C apply. DT252226S26",ham,ham,synthetic_ham_candidate,generated_needs_review,True,synthetic_generated_raw,cleaned_from_synthetic_raw,not_applicable_synthetic,synthetic row generated from approved manual ham template,False,False,False,False,True,True,banking,Unknown,C:\Users\Lenovo\OneDrive\Documents\Coding\Some other\Thesis Data Source research\smishing-source-hunt\data\final_dataset_build\interim\service_ham_template_patterns.csv,,synthetic_template,True,service_ham_template_00059,template_slot_sampling,Generated from service_ham_template_00059; synthetic values only.,exact_duplicate
synthetic_service_ham_000605,service_ham_template_generator,synthetic_service_ham_from_manual_templates,synthetic_ham_template,synthetic_row_000605,"Barefoot luxury in Siargao awaits. Enjoy an exclusive discount at Nay Palad Hideaway and all-inclusive island bliss w/ your RCBC Premium Credit Card. To book, call 09176528399 / 09175420100. For details, visit the rcbccredit website, search NPH20. DTI246086S26. Offer until 6/30/26","Barefoot luxury in Siargao awaits. Enjoy an exclusive discount at Nay Palad Hideaway and all-inclusive island bliss w/ your RCBC Premium Credit Card. To book, call <PHONE> / <PHONE>. For details, visit the rcbccredit website, search NPH20. DTI246086S26. Offer until 6/30/26",ham,ham,synthetic_ham_candidate,generated_needs_review,True,synthetic_generated_raw,cleaned_from_synthetic_raw,not_applicable_synthetic,synthetic row generated from approved manual ham template,False,False,True,False,False,True,banking,Unknown,C:\Users\Lenovo\OneDrive\Documents\Coding\Some other\Thesis Data Source research\smishing-source-hunt\data\final_dataset_build\interim\service_ham_template_patterns.csv,,synthetic_template,True,service_ham_template_00027,template_slot_sampling,Generated from service_ham_template_00027; synthetic values only.,exact_duplicate
synthetic_service_ham_000607,service_ham_template_generator,synthetic_service_ham_from_manual_templates,synthetic_ham_template,synthetic_row_000607,"Avoid additional charges by not missing your next due date on at 3:45 PM. The outstanding balance of your BDO credit card ending in XXXXXXXX8787 is P50. Pay at least the minimum amount due of PHP 1,000.00, immediately. You may pay via BPI Online, Your bank App or using other banking apps. Disregard if already paid.","Avoid additional charges by not missing your next due date on at <DATE_TIME>. The outstanding balance of your BDO credit card ending in <REF_NUM> is <AMOUNT>. Pay at least the minimum amount due of <AMOUNT>, immediately. You may pay via BPI Online, Your bank App or using other banking apps. Disregard if already paid.",ham,ham,synthetic_ham_candidate,generated_needs_review,True,synthetic_generated_raw,cleaned_from_synthetic_raw,not_applicable_synthetic,synthetic row generated from approved manual ham template,False,False,False,False,True,True,banking,Metrobank,C:\Users\Lenovo\OneDrive\Documents\Coding\Some other\Thesis Data Source research\smishing-source-hunt\data\final_dataset_build\interim\service_ham_template_patterns.csv,,synthetic_template,True,service_ham_template_00008,template_slot_sampling,Generated from service_ham_template_00008; synthetic values only.,smishing_like_threat_or_scam_urgency
synthetic_service_ham_000608,service_ham_template_generator,synthetic_service_ham_from_manual_templates,synthetic_ham_template,synthetic_row_000608,"Ready for a getaway, JOCELYN ANNE? Whether it's a beach trip or a staycation, your RCBC Credit Card earns you more! Enjoy up to 4.95 GigaPoints cashback on hotels, resorts, and stays. Valid until at 3:45 PM, 2026. Register and see full details on the RCBC Credit website, search LTR5K T&Cs apply. DT1I251514","Ready for a getaway, JOCELYN ANNE? Whether it's a beach trip or a staycation, your RCBC Credit Card earns you more! Enjoy up to <AMOUNT> cashback on hotels, resorts, and stays. Valid until at <DATE_TIME>, 2026. Register and see full details on the RCBC Credit website, search LTR5K T&Cs apply. DT1I251514",ham,ham,synthetic_ham_candidate,generated_needs_review,True,synthetic_generated_raw,cleaned_from_synthetic_raw,not_applicable_synthetic,synthetic row generated from approved manual ham template,False,False,False,False,True,True,banking,Unknown,C:\Users\Lenovo\OneDrive\Documents\Coding\Some other\Thesis Data Source research\smishing-source-hunt\data\final_dataset_build\interim\service_ham_template_patterns.csv,,synthetic_template,True,service_ham_template_00045,template_slot_sampling,Generated from service_ham_template_00045; synthetic values only.,exact_duplicate
synthetic_service_ham_000610,service_ham_template_generator,synthetic_service_ham_from_manual_templates,synthetic_ham_template,synthetic_row_000610,"Ready for summer? Refresh your OOTDs at Zara, Bershka, Massimo Dutti, Oysho, Pull & Bear & Stradivarius! Get up to P150 CASHBACK on straight or 0% installment spends using your RCBC Visa Credit Card from now until 15-Aug 12:31! Visit the RCBC Credit Website & search CBFITS for full T&Cs. D249279S26","Ready for summer? Refresh your OOTDs at Zara, Bershka, Massimo Dutti, Oysho, Pull & Bear & Stradivarius! Get up to <AMOUNT> CASHBACK on straight or 0% installment spends using your RCBC Visa Credit Card from now until <DATE_TIME>:31! Visit the RCBC Credit Website & search CBFITS for full T&Cs. D249279S26",ham,ham,synthetic_ham_candidate,generated_needs_review,True,synthetic_generated_raw,cleaned_from_synthetic_raw,not_applicable_synthetic,synthetic row generated from approved manual ham template,False,False,False,False,True,True,banking,Unknown,C:\Users\Lenovo\OneDrive\Documents\Coding\Some other\Thesis Data Source research\smishing-source-hunt\data\final_dataset_build\interim\service_ham_template_patterns.csv,,synthetic_template,True,service_ham_template_00046,template_slot_sampling,Generated from service_ham_template_00046; synthetic values only.,exact_duplicate
synthetic_service_ham_000713,service_ham_template_generator,synthetic_service_ham_from_manual_templates,synthetic_ham_template,synthetic_row_000713,"1/2 04-Oct 02:21:51: P300 loaded to 09177763873 from 33569392906 for 1 year. Ref:CIG7016RAX. Get MORE with PROMO LOAD in the Smart App! 2/2 Stay always connected! Manage your subscriptions and check out the Smart App for Bigger & Longer Data, No Expiry offers and MORE! https://example.com/account C Tap to load preview","1/2 <DATE_TIME>:<DATE_TIME>: <AMOUNT> loaded to <PHONE> from <REF_NUM> for 1 year. Ref:CIG7016RAX. Get MORE with PROMO LOAD in the Smart App! 2/2 Stay always connected! Manage your subscriptions and check out the Smart App for Bigger & Longer Data, No Expiry offers and MORE! <URL> C Tap to load preview",ham,ham,synthetic_ham_candidate,generated_needs_review,True,synthetic_generated_raw,cleaned_from_synthetic_raw,not_applicable_synthetic,synthetic row generated from approved manual ham template,True,False,True,False,True,True,telecom,Smart,C:\Users\Lenovo\OneDrive\Documents\Coding\Some other\Thesis Data Source research\smishing-source-hunt\data\final_dataset_build\interim\service_ham_template_patterns.csv,,synthetic_template,True,service_ham_template_00149,template_slot_sampling,Generated from service_ham_template_00149; synthetic values only.,exact_duplicate
synthetic_service_ham_000741,service_ham_template_generator,synthetic_service_ham_from_manual_templates,synthetic_ham_template,synthetic_row_000741,"1/2 04-Oct 02:21:25: PHP 1,000.00 loaded to 09172411179 from XXXXXXXX8489 for 1 year. Ref:ALT572I6NT. Get MORE with PROMO LOAD in the Globe App! 2/2 Get MORE Load for less with the all NEW PROMO LOAD! Buy P100 and get a total of 9.95 GigaPoints Load valid for 30 days. Get NOW at https://example.com/track C",1/2 <DATE_TIME>:<DATE_TIME>: <AMOUNT> loaded to <PHONE> from <REF_NUM> for 1 year. Ref:ALT572I6NT. Get MORE with PROMO LOAD in the Globe App! 2/2 Get MORE Load for less with the all NEW PROMO LOAD! Buy <AMOUNT> and get a total of <AMOUNT> Load valid for 30 days. Get NOW at <URL> C,ham,ham,synthetic_ham_candidate,generated_needs_review,True,synthetic_generated_raw,cleaned_from_synthetic_raw,not_applicable_synthetic,synthetic row generated from approved manual ham template,True,False,True,False,True,True,telecom,Smart,C:\Users\Lenovo\OneDrive\Documents\Coding\Some other\Thesis Data Source research\smishing-source-hunt\data\final_dataset_build\interim\service_ham_template_patterns.csv,,synthetic_template,True,service_ham_template_00135,template_slot_sampling,Generated from service_ham_template_00135; synthetic values only.,exact_duplicate
synthetic_service_ham_000744,service_ham_template_generator,synthetic_service_ham_from_manual_templates,synthetic_ham_template,synthetic_row_000744,"1/2 at 3:45 PM:30: P50 loaded to 09393730545 from XXXXXXXX3712 for 1 year. Ref:BJH13863R9. Get MORE with PROMO LOAD in the Globe App! 2/2 Stay always connected! Manage your subscriptions and check out the Smart App for Bigger & Longer Data, No Expiry offers and MORE! https://example.com/track","1/2 at <DATE_TIME>:30: <AMOUNT> loaded to <PHONE> from <REF_NUM> for 1 year. Ref:BJH13863R9. Get MORE with PROMO LOAD in the Globe App! 2/2 Stay always connected! Manage your subscriptions and check out the Smart App for Bigger & Longer Data, No Expiry offers and MORE! <URL>",ham,ham,synthetic_ham_candidate,generated_needs_review,True,synthetic_generated_raw,cleaned_from_synthetic_raw,not_applicable_synthetic,synthetic row generated from approved manual ham template,True,False,True,False,True,True,telecom,Smart,C:\Users\Lenovo\OneDrive\Documents\Coding\Some other\Thesis Data Source research\smishing-source-hunt\data\final_dataset_build\interim\service_ham_template_patterns.csv,,synthetic_template,True,service_ham_template_00137,template_slot_sampling,Generated from service_ham_template_00137; synthetic values only.,exact_duplicate
synthetic_service_ham_000745,service_ham_template_generator,synthetic_service_ham_from_manual_templates,synthetic_ham_template,synthetic_row_000745,"1/2 today:19: P150 loaded to 09171874387 from 60310890714 for 1 year. Ref:CB56DJX3TO. Get MORE with PROMO LOAD in the Smart App! 2/2 Stay always connected! Manage your subscriptions and check out the Smart App for Bigger & Longer Data, No Expiry offers and MORE! https://example.com/track","1/2 <DATE_TIME>:19: <AMOUNT> loaded to <PHONE> from <REF_NUM> for 1 year. Ref:CB56DJX3TO. Get MORE with PROMO LOAD in the Smart App! 2/2 Stay always connected! Manage your subscriptions and check out the Smart App for Bigger & Longer Data, No Expiry offers and MORE! <URL>",ham,ham,synthetic_ham_candidate,generated_needs_review,True,synthetic_generated_raw,cleaned_from_synthetic_raw,not_applicable_synthetic,synthetic row generated from approved manual ham template,True,False,True,False,True,True,telecom,Smart,C:\Users\Lenovo\OneDrive\Documents\Coding\Some other\Thesis Data Source research\smishing-source-hunt\data\final_dataset_build\interim\service_ham_template_patterns.csv,,synthetic_template,True,service_ham_template_00131,template_slot_sampling,Generated from service_ham_template_00131; synthetic values only.,exact_duplicate
synthetic_service_ham_000746,service_ham_template_generator,synthetic_service_ham_from_manual_templates,synthetic_ham_template,synthetic_row_000746,"1/2 on 12 May 2026:30: P50 loaded to 09392076911 from XXXXXXXX9627 for 1 year. Ref:BJH13863R9. Get MORE with PROMO LOAD in the Smart App! 2/2 Stay always connected! Manage your subscriptions and check out the Smart App for Bigger & Longer Data, No Expiry offers and MORE! https://example.com/rewards","1/2 on <DATE_TIME>:30: <AMOUNT> loaded to <PHONE> from <REF_NUM> for 1 year. Ref:BJH13863R9. Get MORE with PROMO LOAD in the Smart App! 2/2 Stay always connected! Manage your subscriptions and check out the Smart App for Bigger & Longer Data, No Expiry offers and MORE! <URL>",ham,ham,synthetic_ham_candidate,generated_needs_review,True,synthetic_generated_raw,cleaned_from_synthetic_raw,not_applicable_synthetic,synthetic row generated from approved manual ham template,True,False,True,False,True,True,telecom,Smart,C:\Users\Lenovo\OneDrive\Documents\Coding\Some other\Thesis Data Source research\smishing-source-hunt\data\final_dataset_build\interim\service_ham_template_patterns.csv,,synthetic_template,True,service_ham_template_00137,template_slot_sampling,Generated from service_ham_template_00137; synthetic values only.,exact_duplicate
synthetic_service_ham_000772,service_ham_template_generator,synthetic_service_ham_from_manual_templates,synthetic_ham_template,synthetic_row_000772,"Spend P150 with your RCBC Visa Infinite and get a chance to win passes to F1 Race Watch Parties (Suzuka, Austria & Madrid) at Monza Barcade. Prizes include 4.95 GigaPoints F&B, sim racing, and more! Promo runs until 08/31/26. Register at the link on the website. Visit rcbccredit, search F1VIVS. DTI251184S26.","Spend <AMOUNT> with your RCBC Visa Infinite and get a chance to win passes to F1 Race Watch Parties (Suzuka, Austria & Madrid) at Monza Barcade. Prizes include <AMOUNT> F&B, sim racing, and more! Promo runs until 08/31/26. Register at the link on the website. Visit rcbccredit, search F1VIVS. DTI251184S26.",ham,ham,synthetic_ham_candidate,generated_needs_review,True,synthetic_generated_raw,cleaned_from_synthetic_raw,not_applicable_synthetic,synthetic row generated from approved manual ham template,False,False,False,False,True,False,telecom,Unknown,C:\Users\Lenovo\OneDrive\Documents\Coding\Some other\Thesis Data Source research\smishing-source-hunt\data\final_dataset_build\interim\service_ham_template_patterns.csv,,synthetic_template,True,service_ham_template_00173,template_slot_sampling,Generated from service_ham_template_00173; synthetic values only.,exact_duplicate
synthetic_service_ham_000786,service_ham_template_generator,synthetic_service_ham_from_manual_templates,synthetic_ham_template,synthetic_row_000786,"Spend P150 with your RCBC Visa Infinite and get a chance to win passes to F1 Race Watch Parties (Suzuka, Austria & Madrid) at Monza Barcade. Prizes include P500 F&B, sim racing, and more! Promo runs until 08/31/26. Register at the link on the website. Visit rcbccredit, search F1VIVS. DTI251184S26.","Spend <AMOUNT> with your RCBC Visa Infinite and get a chance to win passes to F1 Race Watch Parties (Suzuka, Austria & Madrid) at Monza Barcade. Prizes include <AMOUNT> F&B, sim racing, and more! Promo runs until 08/31/26. Register at the link on the website. Visit rcbccredit, search F1VIVS. DTI251184S26.",ham,ham,synthetic_ham_candidate,generated_needs_review,True,synthetic_generated_raw,cleaned_from_synthetic_raw,not_applicable_synthetic,synthetic row generated from approved manual ham template,False,False,False,False,True,False,telecom,Unknown,C:\Users\Lenovo\OneDrive\Documents\Coding\Some other\Thesis Data Source research\smishing-source-hunt\data\final_dataset_build\interim\service_ham_template_patterns.csv,,synthetic_template,True,service_ham_template_00173,template_slot_sampling,Generated from service_ham_template_00173; synthetic values only.,exact_duplicate
synthetic_service_ham_000796,service_ham_template_generator,synthetic_service_ham_from_manual_templates,synthetic_ham_template,synthetic_row_000796,"1/2 04-Oct 02:21:51: P150 loaded to 09170892920 from XXXXXXXX0894 for 1 year. Ref:CIG7016RAX. Get MORE with PROMO LOAD in the Smart App! 2/2 Stay always connected! Manage your subscriptions and check out the Smart App for Bigger & Longer Data, No Expiry offers and MORE! https://example.com/track C Tap to load preview","1/2 <DATE_TIME>:<DATE_TIME>: <AMOUNT> loaded to <PHONE> from <REF_NUM> for 1 year. Ref:CIG7016RAX. Get MORE with PROMO LOAD in the Smart App! 2/2 Stay always connected! Manage your subscriptions and check out the Smart App for Bigger & Longer Data, No Expiry offers and MORE! <URL> C Tap to load preview",ham,ham,synthetic_ham_candidate,generated_needs_review,True,synthetic_generated_raw,cleaned_from_synthetic_raw,not_applicable_synthetic,synthetic row generated from approved manual ham template,True,False,True,False,True,True,telecom,Smart,C:\Users\Lenovo\OneDrive\Documents\Coding\Some other\Thesis Data Source research\smishing-source-hunt\data\final_dataset_build\interim\service_ham_template_patterns.csv,,synthetic_template,True,service_ham_template_00149,template_slot_sampling,Generated from service_ham_template_00149; synthetic values only.,exact_duplicate
synthetic_service_ham_000813,service_ham_template_generator,synthetic_service_ham_from_manual_templates,synthetic_ham_template,synthetic_row_000813,"1/2 tomorrow:05: P150 loaded to 09178137735 from 93349605016 for 1 year. Ref:;CHRIVEZPOR. Get MORE with PROMO LOAD in the Globe App! 2/2 Stay always connected! Manage your subscriptions and check out the Globe App for Bigger & Longer Data, No Expiry offers and MORE! https://example.com/account","1/2 <DATE_TIME>:05: <AMOUNT> loaded to <PHONE> from <REF_NUM> for 1 year. Ref:;CHRIVEZPOR. Get MORE with PROMO LOAD in the Globe App! 2/2 Stay always connected! Manage your subscriptions and check out the Globe App for Bigger & Longer Data, No Expiry offers and MORE! <URL>",ham,ham,synthetic_ham_candidate,generated_needs_review,True,synthetic_generated_raw,cleaned_from_synthetic_raw,not_applicable_synthetic,synthetic row generated from approved manual ham template,True,False,True,False,True,True,telecom,Smart,C:\Users\Lenovo\OneDrive\Documents\Coding\Some other\Thesis Data Source research\smishing-source-hunt\data\final_dataset_build\interim\service_ham_template_patterns.csv,,synthetic_template,True,service_ham_template_00125,template_slot_sampling,Generated from service_ham_template_00125; synthetic values only.,exact_duplicate
synthetic_service_ham_000818,service_ham_template_generator,synthetic_service_ham_from_manual_templates,synthetic_ham_template,synthetic_row_000818,"1/2 at 3:45 PM:21: PHP 1,000.00 loaded to 09392931227 from 56193183 for 1 year. Ref:CJ44111XJ2. Get MORE with PROMO LOAD in the Globe App! 2/2 Stay always connected! Manage your subscriptions and check out the Globe App for Bigger & Longer Data, No Expiry offers and MORE! https://example.com/rewards","1/2 at <DATE_TIME>:21: <AMOUNT> loaded to <PHONE> from <REF_NUM> for 1 year. Ref:CJ44111XJ2. Get MORE with PROMO LOAD in the Globe App! 2/2 Stay always connected! Manage your subscriptions and check out the Globe App for Bigger & Longer Data, No Expiry offers and MORE! <URL>",ham,ham,synthetic_ham_candidate,generated_needs_review,True,synthetic_generated_raw,cleaned_from_synthetic_raw,not_applicable_synthetic,synthetic row generated from approved manual ham template,True,False,True,False,True,True,telecom,Smart,C:\Users\Lenovo\OneDrive\Documents\Coding\Some other\Thesis Data Source research\smishing-source-hunt\data\final_dataset_build\interim\service_ham_template_patterns.csv,,synthetic_template,True,service_ham_template_00134,template_slot_sampling,Generated from service_ham_template_00134; synthetic values only.,exact_duplicate
synthetic_service_ham_000820,service_ham_template_generator,synthetic_service_ham_from_manual_templates,synthetic_ham_template,synthetic_row_000820,"Spend 9.95 GigaPoints with your RCBC Visa Infinite and get a chance to win passes to F1 Race Watch Parties (Suzuka, Austria & Madrid) at Monza Barcade. Prizes include P100 F&B, sim racing, and more! Promo runs until 08/31/26. Register at the link on the website. Visit rcbccredit, search F1VIVS. DTI251184S26.","Spend <AMOUNT> with your RCBC Visa Infinite and get a chance to win passes to F1 Race Watch Parties (Suzuka, Austria & Madrid) at Monza Barcade. Prizes include <AMOUNT> F&B, sim racing, and more! Promo runs until 08/31/26. Register at the link on the website. Visit rcbccredit, search F1VIVS. DTI251184S26.",ham,ham,synthetic_ham_candidate,generated_needs_review,True,synthetic_generated_raw,cleaned_from_synthetic_raw,not_applicable_synthetic,synthetic row generated from approved manual ham template,False,False,False,False,True,False,telecom,Unknown,C:\Users\Lenovo\OneDrive\Documents\Coding\Some other\Thesis Data Source research\smishing-source-hunt\data\final_dataset_build\interim\service_ham_template_patterns.csv,,synthetic_template,True,service_ham_template_00173,template_slot_sampling,Generated from service_ham_template_00173; synthetic values only.,exact_duplicate
synthetic_service_ham_000829,service_ham_template_generator,synthetic_service_ham_from_manual_templates,synthetic_ham_template,synthetic_row_000829,1/2 04-Oct 02:21:52: P500 loaded to 09396776956 from XXXXXXXX8919 for 1 year. Ref:BGS3SOGQDL. Get MORE with PROMO LOAD in the Your telecom provider App! 2/2 Do it ALL with POWER ALL! Enjoy up to 30 Days of FREE Your telecom provider + 20 GB + Unli Calls & Texts. Get it NOW at https://example.com/account,1/2 <DATE_TIME>:<DATE_TIME>: <AMOUNT> loaded to <PHONE> from <REF_NUM> for 1 year. Ref:BGS3SOGQDL. Get MORE with PROMO LOAD in the Your telecom provider App! 2/2 Do it ALL with POWER ALL! Enjoy up to 30 Days of FREE Your telecom provider + 20 GB + Unli Calls & Texts. Get it NOW at <URL>,ham,ham,synthetic_ham_candidate,generated_needs_review,True,synthetic_generated_raw,cleaned_from_synthetic_raw,not_applicable_synthetic,synthetic row generated from approved manual ham template,True,False,True,False,True,True,telecom,TikTok,C:\Users\Lenovo\OneDrive\Documents\Coding\Some other\Thesis Data Source research\smishing-source-hunt\data\final_dataset_build\interim\service_ham_template_patterns.csv,,synthetic_template,True,service_ham_template_00170,template_slot_sampling,Generated from service_ham_template_00170; synthetic values only.,exact_duplicate
synthetic_service_ham_000831,service_ham_template_generator,synthetic_service_ham_from_manual_templates,synthetic_ham_template,synthetic_row_000831,"1/2 today:12: P50 loaded to 09174049009 from ending in 8278 for 1 year. Ref: DB80C7IMSS. Get MORE with PROMO LOAD in the Smart App! 2/2 Stay always connected! Manage your subscriptions and check out the Your telecom provider App for Bigger & Longer Data, No Expiry offers and MORE! https://example.com/account","1/2 <DATE_TIME>:12: <AMOUNT> loaded to <PHONE> from <REF_NUM> for 1 year. Ref: DB80C7IMSS. Get MORE with PROMO LOAD in the Smart App! 2/2 Stay always connected! Manage your subscriptions and check out the Your telecom provider App for Bigger & Longer Data, No Expiry offers and MORE! <URL>",ham,ham,synthetic_ham_candidate,generated_needs_review,True,synthetic_generated_raw,cleaned_from_synthetic_raw,not_applicable_synthetic,synthetic row generated from approved manual ham template,True,False,True,False,True,True,telecom,Smart,C:\Users\Lenovo\OneDrive\Documents\Coding\Some other\Thesis Data Source research\smishing-source-hunt\data\final_dataset_build\interim\service_ham_template_patterns.csv,,synthetic_template,True,service_ham_template_00128,template_slot_sampling,Generated from service_ham_template_00128; synthetic values only.,exact_duplicate
synthetic_service_ham_000837,service_ham_template_generator,synthetic_service_ham_from_manual_templates,synthetic_ham_template,synthetic_row_000837,"1/2 on 12 May 2026:19: P150 loaded to 09170034993 from ****1106 for 1 year. Ref:CB56DJX3TO. Get MORE with PROMO LOAD in the Smart App! 2/2 Stay always connected! Manage your subscriptions and check out the Globe App for Bigger & Longer Data, No Expiry offers and MORE! https://example.com/track","1/2 on <DATE_TIME>:19: <AMOUNT> loaded to <PHONE> from ****1106 for 1 year. Ref:CB56DJX3TO. Get MORE with PROMO LOAD in the Smart App! 2/2 Stay always connected! Manage your subscriptions and check out the Globe App for Bigger & Longer Data, No Expiry offers and MORE! <URL>",ham,ham,synthetic_ham_candidate,generated_needs_review,True,synthetic_generated_raw,cleaned_from_synthetic_raw,not_applicable_synthetic,synthetic row generated from approved manual ham template,True,False,True,False,True,True,telecom,Smart,C:\Users\Lenovo\OneDrive\Documents\Coding\Some other\Thesis Data Source research\smishing-source-hunt\data\final_dataset_build\interim\service_ham_template_patterns.csv,,synthetic_template,True,service_ham_template_00131,template_slot_sampling,Generated from service_ham_template_00131; synthetic values only.,exact_duplicate
synthetic_service_ham_000841,service_ham_template_generator,synthetic_service_ham_from_manual_templates,synthetic_ham_template,synthetic_row_000841,"1/2 at 3:45 PM:48: P500 loaded to 09392778554 from 481813989098 for 1 year. Ref:CA22ADZ7TI. Get MORE with PROMO LOAD in the Smart App! 2/2 Stay always connected! Manage your subscriptions and check out the Globe App for Bigger & Longer Data, No Expiry offers and MORE! https://example.com/rewards","1/2 at <DATE_TIME>:48: <AMOUNT> loaded to <PHONE> from <REF_NUM> for 1 year. Ref:CA22ADZ7TI. Get MORE with PROMO LOAD in the Smart App! 2/2 Stay always connected! Manage your subscriptions and check out the Globe App for Bigger & Longer Data, No Expiry offers and MORE! <URL>",ham,ham,synthetic_ham_candidate,generated_needs_review,True,synthetic_generated_raw,cleaned_from_synthetic_raw,not_applicable_synthetic,synthetic row generated from approved manual ham template,True,False,True,False,True,True,telecom,Smart,C:\Users\Lenovo\OneDrive\Documents\Coding\Some other\Thesis Data Source research\smishing-source-hunt\data\final_dataset_build\interim\service_ham_template_patterns.csv,,synthetic_template,True,service_ham_template_00146,template_slot_sampling,Generated from service_ham_template_00146; synthetic values only.,exact_duplicate
synthetic_service_ham_000851,service_ham_template_generator,synthetic_service_ham_from_manual_templates,synthetic_ham_template,synthetic_row_000851,"1/2 tomorrow:48: P500 loaded to 09175731597 from ending in 9822 for 1 year. Ref:CA22ADZ7TI. Get MORE with PROMO LOAD in the Globe App! 2/2 Stay always connected! Manage your subscriptions and check out the Smart App for Bigger & Longer Data, No Expiry offers and MORE! https://example.com/track","1/2 <DATE_TIME>:48: <AMOUNT> loaded to <PHONE> from <REF_NUM> for 1 year. Ref:CA22ADZ7TI. Get MORE with PROMO LOAD in the Globe App! 2/2 Stay always connected! Manage your subscriptions and check out the Smart App for Bigger & Longer Data, No Expiry offers and MORE! <URL>",ham,ham,synthetic_ham_candidate,generated_needs_review,True,synthetic_generated_raw,cleaned_from_synthetic_raw,not_applicable_synthetic,synthetic row generated from approved manual ham template,True,False,True,False,True,True,telecom,Smart,C:\Users\Lenovo\OneDrive\Documents\Coding\Some other\Thesis Data Source research\smishing-source-hunt\data\final_dataset_build\interim\service_ham_template_patterns.csv,,synthetic_template,True,service_ham_template_00146,template_slot_sampling,Generated from service_ham_template_00146; synthetic values only.,exact_duplicate
synthetic_service_ham_000853,service_ham_template_generator,synthetic_service_ham_from_manual_templates,synthetic_ham_template,synthetic_row_000853,"1/2 today:50: P50 loaded to 09396931725 from ending in 6435 for 1 year. Ref: CEDIMAJJVP. Get MORE with PROMO LOAD in the Your telecom provider App! 2/2 Stay always connected! Manage your subscriptions and check out the Smart App for Bigger & Longer Data, No Expiry offers and MORE! https://example.com/rewards","1/2 <DATE_TIME>:50: <AMOUNT> loaded to <PHONE> from <REF_NUM> for 1 year. Ref: CEDIMAJJVP. Get MORE with PROMO LOAD in the Your telecom provider App! 2/2 Stay always connected! Manage your subscriptions and check out the Smart App for Bigger & Longer Data, No Expiry offers and MORE! <URL>",ham,ham,synthetic_ham_candidate,generated_needs_review,True,synthetic_generated_raw,cleaned_from_synthetic_raw,not_applicable_synthetic,synthetic row generated from approved manual ham template,True,False,True,False,True,True,telecom,Smart,C:\Users\Lenovo\OneDrive\Documents\Coding\Some other\Thesis Data Source research\smishing-source-hunt\data\final_dataset_build\interim\service_ham_template_patterns.csv,,synthetic_template,True,service_ham_template_00148,template_slot_sampling,Generated from service_ham_template_00148; synthetic values only.,exact_duplicate
synthetic_service_ham_000980,service_ham_template_generator,synthetic_service_ham_from_manual_templates,synthetic_ham_template,synthetic_row_000980,"J&T Express DELIVERY! TN: 09178088805, Rider: THRIX PUAL A TAN. Your COD amount is 308.79. You can pay by cash or conveniently online when the rider arrives. Please note that a photo proof of delivery is required. Thank you for choosing Lazada Philippines! Stay safe and have a great day ahead.","J&T Express DELIVERY! TN: <PHONE>, Rider: THRIX PUAL A TAN. Your COD amount is 308.79. You can pay by cash or conveniently online when the rider arrives. Please note that a photo proof of delivery is required. Thank you for choosing Lazada Philippines! Stay safe and have a great day ahead.",ham,ham,synthetic_ham_candidate,generated_needs_review,True,synthetic_generated_raw,cleaned_from_synthetic_raw,not_applicable_synthetic,synthetic row generated from approved manual ham template,False,False,True,False,False,False,delivery,Unknown,C:\Users\Lenovo\OneDrive\Documents\Coding\Some other\Thesis Data Source research\smishing-source-hunt\data\final_dataset_build\interim\service_ham_template_patterns.csv,,synthetic_template,True,service_ham_template_00072,template_slot_sampling,Generated from service_ham_template_00072; synthetic values only.,exact_duplicate
synthetic_service_ham_000995,service_ham_template_generator,synthetic_service_ham_from_manual_templates,synthetic_ham_template,synthetic_row_000995,"LBC DELIVERY! TN: JTending in 5103, Rider: THRIX PUAL A TAN. Your COD amount ts 835.00. You can pay by cash or conveniently online when the rider arrives. Please note that a photo proof of delivery is required. Thank you for choosing LBC Philippines! Stay safe and have a great day ahead.","LBC DELIVERY! TN: JTending in 5103, Rider: THRIX PUAL A TAN. Your COD amount ts 835.00. You can pay by cash or conveniently online when the rider arrives. Please note that a photo proof of delivery is required. Thank you for choosing LBC Philippines! Stay safe and have a great day ahead.",ham,ham,synthetic_ham_candidate,generated_needs_review,True,synthetic_generated_raw,cleaned_from_synthetic_raw,not_applicable_synthetic,synthetic row generated from approved manual ham template,False,False,False,False,False,False,delivery,Unknown,C:\Users\Lenovo\OneDrive\Documents\Coding\Some other\Thesis Data Source research\smishing-source-hunt\data\final_dataset_build\interim\service_ham_template_patterns.csv,,synthetic_template,True,service_ham_template_00076,template_slot_sampling,Generated from service_ham_template_00076; synthetic values only.,exact_duplicate
synthetic_service_ham_001013,service_ham_template_generator,synthetic_service_ham_from_manual_templates,synthetic_ham_template,synthetic_row_001013,"LBC DELIVERY! TN: 09177641531, Rider: THRIX PUAL A TAN. Your COD amount is 308.79. You can pay by cash or conveniently online when the rider arrives. Please note that a photo proof of delivery is required. Thank you for choosing Lazada Philippines! Stay safe and have a great day ahead.","LBC DELIVERY! TN: <PHONE>, Rider: THRIX PUAL A TAN. Your COD amount is 308.79. You can pay by cash or conveniently online when the rider arrives. Please note that a photo proof of delivery is required. Thank you for choosing Lazada Philippines! Stay safe and have a great day ahead.",ham,ham,synthetic_ham_candidate,generated_needs_review,True,synthetic_generated_raw,cleaned_from_synthetic_raw,not_applicable_synthetic,synthetic row generated from approved manual ham template,False,False,True,False,False,False,delivery,Unknown,C:\Users\Lenovo\OneDrive\Documents\Coding\Some other\Thesis Data Source research\smishing-source-hunt\data\final_dataset_build\interim\service_ham_template_patterns.csv,,synthetic_template,True,service_ham_template_00072,template_slot_sampling,Generated from service_ham_template_00072; synthetic values only.,exact_duplicate
synthetic_service_ham_001021,service_ham_template_generator,synthetic_service_ham_from_manual_templates,synthetic_ham_template,synthetic_row_001021,"LBC DELIVERY! TN: 09390989554, Rider: THRIX PUAL A TAN. Your COD amount is 308.79. You can pay by cash or conveniently online when the rider arrives. Please note that a photo proof of delivery is required. Thank you for choosing LBC Philippines! Stay safe and have a great day ahead.","LBC DELIVERY! TN: <PHONE>, Rider: THRIX PUAL A TAN. Your COD amount is 308.79. You can pay by cash or conveniently online when the rider arrives. Please note that a photo proof of delivery is required. Thank you for choosing LBC Philippines! Stay safe and have a great day ahead.",ham,ham,synthetic_ham_candidate,generated_needs_review,True,synthetic_generated_raw,cleaned_from_synthetic_raw,not_applicable_synthetic,synthetic row generated from approved manual ham template,False,False,True,False,False,False,delivery,Unknown,C:\Users\Lenovo\OneDrive\Documents\Coding\Some other\Thesis Data Source research\smishing-source-hunt\data\final_dataset_build\interim\service_ham_template_patterns.csv,,synthetic_template,True,service_ham_template_00072,template_slot_sampling,Generated from service_ham_template_00072; synthetic values only.,exact_duplicate
synthetic_service_ham_001023,service_ham_template_generator,synthetic_service_ham_from_manual_templates,synthetic_ham_template,synthetic_row_001023,"J&T Express DELIVERY! TN: 09394917831, Rider: THRIX PUAL A TAN. Your COD amount is 308.79. You can pay by cash or conveniently online when the rider arrives. Please note that a photo proof of delivery is required. Thank you for choosing Shopee Philippines! Stay safe and have a great day ahead.","J&T Express DELIVERY! TN: <PHONE>, Rider: THRIX PUAL A TAN. Your COD amount is 308.79. You can pay by cash or conveniently online when the rider arrives. Please note that a photo proof of delivery is required. Thank you for choosing Shopee Philippines! Stay safe and have a great day ahead.",ham,ham,synthetic_ham_candidate,generated_needs_review,True,synthetic_generated_raw,cleaned_from_synthetic_raw,not_applicable_synthetic,synthetic row generated from approved manual ham template,False,False,True,False,False,False,delivery,Unknown,C:\Users\Lenovo\OneDrive\Documents\Coding\Some other\Thesis Data Source research\smishing-source-hunt\data\final_dataset_build\interim\service_ham_template_patterns.csv,,synthetic_template,True,service_ham_template_00072,template_slot_sampling,Generated from service_ham_template_00072; synthetic values only.,exact_duplicate
synthetic_service_ham_001038,service_ham_template_generator,synthetic_service_ham_from_manual_templates,synthetic_ham_template,synthetic_row_001038,"Lazada DELIVERY! TN: 09176433891, Rider: THRIX PUAL A TAN. Your COD amount is 308.79. You can pay by cash or conveniently online when the rider arrives. Please note that a photo proof of delivery is required. Thank you for choosing LBC Philippines! Stay safe and have a great day ahead.","Lazada DELIVERY! TN: <PHONE>, Rider: THRIX PUAL A TAN. Your COD amount is 308.79. You can pay by cash or conveniently online when the rider arrives. Please note that a photo proof of delivery is required. Thank you for choosing LBC Philippines! Stay safe and have a great day ahead.",ham,ham,synthetic_ham_candidate,generated_needs_review,True,synthetic_generated_raw,cleaned_from_synthetic_raw,not_applicable_synthetic,synthetic row generated from approved manual ham template,False,False,True,False,False,False,delivery,Unknown,C:\Users\Lenovo\OneDrive\Documents\Coding\Some other\Thesis Data Source research\smishing-source-hunt\data\final_dataset_build\interim\service_ham_template_patterns.csv,,synthetic_template,True,service_ham_template_00072,template_slot_sampling,Generated from service_ham_template_00072; synthetic values only.,exact_duplicate
synthetic_service_ham_001122,service_ham_template_generator,synthetic_service_ham_from_manual_templates,synthetic_ham_template,synthetic_row_001122,"Nice! You received a P50 voucher from GCash. Use it for your load, bills, shopping, and more. Tap 'Vouchers' on the app to claim your gift before it expires! Nice! You received a P500 voucher from GCash. Use it for your load, bills, shopping, and more. Tap 'Vouchers' on the app to claim your gift before it expires!","Nice! You received a <AMOUNT> voucher from GCash. Use it for your load, bills, shopping, and more. Tap 'Vouchers' on the app to claim your gift before it expires! Nice! You received a <AMOUNT> voucher from GCash. Use it for your load, bills, shopping, and more. Tap 'Vouchers' on the app to claim your gift before it expires!",ham,ham,synthetic_ham_candidate,generated_needs_review,True,synthetic_generated_raw,cleaned_from_synthetic_raw,not_applicable_synthetic,synthetic row generated from approved manual ham template,False,False,False,False,True,False,ewallet,Maya,C:\Users\Lenovo\OneDrive\Documents\Coding\Some other\Thesis Data Source research\smishing-source-hunt\data\final_dataset_build\interim\service_ham_template_patterns.csv,,synthetic_template,True,service_ham_template_00083,template_slot_sampling,Generated from service_ham_template_00083; synthetic values only.,exact_duplicate
synthetic_service_ham_001123,service_ham_template_generator,synthetic_service_ham_from_manual_templates,synthetic_ham_template,synthetic_row_001123,"Nice! You received a P50 voucher from GCash. Use it for your load, bills, shopping, and more. Tap 'Vouchers' on the app to claim your gift before it expires! Nice! You received a P300 voucher from GCash. Use it for your load, bills, shopping, and more. Tap 'Vouchers' on the app to claim your gift before it expires!","Nice! You received a <AMOUNT> voucher from GCash. Use it for your load, bills, shopping, and more. Tap 'Vouchers' on the app to claim your gift before it expires! Nice! You received a <AMOUNT> voucher from GCash. Use it for your load, bills, shopping, and more. Tap 'Vouchers' on the app to claim your gift before it expires!",ham,ham,synthetic_ham_candidate,generated_needs_review,True,synthetic_generated_raw,cleaned_from_synthetic_raw,not_applicable_synthetic,synthetic row generated from approved manual ham template,False,False,False,False,True,False,ewallet,Maya,C:\Users\Lenovo\OneDrive\Documents\Coding\Some other\Thesis Data Source research\smishing-source-hunt\data\final_dataset_build\interim\service_ham_template_patterns.csv,,synthetic_template,True,service_ham_template_00083,template_slot_sampling,Generated from service_ham_template_00083; synthetic values only.,exact_duplicate
synthetic_service_ham_001124,service_ham_template_generator,synthetic_service_ham_from_manual_templates,synthetic_ham_template,synthetic_row_001124,"Nice! You received a P500 voucher from Maya. Use it for your load, bills, shopping, and more. Tap 'Vouchers' on the app to claim your gift before it expires! Nice! You received a P100 voucher from GCash. Use it for your load, bills, shopping, and more. Tap 'Vouchers' on the app to claim your gift before it expires!","Nice! You received a <AMOUNT> voucher from Maya. Use it for your load, bills, shopping, and more. Tap 'Vouchers' on the app to claim your gift before it expires! Nice! You received a <AMOUNT> voucher from GCash. Use it for your load, bills, shopping, and more. Tap 'Vouchers' on the app to claim your gift before it expires!",ham,ham,synthetic_ham_candidate,generated_needs_review,True,synthetic_generated_raw,cleaned_from_synthetic_raw,not_applicable_synthetic,synthetic row generated from approved manual ham template,False,False,False,False,True,False,ewallet,Maya,C:\Users\Lenovo\OneDrive\Documents\Coding\Some other\Thesis Data Source research\smishing-source-hunt\data\final_dataset_build\interim\service_ham_template_patterns.csv,,synthetic_template,True,service_ham_template_00083,template_slot_sampling,Generated from service_ham_template_00083; synthetic values only.,exact_duplicate
synthetic_service_ham_001125,service_ham_template_generator,synthetic_service_ham_from_manual_templates,synthetic_ham_template,synthetic_row_001125,"Nice! You received a P500 voucher from GCash. Use it for your load, bills, shopping, and more. Tap 'Vouchers' on the app to claim your gift before it expires! Nice! You received a P300 voucher from GCash. Use it for your load, bills, shopping, and more. Tap 'Vouchers' on the app to claim your gift before it expires!","Nice! You received a <AMOUNT> voucher from GCash. Use it for your load, bills, shopping, and more. Tap 'Vouchers' on the app to claim your gift before it expires! Nice! You received a <AMOUNT> voucher from GCash. Use it for your load, bills, shopping, and more. Tap 'Vouchers' on the app to claim your gift before it expires!",ham,ham,synthetic_ham_candidate,generated_needs_review,True,synthetic_generated_raw,cleaned_from_synthetic_raw,not_applicable_synthetic,synthetic row generated from approved manual ham template,False,False,False,False,True,False,ewallet,Maya,C:\Users\Lenovo\OneDrive\Documents\Coding\Some other\Thesis Data Source research\smishing-source-hunt\data\final_dataset_build\interim\service_ham_template_patterns.csv,,synthetic_template,True,service_ham_template_00083,template_slot_sampling,Generated from service_ham_template_00083; synthetic values only.,exact_duplicate
synthetic_service_ham_001127,service_ham_template_generator,synthetic_service_ham_from_manual_templates,synthetic_ham_template,synthetic_row_001127,"Nice! You received a P300 voucher from GCash. Use it for your load, bills, shopping, and more. Tap 'Vouchers' on the app to claim your gift before it expires! Nice! You received a P100 voucher from GCash. Use it for your load, bills, shopping, and more. Tap 'Vouchers' on the app to claim your gift before it expires!","Nice! You received a <AMOUNT> voucher from GCash. Use it for your load, bills, shopping, and more. Tap 'Vouchers' on the app to claim your gift before it expires! Nice! You received a <AMOUNT> voucher from GCash. Use it for your load, bills, shopping, and more. Tap 'Vouchers' on the app to claim your gift before it expires!",ham,ham,synthetic_ham_candidate,generated_needs_review,True,synthetic_generated_raw,cleaned_from_synthetic_raw,not_applicable_synthetic,synthetic row generated from approved manual ham template,False,False,False,False,True,False,ewallet,Maya,C:\Users\Lenovo\OneDrive\Documents\Coding\Some other\Thesis Data Source research\smishing-source-hunt\data\final_dataset_build\interim\service_ham_template_patterns.csv,,synthetic_template,True,service_ham_template_00083,template_slot_sampling,Generated from service_ham_template_00083; synthetic values only.,exact_duplicate
synthetic_service_ham_001128,service_ham_template_generator,synthetic_service_ham_from_manual_templates,synthetic_ham_template,synthetic_row_001128,"Nice! You received a P150 voucher from GCash. Use it for your load, bills, shopping, and more. Tap 'Vouchers' on the app to claim your gift before it expires! Nice! You received a P50 voucher from GCash. Use it for your load, bills, shopping, and more. Tap 'Vouchers' on the app to claim your gift before it expires!","Nice! You received a <AMOUNT> voucher from GCash. Use it for your load, bills, shopping, and more. Tap 'Vouchers' on the app to claim your gift before it expires! Nice! You received a <AMOUNT> voucher from GCash. Use it for your load, bills, shopping, and more. Tap 'Vouchers' on the app to claim your gift before it expires!",ham,ham,synthetic_ham_candidate,generated_needs_review,True,synthetic_generated_raw,cleaned_from_synthetic_raw,not_applicable_synthetic,synthetic row generated from approved manual ham template,False,False,False,False,True,False,ewallet,Maya,C:\Users\Lenovo\OneDrive\Documents\Coding\Some other\Thesis Data Source research\smishing-source-hunt\data\final_dataset_build\interim\service_ham_template_patterns.csv,,synthetic_template,True,service_ham_template_00083,template_slot_sampling,Generated from service_ham_template_00083; synthetic values only.,exact_duplicate
synthetic_service_ham_001129,service_ham_template_generator,synthetic_service_ham_from_manual_templates,synthetic_ham_template,synthetic_row_001129,"Nice! You received a P500 voucher from GCash. Use it for your load, bills, shopping, and more. Tap 'Vouchers' on the app to claim your gift before it expires! Nice! You received a P150 voucher from Maya. Use it for your load, bills, shopping, and more. Tap 'Vouchers' on the app to claim your gift before it expires!","Nice! You received a <AMOUNT> voucher from GCash. Use it for your load, bills, shopping, and more. Tap 'Vouchers' on the app to claim your gift before it expires! Nice! You received a <AMOUNT> voucher from Maya. Use it for your load, bills, shopping, and more. Tap 'Vouchers' on the app to claim your gift before it expires!",ham,ham,synthetic_ham_candidate,generated_needs_review,True,synthetic_generated_raw,cleaned_from_synthetic_raw,not_applicable_synthetic,synthetic row generated from approved manual ham template,False,False,False,False,True,False,ewallet,Maya,C:\Users\Lenovo\OneDrive\Documents\Coding\Some other\Thesis Data Source research\smishing-source-hunt\data\final_dataset_build\interim\service_ham_template_patterns.csv,,synthetic_template,True,service_ham_template_00083,template_slot_sampling,Generated from service_ham_template_00083; synthetic values only.,exact_duplicate
synthetic_service_ham_001130,service_ham_template_generator,synthetic_service_ham_from_manual_templates,synthetic_ham_template,synthetic_row_001130,"Nice! You received a P150 voucher from GCash. Use it for your load, bills, shopping, and more. Tap 'Vouchers' on the app to claim your gift before it expires! Nice! You received a P100 voucher from Maya. Use it for your load, bills, shopping, and more. Tap 'Vouchers' on the app to claim your gift before it expires!","Nice! You received a <AMOUNT> voucher from GCash. Use it for your load, bills, shopping, and more. Tap 'Vouchers' on the app to claim your gift before it expires! Nice! You received a <AMOUNT> voucher from Maya. Use it for your load, bills, shopping, and more. Tap 'Vouchers' on the app to claim your gift before it expires!",ham,ham,synthetic_ham_candidate,generated_needs_review,True,synthetic_generated_raw,cleaned_from_synthetic_raw,not_applicable_synthetic,synthetic row generated from approved manual ham template,False,False,False,False,True,False,ewallet,Maya,C:\Users\Lenovo\OneDrive\Documents\Coding\Some other\Thesis Data Source research\smishing-source-hunt\data\final_dataset_build\interim\service_ham_template_patterns.csv,,synthetic_template,True,service_ham_template_00083,template_slot_sampling,Generated from service_ham_template_00083; synthetic values only.,exact_duplicate
synthetic_service_ham_001131,service_ham_template_generator,synthetic_service_ham_from_manual_templates,synthetic_ham_template,synthetic_row_001131,"Nice! You received a P150 voucher from GCash. Use it for your load, bills, shopping, and more. Tap 'Vouchers' on the app to claim your gift before it expires! Nice! You received a P50 voucher from Maya. Use it for your load, bills, shopping, and more. Tap 'Vouchers' on the app to claim your gift before it expires!","Nice! You received a <AMOUNT> voucher from GCash. Use it for your load, bills, shopping, and more. Tap 'Vouchers' on the app to claim your gift before it expires! Nice! You received a <AMOUNT> voucher from Maya. Use it for your load, bills, shopping, and more. Tap 'Vouchers' on the app to claim your gift before it expires!",ham,ham,synthetic_ham_candidate,generated_needs_review,True,synthetic_generated_raw,cleaned_from_synthetic_raw,not_applicable_synthetic,synthetic row generated from approved manual ham template,False,False,False,False,True,False,ewallet,Maya,C:\Users\Lenovo\OneDrive\Documents\Coding\Some other\Thesis Data Source research\smishing-source-hunt\data\final_dataset_build\interim\service_ham_template_patterns.csv,,synthetic_template,True,service_ham_template_00083,template_slot_sampling,Generated from service_ham_template_00083; synthetic values only.,exact_duplicate
synthetic_service_ham_001132,service_ham_template_generator,synthetic_service_ham_from_manual_templates,synthetic_ham_template,synthetic_row_001132,"Nice! You received a P300 voucher from GCash. Use it for your load, bills, shopping, and more. Tap 'Vouchers' on the app to claim your gift before it expires! Nice! You received a P500 voucher from GCash. Use it for your load, bills, shopping, and more. Tap 'Vouchers' on the app to claim your gift before it expires!","Nice! You received a <AMOUNT> voucher from GCash. Use it for your load, bills, shopping, and more. Tap 'Vouchers' on the app to claim your gift before it expires! Nice! You received a <AMOUNT> voucher from GCash. Use it for your load, bills, shopping, and more. Tap 'Vouchers' on the app to claim your gift before it expires!",ham,ham,synthetic_ham_candidate,generated_needs_review,True,synthetic_generated_raw,cleaned_from_synthetic_raw,not_applicable_synthetic,synthetic row generated from approved manual ham template,False,False,False,False,True,False,ewallet,Maya,C:\Users\Lenovo\OneDrive\Documents\Coding\Some other\Thesis Data Source research\smishing-source-hunt\data\final_dataset_build\interim\service_ham_template_patterns.csv,,synthetic_template,True,service_ham_template_00083,template_slot_sampling,Generated from service_ham_template_00083; synthetic values only.,exact_duplicate
synthetic_service_ham_001133,service_ham_template_generator,synthetic_service_ham_from_manual_templates,synthetic_ham_template,synthetic_row_001133,"Nice! You received a P50 voucher from Maya. Use it for your load, bills, shopping, and more. Tap 'Vouchers' on the app to claim your gift before it expires! Nice! You received a P50 voucher from GCash. Use it for your load, bills, shopping, and more. Tap 'Vouchers' on the app to claim your gift before it expires!","Nice! You received a <AMOUNT> voucher from Maya. Use it for your load, bills, shopping, and more. Tap 'Vouchers' on the app to claim your gift before it expires! Nice! You received a <AMOUNT> voucher from GCash. Use it for your load, bills, shopping, and more. Tap 'Vouchers' on the app to claim your gift before it expires!",ham,ham,synthetic_ham_candidate,generated_needs_review,True,synthetic_generated_raw,cleaned_from_synthetic_raw,not_applicable_synthetic,synthetic row generated from approved manual ham template,False,False,False,False,True,False,ewallet,Maya,C:\Users\Lenovo\OneDrive\Documents\Coding\Some other\Thesis Data Source research\smishing-source-hunt\data\final_dataset_build\interim\service_ham_template_patterns.csv,,synthetic_template,True,service_ham_template_00083,template_slot_sampling,Generated from service_ham_template_00083; synthetic values only.,exact_duplicate
synthetic_service_ham_001134,service_ham_template_generator,synthetic_service_ham_from_manual_templates,synthetic_ham_template,synthetic_row_001134,"Nice! You received a P100 voucher from GCash. Use it for your load, bills, shopping, and more. Tap 'Vouchers' on the app to claim your gift before it expires! Nice! You received a P50 voucher from Maya. Use it for your load, bills, shopping, and more. Tap 'Vouchers' on the app to claim your gift before it expires!","Nice! You received a <AMOUNT> voucher from GCash. Use it for your load, bills, shopping, and more. Tap 'Vouchers' on the app to claim your gift before it expires! Nice! You received a <AMOUNT> voucher from Maya. Use it for your load, bills, shopping, and more. Tap 'Vouchers' on the app to claim your gift before it expires!",ham,ham,synthetic_ham_candidate,generated_needs_review,True,synthetic_generated_raw,cleaned_from_synthetic_raw,not_applicable_synthetic,synthetic row generated from approved manual ham template,False,False,False,False,True,False,ewallet,Maya,C:\Users\Lenovo\OneDrive\Documents\Coding\Some other\Thesis Data Source research\smishing-source-hunt\data\final_dataset_build\interim\service_ham_template_patterns.csv,,synthetic_template,True,service_ham_template_00083,template_slot_sampling,Generated from service_ham_template_00083; synthetic values only.,exact_duplicate
synthetic_service_ham_001174,service_ham_template_generator,synthetic_service_ham_from_manual_templates,synthetic_ham_template,synthetic_row_001174,"Wednesday 15-Aug 12:31 Still dreaming of the F1 grid? Your RCBC Visa Infinite is your ticket! Every PHP 1,000.00 spend earns you an entry to win Monza Barcade watch party passes to Austria or Madrid. If you haven't registered, visit rcbccredit and search: FIVIVS. Promo runs until 08/31/26. DTI251184S 26.","Wednesday <DATE_TIME>:31 Still dreaming of the F1 grid? Your RCBC Visa Infinite is your ticket! Every <AMOUNT> spend earns you an entry to win Monza Barcade watch party passes to Austria or Madrid. If you haven't registered, visit rcbccredit and search: FIVIVS. Promo runs until 08/31/26. DTI251184S 26.",ham,ham,synthetic_ham_candidate,generated_needs_review,True,synthetic_generated_raw,cleaned_from_synthetic_raw,not_applicable_synthetic,synthetic row generated from approved manual ham template,False,False,False,False,True,True,promo_legitimate,Unknown,C:\Users\Lenovo\OneDrive\Documents\Coding\Some other\Thesis Data Source research\smishing-source-hunt\data\final_dataset_build\interim\service_ham_template_patterns.csv,,synthetic_template,True,service_ham_template_00117,template_slot_sampling,Generated from service_ham_template_00117; synthetic values only.,exact_duplicate
synthetic_service_ham_001186,service_ham_template_generator,synthetic_service_ham_from_manual_templates,synthetic_ham_template,synthetic_row_001186,"Wednesday 27-Aug 18:05 Still dreaming of the F1 grid? Your RCBC Visa Infinite is your ticket! Every P100 spend earns you an entry to win Monza Barcade watch party passes to Austria or Madrid. If you haven't registered, visit rcbccredit and search: FIVIVS. Promo runs until 08/31/26. DTI251184S 26.","Wednesday <DATE_TIME>:05 Still dreaming of the F1 grid? Your RCBC Visa Infinite is your ticket! Every <AMOUNT> spend earns you an entry to win Monza Barcade watch party passes to Austria or Madrid. If you haven't registered, visit rcbccredit and search: FIVIVS. Promo runs until 08/31/26. DTI251184S 26.",ham,ham,synthetic_ham_candidate,generated_needs_review,True,synthetic_generated_raw,cleaned_from_synthetic_raw,not_applicable_synthetic,synthetic row generated from approved manual ham template,False,False,False,False,True,True,promo_legitimate,Unknown,C:\Users\Lenovo\OneDrive\Documents\Coding\Some other\Thesis Data Source research\smishing-source-hunt\data\final_dataset_build\interim\service_ham_template_patterns.csv,,synthetic_template,True,service_ham_template_00117,template_slot_sampling,Generated from service_ham_template_00117; synthetic values only.,exact_duplicate
synthetic_service_ham_001203,service_ham_template_generator,synthetic_service_ham_from_manual_templates,synthetic_ham_template,synthetic_row_001203,"Wednesday on 12 May 2026 Still dreaming of the F1 grid? Your RCBC Visa Infinite is your ticket! Every P100 spend earns you an entry to win Monza Barcade watch party passes to Austria or Madrid. If you haven't registered, visit rcbccredit and search: FIVIVS. Promo runs until 08/31/26. DTI251184S 26.","Wednesday on <DATE_TIME> Still dreaming of the F1 grid? Your RCBC Visa Infinite is your ticket! Every <AMOUNT> spend earns you an entry to win Monza Barcade watch party passes to Austria or Madrid. If you haven't registered, visit rcbccredit and search: FIVIVS. Promo runs until 08/31/26. DTI251184S 26.",ham,ham,synthetic_ham_candidate,generated_needs_review,True,synthetic_generated_raw,cleaned_from_synthetic_raw,not_applicable_synthetic,synthetic row generated from approved manual ham template,False,False,False,False,True,True,promo_legitimate,Unknown,C:\Users\Lenovo\OneDrive\Documents\Coding\Some other\Thesis Data Source research\smishing-source-hunt\data\final_dataset_build\interim\service_ham_template_patterns.csv,,synthetic_template,True,service_ham_template_00117,template_slot_sampling,Generated from service_ham_template_00117; synthetic values only.,exact_duplicate
synthetic_service_ham_001226,service_ham_template_generator,synthetic_service_ham_from_manual_templates,synthetic_ham_template,synthetic_row_001226,"Wednesday today Still dreaming of the F1 grid? Your RCBC Visa Infinite is your ticket! Every P100 spend earns you an entry to win Monza Barcade watch party passes to Austria or Madrid. If you haven't registered, visit rcbccredit and search: FIVIVS. Promo runs until 08/31/26. DTI251184S 26.","Wednesday <DATE_TIME> Still dreaming of the F1 grid? Your RCBC Visa Infinite is your ticket! Every <AMOUNT> spend earns you an entry to win Monza Barcade watch party passes to Austria or Madrid. If you haven't registered, visit rcbccredit and search: FIVIVS. Promo runs until 08/31/26. DTI251184S 26.",ham,ham,synthetic_ham_candidate,generated_needs_review,True,synthetic_generated_raw,cleaned_from_synthetic_raw,not_applicable_synthetic,synthetic row generated from approved manual ham template,False,False,False,False,True,True,promo_legitimate,Unknown,C:\Users\Lenovo\OneDrive\Documents\Coding\Some other\Thesis Data Source research\smishing-source-hunt\data\final_dataset_build\interim\service_ham_template_patterns.csv,,synthetic_template,True,service_ham_template_00117,template_slot_sampling,Generated from service_ham_template_00117; synthetic values only.,exact_duplicate
synthetic_service_ham_001236,service_ham_template_generator,synthetic_service_ham_from_manual_templates,synthetic_ham_template,synthetic_row_001236,"Wednesday 27-Aug 18:05 Still dreaming of the F1 grid? Your RCBC Visa Infinite is your ticket! Every 4.95 GigaPoints spend earns you an entry to win Monza Barcade watch party passes to Austria or Madrid. If you haven't registered, visit rcbccredit and search: FIVIVS. Promo runs until 08/31/26. DTI251184S 26.","Wednesday <DATE_TIME>:05 Still dreaming of the F1 grid? Your RCBC Visa Infinite is your ticket! Every <AMOUNT> spend earns you an entry to win Monza Barcade watch party passes to Austria or Madrid. If you haven't registered, visit rcbccredit and search: FIVIVS. Promo runs until 08/31/26. DTI251184S 26.",ham,ham,synthetic_ham_candidate,generated_needs_review,True,synthetic_generated_raw,cleaned_from_synthetic_raw,not_applicable_synthetic,synthetic row generated from approved manual ham template,False,False,False,False,True,True,promo_legitimate,Unknown,C:\Users\Lenovo\OneDrive\Documents\Coding\Some other\Thesis Data Source research\smishing-source-hunt\data\final_dataset_build\interim\service_ham_template_patterns.csv,,synthetic_template,True,service_ham_template_00117,template_slot_sampling,Generated from service_ham_template_00117; synthetic values only.,exact_duplicate
synthetic_service_ham_001245,service_ham_template_generator,synthetic_service_ham_from_manual_templates,synthetic_ham_template,synthetic_row_001245,"Wednesday 04-Oct 02:21 Still dreaming of the F1 grid? Your RCBC Visa Infinite is your ticket! Every P100 spend earns you an entry to win Monza Barcade watch party passes to Austria or Madrid. If you haven't registered, visit rcbccredit and search: FIVIVS. Promo runs until 08/31/26. DTI251184S 26.","Wednesday <DATE_TIME>:21 Still dreaming of the F1 grid? Your RCBC Visa Infinite is your ticket! Every <AMOUNT> spend earns you an entry to win Monza Barcade watch party passes to Austria or Madrid. If you haven't registered, visit rcbccredit and search: FIVIVS. Promo runs until 08/31/26. DTI251184S 26.",ham,ham,synthetic_ham_candidate,generated_needs_review,True,synthetic_generated_raw,cleaned_from_synthetic_raw,not_applicable_synthetic,synthetic row generated from approved manual ham template,False,False,False,False,True,True,promo_legitimate,Unknown,C:\Users\Lenovo\OneDrive\Documents\Coding\Some other\Thesis Data Source research\smishing-source-hunt\data\final_dataset_build\interim\service_ham_template_patterns.csv,,synthetic_template,True,service_ham_template_00117,template_slot_sampling,Generated from service_ham_template_00117; synthetic values only.,exact_duplicate
