unified_id,source_name,dataset_name,source_group,source_row_id,message_raw,message_clean,source_label,normalized_label,label_status,review_status,raw_text_available,raw_text_status,cleaning_status,raw_lookup_status,raw_lookup_notes,replacement_status,replacement_candidate_id,original_replaced_unified_id,contains_url,contains_email,contains_phone,notes,raw_placeholder_detected,raw_placeholder_count,raw_placeholder_types,raw_quality_status,raw_quality_notes,raw_length,token_count,long_message_flag,sms_likeness_status,repair_status,final_strict_raw_eligible,exclusion_reason,campaign_template_key,campaign_cluster_id,campaign_cluster_size,campaign_duplicate_status,is_campaign_representative,campaign_representative_reason
strict_replacement_ncsu_sms_phishing_026732,SMS Phishing Dataset,wspr-ncsu/sms-phishing,strict_raw_replacement_91k_pool,ncsu_sms_phishing_026732,"New TRXM L0gin || www.usdtrxm.com || You Login code: trxn Total: 3,853,40.73ÙŠÐТ","New TRXM L0gin || <URL> || You Login code: trxn Total: 3,853,40.73ÙŠÐТ",phishing_messages_row,smishing,accepted,candidate,True,original_unredacted,cleaned_from_raw,replaced_from_91k_pool,Placeholder/anonymized raw row replaced by strict raw-available smishing candidate from 91k pool.,replaced_with_raw_available_candidate,ncsu_sms_phishing_026732,replacement_imc25_english_smish_18888,false,false,false,original_source=Smishing-Dataset-IMC25; scam_category=banking; strict-clean approved gathered smishing row. | raw_recovery: source candidate imc25_english_smish_18888; source_url=https://github.com/reportsmishing/Smishing-Dataset-IMC25; scam_category=others,False,0,,pass_raw,Strict raw accepted after repair validation; original audit status=pass_raw; sms_likeness_status=likely_sms.,80,15,False,likely_sms,replaced_with_strict_raw_candidate,True,,new trxm l0gin < > you login code < > total < > 73,camp_000001,140,campaign_representative,True,selected under max 3 per template cap
strict_replacement_ncsu_sms_phishing_027076,SMS Phishing Dataset,wspr-ncsu/sms-phishing,strict_raw_replacement_91k_pool,ncsu_sms_phishing_027076,"New TRXM L0gin || www.usdtrxm.com || You Login code: trxn Total: 3,853,40.73ÙŠÐТ %}","New TRXM L0gin || <URL> || You Login code: trxn Total: 3,853,40.73ÙŠÐТ %}",phishing_messages_row,smishing,accepted,candidate,True,original_unredacted,cleaned_from_raw,replaced_from_91k_pool,Placeholder/anonymized raw row replaced by strict raw-available smishing candidate from 91k pool.,replaced_with_raw_available_candidate,ncsu_sms_phishing_027076,replacement_imc25_english_smish_04585,false,false,false,original_source=Smishing-Dataset-IMC25; scam_category=delivery; strict-clean approved gathered smishing row. | raw_recovery: source candidate imc25_english_smish_04585; source_url=https://github.com/reportsmishing/Smishing-Dataset-IMC25; scam_category=others,False,0,,pass_raw,Strict raw accepted after repair validation; original audit status=pass_raw; sms_likeness_status=likely_sms.,83,15,False,likely_sms,replaced_with_strict_raw_candidate,True,,new trxm l0gin < > you login code < > total < > 73,camp_000001,140,campaign_representative,True,selected under max 3 per template cap
strict_replacement_ncsu_sms_phishing_027106,SMS Phishing Dataset,wspr-ncsu/sms-phishing,strict_raw_replacement_91k_pool,ncsu_sms_phishing_027106,"New TRXM L0gin || www.usdtrxm.com || You Login code: trxn Total: 3,853,40.73ÙŠÐТ **","New TRXM L0gin || <URL> || You Login code: trxn Total: 3,853,40.73ÙŠÐТ **",phishing_messages_row,smishing,accepted,candidate,True,original_unredacted,cleaned_from_raw,replaced_from_91k_pool,Placeholder/anonymized raw row replaced by strict raw-available smishing candidate from 91k pool.,replaced_with_raw_available_candidate,ncsu_sms_phishing_027106,replacement_imc25_english_smish_05668,false,false,false,original_source=Smishing-Dataset-IMC25; scam_category=delivery; strict-clean approved gathered smishing row. | raw_recovery: source candidate imc25_english_smish_05668; source_url=https://github.com/reportsmishing/Smishing-Dataset-IMC25; scam_category=banking,False,0,,pass_raw,Strict raw accepted after repair validation; original audit status=pass_raw; sms_likeness_status=likely_sms.,83,15,False,likely_sms,replaced_with_strict_raw_candidate,True,,new trxm l0gin < > you login code < > total < > 73,camp_000001,140,campaign_representative,True,selected under max 3 per template cap
replacement_ncsu_sms_phishing_016423,SMS Phishing Dataset,wspr-ncsu/sms-phishing,raw_recovery_91k_pool,ncsu_sms_phishing_016423,"Your USDTCOIN Access [ usdqerc.com ] Username:Mak88 Login code:mk1689 Balance:1,654,293.49 USDT %","Your USDTCOIN Access [ <URL> ] Username:Mak88 Login code:mk1689 Balance:1,654,293.49 USDT %",phishing_messages_row,smishing,accepted,candidate,True,original_unredacted,cleaned_from_raw,replaced_from_91k_pool,Redacted-only gathered row replaced by raw-available smishing candidate from 91k pool.,replaced_with_raw_available_candidate,ncsu_sms_phishing_016423,gathered_imc25_english_smish_09424,true,false,false,original_source=Smishing-Dataset-IMC25; scam_category=banking; strict-clean approved gathered smishing row. | raw_recovery: source candidate ncsu_sms_phishing_016423; source_url=https://github.com/wspr-ncsu/sms-phishing; scam_category=other,False,0,,pass_raw,Strict raw accepted after repair validation; original audit status=pass_raw; sms_likeness_status=likely_sms.,97,16,False,likely_sms,kept_strict_raw,True,,your usdtcoin access < > username mak88 login code < > balance < > usdt,camp_000002,21,campaign_representative,True,selected under max 3 per template cap
strict_replacement_ncsu_sms_phishing_016424,SMS Phishing Dataset,wspr-ncsu/sms-phishing,strict_raw_replacement_91k_pool,ncsu_sms_phishing_016424,"Your USDTCOIN Access [ usdqerc.com ] Username:Mak88 Login code:mk1689 Balance:1,654,293.49 USDT (","Your USDTCOIN Access [ <URL> ] Username:Mak88 Login code:mk1689 Balance:1,654,293.49 USDT (",phishing_messages_row,smishing,accepted,candidate,True,original_unredacted,cleaned_from_raw,replaced_from_91k_pool,Placeholder/anonymized raw row replaced by strict raw-available smishing candidate from 91k pool.,replaced_with_raw_available_candidate,ncsu_sms_phishing_016424,replacement_imc25_english_smish_13463,false,false,false,original_source=Smishing-Dataset-IMC25; scam_category=banking; strict-clean approved gathered smishing row. | raw_recovery: source candidate imc25_english_smish_13463; source_url=https://github.com/reportsmishing/Smishing-Dataset-IMC25; scam_category=banking,False,0,,pass_raw,Strict raw accepted after repair validation; original audit status=pass_raw; sms_likeness_status=likely_sms.,97,16,False,likely_sms,replaced_with_strict_raw_candidate,True,,your usdtcoin access < > username mak88 login code < > balance < > usdt,camp_000002,21,campaign_representative,True,selected under max 3 per template cap
strict_replacement_ncsu_sms_phishing_016425,SMS Phishing Dataset,wspr-ncsu/sms-phishing,strict_raw_replacement_91k_pool,ncsu_sms_phishing_016425,"Your USDTCOIN Access [ usdqerc.com ] Username:Mak88 Login code:mk1689 Balance:1,654,293.49 USDT #","Your USDTCOIN Access [ <URL> ] Username:Mak88 Login code:mk1689 Balance:1,654,293.49 USDT #",phishing_messages_row,smishing,accepted,candidate,True,original_unredacted,cleaned_from_raw,replaced_from_91k_pool,Placeholder/anonymized raw row replaced by strict raw-available smishing candidate from 91k pool.,replaced_with_raw_available_candidate,ncsu_sms_phishing_016425,replacement_imc25_english_smish_13519,false,false,false,original_source=Smishing-Dataset-IMC25; scam_category=banking; strict-clean approved gathered smishing row. | raw_recovery: source candidate imc25_english_smish_13519; source_url=https://github.com/reportsmishing/Smishing-Dataset-IMC25; scam_category=banking,False,0,,pass_raw,Strict raw accepted after repair validation; original audit status=pass_raw; sms_likeness_status=likely_sms.,97,16,False,likely_sms,replaced_with_strict_raw_candidate,True,,your usdtcoin access < > username mak88 login code < > balance < > usdt,camp_000002,21,campaign_representative,True,selected under max 3 per template cap
strict_replacement_ncsu_sms_phishing_016546,SMS Phishing Dataset,wspr-ncsu/sms-phishing,strict_raw_replacement_91k_pool,ncsu_sms_phishing_016546,"Your USDTCOIN Access [ usdqerc.com ] Username:Mak88 Login code:mk1689 Balance:1,654,293.49 USDT !~~77.83.1.88","Your USDTCOIN Access [ <URL> ] Username:Mak88 Login code:mk1689 Balance:1,654,293.49 USDT !~~<PHONE>",phishing_messages_row,smishing,accepted,candidate,True,original_unredacted,cleaned_from_raw,replaced_from_91k_pool,Placeholder/anonymized raw row replaced by strict raw-available smishing candidate from 91k pool.,replaced_with_raw_available_candidate,ncsu_sms_phishing_016546,replacement_imc25_english_smish_16041,false,false,false,original_source=Smishing-Dataset-IMC25; scam_category=banking; strict-clean approved gathered smishing row. | raw_recovery: source candidate imc25_english_smish_16041; source_url=https://github.com/reportsmishing/Smishing-Dataset-IMC25; scam_category=government,False,0,,pass_raw,Strict raw accepted after repair validation; original audit status=pass_raw; sms_likeness_status=likely_sms.,109,20,False,likely_sms,replaced_with_strict_raw_candidate,True,,your usdtcoin access < > username mak88 login code < > balance < > usdt < >,camp_000003,21,campaign_representative,True,selected under max 3 per template cap
strict_replacement_ncsu_sms_phishing_016724,SMS Phishing Dataset,wspr-ncsu/sms-phishing,strict_raw_replacement_91k_pool,ncsu_sms_phishing_016724,"Your USDTCOIN Access [ usdqerc.com ] Username:Mak88 Login code:mk1689 Balance:1,654,293.49 USDT 【~~77.83.1.92","Your USDTCOIN Access [ <URL> ] Username:Mak88 Login code:mk1689 Balance:1,654,293.49 USDT 【~~<PHONE>",phishing_messages_row,smishing,accepted,candidate,True,original_unredacted,cleaned_from_raw,replaced_from_91k_pool,Placeholder/anonymized raw row replaced by strict raw-available smishing candidate from 91k pool.,replaced_with_raw_available_candidate,ncsu_sms_phishing_016724,replacement_imc25_english_smish_16259,false,false,false,original_source=Smishing-Dataset-IMC25; scam_category=banking; strict-clean approved gathered smishing row. | raw_recovery: source candidate imc25_english_smish_16259; source_url=https://github.com/reportsmishing/Smishing-Dataset-IMC25; scam_category=government,False,0,,pass_raw,Strict raw accepted after repair validation; original audit status=pass_raw; sms_likeness_status=likely_sms.,109,20,False,likely_sms,replaced_with_strict_raw_candidate,True,,your usdtcoin access < > username mak88 login code < > balance < > usdt < >,camp_000003,21,campaign_representative,True,selected under max 3 per template cap
strict_replacement_ncsu_sms_phishing_016941,SMS Phishing Dataset,wspr-ncsu/sms-phishing,strict_raw_replacement_91k_pool,ncsu_sms_phishing_016941,"Your USDTCOIN Access [ usdqerc.com ] Username:Mak88 Login code:mk1689 Balance:1,654,293.49 USDT [~~77.83.1.30","Your USDTCOIN Access [ <URL> ] Username:Mak88 Login code:mk1689 Balance:1,654,293.49 USDT [~~<PHONE>",phishing_messages_row,smishing,accepted,candidate,True,original_unredacted,cleaned_from_raw,replaced_from_91k_pool,Placeholder/anonymized raw row replaced by strict raw-available smishing candidate from 91k pool.,replaced_with_raw_available_candidate,ncsu_sms_phishing_016941,replacement_imc25_english_smish_17056,false,false,false,original_source=Smishing-Dataset-IMC25; scam_category=banking; strict-clean approved gathered smishing row. | raw_recovery: source candidate imc25_english_smish_17056; source_url=https://github.com/reportsmishing/Smishing-Dataset-IMC25; scam_category=others,False,0,,pass_raw,Strict raw accepted after repair validation; original audit status=pass_raw; sms_likeness_status=likely_sms.,109,20,False,likely_sms,replaced_with_strict_raw_candidate,True,,your usdtcoin access < > username mak88 login code < > balance < > usdt < >,camp_000003,21,campaign_representative,True,selected under max 3 per template cap
replacement_ncsu_sms_phishing_003619,SMS Phishing Dataset,wspr-ncsu/sms-phishing,raw_recovery_91k_pool,ncsu_sms_phishing_003619,Your verification code for BaitSalam.com is: 739548 Enter this code on the web to verify your phone number. BaitSalam,Your verification code for <URL> is: 739548 Enter this code on the web to verify your phone number. BaitSalam,phishing_messages_row,smishing,accepted,candidate,True,original_unredacted,cleaned_from_raw,replaced_from_91k_pool,Redacted-only gathered row replaced by raw-available smishing candidate from 91k pool.,replaced_with_raw_available_candidate,ncsu_sms_phishing_003619,gathered_imc25_english_smish_03277,true,false,false,original_source=Smishing-Dataset-IMC25; scam_category=banking; strict-clean approved gathered smishing row. | raw_recovery: source candidate ncsu_sms_phishing_003619; source_url=https://github.com/wspr-ncsu/sms-phishing; scam_category=other,False,0,,pass_raw,Strict raw accepted after repair validation; original audit status=pass_raw; sms_likeness_status=likely_sms.,117,20,False,likely_sms,kept_strict_raw,True,,your verification < > for < > is < > enter this code on the web to verify your phone number baitsalam,camp_000004,9,campaign_representative,True,selected under max 2 per template cap
replacement_ncsu_sms_phishing_007963,SMS Phishing Dataset,wspr-ncsu/sms-phishing,raw_recovery_91k_pool,ncsu_sms_phishing_007963,Your verification code for BaitSalam.com is: 894935 Enter this code on the web to verify your phone number. BaitSalam,Your verification code for <URL> is: 894935 Enter this code on the web to verify your phone number. BaitSalam,phishing_messages_row,smishing,accepted,candidate,True,original_unredacted,cleaned_from_raw,replaced_from_91k_pool,Redacted-only gathered row replaced by raw-available smishing candidate from 91k pool.,replaced_with_raw_available_candidate,ncsu_sms_phishing_007963,gathered_imc25_english_smish_04752,true,false,false,original_source=Smishing-Dataset-IMC25; scam_category=delivery; strict-clean approved gathered smishing row. | raw_recovery: source candidate ncsu_sms_phishing_007963; source_url=https://github.com/wspr-ncsu/sms-phishing; scam_category=other,False,0,,pass_raw,Strict raw accepted after repair validation; original audit status=pass_raw; sms_likeness_status=likely_sms.,117,20,False,likely_sms,kept_strict_raw,True,,your verification < > for < > is < > enter this code on the web to verify your phone number baitsalam,camp_000004,9,campaign_representative,True,selected under max 2 per template cap
replacement_ncsu_sms_phishing_014997,SMS Phishing Dataset,wspr-ncsu/sms-phishing,raw_recovery_91k_pool,ncsu_sms_phishing_014997,"[KuCoin] WithdrawaI code:493988. lf this was not generated by you, canceI here immediateIy: https://kucoinverify.com/ Worldrowan[2755]","[KuCoin] WithdrawaI code:493988. lf this was not generated by you, canceI here immediateIy: <URL> Worldrowan[2755]",phishing_messages_row,smishing,accepted,candidate,True,original_unredacted,cleaned_from_raw,replaced_from_91k_pool,Redacted-only gathered row replaced by raw-available smishing candidate from 91k pool.,replaced_with_raw_available_candidate,ncsu_sms_phishing_014997,gathered_imc25_english_smish_08900,true,false,false,original_source=Smishing-Dataset-IMC25; scam_category=banking; strict-clean approved gathered smishing row. | raw_recovery: source candidate ncsu_sms_phishing_014997; source_url=https://github.com/wspr-ncsu/sms-phishing; scam_category=other,False,0,,pass_raw,Strict raw accepted after repair validation; original audit status=pass_raw; sms_likeness_status=likely_sms.,134,19,False,likely_sms,kept_strict_raw,True,,kucoin withdrawai code < > lf this was not generated by you cancei here immediateiy < > worldrowan < >,camp_000005,8,campaign_representative,True,selected under max 2 per template cap
replacement_ncsu_sms_phishing_015020,SMS Phishing Dataset,wspr-ncsu/sms-phishing,raw_recovery_91k_pool,ncsu_sms_phishing_015020,"[KuCoin] WithdrawaI code:493988. lf this was not generated by you, canceI here immediateIy: https://kucoinverify.com/ Worldrowan[2757]","[KuCoin] WithdrawaI code:493988. lf this was not generated by you, canceI here immediateIy: <URL> Worldrowan[2757]",phishing_messages_row,smishing,accepted,candidate,True,original_unredacted,cleaned_from_raw,replaced_from_91k_pool,Redacted-only gathered row replaced by raw-available smishing candidate from 91k pool.,replaced_with_raw_available_candidate,ncsu_sms_phishing_015020,gathered_imc25_english_smish_08946,true,false,false,original_source=Smishing-Dataset-IMC25; scam_category=banking; strict-clean approved gathered smishing row. | raw_recovery: source candidate ncsu_sms_phishing_015020; source_url=https://github.com/wspr-ncsu/sms-phishing; scam_category=other,False,0,,pass_raw,Strict raw accepted after repair validation; original audit status=pass_raw; sms_likeness_status=likely_sms.,134,19,False,likely_sms,kept_strict_raw,True,,kucoin withdrawai code < > lf this was not generated by you cancei here immediateiy < > worldrowan < >,camp_000005,8,campaign_representative,True,selected under max 2 per template cap
replacement_ncsu_sms_phishing_032684,SMS Phishing Dataset,wspr-ncsu/sms-phishing,raw_recovery_91k_pool,ncsu_sms_phishing_032684,"【 usdtytrc.com 】 A***unt Login:Rom88 P***word:R66888 Usable:3,965,4","【 <URL> 】 A***unt Login:Rom88 P***word:R66888 Usable:3,965,4",phishing_messages_row,smishing,accepted,candidate,True,original_unredacted,cleaned_from_raw,replaced_from_91k_pool,Redacted-only gathered row replaced by raw-available smishing candidate from 91k pool.,replaced_with_raw_available_candidate,ncsu_sms_phishing_032684,gathered_imc25_english_smish_10956,true,false,false,original_source=Smishing-Dataset-IMC25; scam_category=banking; strict-clean approved gathered smishing row. | raw_recovery: source candidate ncsu_sms_phishing_032684; source_url=https://github.com/wspr-ncsu/sms-phishing; scam_category=other,False,0,,pass_raw,Strict raw accepted after repair validation; original audit status=pass_raw; sms_likeness_status=likely_sms.,67,13,False,likely_sms,kept_strict_raw,True,,< > a unt login rom88 p word r66888 usable < >,camp_000006,7,campaign_representative,True,selected under max 2 per template cap
replacement_ncsu_sms_phishing_033442,SMS Phishing Dataset,wspr-ncsu/sms-phishing,raw_recovery_91k_pool,ncsu_sms_phishing_033442,"【 usdtaerc.com 】 A***unt Login:Rom88 P***word:R66888 Usable:3,892,2","【 <URL> 】 A***unt Login:Rom88 P***word:R66888 Usable:3,892,2",phishing_messages_row,smishing,accepted,candidate,True,original_unredacted,cleaned_from_raw,replaced_from_91k_pool,Redacted-only gathered row replaced by raw-available smishing candidate from 91k pool.,replaced_with_raw_available_candidate,ncsu_sms_phishing_033442,gathered_imc25_english_smish_11007,true,false,false,original_source=Smishing-Dataset-IMC25; scam_category=banking; strict-clean approved gathered smishing row. | raw_recovery: source candidate ncsu_sms_phishing_033442; source_url=https://github.com/wspr-ncsu/sms-phishing; scam_category=other,False,0,,pass_raw,Strict raw accepted after repair validation; original audit status=pass_raw; sms_likeness_status=likely_sms.,67,13,False,likely_sms,kept_strict_raw,True,,< > a unt login rom88 p word r66888 usable < >,camp_000006,7,campaign_representative,True,selected under max 2 per template cap
replacement_ncsu_sms_phishing_045620,SMS Phishing Dataset,wspr-ncsu/sms-phishing,raw_recovery_91k_pool,ncsu_sms_phishing_045620,"[email protected] / (FirstHorizon-ID#10013) / (ONLINE-Verification),click the following link to confirm your account: http://e7.al/364","[email protected] / (FirstHorizon-ID#10013) / (ONLINE-Verification),click the following link to confirm your account: <URL>",phishing_messages_row,smishing,accepted,candidate,True,original_unredacted,cleaned_from_raw,replaced_from_91k_pool,Redacted-only gathered row replaced by raw-available smishing candidate from 91k pool.,replaced_with_raw_available_candidate,ncsu_sms_phishing_045620,gathered_imc25_english_smish_11544,true,false,false,original_source=Smishing-Dataset-IMC25; scam_category=banking; strict-clean approved gathered smishing row. | raw_recovery: source candidate ncsu_sms_phishing_045620; source_url=https://github.com/wspr-ncsu/sms-phishing; scam_category=other,False,0,,pass_raw,Strict raw accepted after repair validation; original audit status=pass_raw; sms_likeness_status=likely_sms.,134,19,False,likely_sms,kept_strict_raw,True,,email protected firsthorizon id < > online verification click the following link to confirm your account < >,camp_000007,7,campaign_representative,True,selected under max 2 per template cap
replacement_ncsu_sms_phishing_045623,SMS Phishing Dataset,wspr-ncsu/sms-phishing,raw_recovery_91k_pool,ncsu_sms_phishing_045623,"[email protected] / (FirstHorizon-ID#38063) / (ONLINE-Verification),click the following link to confirm your account: http://e7.al/366","[email protected] / (FirstHorizon-ID#38063) / (ONLINE-Verification),click the following link to confirm your account: <URL>",phishing_messages_row,smishing,accepted,candidate,True,original_unredacted,cleaned_from_raw,replaced_from_91k_pool,Redacted-only gathered row replaced by raw-available smishing candidate from 91k pool.,replaced_with_raw_available_candidate,ncsu_sms_phishing_045623,gathered_imc25_english_smish_11546,true,false,false,original_source=Smishing-Dataset-IMC25; scam_category=banking; strict-clean approved gathered smishing row. | raw_recovery: source candidate ncsu_sms_phishing_045623; source_url=https://github.com/wspr-ncsu/sms-phishing; scam_category=other,False,0,,pass_raw,Strict raw accepted after repair validation; original audit status=pass_raw; sms_likeness_status=likely_sms.,134,19,False,likely_sms,kept_strict_raw,True,,email protected firsthorizon id < > online verification click the following link to confirm your account < >,camp_000007,7,campaign_representative,True,selected under max 2 per template cap
gathered_smishx_smishing_0038,SmishX,Gathered approved smishing 7k,gathered_approved_smishing,smishx_smishing_0038,"/ (FirstHorizon-ID#11174) / (ONLINE-Verification),click the following link to confirm your account: http://e7.al/387","/ (FirstHorizon-ID#11174) / (ONLINE-Verification),click the following link to confirm your account: <URL>",smishing,smishing,accepted,approved,True,original_unredacted,cleaned_from_raw,found_in_source_archive,Selected gathered final `message_raw` as the least-redacted available text.,kept_original_raw_available,,,false,false,false,original_source=SmishX; scam_category=other; strict-clean approved gathered smishing row.,False,0,,pass_raw,Strict raw accepted after repair validation; original audit status=pass_raw; sms_likeness_status=likely_sms.,116,17,False,likely_sms,kept_strict_raw,True,,firsthorizon id < > online verification click the following link to confirm your account < >,camp_000008,7,campaign_representative,True,selected under max 2 per template cap
replacement_ncsu_sms_phishing_045615,SMS Phishing Dataset,wspr-ncsu/sms-phishing,raw_recovery_91k_pool,ncsu_sms_phishing_045615,"/ (FirstHorizon-ID#10013) / (ONLINE-Verification),click the following link to confirm your account: http://e7.al/364","/ (FirstHorizon-ID#10013) / (ONLINE-Verification),click the following link to confirm your account: <URL>",phishing_messages_row,smishing,accepted,candidate,True,original_unredacted,cleaned_from_raw,replaced_from_91k_pool,Redacted-only gathered row replaced by raw-available smishing candidate from 91k pool.,replaced_with_raw_available_candidate,ncsu_sms_phishing_045615,gathered_imc25_english_smish_11525,true,false,false,original_source=Smishing-Dataset-IMC25; scam_category=banking; strict-clean approved gathered smishing row. | raw_recovery: source candidate ncsu_sms_phishing_045615; source_url=https://github.com/wspr-ncsu/sms-phishing; scam_category=other,False,0,,pass_raw,Strict raw accepted after repair validation; original audit status=pass_raw; sms_likeness_status=likely_sms.,116,17,False,likely_sms,kept_strict_raw,True,,firsthorizon id < > online verification click the following link to confirm your account < >,camp_000008,7,campaign_representative,True,selected under max 2 per template cap
mishra_000583,Mishra & Soni,SMS Phishing Dataset for Machine Learning and Pattern Recognition,public_baseline,583,"Please call our customer service representative on 6299257179 between 10am-9pm as you have W0N a guaranteed cash prize of Rs.5,00,000 FL1PKART TEAM","Please call our customer service representative on <PHONE> between 10am-9pm as you have W0N a guaranteed cash prize of Rs.5,00,000 FL1PKART TEAM",Smishing,smishing,accepted,accepted,True,original_unredacted,cleaned_from_raw,found_in_source_archive,Recovered source text from the original source archive using source_row_id.,,,,false,false,true,URL=No; EMAIL=No; PHONE=yes. Mishra spam is preserved for later smishing relabel review.,False,0,,pass_raw,Strict raw accepted after repair validation; original audit status=pass_raw; sms_likeness_status=likely_sms.,147,26,False,likely_sms,kept_strict_raw,True,,please call our customer service representative on < > between 10am 9pm as you have w0n a guaranteed cash prize of rs < > fl1pkart team,camp_000009,6,campaign_representative,True,selected under max 2 per template cap
mishra_000272,Mishra & Soni,SMS Phishing Dataset for Machine Learning and Pattern Recognition,public_baseline,272,"Please call our customer service representative on 6200992462 between 10am-9pm as you have W0N a guaranteed cash prize of Rs.8,00,000 FL1PKART TEAM","Please call our customer service representative on <PHONE> between 10am-9pm as you have W0N a guaranteed cash prize of Rs.8,00,000 FL1PKART TEAM",Smishing,smishing,accepted,accepted,True,original_unredacted,cleaned_from_raw,found_in_source_archive,Recovered source text from the original source archive using source_row_id.,,,,false,false,true,URL=No; EMAIL=No; PHONE=yes. Mishra spam is preserved for later smishing relabel review.,False,0,,pass_raw,Strict raw accepted after repair validation; original audit status=pass_raw; sms_likeness_status=likely_sms.,147,26,False,likely_sms,kept_strict_raw,True,,please call our customer service representative on < > between 10am 9pm as you have w0n a guaranteed cash prize of rs < > fl1pkart team,camp_000009,6,campaign_representative,True,selected under max 2 per template cap
replacement_imc25_english_smish_02899,Smishing-Dataset-IMC25,reportsmishing/Smishing-Dataset-IMC25,raw_recovery_91k_pool,imc25_english_smish_02899,High five NobuhleNombuso2! You've done all the 📢 Slam the Scam challenges. 🎉 Woohoo! 🎉 I've entered you into a daily draw to WIN data! ✋,High five NobuhleNombuso2! You've done all the 📢 Slam the Scam challenges. 🎉 Woohoo! 🎉 I've entered you into a daily draw to WIN data! ✋,smishing_corpus_row,smishing,accepted,candidate,True,original_unredacted,cleaned_from_raw,replaced_from_91k_pool,Redacted-only gathered row replaced by raw-available smishing candidate from 91k pool.,replaced_with_raw_available_candidate,imc25_english_smish_02899,gathered_imc25_english_smish_15352,false,false,false,original_source=Smishing-Dataset-IMC25; scam_category=delivery; strict-clean approved gathered smishing row. | raw_recovery: source candidate imc25_english_smish_02899; source_url=https://github.com/reportsmishing/Smishing-Dataset-IMC25; scam_category=spam,False,0,,pass_raw,Strict raw accepted after repair validation; original audit status=review_sms_likeness; sms_likeness_status=needs_review.,136,24,False,needs_review,kept_strict_raw,True,,high five nobuhlenombuso2 you ve done all the slam the scam challenges woohoo i ve entered you into a daily draw to win data,camp_000010,5,campaign_representative,True,selected under max 2 per template cap
strict_replacement_imc25_english_smish_03061,Smishing-Dataset-IMC25,reportsmishing/Smishing-Dataset-IMC25,strict_raw_replacement_91k_pool,imc25_english_smish_03061,High five NobuhleNombuso2! You've done all the 📩 Slam the Scam challenges. 🎉 Woohoo! 🎉 I've entered you into a daily draw to WIN data! ✋,High five NobuhleNombuso2! You've done all the 📩 Slam the Scam challenges. 🎉 Woohoo! 🎉 I've entered you into a daily draw to WIN data! ✋,smishing_corpus_row,smishing,accepted,candidate,True,original_unredacted,cleaned_from_raw,replaced_from_91k_pool,Placeholder/anonymized raw row replaced by strict raw-available smishing candidate from 91k pool.,replaced_with_raw_available_candidate,imc25_english_smish_03061,replacement_imc25_english_smish_03263,false,false,false,original_source=Smishing-Dataset-IMC25; scam_category=delivery; strict-clean approved gathered smishing row. | raw_recovery: source candidate imc25_english_smish_03263; source_url=https://github.com/reportsmishing/Smishing-Dataset-IMC25; scam_category=others,False,0,,pass_raw,Strict raw accepted after repair validation; original audit status=review_sms_likeness; sms_likeness_status=needs_review.,136,24,False,needs_review,replaced_with_strict_raw_candidate,True,,high five nobuhlenombuso2 you ve done all the slam the scam challenges woohoo i ve entered you into a daily draw to win data,camp_000010,5,campaign_representative,True,selected under max 2 per template cap
replacement_ncsu_sms_phishing_026729,SMS Phishing Dataset,wspr-ncsu/sms-phishing,raw_recovery_91k_pool,ncsu_sms_phishing_026729,"New TRXM L0gin || www.usdtrxm.com || You Login code: trxn Total: 3,853,40.73ÙŠÐТ [email protected]={*","New TRXM L0gin || <URL> || You Login code: trxn Total: 3,853,40.73ÙŠÐТ [email protected]={*",phishing_messages_row,smishing,accepted,candidate,True,original_unredacted,cleaned_from_raw,replaced_from_91k_pool,Redacted-only gathered row replaced by raw-available smishing candidate from 91k pool.,replaced_with_raw_available_candidate,ncsu_sms_phishing_026729,gathered_imc25_english_smish_10602,true,false,false,original_source=Smishing-Dataset-IMC25; scam_category=banking; strict-clean approved gathered smishing row. | raw_recovery: source candidate ncsu_sms_phishing_026729; source_url=https://github.com/wspr-ncsu/sms-phishing; scam_category=other,False,0,,pass_raw,Strict raw accepted after repair validation; original audit status=pass_raw; sms_likeness_status=likely_sms.,101,17,False,likely_sms,kept_strict_raw,True,,new trxm l0gin < > you login code < > total < > 73 email protected,camp_000011,5,campaign_representative,True,selected under max 2 per template cap
strict_replacement_ncsu_sms_phishing_027073,SMS Phishing Dataset,wspr-ncsu/sms-phishing,strict_raw_replacement_91k_pool,ncsu_sms_phishing_027073,"New TRXM L0gin || www.usdtrxm.com || You Login code: trxn Total: 3,853,40.73ÙŠÐТ %}[email protected]","New TRXM L0gin || <URL> || You Login code: trxn Total: 3,853,40.73ÙŠÐТ %}[email protected]",phishing_messages_row,smishing,accepted,candidate,True,original_unredacted,cleaned_from_raw,replaced_from_91k_pool,Placeholder/anonymized raw row replaced by strict raw-available smishing candidate from 91k pool.,replaced_with_raw_available_candidate,ncsu_sms_phishing_027073,replacement_imc25_english_smish_04495,false,false,false,original_source=Smishing-Dataset-IMC25; scam_category=delivery; strict-clean approved gathered smishing row. | raw_recovery: source candidate imc25_english_smish_04495; source_url=https://github.com/reportsmishing/Smishing-Dataset-IMC25; scam_category=spam,False,0,,pass_raw,Strict raw accepted after repair validation; original audit status=pass_raw; sms_likeness_status=likely_sms.,100,17,False,likely_sms,replaced_with_strict_raw_candidate,True,,new trxm l0gin < > you login code < > total < > 73 email protected,camp_000011,5,campaign_representative,True,selected under max 2 per template cap
replacement_imc25_english_smish_03928,Smishing-Dataset-IMC25,reportsmishing/Smishing-Dataset-IMC25,raw_recovery_91k_pool,imc25_english_smish_03928,Paytm Secure SMS to verify your number and login: $YzU1M2E4MTIyMmQ5NWMmNWVjMmMTjYThiZTg,Paytm Secure SMS to verify your number and login: $YzU1M2E4MTIyMmQ5NWMmNWVjMmMTjYThiZTg,smishing_corpus_row,smishing,accepted,candidate,True,original_unredacted,cleaned_from_raw,replaced_from_91k_pool,Redacted-only gathered row replaced by raw-available smishing candidate from 91k pool.,replaced_with_raw_available_candidate,imc25_english_smish_03928,gathered_imc25_english_smish_02994,false,false,false,original_source=Smishing-Dataset-IMC25; scam_category=banking; strict-clean approved gathered smishing row. | raw_recovery: source candidate imc25_english_smish_03928; source_url=https://github.com/reportsmishing/Smishing-Dataset-IMC25; scam_category=banking,False,0,,pass_raw,Strict raw accepted after repair validation; original audit status=pass_raw; sms_likeness_status=likely_sms.,87,10,False,likely_sms,kept_strict_raw,True,,paytm secure sms to verify your number and login < >,camp_000012,5,campaign_representative,True,selected under max 2 per template cap
replacement_imc25_english_smish_06692,Smishing-Dataset-IMC25,reportsmishing/Smishing-Dataset-IMC25,raw_recovery_91k_pool,imc25_english_smish_06692,Paytm Secure SMS to verify your number and login: $YzU1M2E4MTIyMmQ5NWVmNWNWjMmMTJjYThiZTg,Paytm Secure SMS to verify your number and login: $YzU1M2E4MTIyMmQ5NWVmNWNWjMmMTJjYThiZTg,smishing_corpus_row,smishing,accepted,candidate,True,original_unredacted,cleaned_from_raw,replaced_from_91k_pool,Redacted-only gathered row replaced by raw-available smishing candidate from 91k pool.,replaced_with_raw_available_candidate,imc25_english_smish_06692,gathered_imc25_english_smish_04466,false,false,false,original_source=Smishing-Dataset-IMC25; scam_category=banking; strict-clean approved gathered smishing row. | raw_recovery: source candidate imc25_english_smish_06692; source_url=https://github.com/reportsmishing/Smishing-Dataset-IMC25; scam_category=banking,False,0,,pass_raw,Strict raw accepted after repair validation; original audit status=pass_raw; sms_likeness_status=likely_sms.,89,10,False,likely_sms,kept_strict_raw,True,,paytm secure sms to verify your number and login < >,camp_000012,5,campaign_representative,True,selected under max 2 per template cap
replacement_ncsu_sms_phishing_015748,SMS Phishing Dataset,wspr-ncsu/sms-phishing,raw_recovery_91k_pool,ncsu_sms_phishing_015748,241034 is your verification code for api.exviews.com.,241034 is your verification code for <URL>,phishing_messages_row,smishing,accepted,candidate,True,original_unredacted,cleaned_from_raw,replaced_from_91k_pool,Redacted-only gathered row replaced by raw-available smishing candidate from 91k pool.,replaced_with_raw_available_candidate,ncsu_sms_phishing_015748,gathered_imc25_english_smish_09111,true,false,false,original_source=Smishing-Dataset-IMC25; scam_category=banking; strict-clean approved gathered smishing row. | raw_recovery: source candidate ncsu_sms_phishing_015748; source_url=https://github.com/wspr-ncsu/sms-phishing; scam_category=other,False,0,,pass_raw,Strict raw accepted after repair validation; original audit status=pass_raw; sms_likeness_status=likely_sms.,53,9,False,likely_sms,kept_strict_raw,True,,< > is your verification < > for < >,camp_000013,4,campaign_representative,True,selected under max 1 per template cap
replacement_ncsu_sms_phishing_015004,SMS Phishing Dataset,wspr-ncsu/sms-phishing,raw_recovery_91k_pool,ncsu_sms_phishing_015004,"667966 WithdrawaI code: 493988. lf this was not generated by you, canceI here immediateIy: https://kucoinverify.com/ Worldrowan","667966 WithdrawaI code: <OTP>. lf this was not generated by you, canceI here immediateIy: <URL> Worldrowan",phishing_messages_row,smishing,accepted,candidate,True,original_unredacted,cleaned_from_raw,replaced_from_91k_pool,Redacted-only gathered row replaced by raw-available smishing candidate from 91k pool.,replaced_with_raw_available_candidate,ncsu_sms_phishing_015004,gathered_imc25_english_smish_08917,true,false,false,original_source=Smishing-Dataset-IMC25; scam_category=banking; strict-clean approved gathered smishing row. | raw_recovery: source candidate ncsu_sms_phishing_015004; source_url=https://github.com/wspr-ncsu/sms-phishing; scam_category=other,False,0,,pass_raw,Strict raw accepted after repair validation; original audit status=pass_raw; sms_likeness_status=likely_sms.,127,18,False,likely_sms,kept_strict_raw,True,,< > withdrawai code < > lf this was not generated by you cancei here immediateiy < > worldrowan,camp_000014,4,campaign_representative,True,selected under max 1 per template cap
mishra_000271,Mishra & Soni,SMS Phishing Dataset for Machine Learning and Pattern Recognition,public_baseline,271,"URGENT! Dear FL1PKART Customer, We are trying to contact you. Last weekends draw shows that you w0n a Rs.2,00,000 prize GUARANTEED. Call 6299257179. Claim Code FLIP02. Valid 12hrs only.","URGENT! Dear FL1PKART Customer, We are trying to contact you. Last weekends draw shows that you w0n a Rs.2,00,000 prize GUARANTEED. Call <PHONE>. Claim Code <OTP>. Valid 12hrs only.",Smishing,smishing,accepted,accepted,True,original_unredacted,cleaned_from_raw,found_in_source_archive,Recovered source text from the original source archive using source_row_id.,,,,false,false,true,URL=No; EMAIL=No; PHONE=yes. Mishra spam is preserved for later smishing relabel review.,False,0,,pass_raw,Strict raw accepted after repair validation; original audit status=pass_raw; sms_likeness_status=likely_sms.,185,32,False,likely_sms,kept_strict_raw,True,,urgent dear fl1pkart customer we are trying to contact you last weekends draw shows that you w0n a rs < > prize guaranteed call < > claim code < > valid 12hrs only,camp_000015,4,campaign_representative,True,selected under max 1 per template cap
smishtank_1066,SmishTank,SmishTank Dataset / Smishing Dataset I,public_baseline,1066,https://tinyurl.com/7jvV5nL,<URL>,verified_smishing,smishing,accepted,accepted,True,original_unredacted,cleaned_from_raw,found_in_source_archive,Recovered source text from the original source archive using source_row_id.,,,,true,false,false,category=Other; brand=; sender_type=; url=https://tinyurl.com/7jvV5nL; domain=tinyurl.com,False,0,,pass_raw,Strict raw accepted after repair validation; original audit status=pass_raw; sms_likeness_status=likely_sms.,27,4,False,likely_sms,kept_strict_raw,True,,< >,camp_000016,3,campaign_representative,True,selected under max 1 per template cap
replacement_hf_bengali_sms_smishing_english_smish_0679,Bengali SMS Smishing Dataset,shariul-islam/bengali-sms-smishing-dataset,raw_recovery_91k_pool,hf_bengali_sms_smishing_english_smish_0679,Court summons issued. Settle 28495 TK to avoid arrest: secure-gov.com/urgent,Court summons issued. Settle 28495 TK to avoid arrest: <URL>,smish,smishing,accepted,candidate,True,original_unredacted,cleaned_from_raw,replaced_from_91k_pool,Redacted-only gathered row replaced by raw-available smishing candidate from 91k pool.,replaced_with_raw_available_candidate,hf_bengali_sms_smishing_english_smish_0679,gathered_imc25_english_smish_02641,true,false,false,original_source=Smishing-Dataset-IMC25; scam_category=others; strict-clean approved gathered smishing row. | raw_recovery: source candidate hf_bengali_sms_smishing_english_smish_0679; source_url=https://huggingface.co/datasets/shariul-islam/bengali-sms-smishing-dataset; scam_category=other,False,0,,pass_raw,Strict raw accepted after repair validation; original audit status=pass_raw; sms_likeness_status=likely_sms.,76,13,False,likely_sms,kept_strict_raw,True,,court summons issued settle < > tk to avoid arrest < >,camp_000017,3,campaign_representative,True,selected under max 1 per template cap
strict_replacement_imc25_english_smish_11429,Smishing-Dataset-IMC25,reportsmishing/Smishing-Dataset-IMC25,strict_raw_replacement_91k_pool,imc25_english_smish_11429,"Dear customer, Your SBI account has been blocked. Please update your KYC in click here link","Dear customer, Your SBI account has been blocked. Please update your KYC in click here link",smishing_corpus_row,smishing,accepted,candidate,True,original_unredacted,cleaned_from_raw,replaced_from_91k_pool,Placeholder/anonymized raw row replaced by strict raw-available smishing candidate from 91k pool.,replaced_with_raw_available_candidate,imc25_english_smish_11429,replacement_imc25_english_smish_11755,false,false,false,original_source=Smishing-Dataset-IMC25; scam_category=banking; strict-clean approved gathered smishing row. | raw_recovery: source candidate imc25_english_smish_11755; source_url=https://github.com/reportsmishing/Smishing-Dataset-IMC25; scam_category=banking,False,0,,pass_raw,Strict raw accepted after repair validation; original audit status=pass_raw; sms_likeness_status=likely_sms.,91,16,False,likely_sms,replaced_with_strict_raw_candidate,True,,dear customer your sbi account has been blocked please update your kyc in click here link,camp_000018,3,campaign_representative,True,selected under max 1 per template cap
replacement_imc25_english_smish_20508,Smishing-Dataset-IMC25,reportsmishing/Smishing-Dataset-IMC25,raw_recovery_91k_pool,imc25_english_smish_20508,"EE:We were unable to process your latest bill. In order to avoid fees, update your billing information via:","EE:We were unable to process your latest bill. In order to avoid fees, update your billing information via:",smishing_corpus_row,smishing,accepted,candidate,True,original_unredacted,cleaned_from_raw,replaced_from_91k_pool,Redacted-only gathered row replaced by raw-available smishing candidate from 91k pool.,replaced_with_raw_available_candidate,imc25_english_smish_20508,gathered_imc25_english_smish_14077,false,false,false,original_source=Smishing-Dataset-IMC25; scam_category=banking; strict-clean approved gathered smishing row. | raw_recovery: source candidate imc25_english_smish_20508; source_url=https://github.com/reportsmishing/Smishing-Dataset-IMC25; scam_category=telecom,False,0,,pass_raw,Strict raw accepted after repair validation; original audit status=pass_raw; sms_likeness_status=likely_sms.,107,19,False,likely_sms,kept_strict_raw,True,,ee we were unable to process your latest bill in order to avoid fees update your billing information via,camp_000019,3,campaign_representative,True,selected under max 1 per template cap
replacement_smishx_smishing_0015,SmishX,yizhu-joy/SmishX,raw_recovery_91k_pool,smishx_smishing_0015,[emailÂ protected] / U-S-P-S ID 75275 / We could not find the correct info provided for your item: https://qi.lv/DyW,[emailÂ protected] / U-S-P-S ID 75275 / We could not find the correct info provided for your item: <URL>,smishing,smishing,accepted,candidate,True,original_unredacted,cleaned_from_raw,replaced_from_91k_pool,Redacted-only gathered row replaced by raw-available smishing candidate from 91k pool.,replaced_with_raw_available_candidate,smishx_smishing_0015,gathered_imc25_english_smish_00392,true,false,false,original_source=Smishing-Dataset-IMC25; scam_category=delivery; strict-clean approved gathered smishing row. | raw_recovery: source candidate smishx_smishing_0015; source_url=https://github.com/yizhu-joy/SmishX; scam_category=other,False,0,,pass_raw,Strict raw accepted after repair validation; original audit status=pass_raw; sms_likeness_status=likely_sms.,116,23,False,likely_sms,kept_strict_raw,True,,email protected u s p s id < > we could not find the correct info provided for your item < >,camp_000020,3,campaign_representative,True,selected under max 1 per template cap
replacement_ncsu_sms_phishing_000307,SMS Phishing Dataset,wspr-ncsu/sms-phishing,raw_recovery_91k_pool,ncsu_sms_phishing_000307,"Hi bumble, did you forget about the 75 Argos Offer? There's still time to continue! Click rwdzuk.com/02897e5f Reply STOP to cancel","Hi bumble, did you forget about the 75 Argos Offer? There's still time to continue! Click <URL> Reply STOP to cancel",phishing_messages_row,smishing,accepted,candidate,True,original_unredacted,cleaned_from_raw,replaced_from_91k_pool,Redacted-only gathered row replaced by raw-available smishing candidate from 91k pool.,replaced_with_raw_available_candidate,ncsu_sms_phishing_000307,gathered_imc25_english_smish_00298,true,false,false,original_source=Smishing-Dataset-IMC25; scam_category=others; strict-clean approved gathered smishing row. | raw_recovery: source candidate ncsu_sms_phishing_000307; source_url=https://github.com/wspr-ncsu/sms-phishing; scam_category=other,False,0,,pass_raw,Strict raw accepted after repair validation; original audit status=pass_raw; sms_likeness_status=likely_sms.,130,24,False,likely_sms,kept_strict_raw,True,,hi bumble did you forget about the 75 argos offer there s still time to continue click < > reply stop to cancel,camp_000021,3,campaign_representative,True,selected under max 1 per template cap
replacement_imc25_english_smish_17293,Smishing-Dataset-IMC25,reportsmishing/Smishing-Dataset-IMC25,raw_recovery_91k_pool,imc25_english_smish_17293,I just received a free £120 gift card from Sainsbury's. Get yours before the offer ends. Thank me later 😉👋,I just received a free <AMOUNT> gift card from Sainsbury's. Get yours before the offer ends. Thank me later 😉👋,smishing_corpus_row,smishing,accepted,candidate,True,original_unredacted,cleaned_from_raw,replaced_from_91k_pool,Redacted-only gathered row replaced by raw-available smishing candidate from 91k pool.,replaced_with_raw_available_candidate,imc25_english_smish_17293,gathered_imc25_english_smish_12111,false,false,false,original_source=Smishing-Dataset-IMC25; scam_category=banking; strict-clean approved gathered smishing row. | raw_recovery: source candidate imc25_english_smish_17293; source_url=https://github.com/reportsmishing/Smishing-Dataset-IMC25; scam_category=others,False,0,,pass_raw,Strict raw accepted after repair validation; original audit status=pass_raw; sms_likeness_status=likely_sms.,106,20,False,likely_sms,kept_strict_raw,True,,i just received a free < > gift card from sainsbury s get yours before the offer ends thank me later,camp_000022,3,campaign_representative,True,selected under max 1 per template cap
replacement_hf_bengali_sms_smishing_english_smish_0416,Bengali SMS Smishing Dataset,shariul-islam/bengali-sms-smishing-dataset,raw_recovery_91k_pool,hf_bengali_sms_smishing_english_smish_0416,"Invest TK 5,000 and get TK 20,000! Call: +8801918899001","Invest TK 5,000 and get TK 20,000! Call: <PHONE>",smish,smishing,accepted,candidate,True,original_unredacted,cleaned_from_raw,replaced_from_91k_pool,Redacted-only gathered row replaced by raw-available smishing candidate from 91k pool.,replaced_with_raw_available_candidate,hf_bengali_sms_smishing_english_smish_0416,gathered_imc25_english_smish_03296,false,false,true,original_source=Smishing-Dataset-IMC25; scam_category=banking; strict-clean approved gathered smishing row. | raw_recovery: source candidate hf_bengali_sms_smishing_english_smish_0416; source_url=https://huggingface.co/datasets/shariul-islam/bengali-sms-smishing-dataset; scam_category=other,False,0,,pass_raw,Strict raw accepted after repair validation; original audit status=pass_raw; sms_likeness_status=likely_sms.,55,11,False,likely_sms,kept_strict_raw,True,,invest tk < > and get tk < > call < >,camp_000023,3,campaign_representative,True,selected under max 1 per template cap
replacement_hf_bengali_sms_smishing_english_smish_0093,Bengali SMS Smishing Dataset,shariul-islam/bengali-sms-smishing-dataset,raw_recovery_91k_pool,hf_bengali_sms_smishing_english_smish_0093,Police case filed against you. Settlement 16482 TK: secure-bd.com/verify,Police case filed against you. Settlement 16482 TK: <URL>,smish,smishing,accepted,candidate,True,original_unredacted,cleaned_from_raw,replaced_from_91k_pool,Redacted-only gathered row replaced by raw-available smishing candidate from 91k pool.,replaced_with_raw_available_candidate,hf_bengali_sms_smishing_english_smish_0093,gathered_imc25_english_smish_00495,true,false,false,original_source=Smishing-Dataset-IMC25; scam_category=banking; strict-clean approved gathered smishing row. | raw_recovery: source candidate hf_bengali_sms_smishing_english_smish_0093; source_url=https://huggingface.co/datasets/shariul-islam/bengali-sms-smishing-dataset; scam_category=other,False,0,,pass_raw,Strict raw accepted after repair validation; original audit status=pass_raw; sms_likeness_status=likely_sms.,72,12,False,likely_sms,kept_strict_raw,True,,police case filed against you settlement < > tk < >,camp_000024,3,campaign_representative,True,selected under max 1 per template cap
replacement_ncsu_sms_phishing_012941,SMS Phishing Dataset,wspr-ncsu/sms-phishing,raw_recovery_91k_pool,ncsu_sms_phishing_012941,PR0FIT FR0M $791 PER DAY. GET RICH ON 0IL IN A CRISIS! CALCULATE Y0UR POSSIBLE PR0FITS CLICK HERE: ceqasimo.halusyof.com/0jka?1,PR0FIT FR0M <AMOUNT> PER DAY. GET RICH ON 0IL IN A CRISIS! CALCULATE Y0UR POSSIBLE PR0FITS CLICK HERE: <URL>?1,phishing_messages_row,smishing,accepted,candidate,True,original_unredacted,cleaned_from_raw,replaced_from_91k_pool,Redacted-only gathered row replaced by raw-available smishing candidate from 91k pool.,replaced_with_raw_available_candidate,ncsu_sms_phishing_012941,gathered_imc25_english_smish_08219,true,false,false,original_source=Smishing-Dataset-IMC25; scam_category=banking; strict-clean approved gathered smishing row. | raw_recovery: source candidate ncsu_sms_phishing_012941; source_url=https://github.com/wspr-ncsu/sms-phishing; scam_category=other,False,0,,pass_raw,Strict raw accepted after repair validation; original audit status=pass_raw; sms_likeness_status=likely_sms.,127,23,False,likely_sms,kept_strict_raw,True,,pr0fit fr0m < > per day get rich on 0il in a crisis calculate y0ur possible pr0fits click here < >,camp_000025,3,campaign_representative,True,selected under max 1 per template cap
replacement_ncsu_sms_phishing_012842,SMS Phishing Dataset,wspr-ncsu/sms-phishing,raw_recovery_91k_pool,ncsu_sms_phishing_012842,PROFIT FR0M $869 PER DAY. GET RICH 0N 0IL IN A CRISIS! CALCULATE YOUR P0SSIBLE PR0FITS CLICK HERE: ceqasimo.halusyof.com/0jka?6,PROFIT FR0M <AMOUNT> PER DAY. GET RICH 0N 0IL IN A CRISIS! CALCULATE YOUR P0SSIBLE PR0FITS CLICK HERE: <URL>?6,phishing_messages_row,smishing,accepted,candidate,True,original_unredacted,cleaned_from_raw,replaced_from_91k_pool,Redacted-only gathered row replaced by raw-available smishing candidate from 91k pool.,replaced_with_raw_available_candidate,ncsu_sms_phishing_012842,gathered_imc25_english_smish_08038,true,false,false,original_source=Smishing-Dataset-IMC25; scam_category=banking; strict-clean approved gathered smishing row. | raw_recovery: source candidate ncsu_sms_phishing_012842; source_url=https://github.com/wspr-ncsu/sms-phishing; scam_category=other,False,0,,pass_raw,Strict raw accepted after repair validation; original audit status=pass_raw; sms_likeness_status=likely_sms.,127,23,False,likely_sms,kept_strict_raw,True,,profit fr0m < > per day get rich 0n 0il in a crisis calculate your p0ssible pr0fits click here < >,camp_000026,3,campaign_representative,True,selected under max 1 per template cap
replacement_ncsu_sms_phishing_013273,SMS Phishing Dataset,wspr-ncsu/sms-phishing,raw_recovery_91k_pool,ncsu_sms_phishing_013273,PROFIT FR0M $654 PER DAY. GET RICH 0N OIL IN A CRISIS! CALCULATE YOUR P0SSIBLE PR0FITS CLICK HERE: ceqasimo.halusyof.com/0jj7?1,PROFIT FR0M <AMOUNT> PER DAY. GET RICH 0N OIL IN A CRISIS! CALCULATE YOUR P0SSIBLE PR0FITS CLICK HERE: <URL>?1,phishing_messages_row,smishing,accepted,candidate,True,original_unredacted,cleaned_from_raw,replaced_from_91k_pool,Redacted-only gathered row replaced by raw-available smishing candidate from 91k pool.,replaced_with_raw_available_candidate,ncsu_sms_phishing_013273,gathered_imc25_english_smish_08629,true,false,false,original_source=Smishing-Dataset-IMC25; scam_category=banking; strict-clean approved gathered smishing row. | raw_recovery: source candidate ncsu_sms_phishing_013273; source_url=https://github.com/wspr-ncsu/sms-phishing; scam_category=other,False,0,,pass_raw,Strict raw accepted after repair validation; original audit status=pass_raw; sms_likeness_status=likely_sms.,127,23,False,likely_sms,kept_strict_raw,True,,profit fr0m < > per day get rich 0n oil in a crisis calculate your p0ssible pr0fits click here < >,camp_000027,3,campaign_representative,True,selected under max 1 per template cap
replacement_ncsu_sms_phishing_012929,SMS Phishing Dataset,wspr-ncsu/sms-phishing,raw_recovery_91k_pool,ncsu_sms_phishing_012929,PROFIT FROM $900 PER DAY. GET RICH ON 0IL IN A CRISIS! CALCULATE Y0UR POSSIBLE PR0FITS CLICK HERE: ceqasimo.halusyof.com/0jka?5,PROFIT FROM <AMOUNT> PER DAY. GET RICH ON 0IL IN A CRISIS! CALCULATE Y0UR POSSIBLE PR0FITS CLICK HERE: <URL>?5,phishing_messages_row,smishing,accepted,candidate,True,original_unredacted,cleaned_from_raw,replaced_from_91k_pool,Redacted-only gathered row replaced by raw-available smishing candidate from 91k pool.,replaced_with_raw_available_candidate,ncsu_sms_phishing_012929,gathered_imc25_english_smish_08205,true,false,false,original_source=Smishing-Dataset-IMC25; scam_category=banking; strict-clean approved gathered smishing row. | raw_recovery: source candidate ncsu_sms_phishing_012929; source_url=https://github.com/wspr-ncsu/sms-phishing; scam_category=other,False,0,,pass_raw,Strict raw accepted after repair validation; original audit status=pass_raw; sms_likeness_status=likely_sms.,127,23,False,likely_sms,kept_strict_raw,True,,profit from < > per day get rich on 0il in a crisis calculate y0ur possible pr0fits click here < >,camp_000028,3,campaign_representative,True,selected under max 1 per template cap
replacement_ncsu_sms_phishing_026627,SMS Phishing Dataset,wspr-ncsu/sms-phishing,raw_recovery_91k_pool,ncsu_sms_phishing_026627,"Update TXRM L0gin || www.usdtrxm.com || Login code: trxn Total: 3,853,40.73ÙŠÐТ &*!&^","Update TXRM L0gin || <URL> || Login code: trxn Total: 3,853,40.73ÙŠÐТ &*!&^",phishing_messages_row,smishing,accepted,candidate,True,original_unredacted,cleaned_from_raw,replaced_from_91k_pool,Redacted-only gathered row replaced by raw-available smishing candidate from 91k pool.,replaced_with_raw_available_candidate,ncsu_sms_phishing_026627,gathered_imc25_english_smish_10552,true,false,false,original_source=Smishing-Dataset-IMC25; scam_category=banking; strict-clean approved gathered smishing row. | raw_recovery: source candidate ncsu_sms_phishing_026627; source_url=https://github.com/wspr-ncsu/sms-phishing; scam_category=other,False,0,,pass_raw,Strict raw accepted after repair validation; original audit status=pass_raw; sms_likeness_status=likely_sms.,85,14,False,likely_sms,kept_strict_raw,True,,update txrm l0gin < > login code < > total < > 73,camp_000029,3,campaign_representative,True,selected under max 1 per template cap
strict_replacement_smishx_smishing_0027,SmishX,yizhu-joy/SmishX,strict_raw_replacement_91k_pool,smishx_smishing_0027,Your package arrives at the Cyprus Post Office tomorrow.Confirm delivery:https://51.fi/aJzP Cyprus Post Office,Your package arrives at the Cyprus Post Office <URL> delivery:<URL> Cyprus Post Office,smishing,smishing,accepted,candidate,True,original_unredacted,cleaned_from_raw,replaced_from_91k_pool,Placeholder/anonymized raw row replaced by strict raw-available smishing candidate from 91k pool.,replaced_with_raw_available_candidate,smishx_smishing_0027,replacement_imc25_english_smish_07371,false,false,true,original_source=Smishing-Dataset-IMC25; scam_category=delivery; strict-clean approved gathered smishing row. | raw_recovery: source candidate imc25_english_smish_07371; source_url=https://github.com/reportsmishing/Smishing-Dataset-IMC25; scam_category=spam,False,0,,pass_raw,Strict raw accepted after repair validation; original audit status=pass_raw; sms_likeness_status=likely_sms.,110,18,False,likely_sms,replaced_with_strict_raw_candidate,True,,your package arrives at the cyprus post office < > delivery < > cyprus post office,camp_000030,3,campaign_representative,True,selected under max 1 per template cap
strict_replacement_ncsu_sms_phishing_010130,SMS Phishing Dataset,wspr-ncsu/sms-phishing,strict_raw_replacement_91k_pool,ncsu_sms_phishing_010130,"1st deposit Offer - 400% up to £4000 100 Free spins, coupon code: WIN1 https://tx.vc/r/3mw4w/1INh0w/7SGslOy Optout: https://tx.vc/o/804d5","1st deposit Offer - 400% up to <AMOUNT> 100 Free spins, coupon code: WIN1 <URL> Optout: <URL>",phishing_messages_row,smishing,accepted,candidate,True,original_unredacted,cleaned_from_raw,replaced_from_91k_pool,Placeholder/anonymized raw row replaced by strict raw-available smishing candidate from 91k pool.,replaced_with_raw_available_candidate,ncsu_sms_phishing_010130,replacement_imc25_english_smish_08990,false,false,false,original_source=Smishing-Dataset-IMC25; scam_category=delivery; strict-clean approved gathered smishing row. | raw_recovery: source candidate imc25_english_smish_08990; source_url=https://github.com/reportsmishing/Smishing-Dataset-IMC25; scam_category=banking,False,0,,pass_raw,Strict raw accepted after repair validation; original audit status=pass_raw; sms_likeness_status=likely_sms.,137,26,False,likely_sms,replaced_with_strict_raw_candidate,True,,1st deposit offer < > up to < > < > free spins coupon code < > < > optout < >,camp_000031,2,campaign_representative,True,selected under max 1 per template cap
replacement_ncsu_sms_phishing_006207,SMS Phishing Dataset,wspr-ncsu/sms-phishing,raw_recovery_91k_pool,ncsu_sms_phishing_006207,8266 04DSANTANDER: We need to confirm your activity please visit https://santander-verification.com,8266 04DSANTANDER: We need to confirm your activity please visit <URL>,phishing_messages_row,smishing,accepted,candidate,True,original_unredacted,cleaned_from_raw,replaced_from_91k_pool,Redacted-only gathered row replaced by raw-available smishing candidate from 91k pool.,replaced_with_raw_available_candidate,ncsu_sms_phishing_006207,gathered_imc25_english_smish_04148,true,false,false,original_source=Smishing-Dataset-IMC25; scam_category=banking; strict-clean approved gathered smishing row. | raw_recovery: source candidate ncsu_sms_phishing_006207; source_url=https://github.com/wspr-ncsu/sms-phishing; scam_category=other,False,0,,pass_raw,Strict raw accepted after repair validation; original audit status=pass_raw; sms_likeness_status=likely_sms.,99,14,False,likely_sms,kept_strict_raw,True,,< > 04dsantander we need to confirm your activity please visit < >,camp_000032,2,campaign_representative,True,selected under max 1 per template cap
replacement_ncsu_sms_phishing_035617,SMS Phishing Dataset,wspr-ncsu/sms-phishing,raw_recovery_91k_pool,ncsu_sms_phishing_035617,"【 usdtttrc.com 】 A***unt Login:Rom88 P***word:R66888 Usable:3,982,537.41ÙŠÐТ {@(!,","【 <URL> 】 A***unt Login:Rom88 P***word:R66888 Usable:3,982,537.41ÙŠÐТ {@(!,",phishing_messages_row,smishing,accepted,candidate,True,original_unredacted,cleaned_from_raw,replaced_from_91k_pool,Redacted-only gathered row replaced by raw-available smishing candidate from 91k pool.,replaced_with_raw_available_candidate,ncsu_sms_phishing_035617,gathered_imc25_english_smish_11079,true,false,false,original_source=Smishing-Dataset-IMC25; scam_category=banking; strict-clean approved gathered smishing row. | raw_recovery: source candidate ncsu_sms_phishing_035617; source_url=https://github.com/wspr-ncsu/sms-phishing; scam_category=other,False,0,,pass_raw,Strict raw accepted after repair validation; original audit status=pass_raw; sms_likeness_status=likely_sms.,82,14,False,likely_sms,kept_strict_raw,True,,< > a unt login rom88 p word r66888 usable < > 41,camp_000033,2,campaign_representative,True,selected under max 1 per template cap
replacement_ncsu_sms_phishing_035727,SMS Phishing Dataset,wspr-ncsu/sms-phishing,raw_recovery_91k_pool,ncsu_sms_phishing_035727,"【 usdtttrc.com 】 A***unt Login:Rom88 P***word:R66888 Usable:3,982,537.41ÙŠÐТ [email protected]!]","【 <URL> 】 A***unt Login:Rom88 P***word:R66888 Usable:3,982,537.41ÙŠÐТ [email protected]!]",phishing_messages_row,smishing,accepted,candidate,True,original_unredacted,cleaned_from_raw,replaced_from_91k_pool,Redacted-only gathered row replaced by raw-available smishing candidate from 91k pool.,replaced_with_raw_available_candidate,ncsu_sms_phishing_035727,gathered_imc25_english_smish_11111,true,false,false,original_source=Smishing-Dataset-IMC25; scam_category=banking; strict-clean approved gathered smishing row. | raw_recovery: source candidate ncsu_sms_phishing_035727; source_url=https://github.com/wspr-ncsu/sms-phishing; scam_category=other,False,0,,pass_raw,Strict raw accepted after repair validation; original audit status=pass_raw; sms_likeness_status=likely_sms.,96,16,False,likely_sms,kept_strict_raw,True,,< > a unt login rom88 p word r66888 usable < > 41 email protected,camp_000034,2,campaign_representative,True,selected under max 1 per template cap
replacement_ncsu_sms_phishing_035751,SMS Phishing Dataset,wspr-ncsu/sms-phishing,raw_recovery_91k_pool,ncsu_sms_phishing_035751,"【 usdtttrc.com 】 A***unt Login:Rom88 P***word:R66888 Usable:3,982,537.41ÙŠÐT -(@=]","【 <URL> 】 A***unt Login:Rom88 P***word:R66888 Usable:3,982,537.41ÙŠÐT -(@=]",phishing_messages_row,smishing,accepted,candidate,True,original_unredacted,cleaned_from_raw,replaced_from_91k_pool,Redacted-only gathered row replaced by raw-available smishing candidate from 91k pool.,replaced_with_raw_available_candidate,ncsu_sms_phishing_035751,gathered_imc25_english_smish_11127,true,false,false,original_source=Smishing-Dataset-IMC25; scam_category=banking; strict-clean approved gathered smishing row. | raw_recovery: source candidate ncsu_sms_phishing_035751; source_url=https://github.com/wspr-ncsu/sms-phishing; scam_category=other,False,0,,pass_raw,Strict raw accepted after repair validation; original audit status=pass_raw; sms_likeness_status=likely_sms.,82,15,False,likely_sms,kept_strict_raw,True,,< > a unt login rom88 p word r66888 usable < > 41 t,camp_000035,2,campaign_representative,True,selected under max 1 per template cap
replacement_ncsu_sms_phishing_035994,SMS Phishing Dataset,wspr-ncsu/sms-phishing,raw_recovery_91k_pool,ncsu_sms_phishing_035994,"【 usdtttrc.com 】 A***unt Login:Rom88 P***word:R66888 Usable:3,982,537.41ÙŠÐT [email protected]===","【 <URL> 】 A***unt Login:Rom88 P***word:R66888 Usable:3,982,537.41ÙŠÐT [email protected]===",phishing_messages_row,smishing,accepted,candidate,True,original_unredacted,cleaned_from_raw,replaced_from_91k_pool,Redacted-only gathered row replaced by raw-available smishing candidate from 91k pool.,replaced_with_raw_available_candidate,ncsu_sms_phishing_035994,gathered_imc25_english_smish_11186,true,false,false,original_source=Smishing-Dataset-IMC25; scam_category=banking; strict-clean approved gathered smishing row. | raw_recovery: source candidate ncsu_sms_phishing_035994; source_url=https://github.com/wspr-ncsu/sms-phishing; scam_category=other,False,0,,pass_raw,Strict raw accepted after repair validation; original audit status=pass_raw; sms_likeness_status=likely_sms.,97,17,False,likely_sms,kept_strict_raw,True,,< > a unt login rom88 p word r66888 usable < > 41 t email protected,camp_000036,2,campaign_representative,True,selected under max 1 per template cap
replacement_ncsu_sms_phishing_032680,SMS Phishing Dataset,wspr-ncsu/sms-phishing,raw_recovery_91k_pool,ncsu_sms_phishing_032680,"【 usdtytrc.com 】 A***unt Login:Rom88 P***word:R66888 Usable:3,965,419.66ÙŠÐТ ,[.([","【 <URL> 】 A***unt Login:Rom88 P***word:R66888 Usable:3,965,419.66ÙŠÐТ ,[.([",phishing_messages_row,smishing,accepted,candidate,True,original_unredacted,cleaned_from_raw,replaced_from_91k_pool,Redacted-only gathered row replaced by raw-available smishing candidate from 91k pool.,replaced_with_raw_available_candidate,ncsu_sms_phishing_032680,gathered_imc25_english_smish_10945,true,false,false,original_source=Smishing-Dataset-IMC25; scam_category=banking; strict-clean approved gathered smishing row. | raw_recovery: source candidate ncsu_sms_phishing_032680; source_url=https://github.com/wspr-ncsu/sms-phishing; scam_category=other,False,0,,pass_raw,Strict raw accepted after repair validation; original audit status=pass_raw; sms_likeness_status=likely_sms.,82,14,False,likely_sms,kept_strict_raw,True,,< > a unt login rom88 p word r66888 usable < > 66,camp_000037,2,campaign_representative,True,selected under max 1 per template cap
replacement_ncsu_sms_phishing_032682,SMS Phishing Dataset,wspr-ncsu/sms-phishing,raw_recovery_91k_pool,ncsu_sms_phishing_032682,"【 usdtytrc.com 】 A***unt Login:Rom88 P***word:R66888 Usable:3,965,419.66ÙŠÐТ ^[email protected]}]","【 <URL> 】 A***unt Login:Rom88 P***word:R66888 Usable:3,965,419.66ÙŠÐТ ^[email protected]}]",phishing_messages_row,smishing,accepted,candidate,True,original_unredacted,cleaned_from_raw,replaced_from_91k_pool,Redacted-only gathered row replaced by raw-available smishing candidate from 91k pool.,replaced_with_raw_available_candidate,ncsu_sms_phishing_032682,gathered_imc25_english_smish_10949,true,false,false,original_source=Smishing-Dataset-IMC25; scam_category=banking; strict-clean approved gathered smishing row. | raw_recovery: source candidate ncsu_sms_phishing_032682; source_url=https://github.com/wspr-ncsu/sms-phishing; scam_category=other,False,0,,pass_raw,Strict raw accepted after repair validation; original audit status=pass_raw; sms_likeness_status=likely_sms.,97,16,False,likely_sms,kept_strict_raw,True,,< > a unt login rom88 p word r66888 usable < > 66 email protected,camp_000038,2,campaign_representative,True,selected under max 1 per template cap
replacement_ncsu_sms_phishing_024272,SMS Phishing Dataset,wspr-ncsu/sms-phishing,raw_recovery_91k_pool,ncsu_sms_phishing_024272,"886[Binance] According to local regulations, please update web3.0 before April 11, otherwise the account will be frozen. bineanc.net","886[Binance] According to local regulations, please update web3.0 before April 11, otherwise the account will be frozen. <URL>",phishing_messages_row,smishing,accepted,candidate,True,original_unredacted,cleaned_from_raw,replaced_from_91k_pool,Redacted-only gathered row replaced by raw-available smishing candidate from 91k pool.,replaced_with_raw_available_candidate,ncsu_sms_phishing_024272,gathered_imc25_english_smish_10409,true,false,false,original_source=Smishing-Dataset-IMC25; scam_category=banking; strict-clean approved gathered smishing row. | raw_recovery: source candidate ncsu_sms_phishing_024272; source_url=https://github.com/wspr-ncsu/sms-phishing; scam_category=other,False,0,,pass_raw,Strict raw accepted after repair validation; original audit status=pass_raw; sms_likeness_status=likely_sms.,132,21,False,likely_sms,kept_strict_raw,True,,< > binance according to local regulations please update web3 0 before april 11 otherwise the account will be frozen < >,camp_000039,2,campaign_representative,True,selected under max 1 per template cap
replacement_ncsu_sms_phishing_005821,SMS Phishing Dataset,wspr-ncsu/sms-phishing,raw_recovery_91k_pool,ncsu_sms_phishing_005821,citizens_alerts@coo3.ygto.com  /  Citizens_Alert  /  A  Hold  was  placed  on  your  online  ID  due  to  some  reasons.  For  more  info  visit  https://coo3.co.net,<EMAIL> / Citizens_Alert / A Hold was placed on your online ID due to some reasons. For more info visit <URL>,phishing_messages_row,smishing,accepted,candidate,True,original_unredacted,cleaned_from_raw,replaced_from_91k_pool,Redacted-only gathered row replaced by raw-available smishing candidate from 91k pool.,replaced_with_raw_available_candidate,ncsu_sms_phishing_005821,gathered_imc25_english_smish_04033,true,true,false,original_source=Smishing-Dataset-IMC25; scam_category=government; strict-clean approved gathered smishing row. | raw_recovery: source candidate ncsu_sms_phishing_005821; source_url=https://github.com/wspr-ncsu/sms-phishing; scam_category=other,False,0,,pass_raw,Strict raw accepted after repair validation; original audit status=pass_raw; sms_likeness_status=likely_sms.,165,27,False,likely_sms,kept_strict_raw,True,,< > citizens alert a hold was placed on your online id due to some reasons for more info visit < >,camp_000040,2,campaign_representative,True,selected under max 1 per template cap
replacement_ncsu_sms_phishing_044747,SMS Phishing Dataset,wspr-ncsu/sms-phishing,raw_recovery_91k_pool,ncsu_sms_phishing_044747,"[ www.btionh.com ] New login code for your account:Rm81yD, remaining: 3956025.63Ù #(--*","[ <URL> ] New login code for your account:Rm81yD, remaining: 3956025.63Ù #(--*",phishing_messages_row,smishing,accepted,candidate,True,original_unredacted,cleaned_from_raw,replaced_from_91k_pool,Redacted-only gathered row replaced by raw-available smishing candidate from 91k pool.,replaced_with_raw_available_candidate,ncsu_sms_phishing_044747,gathered_imc25_english_smish_11498,true,false,false,original_source=Smishing-Dataset-IMC25; scam_category=banking; strict-clean approved gathered smishing row. | raw_recovery: source candidate ncsu_sms_phishing_044747; source_url=https://github.com/wspr-ncsu/sms-phishing; scam_category=other,False,0,,pass_raw,Strict raw accepted after repair validation; original audit status=pass_raw; sms_likeness_status=likely_sms.,87,13,False,likely_sms,kept_strict_raw,True,,< > new login code for your account rm81yd remaining < > 63,camp_000041,2,campaign_representative,True,selected under max 1 per template cap
replacement_imc25_english_smish_03237,Smishing-Dataset-IMC25,reportsmishing/Smishing-Dataset-IMC25,raw_recovery_91k_pool,imc25_english_smish_03237,HWforSNKRTEGHINMATH SCISST You are selected join our company and wage is 8700 RS.,HWforSNKRTEGHINMATH SCISST You are selected join our company and wage is 8700 RS.,smishing_corpus_row,smishing,accepted,candidate,True,original_unredacted,cleaned_from_raw,replaced_from_91k_pool,Redacted-only gathered row replaced by raw-available smishing candidate from 91k pool.,replaced_with_raw_available_candidate,imc25_english_smish_03237,gathered_imc25_english_smish_15379,false,false,false,original_source=Smishing-Dataset-IMC25; scam_category=delivery; strict-clean approved gathered smishing row. | raw_recovery: source candidate imc25_english_smish_03237; source_url=https://github.com/reportsmishing/Smishing-Dataset-IMC25; scam_category=others,False,0,,pass_raw,Strict raw accepted after repair validation; original audit status=review_sms_likeness; sms_likeness_status=needs_review.,81,13,False,needs_review,kept_strict_raw,True,,< > scisst you are selected join our company and wage is < > rs,camp_000042,2,campaign_representative,True,selected under max 1 per template cap
replacement_ncsu_sms_phishing_017642,SMS Phishing Dataset,wspr-ncsu/sms-phishing,raw_recovery_91k_pool,ncsu_sms_phishing_017642,001760 Your Account .has been suspended Due to Some security reasons please VERIFY your information Now clik here http://knbfu.store,001760 Your Account .has been suspended Due to Some security reasons please <OTP> your information Now clik here <URL>,phishing_messages_row,smishing,accepted,candidate,True,original_unredacted,cleaned_from_raw,replaced_from_91k_pool,Redacted-only gathered row replaced by raw-available smishing candidate from 91k pool.,replaced_with_raw_available_candidate,ncsu_sms_phishing_017642,gathered_imc25_english_smish_09822,true,false,false,original_source=Smishing-Dataset-IMC25; scam_category=banking; strict-clean approved gathered smishing row. | raw_recovery: source candidate ncsu_sms_phishing_017642; source_url=https://github.com/wspr-ncsu/sms-phishing; scam_category=other,False,0,,pass_raw,Strict raw accepted after repair validation; original audit status=pass_raw; sms_likeness_status=likely_sms.,132,21,False,likely_sms,kept_strict_raw,True,,< > your account has been suspended due to some security reasons please verify your information now clik here < >,camp_000043,2,campaign_representative,True,selected under max 1 per template cap
replacement_ncsu_sms_phishing_043733,SMS Phishing Dataset,wspr-ncsu/sms-phishing,raw_recovery_91k_pool,ncsu_sms_phishing_043733,"[ www.piacea.com ] Your account has been updated, new login code: Av8d68 The remaining 3,824,258.39 USDT please keep it safe.","[ <URL> ] Your account has been updated, new login code: Av8d68 The remaining 3,824,258.39 USDT please keep it safe.",phishing_messages_row,smishing,accepted,candidate,True,original_unredacted,cleaned_from_raw,replaced_from_91k_pool,Redacted-only gathered row replaced by raw-available smishing candidate from 91k pool.,replaced_with_raw_available_candidate,ncsu_sms_phishing_043733,gathered_imc25_english_smish_11392,true,false,false,original_source=Smishing-Dataset-IMC25; scam_category=banking; strict-clean approved gathered smishing row. | raw_recovery: source candidate ncsu_sms_phishing_043733; source_url=https://github.com/wspr-ncsu/sms-phishing; scam_category=other,False,0,,pass_raw,Strict raw accepted after repair validation; original audit status=pass_raw; sms_likeness_status=likely_sms.,125,23,False,likely_sms,kept_strict_raw,True,,< > your account has been updated new login code < > the remaining < > usdt please keep it safe,camp_000044,2,campaign_representative,True,selected under max 1 per template cap
strict_replacement_ncsu_sms_phishing_000003,SMS Phishing Dataset,wspr-ncsu/sms-phishing,strict_raw_replacement_91k_pool,ncsu_sms_phishing_000003,An up to £3 FREEBIE has been dropped onto your account! Claim here: http://pktwn.uk/184ec 24hrs. 40xWR. MaxWD£50 T&C Apply. Stop Msg? Call +441,An up to <AMOUNT> FREEBIE has been dropped onto your account! Claim here: <URL> 24hrs. 40xWR. MaxWD<AMOUNT> T&C Apply. Stop Msg? Call +441,phishing_messages_row,smishing,accepted,candidate,True,original_unredacted,cleaned_from_raw,replaced_from_91k_pool,Placeholder/anonymized raw row replaced by strict raw-available smishing candidate from 91k pool.,,ncsu_sms_phishing_000003,smishtank_600,true,true,false,category=Account Alert; brand=UNIONBANK; sender_type=Phone Number; url=Https://www.UnionBank.Org_@nx.tn/EjmCx; domain=secure.unionbank.uthru.cyou,False,0,,pass_raw,Strict raw accepted after repair validation; original audit status=pass_raw; sms_likeness_status=likely_sms.,143,28,False,likely_sms,replaced_with_strict_raw_candidate,True,,an up to < > freebie has been dropped onto your account claim here < > 24hrs 40xwr maxwd < > t c apply stop msg call < >,camp_000045,2,campaign_representative,True,selected under max 1 per template cap
replacement_ncsu_sms_phishing_014507,SMS Phishing Dataset,wspr-ncsu/sms-phishing,raw_recovery_91k_pool,ncsu_sms_phishing_014507,AnPost: Your parcel has an outstanding payment of 1.99. Pay this via: parcel-redirect-service.co or your parcel will be held at the depot,AnPost: Your parcel has an outstanding payment of 1.99. Pay this via: <URL> or your parcel will be held at the depot,phishing_messages_row,smishing,accepted,candidate,True,original_unredacted,cleaned_from_raw,replaced_from_91k_pool,Redacted-only gathered row replaced by raw-available smishing candidate from 91k pool.,replaced_with_raw_available_candidate,ncsu_sms_phishing_014507,gathered_imc25_english_smish_08737,true,false,false,original_source=Smishing-Dataset-IMC25; scam_category=banking; strict-clean approved gathered smishing row. | raw_recovery: source candidate ncsu_sms_phishing_014507; source_url=https://github.com/wspr-ncsu/sms-phishing; scam_category=other,False,0,,pass_raw,Strict raw accepted after repair validation; original audit status=pass_raw; sms_likeness_status=likely_sms.,137,26,False,likely_sms,kept_strict_raw,True,,anpost your parcel has an outstanding payment of < > pay this via < > or your parcel will be held at the depot,camp_000046,2,campaign_representative,True,selected under max 1 per template cap
strict_replacement_ncsu_sms_phishing_003452,SMS Phishing Dataset,wspr-ncsu/sms-phishing,strict_raw_replacement_91k_pool,ncsu_sms_phishing_003452,"ANZ:  $65.37  sent  to  MICHAEL  HOLLOWAY  -  03/08.  If  this  was  NOT  done  by  you,  visit:  anz.com.au.secure93.ga/","ANZ: <AMOUNT> sent to MICHAEL HOLLOWAY - 03/08. If this was NOT done by you, visit: <URL>",phishing_messages_row,smishing,accepted,candidate,True,original_unredacted,cleaned_from_raw,replaced_from_91k_pool,Placeholder/anonymized raw row replaced by strict raw-available smishing candidate from 91k pool.,replaced_with_raw_available_candidate,ncsu_sms_phishing_003452,replacement_imc25_english_smish_04296,false,false,false,original_source=Smishing-Dataset-IMC25; scam_category=telecom; strict-clean approved gathered smishing row. | raw_recovery: source candidate imc25_english_smish_04296; source_url=https://github.com/reportsmishing/Smishing-Dataset-IMC25; scam_category=others,False,0,,pass_raw,Strict raw accepted after repair validation; original audit status=pass_raw; sms_likeness_status=likely_sms.,121,22,False,likely_sms,replaced_with_strict_raw_candidate,True,,anz < > sent to michael holloway 03 08 if this was not done by you visit < >,camp_000047,2,campaign_representative,True,selected under max 1 per template cap
replacement_ncsu_sms_phishing_008092,SMS Phishing Dataset,wspr-ncsu/sms-phishing,raw_recovery_91k_pool,ncsu_sms_phishing_008092,ANZ: Your recent activity associated with your personal account looks suspicious. Please login now to verify account ownership https://security-anz-au.app,ANZ: Your recent activity associated with your personal account looks suspicious. Please login now to verify account ownership <URL>,phishing_messages_row,smishing,accepted,candidate,True,original_unredacted,cleaned_from_raw,replaced_from_91k_pool,Redacted-only gathered row replaced by raw-available smishing candidate from 91k pool.,replaced_with_raw_available_candidate,ncsu_sms_phishing_008092,gathered_imc25_english_smish_05057,true,false,false,original_source=Smishing-Dataset-IMC25; scam_category=others; strict-clean approved gathered smishing row. | raw_recovery: source candidate ncsu_sms_phishing_008092; source_url=https://github.com/wspr-ncsu/sms-phishing; scam_category=other,False,0,,pass_raw,Strict raw accepted after repair validation; original audit status=pass_raw; sms_likeness_status=likely_sms.,154,23,False,likely_sms,kept_strict_raw,True,,anz your recent activity associated with your personal account looks suspicious please login now to verify account ownership < >,camp_000048,2,campaign_representative,True,selected under max 1 per template cap
strict_replacement_ncsu_sms_phishing_010613,SMS Phishing Dataset,wspr-ncsu/sms-phishing,strict_raw_replacement_91k_pool,ncsu_sms_phishing_010613,Apple: Your Apple Pay has been temporarily suspended. Please visit: apple-wallet-id55.com to confirm your details.,Apple: Your Apple Pay has been temporarily suspended. Please visit: <URL> to confirm your details.,phishing_messages_row,smishing,accepted,candidate,True,original_unredacted,cleaned_from_raw,replaced_from_91k_pool,Placeholder/anonymized raw row replaced by strict raw-available smishing candidate from 91k pool.,replaced_with_raw_available_candidate,ncsu_sms_phishing_010613,replacement_imc25_english_smish_09171,false,false,false,original_source=Smishing-Dataset-IMC25; scam_category=spam; strict-clean approved gathered smishing row. | raw_recovery: source candidate imc25_english_smish_09171; source_url=https://github.com/reportsmishing/Smishing-Dataset-IMC25; scam_category=banking,False,0,,pass_raw,Strict raw accepted after repair validation; original audit status=pass_raw; sms_likeness_status=likely_sms.,114,18,False,likely_sms,replaced_with_strict_raw_candidate,True,,apple your apple pay has been temporarily suspended please visit < > to confirm your details,camp_000049,2,campaign_representative,True,selected under max 1 per template cap
mishra_000665,Mishra & Soni,SMS Phishing Dataset for Machine Learning and Pattern Recognition,public_baseline,665,"As a valued customer, I am pleased to advise you that following recent draw of your Mobile No. you are awarded with a Rs.2,00,000 Bonus Prize, call 6200992462","As a valued customer, I am pleased to advise you that following recent draw of your Mobile No. you are awarded with a Rs.2,00,000 Bonus Prize, call <PHONE>",Smishing,smishing,accepted,accepted,True,original_unredacted,cleaned_from_raw,found_in_source_archive,Recovered source text from the original source archive using source_row_id.,,,,false,false,true,URL=No; EMAIL=No; PHONE=yes. Mishra spam is preserved for later smishing relabel review.,False,0,,pass_raw,Strict raw accepted after repair validation; original audit status=pass_raw; sms_likeness_status=likely_sms.,158,31,False,likely_sms,kept_strict_raw,True,,as a valued customer i am pleased to advise you that following recent draw of your mobile no you are awarded with a rs < > bonus prize call < >,camp_000050,2,campaign_representative,True,selected under max 1 per template cap
mishra_001755,Mishra & Soni,SMS Phishing Dataset for Machine Learning and Pattern Recognition,public_baseline,1755,"As a valued customer, I am pleased to advise you that following recent review of your Mobile No. you are awarded with a Rs.7,00,000 Bonus Prize, call 7679046492","As a valued customer, I am pleased to advise you that following recent review of your Mobile No. you are awarded with a Rs.7,00,000 Bonus Prize, call <PHONE>",Smishing,smishing,accepted,accepted,True,original_unredacted,cleaned_from_raw,found_in_source_archive,Recovered source text from the original source archive using source_row_id.,,,,false,false,true,URL=No; EMAIL=No; PHONE=yes. Mishra spam is preserved for later smishing relabel review.,False,0,,pass_raw,Strict raw accepted after repair validation; original audit status=pass_raw; sms_likeness_status=likely_sms.,160,31,False,likely_sms,kept_strict_raw,True,,as a valued customer i am pleased to advise you that following recent review of your mobile no you are awarded with a rs < > bonus prize call < >,camp_000051,2,campaign_representative,True,selected under max 1 per template cap
strict_replacement_imc25_english_smish_16065,Smishing-Dataset-IMC25,reportsmishing/Smishing-Dataset-IMC25,strict_raw_replacement_91k_pool,imc25_english_smish_16065,"As Part of the NHS promise to battle the COV-19virus , HMRC has issued a payment of £258 as a goodwill payment. Follow link to apply","As Part of the NHS promise to battle the COV-19virus, HMRC has issued a payment of <AMOUNT> as a goodwill payment. Follow link to apply",smishing_corpus_row,smishing,accepted,candidate,True,original_unredacted,cleaned_from_raw,replaced_from_91k_pool,Placeholder/anonymized raw row replaced by strict raw-available smishing candidate from 91k pool.,replaced_with_raw_available_candidate,imc25_english_smish_16065,replacement_imc25_english_smish_16067,false,false,false,original_source=Smishing-Dataset-IMC25; scam_category=banking; strict-clean approved gathered smishing row. | raw_recovery: source candidate imc25_english_smish_16067; source_url=https://github.com/reportsmishing/Smishing-Dataset-IMC25; scam_category=government,False,0,,pass_raw,Strict raw accepted after repair validation; original audit status=pass_raw; sms_likeness_status=likely_sms.,132,26,False,likely_sms,replaced_with_strict_raw_candidate,True,,as part of the nhs promise to battle the cov 19virus hmrc has issued a payment of < > as a goodwill payment follow link to apply,camp_000052,2,campaign_representative,True,selected under max 1 per template cap
replacement_imc25_english_smish_13415,Smishing-Dataset-IMC25,reportsmishing/Smishing-Dataset-IMC25,raw_recovery_91k_pool,imc25_english_smish_13415,"BDO Advisory:
Your Account has been
Blocked!
We need to verify your account
to continue our services.
Click Here to Verify :",BDO Advisory: Your Account has been Blocked! We need to verify your account to continue our services. Click Here to Verify:,smishing_corpus_row,smishing,accepted,candidate,True,original_unredacted,cleaned_from_raw,replaced_from_91k_pool,Redacted-only gathered row replaced by raw-available smishing candidate from 91k pool.,replaced_with_raw_available_candidate,imc25_english_smish_13415,gathered_imc25_english_smish_09449,false,false,false,original_source=Smishing-Dataset-IMC25; scam_category=banking; strict-clean approved gathered smishing row. | raw_recovery: source candidate imc25_english_smish_13415; source_url=https://github.com/reportsmishing/Smishing-Dataset-IMC25; scam_category=banking,False,0,,pass_raw,Strict raw accepted after repair validation; original audit status=pass_raw; sms_likeness_status=likely_sms.,124,21,False,likely_sms,kept_strict_raw,True,,bdo advisory your account has been blocked we need to verify your account to continue our services click here to verify,camp_000053,2,campaign_representative,True,selected under max 1 per template cap
strict_replacement_ncsu_sms_phishing_002571,SMS Phishing Dataset,wspr-ncsu/sms-phishing,strict_raw_replacement_91k_pool,ncsu_sms_phishing_002571,"Bendigo: You've just successfully paid an amount of '87.99' to 'LAUREN HILL' on 19/07. If this is NOT recognised, visit: https://bendigo-block-payee.com","Bendigo: You've just successfully paid an amount of '87.99' to 'LAUREN HILL' on 19/07. If this is NOT recognised, visit: <URL>",phishing_messages_row,smishing,accepted,candidate,True,original_unredacted,cleaned_from_raw,replaced_from_91k_pool,Placeholder/anonymized raw row replaced by strict raw-available smishing candidate from 91k pool.,replaced_with_raw_available_candidate,ncsu_sms_phishing_002571,replacement_imc25_english_smish_03706,false,false,false,original_source=Smishing-Dataset-IMC25; scam_category=banking; strict-clean approved gathered smishing row. | raw_recovery: source candidate imc25_english_smish_03706; source_url=https://github.com/reportsmishing/Smishing-Dataset-IMC25; scam_category=spam,False,0,,pass_raw,Strict raw accepted after repair validation; original audit status=pass_raw; sms_likeness_status=likely_sms.,152,28,False,likely_sms,replaced_with_strict_raw_candidate,True,,bendigo you ve just successfully paid an amount of < > to lauren hill on 19 07 if this is not recognised visit < >,camp_000054,2,campaign_representative,True,selected under max 1 per template cap
replacement_imc25_english_smish_08181,Smishing-Dataset-IMC25,reportsmishing/Smishing-Dataset-IMC25,raw_recovery_91k_pool,imc25_english_smish_08181,(BOA) Your account is limited. Please follow the link to securely update your personal information:,(BOA) Your account is limited. Please follow the link to securely update your personal information:,smishing_corpus_row,smishing,accepted,candidate,True,original_unredacted,cleaned_from_raw,replaced_from_91k_pool,Redacted-only gathered row replaced by raw-available smishing candidate from 91k pool.,replaced_with_raw_available_candidate,imc25_english_smish_08181,gathered_imc25_english_smish_05605,false,false,false,original_source=Smishing-Dataset-IMC25; scam_category=banking; strict-clean approved gathered smishing row. | raw_recovery: source candidate imc25_english_smish_08181; source_url=https://github.com/reportsmishing/Smishing-Dataset-IMC25; scam_category=banking,False,0,,pass_raw,Strict raw accepted after repair validation; original audit status=pass_raw; sms_likeness_status=likely_sms.,99,15,False,likely_sms,kept_strict_raw,True,,boa your account is limited please follow the link to securely update your personal information,camp_000055,2,campaign_representative,True,selected under max 1 per template cap
strict_replacement_ncsu_sms_phishing_024316,SMS Phishing Dataset,wspr-ncsu/sms-phishing,strict_raw_replacement_91k_pool,ncsu_sms_phishing_024316,"Buyer paid, confirm sale:https://shrtlink.net/61ae4db1","Buyer paid, confirm sale:<URL>",phishing_messages_row,smishing,accepted,candidate,True,original_unredacted,cleaned_from_raw,replaced_from_91k_pool,Placeholder/anonymized raw row replaced by strict raw-available smishing candidate from 91k pool.,replaced_with_raw_available_candidate,ncsu_sms_phishing_024316,replacement_imc25_english_smish_17345,false,false,false,original_source=Smishing-Dataset-IMC25; scam_category=banking; strict-clean approved gathered smishing row. | raw_recovery: source candidate imc25_english_smish_17345; source_url=https://github.com/reportsmishing/Smishing-Dataset-IMC25; scam_category=others,False,0,,pass_raw,Strict raw accepted after repair validation; original audit status=pass_raw; sms_likeness_status=likely_sms.,54,8,False,likely_sms,replaced_with_strict_raw_candidate,True,,buyer paid confirm sale < >,camp_000056,2,campaign_representative,True,selected under max 1 per template cap
strict_replacement_ncsu_sms_phishing_007800,SMS Phishing Dataset,wspr-ncsu/sms-phishing,strict_raw_replacement_91k_pool,ncsu_sms_phishing_007800,Cba - We have temporarily frozen your bank due to unusual activity. Please visit: comm-home.com immediately,Cba - We have temporarily frozen your bank due to unusual activity. Please visit: <URL> immediately,phishing_messages_row,smishing,accepted,candidate,True,original_unredacted,cleaned_from_raw,replaced_from_91k_pool,Placeholder/anonymized raw row replaced by strict raw-available smishing candidate from 91k pool.,replaced_with_raw_available_candidate,ncsu_sms_phishing_007800,replacement_imc25_english_smish_07151,false,false,false,original_source=Smishing-Dataset-IMC25; scam_category=banking; strict-clean approved gathered smishing row. | raw_recovery: source candidate imc25_english_smish_07151; source_url=https://github.com/reportsmishing/Smishing-Dataset-IMC25; scam_category=spam,False,0,,pass_raw,Strict raw accepted after repair validation; original audit status=pass_raw; sms_likeness_status=likely_sms.,107,17,False,likely_sms,replaced_with_strict_raw_candidate,True,,cba we have temporarily frozen your bank due to unusual activity please visit < > immediately,camp_000057,2,campaign_representative,True,selected under max 1 per template cap
gathered_imc25_english_smish_01898,Smishing-Dataset-IMC25,Gathered approved smishing 7k,gathered_approved_smishing,imc25_english_smish_01898,Citizen Bank : we have observed a potential risk related to your account for your protection we have locked your access as a precaution and require you to visit the secured link below to access into your account,Citizen Bank: we have observed a potential risk related to your account for your protection we have locked your access as a precaution and require you to visit the secured link below to access into your account,smishing_corpus_row,smishing,accepted,approved,True,original_unredacted,cleaned_from_raw,found_in_source_archive,Selected gathered final `message_raw` as the least-redacted available text.,kept_original_raw_available,,,false,false,false,original_source=Smishing-Dataset-IMC25; scam_category=banking; strict-clean approved gathered smishing row.,False,0,,pass_raw,Strict raw accepted after repair validation; original audit status=pass_raw; sms_likeness_status=likely_sms.,211,37,False,likely_sms,kept_strict_raw,True,,citizen bank we have observed a potential risk related to your account for your protection we have locked your access as a precaution and require you to visit the secured link below to access into your account,camp_000058,2,campaign_representative,True,selected under max 1 per template cap
strict_replacement_hf_bengali_sms_smishing_english_smish_0634,Bengali SMS Smishing Dataset,shariul-islam/bengali-sms-smishing-dataset,strict_raw_replacement_91k_pool,hf_bengali_sms_smishing_english_smish_0634,Click here to increase your credit card limit: http://bit.ly/CardLimit,Click here to increase your credit card limit: <URL>,smish,smishing,accepted,candidate,True,original_unredacted,cleaned_from_raw,replaced_from_91k_pool,Placeholder/anonymized raw row replaced by strict raw-available smishing candidate from 91k pool.,replaced_with_raw_available_candidate,hf_bengali_sms_smishing_english_smish_0634,replacement_imc25_english_smish_03147,false,false,false,original_source=Smishing-Dataset-IMC25; scam_category=others; strict-clean approved gathered smishing row. | raw_recovery: source candidate imc25_english_smish_03147; source_url=https://github.com/reportsmishing/Smishing-Dataset-IMC25; scam_category=banking,False,0,,pass_raw,Strict raw accepted after repair validation; original audit status=pass_raw; sms_likeness_status=likely_sms.,70,12,False,likely_sms,replaced_with_strict_raw_candidate,True,,click here to increase your credit card limit < >,camp_000059,2,campaign_representative,True,selected under max 1 per template cap
strict_replacement_imc25_english_smish_08127,Smishing-Dataset-IMC25,reportsmishing/Smishing-Dataset-IMC25,strict_raw_replacement_91k_pool,imc25_english_smish_08127,"Commonwealth Bank Alert:Dear customer,
You're required to verify your personal information to avoid restriction being placed on your account.
Please follow the link to update your details.","Commonwealth Bank Alert:Dear customer, You're required to verify your personal information to avoid restriction being placed on your account. Please follow the link to update your details.",smishing_corpus_row,smishing,accepted,candidate,True,original_unredacted,cleaned_from_raw,replaced_from_91k_pool,Placeholder/anonymized raw row replaced by strict raw-available smishing candidate from 91k pool.,replaced_with_raw_available_candidate,imc25_english_smish_08127,replacement_imc25_english_smish_08162,false,false,false,original_source=Smishing-Dataset-IMC25; scam_category=delivery; strict-clean approved gathered smishing row. | raw_recovery: source candidate imc25_english_smish_08162; source_url=https://github.com/reportsmishing/Smishing-Dataset-IMC25; scam_category=banking,False,0,,pass_raw,Strict raw accepted after repair validation; original audit status=pass_raw; sms_likeness_status=likely_sms.,188,29,False,likely_sms,replaced_with_strict_raw_candidate,True,,commonwealth bank alert dear customer you re required to verify your personal information to avoid restriction being placed on your account please follow the link to update your details,camp_000060,2,campaign_representative,True,selected under max 1 per template cap
replacement_imc25_english_smish_17662,Smishing-Dataset-IMC25,reportsmishing/Smishing-Dataset-IMC25,raw_recovery_91k_pool,imc25_english_smish_17662,"Congratulations,
Dear Customer,
Only You Got Xiaomi Special offer Buy Latest Redmi Note 7 Pro At Just Rs.11/- Only, Hurry Click Now-","Congratulations, Dear Customer, Only You Got Xiaomi Special offer Buy Latest Redmi Note 7 Pro At Just Rs.11/- Only, Hurry Click Now-",smishing_corpus_row,smishing,accepted,candidate,True,original_unredacted,cleaned_from_raw,replaced_from_91k_pool,Redacted-only gathered row replaced by raw-available smishing candidate from 91k pool.,replaced_with_raw_available_candidate,imc25_english_smish_17662,gathered_imc25_english_smish_12567,false,false,false,original_source=Smishing-Dataset-IMC25; scam_category=banking; strict-clean approved gathered smishing row. | raw_recovery: source candidate imc25_english_smish_17662; source_url=https://github.com/reportsmishing/Smishing-Dataset-IMC25; scam_category=others,False,0,,pass_raw,Strict raw accepted after repair validation; original audit status=pass_raw; sms_likeness_status=likely_sms.,132,23,False,likely_sms,kept_strict_raw,True,,congratulations dear customer only you got xiaomi special offer buy latest redmi note 7 pro at just rs 11 only hurry click now,camp_000061,2,campaign_representative,True,selected under max 1 per template cap
strict_replacement_imc25_english_smish_19174,Smishing-Dataset-IMC25,reportsmishing/Smishing-Dataset-IMC25,strict_raw_replacement_91k_pool,imc25_english_smish_19174,"Congratulations Dear Customer You Have Won The Prize Of 25,00000 By KBC Department Please Collect Your Prize Urgently By Follow The Company Rule's & Regulations","Congratulations Dear Customer You Have Won The Prize Of 25,00000 By KBC Department Please Collect Your Prize Urgently By Follow The Company Rule's & Regulations",smishing_corpus_row,smishing,accepted,candidate,True,original_unredacted,cleaned_from_raw,replaced_from_91k_pool,Placeholder/anonymized raw row replaced by strict raw-available smishing candidate from 91k pool.,replaced_with_raw_available_candidate,imc25_english_smish_19174,replacement_imc25_english_smish_19172,false,false,false,original_source=Smishing-Dataset-IMC25; scam_category=banking; strict-clean approved gathered smishing row. | raw_recovery: source candidate imc25_english_smish_19172; source_url=https://github.com/reportsmishing/Smishing-Dataset-IMC25; scam_category=others,False,0,,pass_raw,Strict raw accepted after repair validation; original audit status=pass_raw; sms_likeness_status=likely_sms.,160,26,False,likely_sms,replaced_with_strict_raw_candidate,True,,congratulations dear customer you have won the prize of < > by kbc department please collect your prize urgently by follow the company rule s regulations,camp_000062,2,campaign_representative,True,selected under max 1 per template cap
strict_replacement_imc25_english_smish_11846,Smishing-Dataset-IMC25,reportsmishing/Smishing-Dataset-IMC25,strict_raw_replacement_91k_pool,imc25_english_smish_11846,Dear A/c Holder Your SBI Bank Documents has expired A/c will be Blocked your updete Document by Net Banking visit,Dear A/c Holder Your SBI Bank Documents has expired A/c will be Blocked your updete Document by Net Banking visit,smishing_corpus_row,smishing,accepted,candidate,True,original_unredacted,cleaned_from_raw,replaced_from_91k_pool,Placeholder/anonymized raw row replaced by strict raw-available smishing candidate from 91k pool.,replaced_with_raw_available_candidate,imc25_english_smish_11846,replacement_imc25_english_smish_12032,false,false,false,original_source=Smishing-Dataset-IMC25; scam_category=banking; strict-clean approved gathered smishing row. | raw_recovery: source candidate imc25_english_smish_12032; source_url=https://github.com/reportsmishing/Smishing-Dataset-IMC25; scam_category=banking,False,0,,pass_raw,Strict raw accepted after repair validation; original audit status=pass_raw; sms_likeness_status=likely_sms.,113,22,False,likely_sms,replaced_with_strict_raw_candidate,True,,dear a c holder your sbi bank documents has expired a c will be blocked your updete document by net banking visit,camp_000063,2,campaign_representative,True,selected under max 1 per template cap
replacement_ncsu_sms_phishing_004138,SMS Phishing Dataset,wspr-ncsu/sms-phishing,raw_recovery_91k_pool,ncsu_sms_phishing_004138,"Dear Badis Sorry To Inform You That Your Package, Bearing Tracking Number US954202**, Which Arrived On July 9, 2022, Will Be Returned. Look Here: https://mytextprospector.com/PackID-965220","Dear Badis Sorry To Inform You That Your Package, Bearing Tracking Number US954202**, Which Arrived On July 9, 2022, Will Be Returned. Look Here: <URL>",phishing_messages_row,smishing,accepted,candidate,True,original_unredacted,cleaned_from_raw,replaced_from_91k_pool,Redacted-only gathered row replaced by raw-available smishing candidate from 91k pool.,replaced_with_raw_available_candidate,ncsu_sms_phishing_004138,gathered_imc25_english_smish_03483,true,false,false,original_source=Smishing-Dataset-IMC25; scam_category=banking; strict-clean approved gathered smishing row. | raw_recovery: source candidate ncsu_sms_phishing_004138; source_url=https://github.com/wspr-ncsu/sms-phishing; scam_category=other,False,0,,pass_raw,Strict raw accepted after repair validation; original audit status=pass_raw; sms_likeness_status=likely_sms.,188,29,False,likely_sms,kept_strict_raw,True,,dear badis sorry to inform you that your package bearing tracking number us954202 which arrived on july < > will be returned look here < >,camp_000064,2,campaign_representative,True,selected under max 1 per template cap
strict_replacement_ncsu_sms_phishing_004397,SMS Phishing Dataset,wspr-ncsu/sms-phishing,strict_raw_replacement_91k_pool,ncsu_sms_phishing_004397,"Dear BBw5ay , Sorry To Inform You That Your Package, Bearing Tracking Number US954202**, Which Arrived On July 9, 2022, Will Be Returned. Look Here: https://mytextprospector.com/PackID-965220","Dear BBw5ay, Sorry To Inform You That Your Package, Bearing Tracking Number US954202**, Which Arrived On July 9, 2022, Will Be Returned. Look Here: <URL>",phishing_messages_row,smishing,accepted,candidate,True,original_unredacted,cleaned_from_raw,replaced_from_91k_pool,Placeholder/anonymized raw row replaced by strict raw-available smishing candidate from 91k pool.,replaced_with_raw_available_candidate,ncsu_sms_phishing_004397,replacement_imc25_english_smish_05731,false,false,false,original_source=Smishing-Dataset-IMC25; scam_category=banking; strict-clean approved gathered smishing row. | raw_recovery: source candidate imc25_english_smish_05731; source_url=https://github.com/reportsmishing/Smishing-Dataset-IMC25; scam_category=banking,False,0,,pass_raw,Strict raw accepted after repair validation; original audit status=pass_raw; sms_likeness_status=likely_sms.,191,29,False,likely_sms,replaced_with_strict_raw_candidate,True,,dear bbw5ay sorry to inform you that your package bearing tracking number us954202 which arrived on july < > will be returned look here < >,camp_000065,2,campaign_representative,True,selected under max 1 per template cap
strict_replacement_imc25_english_smish_15430,Smishing-Dataset-IMC25,reportsmishing/Smishing-Dataset-IMC25,strict_raw_replacement_91k_pool,imc25_english_smish_15430,"Dear Consumer, Advance Payment of Rs. 911.50 for your Order No.78692 Received Successfully.","Dear Consumer, Advance Payment of Rs. 911.50 for your Order No.78692 Received Successfully.",smishing_corpus_row,smishing,accepted,candidate,True,original_unredacted,cleaned_from_raw,replaced_from_91k_pool,Placeholder/anonymized raw row replaced by strict raw-available smishing candidate from 91k pool.,replaced_with_raw_available_candidate,imc25_english_smish_15430,replacement_imc25_english_smish_15455,false,false,false,original_source=Smishing-Dataset-IMC25; scam_category=government; strict-clean approved gathered smishing row. | raw_recovery: source candidate imc25_english_smish_15455; source_url=https://github.com/reportsmishing/Smishing-Dataset-IMC25; scam_category=delivery,False,0,,pass_raw,Strict raw accepted after repair validation; original audit status=pass_raw; sms_likeness_status=likely_sms.,91,15,False,likely_sms,replaced_with_strict_raw_candidate,True,,dear consumer advance payment of rs < > for your order no < > received successfully,camp_000066,2,campaign_representative,True,selected under max 1 per template cap
strict_replacement_imc25_english_smish_13282,Smishing-Dataset-IMC25,reportsmishing/Smishing-Dataset-IMC25,strict_raw_replacement_91k_pool,imc25_english_smish_13282,Dear Customer your ATM Card has been Blocked By State Bank Due To Non-Verification Yet If You Want To Keep Using Your ATM CARD Us:Call me.,Dear Customer your ATM Card has been Blocked By State Bank Due To Non-Verification Yet If You Want To Keep Using Your ATM CARD Us:Call me.,smishing_corpus_row,smishing,accepted,candidate,True,original_unredacted,cleaned_from_raw,replaced_from_91k_pool,Placeholder/anonymized raw row replaced by strict raw-available smishing candidate from 91k pool.,replaced_with_raw_available_candidate,imc25_english_smish_13282,replacement_imc25_english_smish_13436,false,false,false,original_source=Smishing-Dataset-IMC25; scam_category=banking; strict-clean approved gathered smishing row. | raw_recovery: source candidate imc25_english_smish_13436; source_url=https://github.com/reportsmishing/Smishing-Dataset-IMC25; scam_category=banking,False,0,,pass_raw,Strict raw accepted after repair validation; original audit status=pass_raw; sms_likeness_status=likely_sms.,138,28,False,likely_sms,replaced_with_strict_raw_candidate,True,,dear customer your atm card has been blocked by state bank due to non verification yet if you want to keep using your atm card us call me,camp_000067,2,campaign_representative,True,selected under max 1 per template cap
replacement_imc25_english_smish_07875,Smishing-Dataset-IMC25,reportsmishing/Smishing-Dataset-IMC25,raw_recovery_91k_pool,imc25_english_smish_07875,Dear Customer Your Electricity Power will be disconnected...,Dear Customer Your Electricity Power will be disconnected...,smishing_corpus_row,smishing,accepted,candidate,True,original_unredacted,cleaned_from_raw,replaced_from_91k_pool,Redacted-only gathered row replaced by raw-available smishing candidate from 91k pool.,replaced_with_raw_available_candidate,imc25_english_smish_07875,gathered_imc25_english_smish_15982,false,false,false,original_source=Smishing-Dataset-IMC25; scam_category=government; strict-clean approved gathered smishing row. | raw_recovery: source candidate imc25_english_smish_07875; source_url=https://github.com/reportsmishing/Smishing-Dataset-IMC25; scam_category=others,False,0,,pass_raw,Strict raw accepted after repair validation; original audit status=pass_raw; sms_likeness_status=likely_sms.,60,8,False,likely_sms,kept_strict_raw,True,,dear customer your electricity power will be disconnected,camp_000068,2,campaign_representative,True,selected under max 1 per template cap
replacement_imc25_english_smish_07721,Smishing-Dataset-IMC25,reportsmishing/Smishing-Dataset-IMC25,raw_recovery_91k_pool,imc25_english_smish_07721,Dear Customer your H.D.F.C NET BANKING! Account Will be Suspended! Today Please Update Your PAN CARD Click here to link,Dear Customer your H.D.F.C NET BANKING! Account Will be Suspended! Today Please Update Your PAN CARD Click here to link,smishing_corpus_row,smishing,accepted,candidate,True,original_unredacted,cleaned_from_raw,replaced_from_91k_pool,Redacted-only gathered row replaced by raw-available smishing candidate from 91k pool.,replaced_with_raw_available_candidate,imc25_english_smish_07721,gathered_imc25_english_smish_04820,false,false,false,original_source=Smishing-Dataset-IMC25; scam_category=banking; strict-clean approved gathered smishing row. | raw_recovery: source candidate imc25_english_smish_07721; source_url=https://github.com/reportsmishing/Smishing-Dataset-IMC25; scam_category=banking,False,0,,pass_raw,Strict raw accepted after repair validation; original audit status=pass_raw; sms_likeness_status=likely_sms.,119,23,False,likely_sms,kept_strict_raw,True,,dear customer your h d f c net banking account will be suspended today please update your pan card click here to link,camp_000069,2,campaign_representative,True,selected under max 1 per template cap
replacement_imc25_english_smish_07532,Smishing-Dataset-IMC25,reportsmishing/Smishing-Dataset-IMC25,raw_recovery_91k_pool,imc25_english_smish_07532,Dear Customer your HDFC NET-BANKING Account Will be Blocked Today Please Update,Dear Customer your HDFC NET-BANKING Account Will be Blocked Today Please Update,smishing_corpus_row,smishing,accepted,candidate,True,original_unredacted,cleaned_from_raw,replaced_from_91k_pool,Redacted-only gathered row replaced by raw-available smishing candidate from 91k pool.,replaced_with_raw_available_candidate,imc25_english_smish_07532,gathered_imc25_english_smish_04751,false,false,false,original_source=Smishing-Dataset-IMC25; scam_category=banking; strict-clean approved gathered smishing row. | raw_recovery: source candidate imc25_english_smish_07532; source_url=https://github.com/reportsmishing/Smishing-Dataset-IMC25; scam_category=banking,False,0,,pass_raw,Strict raw accepted after repair validation; original audit status=pass_raw; sms_likeness_status=likely_sms.,79,13,False,likely_sms,kept_strict_raw,True,,dear customer your hdfc net banking account will be blocked today please update,camp_000070,2,campaign_representative,True,selected under max 1 per template cap
strict_replacement_imc25_english_smish_11302,Smishing-Dataset-IMC25,reportsmishing/Smishing-Dataset-IMC25,strict_raw_replacement_91k_pool,imc25_english_smish_11302,Dear customer your SBI A/C has been Suspended. please update your KYC Click here link submit your details,Dear customer your SBI A/C has been Suspended. please update your KYC Click here link submit your details,smishing_corpus_row,smishing,accepted,candidate,True,original_unredacted,cleaned_from_raw,replaced_from_91k_pool,Placeholder/anonymized raw row replaced by strict raw-available smishing candidate from 91k pool.,replaced_with_raw_available_candidate,imc25_english_smish_11302,replacement_imc25_english_smish_11393,false,false,false,original_source=Smishing-Dataset-IMC25; scam_category=banking; strict-clean approved gathered smishing row. | raw_recovery: source candidate imc25_english_smish_11393; source_url=https://github.com/reportsmishing/Smishing-Dataset-IMC25; scam_category=banking,False,0,,pass_raw,Strict raw accepted after repair validation; original audit status=pass_raw; sms_likeness_status=likely_sms.,105,19,False,likely_sms,replaced_with_strict_raw_candidate,True,,dear customer your sbi a c has been suspended please update your kyc click here link submit your details,camp_000071,2,campaign_representative,True,selected under max 1 per template cap
replacement_imc25_english_smish_02289,Smishing-Dataset-IMC25,reportsmishing/Smishing-Dataset-IMC25,raw_recovery_91k_pool,imc25_english_smish_02289,Dear customer Your SBI BANK account has been blocked. Please update your KYC in click here link -,Dear customer Your SBI BANK account has been blocked. Please update your KYC in click here link -,smishing_corpus_row,smishing,accepted,candidate,True,original_unredacted,cleaned_from_raw,replaced_from_91k_pool,Redacted-only gathered row replaced by raw-available smishing candidate from 91k pool.,replaced_with_raw_available_candidate,imc25_english_smish_02289,gathered_imc25_english_smish_02173,false,false,false,original_source=Smishing-Dataset-IMC25; scam_category=banking; strict-clean approved gathered smishing row. | raw_recovery: source candidate imc25_english_smish_02289; source_url=https://github.com/reportsmishing/Smishing-Dataset-IMC25; scam_category=banking,False,0,,pass_raw,Strict raw accepted after repair validation; original audit status=pass_raw; sms_likeness_status=likely_sms.,97,17,False,likely_sms,kept_strict_raw,True,,dear customer your sbi bank account has been blocked please update your kyc in click here link,camp_000072,2,campaign_representative,True,selected under max 1 per template cap
strict_replacement_imc25_english_smish_13222,Smishing-Dataset-IMC25,reportsmishing/Smishing-Dataset-IMC25,strict_raw_replacement_91k_pool,imc25_english_smish_13222,Dear Customer your STATE BANK A/C has been Suspended. please Update your KYC Immediately click here link,Dear Customer your STATE BANK A/C has been Suspended. please Update your KYC Immediately click here link,smishing_corpus_row,smishing,accepted,candidate,True,original_unredacted,cleaned_from_raw,replaced_from_91k_pool,Placeholder/anonymized raw row replaced by strict raw-available smishing candidate from 91k pool.,kept_original_raw_available,imc25_english_smish_13222,gathered_imc25_english_smish_09390,false,false,false,original_source=Smishing-Dataset-IMC25; scam_category=banking; strict-clean approved gathered smishing row.,False,0,,pass_raw,Strict raw accepted after repair validation; original audit status=pass_raw; sms_likeness_status=likely_sms.,104,18,False,likely_sms,replaced_with_strict_raw_candidate,True,,dear customer your state bank a c has been suspended please update your kyc immediately click here link,camp_000073,2,campaign_representative,True,selected under max 1 per template cap
strict_replacement_imc25_english_smish_12572,Smishing-Dataset-IMC25,reportsmishing/Smishing-Dataset-IMC25,strict_raw_replacement_91k_pool,imc25_english_smish_12572,Dear Customer Your State Bank of india Account Will Be Suspended! Please Re KYC Verification Update Click here link,Dear Customer Your State Bank of india Account Will Be Suspended! Please Re KYC Verification Update Click here link,smishing_corpus_row,smishing,accepted,candidate,True,original_unredacted,cleaned_from_raw,replaced_from_91k_pool,Placeholder/anonymized raw row replaced by strict raw-available smishing candidate from 91k pool.,replaced_with_raw_available_candidate,imc25_english_smish_12572,replacement_imc25_english_smish_12569,false,false,false,original_source=Smishing-Dataset-IMC25; scam_category=banking; strict-clean approved gathered smishing row. | raw_recovery: source candidate imc25_english_smish_12569; source_url=https://github.com/reportsmishing/Smishing-Dataset-IMC25; scam_category=banking,False,0,,pass_raw,Strict raw accepted after repair validation; original audit status=pass_raw; sms_likeness_status=likely_sms.,115,19,False,likely_sms,replaced_with_strict_raw_candidate,True,,dear customer your state bank of india account will be suspended please re kyc verification < > click here link,camp_000074,2,campaign_representative,True,selected under max 1 per template cap
replacement_imc25_english_smish_02350,Smishing-Dataset-IMC25,reportsmishing/Smishing-Dataset-IMC25,raw_recovery_91k_pool,imc25_english_smish_02350,Dear CustomerYour this BSNL Mobile number is found suspected due to misuse of telecom resources as Spam text message / Telecom Phishing / UCC / Robo or Automated calls & more than 9 connections on same name according to DoT instructions. For reverificationkindly visit nearest BSNL Customer Service Center with POI documents or contact {MPCC},Dear CustomerYour this BSNL Mobile number is found suspected due to misuse of telecom resources as Spam text message / Telecom Phishing / UCC / Robo or Automated calls & more than 9 connections on same name according to DoT instructions. For reverificationkindly visit nearest BSNL Customer Service Center with POI documents or contact {MPCC},smishing_corpus_row,smishing,accepted,candidate,True,original_unredacted,cleaned_from_raw,replaced_from_91k_pool,Redacted-only gathered row replaced by raw-available smishing candidate from 91k pool.,replaced_with_raw_available_candidate,imc25_english_smish_02350,gathered_imc25_english_smish_02208,false,false,false,original_source=Smishing-Dataset-IMC25; scam_category=delivery; strict-clean approved gathered smishing row. | raw_recovery: source candidate imc25_english_smish_02350; source_url=https://github.com/reportsmishing/Smishing-Dataset-IMC25; scam_category=telecom,False,0,,pass_raw,Strict raw accepted after repair validation; original audit status=review_too_long; sms_likeness_status=possible_multipart_sms.,342,51,True,possible_multipart_sms,kept_strict_raw,True,,dear customeryour this bsnl mobile number is found suspected due to misuse of telecom resources as spam text message telecom phishing ucc robo or automated calls more than 9 connections on same name according to dot instructions for < > visit nearest bsnl customer service center with poi documents or contact mpcc,camp_000075,2,campaign_representative,True,selected under max 1 per template cap
strict_replacement_ncsu_sms_phishing_004399,SMS Phishing Dataset,wspr-ncsu/sms-phishing,strict_raw_replacement_91k_pool,ncsu_sms_phishing_004399,"Dear Dada7ana , Sorry To Inform You That Your Package, Bearing Tracking Number US954202**, Which Arrived On July 9, 2022, Will Be Returned. Look Here: https://mytextprospector.com/PackID-965220","Dear Dada7ana, Sorry To Inform You That Your Package, Bearing Tracking Number US954202**, Which Arrived On July 9, 2022, Will Be Returned. Look Here: <URL>",phishing_messages_row,smishing,accepted,candidate,True,original_unredacted,cleaned_from_raw,replaced_from_91k_pool,Placeholder/anonymized raw row replaced by strict raw-available smishing candidate from 91k pool.,replaced_with_raw_available_candidate,ncsu_sms_phishing_004399,replacement_imc25_english_smish_06375,false,false,false,original_source=Smishing-Dataset-IMC25; scam_category=spam; strict-clean approved gathered smishing row. | raw_recovery: source candidate imc25_english_smish_06375; source_url=https://github.com/reportsmishing/Smishing-Dataset-IMC25; scam_category=banking,False,0,,pass_raw,Strict raw accepted after repair validation; original audit status=pass_raw; sms_likeness_status=likely_sms.,193,29,False,likely_sms,replaced_with_strict_raw_candidate,True,,dear dada7ana sorry to inform you that your package bearing tracking number us954202 which arrived on july < > will be returned look here < >,camp_000076,2,campaign_representative,True,selected under max 1 per template cap
gathered_imc25_english_smish_00105,Smishing-Dataset-IMC25,Gathered approved smishing 7k,gathered_approved_smishing,imc25_english_smish_00105,"Dear friend, we invite you to join the cryptocurrency internal discussion group. And teaches you how to earn 1000-5000US per day in the cryptocurrency market. Reply ""OK"", Please click on the ""link"" below to join","Dear friend, we invite you to join the cryptocurrency internal discussion group. And teaches you how to earn 1000-5000US per day in the cryptocurrency market. Reply ""OK"", Please click on the ""link"" below to join",smishing_corpus_row,smishing,accepted,approved,True,original_unredacted,cleaned_from_raw,found_in_source_archive,Selected gathered final `message_raw` as the least-redacted available text.,kept_original_raw_available,,,false,false,false,original_source=Smishing-Dataset-IMC25; scam_category=spam; strict-clean approved gathered smishing row.,False,0,,pass_raw,Strict raw accepted after repair validation; original audit status=pass_raw; sms_likeness_status=likely_sms.,211,36,False,likely_sms,kept_strict_raw,True,,dear friend we invite you to join the cryptocurrency internal discussion group and teaches you how to earn < > 5000us per day in the cryptocurrency market reply ok please click on the link below to join,camp_000077,2,campaign_representative,True,selected under max 1 per template cap
replacement_ncsu_sms_phishing_004136,SMS Phishing Dataset,wspr-ncsu/sms-phishing,raw_recovery_91k_pool,ncsu_sms_phishing_004136,"Dear  Gambli  Sorry  To  Inform  You  That  Your  Package,  Bearing  Tracking  Number  US954202**,  Which  Arrived  On  July  9,  2022,  Will  Be  Returned.  Look  Here:  https://mytextprospector.com/PackID-965220","Dear Gambli Sorry To Inform You That Your Package, Bearing Tracking Number US954202**, Which Arrived On July 9, 2022, Will Be Returned. Look Here: <URL>",phishing_messages_row,smishing,accepted,candidate,True,original_unredacted,cleaned_from_raw,replaced_from_91k_pool,Redacted-only gathered row replaced by raw-available smishing candidate from 91k pool.,replaced_with_raw_available_candidate,ncsu_sms_phishing_004136,gathered_imc25_english_smish_03471,true,false,false,original_source=Smishing-Dataset-IMC25; scam_category=banking; strict-clean approved gathered smishing row. | raw_recovery: source candidate ncsu_sms_phishing_004136; source_url=https://github.com/wspr-ncsu/sms-phishing; scam_category=other,False,0,,pass_raw,Strict raw accepted after repair validation; original audit status=pass_raw; sms_likeness_status=likely_sms.,213,29,False,likely_sms,kept_strict_raw,True,,dear gambli sorry to inform you that your package bearing tracking number us954202 which arrived on july < > will be returned look here < >,camp_000078,2,campaign_representative,True,selected under max 1 per template cap
replacement_ncsu_sms_phishing_004137,SMS Phishing Dataset,wspr-ncsu/sms-phishing,raw_recovery_91k_pool,ncsu_sms_phishing_004137,"Dear Hafsi Sorry To Inform You That Your Package, Bearing Tracking Number US954202**, Which Arrived On July 9, 2022, Will Be Returned. Look Here: https://mytextprospector.com/PackID-965220","Dear Hafsi Sorry To Inform You That Your Package, Bearing Tracking Number US954202**, Which Arrived On July 9, 2022, Will Be Returned. Look Here: <URL>",phishing_messages_row,smishing,accepted,candidate,True,original_unredacted,cleaned_from_raw,replaced_from_91k_pool,Redacted-only gathered row replaced by raw-available smishing candidate from 91k pool.,replaced_with_raw_available_candidate,ncsu_sms_phishing_004137,gathered_imc25_english_smish_03475,true,false,false,original_source=Smishing-Dataset-IMC25; scam_category=banking; strict-clean approved gathered smishing row. | raw_recovery: source candidate ncsu_sms_phishing_004137; source_url=https://github.com/wspr-ncsu/sms-phishing; scam_category=other,False,0,,pass_raw,Strict raw accepted after repair validation; original audit status=pass_raw; sms_likeness_status=likely_sms.,188,29,False,likely_sms,kept_strict_raw,True,,dear hafsi sorry to inform you that your package bearing tracking number us954202 which arrived on july < > will be returned look here < >,camp_000079,2,campaign_representative,True,selected under max 1 per template cap
replacement_imc25_english_smish_02453,Smishing-Dataset-IMC25,reportsmishing/Smishing-Dataset-IMC25,raw_recovery_91k_pool,imc25_english_smish_02453,Dear HDFC user your HDFC Netbanking will be Block Today Please click on the link and update your PAN no. immediately-,Dear HDFC user your HDFC Netbanking will be Block Today Please click on the link and update your PAN no. immediately-,smishing_corpus_row,smishing,accepted,candidate,True,original_unredacted,cleaned_from_raw,replaced_from_91k_pool,Redacted-only gathered row replaced by raw-available smishing candidate from 91k pool.,replaced_with_raw_available_candidate,imc25_english_smish_02453,gathered_imc25_english_smish_02271,false,false,false,original_source=Smishing-Dataset-IMC25; scam_category=others; strict-clean approved gathered smishing row. | raw_recovery: source candidate imc25_english_smish_02453; source_url=https://github.com/reportsmishing/Smishing-Dataset-IMC25; scam_category=banking,False,0,,pass_raw,Strict raw accepted after repair validation; original audit status=pass_raw; sms_likeness_status=likely_sms.,117,21,False,likely_sms,kept_strict_raw,True,,dear hdfc user your hdfc netbanking will be block today please click on the link and update your pan no immediately,camp_000080,2,campaign_representative,True,selected under max 1 per template cap
strict_replacement_imc25_english_smish_02234,Smishing-Dataset-IMC25,reportsmishing/Smishing-Dataset-IMC25,strict_raw_replacement_91k_pool,imc25_english_smish_02234,Dear HDFC User Your HDFC NetBanking will be Suspend today Please click on the link and update your PAN no,Dear HDFC User Your HDFC NetBanking will be Suspend today Please click on the link and update your PAN no,smishing_corpus_row,smishing,accepted,candidate,True,original_unredacted,cleaned_from_raw,replaced_from_91k_pool,Placeholder/anonymized raw row replaced by strict raw-available smishing candidate from 91k pool.,replaced_with_raw_available_candidate,imc25_english_smish_02234,replacement_imc25_english_smish_02241,false,false,false,original_source=Smishing-Dataset-IMC25; scam_category=banking; strict-clean approved gathered smishing row. | raw_recovery: source candidate imc25_english_smish_02241; source_url=https://github.com/reportsmishing/Smishing-Dataset-IMC25; scam_category=delivery,False,0,,pass_raw,Strict raw accepted after repair validation; original audit status=pass_raw; sms_likeness_status=likely_sms.,105,20,False,likely_sms,replaced_with_strict_raw_candidate,True,,dear hdfc user your hdfc netbanking will be suspend today please click on the link and update your pan no,camp_000081,2,campaign_representative,True,selected under max 1 per template cap
replacement_imc25_english_smish_09423,Smishing-Dataset-IMC25,reportsmishing/Smishing-Dataset-IMC25,raw_recovery_91k_pool,imc25_english_smish_09423,"Dear PAYTM User
Your PAYTM A/ C K.Y.C Has Been Expired
Call immediately
For Verification
A/c Will Be Blocked
Within 24hr
PAYTM OFFICE PH",Dear PAYTM User Your PAYTM A/ C K.Y.C Has Been Expired Call immediately For Verification A/c Will Be Blocked Within 24hr PAYTM OFFICE PH,smishing_corpus_row,smishing,accepted,candidate,True,original_unredacted,cleaned_from_raw,replaced_from_91k_pool,Redacted-only gathered row replaced by raw-available smishing candidate from 91k pool.,replaced_with_raw_available_candidate,imc25_english_smish_09423,gathered_imc25_english_smish_07743,false,false,false,original_source=Smishing-Dataset-IMC25; scam_category=banking; strict-clean approved gathered smishing row. | raw_recovery: source candidate imc25_english_smish_09423; source_url=https://github.com/reportsmishing/Smishing-Dataset-IMC25; scam_category=banking,False,0,,pass_raw,Strict raw accepted after repair validation; original audit status=pass_raw; sms_likeness_status=likely_sms.,136,27,False,likely_sms,kept_strict_raw,True,,dear paytm user your paytm a c k y c has been expired call immediately for verification a c will be blocked within 24hr paytm office ph,camp_000082,2,campaign_representative,True,selected under max 1 per template cap
strict_replacement_imc25_english_smish_11050,Smishing-Dataset-IMC25,reportsmishing/Smishing-Dataset-IMC25,strict_raw_replacement_91k_pool,imc25_english_smish_11050,Dear SBI user your SBI YONO A/C has been blocked please update your PAN CARD click here to login your net banking update your PAN no,Dear SBI user your SBI YONO A/C has been blocked please update your PAN CARD click here to login your net banking update your PAN no,smishing_corpus_row,smishing,accepted,candidate,True,original_unredacted,cleaned_from_raw,replaced_from_91k_pool,Placeholder/anonymized raw row replaced by strict raw-available smishing candidate from 91k pool.,replaced_with_raw_available_candidate,imc25_english_smish_11050,replacement_imc25_english_smish_11124,false,false,false,original_source=Smishing-Dataset-IMC25; scam_category=banking; strict-clean approved gathered smishing row. | raw_recovery: source candidate imc25_english_smish_11124; source_url=https://github.com/reportsmishing/Smishing-Dataset-IMC25; scam_category=banking,False,0,,pass_raw,Strict raw accepted after repair validation; original audit status=pass_raw; sms_likeness_status=likely_sms.,132,27,False,likely_sms,replaced_with_strict_raw_candidate,True,,dear sbi user your sbi yono a c has been blocked please update your pan card click here to login your net banking update your pan no,camp_000083,2,campaign_representative,True,selected under max 1 per template cap
strict_replacement_imc25_english_smish_11165,Smishing-Dataset-IMC25,reportsmishing/Smishing-Dataset-IMC25,strict_raw_replacement_91k_pool,imc25_english_smish_11165,Dear SBI user your SBI YONO A/c has been blocked please update your PAN CARD click here to login your net banking update your PAN numbar,Dear SBI user your SBI YONO A/c has been blocked please update your PAN CARD click here to login your net banking update your PAN numbar,smishing_corpus_row,smishing,accepted,candidate,True,original_unredacted,cleaned_from_raw,replaced_from_91k_pool,Placeholder/anonymized raw row replaced by strict raw-available smishing candidate from 91k pool.,replaced_with_raw_available_candidate,imc25_english_smish_11165,replacement_imc25_english_smish_11143,false,false,false,original_source=Smishing-Dataset-IMC25; scam_category=banking; strict-clean approved gathered smishing row. | raw_recovery: source candidate imc25_english_smish_11143; source_url=https://github.com/reportsmishing/Smishing-Dataset-IMC25; scam_category=banking,False,0,,pass_raw,Strict raw accepted after repair validation; original audit status=pass_raw; sms_likeness_status=likely_sms.,136,27,False,likely_sms,replaced_with_strict_raw_candidate,True,,dear sbi user your sbi yono a c has been blocked please update your pan card click here to login your net banking update your pan numbar,camp_000084,2,campaign_representative,True,selected under max 1 per template cap
strict_replacement_imc25_english_smish_11971,Smishing-Dataset-IMC25,reportsmishing/Smishing-Dataset-IMC25,strict_raw_replacement_91k_pool,imc25_english_smish_11971,Dear SBI user your SBI YONO Account has been blocked please reset your PAN CARD click here to login your PAN number:https://gLttATwzC,Dear SBI user your SBI YONO Account has been blocked please reset your PAN CARD click here to login your PAN number:<URL>,smishing_corpus_row,smishing,accepted,candidate,True,original_unredacted,cleaned_from_raw,replaced_from_91k_pool,Placeholder/anonymized raw row replaced by strict raw-available smishing candidate from 91k pool.,replaced_with_raw_available_candidate,imc25_english_smish_11971,replacement_imc25_english_smish_13646,false,false,true,original_source=Smishing-Dataset-IMC25; scam_category=others; strict-clean approved gathered smishing row. | raw_recovery: source candidate imc25_english_smish_13646; source_url=https://github.com/reportsmishing/Smishing-Dataset-IMC25; scam_category=banking,False,0,,pass_raw,Strict raw accepted after repair validation; original audit status=pass_raw; sms_likeness_status=likely_sms.,133,24,False,likely_sms,replaced_with_strict_raw_candidate,True,,dear sbi user your sbi yono account has been blocked please reset your pan card click here to login your pan number < >,camp_000085,2,campaign_representative,True,selected under max 1 per template cap
replacement_imc25_english_smish_03030,Smishing-Dataset-IMC25,reportsmishing/Smishing-Dataset-IMC25,raw_recovery_91k_pool,imc25_english_smish_03030,Dear SBI user your SBI YONO Account has been blocked please update your PAN CARD click here to login your net banking update your PAN number,Dear SBI user your SBI YONO Account has been blocked please update your PAN CARD click here to login your net banking update your PAN number,smishing_corpus_row,smishing,accepted,candidate,True,original_unredacted,cleaned_from_raw,replaced_from_91k_pool,Redacted-only gathered row replaced by raw-available smishing candidate from 91k pool.,replaced_with_raw_available_candidate,imc25_english_smish_03030,gathered_imc25_english_smish_02585,false,false,false,original_source=Smishing-Dataset-IMC25; scam_category=banking; strict-clean approved gathered smishing row. | raw_recovery: source candidate imc25_english_smish_03030; source_url=https://github.com/reportsmishing/Smishing-Dataset-IMC25; scam_category=banking,False,0,,pass_raw,Strict raw accepted after repair validation; original audit status=pass_raw; sms_likeness_status=likely_sms.,140,26,False,likely_sms,kept_strict_raw,True,,dear sbi user your sbi yono account has been blocked please update your pan card click here to login your net banking update your pan number,camp_000086,2,campaign_representative,True,selected under max 1 per template cap
replacement_imc25_english_smish_12012,Smishing-Dataset-IMC25,reportsmishing/Smishing-Dataset-IMC25,raw_recovery_91k_pool,imc25_english_smish_12012,Dear SBI user your SBI YONO Account has been blocked please verify your PAN CARD click here to login your PAN number: https://....,Dear SBI user your SBI YONO Account has been blocked please verify your PAN CARD click here to login your PAN number: <URL>,smishing_corpus_row,smishing,accepted,candidate,True,original_unredacted,cleaned_from_raw,replaced_from_91k_pool,Redacted-only gathered row replaced by raw-available smishing candidate from 91k pool.,replaced_with_raw_available_candidate,imc25_english_smish_12012,gathered_imc25_english_smish_00318,true,false,false,original_source=Smishing-Dataset-IMC25; scam_category=spam; strict-clean approved gathered smishing row. | raw_recovery: source candidate imc25_english_smish_12012; source_url=https://github.com/reportsmishing/Smishing-Dataset-IMC25; scam_category=banking,False,0,,pass_raw,Strict raw accepted after repair validation; original audit status=pass_raw; sms_likeness_status=likely_sms.,130,23,False,likely_sms,kept_strict_raw,True,,dear sbi user your sbi yono account has been blocked please verify your pan card click here to login your pan number < >,camp_000087,2,campaign_representative,True,selected under max 1 per template cap
replacement_imc25_english_smish_05232,Smishing-Dataset-IMC25,reportsmishing/Smishing-Dataset-IMC25,raw_recovery_91k_pool,imc25_english_smish_05232,Dear User Your HDFC NetBanking will be Suspended Today Please update your PAN Card No Click here Link,Dear User Your HDFC NetBanking will be Suspended Today Please update your PAN Card No Click here Link,smishing_corpus_row,smishing,accepted,candidate,True,original_unredacted,cleaned_from_raw,replaced_from_91k_pool,Redacted-only gathered row replaced by raw-available smishing candidate from 91k pool.,replaced_with_raw_available_candidate,imc25_english_smish_05232,gathered_imc25_english_smish_03815,false,false,false,original_source=Smishing-Dataset-IMC25; scam_category=government; strict-clean approved gathered smishing row. | raw_recovery: source candidate imc25_english_smish_05232; source_url=https://github.com/reportsmishing/Smishing-Dataset-IMC25; scam_category=banking,False,0,,pass_raw,Strict raw accepted after repair validation; original audit status=pass_raw; sms_likeness_status=likely_sms.,101,18,False,likely_sms,kept_strict_raw,True,,dear user your hdfc netbanking will be suspended today please update your pan card no click here link,camp_000088,2,campaign_representative,True,selected under max 1 per template cap
strict_replacement_imc25_english_smish_13676,Smishing-Dataset-IMC25,reportsmishing/Smishing-Dataset-IMC25,strict_raw_replacement_91k_pool,imc25_english_smish_13676,Dear User Your SBI Y0N0 ACCOUNT will be suspended please update your PAN CARD IMMEDIATELY click here link Thank you SBI,Dear User Your SBI Y0N0 ACCOUNT will be suspended please update your PAN CARD IMMEDIATELY click here link Thank you SBI,smishing_corpus_row,smishing,accepted,candidate,True,original_unredacted,cleaned_from_raw,replaced_from_91k_pool,Placeholder/anonymized raw row replaced by strict raw-available smishing candidate from 91k pool.,replaced_with_raw_available_candidate,imc25_english_smish_13676,replacement_imc25_english_smish_13780,false,false,false,original_source=Smishing-Dataset-IMC25; scam_category=banking; strict-clean approved gathered smishing row. | raw_recovery: source candidate imc25_english_smish_13780; source_url=https://github.com/reportsmishing/Smishing-Dataset-IMC25; scam_category=banking,False,0,,pass_raw,Strict raw accepted after repair validation; original audit status=pass_raw; sms_likeness_status=likely_sms.,119,21,False,likely_sms,replaced_with_strict_raw_candidate,True,,dear user your sbi y0n0 account will be suspended please update your pan card immediately click here link thank you sbi,camp_000089,2,campaign_representative,True,selected under max 1 per template cap
replacement_ncsu_sms_phishing_004140,SMS Phishing Dataset,wspr-ncsu/sms-phishing,raw_recovery_91k_pool,ncsu_sms_phishing_004140,"Dear Yamaw5ayti Sorry To Inform You That Your Package, Bearing Tracking Number US954202**, Which Arrived On July 9, 2022, Will Be Returned. Look Here: https://mytextprospector.com/PackID-965220","Dear Yamaw5ayti Sorry To Inform You That Your Package, Bearing Tracking Number US954202**, Which Arrived On July 9, 2022, Will Be Returned. Look Here: <URL>",phishing_messages_row,smishing,accepted,candidate,True,original_unredacted,cleaned_from_raw,replaced_from_91k_pool,Redacted-only gathered row replaced by raw-available smishing candidate from 91k pool.,replaced_with_raw_available_candidate,ncsu_sms_phishing_004140,gathered_imc25_english_smish_03493,true,false,false,original_source=Smishing-Dataset-IMC25; scam_category=hey mum/dad; strict-clean approved gathered smishing row. | raw_recovery: source candidate ncsu_sms_phishing_004140; source_url=https://github.com/wspr-ncsu/sms-phishing; scam_category=other,False,0,,pass_raw,Strict raw accepted after repair validation; original audit status=pass_raw; sms_likeness_status=likely_sms.,193,29,False,likely_sms,kept_strict_raw,True,,dear yamaw5ayti sorry to inform you that your package bearing tracking number us954202 which arrived on july < > will be returned look here < >,camp_000090,2,campaign_representative,True,selected under max 1 per template cap
strict_replacement_ncsu_sms_phishing_002000,SMS Phishing Dataset,wspr-ncsu/sms-phishing,strict_raw_replacement_91k_pool,ncsu_sms_phishing_002000,Dein Account wurde gesperrt. Besuchen Sie: https://anmeldesicherheit-volksbank.com um Ihr Konto zu sichern.,Dein Account wurde gesperrt. Besuchen Sie: <URL> um Ihr Konto zu sichern.,phishing_messages_row,smishing,accepted,candidate,True,original_unredacted,cleaned_from_raw,replaced_from_91k_pool,Placeholder/anonymized raw row replaced by strict raw-available smishing candidate from 91k pool.,kept_original_raw_available,ncsu_sms_phishing_002000,gathered_imc25_english_smish_01934,false,false,false,original_source=Smishing-Dataset-IMC25; scam_category=government; strict-clean approved gathered smishing row.,False,0,,pass_raw,Strict raw accepted after repair validation; original audit status=pass_raw; sms_likeness_status=likely_sms.,107,15,False,likely_sms,replaced_with_strict_raw_candidate,True,,dein account wurde gesperrt besuchen sie < > um ihr konto zu sichern,camp_000091,2,campaign_representative,True,selected under max 1 per template cap
strict_replacement_imc25_english_smish_06232,Smishing-Dataset-IMC25,reportsmishing/Smishing-Dataset-IMC25,strict_raw_replacement_91k_pool,imc25_english_smish_06232,Did you attempt wire transfer amount of $7500? We have issues with your shipping address. activity on your account You’ll get $130 freebies transfer amount of $7500. shipping adress. activity on your account You’ll get $130 freebies Did you attempt wire,Did you attempt wire transfer amount of <AMOUNT>? We have issues with your shipping address. activity on your account You’ll get <AMOUNT> freebies transfer amount of <AMOUNT>. shipping adress. activity on your account You’ll get <AMOUNT> freebies Did you attempt wire,smishing_corpus_row,smishing,accepted,candidate,True,original_unredacted,cleaned_from_raw,replaced_from_91k_pool,Placeholder/anonymized raw row replaced by strict raw-available smishing candidate from 91k pool.,replaced_with_raw_available_candidate,imc25_english_smish_06232,replacement_imc25_english_smish_06968,false,false,false,original_source=Smishing-Dataset-IMC25; scam_category=banking; strict-clean approved gathered smishing row. | raw_recovery: source candidate imc25_english_smish_06968; source_url=https://github.com/reportsmishing/Smishing-Dataset-IMC25; scam_category=delivery,False,0,,pass_raw,Strict raw accepted after repair validation; original audit status=pass_raw; sms_likeness_status=likely_sms.,253,43,False,likely_sms,replaced_with_strict_raw_candidate,True,,did you attempt wire transfer amount of < > we have issues with your shipping address activity on your account you ll get < > freebies transfer amount of < > shipping adress activity on your account you ll get < > freebies did you attempt wire,camp_000092,2,campaign_representative,True,selected under max 1 per template cap
replacement_ncsu_sms_phishing_008163,SMS Phishing Dataset,wspr-ncsu/sms-phishing,raw_recovery_91k_pool,ncsu_sms_phishing_008163,"Don't forget your welcome package! 50 free spins in Starburst! Go for it! https://tx.vc/r/38c7j 18+ T&Cs apply.
Unsubscribe? https://tx.vc/r/2Aurl",Don't forget your welcome package! 50 free spins in Starburst! Go for it! <URL> 18+ T&Cs apply. Unsubscribe? <URL>,phishing_messages_row,smishing,accepted,candidate,True,original_unredacted,cleaned_from_raw,replaced_from_91k_pool,Redacted-only gathered row replaced by raw-available smishing candidate from 91k pool.,replaced_with_raw_available_candidate,ncsu_sms_phishing_008163,gathered_imc25_english_smish_05222,true,false,false,original_source=Smishing-Dataset-IMC25; scam_category=government; strict-clean approved gathered smishing row. | raw_recovery: source candidate ncsu_sms_phishing_008163; source_url=https://github.com/wspr-ncsu/sms-phishing; scam_category=other,False,0,,pass_raw,Strict raw accepted after repair validation; original audit status=pass_raw; sms_likeness_status=likely_sms.,146,29,False,likely_sms,kept_strict_raw,True,,don t forget your welcome package 50 free spins in starburst go for it < > 18 t cs apply unsubscribe < >,camp_000093,2,campaign_representative,True,selected under max 1 per template cap
replacement_imc25_english_smish_02126,Smishing-Dataset-IMC25,reportsmishing/Smishing-Dataset-IMC25,raw_recovery_91k_pool,imc25_english_smish_02126,Don’t get your heart broken by SMishing scams. The IRS will never text you.,Don’t get your heart broken by SMishing scams. The IRS will never text you.,smishing_corpus_row,smishing,accepted,candidate,True,original_unredacted,cleaned_from_raw,replaced_from_91k_pool,Redacted-only gathered row replaced by raw-available smishing candidate from 91k pool.,replaced_with_raw_available_candidate,imc25_english_smish_02126,gathered_imc25_english_smish_15197,false,false,false,original_source=Smishing-Dataset-IMC25; scam_category=delivery; strict-clean approved gathered smishing row. | raw_recovery: source candidate imc25_english_smish_02126; source_url=https://github.com/reportsmishing/Smishing-Dataset-IMC25; scam_category=government,False,0,,pass_raw,Strict raw accepted after repair validation; original audit status=pass_raw; sms_likeness_status=likely_sms.,75,15,False,likely_sms,kept_strict_raw,True,,don t get your heart broken by smishing scams the irs will never text you,camp_000094,2,campaign_representative,True,selected under max 1 per template cap
strict_replacement_imc25_english_smish_02684,Smishing-Dataset-IMC25,reportsmishing/Smishing-Dataset-IMC25,strict_raw_replacement_91k_pool,imc25_english_smish_02684,Don’t let smishing get on the way. This is a shortcut for SMS Phishing,Don’t let smishing get on the way. This is a shortcut for SMS Phishing,smishing_corpus_row,smishing,accepted,candidate,True,original_unredacted,cleaned_from_raw,replaced_from_91k_pool,Placeholder/anonymized raw row replaced by strict raw-available smishing candidate from 91k pool.,replaced_with_raw_available_candidate,imc25_english_smish_02684,replacement_imc25_english_smish_02632,false,false,false,original_source=Smishing-Dataset-IMC25; scam_category=delivery; strict-clean approved gathered smishing row. | raw_recovery: source candidate imc25_english_smish_02632; source_url=https://github.com/reportsmishing/Smishing-Dataset-IMC25; scam_category=others,False,0,,pass_raw,Strict raw accepted after repair validation; original audit status=review_sms_likeness; sms_likeness_status=needs_review.,70,15,False,needs_review,replaced_with_strict_raw_candidate,True,,don t let smishing get on the way this is a shortcut for sms phishing,camp_000095,2,campaign_representative,True,selected under max 1 per template cap
replacement_hf_bengali_sms_smishing_english_smish_0327,Bengali SMS Smishing Dataset,shariul-islam/bengali-sms-smishing-dataset,raw_recovery_91k_pool,hf_bengali_sms_smishing_english_smish_0327,"Earn 30,000 taka by investing 10,000 taka! Call: +8801711011123","Earn 30,000 taka by investing 10,000 taka! Call: <PHONE>",smish,smishing,accepted,candidate,True,original_unredacted,cleaned_from_raw,replaced_from_91k_pool,Redacted-only gathered row replaced by raw-available smishing candidate from 91k pool.,replaced_with_raw_available_candidate,hf_bengali_sms_smishing_english_smish_0327,gathered_imc25_english_smish_03179,false,false,true,original_source=Smishing-Dataset-IMC25; scam_category=banking; strict-clean approved gathered smishing row. | raw_recovery: source candidate hf_bengali_sms_smishing_english_smish_0327; source_url=https://huggingface.co/datasets/shariul-islam/bengali-sms-smishing-dataset; scam_category=other,False,0,,pass_raw,Strict raw accepted after repair validation; original audit status=pass_raw; sms_likeness_status=likely_sms.,63,11,False,likely_sms,kept_strict_raw,True,,earn < > taka by investing < > taka call < >,camp_000096,2,campaign_representative,True,selected under max 1 per template cap
strict_replacement_imc25_english_smish_07190,Smishing-Dataset-IMC25,reportsmishing/Smishing-Dataset-IMC25,strict_raw_replacement_91k_pool,imc25_english_smish_07190,eflow:3.20 EUR for your travel and expenses due to 2023. Please pay immediately to avoid any charges.,eflow:3.20 EUR for your travel and expenses due to 2023. Please pay immediately to avoid any charges.,smishing_corpus_row,smishing,accepted,candidate,True,original_unredacted,cleaned_from_raw,replaced_from_91k_pool,Placeholder/anonymized raw row replaced by strict raw-available smishing candidate from 91k pool.,replaced_with_raw_available_candidate,imc25_english_smish_07190,replacement_imc25_english_smish_07350,false,false,false,original_source=Smishing-Dataset-IMC25; scam_category=government; strict-clean approved gathered smishing row. | raw_recovery: source candidate imc25_english_smish_07350; source_url=https://github.com/reportsmishing/Smishing-Dataset-IMC25; scam_category=delivery,False,0,,pass_raw,Strict raw accepted after repair validation; original audit status=pass_raw; sms_likeness_status=likely_sms.,101,19,False,likely_sms,replaced_with_strict_raw_candidate,True,,eflow < > eur for your travel and expenses due to < > please pay immediately to avoid any charges,camp_000097,2,campaign_representative,True,selected under max 1 per template cap
strict_replacement_ncsu_sms_phishing_016379,SMS Phishing Dataset,wspr-ncsu/sms-phishing,strict_raw_replacement_91k_pool,ncsu_sms_phishing_016379,"[email protected] / Notice / We did not find your address, please update it: http://fabrikaistanbul.com/","[email protected] / Notice / We did not find your address, please update it: <URL>",phishing_messages_row,smishing,accepted,candidate,True,original_unredacted,cleaned_from_raw,replaced_from_91k_pool,Placeholder/anonymized raw row replaced by strict raw-available smishing candidate from 91k pool.,replaced_with_raw_available_candidate,ncsu_sms_phishing_016379,replacement_imc25_english_smish_13409,false,false,false,original_source=Smishing-Dataset-IMC25; scam_category=banking; strict-clean approved gathered smishing row. | raw_recovery: source candidate imc25_english_smish_13409; source_url=https://github.com/reportsmishing/Smishing-Dataset-IMC25; scam_category=banking,False,0,,pass_raw,Strict raw accepted after repair validation; original audit status=pass_raw; sms_likeness_status=likely_sms.,104,15,False,likely_sms,replaced_with_strict_raw_candidate,True,,email protected notice we did not find your address please update it < >,camp_000098,2,campaign_representative,True,selected under max 1 per template cap
replacement_ncsu_sms_phishing_001688,SMS Phishing Dataset,wspr-ncsu/sms-phishing,raw_recovery_91k_pool,ncsu_sms_phishing_001688,[email protected] / Your Account Has Been Locked / CITI_SERVICE #50365: Your account access has been limited due to fraudulent activity. Please visit https://magazinehours.in/?open to unlock your account.,[email protected] / Your Account Has Been Locked / CITI_SERVICE #50365: Your account access has been limited due to fraudulent activity. Please visit <URL> to unlock your account.,phishing_messages_row,smishing,accepted,candidate,True,original_unredacted,cleaned_from_raw,replaced_from_91k_pool,Redacted-only gathered row replaced by raw-available smishing candidate from 91k pool.,replaced_with_raw_available_candidate,ncsu_sms_phishing_001688,gathered_imc25_english_smish_01321,true,false,false,original_source=Smishing-Dataset-IMC25; scam_category=others; strict-clean approved gathered smishing row. | raw_recovery: source candidate ncsu_sms_phishing_001688; source_url=https://github.com/wspr-ncsu/sms-phishing; scam_category=other,False,0,,pass_raw,Strict raw accepted after repair validation; original audit status=pass_raw; sms_likeness_status=likely_sms.,204,30,False,likely_sms,kept_strict_raw,True,,email protected your account has been locked citi service < > your account access has been limited due to fraudulent activity please visit < > to unlock your account,camp_000099,2,campaign_representative,True,selected under max 1 per template cap
strict_replacement_ncsu_sms_phishing_017797,SMS Phishing Dataset,wspr-ncsu/sms-phishing,strict_raw_replacement_91k_pool,ncsu_sms_phishing_017797,Enjoy PartyCasino with over 3.000 games and your exclusive welcome package top up! https://tx.vc/r/38c7j 18 T&Cs apply.Unsubscribe? https://tx.vc/r/2Aurl,Enjoy PartyCasino with over 3.000 games and your exclusive welcome package top up! <URL> 18 T&Cs apply.Unsubscribe? <URL>,phishing_messages_row,smishing,accepted,candidate,True,original_unredacted,cleaned_from_raw,replaced_from_91k_pool,Placeholder/anonymized raw row replaced by strict raw-available smishing candidate from 91k pool.,replaced_with_raw_available_candidate,ncsu_sms_phishing_017797,replacement_imc25_english_smish_17340,false,false,false,original_source=Smishing-Dataset-IMC25; scam_category=banking; strict-clean approved gathered smishing row. | raw_recovery: source candidate imc25_english_smish_17340; source_url=https://github.com/reportsmishing/Smishing-Dataset-IMC25; scam_category=others,False,0,,pass_raw,Strict raw accepted after repair validation; original audit status=pass_raw; sms_likeness_status=likely_sms.,153,29,False,likely_sms,replaced_with_strict_raw_candidate,True,,enjoy partycasino with over < > games and your exclusive welcome package top up < > 18 t cs apply unsubscribe < >,camp_000100,2,campaign_representative,True,selected under max 1 per template cap
replacement_ncsu_sms_phishing_017644,SMS Phishing Dataset,wspr-ncsu/sms-phishing,raw_recovery_91k_pool,ncsu_sms_phishing_017644,EVRI:/ Sorry: loca/l driver has returned to our depot. To arrange re or return visit: help-evri-depot.com[639],EVRI:/ Sorry: loca/l driver has returned to our depot. To arrange re or return visit: <URL>,phishing_messages_row,smishing,accepted,candidate,True,original_unredacted,cleaned_from_raw,replaced_from_91k_pool,Redacted-only gathered row replaced by raw-available smishing candidate from 91k pool.,replaced_with_raw_available_candidate,ncsu_sms_phishing_017644,gathered_imc25_english_smish_09830,true,false,false,original_source=Smishing-Dataset-IMC25; scam_category=banking; strict-clean approved gathered smishing row. | raw_recovery: source candidate ncsu_sms_phishing_017644; source_url=https://github.com/wspr-ncsu/sms-phishing; scam_category=other,False,0,,pass_raw,Strict raw accepted after repair validation; original audit status=pass_raw; sms_likeness_status=likely_sms.,110,21,False,likely_sms,kept_strict_raw,True,,evri sorry loca l driver has returned to our depot to arrange re or return visit < >,camp_000101,2,campaign_representative,True,selected under max 1 per template cap
replacement_imc25_english_smish_02986,Smishing-Dataset-IMC25,reportsmishing/Smishing-Dataset-IMC25,raw_recovery_91k_pool,imc25_english_smish_02986,FINAL REQUEST:DVLA Swansea have been trying to contact you Click below for more information.,FINAL REQUEST:DVLA Swansea have been trying to contact you Click below for more information.,smishing_corpus_row,smishing,accepted,candidate,True,original_unredacted,cleaned_from_raw,replaced_from_91k_pool,Redacted-only gathered row replaced by raw-available smishing candidate from 91k pool.,replaced_with_raw_available_candidate,imc25_english_smish_02986,gathered_imc25_english_smish_02547,false,false,false,original_source=Smishing-Dataset-IMC25; scam_category=banking; strict-clean approved gathered smishing row. | raw_recovery: source candidate imc25_english_smish_02986; source_url=https://github.com/reportsmishing/Smishing-Dataset-IMC25; scam_category=government,False,0,,pass_raw,Strict raw accepted after repair validation; original audit status=pass_raw; sms_likeness_status=likely_sms.,92,15,False,likely_sms,kept_strict_raw,True,,final request dvla swansea have been trying to contact you click below for more information,camp_000102,2,campaign_representative,True,selected under max 1 per template cap
replacement_imc25_english_smish_02598,Smishing-Dataset-IMC25,reportsmishing/Smishing-Dataset-IMC25,raw_recovery_91k_pool,imc25_english_smish_02598,Follow the above steps to recharge 550 rupees tell me after the recharge is complete I will teach you to activate the device and immediately get 1113.75 rupees and I will teach you to withdraw cash. After activating the device I will teach you to earn at least 5000+ rupees per day and you can withdraw money anytime,Follow the above steps to recharge 550 rupees tell me after the recharge is complete I will teach you to activate the device and immediately get 1113.75 rupees and I will teach you to withdraw cash. After activating the device I will teach you to earn at least 5000+ rupees per day and you can withdraw money anytime,smishing_corpus_row,smishing,accepted,candidate,True,original_unredacted,cleaned_from_raw,replaced_from_91k_pool,Redacted-only gathered row replaced by raw-available smishing candidate from 91k pool.,replaced_with_raw_available_candidate,imc25_english_smish_02598,gathered_imc25_english_smish_15280,false,false,false,original_source=Smishing-Dataset-IMC25; scam_category=delivery; strict-clean approved gathered smishing row. | raw_recovery: source candidate imc25_english_smish_02598; source_url=https://github.com/reportsmishing/Smishing-Dataset-IMC25; scam_category=spam,False,0,,pass_raw,Strict raw accepted after repair validation; original audit status=review_sms_likeness; sms_likeness_status=needs_review.,316,59,False,needs_review,kept_strict_raw,True,,follow the above steps to recharge < > rupees tell me after the recharge is complete i will teach you to activate the device and immediately get < > rupees and i will teach you to withdraw cash after activating the device i will teach you to earn at least < > rupees per day and you can withdraw money anytime,camp_000103,2,campaign_representative,True,selected under max 1 per template cap
replacement_ncsu_sms_phishing_000624,SMS Phishing Dataset,wspr-ncsu/sms-phishing,raw_recovery_91k_pool,ncsu_sms_phishing_000624,FROM BANK: Account is on hold confrim here within 5min :https://ko.gl/SaZyh,FROM BANK: Account is on hold confrim here within 5min :<URL>,phishing_messages_row,smishing,accepted,candidate,True,original_unredacted,cleaned_from_raw,replaced_from_91k_pool,Redacted-only gathered row replaced by raw-available smishing candidate from 91k pool.,replaced_with_raw_available_candidate,ncsu_sms_phishing_000624,gathered_imc25_english_smish_00567,true,false,false,original_source=Smishing-Dataset-IMC25; scam_category=spam; strict-clean approved gathered smishing row. | raw_recovery: source candidate ncsu_sms_phishing_000624; source_url=https://github.com/wspr-ncsu/sms-phishing; scam_category=other,False,0,,pass_raw,Strict raw accepted after repair validation; original audit status=pass_raw; sms_likeness_status=likely_sms.,75,14,False,likely_sms,kept_strict_raw,True,,from bank account is on hold confrim here within 5min < >,camp_000104,2,campaign_representative,True,selected under max 1 per template cap
replacement_imc25_english_smish_04573,Smishing-Dataset-IMC25,reportsmishing/Smishing-Dataset-IMC25,raw_recovery_91k_pool,imc25_english_smish_04573,Good News! Dear ... we were trying to reach you regarding an exciting HSBC Credit Card Offer. Please Reply with SMSCARD on ... to avail your offer and we will be glad to get in touch with you. You can also call us at ...,Good News! Dear ... we were trying to reach you regarding an exciting HSBC Credit Card Offer. Please Reply with SMSCARD on ... to avail your offer and we will be glad to get in touch with you. You can also call us at ...,smishing_corpus_row,smishing,accepted,candidate,True,original_unredacted,cleaned_from_raw,replaced_from_91k_pool,Redacted-only gathered row replaced by raw-available smishing candidate from 91k pool.,replaced_with_raw_available_candidate,imc25_english_smish_04573,gathered_imc25_english_smish_03387,false,false,false,original_source=Smishing-Dataset-IMC25; scam_category=banking; strict-clean approved gathered smishing row. | raw_recovery: source candidate imc25_english_smish_04573; source_url=https://github.com/reportsmishing/Smishing-Dataset-IMC25; scam_category=banking,False,0,,pass_raw,Strict raw accepted after repair validation; original audit status=pass_raw; sms_likeness_status=likely_sms.,220,42,False,likely_sms,kept_strict_raw,True,,good news dear we were trying to reach you regarding an exciting hsbc credit card offer please reply with smscard on to avail your offer and we will be glad to get in touch with you you can also call us at,camp_000105,2,campaign_representative,True,selected under max 1 per template cap
replacement_imc25_english_smish_11074,Smishing-Dataset-IMC25,reportsmishing/Smishing-Dataset-IMC25,raw_recovery_91k_pool,imc25_english_smish_11074,Good News..!! Your Loan Amount for Rs.70000.00 Is Successfully Approved Check Your Loan Status,Good News..!! Your Loan Amount for Rs.70000.00 Is Successfully Approved Check Your Loan Status,smishing_corpus_row,smishing,accepted,candidate,True,original_unredacted,cleaned_from_raw,replaced_from_91k_pool,Redacted-only gathered row replaced by raw-available smishing candidate from 91k pool.,replaced_with_raw_available_candidate,imc25_english_smish_11074,gathered_imc25_english_smish_16291,false,false,false,original_source=Smishing-Dataset-IMC25; scam_category=government; strict-clean approved gathered smishing row. | raw_recovery: source candidate imc25_english_smish_11074; source_url=https://github.com/reportsmishing/Smishing-Dataset-IMC25; scam_category=banking,False,0,,pass_raw,Strict raw accepted after repair validation; original audit status=review_sms_likeness; sms_likeness_status=needs_review.,94,16,False,needs_review,kept_strict_raw,True,,good news your loan amount for rs < > is successfully approved check your loan status,camp_000106,2,campaign_representative,True,selected under max 1 per template cap
gathered_smishx_smishing_0078,SmishX,Gathered approved smishing 7k,gathered_approved_smishing,smishx_smishing_0078,hello https://drpsnd.io/SiQPdG Reply STOP to stop,hello <URL> Reply STOP to stop,smishing,smishing,accepted,approved,True,original_unredacted,cleaned_from_raw,found_in_source_archive,Selected gathered final `message_raw` as the least-redacted available text.,kept_original_raw_available,,,false,false,false,original_source=SmishX; scam_category=other; strict-clean approved gathered smishing row.,False,0,,pass_raw,Strict raw accepted after repair validation; original audit status=pass_raw; sms_likeness_status=likely_sms.,49,9,False,likely_sms,kept_strict_raw,True,,hello < > reply stop to stop,camp_000107,2,campaign_representative,True,selected under max 1 per template cap
smishtank_1132,SmishTank,SmishTank Dataset / Smishing Dataset I,public_baseline,1132,"Hello, I'd love to use one of your picture to be the face of my artwork project and you will be getting credit for this and you will totally get paid for it","Hello, I'd love to use one of your picture to be the face of my artwork project and you will be getting credit for this and you will totally get paid for it",verified_smishing,smishing,accepted,accepted,True,original_unredacted,cleaned_from_raw,found_in_source_archive,Recovered source text from the original source archive using source_row_id.,,,,false,false,false,category=Advertisement; brand=; sender_type=; url=; domain=,False,0,,pass_raw,Strict raw accepted after repair validation; original audit status=pass_raw; sms_likeness_status=likely_sms.,156,34,False,likely_sms,kept_strict_raw,True,,hello i d love to use one of your picture to be the face of my artwork project and you will be getting credit for this and you will totally get paid for it,camp_000108,2,campaign_representative,True,selected under max 1 per template cap
replacement_imc25_english_smish_18814,Smishing-Dataset-IMC25,reportsmishing/Smishing-Dataset-IMC25,raw_recovery_91k_pool,imc25_english_smish_18814,"Hello, I'm sorry, I sent you a 6-digit code by SMS by mistake, can you pass it to me please? It is urgent...","Hello, I'm sorry, I sent you a 6-digit code by SMS by mistake, can you pass it to me please? It is urgent...",smishing_corpus_row,smishing,accepted,candidate,True,original_unredacted,cleaned_from_raw,replaced_from_91k_pool,Redacted-only gathered row replaced by raw-available smishing candidate from 91k pool.,replaced_with_raw_available_candidate,imc25_english_smish_18814,gathered_imc25_english_smish_13387,false,false,false,original_source=Smishing-Dataset-IMC25; scam_category=banking; strict-clean approved gathered smishing row. | raw_recovery: source candidate imc25_english_smish_18814; source_url=https://github.com/reportsmishing/Smishing-Dataset-IMC25; scam_category=others,False,0,,pass_raw,Strict raw accepted after repair validation; original audit status=pass_raw; sms_likeness_status=likely_sms.,108,25,False,likely_sms,kept_strict_raw,True,,hello i m sorry i sent you a 6 digit code by sms by mistake can you pass it to me please it is urgent,camp_000109,2,campaign_representative,True,selected under max 1 per template cap
strict_replacement_imc25_english_smish_03028,Smishing-Dataset-IMC25,reportsmishing/Smishing-Dataset-IMC25,strict_raw_replacement_91k_pool,imc25_english_smish_03028,Hello mate your FEDEX package with tracking code GB-6412-GH83 is waiting for you to set delivery preferences:,Hello mate your FEDEX package with tracking code GB-6412-GH83 is waiting for you to set delivery preferences:,smishing_corpus_row,smishing,accepted,candidate,True,original_unredacted,cleaned_from_raw,replaced_from_91k_pool,Placeholder/anonymized raw row replaced by strict raw-available smishing candidate from 91k pool.,replaced_with_raw_available_candidate,imc25_english_smish_03028,replacement_imc25_english_smish_03217,false,false,false,original_source=Smishing-Dataset-IMC25; scam_category=banking; strict-clean approved gathered smishing row. | raw_recovery: source candidate imc25_english_smish_03217; source_url=https://github.com/reportsmishing/Smishing-Dataset-IMC25; scam_category=banking,False,0,,pass_raw,Strict raw accepted after repair validation; original audit status=pass_raw; sms_likeness_status=likely_sms.,109,19,False,likely_sms,replaced_with_strict_raw_candidate,True,,hello mate your fedex package with tracking code gb < > gh83 is waiting for you to set delivery preferences,camp_000110,2,campaign_representative,True,selected under max 1 per template cap
strict_replacement_ncsu_sms_phishing_009327,SMS Phishing Dataset,wspr-ncsu/sms-phishing,strict_raw_replacement_91k_pool,ncsu_sms_phishing_009327,"Hello,Someone   tried   to   log   into   your   Instagram   account.   If   it   was   you,please   confirm   your   iden***y: Click   on   the   link   http://mbltext.com/owu   Instag","Hello,Someone tried to log into your Instagram account. If it was you,please confirm your iden***y: Click on the link <URL> Instag",phishing_messages_row,smishing,accepted,candidate,True,original_unredacted,cleaned_from_raw,replaced_from_91k_pool,Placeholder/anonymized raw row replaced by strict raw-available smishing candidate from 91k pool.,replaced_with_raw_available_candidate,ncsu_sms_phishing_009327,replacement_imc25_english_smish_08698,false,false,false,original_source=Smishing-Dataset-IMC25; scam_category=spam; strict-clean approved gathered smishing row. | raw_recovery: source candidate imc25_english_smish_08698; source_url=https://github.com/reportsmishing/Smishing-Dataset-IMC25; scam_category=banking,False,0,,pass_raw,Strict raw accepted after repair validation; original audit status=pass_raw; sms_likeness_status=likely_sms.,185,27,False,likely_sms,replaced_with_strict_raw_candidate,True,,hello someone tried to log into your instagram account if it was you please confirm your iden y click on the link < > instag,camp_000111,2,campaign_representative,True,selected under max 1 per template cap
strict_replacement_imc25_english_smish_06570,Smishing-Dataset-IMC25,reportsmishing/Smishing-Dataset-IMC25,strict_raw_replacement_91k_pool,imc25_english_smish_06570,Hello your credit union --- account has been placed on hold please verify your account follow https://continue1/,Hello your credit union --- account has been placed on hold please verify your account follow <URL>,smishing_corpus_row,smishing,accepted,candidate,True,original_unredacted,cleaned_from_raw,replaced_from_91k_pool,Placeholder/anonymized raw row replaced by strict raw-available smishing candidate from 91k pool.,kept_original_raw_available,imc25_english_smish_06570,gathered_imc25_english_smish_00130,false,false,false,original_source=Smishing-Dataset-IMC25; scam_category=delivery; strict-clean approved gathered smishing row.,False,0,,pass_raw,Strict raw accepted after repair validation; original audit status=pass_raw; sms_likeness_status=likely_sms.,112,17,False,likely_sms,replaced_with_strict_raw_candidate,True,,hello your credit union account has been placed on hold please verify your account follow < >,camp_000112,2,campaign_representative,True,selected under max 1 per template cap
smishtank_1135,SmishTank,SmishTank Dataset / Smishing Dataset I,public_baseline,1135,Hey Am an artist If you don't mind one of your picture could be my inspiring muse for an art project I'm working on for a client You will totally get paid for it as well as a bonus; you'll also get credits,Hey Am an artist If you don't mind one of your picture could be my inspiring muse for an art project I'm working on for a client You will totally get paid for it as well as a bonus; you'll also get credits,verified_smishing,smishing,accepted,accepted,True,original_unredacted,cleaned_from_raw,found_in_source_archive,Recovered source text from the original source archive using source_row_id.,,,,false,false,false,category=Other; brand=; sender_type=; url=; domain=,False,0,,pass_raw,Strict raw accepted after repair validation; original audit status=review_sms_likeness; sms_likeness_status=needs_review.,205,46,False,needs_review,kept_strict_raw,True,,hey am an artist if you don t mind one of your picture could be my inspiring muse for an art project i m working on for a client you will totally get paid for it as well as a bonus you ll also get credits,camp_000113,2,campaign_representative,True,selected under max 1 per template cap
smishtank_1139,SmishTank,SmishTank Dataset / Smishing Dataset I,public_baseline,1139,"Hey, I really like your profile and your posts, and if you let me, I would make such an amazing mural out of it! If you don't mind, one of your posts could be my inspiring muse for an art project I'm working on for a client. You will totally get paid for it as well as a bonus and also get credits. Kindly DM for more information.","Hey, I really like your profile and your posts, and if you let me, I would make such an amazing mural out of it! If you don't mind, one of your posts could be my inspiring muse for an art project I'm working on for a client. You will totally get paid for it as well as a bonus and also get credits. Kindly DM for more information.",verified_smishing,smishing,accepted,accepted,True,original_unredacted,cleaned_from_raw,found_in_source_archive,Recovered source text from the original source archive using source_row_id.,,,,false,false,false,category=Other; brand=; sender_type=; url=; domain=,False,0,,pass_raw,Strict raw accepted after repair validation; original audit status=review_too_long; sms_likeness_status=needs_review.,330,70,True,needs_review,kept_strict_raw,True,,hey i really like your profile and your posts and if you let me i would make such an amazing mural out of it if you don t mind one of your posts could be my inspiring muse for an art project i m working on for a client you will totally get paid for it as well as a bonus and also get credits kindly dm for more information,camp_000114,2,campaign_representative,True,selected under max 1 per template cap
smishtank_7,SmishTank,SmishTank Dataset / Smishing Dataset I,public_baseline,7,"Hi, are you who played golf together last time? I'm Lisa","Hi, are you who played golf together last time? I'm Lisa",verified_smishing,smishing,accepted,accepted,True,original_unredacted,cleaned_from_raw,found_in_source_archive,Recovered source text from the original source archive using source_row_id.,,,,false,false,false,category=Wrong Number/Romance Scam; brand=; sender_type=; url=; domain=,False,0,,pass_raw,Strict raw accepted after repair validation; original audit status=pass_raw; sms_likeness_status=likely_sms.,56,12,False,likely_sms,kept_strict_raw,True,,hi are you who played golf together last time i m lisa,camp_000115,2,campaign_representative,True,selected under max 1 per template cap
replacement_imc25_english_smish_09332,Smishing-Dataset-IMC25,reportsmishing/Smishing-Dataset-IMC25,raw_recovery_91k_pool,imc25_english_smish_09332,"Hi, being an esteemed policy holder of SBI Life, we are offering a discount of ₹ 5,000 on the next policy you buy with us. Please click here to avail the benefit","Hi, being an esteemed policy holder of SBI Life, we are offering a discount of ₹ 5,000 on the next policy you buy with us. Please click here to avail the benefit",smishing_corpus_row,smishing,accepted,candidate,True,original_unredacted,cleaned_from_raw,replaced_from_91k_pool,Redacted-only gathered row replaced by raw-available smishing candidate from 91k pool.,replaced_with_raw_available_candidate,imc25_english_smish_09332,gathered_imc25_english_smish_07680,false,false,false,original_source=Smishing-Dataset-IMC25; scam_category=spam; strict-clean approved gathered smishing row. | raw_recovery: source candidate imc25_english_smish_09332; source_url=https://github.com/reportsmishing/Smishing-Dataset-IMC25; scam_category=banking,False,0,,pass_raw,Strict raw accepted after repair validation; original audit status=pass_raw; sms_likeness_status=likely_sms.,161,32,False,likely_sms,kept_strict_raw,True,,hi being an esteemed policy holder of sbi life we are offering a discount of < > on the next policy you buy with us please click here to avail the benefit,camp_000116,2,campaign_representative,True,selected under max 1 per template cap
replacement_imc25_english_smish_02416,Smishing-Dataset-IMC25,reportsmishing/Smishing-Dataset-IMC25,raw_recovery_91k_pool,imc25_english_smish_02416,Hi Madam/Sir you will receive a free random bonus of 8 to 188💸. Please send a message to the following account to claim it!❤️❤️,Hi Madam/Sir you will receive a free random bonus of 8 to 188💸. Please send a message to the following account to claim it!❤️❤️,smishing_corpus_row,smishing,accepted,candidate,True,original_unredacted,cleaned_from_raw,replaced_from_91k_pool,Redacted-only gathered row replaced by raw-available smishing candidate from 91k pool.,replaced_with_raw_available_candidate,imc25_english_smish_02416,gathered_imc25_english_smish_02244,false,false,false,original_source=Smishing-Dataset-IMC25; scam_category=banking; strict-clean approved gathered smishing row. | raw_recovery: source candidate imc25_english_smish_02416; source_url=https://github.com/reportsmishing/Smishing-Dataset-IMC25; scam_category=spam,False,0,,pass_raw,Strict raw accepted after repair validation; original audit status=pass_raw; sms_likeness_status=likely_sms.,127,25,False,likely_sms,kept_strict_raw,True,,hi madam sir you will receive a free random bonus of 8 to < > please send a message to the following account to claim it,camp_000117,2,campaign_representative,True,selected under max 1 per template cap
replacement_imc25_english_smish_09641,Smishing-Dataset-IMC25,reportsmishing/Smishing-Dataset-IMC25,raw_recovery_91k_pool,imc25_english_smish_09641,"Hi, Your account can be credited with Rs.76282/- on successful verification","Hi, Your account can be credited with Rs.76282/- on successful verification",smishing_corpus_row,smishing,accepted,candidate,True,original_unredacted,cleaned_from_raw,replaced_from_91k_pool,Redacted-only gathered row replaced by raw-available smishing candidate from 91k pool.,replaced_with_raw_available_candidate,imc25_english_smish_09641,gathered_imc25_english_smish_07901,false,false,false,original_source=Smishing-Dataset-IMC25; scam_category=others; strict-clean approved gathered smishing row. | raw_recovery: source candidate imc25_english_smish_09641; source_url=https://github.com/reportsmishing/Smishing-Dataset-IMC25; scam_category=banking,False,0,,pass_raw,Strict raw accepted after repair validation; original audit status=pass_raw; sms_likeness_status=likely_sms.,75,12,False,likely_sms,kept_strict_raw,True,,hi your account can be credited with rs < > on successful verification,camp_000118,2,campaign_representative,True,selected under max 1 per template cap
replacement_imc25_english_smish_17270,Smishing-Dataset-IMC25,reportsmishing/Smishing-Dataset-IMC25,raw_recovery_91k_pool,imc25_english_smish_17270,"i kidnap your daughter, if you want your daughter safe. bank in $5000 now
DON'T REPORT POLICE, U REPORT I WILL KILL HER.","i kidnap your daughter, if you want your daughter safe. bank in <AMOUNT> now DON'T REPORT POLICE, U REPORT I WILL KILL HER.",smishing_corpus_row,smishing,accepted,candidate,True,original_unredacted,cleaned_from_raw,replaced_from_91k_pool,Redacted-only gathered row replaced by raw-available smishing candidate from 91k pool.,replaced_with_raw_available_candidate,imc25_english_smish_17270,gathered_imc25_english_smish_12093,false,false,false,original_source=Smishing-Dataset-IMC25; scam_category=banking; strict-clean approved gathered smishing row. | raw_recovery: source candidate imc25_english_smish_17270; source_url=https://github.com/reportsmishing/Smishing-Dataset-IMC25; scam_category=others,False,0,,pass_raw,Strict raw accepted after repair validation; original audit status=pass_raw; sms_likeness_status=likely_sms.,120,24,False,likely_sms,kept_strict_raw,True,,i kidnap your daughter if you want your daughter safe bank in < > now don t report police u report i will kill her,camp_000119,2,campaign_representative,True,selected under max 1 per template cap
smishtank_1145,SmishTank,SmishTank Dataset / Smishing Dataset I,public_baseline,1145,"I love your Instagram profile and if you let me, I would like to use one of your pictures on an art project I'm working on. You'll get paid for it.","I love your Instagram profile and if you let me, I would like to use one of your pictures on an art project I'm working on. You'll get paid for it.",verified_smishing,smishing,accepted,accepted,True,original_unredacted,cleaned_from_raw,found_in_source_archive,Recovered source text from the original source archive using source_row_id.,,,,false,false,false,category=Wrong Number/Romance Scam; brand=Instagram; sender_type=; url=; domain=,False,0,,pass_raw,Strict raw accepted after repair validation; original audit status=review_sms_likeness; sms_likeness_status=needs_review.,147,33,False,needs_review,kept_strict_raw,True,,i love your instagram profile and if you let me i would like to use one of your pictures on an art project i m working on you ll get paid for it,camp_000120,2,campaign_representative,True,selected under max 1 per template cap
strict_replacement_imc25_english_smish_06275,Smishing-Dataset-IMC25,reportsmishing/Smishing-Dataset-IMC25,strict_raw_replacement_91k_pool,imc25_english_smish_06275,I'm at Woolworths and brought the wrong card with me! Can you please urgently send me $700 I will pay you back when I get home. BSB: 670-ACC: 1857,I'm at Woolworths and brought the wrong card with me! Can you please urgently send me <AMOUNT> I will pay you back when I get home. BSB: 670-ACC: 1857,smishing_corpus_row,smishing,accepted,candidate,True,original_unredacted,cleaned_from_raw,replaced_from_91k_pool,Placeholder/anonymized raw row replaced by strict raw-available smishing candidate from 91k pool.,replaced_with_raw_available_candidate,imc25_english_smish_06275,replacement_imc25_english_smish_07122,false,false,false,original_source=Smishing-Dataset-IMC25; scam_category=banking; strict-clean approved gathered smishing row. | raw_recovery: source candidate imc25_english_smish_07122; source_url=https://github.com/reportsmishing/Smishing-Dataset-IMC25; scam_category=banking,False,0,,pass_raw,Strict raw accepted after repair validation; original audit status=pass_raw; sms_likeness_status=likely_sms.,146,31,False,likely_sms,replaced_with_strict_raw_candidate,True,,i m at woolworths and brought the wrong card with me can you please urgently send me < > i will pay you back when i get home bsb < > acc < >,camp_000121,2,campaign_representative,True,selected under max 1 per template cap
replacement_imc25_english_smish_00215,Smishing-Dataset-IMC25,reportsmishing/Smishing-Dataset-IMC25,raw_recovery_91k_pool,imc25_english_smish_00215,i'm really sorry if i'm wasting ur time i just want to ask u for a small help if u don't mind i need this free xbox game pass code from discord gifts if u don't need it 💕,i'm really sorry if i'm wasting ur time i just want to ask u for a small help if u don't mind i need this free xbox game pass code from discord gifts if u don't need it 💕,smishing_corpus_row,smishing,accepted,candidate,True,original_unredacted,cleaned_from_raw,replaced_from_91k_pool,Redacted-only gathered row replaced by raw-available smishing candidate from 91k pool.,replaced_with_raw_available_candidate,imc25_english_smish_00215,gathered_imc25_english_smish_01015,false,false,false,original_source=Smishing-Dataset-IMC25; scam_category=government; strict-clean approved gathered smishing row. | raw_recovery: source candidate imc25_english_smish_00215; source_url=https://github.com/reportsmishing/Smishing-Dataset-IMC25; scam_category=others,False,0,,pass_raw,Strict raw accepted after repair validation; original audit status=pass_raw; sms_likeness_status=likely_sms.,170,42,False,likely_sms,kept_strict_raw,True,,i m really sorry if i m wasting ur time i just want to ask u for a small help if u don t mind i need this free xbox game pass code < > discord gifts if u don t need it,camp_000122,2,campaign_representative,True,selected under max 1 per template cap
replacement_imc25_english_smish_00063,Smishing-Dataset-IMC25,reportsmishing/Smishing-Dataset-IMC25,raw_recovery_91k_pool,imc25_english_smish_00063,"[ I.R.S ] You will receive a tax refund of $573.00, but cannot process it due to incomplete personal information. Please confirm your information in the link.","[ I.R.S ] You will receive a tax refund of <AMOUNT>, but cannot process it due to incomplete personal information. Please confirm your information in the link.",smishing_corpus_row,smishing,accepted,candidate,True,original_unredacted,cleaned_from_raw,replaced_from_91k_pool,Redacted-only gathered row replaced by raw-available smishing candidate from 91k pool.,replaced_with_raw_available_candidate,imc25_english_smish_00063,gathered_imc25_english_smish_00883,false,false,false,original_source=Smishing-Dataset-IMC25; scam_category=delivery; strict-clean approved gathered smishing row. | raw_recovery: source candidate imc25_english_smish_00063; source_url=https://github.com/reportsmishing/Smishing-Dataset-IMC25; scam_category=government,False,0,,pass_raw,Strict raw accepted after repair validation; original audit status=pass_raw; sms_likeness_status=likely_sms.,158,28,False,likely_sms,kept_strict_raw,True,,i r s you will receive a tax refund of < > but cannot process it due to incomplete personal information please confirm your information in the link,camp_000123,2,campaign_representative,True,selected under max 1 per template cap
strict_replacement_ncsu_sms_phishing_003775,SMS Phishing Dataset,wspr-ncsu/sms-phishing,strict_raw_replacement_91k_pool,ncsu_sms_phishing_003775,"Idaho Central Credit Union: Immediate action required on your account,https://secuade124mead.com to regain access.","Idaho Central Credit Union: Immediate action required on your account,<URL> to regain access.",phishing_messages_row,smishing,accepted,candidate,True,original_unredacted,cleaned_from_raw,replaced_from_91k_pool,Placeholder/anonymized raw row replaced by strict raw-available smishing candidate from 91k pool.,replaced_with_raw_available_candidate,ncsu_sms_phishing_003775,replacement_imc25_english_smish_04632,false,false,false,original_source=Smishing-Dataset-IMC25; scam_category=banking; strict-clean approved gathered smishing row. | raw_recovery: source candidate imc25_english_smish_04632; source_url=https://github.com/reportsmishing/Smishing-Dataset-IMC25; scam_category=delivery,False,0,,pass_raw,Strict raw accepted after repair validation; original audit status=pass_raw; sms_likeness_status=likely_sms.,114,16,False,likely_sms,replaced_with_strict_raw_candidate,True,,idaho central credit union immediate action required on your account < > to regain access,camp_000124,2,campaign_representative,True,selected under max 1 per template cap
strict_replacement_imc25_english_smish_15954,Smishing-Dataset-IMC25,reportsmishing/Smishing-Dataset-IMC25,strict_raw_replacement_91k_pool,imc25_english_smish_15954,"Important Alert! Dear the Incometax_Department requires you to click the link below to submit a formal request for the payment of your unclaimed and overdue tax-refund of 19,150INR.","Important Alert! Dear the Incometax_Department requires you to click the link below to submit a formal request for the payment of your unclaimed and overdue tax-refund of 19,150INR.",smishing_corpus_row,smishing,accepted,candidate,True,original_unredacted,cleaned_from_raw,replaced_from_91k_pool,Placeholder/anonymized raw row replaced by strict raw-available smishing candidate from 91k pool.,replaced_with_raw_available_candidate,imc25_english_smish_15954,replacement_imc25_english_smish_15969,false,false,false,original_source=Smishing-Dataset-IMC25; scam_category=banking; strict-clean approved gathered smishing row. | raw_recovery: source candidate imc25_english_smish_15969; source_url=https://github.com/reportsmishing/Smishing-Dataset-IMC25; scam_category=government,False,0,,pass_raw,Strict raw accepted after repair validation; original audit status=pass_raw; sms_likeness_status=likely_sms.,181,31,False,likely_sms,replaced_with_strict_raw_candidate,True,,important alert dear the incometax department requires you to click the link below to submit a formal request for the payment of your unclaimed and overdue tax refund of 19 150inr,camp_000125,2,campaign_representative,True,selected under max 1 per template cap
strict_replacement_ncsu_sms_phishing_009326,SMS Phishing Dataset,wspr-ncsu/sms-phishing,strict_raw_replacement_91k_pool,ncsu_sms_phishing_009326,"Instagram Hello,Someone tried to log into your Instagram account. If it was you,please confirm your iden***y: Click on the link http://mbltext.com/ow","Instagram Hello,Someone tried to log into your Instagram account. If it was you,please confirm your iden***y: Click on the link <URL>",phishing_messages_row,smishing,accepted,candidate,True,original_unredacted,cleaned_from_raw,replaced_from_91k_pool,Placeholder/anonymized raw row replaced by strict raw-available smishing candidate from 91k pool.,replaced_with_raw_available_candidate,ncsu_sms_phishing_009326,replacement_imc25_english_smish_08683,false,false,false,original_source=Smishing-Dataset-IMC25; scam_category=spam; strict-clean approved gathered smishing row. | raw_recovery: source candidate imc25_english_smish_08683; source_url=https://github.com/reportsmishing/Smishing-Dataset-IMC25; scam_category=banking,False,0,,pass_raw,Strict raw accepted after repair validation; original audit status=pass_raw; sms_likeness_status=likely_sms.,149,27,False,likely_sms,replaced_with_strict_raw_candidate,True,,instagram hello someone tried to log into your instagram account if it was you please confirm your iden y click on the link < >,camp_000126,2,campaign_representative,True,selected under max 1 per template cap
replacement_ncsu_sms_phishing_035970,SMS Phishing Dataset,wspr-ncsu/sms-phishing,raw_recovery_91k_pool,ncsu_sms_phishing_035970,"L0gin { www.usdtkerc.com }You Login code: 05228 Total: 3,982,615.","L0gin { <URL> }You Login code: <OTP> Total: 3,982,615.",phishing_messages_row,smishing,accepted,candidate,True,original_unredacted,cleaned_from_raw,replaced_from_91k_pool,Redacted-only gathered row replaced by raw-available smishing candidate from 91k pool.,replaced_with_raw_available_candidate,ncsu_sms_phishing_035970,gathered_imc25_english_smish_11171,true,false,false,original_source=Smishing-Dataset-IMC25; scam_category=banking; strict-clean approved gathered smishing row. | raw_recovery: source candidate ncsu_sms_phishing_035970; source_url=https://github.com/wspr-ncsu/sms-phishing; scam_category=other,False,0,,pass_raw,Strict raw accepted after repair validation; original audit status=pass_raw; sms_likeness_status=likely_sms.,65,12,False,likely_sms,kept_strict_raw,True,,l0gin < > you login code < > total < >,camp_000127,2,campaign_representative,True,selected under max 1 per template cap
replacement_imc25_english_smish_02486,Smishing-Dataset-IMC25,reportsmishing/Smishing-Dataset-IMC25,raw_recovery_91k_pool,imc25_english_smish_02486,Lily see the message and reply me Why are you so busy all the time don't you rest at night? 🍷😆:),Lily see the message and reply me Why are you so busy all the time don't you rest at night? 🍷😆:),smishing_corpus_row,smishing,accepted,candidate,True,original_unredacted,cleaned_from_raw,replaced_from_91k_pool,Redacted-only gathered row replaced by raw-available smishing candidate from 91k pool.,replaced_with_raw_available_candidate,imc25_english_smish_02486,gathered_imc25_english_smish_15265,false,false,false,original_source=Smishing-Dataset-IMC25; scam_category=delivery; strict-clean approved gathered smishing row. | raw_recovery: source candidate imc25_english_smish_02486; source_url=https://github.com/reportsmishing/Smishing-Dataset-IMC25; scam_category=wrong number,False,0,,pass_raw,Strict raw accepted after repair validation; original audit status=pass_raw; sms_likeness_status=likely_sms.,96,21,False,likely_sms,kept_strict_raw,True,,lily see the message and reply me why are you so busy all the time don t you rest at night,camp_000128,2,campaign_representative,True,selected under max 1 per template cap
replacement_imc25_english_smish_00077,Smishing-Dataset-IMC25,reportsmishing/Smishing-Dataset-IMC25,raw_recovery_91k_pool,imc25_english_smish_00077,"Look who died, in an accident I think you know him so sorry...","Look who died, in an accident I think you know him so sorry...",smishing_corpus_row,smishing,accepted,candidate,True,original_unredacted,cleaned_from_raw,replaced_from_91k_pool,Redacted-only gathered row replaced by raw-available smishing candidate from 91k pool.,replaced_with_raw_available_candidate,imc25_english_smish_00077,gathered_imc25_english_smish_14698,false,false,false,original_source=Smishing-Dataset-IMC25; scam_category=banking; strict-clean approved gathered smishing row. | raw_recovery: source candidate imc25_english_smish_00077; source_url=https://github.com/reportsmishing/Smishing-Dataset-IMC25; scam_category=others,False,0,,pass_raw,Strict raw accepted after repair validation; original audit status=review_sms_likeness; sms_likeness_status=needs_review.,62,13,False,needs_review,kept_strict_raw,True,,look who died in an accident i think you know him so sorry,camp_000129,2,campaign_representative,True,selected under max 1 per template cap
replacement_ncsu_sms_phishing_003178,SMS Phishing Dataset,wspr-ncsu/sms-phishing,raw_recovery_91k_pool,ncsu_sms_phishing_003178,"[M&T]:Your one time passcode is 731194. If you did not request this code, visit and validate steps as follows at: secured-mtb3online.com.","[M&T]:Your one time passcode is 731194. If you did not request this code, visit and validate steps as follows at: <URL>",phishing_messages_row,smishing,accepted,candidate,True,original_unredacted,cleaned_from_raw,replaced_from_91k_pool,Redacted-only gathered row replaced by raw-available smishing candidate from 91k pool.,replaced_with_raw_available_candidate,ncsu_sms_phishing_003178,gathered_imc25_english_smish_02976,true,false,false,original_source=Smishing-Dataset-IMC25; scam_category=banking; strict-clean approved gathered smishing row. | raw_recovery: source candidate ncsu_sms_phishing_003178; source_url=https://github.com/wspr-ncsu/sms-phishing; scam_category=other,False,0,,pass_raw,Strict raw accepted after repair validation; original audit status=pass_raw; sms_likeness_status=likely_sms.,137,25,False,likely_sms,kept_strict_raw,True,,m t your one time passcode is < > if you did not request this code visit and validate steps as follows at < >,camp_000130,2,campaign_representative,True,selected under max 1 per template cap
replacement_imc25_english_smish_03163,Smishing-Dataset-IMC25,reportsmishing/Smishing-Dataset-IMC25,raw_recovery_91k_pool,imc25_english_smish_03163,Msg text for Hi mum/ Hi dad / Number ❤️ #Feedback from customer !! Guaranteed delivery. No blockage. Can send 200k per day ! If your text is containing numbers instead of links !!,Msg text for Hi mum/ Hi dad / Number ❤️ #Feedback from customer !! Guaranteed delivery. No blockage. Can send 200k per day! If your text is containing numbers instead of links !!,smishing_corpus_row,smishing,accepted,candidate,True,original_unredacted,cleaned_from_raw,replaced_from_91k_pool,Redacted-only gathered row replaced by raw-available smishing candidate from 91k pool.,replaced_with_raw_available_candidate,imc25_english_smish_03163,gathered_imc25_english_smish_02659,false,false,false,original_source=Smishing-Dataset-IMC25; scam_category=banking; strict-clean approved gathered smishing row. | raw_recovery: source candidate imc25_english_smish_03163; source_url=https://github.com/reportsmishing/Smishing-Dataset-IMC25; scam_category=spam,False,0,,pass_raw,Strict raw accepted after repair validation; original audit status=pass_raw; sms_likeness_status=likely_sms.,179,29,False,likely_sms,kept_strict_raw,True,,msg text for hi mum hi dad number feedback from customer guaranteed delivery no blockage can send 200k per day if your text is containing numbers instead of links,camp_000131,2,campaign_representative,True,selected under max 1 per template cap
replacement_ncsu_sms_phishing_014972,SMS Phishing Dataset,wspr-ncsu/sms-phishing,raw_recovery_91k_pool,ncsu_sms_phishing_014972,Open Receivesms.cc We have attempted to deliver your package But there is an unpaid customs charge. Follow the instructions here https://bit.do/package-il (C)2022DhI Ex,Open Receivesms.cc We have attempted to deliver your package But there is an unpaid customs charge. Follow the instructions here <URL> (C)2022DhI Ex,phishing_messages_row,smishing,accepted,candidate,True,original_unredacted,cleaned_from_raw,replaced_from_91k_pool,Redacted-only gathered row replaced by raw-available smishing candidate from 91k pool.,replaced_with_raw_available_candidate,ncsu_sms_phishing_014972,gathered_imc25_english_smish_08890,true,false,false,original_source=Smishing-Dataset-IMC25; scam_category=banking; strict-clean approved gathered smishing row. | raw_recovery: source candidate ncsu_sms_phishing_014972; source_url=https://github.com/wspr-ncsu/sms-phishing; scam_category=other,False,0,,pass_raw,Strict raw accepted after repair validation; original audit status=pass_raw; sms_likeness_status=likely_sms.,168,29,False,likely_sms,kept_strict_raw,True,,open receivesms cc we have attempted to deliver your package but there is an unpaid customs charge follow the instructions here < > c 2022dhi ex,camp_000132,2,campaign_representative,True,selected under max 1 per template cap
replacement_ncsu_sms_phishing_003354,SMS Phishing Dataset,wspr-ncsu/sms-phishing,raw_recovery_91k_pool,ncsu_sms_phishing_003354,Optus: We have had a problem with your current payment information. Please visit opt-support.com to avoid a restriction of your service.,Optus: We have had a problem with your current payment information. Please visit <URL> to avoid a restriction of your service.,phishing_messages_row,smishing,accepted,candidate,True,original_unredacted,cleaned_from_raw,replaced_from_91k_pool,Redacted-only gathered row replaced by raw-available smishing candidate from 91k pool.,replaced_with_raw_available_candidate,ncsu_sms_phishing_003354,gathered_imc25_english_smish_03131,true,false,false,original_source=Smishing-Dataset-IMC25; scam_category=government; strict-clean approved gathered smishing row. | raw_recovery: source candidate ncsu_sms_phishing_003354; source_url=https://github.com/wspr-ncsu/sms-phishing; scam_category=other,False,0,,pass_raw,Strict raw accepted after repair validation; original audit status=pass_raw; sms_likeness_status=likely_sms.,136,23,False,likely_sms,kept_strict_raw,True,,optus we have had a problem with your current payment information please visit < > to avoid a restriction of your service,camp_000133,2,campaign_representative,True,selected under max 1 per template cap
replacement_ncsu_sms_phishing_015744,SMS Phishing Dataset,wspr-ncsu/sms-phishing,raw_recovery_91k_pool,ncsu_sms_phishing_015744,"Order No#100004765 is still in our distribution warehouse, we need a delivery confirmation at the link: tt.vg/AusPost[141]","Order No#<PHONE> is still in our distribution warehouse, we need a delivery confirmation at the link: tt.vg/AusPost[141]",phishing_messages_row,smishing,accepted,candidate,True,original_unredacted,cleaned_from_raw,replaced_from_91k_pool,Redacted-only gathered row replaced by raw-available smishing candidate from 91k pool.,replaced_with_raw_available_candidate,ncsu_sms_phishing_015744,gathered_imc25_english_smish_09087,false,false,true,original_source=Smishing-Dataset-IMC25; scam_category=banking; strict-clean approved gathered smishing row. | raw_recovery: source candidate ncsu_sms_phishing_015744; source_url=https://github.com/wspr-ncsu/sms-phishing; scam_category=other,False,0,,pass_raw,Strict raw accepted after repair validation; original audit status=pass_raw; sms_likeness_status=likely_sms.,122,21,False,likely_sms,kept_strict_raw,True,,order no < > is still in our distribution warehouse we need a delivery confirmation at the link tt vg auspost < >,camp_000134,2,campaign_representative,True,selected under max 1 per template cap
replacement_ncsu_sms_phishing_017696,SMS Phishing Dataset,wspr-ncsu/sms-phishing,raw_recovery_91k_pool,ncsu_sms_phishing_017696,Our system indicates that you are eligible for this payment. Please submit a claim as soon as possible for your 14303.88 AUD refund here; jmxl.info/MyGoV381.,Our system indicates that you are eligible for this payment. Please submit a claim as soon as possible for your 14303.88 AUD refund here; <URL>,phishing_messages_row,smishing,accepted,candidate,True,original_unredacted,cleaned_from_raw,replaced_from_91k_pool,Redacted-only gathered row replaced by raw-available smishing candidate from 91k pool.,replaced_with_raw_available_candidate,ncsu_sms_phishing_017696,gathered_imc25_english_smish_09861,true,false,false,original_source=Smishing-Dataset-IMC25; scam_category=banking; strict-clean approved gathered smishing row. | raw_recovery: source candidate ncsu_sms_phishing_017696; source_url=https://github.com/wspr-ncsu/sms-phishing; scam_category=other,False,0,,pass_raw,Strict raw accepted after repair validation; original audit status=pass_raw; sms_likeness_status=likely_sms.,157,28,False,likely_sms,kept_strict_raw,True,,our system indicates that you are eligible for this payment please submit a claim as soon as possible for your < > aud refund here jmxl info mygov381,camp_000135,2,campaign_representative,True,selected under max 1 per template cap
strict_replacement_ncsu_sms_phishing_015747,SMS Phishing Dataset,wspr-ncsu/sms-phishing,strict_raw_replacement_91k_pool,ncsu_sms_phishing_015747,"Pack. No#100004765 is still in our distribution warehouse, we need a delivery confirmation at the link tt.vg/AusPost","Pack. No#<PHONE> is still in our distribution warehouse, we need a delivery confirmation at the link tt.vg/AusPost",phishing_messages_row,smishing,accepted,candidate,True,original_unredacted,cleaned_from_raw,replaced_from_91k_pool,Placeholder/anonymized raw row replaced by strict raw-available smishing candidate from 91k pool.,replaced_with_raw_available_candidate,ncsu_sms_phishing_015747,replacement_imc25_english_smish_12454,false,false,false,original_source=Smishing-Dataset-IMC25; scam_category=banking; strict-clean approved gathered smishing row. | raw_recovery: source candidate imc25_english_smish_12454; source_url=https://github.com/reportsmishing/Smishing-Dataset-IMC25; scam_category=banking,False,0,,pass_raw,Strict raw accepted after repair validation; original audit status=pass_raw; sms_likeness_status=likely_sms.,116,20,False,likely_sms,replaced_with_strict_raw_candidate,True,,pack no < > is still in our distribution warehouse we need a delivery confirmation at the link tt vg auspost,camp_000136,2,campaign_representative,True,selected under max 1 per template cap
strict_replacement_ncsu_sms_phishing_007935,SMS Phishing Dataset,wspr-ncsu/sms-phishing,strict_raw_replacement_91k_pool,ncsu_sms_phishing_007935,Parcel tip: Your package information is incomplete and cannot be delivered. Please complete your package information:http://us.2au.link,Parcel tip: Your package information is incomplete and cannot be delivered. Please complete your package information:<URL>,phishing_messages_row,smishing,accepted,candidate,True,original_unredacted,cleaned_from_raw,replaced_from_91k_pool,Placeholder/anonymized raw row replaced by strict raw-available smishing candidate from 91k pool.,replaced_with_raw_available_candidate,ncsu_sms_phishing_007935,replacement_imc25_english_smish_07508,false,false,false,original_source=Smishing-Dataset-IMC25; scam_category=others; strict-clean approved gathered smishing row. | raw_recovery: source candidate imc25_english_smish_07508; source_url=https://github.com/reportsmishing/Smishing-Dataset-IMC25; scam_category=banking,False,0,,pass_raw,Strict raw accepted after repair validation; original audit status=pass_raw; sms_likeness_status=likely_sms.,135,20,False,likely_sms,replaced_with_strict_raw_candidate,True,,parcel tip your package information is incomplete and cannot be delivered please complete your package information < >,camp_000137,2,campaign_representative,True,selected under max 1 per template cap
strict_replacement_imc25_english_smish_11399,Smishing-Dataset-IMC25,reportsmishing/Smishing-Dataset-IMC25,strict_raw_replacement_91k_pool,imc25_english_smish_11399,"PayPal! We've permanently limited your account, please click link below to verify","PayPal! We've permanently limited your account, please click link below to verify",smishing_corpus_row,smishing,accepted,candidate,True,original_unredacted,cleaned_from_raw,replaced_from_91k_pool,Placeholder/anonymized raw row replaced by strict raw-available smishing candidate from 91k pool.,replaced_with_raw_available_candidate,imc25_english_smish_11399,replacement_imc25_english_smish_11561,false,false,false,original_source=Smishing-Dataset-IMC25; scam_category=banking; strict-clean approved gathered smishing row. | raw_recovery: source candidate imc25_english_smish_11561; source_url=https://github.com/reportsmishing/Smishing-Dataset-IMC25; scam_category=banking,False,0,,pass_raw,Strict raw accepted after repair validation; original audit status=pass_raw; sms_likeness_status=likely_sms.,81,13,False,likely_sms,replaced_with_strict_raw_candidate,True,,paypal we ve permanently limited your account please click link below to verify,camp_000138,2,campaign_representative,True,selected under max 1 per template cap
strict_replacement_imc25_english_smish_18540,Smishing-Dataset-IMC25,reportsmishing/Smishing-Dataset-IMC25,strict_raw_replacement_91k_pool,imc25_english_smish_18540,Please click below to claim your prize!!!!!,Please click below to claim your prize!!!!!,smishing_corpus_row,smishing,accepted,candidate,True,original_unredacted,cleaned_from_raw,replaced_from_91k_pool,Placeholder/anonymized raw row replaced by strict raw-available smishing candidate from 91k pool.,replaced_with_raw_available_candidate,imc25_english_smish_18540,replacement_imc25_english_smish_18611,false,false,false,original_source=Smishing-Dataset-IMC25; scam_category=banking; strict-clean approved gathered smishing row. | raw_recovery: source candidate imc25_english_smish_18611; source_url=https://github.com/reportsmishing/Smishing-Dataset-IMC25; scam_category=others,False,0,,pass_raw,Strict raw accepted after repair validation; original audit status=pass_raw; sms_likeness_status=likely_sms.,43,7,False,likely_sms,replaced_with_strict_raw_candidate,True,,please click below to claim your prize,camp_000139,2,campaign_representative,True,selected under max 1 per template cap
replacement_imc25_english_smish_03623,Smishing-Dataset-IMC25,reportsmishing/Smishing-Dataset-IMC25,raw_recovery_91k_pool,imc25_english_smish_03623,Please enter this One Time PIN to log onto your Safaricom World account. DO NOT SHARE THIS PIN.,Please enter this One Time PIN to log onto your Safaricom World account. DO NOT SHARE THIS PIN.,smishing_corpus_row,smishing,accepted,candidate,True,original_unredacted,cleaned_from_raw,replaced_from_91k_pool,Redacted-only gathered row replaced by raw-available smishing candidate from 91k pool.,replaced_with_raw_available_candidate,imc25_english_smish_03623,gathered_imc25_english_smish_02820,false,false,false,original_source=Smishing-Dataset-IMC25; scam_category=banking; strict-clean approved gathered smishing row. | raw_recovery: source candidate imc25_english_smish_03623; source_url=https://github.com/reportsmishing/Smishing-Dataset-IMC25; scam_category=telecom,False,0,,pass_raw,Strict raw accepted after repair validation; original audit status=pass_raw; sms_likeness_status=likely_sms.,95,18,False,likely_sms,kept_strict_raw,True,,please enter this one time pin to log onto your safaricom world account do not share this pin,camp_000140,2,campaign_representative,True,selected under max 1 per template cap
replacement_ncsu_sms_phishing_013182,SMS Phishing Dataset,wspr-ncsu/sms-phishing,raw_recovery_91k_pool,ncsu_sms_phishing_013182,PR0FIT FR0M $968 PER DAY. GET RICH 0N OIL IN A CRISIS! CALCULATE Y0UR P0SSIBLE PROFITS CLICK HERE: ceqasimo.halusyof.com/0jka?8,PR0FIT FR0M <AMOUNT> PER DAY. GET RICH 0N OIL IN A CRISIS! CALCULATE Y0UR P0SSIBLE PROFITS CLICK HERE: <URL>?8,phishing_messages_row,smishing,accepted,candidate,True,original_unredacted,cleaned_from_raw,replaced_from_91k_pool,Redacted-only gathered row replaced by raw-available smishing candidate from 91k pool.,replaced_with_raw_available_candidate,ncsu_sms_phishing_013182,gathered_imc25_english_smish_08559,true,false,false,original_source=Smishing-Dataset-IMC25; scam_category=banking; strict-clean approved gathered smishing row. | raw_recovery: source candidate ncsu_sms_phishing_013182; source_url=https://github.com/wspr-ncsu/sms-phishing; scam_category=other,False,0,,pass_raw,Strict raw accepted after repair validation; original audit status=pass_raw; sms_likeness_status=likely_sms.,127,23,False,likely_sms,kept_strict_raw,True,,pr0fit fr0m < > per day get rich 0n oil in a crisis calculate y0ur p0ssible profits click here < >,camp_000141,2,campaign_representative,True,selected under max 1 per template cap
replacement_ncsu_sms_phishing_013077,SMS Phishing Dataset,wspr-ncsu/sms-phishing,raw_recovery_91k_pool,ncsu_sms_phishing_013077,PR0FIT FR0M $469 PER DAY. GET RICH 0N OIL IN A CRISIS! CALCULATE YOUR P0SSIBLE PROFITS CLICK HERE: ceqasimo.halusyof.com/0jka?0,PR0FIT FR0M <AMOUNT> PER DAY. GET RICH 0N OIL IN A CRISIS! CALCULATE YOUR P0SSIBLE PROFITS CLICK HERE: <URL>?0,phishing_messages_row,smishing,accepted,candidate,True,original_unredacted,cleaned_from_raw,replaced_from_91k_pool,Redacted-only gathered row replaced by raw-available smishing candidate from 91k pool.,replaced_with_raw_available_candidate,ncsu_sms_phishing_013077,gathered_imc25_english_smish_08410,true,false,false,original_source=Smishing-Dataset-IMC25; scam_category=banking; strict-clean approved gathered smishing row. | raw_recovery: source candidate ncsu_sms_phishing_013077; source_url=https://github.com/wspr-ncsu/sms-phishing; scam_category=other,False,0,,pass_raw,Strict raw accepted after repair validation; original audit status=pass_raw; sms_likeness_status=likely_sms.,127,23,False,likely_sms,kept_strict_raw,True,,pr0fit fr0m < > per day get rich 0n oil in a crisis calculate your p0ssible profits click here < >,camp_000142,2,campaign_representative,True,selected under max 1 per template cap
replacement_ncsu_sms_phishing_012945,SMS Phishing Dataset,wspr-ncsu/sms-phishing,raw_recovery_91k_pool,ncsu_sms_phishing_012945,PR0FIT FR0M $383 PER DAY. GET RICH ON OIL IN A CRISIS! CALCULATE Y0UR P0SSIBLE PROFITS CLICK HERE: ceqasimo.halusyof.com/0jka?5,PR0FIT FR0M <AMOUNT> PER DAY. GET RICH ON OIL IN A CRISIS! CALCULATE Y0UR P0SSIBLE PROFITS CLICK HERE: <URL>?5,phishing_messages_row,smishing,accepted,candidate,True,original_unredacted,cleaned_from_raw,replaced_from_91k_pool,Redacted-only gathered row replaced by raw-available smishing candidate from 91k pool.,replaced_with_raw_available_candidate,ncsu_sms_phishing_012945,gathered_imc25_english_smish_08226,true,false,false,original_source=Smishing-Dataset-IMC25; scam_category=banking; strict-clean approved gathered smishing row. | raw_recovery: source candidate ncsu_sms_phishing_012945; source_url=https://github.com/wspr-ncsu/sms-phishing; scam_category=other,False,0,,pass_raw,Strict raw accepted after repair validation; original audit status=pass_raw; sms_likeness_status=likely_sms.,127,23,False,likely_sms,kept_strict_raw,True,,pr0fit fr0m < > per day get rich on oil in a crisis calculate y0ur p0ssible profits click here < >,camp_000143,2,campaign_representative,True,selected under max 1 per template cap
replacement_ncsu_sms_phishing_013302,SMS Phishing Dataset,wspr-ncsu/sms-phishing,raw_recovery_91k_pool,ncsu_sms_phishing_013302,PR0FIT FR0M $858 PER DAY. GET RICH ON OIL IN A CRISIS! CALCULATE YOUR P0SSIBLE PR0FITS CLICK HERE: ceqasimo.halusyof.com/0jj7?8,PR0FIT FR0M <AMOUNT> PER DAY. GET RICH ON OIL IN A CRISIS! CALCULATE YOUR P0SSIBLE PR0FITS CLICK HERE: <URL>?8,phishing_messages_row,smishing,accepted,candidate,True,original_unredacted,cleaned_from_raw,replaced_from_91k_pool,Redacted-only gathered row replaced by raw-available smishing candidate from 91k pool.,replaced_with_raw_available_candidate,ncsu_sms_phishing_013302,gathered_imc25_english_smish_08633,true,false,false,original_source=Smishing-Dataset-IMC25; scam_category=banking; strict-clean approved gathered smishing row. | raw_recovery: source candidate ncsu_sms_phishing_013302; source_url=https://github.com/wspr-ncsu/sms-phishing; scam_category=other,False,0,,pass_raw,Strict raw accepted after repair validation; original audit status=pass_raw; sms_likeness_status=likely_sms.,127,23,False,likely_sms,kept_strict_raw,True,,pr0fit fr0m < > per day get rich on oil in a crisis calculate your p0ssible pr0fits click here < >,camp_000144,2,campaign_representative,True,selected under max 1 per template cap
replacement_ncsu_sms_phishing_013021,SMS Phishing Dataset,wspr-ncsu/sms-phishing,raw_recovery_91k_pool,ncsu_sms_phishing_013021,PR0FIT FROM $709 PER DAY. GET RICH 0N 0IL IN A CRISIS! CALCULATE Y0UR POSSIBLE PROFITS CLICK HERE: ceqasimo.halusyof.com/0jka?4,PR0FIT FROM <AMOUNT> PER DAY. GET RICH 0N 0IL IN A CRISIS! CALCULATE Y0UR POSSIBLE PROFITS CLICK HERE: <URL>?4,phishing_messages_row,smishing,accepted,candidate,True,original_unredacted,cleaned_from_raw,replaced_from_91k_pool,Redacted-only gathered row replaced by raw-available smishing candidate from 91k pool.,replaced_with_raw_available_candidate,ncsu_sms_phishing_013021,gathered_imc25_english_smish_08348,true,false,false,original_source=Smishing-Dataset-IMC25; scam_category=banking; strict-clean approved gathered smishing row. | raw_recovery: source candidate ncsu_sms_phishing_013021; source_url=https://github.com/wspr-ncsu/sms-phishing; scam_category=other,False,0,,pass_raw,Strict raw accepted after repair validation; original audit status=pass_raw; sms_likeness_status=likely_sms.,127,23,False,likely_sms,kept_strict_raw,True,,pr0fit from < > per day get rich 0n 0il in a crisis calculate y0ur possible profits click here < >,camp_000145,2,campaign_representative,True,selected under max 1 per template cap
replacement_ncsu_sms_phishing_013271,SMS Phishing Dataset,wspr-ncsu/sms-phishing,raw_recovery_91k_pool,ncsu_sms_phishing_013271,PR0FIT FROM $482 PER DAY. GET RICH 0N 0IL IN A CRISIS! CALCULATE YOUR POSSIBLE PR0FITS CLICK HERE: ceqasimo.halusyof.com/0jj7?9,PR0FIT FROM <AMOUNT> PER DAY. GET RICH 0N 0IL IN A CRISIS! CALCULATE YOUR POSSIBLE PR0FITS CLICK HERE: <URL>?9,phishing_messages_row,smishing,accepted,candidate,True,original_unredacted,cleaned_from_raw,replaced_from_91k_pool,Redacted-only gathered row replaced by raw-available smishing candidate from 91k pool.,replaced_with_raw_available_candidate,ncsu_sms_phishing_013271,gathered_imc25_english_smish_08617,true,false,false,original_source=Smishing-Dataset-IMC25; scam_category=banking; strict-clean approved gathered smishing row. | raw_recovery: source candidate ncsu_sms_phishing_013271; source_url=https://github.com/wspr-ncsu/sms-phishing; scam_category=other,False,0,,pass_raw,Strict raw accepted after repair validation; original audit status=pass_raw; sms_likeness_status=likely_sms.,127,23,False,likely_sms,kept_strict_raw,True,,pr0fit from < > per day get rich 0n 0il in a crisis calculate your possible pr0fits click here < >,camp_000146,2,campaign_representative,True,selected under max 1 per template cap
replacement_ncsu_sms_phishing_012961,SMS Phishing Dataset,wspr-ncsu/sms-phishing,raw_recovery_91k_pool,ncsu_sms_phishing_012961,PR0FIT FROM $887 PER DAY. GET RICH 0N OIL IN A CRISIS! CALCULATE Y0UR P0SSIBLE PR0FITS CLICK HERE: ceqasimo.halusyof.com/0jka?7,PR0FIT FROM <AMOUNT> PER DAY. GET RICH 0N OIL IN A CRISIS! CALCULATE Y0UR P0SSIBLE PR0FITS CLICK HERE: <URL>?7,phishing_messages_row,smishing,accepted,candidate,True,original_unredacted,cleaned_from_raw,replaced_from_91k_pool,Redacted-only gathered row replaced by raw-available smishing candidate from 91k pool.,replaced_with_raw_available_candidate,ncsu_sms_phishing_012961,gathered_imc25_english_smish_08239,true,false,false,original_source=Smishing-Dataset-IMC25; scam_category=banking; strict-clean approved gathered smishing row. | raw_recovery: source candidate ncsu_sms_phishing_012961; source_url=https://github.com/wspr-ncsu/sms-phishing; scam_category=other,False,0,,pass_raw,Strict raw accepted after repair validation; original audit status=pass_raw; sms_likeness_status=likely_sms.,127,23,False,likely_sms,kept_strict_raw,True,,pr0fit from < > per day get rich 0n oil in a crisis calculate y0ur p0ssible pr0fits click here < >,camp_000147,2,campaign_representative,True,selected under max 1 per template cap
replacement_ncsu_sms_phishing_012819,SMS Phishing Dataset,wspr-ncsu/sms-phishing,raw_recovery_91k_pool,ncsu_sms_phishing_012819,PR0FIT FROM $579 PER DAY. GET RICH 0N OIL IN A CRISIS! CALCULATE YOUR POSSIBLE PR0FITS CLICK HERE: ceqasimo.halusyof.com/0jka?2,PR0FIT FROM <AMOUNT> PER DAY. GET RICH 0N OIL IN A CRISIS! CALCULATE YOUR POSSIBLE PR0FITS CLICK HERE: <URL>?2,phishing_messages_row,smishing,accepted,candidate,True,original_unredacted,cleaned_from_raw,replaced_from_91k_pool,Redacted-only gathered row replaced by raw-available smishing candidate from 91k pool.,replaced_with_raw_available_candidate,ncsu_sms_phishing_012819,gathered_imc25_english_smish_08017,true,false,false,original_source=Smishing-Dataset-IMC25; scam_category=banking; strict-clean approved gathered smishing row. | raw_recovery: source candidate ncsu_sms_phishing_012819; source_url=https://github.com/wspr-ncsu/sms-phishing; scam_category=other,False,0,,pass_raw,Strict raw accepted after repair validation; original audit status=pass_raw; sms_likeness_status=likely_sms.,127,23,False,likely_sms,kept_strict_raw,True,,pr0fit from < > per day get rich 0n oil in a crisis calculate your possible pr0fits click here < >,camp_000148,2,campaign_representative,True,selected under max 1 per template cap
replacement_ncsu_sms_phishing_012878,SMS Phishing Dataset,wspr-ncsu/sms-phishing,raw_recovery_91k_pool,ncsu_sms_phishing_012878,PR0FIT FROM $529 PER DAY. GET RICH ON 0IL IN A CRISIS! CALCULATE Y0UR P0SSIBLE PROFITS CLICK HERE: ceqasimo.halusyof.com/0jka?a,PR0FIT FROM <AMOUNT> PER DAY. GET RICH ON 0IL IN A CRISIS! CALCULATE Y0UR P0SSIBLE PROFITS CLICK HERE: <URL>?a,phishing_messages_row,smishing,accepted,candidate,True,original_unredacted,cleaned_from_raw,replaced_from_91k_pool,Redacted-only gathered row replaced by raw-available smishing candidate from 91k pool.,replaced_with_raw_available_candidate,ncsu_sms_phishing_012878,gathered_imc25_english_smish_08110,true,false,false,original_source=Smishing-Dataset-IMC25; scam_category=banking; strict-clean approved gathered smishing row. | raw_recovery: source candidate ncsu_sms_phishing_012878; source_url=https://github.com/wspr-ncsu/sms-phishing; scam_category=other,False,0,,pass_raw,Strict raw accepted after repair validation; original audit status=pass_raw; sms_likeness_status=likely_sms.,127,23,False,likely_sms,kept_strict_raw,True,,pr0fit from < > per day get rich on 0il in a crisis calculate y0ur p0ssible profits click here < >,camp_000149,2,campaign_representative,True,selected under max 1 per template cap
replacement_ncsu_sms_phishing_013009,SMS Phishing Dataset,wspr-ncsu/sms-phishing,raw_recovery_91k_pool,ncsu_sms_phishing_013009,PR0FIT FROM $582 PER DAY. GET RICH ON 0IL IN A CRISIS! CALCULATE Y0UR POSSIBLE PROFITS CLICK HERE: ceqasimo.halusyof.com/0jka?2,PR0FIT FROM <AMOUNT> PER DAY. GET RICH ON 0IL IN A CRISIS! CALCULATE Y0UR POSSIBLE PROFITS CLICK HERE: <URL>?2,phishing_messages_row,smishing,accepted,candidate,True,original_unredacted,cleaned_from_raw,replaced_from_91k_pool,Redacted-only gathered row replaced by raw-available smishing candidate from 91k pool.,replaced_with_raw_available_candidate,ncsu_sms_phishing_013009,gathered_imc25_english_smish_08326,true,false,false,original_source=Smishing-Dataset-IMC25; scam_category=banking; strict-clean approved gathered smishing row. | raw_recovery: source candidate ncsu_sms_phishing_013009; source_url=https://github.com/wspr-ncsu/sms-phishing; scam_category=other,False,0,,pass_raw,Strict raw accepted after repair validation; original audit status=pass_raw; sms_likeness_status=likely_sms.,127,23,False,likely_sms,kept_strict_raw,True,,pr0fit from < > per day get rich on 0il in a crisis calculate y0ur possible profits click here < >,camp_000150,2,campaign_representative,True,selected under max 1 per template cap
replacement_ncsu_sms_phishing_013048,SMS Phishing Dataset,wspr-ncsu/sms-phishing,raw_recovery_91k_pool,ncsu_sms_phishing_013048,PR0FIT FROM $408 PER DAY. GET RICH ON 0IL IN A CRISIS! CALCULATE YOUR P0SSIBLE PROFITS CLICK HERE: ceqasimo.halusyof.com/0jka?1,PR0FIT FROM <AMOUNT> PER DAY. GET RICH ON 0IL IN A CRISIS! CALCULATE YOUR P0SSIBLE PROFITS CLICK HERE: <URL>?1,phishing_messages_row,smishing,accepted,candidate,True,original_unredacted,cleaned_from_raw,replaced_from_91k_pool,Redacted-only gathered row replaced by raw-available smishing candidate from 91k pool.,replaced_with_raw_available_candidate,ncsu_sms_phishing_013048,gathered_imc25_english_smish_08372,true,false,false,original_source=Smishing-Dataset-IMC25; scam_category=banking; strict-clean approved gathered smishing row. | raw_recovery: source candidate ncsu_sms_phishing_013048; source_url=https://github.com/wspr-ncsu/sms-phishing; scam_category=other,False,0,,pass_raw,Strict raw accepted after repair validation; original audit status=pass_raw; sms_likeness_status=likely_sms.,127,23,False,likely_sms,kept_strict_raw,True,,pr0fit from < > per day get rich on 0il in a crisis calculate your p0ssible profits click here < >,camp_000151,2,campaign_representative,True,selected under max 1 per template cap
replacement_ncsu_sms_phishing_012820,SMS Phishing Dataset,wspr-ncsu/sms-phishing,raw_recovery_91k_pool,ncsu_sms_phishing_012820,PR0FIT FROM $606 PER DAY. GET RICH ON OIL IN A CRISIS! CALCULATE Y0UR POSSIBLE PROFITS CLICK HERE: ceqasimo.halusyof.com/0jka?7,PR0FIT FROM <AMOUNT> PER DAY. GET RICH ON OIL IN A CRISIS! CALCULATE Y0UR POSSIBLE PROFITS CLICK HERE: <URL>?7,phishing_messages_row,smishing,accepted,candidate,True,original_unredacted,cleaned_from_raw,replaced_from_91k_pool,Redacted-only gathered row replaced by raw-available smishing candidate from 91k pool.,replaced_with_raw_available_candidate,ncsu_sms_phishing_012820,gathered_imc25_english_smish_08022,true,false,false,original_source=Smishing-Dataset-IMC25; scam_category=banking; strict-clean approved gathered smishing row. | raw_recovery: source candidate ncsu_sms_phishing_012820; source_url=https://github.com/wspr-ncsu/sms-phishing; scam_category=other,False,0,,pass_raw,Strict raw accepted after repair validation; original audit status=pass_raw; sms_likeness_status=likely_sms.,127,23,False,likely_sms,kept_strict_raw,True,,pr0fit from < > per day get rich on oil in a crisis calculate y0ur possible profits click here < >,camp_000152,2,campaign_representative,True,selected under max 1 per template cap
replacement_ncsu_sms_phishing_012885,SMS Phishing Dataset,wspr-ncsu/sms-phishing,raw_recovery_91k_pool,ncsu_sms_phishing_012885,PR0FIT FROM $478 PER DAY. GET RICH ON OIL IN A CRISIS! CALCULATE YOUR P0SSIBLE PR0FITS CLICK HERE: ceqasimo.halusyof.com/0jka?2,PR0FIT FROM <AMOUNT> PER DAY. GET RICH ON OIL IN A CRISIS! CALCULATE YOUR P0SSIBLE PR0FITS CLICK HERE: <URL>?2,phishing_messages_row,smishing,accepted,candidate,True,original_unredacted,cleaned_from_raw,replaced_from_91k_pool,Redacted-only gathered row replaced by raw-available smishing candidate from 91k pool.,replaced_with_raw_available_candidate,ncsu_sms_phishing_012885,gathered_imc25_english_smish_08145,true,false,false,original_source=Smishing-Dataset-IMC25; scam_category=banking; strict-clean approved gathered smishing row. | raw_recovery: source candidate ncsu_sms_phishing_012885; source_url=https://github.com/wspr-ncsu/sms-phishing; scam_category=other,False,0,,pass_raw,Strict raw accepted after repair validation; original audit status=pass_raw; sms_likeness_status=likely_sms.,127,23,False,likely_sms,kept_strict_raw,True,,pr0fit from < > per day get rich on oil in a crisis calculate your p0ssible pr0fits click here < >,camp_000153,2,campaign_representative,True,selected under max 1 per template cap
replacement_ncsu_sms_phishing_012807,SMS Phishing Dataset,wspr-ncsu/sms-phishing,raw_recovery_91k_pool,ncsu_sms_phishing_012807,PR0FIT FROM $888 PER DAY. GET RICH ON OIL IN A CRISIS! CALCULATE YOUR POSSIBLE PR0FITS CLICK HERE: ceqasimo.halusyof.com/0jka?1,PR0FIT FROM <AMOUNT> PER DAY. GET RICH ON OIL IN A CRISIS! CALCULATE YOUR POSSIBLE PR0FITS CLICK HERE: <URL>?1,phishing_messages_row,smishing,accepted,candidate,True,original_unredacted,cleaned_from_raw,replaced_from_91k_pool,Redacted-only gathered row replaced by raw-available smishing candidate from 91k pool.,replaced_with_raw_available_candidate,ncsu_sms_phishing_012807,gathered_imc25_english_smish_07982,true,false,false,original_source=Smishing-Dataset-IMC25; scam_category=banking; strict-clean approved gathered smishing row. | raw_recovery: source candidate ncsu_sms_phishing_012807; source_url=https://github.com/wspr-ncsu/sms-phishing; scam_category=other,False,0,,pass_raw,Strict raw accepted after repair validation; original audit status=pass_raw; sms_likeness_status=likely_sms.,127,23,False,likely_sms,kept_strict_raw,True,,pr0fit from < > per day get rich on oil in a crisis calculate your possible pr0fits click here < >,camp_000154,2,campaign_representative,True,selected under max 1 per template cap
replacement_ncsu_sms_phishing_013013,SMS Phishing Dataset,wspr-ncsu/sms-phishing,raw_recovery_91k_pool,ncsu_sms_phishing_013013,PROFIT FR0M $437 PER DAY. GET RICH 0N 0IL IN A CRISIS! CALCULATE Y0UR POSSIBLE PR0FITS CLICK HERE: ceqasimo.halusyof.com/0jka?5,PROFIT FR0M <AMOUNT> PER DAY. GET RICH 0N 0IL IN A CRISIS! CALCULATE Y0UR POSSIBLE PR0FITS CLICK HERE: <URL>?5,phishing_messages_row,smishing,accepted,candidate,True,original_unredacted,cleaned_from_raw,replaced_from_91k_pool,Redacted-only gathered row replaced by raw-available smishing candidate from 91k pool.,replaced_with_raw_available_candidate,ncsu_sms_phishing_013013,gathered_imc25_english_smish_08341,true,false,false,original_source=Smishing-Dataset-IMC25; scam_category=banking; strict-clean approved gathered smishing row. | raw_recovery: source candidate ncsu_sms_phishing_013013; source_url=https://github.com/wspr-ncsu/sms-phishing; scam_category=other,False,0,,pass_raw,Strict raw accepted after repair validation; original audit status=pass_raw; sms_likeness_status=likely_sms.,127,23,False,likely_sms,kept_strict_raw,True,,profit fr0m < > per day get rich 0n 0il in a crisis calculate y0ur possible pr0fits click here < >,camp_000155,2,campaign_representative,True,selected under max 1 per template cap
replacement_ncsu_sms_phishing_013117,SMS Phishing Dataset,wspr-ncsu/sms-phishing,raw_recovery_91k_pool,ncsu_sms_phishing_013117,PROFIT FR0M $346 PER DAY. GET RICH 0N OIL IN A CRISIS! CALCULATE YOUR POSSIBLE PROFITS CLICK HERE: ceqasimo.halusyof.com/0jka?8,PROFIT FR0M <AMOUNT> PER DAY. GET RICH 0N OIL IN A CRISIS! CALCULATE YOUR POSSIBLE PROFITS CLICK HERE: <URL>?8,phishing_messages_row,smishing,accepted,candidate,True,original_unredacted,cleaned_from_raw,replaced_from_91k_pool,Redacted-only gathered row replaced by raw-available smishing candidate from 91k pool.,replaced_with_raw_available_candidate,ncsu_sms_phishing_013117,gathered_imc25_english_smish_08451,true,false,false,original_source=Smishing-Dataset-IMC25; scam_category=banking; strict-clean approved gathered smishing row. | raw_recovery: source candidate ncsu_sms_phishing_013117; source_url=https://github.com/wspr-ncsu/sms-phishing; scam_category=other,False,0,,pass_raw,Strict raw accepted after repair validation; original audit status=pass_raw; sms_likeness_status=likely_sms.,127,23,False,likely_sms,kept_strict_raw,True,,profit fr0m < > per day get rich 0n oil in a crisis calculate your possible profits click here < >,camp_000156,2,campaign_representative,True,selected under max 1 per template cap
replacement_ncsu_sms_phishing_012838,SMS Phishing Dataset,wspr-ncsu/sms-phishing,raw_recovery_91k_pool,ncsu_sms_phishing_012838,PROFIT FR0M $349 PER DAY. GET RICH ON 0IL IN A CRISIS! CALCULATE Y0UR P0SSIBLE PROFITS CLICK HERE: ceqasimo.halusyof.com/0jka?0,PROFIT FR0M <AMOUNT> PER DAY. GET RICH ON 0IL IN A CRISIS! CALCULATE Y0UR P0SSIBLE PROFITS CLICK HERE: <URL>?0,phishing_messages_row,smishing,accepted,candidate,True,original_unredacted,cleaned_from_raw,replaced_from_91k_pool,Redacted-only gathered row replaced by raw-available smishing candidate from 91k pool.,replaced_with_raw_available_candidate,ncsu_sms_phishing_012838,gathered_imc25_english_smish_08032,true,false,false,original_source=Smishing-Dataset-IMC25; scam_category=banking; strict-clean approved gathered smishing row. | raw_recovery: source candidate ncsu_sms_phishing_012838; source_url=https://github.com/wspr-ncsu/sms-phishing; scam_category=other,False,0,,pass_raw,Strict raw accepted after repair validation; original audit status=pass_raw; sms_likeness_status=likely_sms.,127,23,False,likely_sms,kept_strict_raw,True,,profit fr0m < > per day get rich on 0il in a crisis calculate y0ur p0ssible profits click here < >,camp_000157,2,campaign_representative,True,selected under max 1 per template cap
replacement_ncsu_sms_phishing_013164,SMS Phishing Dataset,wspr-ncsu/sms-phishing,raw_recovery_91k_pool,ncsu_sms_phishing_013164,PROFIT FR0M $495 PER DAY. GET RICH ON 0IL IN A CRISIS! CALCULATE Y0UR POSSIBLE PR0FITS CLICK HERE: ceqasimo.halusyof.com/0jka?8,PROFIT FR0M <AMOUNT> PER DAY. GET RICH ON 0IL IN A CRISIS! CALCULATE Y0UR POSSIBLE PR0FITS CLICK HERE: <URL>?8,phishing_messages_row,smishing,accepted,candidate,True,original_unredacted,cleaned_from_raw,replaced_from_91k_pool,Redacted-only gathered row replaced by raw-available smishing candidate from 91k pool.,replaced_with_raw_available_candidate,ncsu_sms_phishing_013164,gathered_imc25_english_smish_08524,true,false,false,original_source=Smishing-Dataset-IMC25; scam_category=banking; strict-clean approved gathered smishing row. | raw_recovery: source candidate ncsu_sms_phishing_013164; source_url=https://github.com/wspr-ncsu/sms-phishing; scam_category=other,False,0,,pass_raw,Strict raw accepted after repair validation; original audit status=pass_raw; sms_likeness_status=likely_sms.,127,23,False,likely_sms,kept_strict_raw,True,,profit fr0m < > per day get rich on 0il in a crisis calculate y0ur possible pr0fits click here < >,camp_000158,2,campaign_representative,True,selected under max 1 per template cap
replacement_ncsu_sms_phishing_013010,SMS Phishing Dataset,wspr-ncsu/sms-phishing,raw_recovery_91k_pool,ncsu_sms_phishing_013010,PROFIT FR0M $613 PER DAY. GET RICH ON 0IL IN A CRISIS! CALCULATE YOUR P0SSIBLE PR0FITS CLICK HERE: https://ceqasimo.halusyof.com/0jka?1,PROFIT FR0M <AMOUNT> PER DAY. GET RICH ON 0IL IN A CRISIS! CALCULATE YOUR P0SSIBLE PR0FITS CLICK HERE: <URL>,phishing_messages_row,smishing,accepted,candidate,True,original_unredacted,cleaned_from_raw,replaced_from_91k_pool,Redacted-only gathered row replaced by raw-available smishing candidate from 91k pool.,replaced_with_raw_available_candidate,ncsu_sms_phishing_013010,gathered_imc25_english_smish_08331,true,false,false,original_source=Smishing-Dataset-IMC25; scam_category=banking; strict-clean approved gathered smishing row. | raw_recovery: source candidate ncsu_sms_phishing_013010; source_url=https://github.com/wspr-ncsu/sms-phishing; scam_category=other,False,0,,pass_raw,Strict raw accepted after repair validation; original audit status=pass_raw; sms_likeness_status=likely_sms.,135,24,False,likely_sms,kept_strict_raw,True,,profit fr0m < > per day get rich on 0il in a crisis calculate your p0ssible pr0fits click here < >,camp_000159,2,campaign_representative,True,selected under max 1 per template cap
replacement_ncsu_sms_phishing_012809,SMS Phishing Dataset,wspr-ncsu/sms-phishing,raw_recovery_91k_pool,ncsu_sms_phishing_012809,PROFIT FR0M $522 PER DAY. GET RICH ON 0IL IN A CRISIS! CALCULATE YOUR POSSIBLE PR0FITS CLICK HERE: ceqasimo.halusyof.com/0jka?a,PROFIT FR0M <AMOUNT> PER DAY. GET RICH ON 0IL IN A CRISIS! CALCULATE YOUR POSSIBLE PR0FITS CLICK HERE: <URL>?a,phishing_messages_row,smishing,accepted,candidate,True,original_unredacted,cleaned_from_raw,replaced_from_91k_pool,Redacted-only gathered row replaced by raw-available smishing candidate from 91k pool.,replaced_with_raw_available_candidate,ncsu_sms_phishing_012809,gathered_imc25_english_smish_07991,true,false,false,original_source=Smishing-Dataset-IMC25; scam_category=banking; strict-clean approved gathered smishing row. | raw_recovery: source candidate ncsu_sms_phishing_012809; source_url=https://github.com/wspr-ncsu/sms-phishing; scam_category=other,False,0,,pass_raw,Strict raw accepted after repair validation; original audit status=pass_raw; sms_likeness_status=likely_sms.,127,23,False,likely_sms,kept_strict_raw,True,,profit fr0m < > per day get rich on 0il in a crisis calculate your possible pr0fits click here < >,camp_000160,2,campaign_representative,True,selected under max 1 per template cap
replacement_ncsu_sms_phishing_013066,SMS Phishing Dataset,wspr-ncsu/sms-phishing,raw_recovery_91k_pool,ncsu_sms_phishing_013066,PROFIT FR0M $432 PER DAY. GET RICH ON OIL IN A CRISIS! CALCULATE Y0UR POSSIBLE PR0FITS CLICK HERE: ceqasimo.halusyof.com/0jka?5,PROFIT FR0M <AMOUNT> PER DAY. GET RICH ON OIL IN A CRISIS! CALCULATE Y0UR POSSIBLE PR0FITS CLICK HERE: <URL>?5,phishing_messages_row,smishing,accepted,candidate,True,original_unredacted,cleaned_from_raw,replaced_from_91k_pool,Redacted-only gathered row replaced by raw-available smishing candidate from 91k pool.,replaced_with_raw_available_candidate,ncsu_sms_phishing_013066,gathered_imc25_english_smish_08399,true,false,false,original_source=Smishing-Dataset-IMC25; scam_category=banking; strict-clean approved gathered smishing row. | raw_recovery: source candidate ncsu_sms_phishing_013066; source_url=https://github.com/wspr-ncsu/sms-phishing; scam_category=other,False,0,,pass_raw,Strict raw accepted after repair validation; original audit status=pass_raw; sms_likeness_status=likely_sms.,127,23,False,likely_sms,kept_strict_raw,True,,profit fr0m < > per day get rich on oil in a crisis calculate y0ur possible pr0fits click here < >,camp_000161,2,campaign_representative,True,selected under max 1 per template cap
replacement_ncsu_sms_phishing_013122,SMS Phishing Dataset,wspr-ncsu/sms-phishing,raw_recovery_91k_pool,ncsu_sms_phishing_013122,PROFIT FR0M $378 PER DAY. GET RICH ON OIL IN A CRISIS! CALCULATE Y0UR POSSIBLE PROFITS CLICK HERE: ceqasimo.halusyof.com/0jka?6,PROFIT FR0M <AMOUNT> PER DAY. GET RICH ON OIL IN A CRISIS! CALCULATE Y0UR POSSIBLE PROFITS CLICK HERE: <URL>?6,phishing_messages_row,smishing,accepted,candidate,True,original_unredacted,cleaned_from_raw,replaced_from_91k_pool,Redacted-only gathered row replaced by raw-available smishing candidate from 91k pool.,replaced_with_raw_available_candidate,ncsu_sms_phishing_013122,gathered_imc25_english_smish_08473,true,false,false,original_source=Smishing-Dataset-IMC25; scam_category=banking; strict-clean approved gathered smishing row. | raw_recovery: source candidate ncsu_sms_phishing_013122; source_url=https://github.com/wspr-ncsu/sms-phishing; scam_category=other,False,0,,pass_raw,Strict raw accepted after repair validation; original audit status=pass_raw; sms_likeness_status=likely_sms.,127,23,False,likely_sms,kept_strict_raw,True,,profit fr0m < > per day get rich on oil in a crisis calculate y0ur possible profits click here < >,camp_000162,2,campaign_representative,True,selected under max 1 per template cap
replacement_ncsu_sms_phishing_012884,SMS Phishing Dataset,wspr-ncsu/sms-phishing,raw_recovery_91k_pool,ncsu_sms_phishing_012884,PROFIT FR0M $495 PER DAY. GET RICH ON OIL IN A CRISIS! CALCULATE YOUR P0SSIBLE PROFITS CLICK HERE: ceqasimo.halusyof.com/0jka?1,PROFIT FR0M <AMOUNT> PER DAY. GET RICH ON OIL IN A CRISIS! CALCULATE YOUR P0SSIBLE PROFITS CLICK HERE: <URL>?1,phishing_messages_row,smishing,accepted,candidate,True,original_unredacted,cleaned_from_raw,replaced_from_91k_pool,Redacted-only gathered row replaced by raw-available smishing candidate from 91k pool.,replaced_with_raw_available_candidate,ncsu_sms_phishing_012884,gathered_imc25_english_smish_08139,true,false,false,original_source=Smishing-Dataset-IMC25; scam_category=banking; strict-clean approved gathered smishing row. | raw_recovery: source candidate ncsu_sms_phishing_012884; source_url=https://github.com/wspr-ncsu/sms-phishing; scam_category=other,False,0,,pass_raw,Strict raw accepted after repair validation; original audit status=pass_raw; sms_likeness_status=likely_sms.,127,23,False,likely_sms,kept_strict_raw,True,,profit fr0m < > per day get rich on oil in a crisis calculate your p0ssible profits click here < >,camp_000163,2,campaign_representative,True,selected under max 1 per template cap
strict_replacement_ncsu_sms_phishing_012883,SMS Phishing Dataset,wspr-ncsu/sms-phishing,strict_raw_replacement_91k_pool,ncsu_sms_phishing_012883,PROFIT FROM $376 PER DAY. GET RICH 0N 0IL IN A CRISIS! CALCULATE YOUR POSSIBLE PROFITS CLICK HERE: ceqasimo.halusyof.com/0jka?0,PROFIT FROM <AMOUNT> PER DAY. GET RICH 0N 0IL IN A CRISIS! CALCULATE YOUR POSSIBLE PROFITS CLICK HERE: <URL>?0,phishing_messages_row,smishing,accepted,candidate,True,original_unredacted,cleaned_from_raw,replaced_from_91k_pool,Placeholder/anonymized raw row replaced by strict raw-available smishing candidate from 91k pool.,replaced_with_raw_available_candidate,ncsu_sms_phishing_012883,replacement_imc25_english_smish_10030,false,false,false,original_source=Smishing-Dataset-IMC25; scam_category=banking; strict-clean approved gathered smishing row. | raw_recovery: source candidate imc25_english_smish_10030; source_url=https://github.com/reportsmishing/Smishing-Dataset-IMC25; scam_category=banking,False,0,,pass_raw,Strict raw accepted after repair validation; original audit status=pass_raw; sms_likeness_status=likely_sms.,127,23,False,likely_sms,replaced_with_strict_raw_candidate,True,,profit from < > per day get rich 0n 0il in a crisis calculate your possible profits click here < >,camp_000164,2,campaign_representative,True,selected under max 1 per template cap
replacement_ncsu_sms_phishing_012775,SMS Phishing Dataset,wspr-ncsu/sms-phishing,raw_recovery_91k_pool,ncsu_sms_phishing_012775,PROFIT FROM $405 PER DAY. GET RICH 0N OIL IN A CRISIS! CALCULATE YOUR P0SSIBLE PR0FITS CLICK HERE: ceqasimo.halusyof.com/0jka?5,PROFIT FROM <AMOUNT> PER DAY. GET RICH 0N OIL IN A CRISIS! CALCULATE YOUR P0SSIBLE PR0FITS CLICK HERE: <URL>?5,phishing_messages_row,smishing,accepted,candidate,True,original_unredacted,cleaned_from_raw,replaced_from_91k_pool,Redacted-only gathered row replaced by raw-available smishing candidate from 91k pool.,replaced_with_raw_available_candidate,ncsu_sms_phishing_012775,gathered_imc25_english_smish_07780,true,false,false,original_source=Smishing-Dataset-IMC25; scam_category=banking; strict-clean approved gathered smishing row. | raw_recovery: source candidate ncsu_sms_phishing_012775; source_url=https://github.com/wspr-ncsu/sms-phishing; scam_category=other,False,0,,pass_raw,Strict raw accepted after repair validation; original audit status=pass_raw; sms_likeness_status=likely_sms.,127,23,False,likely_sms,kept_strict_raw,True,,profit from < > per day get rich 0n oil in a crisis calculate your p0ssible pr0fits click here < >,camp_000165,2,campaign_representative,True,selected under max 1 per template cap
replacement_ncsu_sms_phishing_012928,SMS Phishing Dataset,wspr-ncsu/sms-phishing,raw_recovery_91k_pool,ncsu_sms_phishing_012928,PROFIT FROM $418 PER DAY. GET RICH ON 0IL IN A CRISIS! CALCULATE Y0UR P0SSIBLE PROFITS CLICK HERE: ceqasimo.halusyof.com/0jka?5,PROFIT FROM <AMOUNT> PER DAY. GET RICH ON 0IL IN A CRISIS! CALCULATE Y0UR P0SSIBLE PROFITS CLICK HERE: <URL>?5,phishing_messages_row,smishing,accepted,candidate,True,original_unredacted,cleaned_from_raw,replaced_from_91k_pool,Redacted-only gathered row replaced by raw-available smishing candidate from 91k pool.,replaced_with_raw_available_candidate,ncsu_sms_phishing_012928,gathered_imc25_english_smish_08200,true,false,false,original_source=Smishing-Dataset-IMC25; scam_category=banking; strict-clean approved gathered smishing row. | raw_recovery: source candidate ncsu_sms_phishing_012928; source_url=https://github.com/wspr-ncsu/sms-phishing; scam_category=other,False,0,,pass_raw,Strict raw accepted after repair validation; original audit status=pass_raw; sms_likeness_status=likely_sms.,127,23,False,likely_sms,kept_strict_raw,True,,profit from < > per day get rich on 0il in a crisis calculate y0ur p0ssible profits click here < >,camp_000166,2,campaign_representative,True,selected under max 1 per template cap
replacement_ncsu_sms_phishing_012800,SMS Phishing Dataset,wspr-ncsu/sms-phishing,raw_recovery_91k_pool,ncsu_sms_phishing_012800,PROFIT FROM $757 PER DAY. GET RICH ON 0IL IN A CRISIS! CALCULATE Y0UR POSSIBLE PROFITS CLICK HERE: ceqasimo.halusyof.com/0jka?4,PROFIT FROM <AMOUNT> PER DAY. GET RICH ON 0IL IN A CRISIS! CALCULATE Y0UR POSSIBLE PROFITS CLICK HERE: <URL>?4,phishing_messages_row,smishing,accepted,candidate,True,original_unredacted,cleaned_from_raw,replaced_from_91k_pool,Redacted-only gathered row replaced by raw-available smishing candidate from 91k pool.,replaced_with_raw_available_candidate,ncsu_sms_phishing_012800,gathered_imc25_english_smish_07898,true,false,false,original_source=Smishing-Dataset-IMC25; scam_category=spam; strict-clean approved gathered smishing row. | raw_recovery: source candidate ncsu_sms_phishing_012800; source_url=https://github.com/wspr-ncsu/sms-phishing; scam_category=other,False,0,,pass_raw,Strict raw accepted after repair validation; original audit status=pass_raw; sms_likeness_status=likely_sms.,127,23,False,likely_sms,kept_strict_raw,True,,profit from < > per day get rich on 0il in a crisis calculate y0ur possible profits click here < >,camp_000167,2,campaign_representative,True,selected under max 1 per template cap
replacement_ncsu_sms_phishing_013133,SMS Phishing Dataset,wspr-ncsu/sms-phishing,raw_recovery_91k_pool,ncsu_sms_phishing_013133,PROFIT FROM $851 PER DAY. GET RICH ON 0IL IN A CRISIS! CALCULATE YOUR P0SSIBLE PROFITS CLICK HERE: ceqasimo.halusyof.com/0jka?1,PROFIT FROM <AMOUNT> PER DAY. GET RICH ON 0IL IN A CRISIS! CALCULATE YOUR P0SSIBLE PROFITS CLICK HERE: <URL>?1,phishing_messages_row,smishing,accepted,candidate,True,original_unredacted,cleaned_from_raw,replaced_from_91k_pool,Redacted-only gathered row replaced by raw-available smishing candidate from 91k pool.,replaced_with_raw_available_candidate,ncsu_sms_phishing_013133,gathered_imc25_english_smish_08497,true,false,false,original_source=Smishing-Dataset-IMC25; scam_category=banking; strict-clean approved gathered smishing row. | raw_recovery: source candidate ncsu_sms_phishing_013133; source_url=https://github.com/wspr-ncsu/sms-phishing; scam_category=other,False,0,,pass_raw,Strict raw accepted after repair validation; original audit status=pass_raw; sms_likeness_status=likely_sms.,127,23,False,likely_sms,kept_strict_raw,True,,profit from < > per day get rich on 0il in a crisis calculate your p0ssible profits click here < >,camp_000168,2,campaign_representative,True,selected under max 1 per template cap
strict_replacement_ncsu_sms_phishing_012787,SMS Phishing Dataset,wspr-ncsu/sms-phishing,strict_raw_replacement_91k_pool,ncsu_sms_phishing_012787,PROFIT FROM $904 PER DAY. GET RICH ON 0IL IN A CRISIS! CALCULATE YOUR POSSIBLE PR0FITS CLICK HERE: ceqasimo.halusyof.com/0jka?9,PROFIT FROM <AMOUNT> PER DAY. GET RICH ON 0IL IN A CRISIS! CALCULATE YOUR POSSIBLE PR0FITS CLICK HERE: <URL>?9,phishing_messages_row,smishing,accepted,candidate,True,original_unredacted,cleaned_from_raw,replaced_from_91k_pool,Placeholder/anonymized raw row replaced by strict raw-available smishing candidate from 91k pool.,replaced_with_raw_available_candidate,ncsu_sms_phishing_012787,replacement_imc25_english_smish_09532,false,false,false,original_source=Smishing-Dataset-IMC25; scam_category=others; strict-clean approved gathered smishing row. | raw_recovery: source candidate imc25_english_smish_09532; source_url=https://github.com/reportsmishing/Smishing-Dataset-IMC25; scam_category=banking,False,0,,pass_raw,Strict raw accepted after repair validation; original audit status=pass_raw; sms_likeness_status=likely_sms.,127,23,False,likely_sms,replaced_with_strict_raw_candidate,True,,profit from < > per day get rich on 0il in a crisis calculate your possible pr0fits click here < >,camp_000169,2,campaign_representative,True,selected under max 1 per template cap
replacement_ncsu_sms_phishing_013024,SMS Phishing Dataset,wspr-ncsu/sms-phishing,raw_recovery_91k_pool,ncsu_sms_phishing_013024,PROFIT FROM $918 PER DAY. GET RICH ON OIL IN A CRISIS! CALCULATE Y0UR POSSIBLE PR0FITS CLICK HERE: ceqasimo.halusyof.com/0jka?0,PROFIT FROM <AMOUNT> PER DAY. GET RICH ON OIL IN A CRISIS! CALCULATE Y0UR POSSIBLE PR0FITS CLICK HERE: <URL>?0,phishing_messages_row,smishing,accepted,candidate,True,original_unredacted,cleaned_from_raw,replaced_from_91k_pool,Redacted-only gathered row replaced by raw-available smishing candidate from 91k pool.,replaced_with_raw_available_candidate,ncsu_sms_phishing_013024,gathered_imc25_english_smish_08358,true,false,false,original_source=Smishing-Dataset-IMC25; scam_category=banking; strict-clean approved gathered smishing row. | raw_recovery: source candidate ncsu_sms_phishing_013024; source_url=https://github.com/wspr-ncsu/sms-phishing; scam_category=other,False,0,,pass_raw,Strict raw accepted after repair validation; original audit status=pass_raw; sms_likeness_status=likely_sms.,127,23,False,likely_sms,kept_strict_raw,True,,profit from < > per day get rich on oil in a crisis calculate y0ur possible pr0fits click here < >,camp_000170,2,campaign_representative,True,selected under max 1 per template cap
replacement_ncsu_sms_phishing_012771,SMS Phishing Dataset,wspr-ncsu/sms-phishing,raw_recovery_91k_pool,ncsu_sms_phishing_012771,PROFIT FROM $572 PER DAY. GET RICH ON OIL IN A CRISIS! CALCULATE Y0UR POSSIBLE PROFITS CLICK HERE: ceqasimo.halusyof.com/0jka?7,PROFIT FROM <AMOUNT> PER DAY. GET RICH ON OIL IN A CRISIS! CALCULATE Y0UR POSSIBLE PROFITS CLICK HERE: <URL>?7,phishing_messages_row,smishing,accepted,candidate,True,original_unredacted,cleaned_from_raw,replaced_from_91k_pool,Redacted-only gathered row replaced by raw-available smishing candidate from 91k pool.,replaced_with_raw_available_candidate,ncsu_sms_phishing_012771,gathered_imc25_english_smish_07771,true,false,false,original_source=Smishing-Dataset-IMC25; scam_category=others; strict-clean approved gathered smishing row. | raw_recovery: source candidate ncsu_sms_phishing_012771; source_url=https://github.com/wspr-ncsu/sms-phishing; scam_category=other,False,0,,pass_raw,Strict raw accepted after repair validation; original audit status=pass_raw; sms_likeness_status=likely_sms.,127,23,False,likely_sms,kept_strict_raw,True,,profit from < > per day get rich on oil in a crisis calculate y0ur possible profits click here < >,camp_000171,2,campaign_representative,True,selected under max 1 per template cap
replacement_ncsu_sms_phishing_012993,SMS Phishing Dataset,wspr-ncsu/sms-phishing,raw_recovery_91k_pool,ncsu_sms_phishing_012993,PROFIT FROM $559 PER DAY. GET RICH ON OIL IN A CRISIS! CALCULATE YOUR P0SSIBLE PR0FITS CLICK HERE: ceqasimo.halusyof.com/0jka?6,PROFIT FROM <AMOUNT> PER DAY. GET RICH ON OIL IN A CRISIS! CALCULATE YOUR P0SSIBLE PR0FITS CLICK HERE: <URL>?6,phishing_messages_row,smishing,accepted,candidate,True,original_unredacted,cleaned_from_raw,replaced_from_91k_pool,Redacted-only gathered row replaced by raw-available smishing candidate from 91k pool.,replaced_with_raw_available_candidate,ncsu_sms_phishing_012993,gathered_imc25_english_smish_08275,true,false,false,original_source=Smishing-Dataset-IMC25; scam_category=banking; strict-clean approved gathered smishing row. | raw_recovery: source candidate ncsu_sms_phishing_012993; source_url=https://github.com/wspr-ncsu/sms-phishing; scam_category=other,False,0,,pass_raw,Strict raw accepted after repair validation; original audit status=pass_raw; sms_likeness_status=likely_sms.,127,23,False,likely_sms,kept_strict_raw,True,,profit from < > per day get rich on oil in a crisis calculate your p0ssible pr0fits click here < >,camp_000172,2,campaign_representative,True,selected under max 1 per template cap
replacement_ncsu_sms_phishing_013141,SMS Phishing Dataset,wspr-ncsu/sms-phishing,raw_recovery_91k_pool,ncsu_sms_phishing_013141,PROFIT FROM $463 PER DAY. GET RICH ON OIL IN A CRISIS! CALCULATE YOUR POSSIBLE PR0FITS CLICK HERE: ceqasimo.halusyof.com/0jka?3,PROFIT FROM <AMOUNT> PER DAY. GET RICH ON OIL IN A CRISIS! CALCULATE YOUR POSSIBLE PR0FITS CLICK HERE: <URL>?3,phishing_messages_row,smishing,accepted,candidate,True,original_unredacted,cleaned_from_raw,replaced_from_91k_pool,Redacted-only gathered row replaced by raw-available smishing candidate from 91k pool.,replaced_with_raw_available_candidate,ncsu_sms_phishing_013141,gathered_imc25_english_smish_08508,true,false,false,original_source=Smishing-Dataset-IMC25; scam_category=banking; strict-clean approved gathered smishing row. | raw_recovery: source candidate ncsu_sms_phishing_013141; source_url=https://github.com/wspr-ncsu/sms-phishing; scam_category=other,False,0,,pass_raw,Strict raw accepted after repair validation; original audit status=pass_raw; sms_likeness_status=likely_sms.,127,23,False,likely_sms,kept_strict_raw,True,,profit from < > per day get rich on oil in a crisis calculate your possible pr0fits click here < >,camp_000173,2,campaign_representative,True,selected under max 1 per template cap
replacement_ncsu_sms_phishing_012874,SMS Phishing Dataset,wspr-ncsu/sms-phishing,raw_recovery_91k_pool,ncsu_sms_phishing_012874,PROFIT FROM $805 PER DAY. GET RICH ON OIL IN A CRISIS! CALCULATE YOUR POSSIBLE PROFITS CLICK HERE: ceqasimo.halusyof.com/0jka?3,PROFIT FROM <AMOUNT> PER DAY. GET RICH ON OIL IN A CRISIS! CALCULATE YOUR POSSIBLE PROFITS CLICK HERE: <URL>?3,phishing_messages_row,smishing,accepted,candidate,True,original_unredacted,cleaned_from_raw,replaced_from_91k_pool,Redacted-only gathered row replaced by raw-available smishing candidate from 91k pool.,replaced_with_raw_available_candidate,ncsu_sms_phishing_012874,gathered_imc25_english_smish_08098,true,false,false,original_source=Smishing-Dataset-IMC25; scam_category=banking; strict-clean approved gathered smishing row. | raw_recovery: source candidate ncsu_sms_phishing_012874; source_url=https://github.com/wspr-ncsu/sms-phishing; scam_category=other,False,0,,pass_raw,Strict raw accepted after repair validation; original audit status=pass_raw; sms_likeness_status=likely_sms.,127,23,False,likely_sms,kept_strict_raw,True,,profit from < > per day get rich on oil in a crisis calculate your possible profits click here < >,camp_000174,2,campaign_representative,True,selected under max 1 per template cap
strict_replacement_ncsu_sms_phishing_015756,SMS Phishing Dataset,wspr-ncsu/sms-phishing,strict_raw_replacement_91k_pool,ncsu_sms_phishing_015756,"R1 Your code is:645635. Do not share it with anyone. If you do NOT recognise this, visit: https://cancel84612677-binance-com.web.app/","R1 Your code is:645635. Do not share it with anyone. If you do NOT recognise this, visit: <URL>",phishing_messages_row,smishing,accepted,candidate,True,original_unredacted,cleaned_from_raw,replaced_from_91k_pool,Placeholder/anonymized raw row replaced by strict raw-available smishing candidate from 91k pool.,replaced_with_raw_available_candidate,ncsu_sms_phishing_015756,replacement_imc25_english_smish_12532,false,false,false,original_source=Smishing-Dataset-IMC25; scam_category=banking; strict-clean approved gathered smishing row. | raw_recovery: source candidate imc25_english_smish_12532; source_url=https://github.com/reportsmishing/Smishing-Dataset-IMC25; scam_category=banking,False,0,,pass_raw,Strict raw accepted after repair validation; original audit status=pass_raw; sms_likeness_status=likely_sms.,133,24,False,likely_sms,replaced_with_strict_raw_candidate,True,,r1 your code is < > do not share it with anyone if you do not recognise this visit < >,camp_000175,2,campaign_representative,True,selected under max 1 per template cap
replacement_imc25_english_smish_07615,Smishing-Dataset-IMC25,reportsmishing/Smishing-Dataset-IMC25,raw_recovery_91k_pool,imc25_english_smish_07615,Regards Customer Please upload the requested document using the link provided.,Regards Customer Please upload the requested document using the link provided.,smishing_corpus_row,smishing,accepted,candidate,True,original_unredacted,cleaned_from_raw,replaced_from_91k_pool,Redacted-only gathered row replaced by raw-available smishing candidate from 91k pool.,replaced_with_raw_available_candidate,imc25_english_smish_07615,gathered_imc25_english_smish_04779,false,false,false,original_source=Smishing-Dataset-IMC25; scam_category=government; strict-clean approved gathered smishing row. | raw_recovery: source candidate imc25_english_smish_07615; source_url=https://github.com/reportsmishing/Smishing-Dataset-IMC25; scam_category=others,False,0,,pass_raw,Strict raw accepted after repair validation; original audit status=pass_raw; sms_likeness_status=likely_sms.,78,11,False,likely_sms,kept_strict_raw,True,,regards customer please upload the requested document using the link provided,camp_000176,2,campaign_representative,True,selected under max 1 per template cap
replacement_ncsu_sms_phishing_017576,SMS Phishing Dataset,wspr-ncsu/sms-phishing,raw_recovery_91k_pool,ncsu_sms_phishing_017576,Secure AIert (MyGov): your account has been restricted for security reasons VlSIT:nightowldrink.com/MyGov/ to restore account,Secure AIert (MyGov): your account has been restricted for security reasons VlSIT:<URL> to restore account,phishing_messages_row,smishing,accepted,candidate,True,original_unredacted,cleaned_from_raw,replaced_from_91k_pool,Redacted-only gathered row replaced by raw-available smishing candidate from 91k pool.,replaced_with_raw_available_candidate,ncsu_sms_phishing_017576,gathered_imc25_english_smish_09734,true,false,false,original_source=Smishing-Dataset-IMC25; scam_category=banking; strict-clean approved gathered smishing row. | raw_recovery: source candidate ncsu_sms_phishing_017576; source_url=https://github.com/wspr-ncsu/sms-phishing; scam_category=other,False,0,,pass_raw,Strict raw accepted after repair validation; original audit status=pass_raw; sms_likeness_status=likely_sms.,125,18,False,likely_sms,kept_strict_raw,True,,secure aiert mygov your account has been restricted for security reasons vlsit < > to restore account,camp_000177,2,campaign_representative,True,selected under max 1 per template cap
strict_replacement_imc25_english_smish_17517,Smishing-Dataset-IMC25,reportsmishing/Smishing-Dataset-IMC25,strict_raw_replacement_91k_pool,imc25_english_smish_17517,"send a verification code. With your permission, if I request the code, could you text it back to me? If not, that's totally fine.
Thank you so much!!
I just requested it
You're a life saver. Thank you so much and sorry for bothering you.","send a verification code. With your permission, if I request the code, could you text it back to me? If not, that's totally fine. Thank you so much!! I just requested it You're a life saver. Thank you so much and sorry for bothering you.",smishing_corpus_row,smishing,accepted,candidate,True,original_unredacted,cleaned_from_raw,replaced_from_91k_pool,Placeholder/anonymized raw row replaced by strict raw-available smishing candidate from 91k pool.,replaced_with_raw_available_candidate,imc25_english_smish_17517,replacement_imc25_english_smish_17524,false,false,false,original_source=Smishing-Dataset-IMC25; scam_category=banking; strict-clean approved gathered smishing row. | raw_recovery: source candidate imc25_english_smish_17524; source_url=https://github.com/reportsmishing/Smishing-Dataset-IMC25; scam_category=others,False,0,,pass_raw,Strict raw accepted after repair validation; original audit status=pass_raw; sms_likeness_status=likely_sms.,237,47,False,likely_sms,replaced_with_strict_raw_candidate,True,,send a verification < > with your permission if i request the code could you text it back to me if not that s totally fine thank you so much i just requested it you re a life saver thank you so much and sorry for bothering you,camp_000178,2,campaign_representative,True,selected under max 1 per template cap
replacement_imc25_english_smish_00733,Smishing-Dataset-IMC25,reportsmishing/Smishing-Dataset-IMC25,raw_recovery_91k_pool,imc25_english_smish_00733,The USPS package has arrived at the warehouse and cannot be delivered due to incomplete address information. Please confirm your address in the link,The USPS package has arrived at the warehouse and cannot be delivered due to incomplete address information. Please confirm your address in the link,smishing_corpus_row,smishing,accepted,candidate,True,original_unredacted,cleaned_from_raw,replaced_from_91k_pool,Redacted-only gathered row replaced by raw-available smishing candidate from 91k pool.,replaced_with_raw_available_candidate,imc25_english_smish_00733,gathered_imc25_english_smish_01317,false,false,false,original_source=Smishing-Dataset-IMC25; scam_category=government; strict-clean approved gathered smishing row. | raw_recovery: source candidate imc25_english_smish_00733; source_url=https://github.com/reportsmishing/Smishing-Dataset-IMC25; scam_category=delivery,False,0,,pass_raw,Strict raw accepted after repair validation; original audit status=pass_raw; sms_likeness_status=likely_sms.,148,24,False,likely_sms,kept_strict_raw,True,,the usps package has arrived at the warehouse and cannot be delivered due to incomplete address information please confirm your address in the link,camp_000179,2,campaign_representative,True,selected under max 1 per template cap
replacement_ncsu_sms_phishing_012331,SMS Phishing Dataset,wspr-ncsu/sms-phishing,raw_recovery_91k_pool,ncsu_sms_phishing_012331,there is not need code mesg 47273 www.smszr.net/jfsj,there is not need code mesg 47273 <URL>,phishing_messages_row,smishing,accepted,candidate,True,original_unredacted,cleaned_from_raw,replaced_from_91k_pool,Redacted-only gathered row replaced by raw-available smishing candidate from 91k pool.,replaced_with_raw_available_candidate,ncsu_sms_phishing_012331,gathered_imc25_english_smish_07609,true,false,false,original_source=Smishing-Dataset-IMC25; scam_category=banking; strict-clean approved gathered smishing row. | raw_recovery: source candidate ncsu_sms_phishing_012331; source_url=https://github.com/wspr-ncsu/sms-phishing; scam_category=other,False,0,,pass_raw,Strict raw accepted after repair validation; original audit status=pass_raw; sms_likeness_status=likely_sms.,52,11,False,likely_sms,kept_strict_raw,True,,there is not need code < > < > < >,camp_000180,2,campaign_representative,True,selected under max 1 per template cap
replacement_ncsu_sms_phishing_002380,SMS Phishing Dataset,wspr-ncsu/sms-phishing,raw_recovery_91k_pool,ncsu_sms_phishing_002380,There was an attempted transaction of 93 on your account to the company Amazon. If this was NOT you visit VerifyActivity.net,There was an attempted transaction of 93 on your account to the company Amazon. If this was NOT you visit <URL>,phishing_messages_row,smishing,accepted,candidate,True,original_unredacted,cleaned_from_raw,replaced_from_91k_pool,Redacted-only gathered row replaced by raw-available smishing candidate from 91k pool.,replaced_with_raw_available_candidate,ncsu_sms_phishing_002380,gathered_imc25_english_smish_02436,true,false,false,original_source=Smishing-Dataset-IMC25; scam_category=banking; strict-clean approved gathered smishing row. | raw_recovery: source candidate ncsu_sms_phishing_002380; source_url=https://github.com/wspr-ncsu/sms-phishing; scam_category=other,False,0,,pass_raw,Strict raw accepted after repair validation; original audit status=pass_raw; sms_likeness_status=likely_sms.,124,22,False,likely_sms,kept_strict_raw,True,,there was an attempted transaction of 93 on your account to the company amazon if this was not you visit < >,camp_000181,2,campaign_representative,True,selected under max 1 per template cap
replacement_imc25_english_smish_08021,Smishing-Dataset-IMC25,reportsmishing/Smishing-Dataset-IMC25,raw_recovery_91k_pool,imc25_english_smish_08021,There was an error processing your credit card: a duplicate transaction of AUD 441.58 has been submitted. Unauthorised? Click here,There was an error processing your credit card: a duplicate transaction of AUD 441.58 has been submitted. Unauthorised? Click here,smishing_corpus_row,smishing,accepted,candidate,True,original_unredacted,cleaned_from_raw,replaced_from_91k_pool,Redacted-only gathered row replaced by raw-available smishing candidate from 91k pool.,replaced_with_raw_available_candidate,imc25_english_smish_08021,gathered_imc25_english_smish_05213,false,false,false,original_source=Smishing-Dataset-IMC25; scam_category=delivery; strict-clean approved gathered smishing row. | raw_recovery: source candidate imc25_english_smish_08021; source_url=https://github.com/reportsmishing/Smishing-Dataset-IMC25; scam_category=banking,False,0,,pass_raw,Strict raw accepted after repair validation; original audit status=pass_raw; sms_likeness_status=likely_sms.,130,21,False,likely_sms,kept_strict_raw,True,,there was an error processing your credit card a duplicate transaction of aud < > has been submitted unauthorised click here,camp_000182,2,campaign_representative,True,selected under max 1 per template cap
replacement_ncsu_sms_phishing_005800,SMS Phishing Dataset,wspr-ncsu/sms-phishing,raw_recovery_91k_pool,ncsu_sms_phishing_005800,"To restore access back to your account, please visit: bendigo-accountsecurity.com REF ID: 1286","To restore access back to your account, please visit: <URL> REF ID: 1286",phishing_messages_row,smishing,accepted,candidate,True,original_unredacted,cleaned_from_raw,replaced_from_91k_pool,Redacted-only gathered row replaced by raw-available smishing candidate from 91k pool.,replaced_with_raw_available_candidate,ncsu_sms_phishing_005800,gathered_imc25_english_smish_04020,true,false,false,original_source=Smishing-Dataset-IMC25; scam_category=banking; strict-clean approved gathered smishing row. | raw_recovery: source candidate ncsu_sms_phishing_005800; source_url=https://github.com/wspr-ncsu/sms-phishing; scam_category=other,False,0,,pass_raw,Strict raw accepted after repair validation; original audit status=pass_raw; sms_likeness_status=likely_sms.,94,15,False,likely_sms,kept_strict_raw,True,,to restore access back to your account please visit < > ref id < >,camp_000183,2,campaign_representative,True,selected under max 1 per template cap
strict_replacement_imc25_english_smish_15876,Smishing-Dataset-IMC25,reportsmishing/Smishing-Dataset-IMC25,strict_raw_replacement_91k_pool,imc25_english_smish_15876,Train No 12159 has been cancelled due to unavoidable circumstances. Inconvenience caused to passengers is deeply regretted.,Train No 12159 has been cancelled due to unavoidable circumstances. Inconvenience caused to passengers is deeply regretted.,smishing_corpus_row,smishing,accepted,candidate,True,original_unredacted,cleaned_from_raw,replaced_from_91k_pool,Placeholder/anonymized raw row replaced by strict raw-available smishing candidate from 91k pool.,replaced_with_raw_available_candidate,imc25_english_smish_15876,replacement_imc25_english_smish_15770,false,false,false,original_source=Smishing-Dataset-IMC25; scam_category=government; strict-clean approved gathered smishing row. | raw_recovery: source candidate imc25_english_smish_15770; source_url=https://github.com/reportsmishing/Smishing-Dataset-IMC25; scam_category=government,False,0,,pass_raw,Strict raw accepted after repair validation; original audit status=review_sms_likeness; sms_likeness_status=needs_review.,123,17,False,needs_review,replaced_with_strict_raw_candidate,True,,train no < > has been cancelled due to unavoidable circumstances inconvenience caused to passengers is deeply regretted,camp_000184,2,campaign_representative,True,selected under max 1 per template cap
strict_replacement_ncsu_sms_phishing_000945,SMS Phishing Dataset,wspr-ncsu/sms-phishing,strict_raw_replacement_91k_pool,ncsu_sms_phishing_000945,U S P S / ORDER #154102 Delivery : We need to update your shipping and pay fee for delivery please visit: https://check-my-trackupdate.tabgun.com/,U S P S / ORDER #154102 Delivery: We need to update your shipping and pay fee for delivery please visit: <URL>,phishing_messages_row,smishing,accepted,candidate,True,original_unredacted,cleaned_from_raw,replaced_from_91k_pool,Placeholder/anonymized raw row replaced by strict raw-available smishing candidate from 91k pool.,kept_original_raw_available,ncsu_sms_phishing_000945,gathered_imc25_english_smish_01216,false,false,false,original_source=Smishing-Dataset-IMC25; scam_category=government; strict-clean approved gathered smishing row.,False,0,,pass_raw,Strict raw accepted after repair validation; original audit status=pass_raw; sms_likeness_status=likely_sms.,146,26,False,likely_sms,replaced_with_strict_raw_candidate,True,,u s p s order < > delivery we need to update your shipping and pay fee for delivery please visit < >,camp_000185,2,campaign_representative,True,selected under max 1 per template cap
replacement_imc25_english_smish_18283,Smishing-Dataset-IMC25,reportsmishing/Smishing-Dataset-IMC25,raw_recovery_91k_pool,imc25_english_smish_18283,UnClaimed ASSETS -ALERT: Our records show 266.77 may be owed to you,UnClaimed ASSETS -ALERT: Our records show 266.77 may be owed to you,smishing_corpus_row,smishing,accepted,candidate,True,original_unredacted,cleaned_from_raw,replaced_from_91k_pool,Redacted-only gathered row replaced by raw-available smishing candidate from 91k pool.,replaced_with_raw_available_candidate,imc25_english_smish_18283,gathered_imc25_english_smish_13147,false,false,false,original_source=Smishing-Dataset-IMC25; scam_category=banking; strict-clean approved gathered smishing row. | raw_recovery: source candidate imc25_english_smish_18283; source_url=https://github.com/reportsmishing/Smishing-Dataset-IMC25; scam_category=others,False,0,,pass_raw,Strict raw accepted after repair validation; original audit status=pass_raw; sms_likeness_status=likely_sms.,67,13,False,likely_sms,kept_strict_raw,True,,unclaimed assets alert our records show < > may be owed to you,camp_000186,2,campaign_representative,True,selected under max 1 per template cap
strict_replacement_imc25_english_smish_04344,Smishing-Dataset-IMC25,reportsmishing/Smishing-Dataset-IMC25,strict_raw_replacement_91k_pool,imc25_english_smish_04344,United we stand divided we fall. Let’s put our differences aside and work together to support the new administration towards a secured future for our Nation. Nigeria: Better Together!,United we stand divided we fall. Let’s put our differences aside and work together to support the new administration towards a secured future for our Nation. Nigeria: Better Together!,smishing_corpus_row,smishing,accepted,candidate,True,original_unredacted,cleaned_from_raw,replaced_from_91k_pool,Placeholder/anonymized raw row replaced by strict raw-available smishing candidate from 91k pool.,replaced_with_raw_available_candidate,imc25_english_smish_04344,replacement_imc25_english_smish_04324,false,false,false,original_source=Smishing-Dataset-IMC25; scam_category=delivery; strict-clean approved gathered smishing row. | raw_recovery: source candidate imc25_english_smish_04324; source_url=https://github.com/reportsmishing/Smishing-Dataset-IMC25; scam_category=hey mum/dad,False,0,,pass_raw,Strict raw accepted after repair validation; original audit status=review_sms_likeness; sms_likeness_status=needs_review.,183,30,False,needs_review,replaced_with_strict_raw_candidate,True,,united we stand divided we fall let s put our differences aside and work together to support the new administration towards a secured future for our nation nigeria better together,camp_000187,2,campaign_representative,True,selected under max 1 per template cap
replacement_imc25_english_smish_08015,Smishing-Dataset-IMC25,reportsmishing/Smishing-Dataset-IMC25,raw_recovery_91k_pool,imc25_english_smish_08015,"Update:Dear ANZ Customer, We recommend you update your Online Banking details and reconfirm (PVQ) Personal Verification Questions and answer you have in file with us. Click link below.","Update:Dear ANZ Customer, We recommend you update your Online Banking details and reconfirm (PVQ) Personal Verification Questions and answer you have in file with us. Click link below.",smishing_corpus_row,smishing,accepted,candidate,True,original_unredacted,cleaned_from_raw,replaced_from_91k_pool,Redacted-only gathered row replaced by raw-available smishing candidate from 91k pool.,replaced_with_raw_available_candidate,imc25_english_smish_08015,gathered_imc25_english_smish_05184,false,false,false,original_source=Smishing-Dataset-IMC25; scam_category=banking; strict-clean approved gathered smishing row. | raw_recovery: source candidate imc25_english_smish_08015; source_url=https://github.com/reportsmishing/Smishing-Dataset-IMC25; scam_category=banking,False,0,,pass_raw,Strict raw accepted after repair validation; original audit status=pass_raw; sms_likeness_status=likely_sms.,184,29,False,likely_sms,kept_strict_raw,True,,update dear anz customer we recommend you update your online banking details and reconfirm pvq personal verification < > and answer you have in file with us click link below,camp_000188,2,campaign_representative,True,selected under max 1 per template cap
replacement_ncsu_sms_phishing_017728,SMS Phishing Dataset,wspr-ncsu/sms-phishing,raw_recovery_91k_pool,ncsu_sms_phishing_017728,"Update your profiIe to proceed with your refund of $30,560 AUD. CIick solmother.com/SecuredMYGo to complete the process",Update your profiIe to proceed with your refund of <AMOUNT> AUD. CIick <URL> to complete the process,phishing_messages_row,smishing,accepted,candidate,True,original_unredacted,cleaned_from_raw,replaced_from_91k_pool,Redacted-only gathered row replaced by raw-available smishing candidate from 91k pool.,replaced_with_raw_available_candidate,ncsu_sms_phishing_017728,gathered_imc25_english_smish_09961,true,false,false,original_source=Smishing-Dataset-IMC25; scam_category=banking; strict-clean approved gathered smishing row. | raw_recovery: source candidate ncsu_sms_phishing_017728; source_url=https://github.com/wspr-ncsu/sms-phishing; scam_category=other,False,0,,pass_raw,Strict raw accepted after repair validation; original audit status=pass_raw; sms_likeness_status=likely_sms.,119,20,False,likely_sms,kept_strict_raw,True,,update your profiie to proceed with your refund of < > aud ciick < > to complete the process,camp_000189,2,campaign_representative,True,selected under max 1 per template cap
strict_replacement_imc25_english_smish_19316,Smishing-Dataset-IMC25,reportsmishing/Smishing-Dataset-IMC25,strict_raw_replacement_91k_pool,imc25_english_smish_19316,Urgent action required! Call us IMMEDIATELY to avoid charges,Urgent action required! Call us IMMEDIATELY to avoid charges,smishing_corpus_row,smishing,accepted,candidate,True,original_unredacted,cleaned_from_raw,replaced_from_91k_pool,Placeholder/anonymized raw row replaced by strict raw-available smishing candidate from 91k pool.,replaced_with_raw_available_candidate,imc25_english_smish_19316,replacement_imc25_english_smish_19511,false,false,false,original_source=Smishing-Dataset-IMC25; scam_category=banking; strict-clean approved gathered smishing row. | raw_recovery: source candidate imc25_english_smish_19511; source_url=https://github.com/reportsmishing/Smishing-Dataset-IMC25; scam_category=others,False,0,,pass_raw,Strict raw accepted after repair validation; original audit status=pass_raw; sms_likeness_status=likely_sms.,60,9,False,likely_sms,replaced_with_strict_raw_candidate,True,,urgent action required call us immediately to avoid charges,camp_000190,2,campaign_representative,True,selected under max 1 per template cap
mishra_003664,Mishra & Soni,SMS Phishing Dataset for Machine Learning and Pattern Recognition,public_baseline,3664,"Urgent! call 09066350760 from your landline. Your complimentary 4* Ibiza Holiday or 20,000 cash await collection SAE T&Cs PO BOX 434 SK3 8WP 150 ppm 18+","Urgent! call <PHONE> from your landline. Your complimentary 4* Ibiza Holiday or 20,000 cash await collection SAE T&Cs PO BOX 434 SK3 8WP 150 ppm 18+",Smishing,smishing,accepted,accepted,True,original_unredacted,cleaned_from_raw,found_in_source_archive,Recovered source text from the original source archive using source_row_id.,,,,false,false,true,URL=No; EMAIL=No; PHONE=yes. Mishra spam is preserved for later smishing relabel review.,False,0,,pass_raw,Strict raw accepted after repair validation; original audit status=pass_raw; sms_likeness_status=likely_sms.,152,28,False,likely_sms,kept_strict_raw,True,,urgent call < > from your landline your complimentary 4 ibiza holiday or < > cash await collection sae t cs po box < > sk3 8wp < > ppm 18,camp_000191,2,campaign_representative,True,selected under max 1 per template cap
strict_replacement_ncsu_sms_phishing_017628,SMS Phishing Dataset,wspr-ncsu/sms-phishing,strict_raw_replacement_91k_pool,ncsu_sms_phishing_017628,"Visit lilliflynn.com/MyGov1/ to prevent tax fraud.Due to fraudulent activity, your ATO account has been deleted.Indicator: 41B6862","Visit <URL> to prevent tax fraud.Due to fraudulent activity, your ATO account has been deleted.Indicator: 41B6862",phishing_messages_row,smishing,accepted,candidate,True,original_unredacted,cleaned_from_raw,replaced_from_91k_pool,Placeholder/anonymized raw row replaced by strict raw-available smishing candidate from 91k pool.,replaced_with_raw_available_candidate,ncsu_sms_phishing_017628,replacement_imc25_english_smish_17195,false,false,false,original_source=Smishing-Dataset-IMC25; scam_category=banking; strict-clean approved gathered smishing row. | raw_recovery: source candidate imc25_english_smish_17195; source_url=https://github.com/reportsmishing/Smishing-Dataset-IMC25; scam_category=others,False,0,,pass_raw,Strict raw accepted after repair validation; original audit status=pass_raw; sms_likeness_status=likely_sms.,130,20,False,likely_sms,replaced_with_strict_raw_candidate,True,,visit < > to prevent tax fraud due to fraudulent activity your ato account has been deleted indicator 41b6862,camp_000192,2,campaign_representative,True,selected under max 1 per template cap
strict_replacement_ncsu_sms_phishing_014967,SMS Phishing Dataset,wspr-ncsu/sms-phishing,strict_raw_replacement_91k_pool,ncsu_sms_phishing_014967,We have attempted to deliver your package But there is an unpaid customs charge. Follow the instructions here https://bit.do/package-il (C)2022DhI Ex,We have attempted to deliver your package But there is an unpaid customs charge. Follow the instructions here <URL> (C)2022DhI Ex,phishing_messages_row,smishing,accepted,candidate,True,original_unredacted,cleaned_from_raw,replaced_from_91k_pool,Placeholder/anonymized raw row replaced by strict raw-available smishing candidate from 91k pool.,replaced_with_raw_available_candidate,ncsu_sms_phishing_014967,replacement_imc25_english_smish_12028,false,false,false,original_source=Smishing-Dataset-IMC25; scam_category=banking; strict-clean approved gathered smishing row. | raw_recovery: source candidate imc25_english_smish_12028; source_url=https://github.com/reportsmishing/Smishing-Dataset-IMC25; scam_category=banking,False,0,,pass_raw,Strict raw accepted after repair validation; original audit status=pass_raw; sms_likeness_status=likely_sms.,149,26,False,likely_sms,replaced_with_strict_raw_candidate,True,,we have attempted to deliver your package but there is an unpaid customs charge follow the instructions here < > c 2022dhi ex,camp_000193,2,campaign_representative,True,selected under max 1 per template cap
strict_replacement_ncsu_sms_phishing_008024,SMS Phishing Dataset,wspr-ncsu/sms-phishing,strict_raw_replacement_91k_pool,ncsu_sms_phishing_008024,"We noticed suspicious activity on your account and had to suspend it, please veri fy identity to resume normal use:www.kofamerica.cc...","We noticed suspicious activity on your account and had to suspend it, please veri fy identity to resume normal use:<URL>",phishing_messages_row,smishing,accepted,candidate,True,original_unredacted,cleaned_from_raw,replaced_from_91k_pool,Placeholder/anonymized raw row replaced by strict raw-available smishing candidate from 91k pool.,replaced_with_raw_available_candidate,ncsu_sms_phishing_008024,replacement_imc25_english_smish_07731,false,false,false,original_source=Smishing-Dataset-IMC25; scam_category=banking; strict-clean approved gathered smishing row. | raw_recovery: source candidate imc25_english_smish_07731; source_url=https://github.com/reportsmishing/Smishing-Dataset-IMC25; scam_category=banking,False,0,,pass_raw,Strict raw accepted after repair validation; original audit status=pass_raw; sms_likeness_status=likely_sms.,135,23,False,likely_sms,replaced_with_strict_raw_candidate,True,,we noticed suspicious activity on your account and had to suspend it please veri fy identity to resume normal use < >,camp_000194,2,campaign_representative,True,selected under max 1 per template cap
strict_replacement_imc25_english_smish_05795,Smishing-Dataset-IMC25,reportsmishing/Smishing-Dataset-IMC25,strict_raw_replacement_91k_pool,imc25_english_smish_05795,We regret to inform you that your Netflix membership has been placed on hold due to issues with your billing information. We kindly request to update your billing information as soon as possible to continue using your account without any interruption. To update your billing information please follow the instructions by click on link below :,We regret to inform you that your Netflix membership has been placed on hold due to issues with your billing information. We kindly request to update your billing information as soon as possible to continue using your account without any interruption. To update your billing information please follow the instructions by click on link below:,smishing_corpus_row,smishing,accepted,candidate,True,original_unredacted,cleaned_from_raw,replaced_from_91k_pool,Placeholder/anonymized raw row replaced by strict raw-available smishing candidate from 91k pool.,replaced_with_raw_available_candidate,imc25_english_smish_05795,replacement_imc25_english_smish_05842,false,false,false,original_source=Smishing-Dataset-IMC25; scam_category=banking; strict-clean approved gathered smishing row. | raw_recovery: source candidate imc25_english_smish_05842; source_url=https://github.com/reportsmishing/Smishing-Dataset-IMC25; scam_category=delivery,False,0,,pass_raw,Strict raw accepted after repair validation; original audit status=review_too_long; sms_likeness_status=possible_multipart_sms.,342,55,True,possible_multipart_sms,replaced_with_strict_raw_candidate,True,,we regret to inform you that your netflix membership has been placed on hold due to issues with your billing information we kindly request to update your billing information as soon as possible to continue using your account without any interruption to update your billing information please follow the instructions by click on link below,camp_000195,2,campaign_representative,True,selected under max 1 per template cap
strict_replacement_imc25_english_smish_05202,Smishing-Dataset-IMC25,reportsmishing/Smishing-Dataset-IMC25,strict_raw_replacement_91k_pool,imc25_english_smish_05202,We regret to inform you that your Netflix membership has been placed on hold due to issues with your billing information. We kindly request to update your billing information as soon as possible to continue using your account without any interruption. To using your account as normally please follow the instructions by click on link below :,We regret to inform you that your Netflix membership has been placed on hold due to issues with your billing information. We kindly request to update your billing information as soon as possible to continue using your account without any interruption. To using your account as normally please follow the instructions by click on link below:,smishing_corpus_row,smishing,accepted,candidate,True,original_unredacted,cleaned_from_raw,replaced_from_91k_pool,Placeholder/anonymized raw row replaced by strict raw-available smishing candidate from 91k pool.,replaced_with_raw_available_candidate,imc25_english_smish_05202,replacement_imc25_english_smish_05346,false,false,false,original_source=Smishing-Dataset-IMC25; scam_category=telecom; strict-clean approved gathered smishing row. | raw_recovery: source candidate imc25_english_smish_05346; source_url=https://github.com/reportsmishing/Smishing-Dataset-IMC25; scam_category=spam,False,0,,pass_raw,Strict raw accepted after repair validation; original audit status=review_too_long; sms_likeness_status=possible_multipart_sms.,341,56,True,possible_multipart_sms,replaced_with_strict_raw_candidate,True,,we regret to inform you that your netflix membership has been placed on hold due to issues with your billing information we kindly request to update your billing information as soon as possible to continue using your account without any interruption to using your account as normally please follow the instructions by click on link below,camp_000196,2,campaign_representative,True,selected under max 1 per template cap
gathered_smishx_smishing_0064,SmishX,Gathered approved smishing 7k,gathered_approved_smishing,smishx_smishing_0064,We sincerely invite you to join our WS exchange group to share and exchange B-T.C together Earn 1000-5000 per day https://lihi2.cc/rlEbq,We sincerely invite you to join our WS exchange group to share and exchange B-T.C together Earn <PHONE> per day <URL>,smishing,smishing,accepted,approved,True,original_unredacted,cleaned_from_raw,found_in_source_archive,Selected gathered final `message_raw` as the least-redacted available text.,kept_original_raw_available,,,false,false,false,original_source=SmishX; scam_category=other; strict-clean approved gathered smishing row.,False,0,,pass_raw,Strict raw accepted after repair validation; original audit status=pass_raw; sms_likeness_status=likely_sms.,136,27,False,likely_sms,kept_strict_raw,True,,we sincerely invite you to join our ws exchange group to share and exchange b t c together earn < > per day < >,camp_000197,2,campaign_representative,True,selected under max 1 per template cap
strict_replacement_ncsu_sms_phishing_002362,SMS Phishing Dataset,wspr-ncsu/sms-phishing,strict_raw_replacement_91k_pool,ncsu_sms_phishing_002362,"Westpac:New device login detected, if it WAS not you, follow: https://newpayee-unverified-au.com/","Westpac:New device login detected, if it WAS not you, follow: <URL>",phishing_messages_row,smishing,accepted,candidate,True,original_unredacted,cleaned_from_raw,replaced_from_91k_pool,Placeholder/anonymized raw row replaced by strict raw-available smishing candidate from 91k pool.,replaced_with_raw_available_candidate,ncsu_sms_phishing_002362,replacement_imc25_english_smish_02712,false,false,false,original_source=Smishing-Dataset-IMC25; scam_category=others; strict-clean approved gathered smishing row. | raw_recovery: source candidate imc25_english_smish_02712; source_url=https://github.com/reportsmishing/Smishing-Dataset-IMC25; scam_category=banking,False,0,,pass_raw,Strict raw accepted after repair validation; original audit status=pass_raw; sms_likeness_status=likely_sms.,97,16,False,likely_sms,replaced_with_strict_raw_candidate,True,,westpac new device login detected if it was not you follow < >,camp_000198,2,campaign_representative,True,selected under max 1 per template cap
replacement_ncsu_sms_phishing_017847,SMS Phishing Dataset,wspr-ncsu/sms-phishing,raw_recovery_91k_pool,ncsu_sms_phishing_017847,"You are eligible for a Tax Refund of 9,057 , click on this link to authenticate your account infra-solve.com/myG0V and receive your refund .","You are eligible for a Tax Refund of 9,057, click on this link to authenticate your account <URL> and receive your refund.",phishing_messages_row,smishing,accepted,candidate,True,original_unredacted,cleaned_from_raw,replaced_from_91k_pool,Redacted-only gathered row replaced by raw-available smishing candidate from 91k pool.,replaced_with_raw_available_candidate,ncsu_sms_phishing_017847,gathered_imc25_english_smish_10250,true,false,false,original_source=Smishing-Dataset-IMC25; scam_category=banking; strict-clean approved gathered smishing row. | raw_recovery: source candidate ncsu_sms_phishing_017847; source_url=https://github.com/wspr-ncsu/sms-phishing; scam_category=other,False,0,,pass_raw,Strict raw accepted after repair validation; original audit status=pass_raw; sms_likeness_status=likely_sms.,140,26,False,likely_sms,kept_strict_raw,True,,you are eligible for a tax refund of < > click on this link to authenticate your account < > and receive your refund,camp_000199,2,campaign_representative,True,selected under max 1 per template cap
replacement_imc25_english_smish_02554,Smishing-Dataset-IMC25,reportsmishing/Smishing-Dataset-IMC25,raw_recovery_91k_pool,imc25_english_smish_02554,You have a package thats need to be delivered but it has been suspended due to and incorrect delivery address.,You have a package thats need to be delivered but it has been suspended due to and incorrect delivery address.,smishing_corpus_row,smishing,accepted,candidate,True,original_unredacted,cleaned_from_raw,replaced_from_91k_pool,Redacted-only gathered row replaced by raw-available smishing candidate from 91k pool.,replaced_with_raw_available_candidate,imc25_english_smish_02554,gathered_imc25_english_smish_02329,false,false,false,original_source=Smishing-Dataset-IMC25; scam_category=banking; strict-clean approved gathered smishing row. | raw_recovery: source candidate imc25_english_smish_02554; source_url=https://github.com/reportsmishing/Smishing-Dataset-IMC25; scam_category=delivery,False,0,,pass_raw,Strict raw accepted after repair validation; original audit status=pass_raw; sms_likeness_status=likely_sms.,110,20,False,likely_sms,kept_strict_raw,True,,you have a package thats need to be delivered but it has been suspended due to and incorrect delivery address,camp_000200,2,campaign_representative,True,selected under max 1 per template cap
replacement_ncsu_sms_phishing_005146,SMS Phishing Dataset,wspr-ncsu/sms-phishing,raw_recovery_91k_pool,ncsu_sms_phishing_005146,You have an unpaid customs fee. We cannot deliver your package until settled. Go to: en-gb-access.net/express?id=857827 and finalise.,You have an unpaid customs fee. We cannot deliver your package until settled. Go to: <URL>?id=857827 and finalise.,phishing_messages_row,smishing,accepted,candidate,True,original_unredacted,cleaned_from_raw,replaced_from_91k_pool,Redacted-only gathered row replaced by raw-available smishing candidate from 91k pool.,replaced_with_raw_available_candidate,ncsu_sms_phishing_005146,gathered_imc25_english_smish_03806,true,false,false,original_source=Smishing-Dataset-IMC25; scam_category=banking; strict-clean approved gathered smishing row. | raw_recovery: source candidate ncsu_sms_phishing_005146; source_url=https://github.com/wspr-ncsu/sms-phishing; scam_category=other,False,0,,pass_raw,Strict raw accepted after repair validation; original audit status=pass_raw; sms_likeness_status=likely_sms.,133,24,False,likely_sms,kept_strict_raw,True,,you have an unpaid customs fee we cannot deliver your package until settled go to < > and finalise,camp_000201,2,campaign_representative,True,selected under max 1 per template cap
strict_replacement_imc25_english_smish_19983,Smishing-Dataset-IMC25,reportsmishing/Smishing-Dataset-IMC25,strict_raw_replacement_91k_pool,imc25_english_smish_19983,"You have been selected for a FREE $1,000 Bestbuy Giftcard!! Reply 'YES' to claim your prize to get yours now. Only 43 left! Txt out to remove",You have been selected for a FREE <AMOUNT> Bestbuy Giftcard!! Reply 'YES' to claim your prize to get yours now. Only 43 left! Txt out to remove,smishing_corpus_row,smishing,accepted,candidate,True,original_unredacted,cleaned_from_raw,replaced_from_91k_pool,Placeholder/anonymized raw row replaced by strict raw-available smishing candidate from 91k pool.,replaced_with_raw_available_candidate,imc25_english_smish_19983,replacement_imc25_english_smish_20071,false,false,false,original_source=Smishing-Dataset-IMC25; scam_category=banking; strict-clean approved gathered smishing row. | raw_recovery: source candidate imc25_english_smish_20071; source_url=https://github.com/reportsmishing/Smishing-Dataset-IMC25; scam_category=spam,False,0,,pass_raw,Strict raw accepted after repair validation; original audit status=pass_raw; sms_likeness_status=likely_sms.,141,28,False,likely_sms,replaced_with_strict_raw_candidate,True,,you have been selected for a free < > bestbuy giftcard reply yes to claim your prize to get yours now only 43 left txt out to remove,camp_000202,2,campaign_representative,True,selected under max 1 per template cap
replacement_imc25_english_smish_06049,Smishing-Dataset-IMC25,reportsmishing/Smishing-Dataset-IMC25,raw_recovery_91k_pool,imc25_english_smish_06049,"You have been selected for a FREE $1000 Besybuy Giftcard!! Reply ""YES"" to claim your prize to get yours now. Only 43 left! Txt out to remove.","You have been selected for a FREE <AMOUNT> Besybuy Giftcard!! Reply ""YES"" to claim your prize to get yours now. Only 43 left! Txt out to remove.",smishing_corpus_row,smishing,accepted,candidate,True,original_unredacted,cleaned_from_raw,replaced_from_91k_pool,Redacted-only gathered row replaced by raw-available smishing candidate from 91k pool.,replaced_with_raw_available_candidate,imc25_english_smish_06049,gathered_imc25_english_smish_04227,false,false,false,original_source=Smishing-Dataset-IMC25; scam_category=banking; strict-clean approved gathered smishing row. | raw_recovery: source candidate imc25_english_smish_06049; source_url=https://github.com/reportsmishing/Smishing-Dataset-IMC25; scam_category=spam,False,0,,pass_raw,Strict raw accepted after repair validation; original audit status=pass_raw; sms_likeness_status=likely_sms.,141,27,False,likely_sms,kept_strict_raw,True,,you have been selected for a free < > besybuy giftcard reply yes to claim your prize to get yours now only 43 left txt out to remove,camp_000203,2,campaign_representative,True,selected under max 1 per template cap
replacement_ncsu_sms_phishing_017905,SMS Phishing Dataset,wspr-ncsu/sms-phishing,raw_recovery_91k_pool,ncsu_sms_phishing_017905,You haven't visited AIRDROP for more than 325 days. Your account has accumulated free ETH. Please get your Ethereum +1.824 ETH. https://finance-corp.info/255b,You haven't visited AIRDROP for more than 325 days. Your account has accumulated free ETH. Please get your Ethereum +1.824 ETH. <URL>,phishing_messages_row,smishing,accepted,candidate,True,original_unredacted,cleaned_from_raw,replaced_from_91k_pool,Redacted-only gathered row replaced by raw-available smishing candidate from 91k pool.,replaced_with_raw_available_candidate,ncsu_sms_phishing_017905,gathered_imc25_english_smish_10286,true,false,false,original_source=Smishing-Dataset-IMC25; scam_category=banking; strict-clean approved gathered smishing row. | raw_recovery: source candidate ncsu_sms_phishing_017905; source_url=https://github.com/wspr-ncsu/sms-phishing; scam_category=other,False,0,,pass_raw,Strict raw accepted after repair validation; original audit status=pass_raw; sms_likeness_status=likely_sms.,158,28,False,likely_sms,kept_strict_raw,True,,you haven t visited airdrop for more than < > days your account has accumulated free eth please get your ethereum < > eth < >,camp_000204,2,campaign_representative,True,selected under max 1 per template cap
gathered_imc25_english_smish_00084,Smishing-Dataset-IMC25,Gathered approved smishing 7k,gathered_approved_smishing,imc25_english_smish_00084,You will receive a refund of $976.0 We will charge this amount to those of you who have submitted the documents we require for these steps to claim your assignment you and.,You will receive a refund of <AMOUNT> We will charge this amount to those of you who have submitted the documents we require for these steps to claim your assignment you and.,smishing_corpus_row,smishing,accepted,approved,True,original_unredacted,cleaned_from_raw,found_in_source_archive,Selected gathered final `message_raw` as the least-redacted available text.,kept_original_raw_available,,,false,false,false,original_source=Smishing-Dataset-IMC25; scam_category=others; strict-clean approved gathered smishing row.,False,0,,pass_raw,Strict raw accepted after repair validation; original audit status=pass_raw; sms_likeness_status=likely_sms.,172,33,False,likely_sms,kept_strict_raw,True,,you will receive a refund of < > we will charge this amount to those of you who have submitted the documents we require for these steps to claim your assignment you and,camp_000205,2,campaign_representative,True,selected under max 1 per template cap
strict_replacement_imc25_english_smish_00129,Smishing-Dataset-IMC25,reportsmishing/Smishing-Dataset-IMC25,strict_raw_replacement_91k_pool,imc25_english_smish_00129,"You will receive a tax refund of $573.00, but cannot process it due to incomplete personal information. Please confirm your information in the link.","You will receive a tax refund of <AMOUNT>, but cannot process it due to incomplete personal information. Please confirm your information in the link.",smishing_corpus_row,smishing,accepted,candidate,True,original_unredacted,cleaned_from_raw,replaced_from_91k_pool,Placeholder/anonymized raw row replaced by strict raw-available smishing candidate from 91k pool.,replaced_with_raw_available_candidate,imc25_english_smish_00129,replacement_imc25_english_smish_00126,false,false,false,original_source=Smishing-Dataset-IMC25; scam_category=delivery; strict-clean approved gathered smishing row. | raw_recovery: source candidate imc25_english_smish_00126; source_url=https://github.com/reportsmishing/Smishing-Dataset-IMC25; scam_category=government,False,0,,pass_raw,Strict raw accepted after repair validation; original audit status=pass_raw; sms_likeness_status=likely_sms.,148,25,False,likely_sms,replaced_with_strict_raw_candidate,True,,you will receive a tax refund of < > but cannot process it due to incomplete personal information please confirm your information in the link,camp_000206,2,campaign_representative,True,selected under max 1 per template cap
replacement_imc25_english_smish_08941,Smishing-Dataset-IMC25,reportsmishing/Smishing-Dataset-IMC25,raw_recovery_91k_pool,imc25_english_smish_08941,"Your A/C XXXXXXXX6596 can Be credited with Rs.10,25000. Check Now!","Your A/C XXXXXXXX6596 can Be credited with Rs.10,25000. Check Now!",smishing_corpus_row,smishing,accepted,candidate,True,original_unredacted,cleaned_from_raw,replaced_from_91k_pool,Redacted-only gathered row replaced by raw-available smishing candidate from 91k pool.,replaced_with_raw_available_candidate,imc25_english_smish_08941,gathered_imc25_english_smish_16125,false,false,false,original_source=Smishing-Dataset-IMC25; scam_category=government; strict-clean approved gathered smishing row. | raw_recovery: source candidate imc25_english_smish_08941; source_url=https://github.com/reportsmishing/Smishing-Dataset-IMC25; scam_category=banking,False,0,,pass_raw,Strict raw accepted after repair validation; original audit status=review_sms_likeness; sms_likeness_status=needs_review.,66,13,False,needs_review,kept_strict_raw,True,,your a c xxxxxxxx6596 can be credited with rs < > check now,camp_000207,2,campaign_representative,True,selected under max 1 per template cap
strict_replacement_ncsu_sms_phishing_000889,SMS Phishing Dataset,wspr-ncsu/sms-phishing,strict_raw_replacement_91k_pool,ncsu_sms_phishing_000889,"Your account has been blocked, in order to unblock your account swiftly please visit : http://service-anzaccount.com","Your account has been blocked, in order to unblock your account swiftly please visit: <URL>",phishing_messages_row,smishing,accepted,candidate,True,original_unredacted,cleaned_from_raw,replaced_from_91k_pool,Placeholder/anonymized raw row replaced by strict raw-available smishing candidate from 91k pool.,kept_original_raw_available,ncsu_sms_phishing_000889,gathered_imc25_english_smish_00985,false,false,false,original_source=Smishing-Dataset-IMC25; scam_category=others; strict-clean approved gathered smishing row.,False,0,,pass_raw,Strict raw accepted after repair validation; original audit status=pass_raw; sms_likeness_status=likely_sms.,116,18,False,likely_sms,replaced_with_strict_raw_candidate,True,,your account has been blocked in order to unblock your account swiftly please visit < >,camp_000208,2,campaign_representative,True,selected under max 1 per template cap
replacement_ncsu_sms_phishing_008078,SMS Phishing Dataset,wspr-ncsu/sms-phishing,raw_recovery_91k_pool,ncsu_sms_phishing_008078,Your account will be DISABLED if you do not accept our updated Terms and Conditions.To accept logon by :#(//commbank-terms.com//)#6,Your account will be DISABLED if you do not accept our updated Terms and Conditions.To accept logon by :#(//<URL>)#6,phishing_messages_row,smishing,accepted,candidate,True,original_unredacted,cleaned_from_raw,replaced_from_91k_pool,Redacted-only gathered row replaced by raw-available smishing candidate from 91k pool.,replaced_with_raw_available_candidate,ncsu_sms_phishing_008078,gathered_imc25_english_smish_05002,true,false,false,original_source=Smishing-Dataset-IMC25; scam_category=banking; strict-clean approved gathered smishing row. | raw_recovery: source candidate ncsu_sms_phishing_008078; source_url=https://github.com/wspr-ncsu/sms-phishing; scam_category=other,False,0,,pass_raw,Strict raw accepted after repair validation; original audit status=pass_raw; sms_likeness_status=likely_sms.,131,23,False,likely_sms,kept_strict_raw,True,,your account will be disabled if you do not accept our updated terms and conditions to accept logon by < >,camp_000209,2,campaign_representative,True,selected under max 1 per template cap
replacement_ncsu_sms_phishing_018790,SMS Phishing Dataset,wspr-ncsu/sms-phishing,raw_recovery_91k_pool,ncsu_sms_phishing_018790,Your Apple ID Code is: 866516. Don't share it with [email protected]pple.com #866516 %apple.com,Your Apple ID Code is: 866516. Don't share it with [email protected]<URL> #866516 %<URL>,phishing_messages_row,smishing,accepted,candidate,True,original_unredacted,cleaned_from_raw,replaced_from_91k_pool,Redacted-only gathered row replaced by raw-available smishing candidate from 91k pool.,replaced_with_raw_available_candidate,ncsu_sms_phishing_018790,gathered_imc25_english_smish_10317,true,false,false,original_source=Smishing-Dataset-IMC25; scam_category=banking; strict-clean approved gathered smishing row. | raw_recovery: source candidate ncsu_sms_phishing_018790; source_url=https://github.com/wspr-ncsu/sms-phishing; scam_category=other,False,0,,pass_raw,Strict raw accepted after repair validation; original audit status=pass_raw; sms_likeness_status=likely_sms.,95,18,False,likely_sms,kept_strict_raw,True,,your apple id code is < > don t share it with email protected < > < > < >,camp_000210,2,campaign_representative,True,selected under max 1 per template cap
replacement_ncsu_sms_phishing_003420,SMS Phishing Dataset,wspr-ncsu/sms-phishing,raw_recovery_91k_pool,ncsu_sms_phishing_003420,"Your Bendigo account has been debited by an unauthorized transaction in the amount of ¤573.68. No, you? Visit: bendigo-review.com/","Your Bendigo account has been debited by an unauthorized transaction in the amount of ¤573.68. No, you? Visit: <URL>",phishing_messages_row,smishing,accepted,candidate,True,original_unredacted,cleaned_from_raw,replaced_from_91k_pool,Redacted-only gathered row replaced by raw-available smishing candidate from 91k pool.,replaced_with_raw_available_candidate,ncsu_sms_phishing_003420,gathered_imc25_english_smish_03178,true,false,false,original_source=Smishing-Dataset-IMC25; scam_category=banking; strict-clean approved gathered smishing row. | raw_recovery: source candidate ncsu_sms_phishing_003420; source_url=https://github.com/wspr-ncsu/sms-phishing; scam_category=other,False,0,,pass_raw,Strict raw accepted after repair validation; original audit status=pass_raw; sms_likeness_status=likely_sms.,130,22,False,likely_sms,kept_strict_raw,True,,your bendigo account has been debited by an unauthorized transaction in the amount of < > no you visit < >,camp_000211,2,campaign_representative,True,selected under max 1 per template cap
replacement_imc25_english_smish_10445,Smishing-Dataset-IMC25,reportsmishing/Smishing-Dataset-IMC25,raw_recovery_91k_pool,imc25_english_smish_10445,"Your BOI online access is disabled by unusual activity. To restore your account, follow the steps on the link:","Your BOI online access is disabled by unusual activity. To restore your account, follow the steps on the link:",smishing_corpus_row,smishing,accepted,candidate,True,original_unredacted,cleaned_from_raw,replaced_from_91k_pool,Redacted-only gathered row replaced by raw-available smishing candidate from 91k pool.,replaced_with_raw_available_candidate,imc25_english_smish_10445,gathered_imc25_english_smish_08276,false,false,false,original_source=Smishing-Dataset-IMC25; scam_category=banking; strict-clean approved gathered smishing row. | raw_recovery: source candidate imc25_english_smish_10445; source_url=https://github.com/reportsmishing/Smishing-Dataset-IMC25; scam_category=banking,False,0,,pass_raw,Strict raw accepted after repair validation; original audit status=pass_raw; sms_likeness_status=likely_sms.,110,19,False,likely_sms,kept_strict_raw,True,,your boi online access is disabled by unusual activity to restore your account follow the steps on the link,camp_000212,2,campaign_representative,True,selected under max 1 per template cap
strict_replacement_imc25_english_smish_03002,Smishing-Dataset-IMC25,reportsmishing/Smishing-Dataset-IMC25,strict_raw_replacement_91k_pool,imc25_english_smish_03002,Your Netflix membership is on hold. We're having some trouble with your current billing information. To using your account as normally please follow the instructions by click on link below :,Your Netflix membership is on hold. We're having some trouble with your current billing information. To using your account as normally please follow the instructions by click on link below:,smishing_corpus_row,smishing,accepted,candidate,True,original_unredacted,cleaned_from_raw,replaced_from_91k_pool,Placeholder/anonymized raw row replaced by strict raw-available smishing candidate from 91k pool.,replaced_with_raw_available_candidate,imc25_english_smish_03002,replacement_imc25_english_smish_03130,false,false,false,original_source=Smishing-Dataset-IMC25; scam_category=banking; strict-clean approved gathered smishing row. | raw_recovery: source candidate imc25_english_smish_03130; source_url=https://github.com/reportsmishing/Smishing-Dataset-IMC25; scam_category=banking,False,0,,pass_raw,Strict raw accepted after repair validation; original audit status=pass_raw; sms_likeness_status=likely_sms.,190,31,False,likely_sms,replaced_with_strict_raw_candidate,True,,your netflix membership is on hold we re having some trouble with your current billing information to using your account as normally please follow the instructions by click on link below,camp_000213,2,campaign_representative,True,selected under max 1 per template cap
strict_replacement_imc25_english_smish_15360,Smishing-Dataset-IMC25,reportsmishing/Smishing-Dataset-IMC25,strict_raw_replacement_91k_pool,imc25_english_smish_15360,"Your package is waiting for delivery. Confirm the settlement (1.65 EUR) in the following link, click here:","Your package is waiting for delivery. Confirm the settlement (1.65 EUR) in the following link, click here:",smishing_corpus_row,smishing,accepted,candidate,True,original_unredacted,cleaned_from_raw,replaced_from_91k_pool,Placeholder/anonymized raw row replaced by strict raw-available smishing candidate from 91k pool.,replaced_with_raw_available_candidate,imc25_english_smish_15360,replacement_imc25_english_smish_15452,false,false,false,original_source=Smishing-Dataset-IMC25; scam_category=banking; strict-clean approved gathered smishing row. | raw_recovery: source candidate imc25_english_smish_15452; source_url=https://github.com/reportsmishing/Smishing-Dataset-IMC25; scam_category=delivery,False,0,,pass_raw,Strict raw accepted after repair validation; original audit status=pass_raw; sms_likeness_status=likely_sms.,106,18,False,likely_sms,replaced_with_strict_raw_candidate,True,,your package is waiting for delivery confirm the settlement < > eur in the following link click here,camp_000214,2,campaign_representative,True,selected under max 1 per template cap
strict_replacement_ncsu_sms_phishing_008289,SMS Phishing Dataset,wspr-ncsu/sms-phishing,strict_raw_replacement_91k_pool,ncsu_sms_phishing_008289,"Your Phone lDhas been restricted.Tofully restore your services, please visithttps:https://kofamerica.cc to confirm your details.","Your Phone lDhas been restricted.Tofully restore your services, please visithttps:<URL> to confirm your details.",phishing_messages_row,smishing,accepted,candidate,True,original_unredacted,cleaned_from_raw,replaced_from_91k_pool,Placeholder/anonymized raw row replaced by strict raw-available smishing candidate from 91k pool.,replaced_with_raw_available_candidate,ncsu_sms_phishing_008289,replacement_imc25_english_smish_08149,false,false,false,original_source=Smishing-Dataset-IMC25; scam_category=banking; strict-clean approved gathered smishing row. | raw_recovery: source candidate imc25_english_smish_08149; source_url=https://github.com/reportsmishing/Smishing-Dataset-IMC25; scam_category=banking,False,0,,pass_raw,Strict raw accepted after repair validation; original audit status=pass_raw; sms_likeness_status=likely_sms.,128,18,False,likely_sms,replaced_with_strict_raw_candidate,True,,your phone ldhas been restricted tofully restore your services please visithttps < > to confirm your details,camp_000215,2,campaign_representative,True,selected under max 1 per template cap
replacement_ncsu_sms_phishing_002173,SMS Phishing Dataset,wspr-ncsu/sms-phishing,raw_recovery_91k_pool,ncsu_sms_phishing_002173,Your secure code is 210240 to update your contact details. To CANCEL this request: commbank.otp-reject.com,Your secure code is 210240 to update your contact details. To CANCEL this request: <URL>,phishing_messages_row,smishing,accepted,candidate,True,original_unredacted,cleaned_from_raw,replaced_from_91k_pool,Redacted-only gathered row replaced by raw-available smishing candidate from 91k pool.,replaced_with_raw_available_candidate,ncsu_sms_phishing_002173,gathered_imc25_english_smish_01971,true,false,false,original_source=Smishing-Dataset-IMC25; scam_category=others; strict-clean approved gathered smishing row. | raw_recovery: source candidate ncsu_sms_phishing_002173; source_url=https://github.com/wspr-ncsu/sms-phishing; scam_category=other,False,0,,pass_raw,Strict raw accepted after repair validation; original audit status=pass_raw; sms_likeness_status=likely_sms.,106,18,False,likely_sms,kept_strict_raw,True,,your secure code is < > to update your contact details to cancel this request < >,camp_000216,2,campaign_representative,True,selected under max 1 per template cap
strict_replacement_imc25_english_smish_17160,Smishing-Dataset-IMC25,reportsmishing/Smishing-Dataset-IMC25,strict_raw_replacement_91k_pool,imc25_english_smish_17160,Your subscription has expired. To verify your account and purchase a lifetime subscription for just 0.99 GBP simply tap on this link,Your subscription has expired. To verify your account and purchase a lifetime subscription for just 0.99 GBP simply tap on this link,smishing_corpus_row,smishing,accepted,candidate,True,original_unredacted,cleaned_from_raw,replaced_from_91k_pool,Placeholder/anonymized raw row replaced by strict raw-available smishing candidate from 91k pool.,replaced_with_raw_available_candidate,imc25_english_smish_17160,replacement_imc25_english_smish_17159,false,false,false,original_source=Smishing-Dataset-IMC25; scam_category=banking; strict-clean approved gathered smishing row. | raw_recovery: source candidate imc25_english_smish_17159; source_url=https://github.com/reportsmishing/Smishing-Dataset-IMC25; scam_category=others,False,0,,pass_raw,Strict raw accepted after repair validation; original audit status=pass_raw; sms_likeness_status=likely_sms.,132,23,False,likely_sms,replaced_with_strict_raw_candidate,True,,your subscription has expired to verify your account and purchase a lifetime subscription for just < > gbp simply tap on this link,camp_000217,2,campaign_representative,True,selected under max 1 per template cap
replacement_ncsu_sms_phishing_004027,SMS Phishing Dataset,wspr-ncsu/sms-phishing,raw_recovery_91k_pool,ncsu_sms_phishing_004027,Your unemployment claim of $695.45 was on hold. Use CODE ref7268 or Follow https://mnb0.servemp3.com/a/ to update your account now,Your unemployment claim of <AMOUNT> was on hold. Use CODE ref7268 or Follow <URL> to update your account now,phishing_messages_row,smishing,accepted,candidate,True,original_unredacted,cleaned_from_raw,replaced_from_91k_pool,Redacted-only gathered row replaced by raw-available smishing candidate from 91k pool.,replaced_with_raw_available_candidate,ncsu_sms_phishing_004027,gathered_imc25_english_smish_03406,true,false,false,original_source=Smishing-Dataset-IMC25; scam_category=banking; strict-clean approved gathered smishing row. | raw_recovery: source candidate ncsu_sms_phishing_004027; source_url=https://github.com/wspr-ncsu/sms-phishing; scam_category=other,False,0,,pass_raw,Strict raw accepted after repair validation; original audit status=pass_raw; sms_likeness_status=likely_sms.,130,24,False,likely_sms,kept_strict_raw,True,,your unemployment claim of < > was on hold use code < > or follow < > to update your account now,camp_000218,2,campaign_representative,True,selected under max 1 per template cap
