manual_id,source_file,source_row_id,message_raw,message_clean,provisional_label,service_category,institution_type,country_or_region,language,contains_url,contains_phone,contains_otp,contains_amount,contains_account_hint,extraction_status,review_status,reviewer_notes
manual_ham_000001,drive_export/THESIS/CLEANED/cleaned_dataset.csv,1,TablePlus: You still have an active balance. Reactivate with just 10P to claim your 18P starter gift. See your 3 percent daily back. Only on <URL>,TablePlus: You still have an active balance. Reactivate with just 10P to claim your 18P starter gift. See your 3 percent daily back. Only on <URL>,unsure,unsure,TablePlus,unknown,English,False,False,False,False,False,imported_structured_archive_text,needs_review,screenshot_file=precleaned\Bernard - April 21 - 22 Imgs\IMG_8468.PNG; source_hint=TablePlus; archive_notes=OCR extracted from screenshot; review rows where screenshot text was partially cropped or low contrast.
manual_ham_000002,drive_export/THESIS/CLEANED/cleaned_dataset.csv,2,"Get app now and grab a P37 GIFT! Plus a P15 sign-up incentive and 17 daily PRIZES. Total rewards can reach up to a MIND-BLOWING P1,777! <URL>","Get app now and grab a P37 GIFT! Plus a P15 sign-up incentive and 17 daily PRIZES. Total rewards can reach up to a MIND-BLOWING P1,777! <URL>",unsure,unsure,Grab,unknown,English,False,False,False,True,False,imported_structured_archive_text,needs_review,screenshot_file=precleaned\Bernard - April 21 - 22 Imgs\IMG_8469.PNG; source_hint=Grab; archive_notes=OCR extracted from screenshot; review rows where screenshot text was partially cropped or low contrast.
manual_ham_000003,drive_export/THESIS/CLEANED/cleaned_dataset.csv,3,"Free P200 and 120 Free Spins Today! Join our <URL> 4OOHLPi Month event Now to win Car, Smartphone, or Al Glasses. Login now.","Free P200 and 120 Free Spins Today! Join our <URL> 4OOHLPi Month event Now to win Car, Smartphone, or Al Glasses. Login now.",unsure,account_security,Unknown,unknown,English,False,False,False,True,False,imported_structured_archive_text,needs_review,screenshot_file=precleaned\Bernard - April 21 - 22 Imgs\IMG_8470.PNG; source_hint=Unknown; archive_notes=OCR extracted from screenshot; review rows where screenshot text was partially cropped or low contrast.
manual_ham_000004,drive_export/THESIS/CLEANED/cleaned_dataset.csv,4,"Bright days ahead—P8 Free Try, 100% Welcome Bonus & P8,888 USE 716120 at <URL>","Bright days ahead—P8 Free Try, 100% Welcome Bonus & P8,888 USE 716120 at <URL>",unsure,unsure,Unknown,unknown,English,False,False,False,True,False,imported_structured_archive_text,needs_review,screenshot_file=precleaned\Bernard - April 21 - 22 Imgs\IMG_8471.PNG; source_hint=Unknown; archive_notes=OCR extracted from screenshot; review rows where screenshot text was partially cropped or low contrast.
manual_ham_000005,drive_export/THESIS/CLEANED/cleaned_dataset.csv,5,"FREE P20 is waiting for you! New platform, triple the fun. Get your 300% Welcome Bonus Now! Up to P21,000 for grabs! Pagcor Accredited : <URL>","FREE P20 is waiting for you! New platform, triple the fun. Get your 300% Welcome Bonus Now! Up to P21,000 for grabs! Pagcor Accredited : <URL>",unsure,unsure,Unknown,unknown,English,False,False,False,True,False,imported_structured_archive_text,needs_review,screenshot_file=precleaned\Bernard - April 21 - 22 Imgs\IMG_8472.PNG; source_hint=Unknown; archive_notes=OCR extracted from screenshot; review rows where screenshot text was partially cropped or low contrast.
manual_ham_000006,drive_export/THESIS/CLEANED/cleaned_dataset.csv,6,Welcome to Globe! Make sure your eSIM is registered and compliant with the law to enjoy our services:,Welcome to Globe! Make sure your eSIM is registered and compliant with the law to enjoy our services:,unsure,telecom,Globe,Philippines,English,False,False,False,False,False,imported_structured_archive_text,needs_review,screenshot_file=precleaned\Bernard - April 21 - 22 Imgs\IMG_8473.PNG; source_hint=Globe; archive_notes=OCR extracted from screenshot; review rows where screenshot text was partially cropped or low contrast.
manual_ham_000007,drive_export/THESIS/CLEANED/cleaned_dataset.csv,7,- Turn ON mobile data.,- Turn ON mobile data.,unsure,unsure,Unknown,unknown,English,False,False,False,False,False,imported_structured_archive_text,needs_review,screenshot_file=precleaned\Bernard - April 21 - 22 Imgs\IMG_8473.PNG; source_hint=Unknown; archive_notes=OCR extracted from screenshot; review rows where screenshot text was partially cropped or low contrast.
manual_ham_000008,drive_export/THESIS/CLEANED/cleaned_dataset.csv,8,- Open GlobeOne and tap Register your SIM.,- Open GlobeOne and tap Register your SIM.,unsure,telecom,Unknown,unknown,English,False,False,False,False,False,imported_structured_archive_text,needs_review,screenshot_file=precleaned\Bernard - April 21 - 22 Imgs\IMG_8473.PNG; source_hint=Unknown; archive_notes=OCR extracted from screenshot; review rows where screenshot text was partially cropped or low contrast.
manual_ham_000009,drive_export/THESIS/CLEANED/cleaned_dataset.csv,9,- Fill out the form with accurate details.,- Fill out the form with accurate details.,unsure,unsure,Unknown,unknown,English,False,False,False,False,False,imported_structured_archive_text,needs_review,screenshot_file=precleaned\Bernard - April 21 - 22 Imgs\IMG_8473.PNG; source_hint=Unknown; archive_notes=OCR extracted from screenshot; review rows where screenshot text was partially cropped or low contrast.
manual_ham_000010,drive_export/THESIS/CLEANED/cleaned_dataset.csv,10,- Upload a clear photo of a valid government ID.,- Upload a clear photo of a valid government ID.,unsure,unsure,Unknown,unknown,English,False,False,False,False,False,imported_structured_archive_text,needs_review,screenshot_file=precleaned\Bernard - April 21 - 22 Imgs\IMG_8473.PNG; source_hint=Unknown; archive_notes=OCR extracted from screenshot; review rows where screenshot text was partially cropped or low contrast.
manual_ham_000011,drive_export/THESIS/CLEANED/cleaned_dataset.csv,11,"- Take a selfie (portrait mode, no accessories, plain background, well-lit).","- Take a selfie (portrait mode, no accessories, plain background, well-lit).",unsure,unsure,Unknown,unknown,English,False,False,False,False,False,imported_structured_archive_text,needs_review,screenshot_file=precleaned\Bernard - April 21 - 22 Imgs\IMG_8473.PNG; source_hint=Unknown; archive_notes=OCR extracted from screenshot; review rows where screenshot text was partially cropped or low contrast.
manual_ham_000012,drive_export/THESIS/CLEANED/cleaned_dataset.csv,12,- Complete your registration— you're all set!,- Complete your registration— you're all set!,unsure,unsure,Unknown,unknown,English,False,False,False,False,False,imported_structured_archive_text,needs_review,screenshot_file=precleaned\Bernard - April 21 - 22 Imgs\IMG_8473.PNG; source_hint=Unknown; archive_notes=OCR extracted from screenshot; review rows where screenshot text was partially cropped or low contrast.
manual_ham_000013,drive_export/THESIS/CLEANED/cleaned_dataset.csv,13,You can also register at the official Globe SIM Registration website. REF#:FGWSNC1,You can also register at the official Globe SIM Registration website. REF#:FGWSNC1,unsure,telecom,Globe,Philippines,English,False,False,False,False,True,imported_structured_archive_text,needs_review,screenshot_file=precleaned\Bernard - April 21 - 22 Imgs\IMG_8473.PNG; source_hint=Globe; archive_notes=OCR extracted from screenshot; review rows where screenshot text was partially cropped or low contrast.
manual_ham_000014,drive_export/THESIS/CLEANED/cleaned_dataset.csv,14,"Thank you for registering your SIM! You can now enjoy your FREE UNLI 5G 50. Enjoy UNLIMITED 5G data and 2GB for all sites. To check the status of your freebie, just text DATA BAL to 8080. Please be reminded that submission of false information is punishable by law. For more information, visit the SIM Registration FAQs on Globe's official website.","Thank you for registering your SIM! You can now enjoy your FREE UNLI 5G 50. Enjoy UNLIMITED 5G data and 2GB for all sites. To check the status of your freebie, just text DATA BAL to 8080. Please be reminded that submission of false information is punishable by law. For more information, visit the SIM Registration FAQs on Globe's official website.",unsure,telecom,Globe,Philippines,English,False,False,False,False,False,imported_structured_archive_text,needs_review,screenshot_file=precleaned\Bernard - April 21 - 22 Imgs\IMG_8474.PNG; source_hint=Globe; archive_notes=OCR extracted from screenshot; review rows where screenshot text was partially cropped or low contrast.
manual_ham_000015,drive_export/THESIS/CLEANED/cleaned_dataset.csv,15,"Get up to Php 18,000 eGCs for fuel, groceries, and more with a new BPI Credit Card - plus waived annual fees*! Apply in just 3 minutes via the BPI app or BPI online - no docs needed. Just log in and tap the inbox/envelope icon to start! You can text BPICC (space) C-J5YS4 (space) FULL NAME & send to <ACCT> until 04/15/26. *T&Cs apply. DTI#250009, $2026. Text STOP to <PHONE> to unsubscribe.","Get up to Php 18,000 eGCs for fuel, groceries, and more with a new BPI Credit Card - plus waived annual fees*! Apply in just 3 minutes via the BPI app or BPI online - no docs needed. Just log in and tap the inbox/envelope icon to start! You can text BPICC (space) C-J5YS4 (space) FULL NAME & send to <ACCT> until 04/15/26. *T&Cs apply. DTI#250009, $2026. Text STOP to <PHONE> to unsubscribe.",unsure,banking,BPI,Philippines,English,False,False,False,True,True,imported_structured_archive_text,needs_review,screenshot_file=precleaned\Bernard - April 21 - 22 Imgs\IMG_8475.PNG; source_hint=BPI; archive_notes=OCR extracted from screenshot; review rows where screenshot text was partially cropped or low contrast.
manual_ham_000016,drive_export/THESIS/CLEANED/cleaned_dataset.csv,16,Banks closed this Holy Week. Deposit or withdraw from your BPI account for FREE at any of our participating partner stores nationwide. Just ask a store personnel for assistance.,Banks closed this Holy Week. Deposit or withdraw from your BPI account for FREE at any of our participating partner stores nationwide. Just ask a store personnel for assistance.,unsure,banking,BPI,Philippines,English,False,False,False,False,True,imported_structured_archive_text,needs_review,screenshot_file=precleaned\Bernard - April 21 - 22 Imgs\IMG_8476.PNG; source_hint=BPI; archive_notes=OCR extracted from screenshot; review rows where screenshot text was partially cropped or low contrast.
manual_ham_000017,drive_export/THESIS/CLEANED/cleaned_dataset.csv,17,"To know partner store near you, visit BP| Website > Search Partner Store.","To know partner store near you, visit BP| Website > Search Partner Store.",unsure,unsure,Unknown,unknown,English,False,False,False,False,False,imported_structured_archive_text,needs_review,screenshot_file=precleaned\Bernard - April 21 - 22 Imgs\IMG_8476.PNG; source_hint=Unknown; archive_notes=OCR extracted from screenshot; review rows where screenshot text was partially cropped or low contrast.
manual_ham_000018,drive_export/THESIS/CLEANED/cleaned_dataset.csv,18,Text STOP to <PHONE> to unsubscribe.,Text STOP to <PHONE> to unsubscribe.,unsure,unsure,Unknown,unknown,English,False,False,False,False,False,imported_structured_archive_text,needs_review,screenshot_file=precleaned\Bernard - April 21 - 22 Imgs\IMG_8476.PNG; source_hint=Unknown; archive_notes=OCR extracted from screenshot; review rows where screenshot text was partially cropped or low contrast.
manual_ham_000019,drive_export/THESIS/CLEANED/cleaned_dataset.csv,19,"Got a call from an unknown number about your bank account? Stay cautious. Scammers may pretend to be legitimate and ask for sensitive details. If the call feels urgent or suspicious, end it and verify through official channels. Remember: BPI will never ask for your OTP, PIN, passwords, or personal information through messages or calls. BPI will not instruct you to transfer funds for any account issue. If someone claims there is ""unusual activity"" and asks for your details or money, stop immediately. When in doubt, contact the BPI 24/7 Contact Center: (<PHONE>","Got a call from an unknown number about your bank account? Stay cautious. Scammers may pretend to be legitimate and ask for sensitive details. If the call feels urgent or suspicious, end it and verify through official channels. Remember: BPI will never ask for your OTP, PIN, passwords, or personal information through messages or calls. BPI will not instruct you to transfer funds for any account issue. If someone claims there is ""unusual activity"" and asks for your details or money, stop immediately. When in doubt, contact the BPI 24/7 Contact Center: (<PHONE>",unsure,otp_verification,BPI,Philippines,English,False,False,False,False,True,imported_structured_archive_text,needs_review,screenshot_file=precleaned\Bernard - April 21 - 22 Imgs\IMG_8477.PNG; source_hint=BPI; archive_notes=OCR extracted from screenshot; review rows where screenshot text was partially cropped or low contrast.
manual_ham_000020,drive_export/THESIS/CLEANED/cleaned_dataset.csv,20,"Get a chance to win up to PHP 150 Lazada voucher when you buy at least PHP 300 regular Smart load on the Metrobank App. Just log in to your account, and tap 'Send Load"". Promo runs from Feb 15 to Mar 15, 2026. T&Cs apply. Metrobank is BSP-regulated. DT1248176","Get a chance to win up to PHP 150 Lazada voucher when you buy at least PHP 300 regular Smart load on the Metrobank App. Just log in to your account, and tap 'Send Load"". Promo runs from Feb 15 to Mar 15, 2026. T&Cs apply. Metrobank is BSP-regulated. DT1248176",unsure,banking,Lazada,Philippines,English,False,False,False,True,True,imported_structured_archive_text,needs_review,screenshot_file=precleaned\Bernard - April 21 - 22 Imgs\IMG_8479.PNG; source_hint=Lazada; archive_notes=OCR extracted from screenshot; review rows where screenshot text was partially cropped or low contrast.
manual_ham_000021,drive_export/THESIS/CLEANED/cleaned_dataset.csv,21,"Save up to PHP 60K with our Goals Made Real promo for car and home loans. Apply by May 29, 2026. T&Cs apply. DT1248563, 248558. Metrobank is BSP-regulated.","Save up to PHP 60K with our Goals Made Real promo for car and home loans. Apply by May 29, 2026. T&Cs apply. DT1248563, 248558. Metrobank is BSP-regulated.",unsure,banking,Metrobank,Philippines,English,False,False,False,True,False,imported_structured_archive_text,needs_review,screenshot_file=precleaned\Bernard - April 21 - 22 Imgs\IMG_8479.PNG; source_hint=Metrobank; archive_notes=OCR extracted from screenshot; review rows where screenshot text was partially cropped or low contrast.
manual_ham_000022,drive_export/THESIS/CLEANED/cleaned_dataset.csv,22,"Greetings from Metrobank! Jocelyn Anne Barce just sent you PHP 6,600.00. Message from sender: Fees. Thank you.","Greetings from Metrobank! Jocelyn Anne Barce just sent you PHP 6,600.00. Message from sender: Fees. Thank you.",unsure,banking,Metrobank,Philippines,English,False,False,False,True,False,imported_structured_archive_text,needs_review,screenshot_file=precleaned\Bernard - April 21 - 22 Imgs\IMG_8480.PNG; source_hint=Metrobank; archive_notes=OCR extracted from screenshot; review rows where screenshot text was partially cropped or low contrast.
manual_ham_000023,drive_export/THESIS/CLEANED/cleaned_dataset.csv,23,"REMINDER: We will have a scheduled system upgrade on October 12 (SUN), from 2:00AM to 2:00PM. Our debit cards, online channels, and other services, will be temporarily unavailable. Please plan ahead. Visit our social media pages for updates. For concerns, call at (<PHONE>. Thank you.","REMINDER: We will have a scheduled system upgrade on October 12 (SUN), from 2:00AM to 2:00PM. Our debit cards, online channels, and other services, will be temporarily unavailable. Please plan ahead. Visit our social media pages for updates. For concerns, call at (<PHONE>. Thank you.",unsure,banking,Unknown,unknown,English,False,False,False,False,False,imported_structured_archive_text,needs_review,screenshot_file=precleaned\Bernard - April 21 - 22 Imgs\IMG_8481.PNG; source_hint=Unknown; archive_notes=OCR extracted from screenshot; review rows where screenshot text was partially cropped or low contrast.
manual_ham_000024,drive_export/THESIS/CLEANED/cleaned_dataset.csv,24,"Greetings from Metrobank! Jocelyn Anne Barce just sent you PHP 7,500.00. Message from sender: Personal Expense. Thank you.","Greetings from Metrobank! Jocelyn Anne Barce just sent you PHP 7,500.00. Message from sender: Personal Expense. Thank you.",unsure,banking,Metrobank,Philippines,English,False,False,False,True,False,imported_structured_archive_text,needs_review,screenshot_file=precleaned\Bernard - April 21 - 22 Imgs\IMG_8481.PNG; source_hint=Metrobank; archive_notes=OCR extracted from screenshot; review rows where screenshot text was partially cropped or low contrast.
manual_ham_000025,drive_export/THESIS/CLEANED/cleaned_dataset.csv,25,"Greetings from Metrobank! Jocelyn Anne Barce just sent you PHP 5,840.00. Message from sender: Personal Expense. Thank you.","Greetings from Metrobank! Jocelyn Anne Barce just sent you PHP 5,840.00. Message from sender: Personal Expense. Thank you.",unsure,banking,Metrobank,Philippines,English,False,False,False,True,False,imported_structured_archive_text,needs_review,screenshot_file=precleaned\Bernard - April 21 - 22 Imgs\IMG_8481.PNG; source_hint=Metrobank; archive_notes=OCR extracted from screenshot; review rows where screenshot text was partially cropped or low contrast.
manual_ham_000026,drive_export/THESIS/CLEANED/cleaned_dataset.csv,26,"Greetings from Metrobank! Jocelyn Anne Barce just sent you PHP 5,420.00. Message from sender: Personal Expense. Thank you.","Greetings from Metrobank! Jocelyn Anne Barce just sent you PHP 5,420.00. Message from sender: Personal Expense. Thank you.",unsure,banking,Metrobank,Philippines,English,False,False,False,True,False,imported_structured_archive_text,needs_review,screenshot_file=precleaned\Bernard - April 21 - 22 Imgs\IMG_8482.PNG; source_hint=Metrobank; archive_notes=OCR extracted from screenshot; review rows where screenshot text was partially cropped or low contrast.
manual_ham_000027,drive_export/THESIS/CLEANED/cleaned_dataset.csv,27,"To improve your experience, we will have a scheduled system upgrade on October 12 (SUN), from 2:00AM to 2:00PM. Our debit cards, online channels, and other services, will be temporarily unavailable. Please plan ahead. Visit our social media pages for updates. For concerns, call (<PHONE>. Thank you.","To improve your experience, we will have a scheduled system upgrade on October 12 (SUN), from 2:00AM to 2:00PM. Our debit cards, online channels, and other services, will be temporarily unavailable. Please plan ahead. Visit our social media pages for updates. For concerns, call (<PHONE>. Thank you.",unsure,banking,Unknown,unknown,English,False,False,False,False,False,imported_structured_archive_text,needs_review,screenshot_file=precleaned\Bernard - April 21 - 22 Imgs\IMG_8482.PNG; source_hint=Unknown; archive_notes=OCR extracted from screenshot; review rows where screenshot text was partially cropped or low contrast.
manual_ham_000028,drive_export/THESIS/CLEANED/cleaned_dataset.csv,28,Greetings from Metrobank! Jocelyn Anne Barce just sent you PHP 300.00. Message from sender: Fees. Thank you.,Greetings from Metrobank! Jocelyn Anne Barce just sent you PHP 300.00. Message from sender: Fees. Thank you.,unsure,banking,Metrobank,Philippines,English,False,False,False,True,False,imported_structured_archive_text,needs_review,screenshot_file=precleaned\Bernard - April 21 - 22 Imgs\IMG_8483.PNG; source_hint=Metrobank; archive_notes=OCR extracted from screenshot; review rows where screenshot text was partially cropped or low contrast.
manual_ham_000029,drive_export/THESIS/CLEANED/cleaned_dataset.csv,29,Greetings from Metrobank! Jocelyn Anne Barce just sent you PHP 500.00. Message from sender: Personal Expense. Thank you.,Greetings from Metrobank! Jocelyn Anne Barce just sent you PHP 500.00. Message from sender: Personal Expense. Thank you.,unsure,banking,Metrobank,Philippines,English,False,False,False,True,False,imported_structured_archive_text,needs_review,screenshot_file=precleaned\Bernard - April 21 - 22 Imgs\IMG_8484.PNG; source_hint=Metrobank; archive_notes=OCR extracted from screenshot; review rows where screenshot text was partially cropped or low contrast.
manual_ham_000030,drive_export/THESIS/CLEANED/cleaned_dataset.csv,30,Greetings from Metrobank! Jocelyn Anne Barce just sent you PHP 400.00. Message from sender: Fees. Thank you.,Greetings from Metrobank! Jocelyn Anne Barce just sent you PHP 400.00. Message from sender: Fees. Thank you.,unsure,banking,Metrobank,Philippines,English,False,False,False,True,False,imported_structured_archive_text,needs_review,screenshot_file=precleaned\Bernard - April 21 - 22 Imgs\IMG_8484.PNG; source_hint=Metrobank; archive_notes=OCR extracted from screenshot; review rows where screenshot text was partially cropped or low contrast.
manual_ham_000031,drive_export/THESIS/CLEANED/cleaned_dataset.csv,31,"Greetings from Metrobank! Jocelyn Anne Barce just sent you PHP 5,860.00. Message from sender: Personal Expense. Thank you.","Greetings from Metrobank! Jocelyn Anne Barce just sent you PHP 5,860.00. Message from sender: Personal Expense. Thank you.",unsure,banking,Metrobank,Philippines,English,False,False,False,True,False,imported_structured_archive_text,needs_review,screenshot_file=precleaned\Bernard - April 21 - 22 Imgs\IMG_8484.PNG; source_hint=Metrobank; archive_notes=OCR extracted from screenshot; review rows where screenshot text was partially cropped or low contrast.
manual_ham_000032,drive_export/THESIS/CLEANED/cleaned_dataset.csv,32,21 Nov 2024 at 1:07PM Dr. Kimberly Mae Ong is IN and will now be seeing patients. Download the Now Serving App with invite code j2Vt3uj7 at <URL> j2Vt3uj7 and wait for your turn. Thanks for using NowServing! Rate your recent consultation with Dr. Ong now hitps:// .<URL> mgewUYAQdaijcVhc7,21 Nov 2024 at 1:07PM Dr. Kimberly Mae Ong is IN and will now be seeing patients. Download the Now Serving App with invite code j2Vt3uj7 at <URL> j2Vt3uj7 and wait for your turn. Thanks for using NowServing! Rate your recent consultation with Dr. Ong now hitps:// .<URL> mgewUYAQdaijcVhc7,unsure,unsure,Unknown,unknown,English,False,False,True,False,False,imported_structured_archive_text,needs_review,screenshot_file=precleaned\Bernard - April 21 - 22 Imgs\IMG_8485.PNG; source_hint=Unknown; archive_notes=OCR extracted from screenshot; review rows where screenshot text was partially cropped or low contrast.
manual_ham_000033,drive_export/THESIS/CLEANED/cleaned_dataset.csv,33,Your Now Serving OTP Code is <OTP>,Your Now Serving OTP Code is <OTP>,unsure,otp_verification,Unknown,unknown,English,False,False,False,False,False,imported_structured_archive_text,needs_review,screenshot_file=precleaned\Bernard - April 21 - 22 Imgs\IMG_8485.PNG; source_hint=Unknown; archive_notes=OCR extracted from screenshot; review rows where screenshot text was partially cropped or low contrast.
manual_ham_000034,drive_export/THESIS/CLEANED/cleaned_dataset.csv,34,"Accepted! Your Dr Santiago appt is Mar20,2026. View details with NowServing code $1a6Fij5 at https:// <URL>","Accepted! Your Dr Santiago appt is Mar20,2026. View details with NowServing code $1a6Fij5 at https:// <URL>",unsure,unsure,Unknown,unknown,English,True,False,True,False,False,imported_structured_archive_text,needs_review,screenshot_file=precleaned\Bernard - April 21 - 22 Imgs\IMG_8485.PNG; source_hint=Unknown; archive_notes=OCR extracted from screenshot; review rows where screenshot text was partially cropped or low contrast.
manual_ham_000035,drive_export/THESIS/CLEANED/cleaned_dataset.csv,35,"MayaRewards ) Nice! You received a P20 voucher from Maya. Use It for your load, bills, shopping, and more. Tap 'Vouchers' on the app to claim your gift before it expires!","MayaRewards ) Nice! You received a P20 voucher from Maya. Use It for your load, bills, shopping, and more. Tap 'Vouchers' on the app to claim your gift before it expires!",unsure,ewallet,Maya,Philippines,English,False,False,False,True,False,imported_structured_archive_text,needs_review,screenshot_file=precleaned\Bernard - April 21 - 22 Imgs\IMG_8486.PNG; source_hint=Maya; archive_notes=OCR extracted from screenshot; review rows where screenshot text was partially cropped or low contrast.
manual_ham_000036,drive_export/THESIS/CLEANED/cleaned_dataset.csv,36,"Nice! You received a P20 voucher from Maya. Use it for your load, bills, shopping, and more. Tap 'Vouchers' on the app to claim your gift before it expires!","Nice! You received a P20 voucher from Maya. Use it for your load, bills, shopping, and more. Tap 'Vouchers' on the app to claim your gift before it expires!",unsure,ewallet,Maya,Philippines,English,False,False,False,True,False,imported_structured_archive_text,needs_review,screenshot_file=precleaned\Bernard - April 21 - 22 Imgs\IMG_8486.PNG; source_hint=Maya; archive_notes=OCR extracted from screenshot; review rows where screenshot text was partially cropped or low contrast.
manual_ham_000037,drive_export/THESIS/CLEANED/cleaned_dataset.csv,37,"Nice! You received a P20 voucher from Maya. Use it for your load, bills, shopping, and more. Tap 'Vouchers' on the app to claim your gift before it expires! Nice! You received a P20 voucher from Maya. Use it for your load, bills, shopping, and more. Tap 'Vouchers' on the app to claim your gift before it expires!","Nice! You received a P20 voucher from Maya. Use it for your load, bills, shopping, and more. Tap 'Vouchers' on the app to claim your gift before it expires! Nice! You received a P20 voucher from Maya. Use it for your load, bills, shopping, and more. Tap 'Vouchers' on the app to claim your gift before it expires!",unsure,ewallet,Maya,Philippines,English,False,False,False,True,False,imported_structured_archive_text,needs_review,screenshot_file=precleaned\Bernard - April 21 - 22 Imgs\IMG_8486.PNG; source_hint=Maya; archive_notes=OCR extracted from screenshot; review rows where screenshot text was partially cropped or low contrast.
manual_ham_000038,drive_export/THESIS/CLEANED/cleaned_dataset.csv,38,"21 Jan 2024 at 1:55PM Grab a P20 voucher now! Explore the app - load, save, invest, send money, pay bills, shop & more. Hurry before it expires!","21 Jan 2024 at 1:55PM Grab a P20 voucher now! Explore the app - load, save, invest, send money, pay bills, shop & more. Hurry before it expires!",unsure,telecom,Grab,unknown,English,False,False,False,True,False,imported_structured_archive_text,needs_review,screenshot_file=precleaned\Bernard - April 21 - 22 Imgs\IMG_8487(1).PNG; source_hint=Grab; archive_notes=OCR extracted from screenshot; review rows where screenshot text was partially cropped or low contrast.
manual_ham_000039,drive_export/THESIS/CLEANED/cleaned_dataset.csv,39,27 Jan 2024 at 11:59AM Easy 10% cashback with Maya! Just use Maya in stores or when shopping online in the next 7 days. Check your Maya Messages now to know more!,27 Jan 2024 at 11:59AM Easy 10% cashback with Maya! Just use Maya in stores or when shopping online in the next 7 days. Check your Maya Messages now to know more!,unsure,ewallet,Maya,Philippines,English,False,False,False,False,False,imported_structured_archive_text,needs_review,screenshot_file=precleaned\Bernard - April 21 - 22 Imgs\IMG_8487(2).PNG; source_hint=Maya; archive_notes=OCR extracted from screenshot; review rows where screenshot text was partially cropped or low contrast.
manual_ham_000040,drive_export/THESIS/CLEANED/cleaned_dataset.csv,40,"25 Jan 2024 at 3:29PM Enjoy a P20 FREE Voucher. Explore load, savings, crypto, bills payment and more! Open the app now!","25 Jan 2024 at 3:29PM Enjoy a P20 FREE Voucher. Explore load, savings, crypto, bills payment and more! Open the app now!",unsure,telecom,Unknown,unknown,English,False,False,False,True,False,imported_structured_archive_text,needs_review,screenshot_file=precleaned\Bernard - April 21 - 22 Imgs\IMG_8487.PNG; source_hint=Unknown; archive_notes=OCR extracted from screenshot; review rows where screenshot text was partially cropped or low contrast.
manual_ham_000041,drive_export/THESIS/CLEANED/cleaned_dataset.csv,41,"J&T DELIVERY! TN: JT<ACCT>, Rider: THRIX PUAL A TAN. Your COD amount ts 835.00. You can pay by cash or conveniently online when the rider arrives. Please note that a photo proof of delivery is required. Thank you for choosing J&T Express Philippines! Stay safe and have a great day ahead.","J&T DELIVERY! TN: JT<ACCT>, Rider: THRIX PUAL A TAN. Your COD amount ts 835.00. You can pay by cash or conveniently online when the rider arrives. Please note that a photo proof of delivery is required. Thank you for choosing J&T Express Philippines! Stay safe and have a great day ahead.",unsure,delivery,Unknown,Philippines,English,False,False,False,False,True,imported_structured_archive_text,needs_review,screenshot_file=precleaned\Bernard - April 26 - 78 imgs\IMG_1883(1).jpg; source_hint=Unknown; archive_notes=OCR extracted from screenshot; review rows where screenshot text was partially cropped or low contrast.
manual_ham_000042,drive_export/THESIS/CLEANED/cleaned_dataset.csv,42,"J&T DELIVERY! TN: JT<ACCT> Rider: THRIX PUAL A TAN, | have try calling your number but no one answers, kindly call me back when you are available. For further concern, you may call (<PHONE>. Thanks and be Safe!","J&T DELIVERY! TN: JT<ACCT> Rider: THRIX PUAL A TAN, | have try calling your number but no one answers, kindly call me back when you are available. For further concern, you may call (<PHONE>. Thanks and be Safe!",unsure,delivery,Unknown,unknown,English,False,False,False,False,True,imported_structured_archive_text,needs_review,screenshot_file=precleaned\Bernard - April 26 - 78 imgs\IMG_1883.jpg; source_hint=Unknown; archive_notes=OCR extracted from screenshot; review rows where screenshot text was partially cropped or low contrast.
manual_ham_000043,drive_export/THESIS/CLEANED/cleaned_dataset.csv,43,"Wednesday 1:05PM J&T DELIVERY! TN: JT<ACCT>, Rider: THRIX PUAL A TAN. Your COD amount is 999.00. You can pay by cash or conveniently online when the rider arrives. Please note that a photo proof of delivery is required. Thank you for choosing J&T Express Philippines! Stay safe and have a great day ahead.","Wednesday 1:05PM J&T DELIVERY! TN: JT<ACCT>, Rider: THRIX PUAL A TAN. Your COD amount is 999.00. You can pay by cash or conveniently online when the rider arrives. Please note that a photo proof of delivery is required. Thank you for choosing J&T Express Philippines! Stay safe and have a great day ahead.",unsure,delivery,Unknown,Philippines,English,False,False,False,False,True,imported_structured_archive_text,needs_review,screenshot_file=precleaned\Bernard - April 26 - 78 imgs\IMG_1884.jpg; source_hint=Unknown; archive_notes=OCR extracted from screenshot; review rows where screenshot text was partially cropped or low contrast.
manual_ham_000044,drive_export/THESIS/CLEANED/cleaned_dataset.csv,44,"J&T DELIVERY! TN: <PHONE>, Rider: THRIX PUAL A TAN. Your COD amount is 308.79. You can pay by cash or conveniently online when the rider arrives. Please note that a photo proof of delivery is required. Thank you for choosing J&T Express Philippines! Stay safe and have a great day ahead.","J&T DELIVERY! TN: <PHONE>, Rider: THRIX PUAL A TAN. Your COD amount is 308.79. You can pay by cash or conveniently online when the rider arrives. Please note that a photo proof of delivery is required. Thank you for choosing J&T Express Philippines! Stay safe and have a great day ahead.",unsure,delivery,Unknown,Philippines,English,False,False,False,False,False,imported_structured_archive_text,needs_review,screenshot_file=precleaned\Bernard - April 26 - 78 imgs\IMG_1885.jpg; source_hint=Unknown; archive_notes=OCR extracted from screenshot; review rows where screenshot text was partially cropped or low contrast.
manual_ham_000045,drive_export/THESIS/CLEANED/cleaned_dataset.csv,45,"J&T DELIVERY! TN: JT<ACCT>, Rider: THRIX PUAL A TAN. Your COD amount is 669.00. You can pay by cash or conveniently online when the rider arrives. Please note that a photo proof of delivery is required. Thank you for choosing J&T Express Philippines! Stay safe and have a great day ahead.","J&T DELIVERY! TN: JT<ACCT>, Rider: THRIX PUAL A TAN. Your COD amount is 669.00. You can pay by cash or conveniently online when the rider arrives. Please note that a photo proof of delivery is required. Thank you for choosing J&T Express Philippines! Stay safe and have a great day ahead.",unsure,delivery,Unknown,Philippines,English,False,False,False,False,True,imported_structured_archive_text,needs_review,screenshot_file=precleaned\Bernard - April 26 - 78 imgs\IMG_1886.jpg; source_hint=Unknown; archive_notes=OCR extracted from screenshot; review rows where screenshot text was partially cropped or low contrast.
manual_ham_000046,drive_export/THESIS/CLEANED/cleaned_dataset.csv,46,"J&T DELIVERY! TN: JT<ACCT>, Rider: THRIX PUAL A TAN. Your COD amount is 879.00. You can pay by cash or conveniently online when the rider arrives. Please note that a photo proof of delivery is required. Thank you for choosing J&T Express Philippines! Stay safe and have a great day ahead.","J&T DELIVERY! TN: JT<ACCT>, Rider: THRIX PUAL A TAN. Your COD amount is 879.00. You can pay by cash or conveniently online when the rider arrives. Please note that a photo proof of delivery is required. Thank you for choosing J&T Express Philippines! Stay safe and have a great day ahead.",unsure,delivery,Unknown,Philippines,English,False,False,False,False,True,imported_structured_archive_text,needs_review,screenshot_file=precleaned\Bernard - April 26 - 78 imgs\IMG_1887.jpg; source_hint=Unknown; archive_notes=OCR extracted from screenshot; review rows where screenshot text was partially cropped or low contrast.
manual_ham_000047,drive_export/THESIS/CLEANED/cleaned_dataset.csv,47,"Don't miss your chance to see Laufey live in Manila, thanks to Visa! Use your RCBC Visa Credit Card and get 1 entry for every P1,000 you spend, OR be one of the 10 Top Spenders to win automatically! Promo runs until May 10. Register now at the RCBC Credit website. Search: LAUFEYRP / LAUFEYTS. T&C apply. DT252226S26","Don't miss your chance to see Laufey live in Manila, thanks to Visa! Use your RCBC Visa Credit Card and get 1 entry for every P1,000 you spend, OR be one of the 10 Top Spenders to win automatically! Promo runs until May 10. Register now at the RCBC Credit website. Search: LAUFEYRP / LAUFEYTS. T&C apply. DT252226S26",unsure,banking,Unknown,unknown,English,False,False,False,True,True,imported_structured_archive_text,needs_review,screenshot_file=precleaned\Bernard - April 26 - 78 imgs\IMG_1888(1).jpg; source_hint=Unknown; archive_notes=OCR extracted from screenshot; review rows where screenshot text was partially cropped or low contrast.
manual_ham_000048,drive_export/THESIS/CLEANED/cleaned_dataset.csv,48,"Don't miss your chance to earn Mom her Mother's Day treat! Use your RCBC Premium Card at Paper Moon Cafe by April 30 to qualify for FREE 3 Hokkaido Cupcakes (min. P2,000 spend) or a Small Mille Crepe (min. P5,000 spend). Redeem May 7-10 at any store. Details at the RCBC Credit site, search MDPM. DT1251767S26","Don't miss your chance to earn Mom her Mother's Day treat! Use your RCBC Premium Card at Paper Moon Cafe by April 30 to qualify for FREE 3 Hokkaido Cupcakes (min. P2,000 spend) or a Small Mille Crepe (min. P5,000 spend). Redeem May 7-10 at any store. Details at the RCBC Credit site, search MDPM. DT1251767S26",unsure,banking,Unknown,unknown,English,False,False,False,True,True,imported_structured_archive_text,needs_review,screenshot_file=precleaned\Bernard - April 26 - 78 imgs\IMG_1888.jpg; source_hint=Unknown; archive_notes=OCR extracted from screenshot; review rows where screenshot text was partially cropped or low contrast.
manual_ham_000049,drive_export/THESIS/CLEANED/cleaned_dataset.csv,49,"Thursday 4:47 PM As of 03/25, you have 6,182 Rewards Points (worth Php 1,546) on your Card ending in <ACCT>, JOCELYN ANNE! Redeem these for shopping vouchers or cash credit by calling (<PHONE>. Keep using your Landmark Anson's Credit Card to enjoy unlimited 3% REBATE at Landmark plus rewards points on all purchases. T&Cs apply.","Thursday 4:47 PM As of 03/25, you have 6,182 Rewards Points (worth Php 1,546) on your Card ending in <ACCT>, JOCELYN ANNE! Redeem these for shopping vouchers or cash credit by calling (<PHONE>. Keep using your Landmark Anson's Credit Card to enjoy unlimited 3% REBATE at Landmark plus rewards points on all purchases. T&Cs apply.",unsure,banking,Unknown,Philippines,English,False,False,False,True,True,imported_structured_archive_text,needs_review,screenshot_file=precleaned\Bernard - April 26 - 78 imgs\IMG_1889(1).jpg; source_hint=Unknown; archive_notes=OCR extracted from screenshot; review rows where screenshot text was partially cropped or low contrast.
manual_ham_000050,drive_export/THESIS/CLEANED/cleaned_dataset.csv,50,"Wednesday 5:44PM Still dreaming of the F1 grid? Your RCBC Visa Infinite is your ticket! Every P1,000 spend earns you an entry to win Monza Barcade watch party passes to Austria or Madrid. If you haven't registered, visit rcbccredit and search: FIVIVS. Promo runs until 08/31/26. DTI251184S 26.","Wednesday 5:44PM Still dreaming of the F1 grid? Your RCBC Visa Infinite is your ticket! Every P1,000 spend earns you an entry to win Monza Barcade watch party passes to Austria or Madrid. If you haven't registered, visit rcbccredit and search: FIVIVS. Promo runs until 08/31/26. DTI251184S 26.",unsure,promo_legitimate,Unknown,unknown,English,False,False,False,True,False,imported_structured_archive_text,needs_review,screenshot_file=precleaned\Bernard - April 26 - 78 imgs\IMG_1889.jpg; source_hint=Unknown; archive_notes=OCR extracted from screenshot; review rows where screenshot text was partially cropped or low contrast.
manual_ham_000051,drive_export/THESIS/CLEANED/cleaned_dataset.csv,51,"Tuesday 6:07PM Beat the summer heat & kickstart your adventures with up to P1,132,000, JOCELYN ANNE! Convert your available limit to RCBC InstaCash on your card ending in <ACCT> & pay only P26,174.26/mo. at a low add-on rate of 0.62%/mo. for up to 60 mos. To avail, go to the RCBC Credit website, search Promo ID: RRN, and use code A28YUHYOSQ. Offer exclusive to web applications until May 10, 2026. DT1245989S26","Tuesday 6:07PM Beat the summer heat & kickstart your adventures with up to P1,132,000, JOCELYN ANNE! Convert your available limit to RCBC InstaCash on your card ending in <ACCT> & pay only P26,174.26/mo. at a low add-on rate of 0.62%/mo. for up to 60 mos. To avail, go to the RCBC Credit website, search Promo ID: RRN, and use code A28YUHYOSQ. Offer exclusive to web applications until May 10, 2026. DT1245989S26",unsure,banking,Unknown,unknown,English,False,False,True,True,True,imported_structured_archive_text,needs_review,screenshot_file=precleaned\Bernard - April 26 - 78 imgs\IMG_1890(1).jpg; source_hint=Unknown; archive_notes=OCR extracted from screenshot; review rows where screenshot text was partially cropped or low contrast.
manual_ham_000052,drive_export/THESIS/CLEANED/cleaned_dataset.csv,52,"Stay cool this summer! Get up to PHP20,000 OFF the SRP of select aircon models at 0% installment for up to 24 months, plus Buy Now, Pay Later using your RCBC Credit Card at Western Appliances. Promo valid until May 31, 2026. Visit the RCBC Credit Website & search: WESAPP26 for details. D252780S26","Stay cool this summer! Get up to PHP20,000 OFF the SRP of select aircon models at 0% installment for up to 24 months, plus Buy Now, Pay Later using your RCBC Credit Card at Western Appliances. Promo valid until May 31, 2026. Visit the RCBC Credit Website & search: WESAPP26 for details. D252780S26",unsure,banking,Unknown,unknown,English,False,False,False,True,True,imported_structured_archive_text,needs_review,screenshot_file=precleaned\Bernard - April 26 - 78 imgs\IMG_1890.jpg; source_hint=Unknown; archive_notes=OCR extracted from screenshot; review rows where screenshot text was partially cropped or low contrast.
manual_ham_000053,drive_export/THESIS/CLEANED/cleaned_dataset.csv,53,"Your Apr-2026 Statement Balance for your Card ending in <ACCT> is Php 53,529.43. Min. Amt Due is Php 1,606.00. Due on 05/14. Pay conveniently online using your bank's digital banking website/app or e- wallets. To view your statement & do more with your RCBC Credit Card, download and register to the RCBC Pulz app.","Your Apr-2026 Statement Balance for your Card ending in <ACCT> is Php 53,529.43. Min. Amt Due is Php 1,606.00. Due on 05/14. Pay conveniently online using your bank's digital banking website/app or e- wallets. To view your statement & do more with your RCBC Credit Card, download and register to the RCBC Pulz app.",unsure,banking,Unknown,Philippines,English,False,False,False,True,True,imported_structured_archive_text,needs_review,screenshot_file=precleaned\Bernard - April 26 - 78 imgs\IMG_1891(1).jpg; source_hint=Unknown; archive_notes=OCR extracted from screenshot; review rows where screenshot text was partially cropped or low contrast.
manual_ham_000054,drive_export/THESIS/CLEANED/cleaned_dataset.csv,54,"Make it a summer to remember, JOCELYN ANNE! Get as much as P1,132,000 when you convert your unused limit to RCBC InstaCash on your Card ending in <ACCT> & pay P26,174.26/mo. at an add-on rate of only 0.62%/mo. for up to 60 mos. Visit the RCBC Credit website, search Promo ID: RRN, and use code A28YUHYOSQ. Offer exclusive to web applications until May 10, 2026. DTI245989S26","Make it a summer to remember, JOCELYN ANNE! Get as much as P1,132,000 when you convert your unused limit to RCBC InstaCash on your Card ending in <ACCT> & pay P26,174.26/mo. at an add-on rate of only 0.62%/mo. for up to 60 mos. Visit the RCBC Credit website, search Promo ID: RRN, and use code A28YUHYOSQ. Offer exclusive to web applications until May 10, 2026. DTI245989S26",unsure,banking,Unknown,unknown,English,False,False,True,True,True,imported_structured_archive_text,needs_review,screenshot_file=precleaned\Bernard - April 26 - 78 imgs\IMG_1891.jpg; source_hint=Unknown; archive_notes=OCR extracted from screenshot; review rows where screenshot text was partially cropped or low contrast.
manual_ham_000055,drive_export/THESIS/CLEANED/cleaned_dataset.csv,55,"Don't miss out on a sweet surprise for Mom! Use your RCBC Premium Credit Card at Paper Moon Cafe until Apr. 30 to earn her favorite treats. Get 3 Hokkaido Cupcakes (min. P2,000 spend) or a Small Mille Crepe (min. P5,000 spend). Redeem May 7-10 at any store. Details at the RCBC Credit site, search MDPM. DT1I251767S26","Don't miss out on a sweet surprise for Mom! Use your RCBC Premium Credit Card at Paper Moon Cafe until Apr. 30 to earn her favorite treats. Get 3 Hokkaido Cupcakes (min. P2,000 spend) or a Small Mille Crepe (min. P5,000 spend). Redeem May 7-10 at any store. Details at the RCBC Credit site, search MDPM. DT1I251767S26",unsure,banking,Unknown,unknown,English,False,False,False,True,True,imported_structured_archive_text,needs_review,screenshot_file=precleaned\Bernard - April 26 - 78 imgs\IMG_1892(1).jpg; source_hint=Unknown; archive_notes=OCR extracted from screenshot; review rows where screenshot text was partially cropped or low contrast.
manual_ham_000056,drive_export/THESIS/CLEANED/cleaned_dataset.csv,56,"Barefoot luxury in Siargao awaits. Enjoy an exclusive discount at Nay Palad Hideaway and all-inclusive island bliss w/ your RCBC Premium Credit Card. To book, call <PHONE> / <PHONE>. For details, visit the rcbccredit website, search NPH20. DTI246086S26. Offer until 6/30/26","Barefoot luxury in Siargao awaits. Enjoy an exclusive discount at Nay Palad Hideaway and all-inclusive island bliss w/ your RCBC Premium Credit Card. To book, call <PHONE> / <PHONE>. For details, visit the rcbccredit website, search NPH20. DTI246086S26. Offer until 6/30/26",unsure,banking,Unknown,unknown,English,False,False,False,False,True,imported_structured_archive_text,needs_review,screenshot_file=precleaned\Bernard - April 26 - 78 imgs\IMG_1892.jpg; source_hint=Unknown; archive_notes=OCR extracted from screenshot; review rows where screenshot text was partially cropped or low contrast.
manual_ham_000057,drive_export/THESIS/CLEANED/cleaned_dataset.csv,57,"Your RCBC InstaCash of up to P1,132,000 is now ready, JOCELYN ANNE! Convert the credit limit of your card ending in <ACCT> for only 0.62% monthly add-on rate and pay just P26,174.26/mo. for up to 60 mos. Avail at the RCBC Credit website now: Search Promo ID: RRN & use code A28YUHYOSQ. Web-exclusive offer until May 10, 2026. DTI245989S26","Your RCBC InstaCash of up to P1,132,000 is now ready, JOCELYN ANNE! Convert the credit limit of your card ending in <ACCT> for only 0.62% monthly add-on rate and pay just P26,174.26/mo. for up to 60 mos. Avail at the RCBC Credit website now: Search Promo ID: RRN & use code A28YUHYOSQ. Web-exclusive offer until May 10, 2026. DTI245989S26",unsure,banking,Unknown,unknown,English,False,False,True,True,True,imported_structured_archive_text,needs_review,screenshot_file=precleaned\Bernard - April 26 - 78 imgs\IMG_1893(1).jpg; source_hint=Unknown; archive_notes=OCR extracted from screenshot; review rows where screenshot text was partially cropped or low contrast.
manual_ham_000058,drive_export/THESIS/CLEANED/cleaned_dataset.csv,58,"JOCELYN ANNE, as of 03/19, you have 7,317 rewards pts w/ your RCBC Visa Infinite. Redeem from 3,300 points for cash credits, vouchers & more, via Erica at the RCBC Credit site or call the Premium Cards hotline. Maximize every spend with your Card: earn 1 pt/P30 spend, 3x pts local online, 5x intl. online/in-store.","JOCELYN ANNE, as of 03/19, you have 7,317 rewards pts w/ your RCBC Visa Infinite. Redeem from 3,300 points for cash credits, vouchers & more, via Erica at the RCBC Credit site or call the Premium Cards hotline. Maximize every spend with your Card: earn 1 pt/P30 spend, 3x pts local online, 5x intl. online/in-store.",unsure,banking,Unknown,unknown,English,False,False,False,True,True,imported_structured_archive_text,needs_review,screenshot_file=precleaned\Bernard - April 26 - 78 imgs\IMG_1893.jpg; source_hint=Unknown; archive_notes=OCR extracted from screenshot; review rows where screenshot text was partially cropped or low contrast.
manual_ham_000059,drive_export/THESIS/CLEANED/cleaned_dataset.csv,59,"50% OFF at Marco Polo Ortigas! Savor a feast at Cucina, Lung Hin, Connect Lounge, Vu's Sky Bar, & Cafe Pronto with your RCBC Visa Infinite. Valid Mon-Fri until Apr. 30. Min. spend varies. Reserve your table by calling 7720 7777! Search MPO on the RCBC Credit site. T&Cs apply. DTI252812S26","50% OFF at Marco Polo Ortigas! Savor a feast at Cucina, Lung Hin, Connect Lounge, Vu's Sky Bar, & Cafe Pronto with your RCBC Visa Infinite. Valid Mon-Fri until Apr. 30. Min. spend varies. Reserve your table by calling 7720 7777! Search MPO on the RCBC Credit site. T&Cs apply. DTI252812S26",unsure,banking,Unknown,unknown,English,False,False,False,False,False,imported_structured_archive_text,needs_review,screenshot_file=precleaned\Bernard - April 26 - 78 imgs\IMG_1894.jpg; source_hint=Unknown; archive_notes=OCR extracted from screenshot; review rows where screenshot text was partially cropped or low contrast.
manual_ham_000060,drive_export/THESIS/CLEANED/cleaned_dataset.csv,60,"The new galaxy is here! Get the Samsung Galaxy S26 Series for as low as P2,430.27/mo. at 0% inst for 24mos w/ your RCBC Credit Card! Plus, bundle the Galaxy Buds4 to get 10% OFF your Buds. Offers, validity dates and partners vary. Visit the RCBC Credit website & search SAMS26L for details. T&Cs apply. D250155&251419S26","The new galaxy is here! Get the Samsung Galaxy S26 Series for as low as P2,430.27/mo. at 0% inst for 24mos w/ your RCBC Credit Card! Plus, bundle the Galaxy Buds4 to get 10% OFF your Buds. Offers, validity dates and partners vary. Visit the RCBC Credit website & search SAMS26L for details. T&Cs apply. D250155&251419S26",unsure,banking,Unknown,unknown,English,False,False,False,True,True,imported_structured_archive_text,needs_review,screenshot_file=precleaned\Bernard - April 26 - 78 imgs\IMG_1895(1).jpg; source_hint=Unknown; archive_notes=OCR extracted from screenshot; review rows where screenshot text was partially cropped or low contrast.
manual_ham_000061,drive_export/THESIS/CLEANED/cleaned_dataset.csv,61,"Your Apr-2026 Statement Balance for Card ending in <ACCT> is Php -2.96. Min. Amt Due is Php 0.00. To view your statement & do more with your RCBC Credit Card, download and register to the RCBC Pulz app.","Your Apr-2026 Statement Balance for Card ending in <ACCT> is Php -2.96. Min. Amt Due is Php 0.00. To view your statement & do more with your RCBC Credit Card, download and register to the RCBC Pulz app.",unsure,banking,Unknown,Philippines,English,False,False,False,True,True,imported_structured_archive_text,needs_review,screenshot_file=precleaned\Bernard - April 26 - 78 imgs\IMG_1895(2).jpg; source_hint=Unknown; archive_notes=OCR extracted from screenshot; review rows where screenshot text was partially cropped or low contrast.
manual_ham_000062,drive_export/THESIS/CLEANED/cleaned_dataset.csv,62,"Payment of Pho20,020.00 made to Card end 4017 was posted on 04/08.","Payment of Pho20,020.00 made to Card end 4017 was posted on 04/08.",unsure,banking,Unknown,unknown,English,False,False,False,False,True,imported_structured_archive_text,needs_review,screenshot_file=precleaned\Bernard - April 26 - 78 imgs\IMG_1895.jpg; source_hint=Unknown; archive_notes=OCR extracted from screenshot; review rows where screenshot text was partially cropped or low contrast.
manual_ham_000063,drive_export/THESIS/CLEANED/cleaned_dataset.csv,63,"We'd like to remind you that the due date for your card ending in <ACCT> is on 04/13. Your minimum amount due is Php1,305.00. Your total statement balance is Php43,500.10. If you have already paid prior to receiving this message, thank you for your payment.","We'd like to remind you that the due date for your card ending in <ACCT> is on 04/13. Your minimum amount due is Php1,305.00. Your total statement balance is Php43,500.10. If you have already paid prior to receiving this message, thank you for your payment.",unsure,banking,Unknown,unknown,English,False,False,False,True,True,imported_structured_archive_text,needs_review,screenshot_file=precleaned\Bernard - April 26 - 78 imgs\IMG_1896(1).jpg; source_hint=Unknown; archive_notes=OCR extracted from screenshot; review rows where screenshot text was partially cropped or low contrast.
manual_ham_000064,drive_export/THESIS/CLEANED/cleaned_dataset.csv,64,"Promo extended! Get Diamond Indulgence Annual Membership for P8,710.40 (from P10,888) with your RCBC Premium Credit Card. Enjoy a free night stay, up to 50% off dining, and more at Diamond Hotel. Offer now valid until June 30, 2026. Call <PHONE> or search DHPINDUL on the RCBC Credit Website. DTI246122S26.","Promo extended! Get Diamond Indulgence Annual Membership for P8,710.40 (from P10,888) with your RCBC Premium Credit Card. Enjoy a free night stay, up to 50% off dining, and more at Diamond Hotel. Offer now valid until June 30, 2026. Call <PHONE> or search DHPINDUL on the RCBC Credit Website. DTI246122S26.",unsure,banking,Unknown,unknown,English,False,False,False,True,True,imported_structured_archive_text,needs_review,screenshot_file=precleaned\Bernard - April 26 - 78 imgs\IMG_1896.jpg; source_hint=Unknown; archive_notes=OCR extracted from screenshot; review rows where screenshot text was partially cropped or low contrast.
manual_ham_000065,drive_export/THESIS/CLEANED/cleaned_dataset.csv,65,"We'd like to remind you that the payment for your card ending in <ACCT> is due on 04/06. Your minimum amount due is Php601.00. Your statement balance is Php20,017.04. If you have already paid prior to receiving this message, thank you for your payment.","We'd like to remind you that the payment for your card ending in <ACCT> is due on 04/06. Your minimum amount due is Php601.00. Your statement balance is Php20,017.04. If you have already paid prior to receiving this message, thank you for your payment.",unsure,banking,Unknown,unknown,English,False,False,False,True,True,imported_structured_archive_text,needs_review,screenshot_file=precleaned\Bernard - April 26 - 78 imgs\IMG_1897(1).jpg; source_hint=Unknown; archive_notes=OCR extracted from screenshot; review rows where screenshot text was partially cropped or low contrast.
manual_ham_000066,drive_export/THESIS/CLEANED/cleaned_dataset.csv,66,"We'd like to remind you that the due date for your card ending in <ACCT> is on 04/06. Your minimum amount due Is Php601.00. Your total statement balance is Php20,017.04. If you have already paid prior to receiving this message, thank you for your payment.","We'd like to remind you that the due date for your card ending in <ACCT> is on 04/06. Your minimum amount due Is Php601.00. Your total statement balance is Php20,017.04. If you have already paid prior to receiving this message, thank you for your payment.",unsure,banking,Unknown,unknown,English,False,False,False,True,True,imported_structured_archive_text,needs_review,screenshot_file=precleaned\Bernard - April 26 - 78 imgs\IMG_1897.jpg; source_hint=Unknown; archive_notes=OCR extracted from screenshot; review rows where screenshot text was partially cropped or low contrast.
manual_ham_000067,drive_export/THESIS/CLEANED/cleaned_dataset.csv,67,"Indulge at Gloria Maris Greenhills, JOCELYN ANNE! Enjoy 50% OFF for a min. P5,000 spend with your RCBC Premium Credit Card from April 1-30, Mon.-Fri. Valid for Lunch (10:30AM-2:00PM) and Dinner (5:30PM-8:30PM). Search GMGH on the RCBC Credit website for details. T&Cs apply. DTI253026S26","Indulge at Gloria Maris Greenhills, JOCELYN ANNE! Enjoy 50% OFF for a min. P5,000 spend with your RCBC Premium Credit Card from April 1-30, Mon.-Fri. Valid for Lunch (10:30AM-2:00PM) and Dinner (5:30PM-8:30PM). Search GMGH on the RCBC Credit website for details. T&Cs apply. DTI253026S26",unsure,banking,Unknown,unknown,English,False,False,False,True,True,imported_structured_archive_text,needs_review,screenshot_file=precleaned\Bernard - April 26 - 78 imgs\IMG_1898(1).jpg; source_hint=Unknown; archive_notes=OCR extracted from screenshot; review rows where screenshot text was partially cropped or low contrast.
manual_ham_000068,drive_export/THESIS/CLEANED/cleaned_dataset.csv,68,"Race to Monza with your RCBC Visa Credit Card! Earn raffle entries for a minimum spend of P1,000 from Apr 1-Jun 30 fora chance to win a Race Experience for 2, plus watch party access. For more info and to register, search VCARB on the RCBC Credit website. DTI#247198","Race to Monza with your RCBC Visa Credit Card! Earn raffle entries for a minimum spend of P1,000 from Apr 1-Jun 30 fora chance to win a Race Experience for 2, plus watch party access. For more info and to register, search VCARB on the RCBC Credit website. DTI#247198",unsure,banking,Unknown,unknown,English,False,False,False,True,True,imported_structured_archive_text,needs_review,screenshot_file=precleaned\Bernard - April 26 - 78 imgs\IMG_1898.jpg; source_hint=Unknown; archive_notes=OCR extracted from screenshot; review rows where screenshot text was partially cropped or low contrast.
manual_ham_000069,drive_export/THESIS/CLEANED/cleaned_dataset.csv,69,"Good news! The RCBC Premium Credit Card STAY & DINE exclusive deal at DIAMOND HOTEL is extended until Jun.30! Don't miss your chance to get a DIAMOND INDULGENCE MEMBERSHIP for just P8,710.40 (orig. P10,888). Enjoy a FREE night's stay, up to 50% OFF on dining, and more! For details, contact <PHONE>. DTI246122S26.","Good news! The RCBC Premium Credit Card STAY & DINE exclusive deal at DIAMOND HOTEL is extended until Jun.30! Don't miss your chance to get a DIAMOND INDULGENCE MEMBERSHIP for just P8,710.40 (orig. P10,888). Enjoy a FREE night's stay, up to 50% OFF on dining, and more! For details, contact <PHONE>. DTI246122S26.",unsure,banking,Unknown,unknown,English,False,False,False,True,True,imported_structured_archive_text,needs_review,screenshot_file=precleaned\Bernard - April 26 - 78 imgs\IMG_1899(1).jpg; source_hint=Unknown; archive_notes=OCR extracted from screenshot; review rows where screenshot text was partially cropped or low contrast.
manual_ham_000070,drive_export/THESIS/CLEANED/cleaned_dataset.csv,70,"Mother's Day is sweeter w/ your RCBC Premium Credit Card! Enjoy a special gift at Paper Moon Café for purchases until Apr. 30! Get 3 Hokkaido Cupcakes for a P2,000 spend or a Small Original Mille Crepe for a P5,000 spend. Redeem from May 7-10 at any store. Details at the RCBC Credit site, search MDPM. DT1I251767S26","Mother's Day is sweeter w/ your RCBC Premium Credit Card! Enjoy a special gift at Paper Moon Café for purchases until Apr. 30! Get 3 Hokkaido Cupcakes for a P2,000 spend or a Small Original Mille Crepe for a P5,000 spend. Redeem from May 7-10 at any store. Details at the RCBC Credit site, search MDPM. DT1I251767S26",unsure,banking,Unknown,unknown,English,False,False,False,True,True,imported_structured_archive_text,needs_review,screenshot_file=precleaned\Bernard - April 26 - 78 imgs\IMG_1899.jpg; source_hint=Unknown; archive_notes=OCR extracted from screenshot; review rows where screenshot text was partially cropped or low contrast.
manual_ham_000071,drive_export/THESIS/CLEANED/cleaned_dataset.csv,71,Get extra 10% OFF (up to P600) at the Lazada Birthday,Get extra 10% OFF (up to P600) at the Lazada Birthday,unsure,delivery,Lazada,unknown,English,False,False,False,True,False,imported_structured_archive_text,needs_review,screenshot_file=precleaned\Bernard - April 26 - 78 imgs\IMG_1900(1).jpg; source_hint=Lazada; archive_notes=OCR extracted from screenshot; review rows where screenshot text was partially cropped or low contrast.
manual_ham_000072,drive_export/THESIS/CLEANED/cleaned_dataset.csv,72,Sale with your RCBC Visa,Sale with your RCBC Visa,unsure,unsure,Unknown,unknown,English,False,False,False,False,False,imported_structured_archive_text,needs_review,screenshot_file=precleaned\Bernard - April 26 - 78 imgs\IMG_1900(1).jpg; source_hint=Unknown; archive_notes=OCR extracted from screenshot; review rows where screenshot text was partially cropped or low contrast.
manual_ham_000073,drive_export/THESIS/CLEANED/cleaned_dataset.csv,73,Credit Card! Promo runs until,Credit Card! Promo runs until,unsure,banking,Unknown,unknown,English,False,False,False,False,True,imported_structured_archive_text,needs_review,screenshot_file=precleaned\Bernard - April 26 - 78 imgs\IMG_1900(1).jpg; source_hint=Unknown; archive_notes=OCR extracted from screenshot; review rows where screenshot text was partially cropped or low contrast.
manual_ham_000074,drive_export/THESIS/CLEANED/cleaned_dataset.csv,74,Mar. 27 for a min. spend of,Mar. 27 for a min. spend of,unsure,unsure,Unknown,unknown,English,False,False,False,False,False,imported_structured_archive_text,needs_review,screenshot_file=precleaned\Bernard - April 26 - 78 imgs\IMG_1900(1).jpg; source_hint=Unknown; archive_notes=OCR extracted from screenshot; review rows where screenshot text was partially cropped or low contrast.
manual_ham_000075,drive_export/THESIS/CLEANED/cleaned_dataset.csv,75,"P5,000. Discount auto-applied","P5,000. Discount auto-applied",unsure,promo_legitimate,Unknown,unknown,English,False,False,False,True,False,imported_structured_archive_text,needs_review,screenshot_file=precleaned\Bernard - April 26 - 78 imgs\IMG_1900(1).jpg; source_hint=Unknown; archive_notes=OCR extracted from screenshot; review rows where screenshot text was partially cropped or low contrast.
manual_ham_000076,drive_export/THESIS/CLEANED/cleaned_dataset.csv,76,at checkout; no code needed.,at checkout; no code needed.,unsure,unsure,Unknown,unknown,English,False,False,False,False,False,imported_structured_archive_text,needs_review,screenshot_file=precleaned\Bernard - April 26 - 78 imgs\IMG_1900(1).jpg; source_hint=Unknown; archive_notes=OCR extracted from screenshot; review rows where screenshot text was partially cropped or low contrast.
manual_ham_000077,drive_export/THESIS/CLEANED/cleaned_dataset.csv,77,"For info, search LAZBDAY26 on","For info, search LAZBDAY26 on",unsure,unsure,Unknown,unknown,English,False,False,False,False,False,imported_structured_archive_text,needs_review,screenshot_file=precleaned\Bernard - April 26 - 78 imgs\IMG_1900(1).jpg; source_hint=Unknown; archive_notes=OCR extracted from screenshot; review rows where screenshot text was partially cropped or low contrast.
manual_ham_000078,drive_export/THESIS/CLEANED/cleaned_dataset.csv,78,the RCBC Credit website.,the RCBC Credit website.,unsure,banking,Unknown,unknown,English,False,False,False,False,False,imported_structured_archive_text,needs_review,screenshot_file=precleaned\Bernard - April 26 - 78 imgs\IMG_1900(1).jpg; source_hint=Unknown; archive_notes=OCR extracted from screenshot; review rows where screenshot text was partially cropped or low contrast.
manual_ham_000079,drive_export/THESIS/CLEANED/cleaned_dataset.csv,79,DTI#252224,DTI#252224,unsure,unsure,Unknown,unknown,English,False,False,False,False,False,imported_structured_archive_text,needs_review,screenshot_file=precleaned\Bernard - April 26 - 78 imgs\IMG_1900(1).jpg; source_hint=Unknown; archive_notes=OCR extracted from screenshot; review rows where screenshot text was partially cropped or low contrast.
manual_ham_000080,drive_export/THESIS/CLEANED/cleaned_dataset.csv,80,"Score deals at the Lazada Birthday Sale with your RCBC Mastercard Credit Card! Enjoy extra P500 OFF, min. spend P5,000. Offer is until Mar. 27, 2026. Discount auto-applied at checkout; no code needed. For info, search LAZBDAY26 on the RCBC Credit website. DTI#252224","Score deals at the Lazada Birthday Sale with your RCBC Mastercard Credit Card! Enjoy extra P500 OFF, min. spend P5,000. Offer is until Mar. 27, 2026. Discount auto-applied at checkout; no code needed. For info, search LAZBDAY26 on the RCBC Credit website. DTI#252224",unsure,banking,Lazada,unknown,English,False,False,True,True,True,imported_structured_archive_text,needs_review,screenshot_file=precleaned\Bernard - April 26 - 78 imgs\IMG_1900.jpg; source_hint=Lazada; archive_notes=OCR extracted from screenshot; review rows where screenshot text was partially cropped or low contrast.
manual_ham_000081,drive_export/THESIS/CLEANED/cleaned_dataset.csv,81,"Ready for summer? Refresh your OOTDs at Zara, Bershka, Massimo Dutti, Oysho, Pull & Bear & Stradivarius! Get up to P5,000 CASHBACK on straight or 0% installment spends using your RCBC Visa Credit Card from now until May 31! Visit the RCBC Credit Website & search CBFITS for full T&Cs. D249279S26","Ready for summer? Refresh your OOTDs at Zara, Bershka, Massimo Dutti, Oysho, Pull & Bear & Stradivarius! Get up to P5,000 CASHBACK on straight or 0% installment spends using your RCBC Visa Credit Card from now until May 31! Visit the RCBC Credit Website & search CBFITS for full T&Cs. D249279S26",unsure,banking,Unknown,unknown,English,False,False,False,True,True,imported_structured_archive_text,needs_review,screenshot_file=precleaned\Bernard - April 26 - 78 imgs\IMG_1901(1).jpg; source_hint=Unknown; archive_notes=OCR extracted from screenshot; review rows where screenshot text was partially cropped or low contrast.
manual_ham_000082,drive_export/THESIS/CLEANED/cleaned_dataset.csv,82,"Make the most of this offer until Mar. 31, JOCELYN ANNE! Get up to P1,141,000 when you convert your available limit on your card ending in <ACCT> to RCBC InstaCash. Pay as low as P26,391.94/mo. at a low add- on rate of 0.62%/mo for up to 60 mos. Go to the RCBC Credit website, search Promo ID: RRN, and use code AWLU40QQUT to avail. Offer is exclusive to applications via the RCBC Credit website. DTI245989S26","Make the most of this offer until Mar. 31, JOCELYN ANNE! Get up to P1,141,000 when you convert your available limit on your card ending in <ACCT> to RCBC InstaCash. Pay as low as P26,391.94/mo. at a low add- on rate of 0.62%/mo for up to 60 mos. Go to the RCBC Credit website, search Promo ID: RRN, and use code AWLU40QQUT to avail. Offer is exclusive to applications via the RCBC Credit website. DTI245989S26",unsure,banking,Unknown,unknown,English,False,False,False,True,True,imported_structured_archive_text,needs_review,screenshot_file=precleaned\Bernard - April 26 - 78 imgs\IMG_1901.jpg; source_hint=Unknown; archive_notes=OCR extracted from screenshot; review rows where screenshot text was partially cropped or low contrast.
manual_ham_000083,drive_export/THESIS/CLEANED/cleaned_dataset.csv,83,"Your Mar-2026 Statement Balance for your Card ending in <ACCT> is Php 43,500.10. Min. Amt Due is Php 1,305.00. Due on 04/13. Pay conveniently online using your bank's digital banking website/app or e- wallets. To view your statement & do more with your RCBC Credit Card, download and register to the RCBC Pulz app.","Your Mar-2026 Statement Balance for your Card ending in <ACCT> is Php 43,500.10. Min. Amt Due is Php 1,305.00. Due on 04/13. Pay conveniently online using your bank's digital banking website/app or e- wallets. To view your statement & do more with your RCBC Credit Card, download and register to the RCBC Pulz app.",unsure,banking,Unknown,Philippines,English,False,False,False,True,True,imported_structured_archive_text,needs_review,screenshot_file=precleaned\Bernard - April 26 - 78 imgs\IMG_1902(1).jpg; source_hint=Unknown; archive_notes=OCR extracted from screenshot; review rows where screenshot text was partially cropped or low contrast.
manual_ham_000084,drive_export/THESIS/CLEANED/cleaned_dataset.csv,84,"Win VIP tickets for two to see Laufey in Manila, thanks to Visa! Earn 1 entry per P1,000 spend, OR be one of the 10 Top Spenders to win automatically! Valid on RCBC Visa Credit Card spend from Mar 16—May 10. Register at the RCBC Credit website. Search: LAUFEYRP / LAUFEYTS. T&C apply. DT252226S26","Win VIP tickets for two to see Laufey in Manila, thanks to Visa! Earn 1 entry per P1,000 spend, OR be one of the 10 Top Spenders to win automatically! Valid on RCBC Visa Credit Card spend from Mar 16—May 10. Register at the RCBC Credit website. Search: LAUFEYRP / LAUFEYTS. T&C apply. DT252226S26",unsure,banking,Unknown,unknown,English,False,False,False,True,True,imported_structured_archive_text,needs_review,screenshot_file=precleaned\Bernard - April 26 - 78 imgs\IMG_1902.jpg; source_hint=Unknown; archive_notes=OCR extracted from screenshot; review rows where screenshot text was partially cropped or low contrast.
manual_ham_000085,drive_export/THESIS/CLEANED/cleaned_dataset.csv,85,"JOCELYN ANNE, whether for a home upgrade, business, or a getaway, get the extra cash you need! Convert the available limit on your RCBC card ending in <ACCT> to RCBC InstaCash. Access up to P1,141,000 and pay P26,391.94/mo. at a low add-on rate of 0.62%/mo for up to 60 mos. To avail, go to the RCBC Credit website, search Promo ID: RRN, and use code AWLU40QQUT. Offer exclusive to web applications until Mar. 31, 2026. DTI245989S26.","JOCELYN ANNE, whether for a home upgrade, business, or a getaway, get the extra cash you need! Convert the available limit on your RCBC card ending in <ACCT> to RCBC InstaCash. Access up to P1,141,000 and pay P26,391.94/mo. at a low add-on rate of 0.62%/mo for up to 60 mos. To avail, go to the RCBC Credit website, search Promo ID: RRN, and use code AWLU40QQUT. Offer exclusive to web applications until Mar. 31, 2026. DTI245989S26.",unsure,banking,Unknown,unknown,English,False,False,True,True,True,imported_structured_archive_text,needs_review,screenshot_file=precleaned\Bernard - April 26 - 78 imgs\IMG_1903(1).jpg; source_hint=Unknown; archive_notes=OCR extracted from screenshot; review rows where screenshot text was partially cropped or low contrast.
manual_ham_000086,drive_export/THESIS/CLEANED/cleaned_dataset.csv,86,"Payment of Php1,200.00 made to Card end 3000 was posted on 03/16.","Payment of Php1,200.00 made to Card end 3000 was posted on 03/16.",unsure,banking,Unknown,unknown,English,False,False,False,True,True,imported_structured_archive_text,needs_review,screenshot_file=precleaned\Bernard - April 26 - 78 imgs\IMG_1903.jpg; source_hint=Unknown; archive_notes=OCR extracted from screenshot; review rows where screenshot text was partially cropped or low contrast.
manual_ham_000087,drive_export/THESIS/CLEANED/cleaned_dataset.csv,87,"Ready for a getaway, JOCELYN ANNE? Whether it's a beach trip or a staycation, your RCBC Credit Card earns you more! Enjoy up to P5,000 cashback on hotels, resorts, and stays. Valid until May 31, 2026. Register and see full details on the RCBC Credit website, search LTR5K T&Cs apply. DT1I251514","Ready for a getaway, JOCELYN ANNE? Whether it's a beach trip or a staycation, your RCBC Credit Card earns you more! Enjoy up to P5,000 cashback on hotels, resorts, and stays. Valid until May 31, 2026. Register and see full details on the RCBC Credit website, search LTR5K T&Cs apply. DT1I251514",unsure,banking,Unknown,unknown,English,False,False,False,True,True,imported_structured_archive_text,needs_review,screenshot_file=precleaned\Bernard - April 26 - 78 imgs\IMG_1904(1).jpg; source_hint=Unknown; archive_notes=OCR extracted from screenshot; review rows where screenshot text was partially cropped or low contrast.
manual_ham_000088,drive_export/THESIS/CLEANED/cleaned_dataset.csv,88,"We'd like to remind you that the payment for your card ending in <ACCT> is due on 03/16. Your minimum amount due Is Php1,013.00. Your statement balance is Php33,760.80. If you have already paid prior to receiving this message, thank you for your payment.","We'd like to remind you that the payment for your card ending in <ACCT> is due on 03/16. Your minimum amount due Is Php1,013.00. Your statement balance is Php33,760.80. If you have already paid prior to receiving this message, thank you for your payment.",unsure,banking,Unknown,unknown,English,False,False,False,True,True,imported_structured_archive_text,needs_review,screenshot_file=precleaned\Bernard - April 26 - 78 imgs\IMG_1904.jpg; source_hint=Unknown; archive_notes=OCR extracted from screenshot; review rows where screenshot text was partially cropped or low contrast.
manual_ham_000089,drive_export/THESIS/CLEANED/cleaned_dataset.csv,89,"Your supplementary, BOBBY A BARCE with Card ending in XXXx3109 has spent PHP10000.00 at Pru Life of U.K. on 03/16 5:30AM. If you have concerns, call <PHONE>","Your supplementary, BOBBY A BARCE with Card ending in XXXx3109 has spent PHP10000.00 at Pru Life of U.K. on 03/16 5:30AM. If you have concerns, call <PHONE>",unsure,banking,Unknown,unknown,English,False,False,False,True,True,imported_structured_archive_text,needs_review,screenshot_file=precleaned\Bernard - April 26 - 78 imgs\IMG_1905(1).jpg; source_hint=Unknown; archive_notes=OCR extracted from screenshot; review rows where screenshot text was partially cropped or low contrast.
manual_ham_000090,drive_export/THESIS/CLEANED/cleaned_dataset.csv,90,Travel and spend without worries with your RCBC Premium Credit Card. Convert your spend abroad into Unli 0% for 3 mos. or up to 36 mos. Uni Installment via the RCBC Pulz App. Visit rcbccredit > Credit Cards > Benefits > Installment. T&Cs apply.,Travel and spend without worries with your RCBC Premium Credit Card. Convert your spend abroad into Unli 0% for 3 mos. or up to 36 mos. Uni Installment via the RCBC Pulz App. Visit rcbccredit > Credit Cards > Benefits > Installment. T&Cs apply.,unsure,banking,Unknown,unknown,English,False,False,False,False,True,imported_structured_archive_text,needs_review,screenshot_file=precleaned\Bernard - April 26 - 78 imgs\IMG_1905.jpg; source_hint=Unknown; archive_notes=OCR extracted from screenshot; review rows where screenshot text was partially cropped or low contrast.
manual_ham_000091,drive_export/THESIS/CLEANED/cleaned_dataset.csv,91,"Spend P1,000 with your RCBC Visa Infinite and get a chance to win passes to F1 Race Watch Parties (Suzuka, Austria & Madrid) at Monza Barcade. Prizes include P1,000 F&B, sim racing, and more! Promo runs until 08/31/26. Register at the link on the website. Visit rcbccredit, search F1VIVS. DTI251184S26.","Spend P1,000 with your RCBC Visa Infinite and get a chance to win passes to F1 Race Watch Parties (Suzuka, Austria & Madrid) at Monza Barcade. Prizes include P1,000 F&B, sim racing, and more! Promo runs until 08/31/26. Register at the link on the website. Visit rcbccredit, search F1VIVS. DTI251184S26.",unsure,telecom,Unknown,unknown,English,False,False,False,True,False,imported_structured_archive_text,needs_review,screenshot_file=precleaned\Bernard - April 26 - 78 imgs\IMG_1906(1).jpg; source_hint=Unknown; archive_notes=OCR extracted from screenshot; review rows where screenshot text was partially cropped or low contrast.
manual_ham_000092,drive_export/THESIS/CLEANED/cleaned_dataset.csv,92,"Upgrade to the Samsung Galaxy S26 Series with your RCBC Credit Card! Pre-order for as low as P2,264.97/mo. for 24mos at 0% inst + FREEBIES. Also, bundle with Galaxy Buds4 & get 10% OFF the Buds. Offers, validity dates and partners vary. T&Cs apply. Details at RCBC Credit website; search: SAMS26P. D250155&251419S26","Upgrade to the Samsung Galaxy S26 Series with your RCBC Credit Card! Pre-order for as low as P2,264.97/mo. for 24mos at 0% inst + FREEBIES. Also, bundle with Galaxy Buds4 & get 10% OFF the Buds. Offers, validity dates and partners vary. T&Cs apply. Details at RCBC Credit website; search: SAMS26P. D250155&251419S26",unsure,banking,Unknown,unknown,English,False,False,False,True,True,imported_structured_archive_text,needs_review,screenshot_file=precleaned\Bernard - April 26 - 78 imgs\IMG_1906.jpg; source_hint=Unknown; archive_notes=OCR extracted from screenshot; review rows where screenshot text was partially cropped or low contrast.
manual_ham_000093,drive_export/THESIS/CLEANED/cleaned_dataset.csv,93,"Unlock more possibilities this March, JOCELYN ANNE! Get extra cash when you convert your available limit on your card ending in <ACCT> to RCBC InstaCash! Access up to P1,141,000 and pay as low as P26,391.94/mo. at only 0.62% monthly add-on rate for up to 60 mos. To avail, go to the RCBC Credit website, search Promo ID: RRN, and use code AWLU4OQQUT. Offer exclusive to web applications until Mar. 31, 2026. DTI245989S26","Unlock more possibilities this March, JOCELYN ANNE! Get extra cash when you convert your available limit on your card ending in <ACCT> to RCBC InstaCash! Access up to P1,141,000 and pay as low as P26,391.94/mo. at only 0.62% monthly add-on rate for up to 60 mos. To avail, go to the RCBC Credit website, search Promo ID: RRN, and use code AWLU4OQQUT. Offer exclusive to web applications until Mar. 31, 2026. DTI245989S26",unsure,banking,Unknown,unknown,English,False,False,True,True,True,imported_structured_archive_text,needs_review,screenshot_file=precleaned\Bernard - April 26 - 78 imgs\IMG_1907(1).jpg; source_hint=Unknown; archive_notes=OCR extracted from screenshot; review rows where screenshot text was partially cropped or low contrast.
manual_ham_000094,drive_export/THESIS/CLEANED/cleaned_dataset.csv,94,"Ready for Holy Week, JOCELYN ANNE? For every P30 spent, earn 5X points on overseas purchases & 3X points on local online shopping with your RCBC Visa Infinite. Redeem your points for airmiles, shopping & dining vouchers, and more!","Ready for Holy Week, JOCELYN ANNE? For every P30 spent, earn 5X points on overseas purchases & 3X points on local online shopping with your RCBC Visa Infinite. Redeem your points for airmiles, shopping & dining vouchers, and more!",unsure,promo_legitimate,Unknown,unknown,English,False,False,False,True,False,imported_structured_archive_text,needs_review,screenshot_file=precleaned\Bernard - April 26 - 78 imgs\IMG_1907.jpg; source_hint=Unknown; archive_notes=OCR extracted from screenshot; review rows where screenshot text was partially cropped or low contrast.
manual_ham_000095,drive_export/THESIS/CLEANED/cleaned_dataset.csv,95,"Barefoot luxury in Siargao awaits. Enjoy an exclusive discount at Nay Palad Hideaway and all-inclusive island bliss w/ your RCBC Premium Credit Card. To book, call <PHONE> / <PHONE>. For details, visit the rcbccredit website, search NPH20. DTI246086S26. Offer until 6/30/26","Barefoot luxury in Siargao awaits. Enjoy an exclusive discount at Nay Palad Hideaway and all-inclusive island bliss w/ your RCBC Premium Credit Card. To book, call <PHONE> / <PHONE>. For details, visit the rcbccredit website, search NPH20. DTI246086S26. Offer until 6/30/26",unsure,banking,Unknown,unknown,English,False,False,False,False,True,imported_structured_archive_text,needs_review,screenshot_file=precleaned\Bernard - April 26 - 78 imgs\IMG_1908(1).jpg; source_hint=Unknown; archive_notes=OCR extracted from screenshot; review rows where screenshot text was partially cropped or low contrast.
manual_ham_000096,drive_export/THESIS/CLEANED/cleaned_dataset.csv,96,"Pre-order the Samsung Galaxy S26 Series for as low as P2,166.25/mo. at 0% inst. for 24mos at select Samsung Experience/Premium stores! Bundle with Galaxy Buds4 & get 10% OFF the Buds. Offer valid until Mar 8, for a min. spend of P40,000. T&Cs apply. Details at the RCBC Credit website & search: SAMS26SP. D250155S26","Pre-order the Samsung Galaxy S26 Series for as low as P2,166.25/mo. at 0% inst. for 24mos at select Samsung Experience/Premium stores! Bundle with Galaxy Buds4 & get 10% OFF the Buds. Offer valid until Mar 8, for a min. spend of P40,000. T&Cs apply. Details at the RCBC Credit website & search: SAMS26SP. D250155S26",unsure,banking,Unknown,unknown,English,False,False,False,True,False,imported_structured_archive_text,needs_review,screenshot_file=precleaned\Bernard - April 26 - 78 imgs\IMG_1908.jpg; source_hint=Unknown; archive_notes=OCR extracted from screenshot; review rows where screenshot text was partially cropped or low contrast.
manual_ham_000097,drive_export/THESIS/CLEANED/cleaned_dataset.csv,97,"Going to Japan? Power up your concert experience with your Metrobank credit card. EARN P500 CASHBACK with Metrobank's Cashback Pass when you spend at least P50,000 in Japan. Valid for card-present transactions made in Japan with currency code of JPY from April 16 to 20, <OTP> only. Register now! Download the Metrobank App, click ""Promos"" before logging in, and search for ""PHP 500 CASHBACK on your Japan Spends"" to know more. Quick Tip! When travelling abroad or shopping overseas online stores, always choose to pay in non-PHP currency to enjoy better conversion rates and avoid extra fees. T&Cs apply. DTI250926S26. CCPD26-05/7.","Going to Japan? Power up your concert experience with your Metrobank credit card. EARN P500 CASHBACK with Metrobank's Cashback Pass when you spend at least P50,000 in Japan. Valid for card-present transactions made in Japan with currency code of JPY from April 16 to 20, <OTP> only. Register now! Download the Metrobank App, click ""Promos"" before logging in, and search for ""PHP 500 CASHBACK on your Japan Spends"" to know more. Quick Tip! When travelling abroad or shopping overseas online stores, always choose to pay in non-PHP currency to enjoy better conversion rates and avoid extra fees. T&Cs apply. DTI250926S26. CCPD26-05/7.",unsure,otp_verification,Metrobank,Philippines,English,False,False,False,True,True,imported_structured_archive_text,needs_review,screenshot_file=precleaned\Bernard - April 26 - 78 imgs\IMG_1910.jpg; source_hint=Metrobank; archive_notes=OCR extracted from screenshot; review rows where screenshot text was partially cropped or low contrast.
manual_ham_000098,drive_export/THESIS/CLEANED/cleaned_dataset.csv,98,"Avoid additional charges by not missing your next due date on 13 Apr 2026. The outstanding balance of your Metrobank credit card ending in <ACCT> is PHP 57,875.54. Pay at least the minimum amount due of PHP 2,025.64, immediately. You may pay via Metrobank Online, Metrobank App or using other banking apps. Disregard if already paid.","Avoid additional charges by not missing your next due date on 13 Apr 2026. The outstanding balance of your Metrobank credit card ending in <ACCT> is PHP 57,875.54. Pay at least the minimum amount due of PHP 2,025.64, immediately. You may pay via Metrobank Online, Metrobank App or using other banking apps. Disregard if already paid.",unsure,banking,Metrobank,Philippines,English,False,False,False,True,True,imported_structured_archive_text,needs_review,screenshot_file=precleaned\Bernard - April 26 - 78 imgs\IMG_1911(1).jpg; source_hint=Metrobank; archive_notes=OCR extracted from screenshot; review rows where screenshot text was partially cropped or low contrast.
manual_ham_000099,drive_export/THESIS/CLEANED/cleaned_dataset.csv,99,"Your referrals can earn you rewards! Get P5,000 eGC for every successful referral when friends apply & get approved for their first Metrobank credit card using your code ACO135. Promo runs until Jun 30, <OTP>. Visit our website for the application link & for T&Cs. DT1245534S2025 CCPD26-041","Your referrals can earn you rewards! Get P5,000 eGC for every successful referral when friends apply & get approved for their first Metrobank credit card using your code ACO135. Promo runs until Jun 30, <OTP>. Visit our website for the application link & for T&Cs. DT1245534S2025 CCPD26-041",unsure,otp_verification,Metrobank,unknown,English,False,False,False,True,True,imported_structured_archive_text,needs_review,screenshot_file=precleaned\Bernard - April 26 - 78 imgs\IMG_1911.jpg; source_hint=Metrobank; archive_notes=OCR extracted from screenshot; review rows where screenshot text was partially cropped or low contrast.
manual_ham_000100,drive_export/THESIS/CLEANED/cleaned_dataset.csv,100,"oat, Apr ti at 11-09 AM Your referrals can earn you rewards! Get P5,000 eGC for every successful referral when friends apply & get approved for their first Metrobank credit card using your code ACO135. Promo runs until Jun 30, <OTP>. Visit our website for the application link & for T&Cs. DT1245534S2025 CCPD26-041","oat, Apr ti at 11-09 AM Your referrals can earn you rewards! Get P5,000 eGC for every successful referral when friends apply & get approved for their first Metrobank credit card using your code ACO135. Promo runs until Jun 30, <OTP>. Visit our website for the application link & for T&Cs. DT1245534S2025 CCPD26-041",unsure,otp_verification,Metrobank,unknown,English,False,False,False,True,True,imported_structured_archive_text,needs_review,screenshot_file=precleaned\Bernard - April 26 - 78 imgs\IMG_1912.jpg; source_hint=Metrobank; archive_notes=OCR extracted from screenshot; review rows where screenshot text was partially cropped or low contrast.
manual_ham_000101,drive_export/THESIS/CLEANED/cleaned_dataset.csv,101,"Ready to scream, sing, and stan? Make every fandom moment in South Korea unforgettable. Get P500 CASHBACK for a min. accum. spend of P50,000 in South Korea. Valid for card present transactions made In South Korea with currency code of KRW. Register from April 8 to 13, 2026! Download the Metrobank App click ""Promos"" before logging in and search for ""PHP 500 CASHBACK on your South Korea Spends"" to know more. Quick Tip! When travelling abroad or shopping overseas online stores, always choose to pay in non-PHP currency to enjoy better conversion rates and avoid extra fees. T&Cs apply. DTI250926S26. CCPD26-057.","Ready to scream, sing, and stan? Make every fandom moment in South Korea unforgettable. Get P500 CASHBACK for a min. accum. spend of P50,000 in South Korea. Valid for card present transactions made In South Korea with currency code of KRW. Register from April 8 to 13, 2026! Download the Metrobank App click ""Promos"" before logging in and search for ""PHP 500 CASHBACK on your South Korea Spends"" to know more. Quick Tip! When travelling abroad or shopping overseas online stores, always choose to pay in non-PHP currency to enjoy better conversion rates and avoid extra fees. T&Cs apply. DTI250926S26. CCPD26-057.",unsure,banking,Metrobank,Philippines,English,False,False,True,True,True,imported_structured_archive_text,needs_review,screenshot_file=precleaned\Bernard - April 26 - 78 imgs\IMG_1913.jpg; source_hint=Metrobank; archive_notes=OCR extracted from screenshot; review rows where screenshot text was partially cropped or low contrast.
manual_ham_000102,drive_export/THESIS/CLEANED/cleaned_dataset.csv,102,"Your chance to start earning eGCs is EXTENDED until June 30, 2026! Share your code ACO135 & invite friends to apply for their first Metrobank credit card to earn P5,000 eGC per successful referral. Visit our website for the application link & T&Cs. DT1245534S2025 CCPD26-041","Your chance to start earning eGCs is EXTENDED until June 30, 2026! Share your code ACO135 & invite friends to apply for their first Metrobank credit card to earn P5,000 eGC per successful referral. Visit our website for the application link & T&Cs. DT1245534S2025 CCPD26-041",unsure,banking,Metrobank,unknown,English,False,False,True,True,True,imported_structured_archive_text,needs_review,screenshot_file=precleaned\Bernard - April 26 - 78 imgs\IMG_1914.jpg; source_hint=Metrobank; archive_notes=OCR extracted from screenshot; review rows where screenshot text was partially cropped or low contrast.
manual_ham_000103,drive_export/THESIS/CLEANED/cleaned_dataset.csv,103,"Attending a concert in Korea or Japan? Enjoy these deals until 04/10/2026! - AGODA: USD80 cashback for amin. spend of USD6O0. Register now! - KLOOK: P4,000 OFF for a min. spend of P20,000. Select stay dates apply. Use code: MBWORLDTOUR Download the Metrobank app, click ""Promos"" before logging in and search for ""USD 80 CASHBACK at Agoda"" and ""20% OFF in Korea and Japan at Klook"" to know more. T&Cs apply DTI252629S26. CCPD26-133. Metrobank is regulated by the BSP.","Attending a concert in Korea or Japan? Enjoy these deals until 04/10/2026! - AGODA: USD80 cashback for amin. spend of USD6O0. Register now! - KLOOK: P4,000 OFF for a min. spend of P20,000. Select stay dates apply. Use code: MBWORLDTOUR Download the Metrobank app, click ""Promos"" before logging in and search for ""USD 80 CASHBACK at Agoda"" and ""20% OFF in Korea and Japan at Klook"" to know more. T&Cs apply DTI252629S26. CCPD26-133. Metrobank is regulated by the BSP.",unsure,banking,Metrobank,unknown,English,False,False,True,True,False,imported_structured_archive_text,needs_review,screenshot_file=precleaned\Bernard - April 26 - 78 imgs\IMG_1915.jpg; source_hint=Metrobank; archive_notes=OCR extracted from screenshot; review rows where screenshot text was partially cropped or low contrast.
manual_ham_000104,drive_export/THESIS/CLEANED/cleaned_dataset.csv,104,"1ue, Mar ot at 9-92 FM Last chance to earn eGCs! Start referring friends now to apply for their first Metrobank credit card using your code ACO135. Earn P5,000 eGCs for every successful referral until March 31, 2026 only! Visit our website for the application link & T&Cs. DTI245534S2025 CCPD26-041","1ue, Mar ot at 9-92 FM Last chance to earn eGCs! Start referring friends now to apply for their first Metrobank credit card using your code ACO135. Earn P5,000 eGCs for every successful referral until March 31, 2026 only! Visit our website for the application link & T&Cs. DTI245534S2025 CCPD26-041",unsure,banking,Metrobank,unknown,English,False,False,True,True,True,imported_structured_archive_text,needs_review,screenshot_file=precleaned\Bernard - April 26 - 78 imgs\IMG_1916.jpg; source_hint=Metrobank; archive_notes=OCR extracted from screenshot; review rows where screenshot text was partially cropped or low contrast.
manual_ham_000105,drive_export/THESIS/CLEANED/cleaned_dataset.csv,105,"Skip ""Pay in PHP""! Quick Tip: When booking your hotel accommodations through overseas online store, or travelling abroad, ALWAYS choose to PAY INNON-PHP CURRENCY for better conversion rates and enjoy more savings. Metrobank is regulated by the BSP.","Skip ""Pay in PHP""! Quick Tip: When booking your hotel accommodations through overseas online store, or travelling abroad, ALWAYS choose to PAY INNON-PHP CURRENCY for better conversion rates and enjoy more savings. Metrobank is regulated by the BSP.",unsure,banking,Metrobank,Philippines,English,False,False,False,False,False,imported_structured_archive_text,needs_review,screenshot_file=precleaned\Bernard - April 26 - 78 imgs\IMG_1917(1).jpg; source_hint=Metrobank; archive_notes=OCR extracted from screenshot; review rows where screenshot text was partially cropped or low contrast.
manual_ham_000106,drive_export/THESIS/CLEANED/cleaned_dataset.csv,106,"Your MCC card <ACCT> was used at CHECKOUT CARDS for PHP 57330.00. If you did not make this, call <ACCT> to avoid further unauthorized transactions.","Your MCC card <ACCT> was used at CHECKOUT CARDS for PHP 57330.00. If you did not make this, call <ACCT> to avoid further unauthorized transactions.",unsure,banking,Unknown,Philippines,English,False,False,False,True,True,imported_structured_archive_text,needs_review,screenshot_file=precleaned\Bernard - April 26 - 78 imgs\IMG_1917.jpg; source_hint=Unknown; archive_notes=OCR extracted from screenshot; review rows where screenshot text was partially cropped or low contrast.
manual_ham_000107,drive_export/THESIS/CLEANED/cleaned_dataset.csv,107,"Your MCC card <ACCT> was used at CHECKOUT CARDS for PHP 57330.00. If you did not make this, call <ACCT> to avoid further unauthorized transactions.","Your MCC card <ACCT> was used at CHECKOUT CARDS for PHP 57330.00. If you did not make this, call <ACCT> to avoid further unauthorized transactions.",unsure,banking,Unknown,Philippines,English,False,False,False,True,True,imported_structured_archive_text,needs_review,screenshot_file=precleaned\Bernard - April 26 - 78 imgs\IMG_1918.jpg; source_hint=Unknown; archive_notes=OCR extracted from screenshot; review rows where screenshot text was partially cropped or low contrast.
manual_ham_000108,drive_export/THESIS/CLEANED/cleaned_dataset.csv,108,"Make every full tank count - for you and your friends! Refer them to apply for the new Toyota Platinum Mastercard and enjoy 3% rebate on ALL fuel brands, discounts on Toyota services and more. Use your code ACO135 & earn P5,000 eGCs per successful referral. Promo runs until Mar 31, 2026. Visit our website for more information. DTI245534S2025 CCPD26-041","Make every full tank count - for you and your friends! Refer them to apply for the new Toyota Platinum Mastercard and enjoy 3% rebate on ALL fuel brands, discounts on Toyota services and more. Use your code ACO135 & earn P5,000 eGCs per successful referral. Promo runs until Mar 31, 2026. Visit our website for more information. DTI245534S2025 CCPD26-041",unsure,payment_confirmation,Unknown,unknown,English,False,False,True,True,False,imported_structured_archive_text,needs_review,screenshot_file=precleaned\Bernard - April 26 - 78 imgs\IMG_1919(1).jpg; source_hint=Unknown; archive_notes=OCR extracted from screenshot; review rows where screenshot text was partially cropped or low contrast.
manual_ham_000109,drive_export/THESIS/CLEANED/cleaned_dataset.csv,109,"Your Metrobank credit card ending in <ACCT> was due last 18/ Mar/2026 with statement balance of PHP 3,972.84 and minimum amount due of PHP 1,000.00. For online payment, visit the Metrobank Online website or download the Metrobank mobile application.","Your Metrobank credit card ending in <ACCT> was due last 18/ Mar/2026 with statement balance of PHP 3,972.84 and minimum amount due of PHP 1,000.00. For online payment, visit the Metrobank Online website or download the Metrobank mobile application.",unsure,banking,Metrobank,Philippines,English,False,False,False,True,True,imported_structured_archive_text,needs_review,screenshot_file=precleaned\Bernard - April 26 - 78 imgs\IMG_1919.jpg; source_hint=Metrobank; archive_notes=OCR extracted from screenshot; review rows where screenshot text was partially cropped or low contrast.
manual_ham_000110,drive_export/THESIS/CLEANED/cleaned_dataset.csv,110,"Jocelyn, Big Travel Bonus is back with up to P10,000 CASHBACK for a min. accum. spend on all your travel spend using your Metrobank credit card!","Jocelyn, Big Travel Bonus is back with up to P10,000 CASHBACK for a min. accum. spend on all your travel spend using your Metrobank credit card!",unsure,banking,Metrobank,unknown,English,False,False,False,True,True,imported_structured_archive_text,needs_review,screenshot_file=precleaned\Bernard - April 26 - 78 imgs\IMG_1920.jpg; source_hint=Metrobank; archive_notes=OCR extracted from screenshot; review rows where screenshot text was partially cropped or low contrast.
manual_ham_000111,drive_export/THESIS/CLEANED/cleaned_dataset.csv,111,"Register now! Download the Metrobank App, click ""Promos"" before logging in and search for ""Up to PHP 10,000 cashback on all travel spend"" to know more. Promo runs from 03/16/26 to 05/15/26 only. T&Cs apply. DTI249796S26. CCPD26-108.","Register now! Download the Metrobank App, click ""Promos"" before logging in and search for ""Up to PHP 10,000 cashback on all travel spend"" to know more. Promo runs from 03/16/26 to 05/15/26 only. T&Cs apply. DTI249796S26. CCPD26-108.",unsure,banking,Metrobank,Philippines,English,False,False,False,True,False,imported_structured_archive_text,needs_review,screenshot_file=precleaned\Bernard - April 26 - 78 imgs\IMG_1920.jpg; source_hint=Metrobank; archive_notes=OCR extracted from screenshot; review rows where screenshot text was partially cropped or low contrast.
manual_ham_000112,drive_export/THESIS/CLEANED/cleaned_dataset.csv,112,"Quick Tip! When travelling abroad or shopping at overseas online stores, always choose to pay in non-Php currency for better conversion rates and enjoy better value on your purchases.","Quick Tip! When travelling abroad or shopping at overseas online stores, always choose to pay in non-Php currency for better conversion rates and enjoy better value on your purchases.",unsure,unsure,Unknown,Philippines,English,False,False,False,False,False,imported_structured_archive_text,needs_review,screenshot_file=precleaned\Bernard - April 26 - 78 imgs\IMG_1920.jpg; source_hint=Unknown; archive_notes=OCR extracted from screenshot; review rows where screenshot text was partially cropped or low contrast.
manual_ham_000113,drive_export/THESIS/CLEANED/cleaned_dataset.csv,113,Metrobank is regulated by the BSP.,Metrobank is regulated by the BSP.,unsure,banking,Metrobank,unknown,English,False,False,False,False,False,imported_structured_archive_text,needs_review,screenshot_file=precleaned\Bernard - April 26 - 78 imgs\IMG_1920.jpg; source_hint=Metrobank; archive_notes=OCR extracted from screenshot; review rows where screenshot text was partially cropped or low contrast.
manual_ham_000114,drive_export/THESIS/CLEANED/cleaned_dataset.csv,114,"Flying just got easier using your Metrobank credit card! Book now with Philippine Airlines and enjoy 0% installment for 3 months plus Shop Now, Pay Later up to 90 days after for a min. single-receipt of P20,000. Available in all ticketing offices nationwide until December 31, 2026. Promo is not applicable to online bookings. T&Cs apply. DTI244434S26. CCPD26-095. Metrobank is regulated by the BSP.","Flying just got easier using your Metrobank credit card! Book now with Philippine Airlines and enjoy 0% installment for 3 months plus Shop Now, Pay Later up to 90 days after for a min. single-receipt of P20,000. Available in all ticketing offices nationwide until December 31, 2026. Promo is not applicable to online bookings. T&Cs apply. DTI244434S26. CCPD26-095. Metrobank is regulated by the BSP.",unsure,banking,Metrobank,unknown,English,False,False,False,True,True,imported_structured_archive_text,needs_review,screenshot_file=precleaned\Bernard - April 26 - 78 imgs\IMG_1921(1).jpg; source_hint=Metrobank; archive_notes=OCR extracted from screenshot; review rows where screenshot text was partially cropped or low contrast.
manual_ham_000115,drive_export/THESIS/CLEANED/cleaned_dataset.csv,115,Your P5k SM Gift Pass is waiting! Refer friends to apply for a credit card using your code ACO135 until 03/31/26. T&Cs apply DTI245534S2025 CCPD26-041,Your P5k SM Gift Pass is waiting! Refer friends to apply for a credit card using your code ACO135 until 03/31/26. T&Cs apply DTI245534S2025 CCPD26-041,unsure,banking,Unknown,unknown,English,False,False,False,True,True,imported_structured_archive_text,needs_review,screenshot_file=precleaned\Bernard - April 26 - 78 imgs\IMG_1921.jpg; source_hint=Unknown; archive_notes=OCR extracted from screenshot; review rows where screenshot text was partially cropped or low contrast.
manual_ham_000116,drive_export/THESIS/CLEANED/cleaned_dataset.csv,116,Ready to earn? Get P5k SM Gift Pass when friends apply for a credit card using your code ACO135 until 03/31/<OTP>. T&Cs apply DTI245534S2025 CCPD26-041,Ready to earn? Get P5k SM Gift Pass when friends apply for a credit card using your code ACO135 until 03/31/<OTP>. T&Cs apply DTI245534S2025 CCPD26-041,unsure,otp_verification,Unknown,unknown,English,False,False,False,True,True,imported_structured_archive_text,needs_review,screenshot_file=precleaned\Bernard - April 26 - 78 imgs\IMG_1922(1).jpg; source_hint=Unknown; archive_notes=OCR extracted from screenshot; review rows where screenshot text was partially cropped or low contrast.
manual_ham_000117,drive_export/THESIS/CLEANED/cleaned_dataset.csv,117,"Your MCC card <ACCT> was used at GPTZERO, INC. for USD 23.99. If you did not make this, call <ACCT> to avoid further unauthorized transactions.","Your MCC card <ACCT> was used at GPTZERO, INC. for USD 23.99. If you did not make this, call <ACCT> to avoid further unauthorized transactions.",unsure,banking,Unknown,unknown,English,False,False,False,False,True,imported_structured_archive_text,needs_review,screenshot_file=precleaned\Bernard - April 26 - 78 imgs\IMG_1922.jpg; source_hint=Unknown; archive_notes=OCR extracted from screenshot; review rows where screenshot text was partially cropped or low contrast.
manual_ham_000118,drive_export/THESIS/CLEANED/cleaned_dataset.csv,118,"Quick tip when travelling abroad or shopping at overseas online stores, always choose to pay in non-Php currency for better conversion rates and enjoy better value on your purchases. Metrobank is regulated by BSP.","Quick tip when travelling abroad or shopping at overseas online stores, always choose to pay in non-Php currency for better conversion rates and enjoy better value on your purchases. Metrobank is regulated by BSP.",unsure,banking,Metrobank,Philippines,English,False,False,False,False,False,imported_structured_archive_text,needs_review,screenshot_file=precleaned\Bernard - April 26 - 78 imgs\IMG_1923(1).jpg; source_hint=Metrobank; archive_notes=OCR extracted from screenshot; review rows where screenshot text was partially cropped or low contrast.
manual_ham_000119,drive_export/THESIS/CLEANED/cleaned_dataset.csv,119,"ENDING TODAY! Drop by The Metrobank Travel Fair at the Glorietta Activity Center, OAM to 8PM to enjoy exclusive deals on: - Airlines - Hotel Accommodations - Cruises - Travel Agencies - Other Travel-Related Merchants T&Cs apply. DTI244768. CCPD26-01","ENDING TODAY! Drop by The Metrobank Travel Fair at the Glorietta Activity Center, OAM to 8PM to enjoy exclusive deals on: - Airlines - Hotel Accommodations - Cruises - Travel Agencies - Other Travel-Related Merchants T&Cs apply. DTI244768. CCPD26-01",unsure,banking,Metrobank,unknown,English,False,False,False,False,True,imported_structured_archive_text,needs_review,screenshot_file=precleaned\Bernard - April 26 - 78 imgs\IMG_1923.jpg; source_hint=Metrobank; archive_notes=OCR extracted from screenshot; review rows where screenshot text was partially cropped or low contrast.
manual_ham_000120,drive_export/THESIS/CLEANED/cleaned_dataset.csv,120,"Greetings from Metrobank! This is a friendly reminder on your minimum amount due of PHP 1,753.94. You may pay via Metrobank Online, Metrobank App or using other banking apps.","Greetings from Metrobank! This is a friendly reminder on your minimum amount due of PHP 1,753.94. You may pay via Metrobank Online, Metrobank App or using other banking apps.",unsure,banking,Metrobank,Philippines,English,False,False,False,True,False,imported_structured_archive_text,needs_review,screenshot_file=precleaned\Bernard - April 26 - 78 imgs\IMG_1924(1).jpg; source_hint=Metrobank; archive_notes=OCR extracted from screenshot; review rows where screenshot text was partially cropped or low contrast.
manual_ham_000121,drive_export/THESIS/CLEANED/cleaned_dataset.csv,121,"Greetings from Metrobank! This is a friendly reminder on your minimum amount due of PHP 1,753.94. You may pay via Metrobank Online, Metrobank App or using other banking apps.","Greetings from Metrobank! This is a friendly reminder on your minimum amount due of PHP 1,753.94. You may pay via Metrobank Online, Metrobank App or using other banking apps.",unsure,banking,Metrobank,Philippines,English,False,False,False,True,False,imported_structured_archive_text,needs_review,screenshot_file=precleaned\Bernard - April 26 - 78 imgs\IMG_1924(2).jpg; source_hint=Metrobank; archive_notes=OCR extracted from screenshot; review rows where screenshot text was partially cropped or low contrast.
manual_ham_000122,drive_export/THESIS/CLEANED/cleaned_dataset.csv,122,"Greetings from Metrobank! This is a friendly reminder on your minimum amount due of PHP 1,000.00. You may pay via Metrobank Online, Metrobank App or using other banking apps.","Greetings from Metrobank! This is a friendly reminder on your minimum amount due of PHP 1,000.00. You may pay via Metrobank Online, Metrobank App or using other banking apps.",unsure,banking,Metrobank,Philippines,English,False,False,False,True,False,imported_structured_archive_text,needs_review,screenshot_file=precleaned\Bernard - April 26 - 78 imgs\IMG_1924.jpg; source_hint=Metrobank; archive_notes=OCR extracted from screenshot; review rows where screenshot text was partially cropped or low contrast.
manual_ham_000123,drive_export/THESIS/CLEANED/cleaned_dataset.csv,123,"Your MCC card <ACCT> was used at GPTZERO, INC. for USD 23.99. If you did not make this, call <ACCT> to avoid further unauthorized transactions.","Your MCC card <ACCT> was used at GPTZERO, INC. for USD 23.99. If you did not make this, call <ACCT> to avoid further unauthorized transactions.",unsure,banking,Unknown,unknown,English,False,False,False,False,True,imported_structured_archive_text,needs_review,screenshot_file=precleaned\Bernard - April 26 - 78 imgs\IMG_1925(1).jpg; source_hint=Unknown; archive_notes=OCR extracted from screenshot; review rows where screenshot text was partially cropped or low contrast.
manual_ham_000124,drive_export/THESIS/CLEANED/cleaned_dataset.csv,124,"Still haven't referred? Don't miss the chance to earn big: get P5,000 eGC for every successful referral until Mar 31, 2026! Share your code ACO135 & invite friends to apply for their 1st Metrobank credit card! Visit our website for the application link and T&Cs. DT1245534S2025 CCPD26-041","Still haven't referred? Don't miss the chance to earn big: get P5,000 eGC for every successful referral until Mar 31, 2026! Share your code ACO135 & invite friends to apply for their 1st Metrobank credit card! Visit our website for the application link and T&Cs. DT1245534S2025 CCPD26-041",unsure,banking,Metrobank,unknown,English,False,False,True,True,True,imported_structured_archive_text,needs_review,screenshot_file=precleaned\Bernard - April 26 - 78 imgs\IMG_1925(2).jpg; source_hint=Metrobank; archive_notes=OCR extracted from screenshot; review rows where screenshot text was partially cropped or low contrast.
manual_ham_000125,drive_export/THESIS/CLEANED/cleaned_dataset.csv,125,"Your MCC card <ACCT> was used at WALTER AI for USD 23.00. If you did not make this, call <ACCT> to avoid further unauthorized transactions.","Your MCC card <ACCT> was used at WALTER AI for USD 23.00. If you did not make this, call <ACCT> to avoid further unauthorized transactions.",unsure,banking,Unknown,unknown,English,False,False,False,False,True,imported_structured_archive_text,needs_review,screenshot_file=precleaned\Bernard - April 26 - 78 imgs\IMG_1925.jpg; source_hint=Unknown; archive_notes=OCR extracted from screenshot; review rows where screenshot text was partially cropped or low contrast.
manual_ham_000126,drive_export/THESIS/CLEANED/cleaned_dataset.csv,126,"Greetings from Metrobank! This is a friendly reminder on your minimum amount due of PHP 1,429.60. You may pay via Metrobank Online, Metrobank App or using other banking apps.","Greetings from Metrobank! This is a friendly reminder on your minimum amount due of PHP 1,429.60. You may pay via Metrobank Online, Metrobank App or using other banking apps.",unsure,banking,Metrobank,Philippines,English,False,False,False,True,False,imported_structured_archive_text,needs_review,screenshot_file=precleaned\Bernard - April 26 - 78 imgs\IMG_1926(1).jpg; source_hint=Metrobank; archive_notes=OCR extracted from screenshot; review rows where screenshot text was partially cropped or low contrast.
manual_ham_000127,drive_export/THESIS/CLEANED/cleaned_dataset.csv,127,"Purchase your Korea concert tickets using your Metrobank Mastercard credit card and get up to P8,000 CASHBACK! Search ""Up to PHP 8,000 CASHBACK with Beyond Borders"" on the Metrobank website to learn more. Promo runs from 1/16/6 to 3/15/26. T&Cs apply. DTI244590. CCPD26-002.","Purchase your Korea concert tickets using your Metrobank Mastercard credit card and get up to P8,000 CASHBACK! Search ""Up to PHP 8,000 CASHBACK with Beyond Borders"" on the Metrobank website to learn more. Promo runs from 1/16/6 to 3/15/26. T&Cs apply. DTI244590. CCPD26-002.",unsure,banking,Metrobank,Philippines,English,False,False,False,True,True,imported_structured_archive_text,needs_review,screenshot_file=precleaned\Bernard - April 26 - 78 imgs\IMG_1926.jpg; source_hint=Metrobank; archive_notes=OCR extracted from screenshot; review rows where screenshot text was partially cropped or low contrast.
manual_ham_000128,drive_export/THESIS/CLEANED/cleaned_dataset.csv,128,"Great news! As of 01/19/2026, you have enough rewards points on your Metrobank Platinum Mastercard to waive your Annual Fee goodbye. Convert your 26400 points to a 50% Annual Fee Waiver by texting the keyword below to 225622 on or before Feb 13, 2026. Keyword:","Great news! As of 01/19/2026, you have enough rewards points on your Metrobank Platinum Mastercard to waive your Annual Fee goodbye. Convert your 26400 points to a 50% Annual Fee Waiver by texting the keyword below to 225622 on or before Feb 13, 2026. Keyword:",unsure,banking,Metrobank,unknown,English,False,False,False,False,False,imported_structured_archive_text,needs_review,screenshot_file=precleaned\Bernard - April 26 - 78 imgs\IMG_1927(1).jpg; source_hint=Metrobank; archive_notes=OCR extracted from screenshot; review rows where screenshot text was partially cropped or low contrast.
manual_ham_000129,drive_export/THESIS/CLEANED/cleaned_dataset.csv,129,MB REDEEM MPAF50,MB REDEEM MPAF50,unsure,unsure,Unknown,unknown,English,False,False,False,False,False,imported_structured_archive_text,needs_review,screenshot_file=precleaned\Bernard - April 26 - 78 imgs\IMG_1927(1).jpg; source_hint=Unknown; archive_notes=OCR extracted from screenshot; review rows where screenshot text was partially cropped or low contrast.
manual_ham_000130,drive_export/THESIS/CLEANED/cleaned_dataset.csv,130,We'll process your redemption within 10-20 banking days. Please reply using your primary registered mobile number to ensure successful processing. T&Cs apply. Metrobank is regulated by BSP.,We'll process your redemption within 10-20 banking days. Please reply using your primary registered mobile number to ensure successful processing. T&Cs apply. Metrobank is regulated by BSP.,unsure,banking,Metrobank,unknown,English,False,False,False,False,False,imported_structured_archive_text,needs_review,screenshot_file=precleaned\Bernard - April 26 - 78 imgs\IMG_1927(1).jpg; source_hint=Metrobank; archive_notes=OCR extracted from screenshot; review rows where screenshot text was partially cropped or low contrast.
manual_ham_000131,drive_export/THESIS/CLEANED/cleaned_dataset.csv,131,"Greetings from Metrobank! This is a friendly reminder on your minimum amount due of PHP 1,429.60. You may pay via Metrobank Online, Metrobank App or using other banking apps.","Greetings from Metrobank! This is a friendly reminder on your minimum amount due of PHP 1,429.60. You may pay via Metrobank Online, Metrobank App or using other banking apps.",unsure,banking,Metrobank,Philippines,English,False,False,False,True,False,imported_structured_archive_text,needs_review,screenshot_file=precleaned\Bernard - April 26 - 78 imgs\IMG_1927.jpg; source_hint=Metrobank; archive_notes=OCR extracted from screenshot; review rows where screenshot text was partially cropped or low contrast.
manual_ham_000132,drive_export/THESIS/CLEANED/cleaned_dataset.csv,132,Use verification code <OTP> for Microsoft authentication.,Use verification code <OTP> for Microsoft authentication.,unsure,otp_verification,Microsoft,unknown,English,False,False,False,False,False,imported_structured_archive_text,needs_review,screenshot_file=precleaned\Zabala - April 28\Screenshot_20260428_154825_Messages.jpg; source_hint=Microsoft; archive_notes=OCR extracted from screenshot; review rows where screenshot text was partially cropped or low contrast.
manual_ham_000133,drive_export/THESIS/CLEANED/cleaned_dataset.csv,133,Use verification code <OTP> for Microsoft authentication.,Use verification code <OTP> for Microsoft authentication.,unsure,otp_verification,Microsoft,unknown,English,False,False,False,False,False,imported_structured_archive_text,needs_review,screenshot_file=precleaned\Zabala - April 28\Screenshot_20260428_154825_Messages.jpg; source_hint=Microsoft; archive_notes=OCR extracted from screenshot; review rows where screenshot text was partially cropped or low contrast.
manual_ham_000134,drive_export/THESIS/CLEANED/cleaned_dataset.csv,134,Use verification code <OTP> for Microsoft authentication.,Use verification code <OTP> for Microsoft authentication.,unsure,otp_verification,Microsoft,unknown,English,False,False,False,False,False,imported_structured_archive_text,needs_review,screenshot_file=precleaned\Zabala - April 28\Screenshot_20260428_154825_Messages.jpg; source_hint=Microsoft; archive_notes=OCR extracted from screenshot; review rows where screenshot text was partially cropped or low contrast.
manual_ham_000135,drive_export/THESIS/CLEANED/cleaned_dataset.csv,135,G-304679 is your Google verification code. Don't share your code with anyone.,G-304679 is your Google verification code. Don't share your code with anyone.,unsure,otp_verification,Google,unknown,English,False,False,True,False,False,imported_structured_archive_text,needs_review,screenshot_file=precleaned\Zabala - April 28\Screenshot_20260428_154844_Messages.jpg; source_hint=Google; archive_notes=OCR extracted from screenshot; review rows where screenshot text was partially cropped or low contrast.
manual_ham_000136,drive_export/THESIS/CLEANED/cleaned_dataset.csv,136,"Psst! 'Wag ka nang tamarin, TODAY lang ‘to! Mag-GrabCar Saver na for 15% cheaper fares. Ayaw mo pa rin bumangon? Eto extra 25% OFF your ride with code TINATAMADAKO! Max discount of P100, min fare of P200.","Psst! 'Wag ka nang tamarin, TODAY lang ‘to! Mag-GrabCar Saver na for 15% cheaper fares. Ayaw mo pa rin bumangon? Eto extra 25% OFF your ride with code TINATAMADAKO! Max discount of P100, min fare of P200.",unsure,promo_legitimate,Unknown,unknown,English,False,False,False,True,False,imported_structured_archive_text,needs_review,screenshot_file=precleaned\Zabala - April 28\Screenshot_20260428_154911_Messages.jpg; source_hint=Unknown; archive_notes=OCR extracted from screenshot; review rows where screenshot text was partially cropped or low contrast.
manual_ham_000137,drive_export/THESIS/CLEANED/cleaned_dataset.csv,137,"Bawal na i-dahilan si Bantay, kasi may bantay naman talaga siya! Mag-book na ng GrabCar Saver for 15% cheaper fares + may 25% OFF ka pa when you use code WALANGBANTAYSIBANTAY. Max discount of P100, min fare of P200.","Bawal na i-dahilan si Bantay, kasi may bantay naman talaga siya! Mag-book na ng GrabCar Saver for 15% cheaper fares + may 25% OFF ka pa when you use code WALANGBANTAYSIBANTAY. Max discount of P100, min fare of P200.",unsure,promo_legitimate,Unknown,unknown,English,False,False,False,True,False,imported_structured_archive_text,needs_review,screenshot_file=precleaned\Zabala - April 28\Screenshot_20260428_154911_Messages.jpg; source_hint=Unknown; archive_notes=OCR extracted from screenshot; review rows where screenshot text was partially cropped or low contrast.
manual_ham_000138,drive_export/THESIS/CLEANED/cleaned_dataset.csv,138,"Strict ba talaga parents mo? Baka kasi ‘di ka nag-GrabCar Saver para makatipid up to 15% on fares! PLUS use code STRICTPARENTSKO for extra 25% OFF your ride. Max discount of P100, min fare of P200.","Strict ba talaga parents mo? Baka kasi ‘di ka nag-GrabCar Saver para makatipid up to 15% on fares! PLUS use code STRICTPARENTSKO for extra 25% OFF your ride. Max discount of P100, min fare of P200.",unsure,promo_legitimate,Unknown,unknown,English,False,False,False,True,False,imported_structured_archive_text,needs_review,screenshot_file=precleaned\Zabala - April 28\Screenshot_20260428_154911_Messages.jpg; source_hint=Unknown; archive_notes=OCR extracted from screenshot; review rows where screenshot text was partially cropped or low contrast.
manual_ham_000139,drive_export/THESIS/CLEANED/cleaned_dataset.csv,139,"Lagi nang may budget para mag-book dahil rides are up to 15% cheaper na with GrabCar Saver! PLUS, may 25% OFF ka pa when you use code TIGHTBUDGETKO. Mas mabilis nang mag book, nakatipid ka pa! Min. fare P200, max discount P100.","Lagi nang may budget para mag-book dahil rides are up to 15% cheaper na with GrabCar Saver! PLUS, may 25% OFF ka pa when you use code TIGHTBUDGETKO. Mas mabilis nang mag book, nakatipid ka pa! Min. fare P200, max discount P100.",unsure,promo_legitimate,Unknown,unknown,English,False,False,False,True,False,imported_structured_archive_text,needs_review,screenshot_file=precleaned\Zabala - April 28\Screenshot_20260428_154922_Messages.jpg; source_hint=Unknown; archive_notes=OCR extracted from screenshot; review rows where screenshot text was partially cropped or low contrast.
manual_ham_000140,drive_export/THESIS/CLEANED/cleaned_dataset.csv,140,"Sayang naman ang 25% OFF GrabCar kung mag-papass ka! Huwag mo na palampasin ito! Book GrabCar Saver + use code PASSMUNAME. Nagmamadali? Mas mabilis na mag-book ngayon with GrabCar! Min. fare P200, max discount P100.","Sayang naman ang 25% OFF GrabCar kung mag-papass ka! Huwag mo na palampasin ito! Book GrabCar Saver + use code PASSMUNAME. Nagmamadali? Mas mabilis na mag-book ngayon with GrabCar! Min. fare P200, max discount P100.",unsure,promo_legitimate,Unknown,unknown,English,False,False,False,True,False,imported_structured_archive_text,needs_review,screenshot_file=precleaned\Zabala - April 28\Screenshot_20260428_154922_Messages.jpg; source_hint=Unknown; archive_notes=OCR extracted from screenshot; review rows where screenshot text was partially cropped or low contrast.
manual_ham_000141,drive_export/THESIS/CLEANED/cleaned_dataset.csv,141,"Bakit next time pa, eh mas mabilis na ngayon mag-book sa GrabCar?! Alam namin nagtitipid ka, kaya book with GrabCar Saver for 15% cheaper rides & use code NEXTTIMENALANG to enjoy 25% OFF your ride! Min fare P200, max discount P100.","Bakit next time pa, eh mas mabilis na ngayon mag-book sa GrabCar?! Alam namin nagtitipid ka, kaya book with GrabCar Saver for 15% cheaper rides & use code NEXTTIMENALANG to enjoy 25% OFF your ride! Min fare P200, max discount P100.",unsure,promo_legitimate,Unknown,unknown,English,False,False,False,True,False,imported_structured_archive_text,needs_review,screenshot_file=precleaned\Zabala - April 28\Screenshot_20260428_154922_Messages.jpg; source_hint=Unknown; archive_notes=OCR extracted from screenshot; review rows where screenshot text was partially cropped or low contrast.
manual_ham_000142,drive_export/THESIS/CLEANED/cleaned_dataset.csv,142,"Hindi mo na kailangan bumawi, mas mabilis na kasi mag-book with GrabCar! Mas pinatipid pa ang ride when you book GrabCar Saver for up to 15% cheaper rides with code BAWIAKO to get additional 25% OFF. Min fare P200, max discount P100.","Hindi mo na kailangan bumawi, mas mabilis na kasi mag-book with GrabCar! Mas pinatipid pa ang ride when you book GrabCar Saver for up to 15% cheaper rides with code BAWIAKO to get additional 25% OFF. Min fare P200, max discount P100.",unsure,promo_legitimate,Unknown,unknown,English,False,False,False,True,False,imported_structured_archive_text,needs_review,screenshot_file=precleaned\Zabala - April 28\Screenshot_20260428_154934_Messages.jpg; source_hint=Unknown; archive_notes=OCR extracted from screenshot; review rows where screenshot text was partially cropped or low contrast.
manual_ham_000143,drive_export/THESIS/CLEANED/cleaned_dataset.csv,143,Tag-tipid after ng long weekend? Try out this hack: book GrabCar Saver for up to 15% cheaper fares + use code GANAP for an extra P30 OFF rides. Book now!,Tag-tipid after ng long weekend? Try out this hack: book GrabCar Saver for up to 15% cheaper fares + use code GANAP for an extra P30 OFF rides. Book now!,unsure,unsure,Unknown,unknown,English,False,False,False,True,False,imported_structured_archive_text,needs_review,screenshot_file=precleaned\Zabala - April 28\Screenshot_20260428_154934_Messages.jpg; source_hint=Unknown; archive_notes=OCR extracted from screenshot; review rows where screenshot text was partially cropped or low contrast.
manual_ham_000144,drive_export/THESIS/CLEANED/cleaned_dataset.csv,144,Holiday Alert! Grab will NEVER send links via SMS to ask for your personal details. Stay vigilant and be cautious of messages you receive.,Holiday Alert! Grab will NEVER send links via SMS to ask for your personal details. Stay vigilant and be cautious of messages you receive.,unsure,unsure,Grab,unknown,English,False,False,False,False,False,imported_structured_archive_text,needs_review,screenshot_file=precleaned\Zabala - April 28\Screenshot_20260428_154934_Messages.jpg; source_hint=Grab; archive_notes=OCR extracted from screenshot; review rows where screenshot text was partially cropped or low contrast.
manual_ham_000145,drive_export/THESIS/CLEANED/cleaned_dataset.csv,145,"IT'S SAVING TIP! Get 5% cashback on GrabCar rides using GrabPay from Sun to Thurs, 9AM-9PM, minimum fare of P250 required. Stack with promos for more savings!","IT'S SAVING TIP! Get 5% cashback on GrabCar rides using GrabPay from Sun to Thurs, 9AM-9PM, minimum fare of P250 required. Stack with promos for more savings!",unsure,unsure,Unknown,unknown,English,False,False,False,True,False,imported_structured_archive_text,needs_review,screenshot_file=precleaned\Zabala - April 28\Screenshot_20260428_154941_Messages.jpg; source_hint=Unknown; archive_notes=OCR extracted from screenshot; review rows where screenshot text was partially cropped or low contrast.
manual_ham_000146,drive_export/THESIS/CLEANED/cleaned_dataset.csv,146,"IT'S SAVING TIP! Bigger savings when you use GrabPay with 5% CashBack on GrabCar rides & stack with other promos! Minimum fare of 250, from Sun-Thurs, 9AM-9PM.","IT'S SAVING TIP! Bigger savings when you use GrabPay with 5% CashBack on GrabCar rides & stack with other promos! Minimum fare of 250, from Sun-Thurs, 9AM-9PM.",unsure,unsure,Unknown,unknown,English,False,False,False,False,False,imported_structured_archive_text,needs_review,screenshot_file=precleaned\Zabala - April 28\Screenshot_20260428_154941_Messages.jpg; source_hint=Unknown; archive_notes=OCR extracted from screenshot; review rows where screenshot text was partially cropped or low contrast.
manual_ham_000147,drive_export/THESIS/CLEANED/cleaned_dataset.csv,147,"IT'S SAVING TIP! Get 5% CASHBACK on GrabCar rides using GrabPay from Sunday to Thursday, 9AM- 9PM min fare P250. Use with promos for more savings!","IT'S SAVING TIP! Get 5% CASHBACK on GrabCar rides using GrabPay from Sunday to Thursday, 9AM- 9PM min fare P250. Use with promos for more savings!",unsure,unsure,Unknown,unknown,English,False,False,False,True,False,imported_structured_archive_text,needs_review,screenshot_file=precleaned\Zabala - April 28\Screenshot_20260428_154941_Messages.jpg; source_hint=Unknown; archive_notes=OCR extracted from screenshot; review rows where screenshot text was partially cropped or low contrast.
manual_ham_000148,drive_export/THESIS/CLEANED/cleaned_dataset.csv,148,We Miss You! Enjoy 30% OFF your next ride with code RIDEAGAIN. It's time to hit the road again with GrabCar! What are you waiting for? Book now!,We Miss You! Enjoy 30% OFF your next ride with code RIDEAGAIN. It's time to hit the road again with GrabCar! What are you waiting for? Book now!,unsure,unsure,Unknown,unknown,English,False,False,False,False,False,imported_structured_archive_text,needs_review,screenshot_file=precleaned\Zabala - April 28\Screenshot_20260428_154953_Messages.jpg; source_hint=Unknown; archive_notes=OCR extracted from screenshot; review rows where screenshot text was partially cropped or low contrast.
manual_ham_000149,drive_export/THESIS/CLEANED/cleaned_dataset.csv,149,"IT'S SAVING TIP! Get 5% CASHBACK on GrabCar rides using GrabPay from Sunday to Thursday, 9AM- 9PM min fare P250. Use with other promos for more savings!","IT'S SAVING TIP! Get 5% CASHBACK on GrabCar rides using GrabPay from Sunday to Thursday, 9AM- 9PM min fare P250. Use with other promos for more savings!",unsure,unsure,Unknown,unknown,English,False,False,False,True,False,imported_structured_archive_text,needs_review,screenshot_file=precleaned\Zabala - April 28\Screenshot_20260428_154953_Messages.jpg; source_hint=Unknown; archive_notes=OCR extracted from screenshot; review rows where screenshot text was partially cropped or low contrast.
manual_ham_000150,drive_export/THESIS/CLEANED/cleaned_dataset.csv,150,"IT'S SAVING TIP! Get 5% cashback on GrabCar rides using GrabPay from Sunday to Thursday, 9AM- 9PM min fare P250. Stack with promos for more savings!","IT'S SAVING TIP! Get 5% cashback on GrabCar rides using GrabPay from Sunday to Thursday, 9AM- 9PM min fare P250. Stack with promos for more savings!",unsure,unsure,Unknown,unknown,English,False,False,False,True,False,imported_structured_archive_text,needs_review,screenshot_file=precleaned\Zabala - April 28\Screenshot_20260428_154953_Messages.jpg; source_hint=Unknown; archive_notes=OCR extracted from screenshot; review rows where screenshot text was partially cropped or low contrast.
manual_ham_000151,drive_export/THESIS/CLEANED/cleaned_dataset.csv,151,"Pwede pa magamit? MAGREUSE! Para just like this GrabCar tipid hack, walang tapon! Book GrabCar Saver for up to 15% cheaper fares every day PLUS you get to enjoy another 25% OFF with code MAGREUSE. Min. fare P200, max disc. P100. Don't wait, book now!","Pwede pa magamit? MAGREUSE! Para just like this GrabCar tipid hack, walang tapon! Book GrabCar Saver for up to 15% cheaper fares every day PLUS you get to enjoy another 25% OFF with code MAGREUSE. Min. fare P200, max disc. P100. Don't wait, book now!",unsure,unsure,Unknown,unknown,English,False,False,False,True,False,imported_structured_archive_text,needs_review,screenshot_file=precleaned\Zabala - April 28\Screenshot_20260428_155005_Messages.jpg; source_hint=Unknown; archive_notes=OCR extracted from screenshot; review rows where screenshot text was partially cropped or low contrast.
manual_ham_000152,drive_export/THESIS/CLEANED/cleaned_dataset.csv,152,"Ubos na ang allowance for coffee? MAGTIMPLA with GrabCar! Dahil mas tipid kapag ikaw ang magtitimpla, makakapag-book ka pa ng GrabCar Saver for up to 15% cheaper fares every day PLUS you get to enjoy another 25% OFF with code MAGTIMPLA. P200, max disc. P100. Open the Grab app and book now! Ubos na ang allowance for coffee? MAGTIMPLA with GrabCar! Dahil mas tipid kapag ikaw ang magtitimpla, makakapag-book ka pa ng GrabCar Saver for up to 15% cheaper fares every day PLUS you get to enjoy another 25% OFF with code MAGTIMPLA. P200, max disc. P100. Open the Grab app and book now!","Ubos na ang allowance for coffee? MAGTIMPLA with GrabCar! Dahil mas tipid kapag ikaw ang magtitimpla, makakapag-book ka pa ng GrabCar Saver for up to 15% cheaper fares every day PLUS you get to enjoy another 25% OFF with code MAGTIMPLA. P200, max disc. P100. Open the Grab app and book now! Ubos na ang allowance for coffee? MAGTIMPLA with GrabCar! Dahil mas tipid kapag ikaw ang magtitimpla, makakapag-book ka pa ng GrabCar Saver for up to 15% cheaper fares every day PLUS you get to enjoy another 25% OFF with code MAGTIMPLA. P200, max disc. P100. Open the Grab app and book now!",unsure,unsure,Grab,unknown,English,False,False,False,True,False,imported_structured_archive_text,needs_review,screenshot_file=precleaned\Zabala - April 28\Screenshot_20260428_155005_Messages.jpg; source_hint=Grab; archive_notes=OCR extracted from screenshot; review rows where screenshot text was partially cropped or low contrast.
manual_ham_000153,drive_export/THESIS/CLEANED/cleaned_dataset.csv,153,"Don't miss out on 50% OFF your GrabCar ride RIGHT NOW! Use code LABASTAYONOW when you book from 12NN to 1PM and 2PM to 3PM. Max disc. P150, min. fare, P200. Don't wait, book now with GrabCar!","Don't miss out on 50% OFF your GrabCar ride RIGHT NOW! Use code LABASTAYONOW when you book from 12NN to 1PM and 2PM to 3PM. Max disc. P150, min. fare, P200. Don't wait, book now with GrabCar!",unsure,unsure,Unknown,unknown,English,False,False,False,True,False,imported_structured_archive_text,needs_review,screenshot_file=precleaned\Zabala - April 28\Screenshot_20260428_155018_Messages.jpg; source_hint=Unknown; archive_notes=OCR extracted from screenshot; review rows where screenshot text was partially cropped or low contrast.
manual_ham_000154,drive_export/THESIS/CLEANED/cleaned_dataset.csv,154,"This weekend, sagot ng GrabCar ang gala mo! Get 50% OFF from 12PM to 1PM and 2PM to 3PM when you use code LABASTAYONOW. May 30% OFF ka pa ALL DAY when you use code LABASTAYO! Max disc. P150, min. fare, P200. Hurry and open the Grab app to book now!","This weekend, sagot ng GrabCar ang gala mo! Get 50% OFF from 12PM to 1PM and 2PM to 3PM when you use code LABASTAYONOW. May 30% OFF ka pa ALL DAY when you use code LABASTAYO! Max disc. P150, min. fare, P200. Hurry and open the Grab app to book now!",unsure,unsure,Grab,unknown,English,False,False,False,True,False,imported_structured_archive_text,needs_review,screenshot_file=precleaned\Zabala - April 28\Screenshot_20260428_155018_Messages.jpg; source_hint=Grab; archive_notes=OCR extracted from screenshot; review rows where screenshot text was partially cropped or low contrast.
manual_ham_000155,drive_export/THESIS/CLEANED/cleaned_dataset.csv,155,"GRABCAR WEEKEND FLASH SALE! 50% OFF your ride from 10AM to 11AM and 1PM to 2PM Use code:LABASTAYONOW. 30% OFF ALL DAY when you use code LABASTAYO! Max disc. P150, min. fare, P200. Hurry and open the Grab app to book now!","GRABCAR WEEKEND FLASH SALE! 50% OFF your ride from 10AM to 11AM and 1PM to 2PM Use code:LABASTAYONOW. 30% OFF ALL DAY when you use code LABASTAYO! Max disc. P150, min. fare, P200. Hurry and open the Grab app to book now!",unsure,unsure,Grab,unknown,English,False,False,False,True,False,imported_structured_archive_text,needs_review,screenshot_file=precleaned\Zabala - April 28\Screenshot_20260428_155018_Messages.jpg; source_hint=Grab; archive_notes=OCR extracted from screenshot; review rows where screenshot text was partially cropped or low contrast.
manual_ham_000156,drive_export/THESIS/CLEANED/cleaned_dataset.csv,156,Don't miss out on 50% OFF your GrabCar ride RIGHT,Don't miss out on 50% OFF your GrabCar ride RIGHT,unsure,unsure,Unknown,unknown,English,False,False,False,False,False,imported_structured_archive_text,needs_review,screenshot_file=precleaned\Zabala - April 28\Screenshot_20260428_155046_Messages.jpg; source_hint=Unknown; archive_notes=OCR extracted from screenshot; review rows where screenshot text was partially cropped or low contrast.
manual_ham_000157,drive_export/THESIS/CLEANED/cleaned_dataset.csv,157,NOW! Use code LABASTAYONOW when you book,NOW! Use code LABASTAYONOW when you book,unsure,unsure,Unknown,unknown,English,False,False,False,False,False,imported_structured_archive_text,needs_review,screenshot_file=precleaned\Zabala - April 28\Screenshot_20260428_155046_Messages.jpg; source_hint=Unknown; archive_notes=OCR extracted from screenshot; review rows where screenshot text was partially cropped or low contrast.
manual_ham_000158,drive_export/THESIS/CLEANED/cleaned_dataset.csv,158,"from 10AM to 11AM and 1PM to 2PM. Max disc. P150,","from 10AM to 11AM and 1PM to 2PM. Max disc. P150,",unsure,unsure,Unknown,unknown,English,False,False,False,True,False,imported_structured_archive_text,needs_review,screenshot_file=precleaned\Zabala - April 28\Screenshot_20260428_155046_Messages.jpg; source_hint=Unknown; archive_notes=OCR extracted from screenshot; review rows where screenshot text was partially cropped or low contrast.
manual_ham_000159,drive_export/THESIS/CLEANED/cleaned_dataset.csv,159,"min. fare, P200. Don't wait, book now with GrabCar!","min. fare, P200. Don't wait, book now with GrabCar!",unsure,unsure,Unknown,unknown,English,False,False,False,True,False,imported_structured_archive_text,needs_review,screenshot_file=precleaned\Zabala - April 28\Screenshot_20260428_155046_Messages.jpg; source_hint=Unknown; archive_notes=OCR extracted from screenshot; review rows where screenshot text was partially cropped or low contrast.
manual_ham_000160,drive_export/THESIS/CLEANED/cleaned_dataset.csv,160,6.6 SALE ALERT! Enjoy up to 30% OFF on GrabCar,6.6 SALE ALERT! Enjoy up to 30% OFF on GrabCar,unsure,unsure,Unknown,unknown,English,False,False,False,False,False,imported_structured_archive_text,needs_review,screenshot_file=precleaned\Zabala - April 28\Screenshot_20260428_155046_Messages.jpg; source_hint=Unknown; archive_notes=OCR extracted from screenshot; review rows where screenshot text was partially cropped or low contrast.
manual_ham_000161,drive_export/THESIS/CLEANED/cleaned_dataset.csv,161,vouchers bundles on Lazada! Visit Grab PH's official,vouchers bundles on Lazada! Visit Grab PH's official,unsure,delivery,Lazada,unknown,English,False,False,False,False,False,imported_structured_archive_text,needs_review,screenshot_file=precleaned\Zabala - April 28\Screenshot_20260428_155046_Messages.jpg; source_hint=Lazada; archive_notes=OCR extracted from screenshot; review rows where screenshot text was partially cropped or low contrast.
manual_ham_000162,drive_export/THESIS/CLEANED/cleaned_dataset.csv,162,store for best deals. Add to cart na!,store for best deals. Add to cart na!,unsure,unsure,Unknown,unknown,English,False,False,False,False,False,imported_structured_archive_text,needs_review,screenshot_file=precleaned\Zabala - April 28\Screenshot_20260428_155046_Messages.jpg; source_hint=Unknown; archive_notes=OCR extracted from screenshot; review rows where screenshot text was partially cropped or low contrast.
manual_ham_000163,drive_export/THESIS/CLEANED/cleaned_dataset.csv,163,Texting with (SMS/MMS) Ma palodi ni og 300 nag away ming sir twagan nko ang agency Ma palodi ni og 300 nag away ming sir twagan nko ang agency,Texting with (SMS/MMS) Ma palodi ni og 300 nag away ming sir twagan nko ang agency Ma palodi ni og 300 nag away ming sir twagan nko ang agency,unsure,unsure,Unknown,unknown,English,False,False,False,False,False,imported_structured_archive_text,needs_review,screenshot_file=precleaned\Zabala - April 28\Screenshot_20260428_155123_Messages.jpg; source_hint=Unknown; archive_notes=OCR extracted from screenshot; review rows where screenshot text was partially cropped or low contrast.
manual_ham_000164,drive_export/THESIS/CLEANED/cleaned_dataset.csv,164,Your Authy verification code is: <OTP>,Your Authy verification code is: <OTP>,unsure,otp_verification,Unknown,unknown,English,False,False,False,False,False,imported_structured_archive_text,needs_review,screenshot_file=precleaned\Zabala - April 28\Screenshot_20260428_155145_Messages.jpg; source_hint=Unknown; archive_notes=OCR extracted from screenshot; review rows where screenshot text was partially cropped or low contrast.
manual_ham_000165,drive_export/THESIS/CLEANED/cleaned_dataset.csv,165,Your Authy verification code is: <OTP>,Your Authy verification code is: <OTP>,unsure,otp_verification,Unknown,unknown,English,False,False,False,False,False,imported_structured_archive_text,needs_review,screenshot_file=precleaned\Zabala - April 28\Screenshot_20260428_155145_Messages.jpg; source_hint=Unknown; archive_notes=OCR extracted from screenshot; review rows where screenshot text was partially cropped or low contrast.
manual_ham_000166,drive_export/THESIS/CLEANED/cleaned_dataset.csv,166,CODASHOP: Your voucher code is CH4MI-ZJCNW-ZHN7X. Thank you for using Codashop!,CODASHOP: Your voucher code is CH4MI-ZJCNW-ZHN7X. Thank you for using Codashop!,unsure,unsure,CODASHOP,unknown,English,False,False,False,False,False,imported_structured_archive_text,needs_review,screenshot_file=precleaned\Zabala - April 28\Screenshot_20260428_155156_Messages.jpg; source_hint=CODASHOP; archive_notes=OCR extracted from screenshot; review rows where screenshot text was partially cropped or low contrast.
manual_ham_000167,drive_export/THESIS/CLEANED/cleaned_dataset.csv,167,"SUMMER DEAL ALERT! Get 20% OFF on Herschel, JanSport, Gregory, Hellolulu, Timbuk2 & Hedgren bags at Bratpack! Hurry, promo runs Feb 24-28, 2025 only! DT1I211890","SUMMER DEAL ALERT! Get 20% OFF on Herschel, JanSport, Gregory, Hellolulu, Timbuk2 & Hedgren bags at Bratpack! Hurry, promo runs Feb 24-28, 2025 only! DT1I211890",unsure,promo_legitimate,Unknown,unknown,English,False,False,False,False,False,imported_structured_archive_text,needs_review,screenshot_file=precleaned\Zabala - April 28\Screenshot_20260428_155221_Messages.jpg; source_hint=Unknown; archive_notes=OCR extracted from screenshot; review rows where screenshot text was partially cropped or low contrast.
manual_ham_000168,drive_export/THESIS/CLEANED/cleaned_dataset.csv,168,"Bratpack Drops! Get summer-ready with must-have essentials from New Era, Wallex, DBTK, Hydro Flask, Birkenstock, Native, and more. Shop now at a Bratpack store near you!","Bratpack Drops! Get summer-ready with must-have essentials from New Era, Wallex, DBTK, Hydro Flask, Birkenstock, Native, and more. Shop now at a Bratpack store near you!",unsure,unsure,Unknown,unknown,English,False,False,False,False,False,imported_structured_archive_text,needs_review,screenshot_file=precleaned\Zabala - April 28\Screenshot_20260428_155221_Messages.jpg; source_hint=Unknown; archive_notes=OCR extracted from screenshot; review rows where screenshot text was partially cropped or low contrast.
manual_ham_000169,drive_export/THESIS/CLEANED/cleaned_dataset.csv,169,"SKOOP is back at Bratpack! Time to cop the Basiks, throw on the drip, and let your fits match the vibe! Don't snooze at this comeback, fam! Get 'em now at select Bratpack stores.","SKOOP is back at Bratpack! Time to cop the Basiks, throw on the drip, and let your fits match the vibe! Don't snooze at this comeback, fam! Get 'em now at select Bratpack stores.",unsure,unsure,Unknown,unknown,English,False,False,False,False,False,imported_structured_archive_text,needs_review,screenshot_file=precleaned\Zabala - April 28\Screenshot_20260428_155221_Messages.jpg; source_hint=Unknown; archive_notes=OCR extracted from screenshot; review rows where screenshot text was partially cropped or low contrast.
manual_ham_000170,drive_export/THESIS/CLEANED/cleaned_dataset.csv,170,"Shop smarter every Mon & Tue! Enjoy 15% OFF at Primer stores like Bratoack, GRIND, R.O.X., ResToeRun, The Travel Club & more. T&Cs apply. DTI 224784","Shop smarter every Mon & Tue! Enjoy 15% OFF at Primer stores like Bratoack, GRIND, R.O.X., ResToeRun, The Travel Club & more. T&Cs apply. DTI 224784",unsure,unsure,Unknown,unknown,English,False,False,False,False,False,imported_structured_archive_text,needs_review,screenshot_file=precleaned\Zabala - April 28\Screenshot_20260428_155231_Messages.jpg; source_hint=Unknown; archive_notes=OCR extracted from screenshot; review rows where screenshot text was partially cropped or low contrast.
manual_ham_000171,drive_export/THESIS/CLEANED/cleaned_dataset.csv,171,"Deals you'll love, every Monday & Tuesday! Get 15% OFF at Primer stores like Bratpack, GRIND, ResToeRun, R.O.X., The Travel Club & more. T&Cs apply. DTI224784","Deals you'll love, every Monday & Tuesday! Get 15% OFF at Primer stores like Bratpack, GRIND, ResToeRun, R.O.X., The Travel Club & more. T&Cs apply. DTI224784",unsure,unsure,Unknown,unknown,English,False,False,False,False,False,imported_structured_archive_text,needs_review,screenshot_file=precleaned\Zabala - April 28\Screenshot_20260428_155231_Messages.jpg; source_hint=Unknown; archive_notes=OCR extracted from screenshot; review rows where screenshot text was partially cropped or low contrast.
manual_ham_000172,drive_export/THESIS/CLEANED/cleaned_dataset.csv,172,"Hi, Ralf Cedric! Birkentock is NOW available at ResToeRun Greenhills Mall. Come visit us at the 3rd level.","Hi, Ralf Cedric! Birkentock is NOW available at ResToeRun Greenhills Mall. Come visit us at the 3rd level.",unsure,unsure,Unknown,unknown,English,False,False,False,False,False,imported_structured_archive_text,needs_review,screenshot_file=precleaned\Zabala - April 28\Screenshot_20260428_155231_Messages.jpg; source_hint=Unknown; archive_notes=OCR extracted from screenshot; review rows where screenshot text was partially cropped or low contrast.
manual_ham_000173,drive_export/THESIS/CLEANED/cleaned_dataset.csv,173,"Start your week right! Loyalty members get 15% OFF @ Primer stores every Mon & Tues-Bratpack, ResToeRun, R.O.X., The Travel Club & more! T&Cs apply. DTI224784","Start your week right! Loyalty members get 15% OFF @ Primer stores every Mon & Tues-Bratpack, ResToeRun, R.O.X., The Travel Club & more! T&Cs apply. DTI224784",unsure,unsure,Unknown,unknown,English,False,False,False,False,False,imported_structured_archive_text,needs_review,screenshot_file=precleaned\Zabala - April 28\Screenshot_20260428_155231_Messages.jpg; source_hint=Unknown; archive_notes=OCR extracted from screenshot; review rows where screenshot text was partially cropped or low contrast.
manual_ham_000174,drive_export/THESIS/CLEANED/cleaned_dataset.csv,174,"Hey <NAME>! Celebrate your birthday month with 20% OFF at PRIMER stores like Bratpack, GRIND, ResToeRun, R.O.X., The Travel Club & more! Treat yourself to top picks from Birkenstock, Montbell, Hellolulu, Hydro Flask, Keen, Delsey & more. This promo ends Sept. 30, 2025. T&Cs apply.","Hey <NAME>! Celebrate your birthday month with 20% OFF at PRIMER stores like Bratpack, GRIND, ResToeRun, R.O.X., The Travel Club & more! Treat yourself to top picks from Birkenstock, Montbell, Hellolulu, Hydro Flask, Keen, Delsey & more. This promo ends Sept. 30, 2025. T&Cs apply.",unsure,promo_legitimate,Unknown,unknown,English,False,False,False,False,False,imported_structured_archive_text,needs_review,screenshot_file=precleaned\Zabala - April 28\Screenshot_20260428_155240_Messages.jpg; source_hint=Unknown; archive_notes=OCR extracted from screenshot; review rows where screenshot text was partially cropped or low contrast.
manual_ham_000175,drive_export/THESIS/CLEANED/cleaned_dataset.csv,175,"Don't miss your 20% OFF Birthday Treat! Shop at PRIMER stores like Bratpack, GRIND, ResToeRun, R.O.X. The Travel Club & more. Treat yourself with premium products from Birkenstock, Hellolulu, Hydro Flask, Montbell, Native, Delsey, Keen & more. Hurry, this promo runs until Sept. 30, 2025. T&Cs apply.","Don't miss your 20% OFF Birthday Treat! Shop at PRIMER stores like Bratpack, GRIND, ResToeRun, R.O.X. The Travel Club & more. Treat yourself with premium products from Birkenstock, Hellolulu, Hydro Flask, Montbell, Native, Delsey, Keen & more. Hurry, this promo runs until Sept. 30, 2025. T&Cs apply.",unsure,promo_legitimate,Unknown,unknown,English,False,False,False,False,False,imported_structured_archive_text,needs_review,screenshot_file=precleaned\Zabala - April 28\Screenshot_20260428_155240_Messages.jpg; source_hint=Unknown; archive_notes=OCR extracted from screenshot; review rows where screenshot text was partially cropped or low contrast.
manual_ham_000176,drive_export/THESIS/CLEANED/cleaned_dataset.csv,176,"Kick off your week with 15% OFF every Monday & Tuesday at PRIMER stores like Bratpack, GRIND, ResToeRun, R.O.X., The Travel Club & more! T&Cs apply. DTI224784","Kick off your week with 15% OFF every Monday & Tuesday at PRIMER stores like Bratpack, GRIND, ResToeRun, R.O.X., The Travel Club & more! T&Cs apply. DTI224784",unsure,unsure,Unknown,unknown,English,False,False,False,False,False,imported_structured_archive_text,needs_review,screenshot_file=precleaned\Zabala - April 28\Screenshot_20260428_155240_Messages.jpg; source_hint=Unknown; archive_notes=OCR extracted from screenshot; review rows where screenshot text was partially cropped or low contrast.
manual_ham_000177,drive_export/THESIS/CLEANED/cleaned_dataset.csv,177,"You have successfully redeemed ALL DATA 99 using 99 GigaPoints. Keep using the Smart App to earn MORE points to redeem MORE rewards! Awesome! You can now enjoy 6 GB SHAREABLE DATA FOR ALL SITES for 7 days with ALL DATA 99. Get EXCLUSIVE promos every week JUST FOR YOU with just a tap on the Smart App! Click ""Don't Miss Out"" NOW on <URL> for MORE SURPRISES! C","You have successfully redeemed ALL DATA 99 using 99 GigaPoints. Keep using the Smart App to earn MORE points to redeem MORE rewards! Awesome! You can now enjoy 6 GB SHAREABLE DATA FOR ALL SITES for 7 days with ALL DATA 99. Get EXCLUSIVE promos every week JUST FOR YOU with just a tap on the Smart App! Click ""Don't Miss Out"" NOW on <URL> for MORE SURPRISES! C",unsure,telecom,Smart,Philippines,English,False,False,False,False,False,imported_structured_archive_text,needs_review,screenshot_file=precleaned\Zabala - April 28\Screenshot_20260428_155308_Messages.jpg; source_hint=Smart; archive_notes=OCR extracted from screenshot; review rows where screenshot text was partially cropped or low contrast.
manual_ham_000178,drive_export/THESIS/CLEANED/cleaned_dataset.csv,178,Tap to load preview,Tap to load preview,unsure,telecom,Unknown,unknown,English,False,False,False,False,False,imported_structured_archive_text,needs_review,screenshot_file=precleaned\Zabala - April 28\Screenshot_20260428_155308_Messages.jpg; source_hint=Unknown; archive_notes=OCR extracted from screenshot; review rows where screenshot text was partially cropped or low contrast.
manual_ham_000179,drive_export/THESIS/CLEANED/cleaned_dataset.csv,179,"Awesome! You can now enjoy 6 GB SHAREABLE DATA FOR ALL SITES for 7 days with ALL DATA 99. You have successfully redeemed ALL DATA 99 using 99 GigaPoints. Keep using the Smart App to earn MORE points to redeem MORE rewards! Get EXCLUSIVE promos every week JUST FOR YOU with just a tap on the Smart App! Click ""Don't Miss Out"" NOW on <URL> for MORE SURPRISES! ,","Awesome! You can now enjoy 6 GB SHAREABLE DATA FOR ALL SITES for 7 days with ALL DATA 99. You have successfully redeemed ALL DATA 99 using 99 GigaPoints. Keep using the Smart App to earn MORE points to redeem MORE rewards! Get EXCLUSIVE promos every week JUST FOR YOU with just a tap on the Smart App! Click ""Don't Miss Out"" NOW on <URL> for MORE SURPRISES! ,",unsure,telecom,Smart,Philippines,English,False,False,False,False,False,imported_structured_archive_text,needs_review,screenshot_file=precleaned\Zabala - April 28\Screenshot_20260428_155308_Messages.jpg; source_hint=Smart; archive_notes=OCR extracted from screenshot; review rows where screenshot text was partially cropped or low contrast.
manual_ham_000180,drive_export/THESIS/CLEANED/cleaned_dataset.csv,180,"Get EXCLUSIVE promos every week JUST FOR YOU with just a tap on the Smart App! Click ""Don't Miss Out"" NOW on <URL> for MORE SURPRISES! C Tap to load preview You have successfully redeemed ALL DATA 99 using 99 GigaPoints. Keep using the Smart App to earn MORE points to redeem MORE rewards! Awesome! You can now enjoy 6 GB SHAREABLE DATA FOR ALL SITES for 7 days with ALL DATA 99.","Get EXCLUSIVE promos every week JUST FOR YOU with just a tap on the Smart App! Click ""Don't Miss Out"" NOW on <URL> for MORE SURPRISES! C Tap to load preview You have successfully redeemed ALL DATA 99 using 99 GigaPoints. Keep using the Smart App to earn MORE points to redeem MORE rewards! Awesome! You can now enjoy 6 GB SHAREABLE DATA FOR ALL SITES for 7 days with ALL DATA 99.",unsure,telecom,Smart,Philippines,English,False,False,False,False,False,imported_structured_archive_text,needs_review,screenshot_file=precleaned\Zabala - April 28\Screenshot_20260428_155328_Messages.jpg; source_hint=Smart; archive_notes=OCR extracted from screenshot; review rows where screenshot text was partially cropped or low contrast.
manual_ham_000181,drive_export/THESIS/CLEANED/cleaned_dataset.csv,181,"Awesome! You can now enjoy 6 GB SHAREABLE DATA FOR ALL SITES for 7 days with ALL DATA 99. You have successfully redeemed ALL DATA 99 using 99 GigaPoints. Keep using the Smart App to earn MORE points to redeem MORE rewards! Get EXCLUSIVE promos every week JUST FOR YOU with just a tap on the Smart App! Click ""Don't Miss Out"" NOW on <URL> for MORE SURPRISES!","Awesome! You can now enjoy 6 GB SHAREABLE DATA FOR ALL SITES for 7 days with ALL DATA 99. You have successfully redeemed ALL DATA 99 using 99 GigaPoints. Keep using the Smart App to earn MORE points to redeem MORE rewards! Get EXCLUSIVE promos every week JUST FOR YOU with just a tap on the Smart App! Click ""Don't Miss Out"" NOW on <URL> for MORE SURPRISES!",unsure,telecom,Smart,Philippines,English,False,False,False,False,False,imported_structured_archive_text,needs_review,screenshot_file=precleaned\Zabala - April 28\Screenshot_20260428_155328_Messages.jpg; source_hint=Smart; archive_notes=OCR extracted from screenshot; review rows where screenshot text was partially cropped or low contrast.
manual_ham_000182,drive_export/THESIS/CLEANED/cleaned_dataset.csv,182,"You have successfully redeemed ALL DATA 99 using 99 GigaPoints. Keep using the Smart App to earn MORE points to redeem MORE rewards! Get EXCLUSIVE promos every week JUST FOR YOU with just a tap on the Smart App! Click ""Don't Miss Out"" NOW on <URL> for MORE SURPRISES! C Tap to load preview Awesome! You can now enjoy 6 GB SHAREABLE DATA FOR ALL SITES for 7 days with ALL DATA 99.","You have successfully redeemed ALL DATA 99 using 99 GigaPoints. Keep using the Smart App to earn MORE points to redeem MORE rewards! Get EXCLUSIVE promos every week JUST FOR YOU with just a tap on the Smart App! Click ""Don't Miss Out"" NOW on <URL> for MORE SURPRISES! C Tap to load preview Awesome! You can now enjoy 6 GB SHAREABLE DATA FOR ALL SITES for 7 days with ALL DATA 99.",unsure,telecom,Smart,Philippines,English,False,False,False,False,False,imported_structured_archive_text,needs_review,screenshot_file=precleaned\Zabala - April 28\Screenshot_20260428_160139_Messages.jpg; source_hint=Smart; archive_notes=OCR extracted from screenshot; review rows where screenshot text was partially cropped or low contrast.
manual_ham_000183,drive_export/THESIS/CLEANED/cleaned_dataset.csv,183,"Awesome! You can now enjoy 6 GB SHAREABLE DATA FOR ALL SITES for 7 days with ALL DATA 99. You have successfully redeemed ALL DATA 99 using 99 GigaPoints. Keep using the Smart App to earn MORE points to redeem MORE rewards! Get EXCLUSIVE promos every week JUST FOR YOU with just a tap on the Smart App! Click ""Don't Miss Out"" NOW on <URL> for MORE SURPRISES!","Awesome! You can now enjoy 6 GB SHAREABLE DATA FOR ALL SITES for 7 days with ALL DATA 99. You have successfully redeemed ALL DATA 99 using 99 GigaPoints. Keep using the Smart App to earn MORE points to redeem MORE rewards! Get EXCLUSIVE promos every week JUST FOR YOU with just a tap on the Smart App! Click ""Don't Miss Out"" NOW on <URL> for MORE SURPRISES!",unsure,telecom,Smart,Philippines,English,False,False,False,False,False,imported_structured_archive_text,needs_review,screenshot_file=precleaned\Zabala - April 28\Screenshot_20260428_160139_Messages.jpg; source_hint=Smart; archive_notes=OCR extracted from screenshot; review rows where screenshot text was partially cropped or low contrast.
manual_ham_000184,drive_export/THESIS/CLEANED/cleaned_dataset.csv,184,"You have successfully redeemed ALL DATA 99 using 99 GigaPoints. Keep using the Smart App to earn MORE points to redeem MORE rewards! Awesome! You can now enjoy 6 GB SHAREABLE DATA FOR ALL SITES for 7 days with ALL DATA 99. Get EXCLUSIVE promos every week JUST FOR YOU with just a tap on the Smart App! Click ""Don't Miss Out"" NOW on <URL> for MORE SURPRISES! C Tap to load preview","You have successfully redeemed ALL DATA 99 using 99 GigaPoints. Keep using the Smart App to earn MORE points to redeem MORE rewards! Awesome! You can now enjoy 6 GB SHAREABLE DATA FOR ALL SITES for 7 days with ALL DATA 99. Get EXCLUSIVE promos every week JUST FOR YOU with just a tap on the Smart App! Click ""Don't Miss Out"" NOW on <URL> for MORE SURPRISES! C Tap to load preview",unsure,telecom,Smart,Philippines,English,False,False,False,False,False,imported_structured_archive_text,needs_review,screenshot_file=precleaned\Zabala - April 28\Screenshot_20260428_160152_Messages.jpg; source_hint=Smart; archive_notes=OCR extracted from screenshot; review rows where screenshot text was partially cropped or low contrast.
manual_ham_000185,drive_export/THESIS/CLEANED/cleaned_dataset.csv,185,"Awesome! You can now enjoy 6 GB SHAREABLE DATA FOR ALL SITES for 7 days with ALL DATA 99. You have successfully redeemed ALL DATA 99 using 99 GigaPoints. Keep using the Smart App to earn MORE points to redeem MORE rewards! Get EXCLUSIVE promos every week JUST FOR YOU with just a tap on the Smart App! Click ""Don't Miss Out"" NOW on <URL> for MORE SURPRISES!","Awesome! You can now enjoy 6 GB SHAREABLE DATA FOR ALL SITES for 7 days with ALL DATA 99. You have successfully redeemed ALL DATA 99 using 99 GigaPoints. Keep using the Smart App to earn MORE points to redeem MORE rewards! Get EXCLUSIVE promos every week JUST FOR YOU with just a tap on the Smart App! Click ""Don't Miss Out"" NOW on <URL> for MORE SURPRISES!",unsure,telecom,Smart,Philippines,English,False,False,False,False,False,imported_structured_archive_text,needs_review,screenshot_file=precleaned\Zabala - April 28\Screenshot_20260428_160152_Messages.jpg; source_hint=Smart; archive_notes=OCR extracted from screenshot; review rows where screenshot text was partially cropped or low contrast.
manual_ham_000186,drive_export/THESIS/CLEANED/cleaned_dataset.csv,186,C Tap to load preview You have successfully redeemed ALL DATA 99 using 99 GigaPoints. Keep using the Smart App to earn MORE points to redeem MORE rewards! Awesome! You can now enjoy 6 GB SHAREABLE DATA FOR ALL SITES for 7 days with ALL DATA 99.,C Tap to load preview You have successfully redeemed ALL DATA 99 using 99 GigaPoints. Keep using the Smart App to earn MORE points to redeem MORE rewards! Awesome! You can now enjoy 6 GB SHAREABLE DATA FOR ALL SITES for 7 days with ALL DATA 99.,unsure,telecom,Smart,Philippines,English,False,False,False,False,False,imported_structured_archive_text,needs_review,screenshot_file=precleaned\Zabala - April 28\Screenshot_20260428_160204_Messages.jpg; source_hint=Smart; archive_notes=OCR extracted from screenshot; review rows where screenshot text was partially cropped or low contrast.
manual_ham_000187,drive_export/THESIS/CLEANED/cleaned_dataset.csv,187,"Awesome! You can now enjoy 6 GB SHAREABLE DATA FOR ALL SITES for 7 days with ALL DATA 99. Get EXCLUSIVE promos every week JUST FOR YOU with just a tap on the Smart App! Click ""Don't Miss Out"" NOW on <URL> for MORE SURPRISES!","Awesome! You can now enjoy 6 GB SHAREABLE DATA FOR ALL SITES for 7 days with ALL DATA 99. Get EXCLUSIVE promos every week JUST FOR YOU with just a tap on the Smart App! Click ""Don't Miss Out"" NOW on <URL> for MORE SURPRISES!",unsure,telecom,Smart,Philippines,English,False,False,False,False,False,imported_structured_archive_text,needs_review,screenshot_file=precleaned\Zabala - April 28\Screenshot_20260428_160204_Messages.jpg; source_hint=Smart; archive_notes=OCR extracted from screenshot; review rows where screenshot text was partially cropped or low contrast.
manual_ham_000188,drive_export/THESIS/CLEANED/cleaned_dataset.csv,188,"4:02 OM e © F il & € Smart App : with just a tap on the Smart App! Click “Don't Miss Out"" NOW on <URL> for MORE SURPRISES! C Tap to load preview You have successfully redeemed ALL DATA 99 using 99 GigaPoints. Keep using the Smart App to earn MORE points to redeem MORE rewards!","4:02 OM e © F il & € Smart App : with just a tap on the Smart App! Click “Don't Miss Out"" NOW on <URL> for MORE SURPRISES! C Tap to load preview You have successfully redeemed ALL DATA 99 using 99 GigaPoints. Keep using the Smart App to earn MORE points to redeem MORE rewards!",unsure,telecom,Smart,Philippines,English,False,False,False,False,False,imported_structured_archive_text,needs_review,screenshot_file=precleaned\Zabala - April 28\Screenshot_20260428_160208_Messages.jpg; source_hint=Smart; archive_notes=OCR extracted from screenshot; review rows where screenshot text was partially cropped or low contrast.
manual_ham_000189,drive_export/THESIS/CLEANED/cleaned_dataset.csv,189,"Get EXCLUSIVE promos every week JUST FOR YOU with just a tap on the Smart App! Click ""Don't Miss Out"" NOW on <URL> for MORE SURPRISES! C Tap to load preview","Get EXCLUSIVE promos every week JUST FOR YOU with just a tap on the Smart App! Click ""Don't Miss Out"" NOW on <URL> for MORE SURPRISES! C Tap to load preview",unsure,telecom,Smart,Philippines,English,False,False,False,False,False,imported_structured_archive_text,needs_review,screenshot_file=precleaned\Zabala - April 28\Screenshot_20260428_160208_Messages.jpg; source_hint=Smart; archive_notes=OCR extracted from screenshot; review rows where screenshot text was partially cropped or low contrast.
manual_ham_000190,drive_export/THESIS/CLEANED/cleaned_dataset.csv,190,Awesome! You can now enjoy 6 GB SHAREABLE DATA FOR ALL SITES for 7 days with ALL DATA 99. You have successfully redeemed ALL DATA 99 using 99 GigaPoints. Keep using the Smart App to earn MORE points to redeem MORE rewards!,Awesome! You can now enjoy 6 GB SHAREABLE DATA FOR ALL SITES for 7 days with ALL DATA 99. You have successfully redeemed ALL DATA 99 using 99 GigaPoints. Keep using the Smart App to earn MORE points to redeem MORE rewards!,unsure,telecom,Smart,Philippines,English,False,False,False,False,False,imported_structured_archive_text,needs_review,screenshot_file=precleaned\Zabala - April 28\Screenshot_20260428_160208_Messages.jpg; source_hint=Smart; archive_notes=OCR extracted from screenshot; review rows where screenshot text was partially cropped or low contrast.
manual_ham_000191,drive_export/THESIS/CLEANED/cleaned_dataset.csv,191,Can't reply to this short code. Learn more,Can't reply to this short code. Learn more,unsure,unsure,Unknown,unknown,English,False,False,False,False,False,imported_structured_archive_text,needs_review,screenshot_file=precleaned\Zabala - April 28\Screenshot_20260428_160208_Messages.jpg; source_hint=Unknown; archive_notes=OCR extracted from screenshot; review rows where screenshot text was partially cropped or low contrast.
manual_ham_000192,drive_export/THESIS/CLEANED/cleaned_dataset.csv,192,Your Discord security code is: <OTP> tzD9jJY28Wrn,Your Discord security code is: <OTP> tzD9jJY28Wrn,unsure,otp_verification,Unknown,unknown,English,False,False,False,False,False,imported_structured_archive_text,needs_review,screenshot_file=precleaned\Zabala - April 28\Screenshot_20260428_160546_Messages.jpg; source_hint=Unknown; archive_notes=OCR extracted from screenshot; review rows where screenshot text was partially cropped or low contrast.
manual_ham_000193,drive_export/THESIS/CLEANED/cleaned_dataset.csv,193,Your Discord security code is: <OTP> tzD9jJY28Wrn,Your Discord security code is: <OTP> tzD9jJY28Wrn,unsure,otp_verification,Unknown,unknown,English,False,False,False,False,False,imported_structured_archive_text,needs_review,screenshot_file=precleaned\Zabala - April 28\Screenshot_20260428_160546_Messages.jpg; source_hint=Unknown; archive_notes=OCR extracted from screenshot; review rows where screenshot text was partially cropped or low contrast.
manual_ham_000194,drive_export/THESIS/CLEANED/cleaned_dataset.csv,194,Your Claude verification code is: <OTP> Your Claude verification code is: <OTP> Your Claude verification code is: <OTP> Your Claude verification code is: <OTP> a Unread KK,Your Claude verification code is: <OTP> Your Claude verification code is: <OTP> Your Claude verification code is: <OTP> Your Claude verification code is: <OTP> a Unread KK,unsure,otp_verification,Unknown,unknown,English,False,False,False,False,False,imported_structured_archive_text,needs_review,screenshot_file=precleaned\Zabala - April 28\Screenshot_20260428_160604_Messages.jpg; source_hint=Unknown; archive_notes=OCR extracted from screenshot; review rows where screenshot text was partially cropped or low contrast.
manual_ham_000195,drive_export/THESIS/CLEANED/cleaned_dataset.csv,195,Your Claude verification code is: <OTP>,Your Claude verification code is: <OTP>,unsure,otp_verification,Unknown,unknown,English,False,False,False,False,False,imported_structured_archive_text,needs_review,screenshot_file=precleaned\Zabala - April 28\Screenshot_20260428_160604_Messages.jpg; source_hint=Unknown; archive_notes=OCR extracted from screenshot; review rows where screenshot text was partially cropped or low contrast.
manual_ham_000196,drive_export/THESIS/CLEANED/cleaned_dataset.csv,196,Your Claude verification code is: <OTP>,Your Claude verification code is: <OTP>,unsure,otp_verification,Unknown,unknown,English,False,False,False,False,False,imported_structured_archive_text,needs_review,screenshot_file=precleaned\Zabala - April 28\Screenshot_20260428_160604_Messages.jpg; source_hint=Unknown; archive_notes=OCR extracted from screenshot; review rows where screenshot text was partially cropped or low contrast.
manual_ham_000197,drive_export/THESIS/CLEANED/cleaned_dataset.csv,197,Your Indeed verification code is: <OTP>,Your Indeed verification code is: <OTP>,unsure,otp_verification,Unknown,unknown,English,False,False,False,False,False,imported_structured_archive_text,needs_review,screenshot_file=precleaned\Zabala - April 28\Screenshot_20260428_160604_Messages.jpg; source_hint=Unknown; archive_notes=OCR extracted from screenshot; review rows where screenshot text was partially cropped or low contrast.
manual_ham_000198,drive_export/THESIS/CLEANED/cleaned_dataset.csv,198,#][TikTok] 262314 is your verification code DaewVIZQ+ns,#][TikTok] 262314 is your verification code DaewVIZQ+ns,unsure,otp_verification,TikTok,unknown,English,False,False,True,False,False,imported_structured_archive_text,needs_review,screenshot_file=precleaned\Zabala - April 28\Screenshot_20260428_160635_Messages.jpg; source_hint=TikTok; archive_notes=OCR extracted from screenshot; review rows where screenshot text was partially cropped or low contrast.
manual_ham_000199,drive_export/THESIS/CLEANED/cleaned_dataset.csv,199,Hi Ka-LBC! We will deliver your shipment <PHONE> today. Provide authorization & ID if not around. Photo may be taken as proof of delivery. Thanks,Hi Ka-LBC! We will deliver your shipment <PHONE> today. Provide authorization & ID if not around. Photo may be taken as proof of delivery. Thanks,unsure,delivery,Unknown,unknown,English,False,False,False,False,False,imported_structured_archive_text,needs_review,screenshot_file=precleaned\Zabala - April 28\Screenshot_20260428_160647_Messages.jpg; source_hint=Unknown; archive_notes=OCR extracted from screenshot; review rows where screenshot text was partially cropped or low contrast.
manual_ham_000200,drive_export/THESIS/CLEANED/cleaned_dataset.csv,200,Hi Ka-LBC! Your shipment <PHONE> was received by ZABALA RALF CEDRIC TRIPOLI on 10-02-2026. Thanks,Hi Ka-LBC! Your shipment <PHONE> was received by ZABALA RALF CEDRIC TRIPOLI on 10-02-2026. Thanks,unsure,delivery,Unknown,unknown,English,False,False,False,False,False,imported_structured_archive_text,needs_review,screenshot_file=precleaned\Zabala - April 28\Screenshot_20260428_160647_Messages.jpg; source_hint=Unknown; archive_notes=OCR extracted from screenshot; review rows where screenshot text was partially cropped or low contrast.
manual_ham_000201,drive_export/THESIS/CLEANED/cleaned_dataset.csv,201,Use verification code <OTP> for Microsoft authentication. Use verification code <OTP> for Microsoft authentication.,Use verification code <OTP> for Microsoft authentication. Use verification code <OTP> for Microsoft authentication.,unsure,otp_verification,Microsoft,unknown,English,False,False,False,False,False,imported_structured_archive_text,needs_review,screenshot_file=precleaned\Zabala - April 28\Screenshot_20260428_160721_Messages.jpg; source_hint=Microsoft; archive_notes=OCR extracted from screenshot; review rows where screenshot text was partially cropped or low contrast.
manual_ham_000202,drive_export/THESIS/CLEANED/cleaned_dataset.csv,202,Use verification code <OTP> for Microsoft authentication.,Use verification code <OTP> for Microsoft authentication.,unsure,otp_verification,Microsoft,unknown,English,False,False,False,False,False,imported_structured_archive_text,needs_review,screenshot_file=precleaned\Zabala - April 28\Screenshot_20260428_160721_Messages.jpg; source_hint=Microsoft; archive_notes=OCR extracted from screenshot; review rows where screenshot text was partially cropped or low contrast.
manual_ham_000203,drive_export/THESIS/CLEANED/cleaned_dataset.csv,203,Use verification code <OTP> for Microsoft authentication.,Use verification code <OTP> for Microsoft authentication.,unsure,otp_verification,Microsoft,unknown,English,False,False,False,False,False,imported_structured_archive_text,needs_review,screenshot_file=precleaned\Zabala - April 28\Screenshot_20260428_160721_Messages.jpg; source_hint=Microsoft; archive_notes=OCR extracted from screenshot; review rows where screenshot text was partially cropped or low contrast.
manual_ham_000204,drive_export/THESIS/CLEANED/cleaned_dataset.csv,204,Use verification code <OTP> for Microsoft authentication.,Use verification code <OTP> for Microsoft authentication.,unsure,otp_verification,Microsoft,unknown,English,False,False,False,False,False,imported_structured_archive_text,needs_review,screenshot_file=precleaned\Zabala - April 28\Screenshot_20260428_160721_Messages.jpg; source_hint=Microsoft; archive_notes=OCR extracted from screenshot; review rows where screenshot text was partially cropped or low contrast.
manual_ham_000205,drive_export/THESIS/CLEANED/cleaned_dataset.csv,205,Use verification code <OTP> for Microsoft authentication.,Use verification code <OTP> for Microsoft authentication.,unsure,otp_verification,Microsoft,unknown,English,False,False,False,False,False,imported_structured_archive_text,needs_review,screenshot_file=precleaned\Zabala - April 28\Screenshot_20260428_160730_Messages.jpg; source_hint=Microsoft; archive_notes=OCR extracted from screenshot; review rows where screenshot text was partially cropped or low contrast.
manual_ham_000206,drive_export/THESIS/CLEANED/cleaned_dataset.csv,206,Use verification code <OTP> for Microsoft authentication.,Use verification code <OTP> for Microsoft authentication.,unsure,otp_verification,Microsoft,unknown,English,False,False,False,False,False,imported_structured_archive_text,needs_review,screenshot_file=precleaned\Zabala - April 28\Screenshot_20260428_160730_Messages.jpg; source_hint=Microsoft; archive_notes=OCR extracted from screenshot; review rows where screenshot text was partially cropped or low contrast.
manual_ham_000207,drive_export/THESIS/CLEANED/cleaned_dataset.csv,207,Use verification code <OTP> for Microsoft authentication.,Use verification code <OTP> for Microsoft authentication.,unsure,otp_verification,Microsoft,unknown,English,False,False,False,False,False,imported_structured_archive_text,needs_review,screenshot_file=precleaned\Zabala - April 28\Screenshot_20260428_160730_Messages.jpg; source_hint=Microsoft; archive_notes=OCR extracted from screenshot; review rows where screenshot text was partially cropped or low contrast.
manual_ham_000208,drive_export/THESIS/CLEANED/cleaned_dataset.csv,208,Use verification code <OTP> for Microsoft authentication.,Use verification code <OTP> for Microsoft authentication.,unsure,otp_verification,Microsoft,unknown,English,False,False,False,False,False,imported_structured_archive_text,needs_review,screenshot_file=precleaned\Zabala - April 28\Screenshot_20260428_160730_Messages.jpg; source_hint=Microsoft; archive_notes=OCR extracted from screenshot; review rows where screenshot text was partially cropped or low contrast.
manual_ham_000209,drive_export/THESIS/CLEANED/cleaned_dataset.csv,209,Use verification code <OTP> for Microsoft authentication.,Use verification code <OTP> for Microsoft authentication.,unsure,otp_verification,Microsoft,unknown,English,False,False,False,False,False,imported_structured_archive_text,needs_review,screenshot_file=precleaned\Zabala - April 28\Screenshot_20260428_160730_Messages.jpg; source_hint=Microsoft; archive_notes=OCR extracted from screenshot; review rows where screenshot text was partially cropped or low contrast.
manual_ham_000210,drive_export/THESIS/CLEANED/cleaned_dataset.csv,210,Use verification code <OTP> for Microsoft authentication.,Use verification code <OTP> for Microsoft authentication.,unsure,otp_verification,Microsoft,unknown,English,False,False,False,False,False,imported_structured_archive_text,needs_review,screenshot_file=precleaned\Zabala - April 28\Screenshot_20260428_160740_Messages.jpg; source_hint=Microsoft; archive_notes=OCR extracted from screenshot; review rows where screenshot text was partially cropped or low contrast.
manual_ham_000211,drive_export/THESIS/CLEANED/cleaned_dataset.csv,211,Use verification code <OTP> for Microsoft authentication.,Use verification code <OTP> for Microsoft authentication.,unsure,otp_verification,Microsoft,unknown,English,False,False,False,False,False,imported_structured_archive_text,needs_review,screenshot_file=precleaned\Zabala - April 28\Screenshot_20260428_160740_Messages.jpg; source_hint=Microsoft; archive_notes=OCR extracted from screenshot; review rows where screenshot text was partially cropped or low contrast.
manual_ham_000212,drive_export/THESIS/CLEANED/cleaned_dataset.csv,212,Use verification code <OTP> for Microsoft authentication.,Use verification code <OTP> for Microsoft authentication.,unsure,otp_verification,Microsoft,unknown,English,False,False,False,False,False,imported_structured_archive_text,needs_review,screenshot_file=precleaned\Zabala - April 28\Screenshot_20260428_160740_Messages.jpg; source_hint=Microsoft; archive_notes=OCR extracted from screenshot; review rows where screenshot text was partially cropped or low contrast.
manual_ham_000213,drive_export/THESIS/CLEANED/cleaned_dataset.csv,213,Use verification code <OTP> for Microsoft authentication.,Use verification code <OTP> for Microsoft authentication.,unsure,otp_verification,Microsoft,unknown,English,False,False,False,False,False,imported_structured_archive_text,needs_review,screenshot_file=precleaned\Zabala - April 28\Screenshot_20260428_160740_Messages.jpg; source_hint=Microsoft; archive_notes=OCR extracted from screenshot; review rows where screenshot text was partially cropped or low contrast.
manual_ham_000214,drive_export/THESIS/CLEANED/cleaned_dataset.csv,214,Use verification code <OTP> for Microsoft authentication.,Use verification code <OTP> for Microsoft authentication.,unsure,otp_verification,Microsoft,unknown,English,False,False,False,False,False,imported_structured_archive_text,needs_review,screenshot_file=precleaned\Zabala - April 28\Screenshot_20260428_160740_Messages.jpg; source_hint=Microsoft; archive_notes=OCR extracted from screenshot; review rows where screenshot text was partially cropped or low contrast.
manual_ham_000215,drive_export/THESIS/CLEANED/cleaned_dataset.csv,215,Use verification code <OTP> for Microsoft authentication.,Use verification code <OTP> for Microsoft authentication.,unsure,otp_verification,Microsoft,unknown,English,False,False,False,False,False,imported_structured_archive_text,needs_review,screenshot_file=precleaned\Zabala - April 28\Screenshot_20260428_160753_Messages.jpg; source_hint=Microsoft; archive_notes=OCR extracted from screenshot; review rows where screenshot text was partially cropped or low contrast.
manual_ham_000216,drive_export/THESIS/CLEANED/cleaned_dataset.csv,216,Use verification code <OTP> for Microsoft authentication.,Use verification code <OTP> for Microsoft authentication.,unsure,otp_verification,Microsoft,unknown,English,False,False,False,False,False,imported_structured_archive_text,needs_review,screenshot_file=precleaned\Zabala - April 28\Screenshot_20260428_160753_Messages.jpg; source_hint=Microsoft; archive_notes=OCR extracted from screenshot; review rows where screenshot text was partially cropped or low contrast.
manual_ham_000217,drive_export/THESIS/CLEANED/cleaned_dataset.csv,217,Use verification code <OTP> for Microsoft authentication.,Use verification code <OTP> for Microsoft authentication.,unsure,otp_verification,Microsoft,unknown,English,False,False,False,False,False,imported_structured_archive_text,needs_review,screenshot_file=precleaned\Zabala - April 28\Screenshot_20260428_160753_Messages.jpg; source_hint=Microsoft; archive_notes=OCR extracted from screenshot; review rows where screenshot text was partially cropped or low contrast.
manual_ham_000218,drive_export/THESIS/CLEANED/cleaned_dataset.csv,218,Use verification code <OTP> for Microsoft authentication.,Use verification code <OTP> for Microsoft authentication.,unsure,otp_verification,Microsoft,unknown,English,False,False,False,False,False,imported_structured_archive_text,needs_review,screenshot_file=precleaned\Zabala - April 28\Screenshot_20260428_160753_Messages.jpg; source_hint=Microsoft; archive_notes=OCR extracted from screenshot; review rows where screenshot text was partially cropped or low contrast.
manual_ham_000219,drive_export/THESIS/CLEANED/cleaned_dataset.csv,219,Use verification code <OTP> for Microsoft authentication. Use verification code <OTP> for Microsoft authentication.,Use verification code <OTP> for Microsoft authentication. Use verification code <OTP> for Microsoft authentication.,unsure,otp_verification,Microsoft,unknown,English,False,False,False,False,False,imported_structured_archive_text,needs_review,screenshot_file=precleaned\Zabala - April 28\Screenshot_20260428_160753_Messages.jpg; source_hint=Microsoft; archive_notes=OCR extracted from screenshot; review rows where screenshot text was partially cropped or low contrast.
manual_ham_000220,drive_export/THESIS/CLEANED/cleaned_dataset.csv,220,Use verification code <OTP> for Microsoft authentication.,Use verification code <OTP> for Microsoft authentication.,unsure,otp_verification,Microsoft,unknown,English,False,False,False,False,False,imported_structured_archive_text,needs_review,screenshot_file=precleaned\Zabala - April 28\Screenshot_20260428_160805_Messages.jpg; source_hint=Microsoft; archive_notes=OCR extracted from screenshot; review rows where screenshot text was partially cropped or low contrast.
manual_ham_000221,drive_export/THESIS/CLEANED/cleaned_dataset.csv,221,Use verification code <OTP> for Microsoft authentication.,Use verification code <OTP> for Microsoft authentication.,unsure,otp_verification,Microsoft,unknown,English,False,False,False,False,False,imported_structured_archive_text,needs_review,screenshot_file=precleaned\Zabala - April 28\Screenshot_20260428_160805_Messages.jpg; source_hint=Microsoft; archive_notes=OCR extracted from screenshot; review rows where screenshot text was partially cropped or low contrast.
manual_ham_000222,drive_export/THESIS/CLEANED/cleaned_dataset.csv,222,Use verification code <OTP> for Microsoft authentication.,Use verification code <OTP> for Microsoft authentication.,unsure,otp_verification,Microsoft,unknown,English,False,False,False,False,False,imported_structured_archive_text,needs_review,screenshot_file=precleaned\Zabala - April 28\Screenshot_20260428_160805_Messages.jpg; source_hint=Microsoft; archive_notes=OCR extracted from screenshot; review rows where screenshot text was partially cropped or low contrast.
manual_ham_000223,drive_export/THESIS/CLEANED/cleaned_dataset.csv,223,Use verification code <OTP> for Microsoft authentication.,Use verification code <OTP> for Microsoft authentication.,unsure,otp_verification,Microsoft,unknown,English,False,False,False,False,False,imported_structured_archive_text,needs_review,screenshot_file=precleaned\Zabala - April 28\Screenshot_20260428_160805_Messages.jpg; source_hint=Microsoft; archive_notes=OCR extracted from screenshot; review rows where screenshot text was partially cropped or low contrast.
manual_ham_000224,drive_export/THESIS/CLEANED/cleaned_dataset.csv,224,Use verification code <OTP> for Microsoft authentication. Use verification code <OTP> for Microsoft authentication.,Use verification code <OTP> for Microsoft authentication. Use verification code <OTP> for Microsoft authentication.,unsure,otp_verification,Microsoft,unknown,English,False,False,False,False,False,imported_structured_archive_text,needs_review,screenshot_file=precleaned\Zabala - April 28\Screenshot_20260428_160805_Messages.jpg; source_hint=Microsoft; archive_notes=OCR extracted from screenshot; review rows where screenshot text was partially cropped or low contrast.
manual_ham_000225,drive_export/THESIS/CLEANED/cleaned_dataset.csv,225,Use verification code <OTP> for Microsoft authentication.,Use verification code <OTP> for Microsoft authentication.,unsure,otp_verification,Microsoft,unknown,English,False,False,False,False,False,imported_structured_archive_text,needs_review,screenshot_file=precleaned\Zabala - April 28\Screenshot_20260428_160816_Messages.jpg; source_hint=Microsoft; archive_notes=OCR extracted from screenshot; review rows where screenshot text was partially cropped or low contrast.
manual_ham_000226,drive_export/THESIS/CLEANED/cleaned_dataset.csv,226,Use verification code <OTP> for Microsoft authentication.,Use verification code <OTP> for Microsoft authentication.,unsure,otp_verification,Microsoft,unknown,English,False,False,False,False,False,imported_structured_archive_text,needs_review,screenshot_file=precleaned\Zabala - April 28\Screenshot_20260428_160816_Messages.jpg; source_hint=Microsoft; archive_notes=OCR extracted from screenshot; review rows where screenshot text was partially cropped or low contrast.
manual_ham_000227,drive_export/THESIS/CLEANED/cleaned_dataset.csv,227,Use verification code <OTP> for Microsoft authentication. Use verification code <OTP> for Microsoft authentication.,Use verification code <OTP> for Microsoft authentication. Use verification code <OTP> for Microsoft authentication.,unsure,otp_verification,Microsoft,unknown,English,False,False,False,False,False,imported_structured_archive_text,needs_review,screenshot_file=precleaned\Zabala - April 28\Screenshot_20260428_160816_Messages.jpg; source_hint=Microsoft; archive_notes=OCR extracted from screenshot; review rows where screenshot text was partially cropped or low contrast.
manual_ham_000228,drive_export/THESIS/CLEANED/cleaned_dataset.csv,228,Use verification code <OTP> for Microsoft authentication.,Use verification code <OTP> for Microsoft authentication.,unsure,otp_verification,Microsoft,unknown,English,False,False,False,False,False,imported_structured_archive_text,needs_review,screenshot_file=precleaned\Zabala - April 28\Screenshot_20260428_160816_Messages.jpg; source_hint=Microsoft; archive_notes=OCR extracted from screenshot; review rows where screenshot text was partially cropped or low contrast.
manual_ham_000229,drive_export/THESIS/CLEANED/cleaned_dataset.csv,229,Use verification code <OTP> for Microsoft authentication.,Use verification code <OTP> for Microsoft authentication.,unsure,otp_verification,Microsoft,unknown,English,False,False,False,False,False,imported_structured_archive_text,needs_review,screenshot_file=precleaned\Zabala - April 28\Screenshot_20260428_160816_Messages.jpg; source_hint=Microsoft; archive_notes=OCR extracted from screenshot; review rows where screenshot text was partially cropped or low contrast.
manual_ham_000230,drive_export/THESIS/CLEANED/cleaned_dataset.csv,230,Use verification code <OTP> for Microsoft authentication.,Use verification code <OTP> for Microsoft authentication.,unsure,otp_verification,Microsoft,unknown,English,False,False,False,False,False,imported_structured_archive_text,needs_review,screenshot_file=precleaned\Zabala - April 28\Screenshot_20260428_160829_Messages.jpg; source_hint=Microsoft; archive_notes=OCR extracted from screenshot; review rows where screenshot text was partially cropped or low contrast.
manual_ham_000231,drive_export/THESIS/CLEANED/cleaned_dataset.csv,231,Use verification code <OTP> for Microsoft authentication.,Use verification code <OTP> for Microsoft authentication.,unsure,otp_verification,Microsoft,unknown,English,False,False,False,False,False,imported_structured_archive_text,needs_review,screenshot_file=precleaned\Zabala - April 28\Screenshot_20260428_160829_Messages.jpg; source_hint=Microsoft; archive_notes=OCR extracted from screenshot; review rows where screenshot text was partially cropped or low contrast.
manual_ham_000232,drive_export/THESIS/CLEANED/cleaned_dataset.csv,232,Use verification code <OTP> for Microsoft authentication.,Use verification code <OTP> for Microsoft authentication.,unsure,otp_verification,Microsoft,unknown,English,False,False,False,False,False,imported_structured_archive_text,needs_review,screenshot_file=precleaned\Zabala - April 28\Screenshot_20260428_160829_Messages.jpg; source_hint=Microsoft; archive_notes=OCR extracted from screenshot; review rows where screenshot text was partially cropped or low contrast.
manual_ham_000233,drive_export/THESIS/CLEANED/cleaned_dataset.csv,233,Use verification code <OTP> for Microsoft authentication.,Use verification code <OTP> for Microsoft authentication.,unsure,otp_verification,Microsoft,unknown,English,False,False,False,False,False,imported_structured_archive_text,needs_review,screenshot_file=precleaned\Zabala - April 28\Screenshot_20260428_160829_Messages.jpg; source_hint=Microsoft; archive_notes=OCR extracted from screenshot; review rows where screenshot text was partially cropped or low contrast.
manual_ham_000234,drive_export/THESIS/CLEANED/cleaned_dataset.csv,234,Use verification code <OTP> for Microsoft authentication. Use verification code <OTP> for Microsoft authentication.,Use verification code <OTP> for Microsoft authentication. Use verification code <OTP> for Microsoft authentication.,unsure,otp_verification,Microsoft,unknown,English,False,False,False,False,False,imported_structured_archive_text,needs_review,screenshot_file=precleaned\Zabala - April 28\Screenshot_20260428_160829_Messages.jpg; source_hint=Microsoft; archive_notes=OCR extracted from screenshot; review rows where screenshot text was partially cropped or low contrast.
manual_ham_000235,drive_export/THESIS/CLEANED/cleaned_dataset.csv,235,Use verification code <OTP> for Microsoft authentication.,Use verification code <OTP> for Microsoft authentication.,unsure,otp_verification,Microsoft,unknown,English,False,False,False,False,False,imported_structured_archive_text,needs_review,screenshot_file=precleaned\Zabala - April 28\Screenshot_20260428_160839_Messages.jpg; source_hint=Microsoft; archive_notes=OCR extracted from screenshot; review rows where screenshot text was partially cropped or low contrast.
manual_ham_000236,drive_export/THESIS/CLEANED/cleaned_dataset.csv,236,Use verification code <OTP> for Microsoft authentication.,Use verification code <OTP> for Microsoft authentication.,unsure,otp_verification,Microsoft,unknown,English,False,False,False,False,False,imported_structured_archive_text,needs_review,screenshot_file=precleaned\Zabala - April 28\Screenshot_20260428_160839_Messages.jpg; source_hint=Microsoft; archive_notes=OCR extracted from screenshot; review rows where screenshot text was partially cropped or low contrast.
manual_ham_000237,drive_export/THESIS/CLEANED/cleaned_dataset.csv,237,Use verification code <OTP> for Microsoft authentication. Use verification code <OTP> for Microsoft authentication.,Use verification code <OTP> for Microsoft authentication. Use verification code <OTP> for Microsoft authentication.,unsure,otp_verification,Microsoft,unknown,English,False,False,False,False,False,imported_structured_archive_text,needs_review,screenshot_file=precleaned\Zabala - April 28\Screenshot_20260428_160839_Messages.jpg; source_hint=Microsoft; archive_notes=OCR extracted from screenshot; review rows where screenshot text was partially cropped or low contrast.
manual_ham_000238,drive_export/THESIS/CLEANED/cleaned_dataset.csv,238,Use verification code <OTP> for Microsoft authentication.,Use verification code <OTP> for Microsoft authentication.,unsure,otp_verification,Microsoft,unknown,English,False,False,False,False,False,imported_structured_archive_text,needs_review,screenshot_file=precleaned\Zabala - April 28\Screenshot_20260428_160839_Messages.jpg; source_hint=Microsoft; archive_notes=OCR extracted from screenshot; review rows where screenshot text was partially cropped or low contrast.
manual_ham_000239,drive_export/THESIS/CLEANED/cleaned_dataset.csv,239,Use verification code <OTP> for Microsoft authentication.,Use verification code <OTP> for Microsoft authentication.,unsure,otp_verification,Microsoft,unknown,English,False,False,False,False,False,imported_structured_archive_text,needs_review,screenshot_file=precleaned\Zabala - April 28\Screenshot_20260428_160839_Messages.jpg; source_hint=Microsoft; archive_notes=OCR extracted from screenshot; review rows where screenshot text was partially cropped or low contrast.
manual_ham_000240,drive_export/THESIS/CLEANED/cleaned_dataset.csv,240,Use verification code <OTP> for Microsoft authentication. Use verification code <OTP> for Microsoft authentication.,Use verification code <OTP> for Microsoft authentication. Use verification code <OTP> for Microsoft authentication.,unsure,otp_verification,Microsoft,unknown,English,False,False,False,False,False,imported_structured_archive_text,needs_review,screenshot_file=precleaned\Zabala - April 28\Screenshot_20260428_160852_Messages.jpg; source_hint=Microsoft; archive_notes=OCR extracted from screenshot; review rows where screenshot text was partially cropped or low contrast.
manual_ham_000241,drive_export/THESIS/CLEANED/cleaned_dataset.csv,241,Use verification code <OTP> for Microsoft authentication.,Use verification code <OTP> for Microsoft authentication.,unsure,otp_verification,Microsoft,unknown,English,False,False,False,False,False,imported_structured_archive_text,needs_review,screenshot_file=precleaned\Zabala - April 28\Screenshot_20260428_160852_Messages.jpg; source_hint=Microsoft; archive_notes=OCR extracted from screenshot; review rows where screenshot text was partially cropped or low contrast.
manual_ham_000242,drive_export/THESIS/CLEANED/cleaned_dataset.csv,242,Use verification code <OTP> for Microsoft authentication.,Use verification code <OTP> for Microsoft authentication.,unsure,otp_verification,Microsoft,unknown,English,False,False,False,False,False,imported_structured_archive_text,needs_review,screenshot_file=precleaned\Zabala - April 28\Screenshot_20260428_160852_Messages.jpg; source_hint=Microsoft; archive_notes=OCR extracted from screenshot; review rows where screenshot text was partially cropped or low contrast.
manual_ham_000243,drive_export/THESIS/CLEANED/cleaned_dataset.csv,243,Use verification code <OTP> for Microsoft authentication.,Use verification code <OTP> for Microsoft authentication.,unsure,otp_verification,Microsoft,unknown,English,False,False,False,False,False,imported_structured_archive_text,needs_review,screenshot_file=precleaned\Zabala - April 28\Screenshot_20260428_160852_Messages.jpg; source_hint=Microsoft; archive_notes=OCR extracted from screenshot; review rows where screenshot text was partially cropped or low contrast.
manual_ham_000244,drive_export/THESIS/CLEANED/cleaned_dataset.csv,244,Use verification code <OTP> for Microsoft authentication.,Use verification code <OTP> for Microsoft authentication.,unsure,otp_verification,Microsoft,unknown,English,False,False,False,False,False,imported_structured_archive_text,needs_review,screenshot_file=precleaned\Zabala - April 28\Screenshot_20260428_160852_Messages.jpg; source_hint=Microsoft; archive_notes=OCR extracted from screenshot; review rows where screenshot text was partially cropped or low contrast.
manual_ham_000245,drive_export/THESIS/CLEANED/cleaned_dataset.csv,245,Use verification code <OTP> for Microsoft authentication. Use verification code <OTP> for Microsoft authentication.,Use verification code <OTP> for Microsoft authentication. Use verification code <OTP> for Microsoft authentication.,unsure,otp_verification,Microsoft,unknown,English,False,False,False,False,False,imported_structured_archive_text,needs_review,screenshot_file=precleaned\Zabala - April 28\Screenshot_20260428_160904_Messages.jpg; source_hint=Microsoft; archive_notes=OCR extracted from screenshot; review rows where screenshot text was partially cropped or low contrast.
manual_ham_000246,drive_export/THESIS/CLEANED/cleaned_dataset.csv,246,Use verification code <OTP> for Microsoft authentication.,Use verification code <OTP> for Microsoft authentication.,unsure,otp_verification,Microsoft,unknown,English,False,False,False,False,False,imported_structured_archive_text,needs_review,screenshot_file=precleaned\Zabala - April 28\Screenshot_20260428_160904_Messages.jpg; source_hint=Microsoft; archive_notes=OCR extracted from screenshot; review rows where screenshot text was partially cropped or low contrast.
manual_ham_000247,drive_export/THESIS/CLEANED/cleaned_dataset.csv,247,Use verification code <OTP> for Microsoft authentication.,Use verification code <OTP> for Microsoft authentication.,unsure,otp_verification,Microsoft,unknown,English,False,False,False,False,False,imported_structured_archive_text,needs_review,screenshot_file=precleaned\Zabala - April 28\Screenshot_20260428_160904_Messages.jpg; source_hint=Microsoft; archive_notes=OCR extracted from screenshot; review rows where screenshot text was partially cropped or low contrast.
manual_ham_000248,drive_export/THESIS/CLEANED/cleaned_dataset.csv,248,Use verification code <OTP> for Microsoft authentication.,Use verification code <OTP> for Microsoft authentication.,unsure,otp_verification,Microsoft,unknown,English,False,False,False,False,False,imported_structured_archive_text,needs_review,screenshot_file=precleaned\Zabala - April 28\Screenshot_20260428_160904_Messages.jpg; source_hint=Microsoft; archive_notes=OCR extracted from screenshot; review rows where screenshot text was partially cropped or low contrast.
manual_ham_000249,drive_export/THESIS/CLEANED/cleaned_dataset.csv,249,Use verification code <OTP> for Microsoft authentication.,Use verification code <OTP> for Microsoft authentication.,unsure,otp_verification,Microsoft,unknown,English,False,False,False,False,False,imported_structured_archive_text,needs_review,screenshot_file=precleaned\Zabala - April 28\Screenshot_20260428_160904_Messages.jpg; source_hint=Microsoft; archive_notes=OCR extracted from screenshot; review rows where screenshot text was partially cropped or low contrast.
manual_ham_000250,drive_export/THESIS/CLEANED/cleaned_dataset.csv,250,Use verification code <OTP> for Microsoft authentication.,Use verification code <OTP> for Microsoft authentication.,unsure,otp_verification,Microsoft,unknown,English,False,False,False,False,False,imported_structured_archive_text,needs_review,screenshot_file=precleaned\Zabala - April 28\Screenshot_20260428_160912_Messages.jpg; source_hint=Microsoft; archive_notes=OCR extracted from screenshot; review rows where screenshot text was partially cropped or low contrast.
manual_ham_000251,drive_export/THESIS/CLEANED/cleaned_dataset.csv,251,Use verification code <OTP> for Microsoft authentication.,Use verification code <OTP> for Microsoft authentication.,unsure,otp_verification,Microsoft,unknown,English,False,False,False,False,False,imported_structured_archive_text,needs_review,screenshot_file=precleaned\Zabala - April 28\Screenshot_20260428_160912_Messages.jpg; source_hint=Microsoft; archive_notes=OCR extracted from screenshot; review rows where screenshot text was partially cropped or low contrast.
manual_ham_000252,drive_export/THESIS/CLEANED/cleaned_dataset.csv,252,Use verification code <OTP> for Microsoft authentication.,Use verification code <OTP> for Microsoft authentication.,unsure,otp_verification,Microsoft,unknown,English,False,False,False,False,False,imported_structured_archive_text,needs_review,screenshot_file=precleaned\Zabala - April 28\Screenshot_20260428_160912_Messages.jpg; source_hint=Microsoft; archive_notes=OCR extracted from screenshot; review rows where screenshot text was partially cropped or low contrast.
manual_ham_000253,drive_export/THESIS/CLEANED/cleaned_dataset.csv,253,Use verification code <OTP> for Microsoft authentication.,Use verification code <OTP> for Microsoft authentication.,unsure,otp_verification,Microsoft,unknown,English,False,False,False,False,False,imported_structured_archive_text,needs_review,screenshot_file=precleaned\Zabala - April 28\Screenshot_20260428_160912_Messages.jpg; source_hint=Microsoft; archive_notes=OCR extracted from screenshot; review rows where screenshot text was partially cropped or low contrast.
manual_ham_000254,drive_export/THESIS/CLEANED/cleaned_dataset.csv,254,Use verification code <OTP> for Microsoft authentication.,Use verification code <OTP> for Microsoft authentication.,unsure,otp_verification,Microsoft,unknown,English,False,False,False,False,False,imported_structured_archive_text,needs_review,screenshot_file=precleaned\Zabala - April 28\Screenshot_20260428_160912_Messages.jpg; source_hint=Microsoft; archive_notes=OCR extracted from screenshot; review rows where screenshot text was partially cropped or low contrast.
manual_ham_000255,drive_export/THESIS/CLEANED/cleaned_dataset.csv,255,Use verification code <OTP> for Microsoft authentication.,Use verification code <OTP> for Microsoft authentication.,unsure,otp_verification,Microsoft,unknown,English,False,False,False,False,False,imported_structured_archive_text,needs_review,screenshot_file=precleaned\Zabala - April 28\Screenshot_20260428_160921_Messages.jpg; source_hint=Microsoft; archive_notes=OCR extracted from screenshot; review rows where screenshot text was partially cropped or low contrast.
manual_ham_000256,drive_export/THESIS/CLEANED/cleaned_dataset.csv,256,Use verification code <OTP> for Microsoft authentication.,Use verification code <OTP> for Microsoft authentication.,unsure,otp_verification,Microsoft,unknown,English,False,False,False,False,False,imported_structured_archive_text,needs_review,screenshot_file=precleaned\Zabala - April 28\Screenshot_20260428_160921_Messages.jpg; source_hint=Microsoft; archive_notes=OCR extracted from screenshot; review rows where screenshot text was partially cropped or low contrast.
manual_ham_000257,drive_export/THESIS/CLEANED/cleaned_dataset.csv,257,Use verification code <OTP> for Microsoft authentication.,Use verification code <OTP> for Microsoft authentication.,unsure,otp_verification,Microsoft,unknown,English,False,False,False,False,False,imported_structured_archive_text,needs_review,screenshot_file=precleaned\Zabala - April 28\Screenshot_20260428_160921_Messages.jpg; source_hint=Microsoft; archive_notes=OCR extracted from screenshot; review rows where screenshot text was partially cropped or low contrast.
manual_ham_000258,drive_export/THESIS/CLEANED/cleaned_dataset.csv,258,Use verification code <OTP> for Microsoft authentication.,Use verification code <OTP> for Microsoft authentication.,unsure,otp_verification,Microsoft,unknown,English,False,False,False,False,False,imported_structured_archive_text,needs_review,screenshot_file=precleaned\Zabala - April 28\Screenshot_20260428_160921_Messages.jpg; source_hint=Microsoft; archive_notes=OCR extracted from screenshot; review rows where screenshot text was partially cropped or low contrast.
manual_ham_000259,drive_export/THESIS/CLEANED/cleaned_dataset.csv,259,Use verification code <OTP> for Microsoft authentication.,Use verification code <OTP> for Microsoft authentication.,unsure,otp_verification,Microsoft,unknown,English,False,False,False,False,False,imported_structured_archive_text,needs_review,screenshot_file=precleaned\Zabala - April 28\Screenshot_20260428_160921_Messages.jpg; source_hint=Microsoft; archive_notes=OCR extracted from screenshot; review rows where screenshot text was partially cropped or low contrast.
manual_ham_000260,drive_export/THESIS/CLEANED/cleaned_dataset.csv,260,Use verification code <OTP> for Microsoft authentication.,Use verification code <OTP> for Microsoft authentication.,unsure,otp_verification,Microsoft,unknown,English,False,False,False,False,False,imported_structured_archive_text,needs_review,screenshot_file=precleaned\Zabala - April 28\Screenshot_20260428_160932_Messages.jpg; source_hint=Microsoft; archive_notes=OCR extracted from screenshot; review rows where screenshot text was partially cropped or low contrast.
manual_ham_000261,drive_export/THESIS/CLEANED/cleaned_dataset.csv,261,Use verification code <OTP> for Microsoft authentication. Use verification code <OTP> for Microsoft authentication.,Use verification code <OTP> for Microsoft authentication. Use verification code <OTP> for Microsoft authentication.,unsure,otp_verification,Microsoft,unknown,English,False,False,False,False,False,imported_structured_archive_text,needs_review,screenshot_file=precleaned\Zabala - April 28\Screenshot_20260428_160932_Messages.jpg; source_hint=Microsoft; archive_notes=OCR extracted from screenshot; review rows where screenshot text was partially cropped or low contrast.
manual_ham_000262,drive_export/THESIS/CLEANED/cleaned_dataset.csv,262,Use verification code <OTP> for Microsoft authentication.,Use verification code <OTP> for Microsoft authentication.,unsure,otp_verification,Microsoft,unknown,English,False,False,False,False,False,imported_structured_archive_text,needs_review,screenshot_file=precleaned\Zabala - April 28\Screenshot_20260428_160932_Messages.jpg; source_hint=Microsoft; archive_notes=OCR extracted from screenshot; review rows where screenshot text was partially cropped or low contrast.
manual_ham_000263,drive_export/THESIS/CLEANED/cleaned_dataset.csv,263,Use verification code <OTP> for Microsoft authentication.,Use verification code <OTP> for Microsoft authentication.,unsure,otp_verification,Microsoft,unknown,English,False,False,False,False,False,imported_structured_archive_text,needs_review,screenshot_file=precleaned\Zabala - April 28\Screenshot_20260428_160932_Messages.jpg; source_hint=Microsoft; archive_notes=OCR extracted from screenshot; review rows where screenshot text was partially cropped or low contrast.
manual_ham_000264,drive_export/THESIS/CLEANED/cleaned_dataset.csv,264,Use verification code <OTP> for Microsoft authentication.,Use verification code <OTP> for Microsoft authentication.,unsure,otp_verification,Microsoft,unknown,English,False,False,False,False,False,imported_structured_archive_text,needs_review,screenshot_file=precleaned\Zabala - April 28\Screenshot_20260428_160932_Messages.jpg; source_hint=Microsoft; archive_notes=OCR extracted from screenshot; review rows where screenshot text was partially cropped or low contrast.
manual_ham_000265,drive_export/THESIS/CLEANED/cleaned_dataset.csv,265,Use verification code <OTP> for Microsoft authentication.,Use verification code <OTP> for Microsoft authentication.,unsure,otp_verification,Microsoft,unknown,English,False,False,False,False,False,imported_structured_archive_text,needs_review,screenshot_file=precleaned\Zabala - April 28\Screenshot_20260428_160942_Messages.jpg; source_hint=Microsoft; archive_notes=OCR extracted from screenshot; review rows where screenshot text was partially cropped or low contrast.
manual_ham_000266,drive_export/THESIS/CLEANED/cleaned_dataset.csv,266,Use verification code <OTP> for Microsoft authentication.,Use verification code <OTP> for Microsoft authentication.,unsure,otp_verification,Microsoft,unknown,English,False,False,False,False,False,imported_structured_archive_text,needs_review,screenshot_file=precleaned\Zabala - April 28\Screenshot_20260428_160942_Messages.jpg; source_hint=Microsoft; archive_notes=OCR extracted from screenshot; review rows where screenshot text was partially cropped or low contrast.
manual_ham_000267,drive_export/THESIS/CLEANED/cleaned_dataset.csv,267,Use verification code <OTP> for Microsoft authentication. Use verification code <OTP> for Microsoft authentication.,Use verification code <OTP> for Microsoft authentication. Use verification code <OTP> for Microsoft authentication.,unsure,otp_verification,Microsoft,unknown,English,False,False,False,False,False,imported_structured_archive_text,needs_review,screenshot_file=precleaned\Zabala - April 28\Screenshot_20260428_160942_Messages.jpg; source_hint=Microsoft; archive_notes=OCR extracted from screenshot; review rows where screenshot text was partially cropped or low contrast.
manual_ham_000268,drive_export/THESIS/CLEANED/cleaned_dataset.csv,268,Use verification code <OTP> for Microsoft authentication.,Use verification code <OTP> for Microsoft authentication.,unsure,otp_verification,Microsoft,unknown,English,False,False,False,False,False,imported_structured_archive_text,needs_review,screenshot_file=precleaned\Zabala - April 28\Screenshot_20260428_160942_Messages.jpg; source_hint=Microsoft; archive_notes=OCR extracted from screenshot; review rows where screenshot text was partially cropped or low contrast.
manual_ham_000269,drive_export/THESIS/CLEANED/cleaned_dataset.csv,269,Use verification code <OTP> for Microsoft authentication.,Use verification code <OTP> for Microsoft authentication.,unsure,otp_verification,Microsoft,unknown,English,False,False,False,False,False,imported_structured_archive_text,needs_review,screenshot_file=precleaned\Zabala - April 28\Screenshot_20260428_160942_Messages.jpg; source_hint=Microsoft; archive_notes=OCR extracted from screenshot; review rows where screenshot text was partially cropped or low contrast.
manual_ham_000270,drive_export/THESIS/CLEANED/cleaned_dataset.csv,270,Use verification code <OTP> for Microsoft authentication.,Use verification code <OTP> for Microsoft authentication.,unsure,otp_verification,Microsoft,unknown,English,False,False,False,False,False,imported_structured_archive_text,needs_review,screenshot_file=precleaned\Zabala - April 28\Screenshot_20260428_160951_Messages.jpg; source_hint=Microsoft; archive_notes=OCR extracted from screenshot; review rows where screenshot text was partially cropped or low contrast.
manual_ham_000271,drive_export/THESIS/CLEANED/cleaned_dataset.csv,271,Use verification code <OTP> for Microsoft authentication. Use verification code <OTP> for Microsoft authentication. Use verification code <OTP> for Microsoft authentication.,Use verification code <OTP> for Microsoft authentication. Use verification code <OTP> for Microsoft authentication. Use verification code <OTP> for Microsoft authentication.,unsure,otp_verification,Microsoft,unknown,English,False,False,False,False,False,imported_structured_archive_text,needs_review,screenshot_file=precleaned\Zabala - April 28\Screenshot_20260428_160951_Messages.jpg; source_hint=Microsoft; archive_notes=OCR extracted from screenshot; review rows where screenshot text was partially cropped or low contrast.
manual_ham_000272,drive_export/THESIS/CLEANED/cleaned_dataset.csv,272,1/2 29-Dec 18:25: P300 loaded to <PHONE> from XXXXXXXX8660 for 1 year. Ref:ALT572I6NT. Get MORE with PROMO LOAD in the Smart App! 2/2 Get MORE Load for less with the all NEW PROMO LOAD! Buy P300 and get a total of P333 Load valid for 30 days. Get NOW at <URL> C,1/2 29-Dec 18:25: P300 loaded to <PHONE> from XXXXXXXX8660 for 1 year. Ref:ALT572I6NT. Get MORE with PROMO LOAD in the Smart App! 2/2 Get MORE Load for less with the all NEW PROMO LOAD! Buy P300 and get a total of P333 Load valid for 30 days. Get NOW at <URL> C,unsure,telecom,Smart,Philippines,English,False,False,False,True,True,imported_structured_archive_text,needs_review,screenshot_file=precleaned\Zabala - April 28\Screenshot_20260428_161146_Messages.jpg; source_hint=Smart; archive_notes=OCR extracted from screenshot; review rows where screenshot text was partially cropped or low contrast.
manual_ham_000273,drive_export/THESIS/CLEANED/cleaned_dataset.csv,273,Tap to load preview,Tap to load preview,unsure,telecom,Unknown,unknown,English,False,False,False,False,False,imported_structured_archive_text,needs_review,screenshot_file=precleaned\Zabala - April 28\Screenshot_20260428_161146_Messages.jpg; source_hint=Unknown; archive_notes=OCR extracted from screenshot; review rows where screenshot text was partially cropped or low contrast.
manual_ham_000274,drive_export/THESIS/CLEANED/cleaned_dataset.csv,274,1/2 21-Jan 08:49: P115 loaded to <PHONE> from XXXXXXXX8660 for 1 year. Ref:BAL49HHY30. Get MORE with PROMO LOAD in the Smart App! 2/2 Get MORE Load for less with the all NEW PROMO LOAD! Buy P300 and get a total of P333 Load valid for 30 days. Get NOW at <URL>,1/2 21-Jan 08:49: P115 loaded to <PHONE> from XXXXXXXX8660 for 1 year. Ref:BAL49HHY30. Get MORE with PROMO LOAD in the Smart App! 2/2 Get MORE Load for less with the all NEW PROMO LOAD! Buy P300 and get a total of P333 Load valid for 30 days. Get NOW at <URL>,unsure,telecom,Smart,Philippines,English,False,False,False,True,True,imported_structured_archive_text,needs_review,screenshot_file=precleaned\Zabala - April 28\Screenshot_20260428_161146_Messages.jpg; source_hint=Smart; archive_notes=OCR extracted from screenshot; review rows where screenshot text was partially cropped or low contrast.
manual_ham_000275,drive_export/THESIS/CLEANED/cleaned_dataset.csv,275,1/2 O7-Feb 21:30: P300 loaded to <PHONE> from XXXXXXXX8660 for 1 year. Ref:BB76BDDJXW. Get MORE with PROMO LOAD in the Smart App! 2/2 Get MORE Load for less with the all NEW PROMO LOAD! Buy P300 and get a total of P333 Load valid for 30 days. Get NOW at <URL> C Tap to load preview,1/2 O7-Feb 21:30: P300 loaded to <PHONE> from XXXXXXXX8660 for 1 year. Ref:BB76BDDJXW. Get MORE with PROMO LOAD in the Smart App! 2/2 Get MORE Load for less with the all NEW PROMO LOAD! Buy P300 and get a total of P333 Load valid for 30 days. Get NOW at <URL> C Tap to load preview,unsure,telecom,Smart,Philippines,English,False,False,False,True,True,imported_structured_archive_text,needs_review,screenshot_file=precleaned\Zabala - April 28\Screenshot_20260428_161157_Messages.jpg; source_hint=Smart; archive_notes=OCR extracted from screenshot; review rows where screenshot text was partially cropped or low contrast.
manual_ham_000276,drive_export/THESIS/CLEANED/cleaned_dataset.csv,276,1/2 06-Mar 14:04: P300 loaded to <PHONE> from XXXXXXXX7017 for 1 year. Ref:BC63E9IT6R. Get MORE with PROMO LOAD in the Smart App! 2/2 Get MORE Load for less with the all NEW PROMO LOAD! Buy P300 and get a total of P333 Load valid for 30 days. Get NOW at <URL>,1/2 06-Mar 14:04: P300 loaded to <PHONE> from XXXXXXXX7017 for 1 year. Ref:BC63E9IT6R. Get MORE with PROMO LOAD in the Smart App! 2/2 Get MORE Load for less with the all NEW PROMO LOAD! Buy P300 and get a total of P333 Load valid for 30 days. Get NOW at <URL>,unsure,telecom,Smart,Philippines,English,False,False,False,True,True,imported_structured_archive_text,needs_review,screenshot_file=precleaned\Zabala - April 28\Screenshot_20260428_161157_Messages.jpg; source_hint=Smart; archive_notes=OCR extracted from screenshot; review rows where screenshot text was partially cropped or low contrast.
manual_ham_000277,drive_export/THESIS/CLEANED/cleaned_dataset.csv,277,1/2 24-Mar 17:01: P300 loaded to <PHONE> from XXXXXXXXO0245 for 1 year. Ref:BCO6G541J6. Get MORE with PROMO LOAD in the Smart App! 2/2 Get MORE Load for less with the all NEW PROMO LOAD! Buy P300 and get a total of P333 Load valid for 30 days. Get NOW at <URL> Cc Tap to load preview,1/2 24-Mar 17:01: P300 loaded to <PHONE> from XXXXXXXXO0245 for 1 year. Ref:BCO6G541J6. Get MORE with PROMO LOAD in the Smart App! 2/2 Get MORE Load for less with the all NEW PROMO LOAD! Buy P300 and get a total of P333 Load valid for 30 days. Get NOW at <URL> Cc Tap to load preview,unsure,telecom,Smart,Philippines,English,False,False,False,True,True,imported_structured_archive_text,needs_review,screenshot_file=precleaned\Zabala - April 28\Screenshot_20260428_161205_Messages.jpg; source_hint=Smart; archive_notes=OCR extracted from screenshot; review rows where screenshot text was partially cropped or low contrast.
manual_ham_000278,drive_export/THESIS/CLEANED/cleaned_dataset.csv,278,2/2 Get MORE Load for less with the all NEW PROMO LOAD! Buy P300 and get a total of P333 Load valid for 30 days. Get NOW at <URL> C Tap to load preview 1/2 08-Apr 18:56: P300 loaded to <PHONE> from XXXXXXXX8660 for 1 year. Ref:BD82HOEAOM. Get MORE with PROMO LOAD in the Smart App!,2/2 Get MORE Load for less with the all NEW PROMO LOAD! Buy P300 and get a total of P333 Load valid for 30 days. Get NOW at <URL> C Tap to load preview 1/2 08-Apr 18:56: P300 loaded to <PHONE> from XXXXXXXX8660 for 1 year. Ref:BD82HOEAOM. Get MORE with PROMO LOAD in the Smart App!,unsure,telecom,Smart,Philippines,English,False,False,False,True,True,imported_structured_archive_text,needs_review,screenshot_file=precleaned\Zabala - April 28\Screenshot_20260428_161205_Messages.jpg; source_hint=Smart; archive_notes=OCR extracted from screenshot; review rows where screenshot text was partially cropped or low contrast.
manual_ham_000279,drive_export/THESIS/CLEANED/cleaned_dataset.csv,279,2/2 Get MORE Load for less with the all NEW PROMO LOAD! Buy P300 and get a total of P333 Load valid for 30 days. Get NOW at <URL> Cc,2/2 Get MORE Load for less with the all NEW PROMO LOAD! Buy P300 and get a total of P333 Load valid for 30 days. Get NOW at <URL> Cc,unsure,telecom,Unknown,unknown,English,False,False,False,True,False,imported_structured_archive_text,needs_review,screenshot_file=precleaned\Zabala - April 28\Screenshot_20260428_161214_Messages.jpg; source_hint=Unknown; archive_notes=OCR extracted from screenshot; review rows where screenshot text was partially cropped or low contrast.
manual_ham_000280,drive_export/THESIS/CLEANED/cleaned_dataset.csv,280,Tap to load preview 1/2 21-Jun 18:55: P300 loaded to <PHONE> from XXXXXXXX7017 for 1 year. Ref:BFL7P3UKFJ. Get MORE with PROMO LOAD in the Smart App!,Tap to load preview 1/2 21-Jun 18:55: P300 loaded to <PHONE> from XXXXXXXX7017 for 1 year. Ref:BFL7P3UKFJ. Get MORE with PROMO LOAD in the Smart App!,unsure,telecom,Smart,Philippines,English,False,False,False,True,True,imported_structured_archive_text,needs_review,screenshot_file=precleaned\Zabala - April 28\Screenshot_20260428_161214_Messages.jpg; source_hint=Smart; archive_notes=OCR extracted from screenshot; review rows where screenshot text was partially cropped or low contrast.
manual_ham_000281,drive_export/THESIS/CLEANED/cleaned_dataset.csv,281,1/2 28-Jul 17:52: P300 loaded to <PHONE> from XXXXXXXX1336 for 1 year. Ref:BGS3SOGQDL. Get MORE with PROMO LOAD in the Smart App! 2/2 Do it ALL with POWER ALL! Enjoy up to 30 Days of FREE TikTok + 20 GB + Unli Calls & Texts. Get it NOW at <URL>,1/2 28-Jul 17:52: P300 loaded to <PHONE> from XXXXXXXX1336 for 1 year. Ref:BGS3SOGQDL. Get MORE with PROMO LOAD in the Smart App! 2/2 Do it ALL with POWER ALL! Enjoy up to 30 Days of FREE TikTok + 20 GB + Unli Calls & Texts. Get it NOW at <URL>,unsure,telecom,TikTok,Philippines,English,False,False,False,True,True,imported_structured_archive_text,needs_review,screenshot_file=precleaned\Zabala - April 28\Screenshot_20260428_161214_Messages.jpg; source_hint=TikTok; archive_notes=OCR extracted from screenshot; review rows where screenshot text was partially cropped or low contrast.
manual_ham_000282,drive_export/THESIS/CLEANED/cleaned_dataset.csv,282,"2/2 Stay always connected! Manage your subscriptions and check out the Smart App for Bigger & Longer Data, No Expiry offers and MORE! <URL> C Tap to load preview","2/2 Stay always connected! Manage your subscriptions and check out the Smart App for Bigger & Longer Data, No Expiry offers and MORE! <URL> C Tap to load preview",unsure,telecom,Smart,Philippines,English,False,False,False,False,False,imported_structured_archive_text,needs_review,screenshot_file=precleaned\Zabala - April 28\Screenshot_20260428_161223_Messages.jpg; source_hint=Smart; archive_notes=OCR extracted from screenshot; review rows where screenshot text was partially cropped or low contrast.
manual_ham_000283,drive_export/THESIS/CLEANED/cleaned_dataset.csv,283,1/2 03-Sep 16:02: P200 loaded to <PHONE> from XXXXXXXX1336 for 1 year. Ref:BIS9W8FBFD. Get MORE with PROMO LOAD in the Smart App!,1/2 03-Sep 16:02: P200 loaded to <PHONE> from XXXXXXXX1336 for 1 year. Ref:BIS9W8FBFD. Get MORE with PROMO LOAD in the Smart App!,unsure,telecom,Smart,Philippines,English,False,False,False,True,True,imported_structured_archive_text,needs_review,screenshot_file=precleaned\Zabala - April 28\Screenshot_20260428_161223_Messages.jpg; source_hint=Smart; archive_notes=OCR extracted from screenshot; review rows where screenshot text was partially cropped or low contrast.
manual_ham_000284,drive_export/THESIS/CLEANED/cleaned_dataset.csv,284,"1/2 17-Oct 10:30: P300 loaded to <PHONE> from XXXXXXXX1336 for 1 year. Ref:BJH13863R9. Get MORE with PROMO LOAD in the Smart App! 2/2 Stay always connected! Manage your subscriptions and check out the Smart App for Bigger & Longer Data, No Expiry offers and MORE! <URL>","1/2 17-Oct 10:30: P300 loaded to <PHONE> from XXXXXXXX1336 for 1 year. Ref:BJH13863R9. Get MORE with PROMO LOAD in the Smart App! 2/2 Stay always connected! Manage your subscriptions and check out the Smart App for Bigger & Longer Data, No Expiry offers and MORE! <URL>",unsure,telecom,Smart,Philippines,English,False,False,False,True,True,imported_structured_archive_text,needs_review,screenshot_file=precleaned\Zabala - April 28\Screenshot_20260428_161223_Messages.jpg; source_hint=Smart; archive_notes=OCR extracted from screenshot; review rows where screenshot text was partially cropped or low contrast.
manual_ham_000285,drive_export/THESIS/CLEANED/cleaned_dataset.csv,285,"1/2 13-Dec 17:09: P200 loaded to <PHONE> from XXXXXXXX1336 for 1 year. Ref:BLDO8KWBEO. Get MORE with PROMO LOAD in the Smart App! 2/2 Stay always connected! Manage your subscriptions and check out the Smart App for Bigger & Longer Data, No Expiry offers and MORE! <URL> C","1/2 13-Dec 17:09: P200 loaded to <PHONE> from XXXXXXXX1336 for 1 year. Ref:BLDO8KWBEO. Get MORE with PROMO LOAD in the Smart App! 2/2 Stay always connected! Manage your subscriptions and check out the Smart App for Bigger & Longer Data, No Expiry offers and MORE! <URL> C",unsure,telecom,Smart,Philippines,English,False,False,False,True,True,imported_structured_archive_text,needs_review,screenshot_file=precleaned\Zabala - April 28\Screenshot_20260428_161232_Messages.jpg; source_hint=Smart; archive_notes=OCR extracted from screenshot; review rows where screenshot text was partially cropped or low contrast.
manual_ham_000286,drive_export/THESIS/CLEANED/cleaned_dataset.csv,286,Tap to load preview,Tap to load preview,unsure,telecom,Unknown,unknown,English,False,False,False,False,False,imported_structured_archive_text,needs_review,screenshot_file=precleaned\Zabala - April 28\Screenshot_20260428_161232_Messages.jpg; source_hint=Unknown; archive_notes=OCR extracted from screenshot; review rows where screenshot text was partially cropped or low contrast.
manual_ham_000287,drive_export/THESIS/CLEANED/cleaned_dataset.csv,287,"1/2 02-Jan 01:48: P200 loaded to <PHONE> from XXXXXXXX1336 for 1 year. Ref:CA22ADZ7TI. Get MORE with PROMO LOAD in the Smart App! 2/2 Stay always connected! Manage your subscriptions and check out the Smart App for Bigger & Longer Data, No Expiry offers and MORE! <URL>","1/2 02-Jan 01:48: P200 loaded to <PHONE> from XXXXXXXX1336 for 1 year. Ref:CA22ADZ7TI. Get MORE with PROMO LOAD in the Smart App! 2/2 Stay always connected! Manage your subscriptions and check out the Smart App for Bigger & Longer Data, No Expiry offers and MORE! <URL>",unsure,telecom,Smart,Philippines,English,False,False,False,True,True,imported_structured_archive_text,needs_review,screenshot_file=precleaned\Zabala - April 28\Screenshot_20260428_161232_Messages.jpg; source_hint=Smart; archive_notes=OCR extracted from screenshot; review rows where screenshot text was partially cropped or low contrast.
manual_ham_000288,drive_export/THESIS/CLEANED/cleaned_dataset.csv,288,"1/2 15-Jan 01:12: P300 loaded to <PHONE> from XXXXXXXX1336 for 1 year. Ref:CAFOBL4266. Get MORE with PROMO LOAD in the Smart App! 2/2 Stay always connected! Manage your subscriptions and check out the Smart App for Bigger & Longer Data, No Expiry offers and MORE! <URL> C Tap to load preview","1/2 15-Jan 01:12: P300 loaded to <PHONE> from XXXXXXXX1336 for 1 year. Ref:CAFOBL4266. Get MORE with PROMO LOAD in the Smart App! 2/2 Stay always connected! Manage your subscriptions and check out the Smart App for Bigger & Longer Data, No Expiry offers and MORE! <URL> C Tap to load preview",unsure,telecom,Smart,Philippines,English,False,False,False,True,True,imported_structured_archive_text,needs_review,screenshot_file=precleaned\Zabala - April 28\Screenshot_20260428_161240_Messages.jpg; source_hint=Smart; archive_notes=OCR extracted from screenshot; review rows where screenshot text was partially cropped or low contrast.
manual_ham_000289,drive_export/THESIS/CLEANED/cleaned_dataset.csv,289,"1/2 05-Feb 13:19: P300 loaded to <PHONE> from XXXXXXXX1336 for 1 year. Ref:CB56DJX3TO. Get MORE with PROMO LOAD in the Smart App! 2/2 Stay always connected! Manage your subscriptions and check out the Smart App for Bigger & Longer Data, No Expiry offers and MORE! <URL>","1/2 05-Feb 13:19: P300 loaded to <PHONE> from XXXXXXXX1336 for 1 year. Ref:CB56DJX3TO. Get MORE with PROMO LOAD in the Smart App! 2/2 Stay always connected! Manage your subscriptions and check out the Smart App for Bigger & Longer Data, No Expiry offers and MORE! <URL>",unsure,telecom,Smart,Philippines,English,False,False,False,True,True,imported_structured_archive_text,needs_review,screenshot_file=precleaned\Zabala - April 28\Screenshot_20260428_161240_Messages.jpg; source_hint=Smart; archive_notes=OCR extracted from screenshot; review rows where screenshot text was partially cropped or low contrast.
manual_ham_000290,drive_export/THESIS/CLEANED/cleaned_dataset.csv,290,"1/2 12-Feb 14:29: P300 loaded to <PHONE> from XXXXXXXX1336 for 1 year. Ref:CBC7E6GOLF. Get MORE with PROMO LOAD in the Smart App! 2/2 Stay always connected! Manage your subscriptions and check out the Smart App for Bigger & Longer Data, No Expiry offers and MORE! <URL> C Tap to load preview","1/2 12-Feb 14:29: P300 loaded to <PHONE> from XXXXXXXX1336 for 1 year. Ref:CBC7E6GOLF. Get MORE with PROMO LOAD in the Smart App! 2/2 Stay always connected! Manage your subscriptions and check out the Smart App for Bigger & Longer Data, No Expiry offers and MORE! <URL> C Tap to load preview",unsure,telecom,Smart,Philippines,English,False,False,False,True,True,imported_structured_archive_text,needs_review,screenshot_file=precleaned\Zabala - April 28\Screenshot_20260428_161252_Messages.jpg; source_hint=Smart; archive_notes=OCR extracted from screenshot; review rows where screenshot text was partially cropped or low contrast.
manual_ham_000291,drive_export/THESIS/CLEANED/cleaned_dataset.csv,291,"2/2 Stay always connected! Manage your subscriptions and check out the Smart App for Bigger & Longer Data, No Expiry offers and MORE! <URL> C Tap to load preview 1/2 03-Mar 13:49: P300 loaded to <PHONE> from XXXXXXXX1336 for 1 year. Ref:CC34FV1IYC6. Get MORE with PROMO LOAD in the Smart App!","2/2 Stay always connected! Manage your subscriptions and check out the Smart App for Bigger & Longer Data, No Expiry offers and MORE! <URL> C Tap to load preview 1/2 03-Mar 13:49: P300 loaded to <PHONE> from XXXXXXXX1336 for 1 year. Ref:CC34FV1IYC6. Get MORE with PROMO LOAD in the Smart App!",unsure,telecom,Smart,Philippines,English,False,False,False,True,True,imported_structured_archive_text,needs_review,screenshot_file=precleaned\Zabala - April 28\Screenshot_20260428_161252_Messages.jpg; source_hint=Smart; archive_notes=OCR extracted from screenshot; review rows where screenshot text was partially cropped or low contrast.
manual_ham_000292,drive_export/THESIS/CLEANED/cleaned_dataset.csv,292,"2/2 Stay always connected! Manage your subscriptions and check out the Smart App for Bigger & Longer Data, No Expiry offers and MORE! <URL> C Tap to load preview","2/2 Stay always connected! Manage your subscriptions and check out the Smart App for Bigger & Longer Data, No Expiry offers and MORE! <URL> C Tap to load preview",unsure,telecom,Smart,Philippines,English,False,False,False,False,False,imported_structured_archive_text,needs_review,screenshot_file=precleaned\Zabala - April 28\Screenshot_20260428_161302_Messages.jpg; source_hint=Smart; archive_notes=OCR extracted from screenshot; review rows where screenshot text was partially cropped or low contrast.
manual_ham_000293,drive_export/THESIS/CLEANED/cleaned_dataset.csv,293,1/2 15-Mar 16:35: P300 loaded to <PHONE> from XXXXXXXX1336 for 1 year. Ref: CCF6GZOPAO. Get MORE with PROMO LOAD in the Smart App!,1/2 15-Mar 16:35: P300 loaded to <PHONE> from XXXXXXXX1336 for 1 year. Ref: CCF6GZOPAO. Get MORE with PROMO LOAD in the Smart App!,unsure,telecom,Smart,Philippines,English,False,False,False,True,True,imported_structured_archive_text,needs_review,screenshot_file=precleaned\Zabala - April 28\Screenshot_20260428_161302_Messages.jpg; source_hint=Smart; archive_notes=OCR extracted from screenshot; review rows where screenshot text was partially cropped or low contrast.
manual_ham_000294,drive_export/THESIS/CLEANED/cleaned_dataset.csv,294,"1/2 29-Mar 22:40: P500 loaded to <PHONE> from XXXXXXXX1336 for 1 year. Ref:CCT3IAN2V9. Get MORE with PROMO LOAD in the Smart App! 2/2 Stay always connected! Manage your subscriptions and check out the Smart App for Bigger & Longer Data, No Expiry offers and MORE! <URL>","1/2 29-Mar 22:40: P500 loaded to <PHONE> from XXXXXXXX1336 for 1 year. Ref:CCT3IAN2V9. Get MORE with PROMO LOAD in the Smart App! 2/2 Stay always connected! Manage your subscriptions and check out the Smart App for Bigger & Longer Data, No Expiry offers and MORE! <URL>",unsure,telecom,Smart,Philippines,English,False,False,False,True,True,imported_structured_archive_text,needs_review,screenshot_file=precleaned\Zabala - April 28\Screenshot_20260428_161302_Messages.jpg; source_hint=Smart; archive_notes=OCR extracted from screenshot; review rows where screenshot text was partially cropped or low contrast.
manual_ham_000295,drive_export/THESIS/CLEANED/cleaned_dataset.csv,295,"1/2 29-Mar 22:42: P100 loaded to <PHONE> from XXXXXXXX1336 for 1 year. Ref:CCTZIANIGE. Get MORE with PROMO LOAD in the Smart App! 2/2 Stay always connected! Manage your subscriptions and check out the Smart App for Bigger & Longer Data, No Expiry offers and MORE! <URL> C","1/2 29-Mar 22:42: P100 loaded to <PHONE> from XXXXXXXX1336 for 1 year. Ref:CCTZIANIGE. Get MORE with PROMO LOAD in the Smart App! 2/2 Stay always connected! Manage your subscriptions and check out the Smart App for Bigger & Longer Data, No Expiry offers and MORE! <URL> C",unsure,telecom,Smart,Philippines,English,False,False,False,True,True,imported_structured_archive_text,needs_review,screenshot_file=precleaned\Zabala - April 28\Screenshot_20260428_161314_Messages.jpg; source_hint=Smart; archive_notes=OCR extracted from screenshot; review rows where screenshot text was partially cropped or low contrast.
manual_ham_000296,drive_export/THESIS/CLEANED/cleaned_dataset.csv,296,Tap to load preview,Tap to load preview,unsure,telecom,Unknown,unknown,English,False,False,False,False,False,imported_structured_archive_text,needs_review,screenshot_file=precleaned\Zabala - April 28\Screenshot_20260428_161314_Messages.jpg; source_hint=Unknown; archive_notes=OCR extracted from screenshot; review rows where screenshot text was partially cropped or low contrast.
manual_ham_000297,drive_export/THESIS/CLEANED/cleaned_dataset.csv,297,"1/2 05-Apr 19:20: P200 loaded to <PHONE> from XXXXXXXX1336 for 1 year. Ref:CD57IWVG2D. Get MORE with PROMO LOAD in the Smart App! 2/2 Stay always connected! Manage your subscriptions and check out the Smart App for Bigger & Longer Data, No Expiry offers and MORE! <URL>","1/2 05-Apr 19:20: P200 loaded to <PHONE> from XXXXXXXX1336 for 1 year. Ref:CD57IWVG2D. Get MORE with PROMO LOAD in the Smart App! 2/2 Stay always connected! Manage your subscriptions and check out the Smart App for Bigger & Longer Data, No Expiry offers and MORE! <URL>",unsure,telecom,Smart,Philippines,English,False,False,False,True,True,imported_structured_archive_text,needs_review,screenshot_file=precleaned\Zabala - April 28\Screenshot_20260428_161314_Messages.jpg; source_hint=Smart; archive_notes=OCR extracted from screenshot; review rows where screenshot text was partially cropped or low contrast.
manual_ham_000298,drive_export/THESIS/CLEANED/cleaned_dataset.csv,298,"1/2 O7-May 10:38: P300 loaded to <PHONE> from XXXXXXXX7438 for 1 year. Ref:CE75LPS10B. Get MORE with PROMO LOAD in the Smart App! 2/2 Stay always connected! Manage your subscriptions and check out the Smart App for Bigger & Longer Data, No Expiry offers and MORE! <URL> C Tap to load preview","1/2 O7-May 10:38: P300 loaded to <PHONE> from XXXXXXXX7438 for 1 year. Ref:CE75LPS10B. Get MORE with PROMO LOAD in the Smart App! 2/2 Stay always connected! Manage your subscriptions and check out the Smart App for Bigger & Longer Data, No Expiry offers and MORE! <URL> C Tap to load preview",unsure,telecom,Smart,Philippines,English,False,False,False,True,True,imported_structured_archive_text,needs_review,screenshot_file=precleaned\Zabala - April 28\Screenshot_20260428_161323_Messages.jpg; source_hint=Smart; archive_notes=OCR extracted from screenshot; review rows where screenshot text was partially cropped or low contrast.
manual_ham_000299,drive_export/THESIS/CLEANED/cleaned_dataset.csv,299,"1/2 13-May 12:50: P200 loaded to <PHONE> from XXXXXXXX7438 for 1 year. Ref: CEDIMAJJVP. Get MORE with PROMO LOAD in the Smart App! 2/2 Stay always connected! Manage your subscriptions and check out the Smart App for Bigger & Longer Data, No Expiry offers and MORE! <URL>","1/2 13-May 12:50: P200 loaded to <PHONE> from XXXXXXXX7438 for 1 year. Ref: CEDIMAJJVP. Get MORE with PROMO LOAD in the Smart App! 2/2 Stay always connected! Manage your subscriptions and check out the Smart App for Bigger & Longer Data, No Expiry offers and MORE! <URL>",unsure,telecom,Smart,Philippines,English,False,False,False,True,True,imported_structured_archive_text,needs_review,screenshot_file=precleaned\Zabala - April 28\Screenshot_20260428_161323_Messages.jpg; source_hint=Smart; archive_notes=OCR extracted from screenshot; review rows where screenshot text was partially cropped or low contrast.
manual_ham_000300,drive_export/THESIS/CLEANED/cleaned_dataset.csv,300,"1/2 06-Jun 20:05: P200 loaded to <PHONE> from XXXXXXXX7438 for 1 year. Ref:CF610F4VRP. Get MORE with PROMO LOAD in the Smart App! 2/2 Stay always connected! Manage your subscriptions and check out the Smart App for Bigger & Longer Data, No Expiry offers and MORE! <URL> C Tap to load preview","1/2 06-Jun 20:05: P200 loaded to <PHONE> from XXXXXXXX7438 for 1 year. Ref:CF610F4VRP. Get MORE with PROMO LOAD in the Smart App! 2/2 Stay always connected! Manage your subscriptions and check out the Smart App for Bigger & Longer Data, No Expiry offers and MORE! <URL> C Tap to load preview",unsure,telecom,Smart,Philippines,English,False,False,False,True,True,imported_structured_archive_text,needs_review,screenshot_file=precleaned\Zabala - April 28\Screenshot_20260428_161333_Messages.jpg; source_hint=Smart; archive_notes=OCR extracted from screenshot; review rows where screenshot text was partially cropped or low contrast.
manual_ham_000301,drive_export/THESIS/CLEANED/cleaned_dataset.csv,301,"1/2 10-Jun 12:36: P200 loaded to <PHONE> from XXXXXXXX7438 for 1 year. Ref:;CFAIOQ5BYL. Get MORE with PROMO LOAD in the Smart App! 2/2 Stay always connected! Manage your subscriptions and check out the Smart App for Bigger & Longer Data, No Expiry offers and MORE! <URL>","1/2 10-Jun 12:36: P200 loaded to <PHONE> from XXXXXXXX7438 for 1 year. Ref:;CFAIOQ5BYL. Get MORE with PROMO LOAD in the Smart App! 2/2 Stay always connected! Manage your subscriptions and check out the Smart App for Bigger & Longer Data, No Expiry offers and MORE! <URL>",unsure,telecom,Smart,Philippines,English,False,False,False,True,True,imported_structured_archive_text,needs_review,screenshot_file=precleaned\Zabala - April 28\Screenshot_20260428_161333_Messages.jpg; source_hint=Smart; archive_notes=OCR extracted from screenshot; review rows where screenshot text was partially cropped or low contrast.
manual_ham_000302,drive_export/THESIS/CLEANED/cleaned_dataset.csv,302,"1/2 15-Aug 12:31: P200 loaded to <PHONE> from XXXXXXXX2950 for 1 year. Ref:;CHF6UDJ2WU. Get MORE with PROMO LOAD in the Smart App! 2/2 Stay always connected! Manage your subscriptions and check out the Smart App for Bigger & Longer Data, No Expiry offers and MORE! <URL> C","1/2 15-Aug 12:31: P200 loaded to <PHONE> from XXXXXXXX2950 for 1 year. Ref:;CHF6UDJ2WU. Get MORE with PROMO LOAD in the Smart App! 2/2 Stay always connected! Manage your subscriptions and check out the Smart App for Bigger & Longer Data, No Expiry offers and MORE! <URL> C",unsure,telecom,Smart,Philippines,English,False,False,False,True,True,imported_structured_archive_text,needs_review,screenshot_file=precleaned\Zabala - April 28\Screenshot_20260428_161342_Messages.jpg; source_hint=Smart; archive_notes=OCR extracted from screenshot; review rows where screenshot text was partially cropped or low contrast.
manual_ham_000303,drive_export/THESIS/CLEANED/cleaned_dataset.csv,303,Tap to load preview,Tap to load preview,unsure,telecom,Unknown,unknown,English,False,False,False,False,False,imported_structured_archive_text,needs_review,screenshot_file=precleaned\Zabala - April 28\Screenshot_20260428_161342_Messages.jpg; source_hint=Unknown; archive_notes=OCR extracted from screenshot; review rows where screenshot text was partially cropped or low contrast.
manual_ham_000304,drive_export/THESIS/CLEANED/cleaned_dataset.csv,304,"1/2 27-Aug 18:05: P300 loaded to <PHONE> from XXXXXXXX7438 for 1 year. Ref:;CHRIVEZPOR. Get MORE with PROMO LOAD in the Smart App! 2/2 Stay always connected! Manage your subscriptions and check out the Smart App for Bigger & Longer Data, No Expiry offers and MORE! <URL>","1/2 27-Aug 18:05: P300 loaded to <PHONE> from XXXXXXXX7438 for 1 year. Ref:;CHRIVEZPOR. Get MORE with PROMO LOAD in the Smart App! 2/2 Stay always connected! Manage your subscriptions and check out the Smart App for Bigger & Longer Data, No Expiry offers and MORE! <URL>",unsure,telecom,Smart,Philippines,English,False,False,False,True,True,imported_structured_archive_text,needs_review,screenshot_file=precleaned\Zabala - April 28\Screenshot_20260428_161342_Messages.jpg; source_hint=Smart; archive_notes=OCR extracted from screenshot; review rows where screenshot text was partially cropped or low contrast.
manual_ham_000305,drive_export/THESIS/CLEANED/cleaned_dataset.csv,305,"1/2 16-Sep 17:51: P300 loaded to <PHONE> from XXXXXXXX7438 for 1 year. Ref:CIG7016RAX. Get MORE with PROMO LOAD in the Smart App! 2/2 Stay always connected! Manage your subscriptions and check out the Smart App for Bigger & Longer Data, No Expiry offers and MORE! <URL> C Tap to load preview","1/2 16-Sep 17:51: P300 loaded to <PHONE> from XXXXXXXX7438 for 1 year. Ref:CIG7016RAX. Get MORE with PROMO LOAD in the Smart App! 2/2 Stay always connected! Manage your subscriptions and check out the Smart App for Bigger & Longer Data, No Expiry offers and MORE! <URL> C Tap to load preview",unsure,telecom,Smart,Philippines,English,False,False,False,True,True,imported_structured_archive_text,needs_review,screenshot_file=precleaned\Zabala - April 28\Screenshot_20260428_161350_Messages.jpg; source_hint=Smart; archive_notes=OCR extracted from screenshot; review rows where screenshot text was partially cropped or low contrast.
manual_ham_000306,drive_export/THESIS/CLEANED/cleaned_dataset.csv,306,"1/2 04-Oct 02:21: P300 loaded to <PHONE> from XXXXXXXX7438 for 1 year. Ref:CJ44111XJ2. Get MORE with PROMO LOAD in the Smart App! 2/2 Stay always connected! Manage your subscriptions and check out the Smart App for Bigger & Longer Data, No Expiry offers and MORE! <URL>","1/2 04-Oct 02:21: P300 loaded to <PHONE> from XXXXXXXX7438 for 1 year. Ref:CJ44111XJ2. Get MORE with PROMO LOAD in the Smart App! 2/2 Stay always connected! Manage your subscriptions and check out the Smart App for Bigger & Longer Data, No Expiry offers and MORE! <URL>",unsure,telecom,Smart,Philippines,English,False,False,False,True,True,imported_structured_archive_text,needs_review,screenshot_file=precleaned\Zabala - April 28\Screenshot_20260428_161350_Messages.jpg; source_hint=Smart; archive_notes=OCR extracted from screenshot; review rows where screenshot text was partially cropped or low contrast.
manual_ham_000307,drive_export/THESIS/CLEANED/cleaned_dataset.csv,307,"1/2 30-Oct 10:38: P300 loaded to <PHONE> from XXXXXXXX7438 for 1 year. Ref:CJU33Q9QFT. Get MORE with PROMO LOAD in the Smart App! 2/2 Stay always connected! Manage your subscriptions and check out the Smart App for Bigger & Longer Data, No Expiry offers and MORE! <URL> C Tap to load preview s——_ A Unread ii","1/2 30-Oct 10:38: P300 loaded to <PHONE> from XXXXXXXX7438 for 1 year. Ref:CJU33Q9QFT. Get MORE with PROMO LOAD in the Smart App! 2/2 Stay always connected! Manage your subscriptions and check out the Smart App for Bigger & Longer Data, No Expiry offers and MORE! <URL> C Tap to load preview s——_ A Unread ii",unsure,telecom,Smart,Philippines,English,False,False,False,True,True,imported_structured_archive_text,needs_review,screenshot_file=precleaned\Zabala - April 28\Screenshot_20260428_161358_Messages.jpg; source_hint=Smart; archive_notes=OCR extracted from screenshot; review rows where screenshot text was partially cropped or low contrast.
manual_ham_000308,drive_export/THESIS/CLEANED/cleaned_dataset.csv,308,"1/2 25-Nov 17:21: P300 loaded to <PHONE> from XXXXXXXX7438 for 1 year. Ref:;CKP85ZJPV8. Get MORE with PROMO LOAD in the Smart App! 2/2 Stay always connected! Manage your subscriptions and check out the Smart App for Bigger & Longer Data, No Expiry offers and MORE! <URL>","1/2 25-Nov 17:21: P300 loaded to <PHONE> from XXXXXXXX7438 for 1 year. Ref:;CKP85ZJPV8. Get MORE with PROMO LOAD in the Smart App! 2/2 Stay always connected! Manage your subscriptions and check out the Smart App for Bigger & Longer Data, No Expiry offers and MORE! <URL>",unsure,telecom,Smart,Philippines,English,False,False,False,True,True,imported_structured_archive_text,needs_review,screenshot_file=precleaned\Zabala - April 28\Screenshot_20260428_161358_Messages.jpg; source_hint=Smart; archive_notes=OCR extracted from screenshot; review rows where screenshot text was partially cropped or low contrast.
manual_ham_000309,drive_export/THESIS/CLEANED/cleaned_dataset.csv,309,"2/2 Stay always connected! Manage your subscriptions and check out the Smart App for Bigger & Longer Data, No Expiry offers and MORE! <URL> C Tap to load preview 1/2 18-Dec 21:42: P300 loaded to <PHONE> from XXXXXXXX7438 for 1 year. Ref:CLI77Z23RN. Get MORE with PROMO LOAD in the Smart App!","2/2 Stay always connected! Manage your subscriptions and check out the Smart App for Bigger & Longer Data, No Expiry offers and MORE! <URL> C Tap to load preview 1/2 18-Dec 21:42: P300 loaded to <PHONE> from XXXXXXXX7438 for 1 year. Ref:CLI77Z23RN. Get MORE with PROMO LOAD in the Smart App!",unsure,telecom,Smart,Philippines,English,False,False,False,True,True,imported_structured_archive_text,needs_review,screenshot_file=precleaned\Zabala - April 28\Screenshot_20260428_161406_Messages.jpg; source_hint=Smart; archive_notes=OCR extracted from screenshot; review rows where screenshot text was partially cropped or low contrast.
manual_ham_000310,drive_export/THESIS/CLEANED/cleaned_dataset.csv,310,"1/2 22-Dec 18:38: P300 loaded to <PHONE> from XXXXXXXX7438 for 1 year. Ref: CLM48AWRSY. Get MORE with PROMO LOAD in the Smart App! 2/2 Stay always connected! Manage your subscriptions and check out the Smart App for Bigger & Longer Data, No Expiry offers and MORE! <URL>","1/2 22-Dec 18:38: P300 loaded to <PHONE> from XXXXXXXX7438 for 1 year. Ref: CLM48AWRSY. Get MORE with PROMO LOAD in the Smart App! 2/2 Stay always connected! Manage your subscriptions and check out the Smart App for Bigger & Longer Data, No Expiry offers and MORE! <URL>",unsure,telecom,Smart,Philippines,English,False,False,False,True,True,imported_structured_archive_text,needs_review,screenshot_file=precleaned\Zabala - April 28\Screenshot_20260428_161406_Messages.jpg; source_hint=Smart; archive_notes=OCR extracted from screenshot; review rows where screenshot text was partially cropped or low contrast.
manual_ham_000311,drive_export/THESIS/CLEANED/cleaned_dataset.csv,311,"1/2 14-Jan 16:42: P300 loaded to <PHONE> from XXXXXXXX7438 for 1 year. Ref:DAE3A6ZSD1. Get MORE with PROMO LOAD in the Smart App! 2/2 Stay always connected! Manage your subscriptions and check out the Smart App for Bigger & Longer Data, No Expiry offers and MORE! <URL> C Tap to load preview","1/2 14-Jan 16:42: P300 loaded to <PHONE> from XXXXXXXX7438 for 1 year. Ref:DAE3A6ZSD1. Get MORE with PROMO LOAD in the Smart App! 2/2 Stay always connected! Manage your subscriptions and check out the Smart App for Bigger & Longer Data, No Expiry offers and MORE! <URL> C Tap to load preview",unsure,telecom,Smart,Philippines,English,False,False,False,True,True,imported_structured_archive_text,needs_review,screenshot_file=precleaned\Zabala - April 28\Screenshot_20260428_161414_Messages.jpg; source_hint=Smart; archive_notes=OCR extracted from screenshot; review rows where screenshot text was partially cropped or low contrast.
manual_ham_000312,drive_export/THESIS/CLEANED/cleaned_dataset.csv,312,"1/2 08-Feb 01:12: P300 loaded to <PHONE> from XXXXXXXX7438 for 1 year. Ref: DB80C7IMSS. Get MORE with PROMO LOAD in the Smart App! 2/2 Stay always connected! Manage your subscriptions and check out the Smart App for Bigger & Longer Data, No Expiry offers and MORE! <URL>","1/2 08-Feb 01:12: P300 loaded to <PHONE> from XXXXXXXX7438 for 1 year. Ref: DB80C7IMSS. Get MORE with PROMO LOAD in the Smart App! 2/2 Stay always connected! Manage your subscriptions and check out the Smart App for Bigger & Longer Data, No Expiry offers and MORE! <URL>",unsure,telecom,Smart,Philippines,English,False,False,False,True,True,imported_structured_archive_text,needs_review,screenshot_file=precleaned\Zabala - April 28\Screenshot_20260428_161414_Messages.jpg; source_hint=Smart; archive_notes=OCR extracted from screenshot; review rows where screenshot text was partially cropped or low contrast.
manual_ham_000313,drive_export/THESIS/CLEANED/cleaned_dataset.csv,313,"1/2 18-Feb 15:58: P300 loaded to <PHONE> from XXXXXXXX7438 for 1 year. Ref:DBI6D32L9I. Get MORE with PROMO LOAD in the Smart App! 2/2 Stay always connected! Manage your subscriptions and check out the Smart App for Bigger & Longer Data, No Expiry offers and MORE! <URL> C","1/2 18-Feb 15:58: P300 loaded to <PHONE> from XXXXXXXX7438 for 1 year. Ref:DBI6D32L9I. Get MORE with PROMO LOAD in the Smart App! 2/2 Stay always connected! Manage your subscriptions and check out the Smart App for Bigger & Longer Data, No Expiry offers and MORE! <URL> C",unsure,telecom,Smart,Philippines,English,False,False,False,True,True,imported_structured_archive_text,needs_review,screenshot_file=precleaned\Zabala - April 28\Screenshot_20260428_161422_Messages.jpg; source_hint=Smart; archive_notes=OCR extracted from screenshot; review rows where screenshot text was partially cropped or low contrast.
manual_ham_000314,drive_export/THESIS/CLEANED/cleaned_dataset.csv,314,Tap to load preview,Tap to load preview,unsure,telecom,Unknown,unknown,English,False,False,False,False,False,imported_structured_archive_text,needs_review,screenshot_file=precleaned\Zabala - April 28\Screenshot_20260428_161422_Messages.jpg; source_hint=Unknown; archive_notes=OCR extracted from screenshot; review rows where screenshot text was partially cropped or low contrast.
manual_ham_000315,drive_export/THESIS/CLEANED/cleaned_dataset.csv,315,"1/2 04-Mar 00:14: P300 loaded to <PHONE> from XXXXXXXX7438 for 1 year. Ref:DC4OE6TEAW. Get MORE with PROMO LOAD in the Smart App! 2/2 Stay always connected! Manage your subscriptions and check out the Smart App for Bigger & Longer Data, No Expiry offers and MORE! <URL>","1/2 04-Mar 00:14: P300 loaded to <PHONE> from XXXXXXXX7438 for 1 year. Ref:DC4OE6TEAW. Get MORE with PROMO LOAD in the Smart App! 2/2 Stay always connected! Manage your subscriptions and check out the Smart App for Bigger & Longer Data, No Expiry offers and MORE! <URL>",unsure,telecom,Smart,Philippines,English,False,False,False,True,True,imported_structured_archive_text,needs_review,screenshot_file=precleaned\Zabala - April 28\Screenshot_20260428_161422_Messages.jpg; source_hint=Smart; archive_notes=OCR extracted from screenshot; review rows where screenshot text was partially cropped or low contrast.
manual_ham_000316,drive_export/THESIS/CLEANED/cleaned_dataset.csv,316,"BPI] #MagingListoHuwagMagpaloko: Your One-Time PIN is <OTP>. Enter this code to confirm your login to BPI on your browser. If you did not make this login request, change your password or call the hotline immediately.","BPI] #MagingListoHuwagMagpaloko: Your One-Time PIN is <OTP>. Enter this code to confirm your login to BPI on your browser. If you did not make this login request, change your password or call the hotline immediately.",unsure,otp_verification,BPI,Philippines,English,False,False,False,False,False,imported_structured_archive_text,needs_review,screenshot_file=precleaned\Zabala - April 28\Screenshot_20260428_161450_Messages.jpg; source_hint=BPI; archive_notes=OCR extracted from screenshot; review rows where screenshot text was partially cropped or low contrast.
manual_ham_000317,drive_export/THESIS/CLEANED/cleaned_dataset.csv,317,BPI] DO NOT SHARE: Use your SECRET one-time PIN <OTP> to activate BPI Mobile Key on your SM-S918B.,BPI] DO NOT SHARE: Use your SECRET one-time PIN <OTP> to activate BPI Mobile Key on your SM-S918B.,unsure,otp_verification,BPI,Philippines,English,False,False,False,False,False,imported_structured_archive_text,needs_review,screenshot_file=precleaned\Zabala - April 28\Screenshot_20260428_161450_Messages.jpg; source_hint=BPI; archive_notes=OCR extracted from screenshot; review rows where screenshot text was partially cropped or low contrast.
manual_ham_000318,drive_export/THESIS/CLEANED/cleaned_dataset.csv,318,BPI] DO NOT SHARE: Use your SECRET one-time PIN <OTP> to activate BPI Mobile Key on your SM-S938B.,BPI] DO NOT SHARE: Use your SECRET one-time PIN <OTP> to activate BPI Mobile Key on your SM-S938B.,unsure,otp_verification,BPI,Philippines,English,False,False,False,False,False,imported_structured_archive_text,needs_review,screenshot_file=precleaned\Zabala - April 28\Screenshot_20260428_161450_Messages.jpg; source_hint=BPI; archive_notes=OCR extracted from screenshot; review rows where screenshot text was partially cropped or low contrast.
manual_ham_000319,drive_export/THESIS/CLEANED/cleaned_dataset.csv,319,BPI] DO NOT SHARE: Use your SECRET one-time PIN password <OTP> to reset your password in BPI online.,BPI] DO NOT SHARE: Use your SECRET one-time PIN password <OTP> to reset your password in BPI online.,unsure,otp_verification,BPI,Philippines,English,False,False,False,False,False,imported_structured_archive_text,needs_review,screenshot_file=precleaned\Zabala - April 28\Screenshot_20260428_161459_Messages.jpg; source_hint=BPI; archive_notes=OCR extracted from screenshot; review rows where screenshot text was partially cropped or low contrast.
manual_ham_000320,drive_export/THESIS/CLEANED/cleaned_dataset.csv,320,BPI] DO NOT SHARE: Use your SECRET one-time PIN <OTP> to activate BPI Mobile Key on your SM-S938B.,BPI] DO NOT SHARE: Use your SECRET one-time PIN <OTP> to activate BPI Mobile Key on your SM-S938B.,unsure,otp_verification,BPI,Philippines,English,False,False,False,False,False,imported_structured_archive_text,needs_review,screenshot_file=precleaned\Zabala - April 28\Screenshot_20260428_161459_Messages.jpg; source_hint=BPI; archive_notes=OCR extracted from screenshot; review rows where screenshot text was partially cropped or low contrast.
manual_ham_000321,drive_export/THESIS/CLEANED/cleaned_dataset.csv,321,PBB] hi <NAME> 461425,PBB] hi <NAME> 461425,unsure,unsure,Unknown,unknown,English,False,False,False,False,False,imported_structured_archive_text,needs_review,screenshot_file=precleaned\Zabala - April 28\Screenshot_20260428_161512_Messages.jpg; source_hint=Unknown; archive_notes=OCR extracted from screenshot; review rows where screenshot text was partially cropped or low contrast.
manual_ham_000322,drive_export/THESIS/CLEANED/cleaned_dataset.csv,322,You earned 4.95 GigaPoints on your promo,You earned 4.95 GigaPoints on your promo,unsure,promo_legitimate,Unknown,unknown,English,False,False,False,False,False,imported_structured_archive_text,needs_review,screenshot_file=precleaned\Zabala - April 28\Screenshot_20260428_161726_Messages.jpg; source_hint=Unknown; archive_notes=OCR extracted from screenshot; review rows where screenshot text was partially cropped or low contrast.
manual_ham_000323,drive_export/THESIS/CLEANED/cleaned_dataset.csv,323,purchase! Simple. Easy. Smart. Thats the Smart App!,purchase! Simple. Easy. Smart. Thats the Smart App!,unsure,telecom,Smart,Philippines,English,False,False,False,False,False,imported_structured_archive_text,needs_review,screenshot_file=precleaned\Zabala - April 28\Screenshot_20260428_161726_Messages.jpg; source_hint=Smart; archive_notes=OCR extracted from screenshot; review rows where screenshot text was partially cropped or low contrast.
manual_ham_000324,drive_export/THESIS/CLEANED/cleaned_dataset.csv,324,You earned 9.95 GigaPoints on your promo,You earned 9.95 GigaPoints on your promo,unsure,promo_legitimate,Unknown,unknown,English,False,False,False,False,False,imported_structured_archive_text,needs_review,screenshot_file=precleaned\Zabala - April 28\Screenshot_20260428_161726_Messages.jpg; source_hint=Unknown; archive_notes=OCR extracted from screenshot; review rows where screenshot text was partially cropped or low contrast.
manual_ham_000325,drive_export/THESIS/CLEANED/cleaned_dataset.csv,325,purchase! Simple. Easy. Smart. Thats the Smart App!,purchase! Simple. Easy. Smart. Thats the Smart App!,unsure,telecom,Smart,Philippines,English,False,False,False,False,False,imported_structured_archive_text,needs_review,screenshot_file=precleaned\Zabala - April 28\Screenshot_20260428_161726_Messages.jpg; source_hint=Smart; archive_notes=OCR extracted from screenshot; review rows where screenshot text was partially cropped or low contrast.
manual_ham_000326,drive_export/THESIS/CLEANED/cleaned_dataset.csv,326,You earned 4.95 GigaPoints on your promo,You earned 4.95 GigaPoints on your promo,unsure,promo_legitimate,Unknown,unknown,English,False,False,False,False,False,imported_structured_archive_text,needs_review,screenshot_file=precleaned\Zabala - April 28\Screenshot_20260428_161726_Messages.jpg; source_hint=Unknown; archive_notes=OCR extracted from screenshot; review rows where screenshot text was partially cropped or low contrast.
manual_ham_000327,drive_export/THESIS/CLEANED/cleaned_dataset.csv,327,purchase! Simple. Easy. Smart. Thats the Smart App!,purchase! Simple. Easy. Smart. Thats the Smart App!,unsure,telecom,Smart,Philippines,English,False,False,False,False,False,imported_structured_archive_text,needs_review,screenshot_file=precleaned\Zabala - April 28\Screenshot_20260428_161726_Messages.jpg; source_hint=Smart; archive_notes=OCR extracted from screenshot; review rows where screenshot text was partially cropped or low contrast.
manual_ham_000328,drive_export/THESIS/CLEANED/cleaned_dataset.csv,328,You earned 4.95 GigaPoints on your promo,You earned 4.95 GigaPoints on your promo,unsure,promo_legitimate,Unknown,unknown,English,False,False,False,False,False,imported_structured_archive_text,needs_review,screenshot_file=precleaned\Zabala - April 28\Screenshot_20260428_161726_Messages.jpg; source_hint=Unknown; archive_notes=OCR extracted from screenshot; review rows where screenshot text was partially cropped or low contrast.
manual_ham_000329,drive_export/THESIS/CLEANED/cleaned_dataset.csv,329,purchase! Simple. Easy. Smart. Thats the Smart App!,purchase! Simple. Easy. Smart. Thats the Smart App!,unsure,telecom,Smart,Philippines,English,False,False,False,False,False,imported_structured_archive_text,needs_review,screenshot_file=precleaned\Zabala - April 28\Screenshot_20260428_161726_Messages.jpg; source_hint=Smart; archive_notes=OCR extracted from screenshot; review rows where screenshot text was partially cropped or low contrast.
manual_ham_000330,drive_export/THESIS/CLEANED/cleaned_dataset.csv,330,You earned 9.95 GigaPoints on your promo,You earned 9.95 GigaPoints on your promo,unsure,promo_legitimate,Unknown,unknown,English,False,False,False,False,False,imported_structured_archive_text,needs_review,screenshot_file=precleaned\Zabala - April 28\Screenshot_20260428_161726_Messages.jpg; source_hint=Unknown; archive_notes=OCR extracted from screenshot; review rows where screenshot text was partially cropped or low contrast.
manual_ham_000331,drive_export/THESIS/CLEANED/cleaned_dataset.csv,331,purchase! Simple. Easy. Smart. Thats the Smart App!,purchase! Simple. Easy. Smart. Thats the Smart App!,unsure,telecom,Smart,Philippines,English,False,False,False,False,False,imported_structured_archive_text,needs_review,screenshot_file=precleaned\Zabala - April 28\Screenshot_20260428_161726_Messages.jpg; source_hint=Smart; archive_notes=OCR extracted from screenshot; review rows where screenshot text was partially cropped or low contrast.
manual_ham_000332,drive_export/THESIS/PRECLEANED/Bernard - April 21 - 22 Imgs/IMG_8468.PNG,image,,,unsure,unsure,,unknown,unsure,False,False,False,False,False,needs_manual_transcription,needs_review,
manual_ham_000333,drive_export/THESIS/PRECLEANED/Bernard - April 21 - 22 Imgs/IMG_8469.PNG,image,,,unsure,unsure,,unknown,unsure,False,False,False,False,False,needs_manual_transcription,needs_review,
manual_ham_000334,drive_export/THESIS/PRECLEANED/Bernard - April 21 - 22 Imgs/IMG_8470.PNG,image,,,unsure,unsure,,unknown,unsure,False,False,False,False,False,needs_manual_transcription,needs_review,
manual_ham_000335,drive_export/THESIS/PRECLEANED/Bernard - April 21 - 22 Imgs/IMG_8471.PNG,image,,,unsure,unsure,,unknown,unsure,False,False,False,False,False,needs_manual_transcription,needs_review,
manual_ham_000336,drive_export/THESIS/PRECLEANED/Bernard - April 21 - 22 Imgs/IMG_8472.PNG,image,,,unsure,unsure,,unknown,unsure,False,False,False,False,False,needs_manual_transcription,needs_review,
manual_ham_000337,drive_export/THESIS/PRECLEANED/Bernard - April 21 - 22 Imgs/IMG_8473.PNG,image,,,unsure,unsure,,unknown,unsure,False,False,False,False,False,needs_manual_transcription,needs_review,
manual_ham_000338,drive_export/THESIS/PRECLEANED/Bernard - April 21 - 22 Imgs/IMG_8474.PNG,image,,,unsure,unsure,,unknown,unsure,False,False,False,False,False,needs_manual_transcription,needs_review,
manual_ham_000339,drive_export/THESIS/PRECLEANED/Bernard - April 21 - 22 Imgs/IMG_8475.PNG,image,,,unsure,unsure,,unknown,unsure,False,False,False,False,False,needs_manual_transcription,needs_review,
manual_ham_000340,drive_export/THESIS/PRECLEANED/Bernard - April 21 - 22 Imgs/IMG_8476.PNG,image,,,unsure,unsure,,unknown,unsure,False,False,False,False,False,needs_manual_transcription,needs_review,
manual_ham_000341,drive_export/THESIS/PRECLEANED/Bernard - April 21 - 22 Imgs/IMG_8477.PNG,image,,,unsure,unsure,,unknown,unsure,False,False,False,False,False,needs_manual_transcription,needs_review,
manual_ham_000342,drive_export/THESIS/PRECLEANED/Bernard - April 21 - 22 Imgs/IMG_8479.PNG,image,,,unsure,unsure,,unknown,unsure,False,False,False,False,False,needs_manual_transcription,needs_review,
manual_ham_000343,drive_export/THESIS/PRECLEANED/Bernard - April 21 - 22 Imgs/IMG_8480.PNG,image,,,unsure,unsure,,unknown,unsure,False,False,False,False,False,needs_manual_transcription,needs_review,
manual_ham_000344,drive_export/THESIS/PRECLEANED/Bernard - April 21 - 22 Imgs/IMG_8481.PNG,image,,,unsure,unsure,,unknown,unsure,False,False,False,False,False,needs_manual_transcription,needs_review,
manual_ham_000345,drive_export/THESIS/PRECLEANED/Bernard - April 21 - 22 Imgs/IMG_8482.PNG,image,,,unsure,unsure,,unknown,unsure,False,False,False,False,False,needs_manual_transcription,needs_review,
manual_ham_000346,drive_export/THESIS/PRECLEANED/Bernard - April 21 - 22 Imgs/IMG_8483.PNG,image,,,unsure,unsure,,unknown,unsure,False,False,False,False,False,needs_manual_transcription,needs_review,
manual_ham_000347,drive_export/THESIS/PRECLEANED/Bernard - April 21 - 22 Imgs/IMG_8484.PNG,image,,,unsure,unsure,,unknown,unsure,False,False,False,False,False,needs_manual_transcription,needs_review,
manual_ham_000348,drive_export/THESIS/PRECLEANED/Bernard - April 21 - 22 Imgs/IMG_8485.PNG,image,,,unsure,unsure,,unknown,unsure,False,False,False,False,False,needs_manual_transcription,needs_review,
manual_ham_000349,drive_export/THESIS/PRECLEANED/Bernard - April 21 - 22 Imgs/IMG_8486.PNG,image,,,unsure,unsure,,unknown,unsure,False,False,False,False,False,needs_manual_transcription,needs_review,
manual_ham_000350,drive_export/THESIS/PRECLEANED/Bernard - April 21 - 22 Imgs/IMG_8487(1).PNG,image,,,unsure,unsure,,unknown,unsure,False,False,False,False,False,needs_manual_transcription,needs_review,
manual_ham_000351,drive_export/THESIS/PRECLEANED/Bernard - April 21 - 22 Imgs/IMG_8487(2).PNG,image,,,unsure,unsure,,unknown,unsure,False,False,False,False,False,needs_manual_transcription,needs_review,
manual_ham_000352,drive_export/THESIS/PRECLEANED/Bernard - April 21 - 22 Imgs/IMG_8487.PNG,image,,,unsure,unsure,,unknown,unsure,False,False,False,False,False,needs_manual_transcription,needs_review,
manual_ham_000353,drive_export/THESIS/PRECLEANED/Bernard - April 26 - 78 imgs/IMG_1883(1).jpg,image,,,unsure,unsure,,unknown,unsure,False,False,False,False,False,needs_manual_transcription,needs_review,
manual_ham_000354,drive_export/THESIS/PRECLEANED/Bernard - April 26 - 78 imgs/IMG_1883.jpg,image,,,unsure,unsure,,unknown,unsure,False,False,False,False,False,needs_manual_transcription,needs_review,
manual_ham_000355,drive_export/THESIS/PRECLEANED/Bernard - April 26 - 78 imgs/IMG_1884.jpg,image,,,unsure,unsure,,unknown,unsure,False,False,False,False,False,needs_manual_transcription,needs_review,
manual_ham_000356,drive_export/THESIS/PRECLEANED/Bernard - April 26 - 78 imgs/IMG_1885.jpg,image,,,unsure,unsure,,unknown,unsure,False,False,False,False,False,needs_manual_transcription,needs_review,
manual_ham_000357,drive_export/THESIS/PRECLEANED/Bernard - April 26 - 78 imgs/IMG_1886.jpg,image,,,unsure,unsure,,unknown,unsure,False,False,False,False,False,needs_manual_transcription,needs_review,
manual_ham_000358,drive_export/THESIS/PRECLEANED/Bernard - April 26 - 78 imgs/IMG_1887.jpg,image,,,unsure,unsure,,unknown,unsure,False,False,False,False,False,needs_manual_transcription,needs_review,
manual_ham_000359,drive_export/THESIS/PRECLEANED/Bernard - April 26 - 78 imgs/IMG_1888(1).jpg,image,,,unsure,unsure,,unknown,unsure,False,False,False,False,False,needs_manual_transcription,needs_review,
manual_ham_000360,drive_export/THESIS/PRECLEANED/Bernard - April 26 - 78 imgs/IMG_1888.jpg,image,,,unsure,unsure,,unknown,unsure,False,False,False,False,False,needs_manual_transcription,needs_review,
manual_ham_000361,drive_export/THESIS/PRECLEANED/Bernard - April 26 - 78 imgs/IMG_1889(1).jpg,image,,,unsure,unsure,,unknown,unsure,False,False,False,False,False,needs_manual_transcription,needs_review,
manual_ham_000362,drive_export/THESIS/PRECLEANED/Bernard - April 26 - 78 imgs/IMG_1889.jpg,image,,,unsure,unsure,,unknown,unsure,False,False,False,False,False,needs_manual_transcription,needs_review,
manual_ham_000363,drive_export/THESIS/PRECLEANED/Bernard - April 26 - 78 imgs/IMG_1890(1).jpg,image,,,unsure,unsure,,unknown,unsure,False,False,False,False,False,needs_manual_transcription,needs_review,
manual_ham_000364,drive_export/THESIS/PRECLEANED/Bernard - April 26 - 78 imgs/IMG_1890.jpg,image,,,unsure,unsure,,unknown,unsure,False,False,False,False,False,needs_manual_transcription,needs_review,
manual_ham_000365,drive_export/THESIS/PRECLEANED/Bernard - April 26 - 78 imgs/IMG_1891(1).jpg,image,,,unsure,unsure,,unknown,unsure,False,False,False,False,False,needs_manual_transcription,needs_review,
manual_ham_000366,drive_export/THESIS/PRECLEANED/Bernard - April 26 - 78 imgs/IMG_1891.jpg,image,,,unsure,unsure,,unknown,unsure,False,False,False,False,False,needs_manual_transcription,needs_review,
manual_ham_000367,drive_export/THESIS/PRECLEANED/Bernard - April 26 - 78 imgs/IMG_1892(1).jpg,image,,,unsure,unsure,,unknown,unsure,False,False,False,False,False,needs_manual_transcription,needs_review,
manual_ham_000368,drive_export/THESIS/PRECLEANED/Bernard - April 26 - 78 imgs/IMG_1892.jpg,image,,,unsure,unsure,,unknown,unsure,False,False,False,False,False,needs_manual_transcription,needs_review,
manual_ham_000369,drive_export/THESIS/PRECLEANED/Bernard - April 26 - 78 imgs/IMG_1893(1).jpg,image,,,unsure,unsure,,unknown,unsure,False,False,False,False,False,needs_manual_transcription,needs_review,
manual_ham_000370,drive_export/THESIS/PRECLEANED/Bernard - April 26 - 78 imgs/IMG_1893.jpg,image,,,unsure,unsure,,unknown,unsure,False,False,False,False,False,needs_manual_transcription,needs_review,
manual_ham_000371,drive_export/THESIS/PRECLEANED/Bernard - April 26 - 78 imgs/IMG_1894.jpg,image,,,unsure,unsure,,unknown,unsure,False,False,False,False,False,needs_manual_transcription,needs_review,
manual_ham_000372,drive_export/THESIS/PRECLEANED/Bernard - April 26 - 78 imgs/IMG_1895(1).jpg,image,,,unsure,unsure,,unknown,unsure,False,False,False,False,False,needs_manual_transcription,needs_review,
manual_ham_000373,drive_export/THESIS/PRECLEANED/Bernard - April 26 - 78 imgs/IMG_1895(2).jpg,image,,,unsure,unsure,,unknown,unsure,False,False,False,False,False,needs_manual_transcription,needs_review,
manual_ham_000374,drive_export/THESIS/PRECLEANED/Bernard - April 26 - 78 imgs/IMG_1895.jpg,image,,,unsure,unsure,,unknown,unsure,False,False,False,False,False,needs_manual_transcription,needs_review,
manual_ham_000375,drive_export/THESIS/PRECLEANED/Bernard - April 26 - 78 imgs/IMG_1896(1).jpg,image,,,unsure,unsure,,unknown,unsure,False,False,False,False,False,needs_manual_transcription,needs_review,
manual_ham_000376,drive_export/THESIS/PRECLEANED/Bernard - April 26 - 78 imgs/IMG_1896.jpg,image,,,unsure,unsure,,unknown,unsure,False,False,False,False,False,needs_manual_transcription,needs_review,
manual_ham_000377,drive_export/THESIS/PRECLEANED/Bernard - April 26 - 78 imgs/IMG_1897(1).jpg,image,,,unsure,unsure,,unknown,unsure,False,False,False,False,False,needs_manual_transcription,needs_review,
manual_ham_000378,drive_export/THESIS/PRECLEANED/Bernard - April 26 - 78 imgs/IMG_1897.jpg,image,,,unsure,unsure,,unknown,unsure,False,False,False,False,False,needs_manual_transcription,needs_review,
manual_ham_000379,drive_export/THESIS/PRECLEANED/Bernard - April 26 - 78 imgs/IMG_1898(1).jpg,image,,,unsure,unsure,,unknown,unsure,False,False,False,False,False,needs_manual_transcription,needs_review,
manual_ham_000380,drive_export/THESIS/PRECLEANED/Bernard - April 26 - 78 imgs/IMG_1898.jpg,image,,,unsure,unsure,,unknown,unsure,False,False,False,False,False,needs_manual_transcription,needs_review,
manual_ham_000381,drive_export/THESIS/PRECLEANED/Bernard - April 26 - 78 imgs/IMG_1899(1).jpg,image,,,unsure,unsure,,unknown,unsure,False,False,False,False,False,needs_manual_transcription,needs_review,
manual_ham_000382,drive_export/THESIS/PRECLEANED/Bernard - April 26 - 78 imgs/IMG_1899.jpg,image,,,unsure,unsure,,unknown,unsure,False,False,False,False,False,needs_manual_transcription,needs_review,
manual_ham_000383,drive_export/THESIS/PRECLEANED/Bernard - April 26 - 78 imgs/IMG_1900(1).jpg,image,,,unsure,unsure,,unknown,unsure,False,False,False,False,False,needs_manual_transcription,needs_review,
manual_ham_000384,drive_export/THESIS/PRECLEANED/Bernard - April 26 - 78 imgs/IMG_1900.jpg,image,,,unsure,unsure,,unknown,unsure,False,False,False,False,False,needs_manual_transcription,needs_review,
manual_ham_000385,drive_export/THESIS/PRECLEANED/Bernard - April 26 - 78 imgs/IMG_1901(1).jpg,image,,,unsure,unsure,,unknown,unsure,False,False,False,False,False,needs_manual_transcription,needs_review,
manual_ham_000386,drive_export/THESIS/PRECLEANED/Bernard - April 26 - 78 imgs/IMG_1901.jpg,image,,,unsure,unsure,,unknown,unsure,False,False,False,False,False,needs_manual_transcription,needs_review,
manual_ham_000387,drive_export/THESIS/PRECLEANED/Bernard - April 26 - 78 imgs/IMG_1902(1).jpg,image,,,unsure,unsure,,unknown,unsure,False,False,False,False,False,needs_manual_transcription,needs_review,
manual_ham_000388,drive_export/THESIS/PRECLEANED/Bernard - April 26 - 78 imgs/IMG_1902.jpg,image,,,unsure,unsure,,unknown,unsure,False,False,False,False,False,needs_manual_transcription,needs_review,
manual_ham_000389,drive_export/THESIS/PRECLEANED/Bernard - April 26 - 78 imgs/IMG_1903(1).jpg,image,,,unsure,unsure,,unknown,unsure,False,False,False,False,False,needs_manual_transcription,needs_review,
manual_ham_000390,drive_export/THESIS/PRECLEANED/Bernard - April 26 - 78 imgs/IMG_1903.jpg,image,,,unsure,unsure,,unknown,unsure,False,False,False,False,False,needs_manual_transcription,needs_review,
manual_ham_000391,drive_export/THESIS/PRECLEANED/Bernard - April 26 - 78 imgs/IMG_1904(1).jpg,image,,,unsure,unsure,,unknown,unsure,False,False,False,False,False,needs_manual_transcription,needs_review,
manual_ham_000392,drive_export/THESIS/PRECLEANED/Bernard - April 26 - 78 imgs/IMG_1904.jpg,image,,,unsure,unsure,,unknown,unsure,False,False,False,False,False,needs_manual_transcription,needs_review,
manual_ham_000393,drive_export/THESIS/PRECLEANED/Bernard - April 26 - 78 imgs/IMG_1905(1).jpg,image,,,unsure,unsure,,unknown,unsure,False,False,False,False,False,needs_manual_transcription,needs_review,
manual_ham_000394,drive_export/THESIS/PRECLEANED/Bernard - April 26 - 78 imgs/IMG_1905.jpg,image,,,unsure,unsure,,unknown,unsure,False,False,False,False,False,needs_manual_transcription,needs_review,
manual_ham_000395,drive_export/THESIS/PRECLEANED/Bernard - April 26 - 78 imgs/IMG_1906(1).jpg,image,,,unsure,unsure,,unknown,unsure,False,False,False,False,False,needs_manual_transcription,needs_review,
manual_ham_000396,drive_export/THESIS/PRECLEANED/Bernard - April 26 - 78 imgs/IMG_1906.jpg,image,,,unsure,unsure,,unknown,unsure,False,False,False,False,False,needs_manual_transcription,needs_review,
manual_ham_000397,drive_export/THESIS/PRECLEANED/Bernard - April 26 - 78 imgs/IMG_1907(1).jpg,image,,,unsure,unsure,,unknown,unsure,False,False,False,False,False,needs_manual_transcription,needs_review,
manual_ham_000398,drive_export/THESIS/PRECLEANED/Bernard - April 26 - 78 imgs/IMG_1907.jpg,image,,,unsure,unsure,,unknown,unsure,False,False,False,False,False,needs_manual_transcription,needs_review,
manual_ham_000399,drive_export/THESIS/PRECLEANED/Bernard - April 26 - 78 imgs/IMG_1908(1).jpg,image,,,unsure,unsure,,unknown,unsure,False,False,False,False,False,needs_manual_transcription,needs_review,
manual_ham_000400,drive_export/THESIS/PRECLEANED/Bernard - April 26 - 78 imgs/IMG_1908.jpg,image,,,unsure,unsure,,unknown,unsure,False,False,False,False,False,needs_manual_transcription,needs_review,
manual_ham_000401,drive_export/THESIS/PRECLEANED/Bernard - April 26 - 78 imgs/IMG_1910.jpg,image,,,unsure,unsure,,unknown,unsure,False,False,False,False,False,needs_manual_transcription,needs_review,
manual_ham_000402,drive_export/THESIS/PRECLEANED/Bernard - April 26 - 78 imgs/IMG_1911(1).jpg,image,,,unsure,unsure,,unknown,unsure,False,False,False,False,False,needs_manual_transcription,needs_review,
manual_ham_000403,drive_export/THESIS/PRECLEANED/Bernard - April 26 - 78 imgs/IMG_1911.jpg,image,,,unsure,unsure,,unknown,unsure,False,False,False,False,False,needs_manual_transcription,needs_review,
manual_ham_000404,drive_export/THESIS/PRECLEANED/Bernard - April 26 - 78 imgs/IMG_1912.jpg,image,,,unsure,unsure,,unknown,unsure,False,False,False,False,False,needs_manual_transcription,needs_review,
manual_ham_000405,drive_export/THESIS/PRECLEANED/Bernard - April 26 - 78 imgs/IMG_1913.jpg,image,,,unsure,unsure,,unknown,unsure,False,False,False,False,False,needs_manual_transcription,needs_review,
manual_ham_000406,drive_export/THESIS/PRECLEANED/Bernard - April 26 - 78 imgs/IMG_1914.jpg,image,,,unsure,unsure,,unknown,unsure,False,False,False,False,False,needs_manual_transcription,needs_review,
manual_ham_000407,drive_export/THESIS/PRECLEANED/Bernard - April 26 - 78 imgs/IMG_1915.jpg,image,,,unsure,unsure,,unknown,unsure,False,False,False,False,False,needs_manual_transcription,needs_review,
manual_ham_000408,drive_export/THESIS/PRECLEANED/Bernard - April 26 - 78 imgs/IMG_1916.jpg,image,,,unsure,unsure,,unknown,unsure,False,False,False,False,False,needs_manual_transcription,needs_review,
manual_ham_000409,drive_export/THESIS/PRECLEANED/Bernard - April 26 - 78 imgs/IMG_1917(1).jpg,image,,,unsure,unsure,,unknown,unsure,False,False,False,False,False,needs_manual_transcription,needs_review,
manual_ham_000410,drive_export/THESIS/PRECLEANED/Bernard - April 26 - 78 imgs/IMG_1917.jpg,image,,,unsure,unsure,,unknown,unsure,False,False,False,False,False,needs_manual_transcription,needs_review,
manual_ham_000411,drive_export/THESIS/PRECLEANED/Bernard - April 26 - 78 imgs/IMG_1918.jpg,image,,,unsure,unsure,,unknown,unsure,False,False,False,False,False,needs_manual_transcription,needs_review,
manual_ham_000412,drive_export/THESIS/PRECLEANED/Bernard - April 26 - 78 imgs/IMG_1919(1).jpg,image,,,unsure,unsure,,unknown,unsure,False,False,False,False,False,needs_manual_transcription,needs_review,
manual_ham_000413,drive_export/THESIS/PRECLEANED/Bernard - April 26 - 78 imgs/IMG_1919.jpg,image,,,unsure,unsure,,unknown,unsure,False,False,False,False,False,needs_manual_transcription,needs_review,
manual_ham_000414,drive_export/THESIS/PRECLEANED/Bernard - April 26 - 78 imgs/IMG_1920.jpg,image,,,unsure,unsure,,unknown,unsure,False,False,False,False,False,needs_manual_transcription,needs_review,
manual_ham_000415,drive_export/THESIS/PRECLEANED/Bernard - April 26 - 78 imgs/IMG_1921(1).jpg,image,,,unsure,unsure,,unknown,unsure,False,False,False,False,False,needs_manual_transcription,needs_review,
manual_ham_000416,drive_export/THESIS/PRECLEANED/Bernard - April 26 - 78 imgs/IMG_1921.jpg,image,,,unsure,unsure,,unknown,unsure,False,False,False,False,False,needs_manual_transcription,needs_review,
manual_ham_000417,drive_export/THESIS/PRECLEANED/Bernard - April 26 - 78 imgs/IMG_1922(1).jpg,image,,,unsure,unsure,,unknown,unsure,False,False,False,False,False,needs_manual_transcription,needs_review,
manual_ham_000418,drive_export/THESIS/PRECLEANED/Bernard - April 26 - 78 imgs/IMG_1922.jpg,image,,,unsure,unsure,,unknown,unsure,False,False,False,False,False,needs_manual_transcription,needs_review,
manual_ham_000419,drive_export/THESIS/PRECLEANED/Bernard - April 26 - 78 imgs/IMG_1923(1).jpg,image,,,unsure,unsure,,unknown,unsure,False,False,False,False,False,needs_manual_transcription,needs_review,
manual_ham_000420,drive_export/THESIS/PRECLEANED/Bernard - April 26 - 78 imgs/IMG_1923.jpg,image,,,unsure,unsure,,unknown,unsure,False,False,False,False,False,needs_manual_transcription,needs_review,
manual_ham_000421,drive_export/THESIS/PRECLEANED/Bernard - April 26 - 78 imgs/IMG_1924(1).jpg,image,,,unsure,unsure,,unknown,unsure,False,False,False,False,False,needs_manual_transcription,needs_review,
manual_ham_000422,drive_export/THESIS/PRECLEANED/Bernard - April 26 - 78 imgs/IMG_1924(2).jpg,image,,,unsure,unsure,,unknown,unsure,False,False,False,False,False,needs_manual_transcription,needs_review,
manual_ham_000423,drive_export/THESIS/PRECLEANED/Bernard - April 26 - 78 imgs/IMG_1924.jpg,image,,,unsure,unsure,,unknown,unsure,False,False,False,False,False,needs_manual_transcription,needs_review,
manual_ham_000424,drive_export/THESIS/PRECLEANED/Bernard - April 26 - 78 imgs/IMG_1925(1).jpg,image,,,unsure,unsure,,unknown,unsure,False,False,False,False,False,needs_manual_transcription,needs_review,
manual_ham_000425,drive_export/THESIS/PRECLEANED/Bernard - April 26 - 78 imgs/IMG_1925(2).jpg,image,,,unsure,unsure,,unknown,unsure,False,False,False,False,False,needs_manual_transcription,needs_review,
manual_ham_000426,drive_export/THESIS/PRECLEANED/Bernard - April 26 - 78 imgs/IMG_1925.jpg,image,,,unsure,unsure,,unknown,unsure,False,False,False,False,False,needs_manual_transcription,needs_review,
manual_ham_000427,drive_export/THESIS/PRECLEANED/Bernard - April 26 - 78 imgs/IMG_1926(1).jpg,image,,,unsure,unsure,,unknown,unsure,False,False,False,False,False,needs_manual_transcription,needs_review,
manual_ham_000428,drive_export/THESIS/PRECLEANED/Bernard - April 26 - 78 imgs/IMG_1926.jpg,image,,,unsure,unsure,,unknown,unsure,False,False,False,False,False,needs_manual_transcription,needs_review,
manual_ham_000429,drive_export/THESIS/PRECLEANED/Bernard - April 26 - 78 imgs/IMG_1927(1).jpg,image,,,unsure,unsure,,unknown,unsure,False,False,False,False,False,needs_manual_transcription,needs_review,
manual_ham_000430,drive_export/THESIS/PRECLEANED/Bernard - April 26 - 78 imgs/IMG_1927.jpg,image,,,unsure,unsure,,unknown,unsure,False,False,False,False,False,needs_manual_transcription,needs_review,
manual_ham_000431,drive_export/THESIS/PRECLEANED/Zabala - April 28/Screenshot_20260428_154825_Messages.jpg,image,,,unsure,unsure,,unknown,unsure,False,False,False,False,False,needs_manual_transcription,needs_review,
manual_ham_000432,drive_export/THESIS/PRECLEANED/Zabala - April 28/Screenshot_20260428_154844_Messages.jpg,image,,,unsure,unsure,,unknown,unsure,False,False,False,False,False,needs_manual_transcription,needs_review,
manual_ham_000433,drive_export/THESIS/PRECLEANED/Zabala - April 28/Screenshot_20260428_154911_Messages.jpg,image,,,unsure,unsure,,unknown,unsure,False,False,False,False,False,needs_manual_transcription,needs_review,
manual_ham_000434,drive_export/THESIS/PRECLEANED/Zabala - April 28/Screenshot_20260428_154922_Messages.jpg,image,,,unsure,unsure,,unknown,unsure,False,False,False,False,False,needs_manual_transcription,needs_review,
manual_ham_000435,drive_export/THESIS/PRECLEANED/Zabala - April 28/Screenshot_20260428_154934_Messages.jpg,image,,,unsure,unsure,,unknown,unsure,False,False,False,False,False,needs_manual_transcription,needs_review,
manual_ham_000436,drive_export/THESIS/PRECLEANED/Zabala - April 28/Screenshot_20260428_154941_Messages.jpg,image,,,unsure,unsure,,unknown,unsure,False,False,False,False,False,needs_manual_transcription,needs_review,
manual_ham_000437,drive_export/THESIS/PRECLEANED/Zabala - April 28/Screenshot_20260428_154953_Messages.jpg,image,,,unsure,unsure,,unknown,unsure,False,False,False,False,False,needs_manual_transcription,needs_review,
manual_ham_000438,drive_export/THESIS/PRECLEANED/Zabala - April 28/Screenshot_20260428_155005_Messages.jpg,image,,,unsure,unsure,,unknown,unsure,False,False,False,False,False,needs_manual_transcription,needs_review,
manual_ham_000439,drive_export/THESIS/PRECLEANED/Zabala - April 28/Screenshot_20260428_155018_Messages.jpg,image,,,unsure,unsure,,unknown,unsure,False,False,False,False,False,needs_manual_transcription,needs_review,
manual_ham_000440,drive_export/THESIS/PRECLEANED/Zabala - April 28/Screenshot_20260428_155046_Messages.jpg,image,,,unsure,unsure,,unknown,unsure,False,False,False,False,False,needs_manual_transcription,needs_review,
manual_ham_000441,drive_export/THESIS/PRECLEANED/Zabala - April 28/Screenshot_20260428_155123_Messages.jpg,image,,,unsure,unsure,,unknown,unsure,False,False,False,False,False,needs_manual_transcription,needs_review,
manual_ham_000442,drive_export/THESIS/PRECLEANED/Zabala - April 28/Screenshot_20260428_155145_Messages.jpg,image,,,unsure,unsure,,unknown,unsure,False,False,False,False,False,needs_manual_transcription,needs_review,
manual_ham_000443,drive_export/THESIS/PRECLEANED/Zabala - April 28/Screenshot_20260428_155156_Messages.jpg,image,,,unsure,unsure,,unknown,unsure,False,False,False,False,False,needs_manual_transcription,needs_review,
manual_ham_000444,drive_export/THESIS/PRECLEANED/Zabala - April 28/Screenshot_20260428_155221_Messages.jpg,image,,,unsure,unsure,,unknown,unsure,False,False,False,False,False,needs_manual_transcription,needs_review,
manual_ham_000445,drive_export/THESIS/PRECLEANED/Zabala - April 28/Screenshot_20260428_155231_Messages.jpg,image,,,unsure,unsure,,unknown,unsure,False,False,False,False,False,needs_manual_transcription,needs_review,
manual_ham_000446,drive_export/THESIS/PRECLEANED/Zabala - April 28/Screenshot_20260428_155240_Messages.jpg,image,,,unsure,unsure,,unknown,unsure,False,False,False,False,False,needs_manual_transcription,needs_review,
manual_ham_000447,drive_export/THESIS/PRECLEANED/Zabala - April 28/Screenshot_20260428_155308_Messages.jpg,image,,,unsure,unsure,,unknown,unsure,False,False,False,False,False,needs_manual_transcription,needs_review,
manual_ham_000448,drive_export/THESIS/PRECLEANED/Zabala - April 28/Screenshot_20260428_155328_Messages.jpg,image,,,unsure,unsure,,unknown,unsure,False,False,False,False,False,needs_manual_transcription,needs_review,
manual_ham_000449,drive_export/THESIS/PRECLEANED/Zabala - April 28/Screenshot_20260428_160139_Messages.jpg,image,,,unsure,unsure,,unknown,unsure,False,False,False,False,False,needs_manual_transcription,needs_review,
manual_ham_000450,drive_export/THESIS/PRECLEANED/Zabala - April 28/Screenshot_20260428_160152_Messages.jpg,image,,,unsure,unsure,,unknown,unsure,False,False,False,False,False,needs_manual_transcription,needs_review,
manual_ham_000451,drive_export/THESIS/PRECLEANED/Zabala - April 28/Screenshot_20260428_160204_Messages.jpg,image,,,unsure,unsure,,unknown,unsure,False,False,False,False,False,needs_manual_transcription,needs_review,
manual_ham_000452,drive_export/THESIS/PRECLEANED/Zabala - April 28/Screenshot_20260428_160208_Messages.jpg,image,,,unsure,unsure,,unknown,unsure,False,False,False,False,False,needs_manual_transcription,needs_review,
manual_ham_000453,drive_export/THESIS/PRECLEANED/Zabala - April 28/Screenshot_20260428_160546_Messages.jpg,image,,,unsure,unsure,,unknown,unsure,False,False,False,False,False,needs_manual_transcription,needs_review,
manual_ham_000454,drive_export/THESIS/PRECLEANED/Zabala - April 28/Screenshot_20260428_160604_Messages.jpg,image,,,unsure,unsure,,unknown,unsure,False,False,False,False,False,needs_manual_transcription,needs_review,
manual_ham_000455,drive_export/THESIS/PRECLEANED/Zabala - April 28/Screenshot_20260428_160635_Messages.jpg,image,,,unsure,unsure,,unknown,unsure,False,False,False,False,False,needs_manual_transcription,needs_review,
manual_ham_000456,drive_export/THESIS/PRECLEANED/Zabala - April 28/Screenshot_20260428_160647_Messages.jpg,image,,,unsure,unsure,,unknown,unsure,False,False,False,False,False,needs_manual_transcription,needs_review,
manual_ham_000457,drive_export/THESIS/PRECLEANED/Zabala - April 28/Screenshot_20260428_160721_Messages.jpg,image,,,unsure,unsure,,unknown,unsure,False,False,False,False,False,needs_manual_transcription,needs_review,
manual_ham_000458,drive_export/THESIS/PRECLEANED/Zabala - April 28/Screenshot_20260428_160730_Messages.jpg,image,,,unsure,unsure,,unknown,unsure,False,False,False,False,False,needs_manual_transcription,needs_review,
manual_ham_000459,drive_export/THESIS/PRECLEANED/Zabala - April 28/Screenshot_20260428_160740_Messages.jpg,image,,,unsure,unsure,,unknown,unsure,False,False,False,False,False,needs_manual_transcription,needs_review,
manual_ham_000460,drive_export/THESIS/PRECLEANED/Zabala - April 28/Screenshot_20260428_160753_Messages.jpg,image,,,unsure,unsure,,unknown,unsure,False,False,False,False,False,needs_manual_transcription,needs_review,
manual_ham_000461,drive_export/THESIS/PRECLEANED/Zabala - April 28/Screenshot_20260428_160805_Messages.jpg,image,,,unsure,unsure,,unknown,unsure,False,False,False,False,False,needs_manual_transcription,needs_review,
manual_ham_000462,drive_export/THESIS/PRECLEANED/Zabala - April 28/Screenshot_20260428_160816_Messages.jpg,image,,,unsure,unsure,,unknown,unsure,False,False,False,False,False,needs_manual_transcription,needs_review,
manual_ham_000463,drive_export/THESIS/PRECLEANED/Zabala - April 28/Screenshot_20260428_160829_Messages.jpg,image,,,unsure,unsure,,unknown,unsure,False,False,False,False,False,needs_manual_transcription,needs_review,
manual_ham_000464,drive_export/THESIS/PRECLEANED/Zabala - April 28/Screenshot_20260428_160839_Messages.jpg,image,,,unsure,unsure,,unknown,unsure,False,False,False,False,False,needs_manual_transcription,needs_review,
manual_ham_000465,drive_export/THESIS/PRECLEANED/Zabala - April 28/Screenshot_20260428_160852_Messages.jpg,image,,,unsure,unsure,,unknown,unsure,False,False,False,False,False,needs_manual_transcription,needs_review,
manual_ham_000466,drive_export/THESIS/PRECLEANED/Zabala - April 28/Screenshot_20260428_160904_Messages.jpg,image,,,unsure,unsure,,unknown,unsure,False,False,False,False,False,needs_manual_transcription,needs_review,
manual_ham_000467,drive_export/THESIS/PRECLEANED/Zabala - April 28/Screenshot_20260428_160912_Messages.jpg,image,,,unsure,unsure,,unknown,unsure,False,False,False,False,False,needs_manual_transcription,needs_review,
manual_ham_000468,drive_export/THESIS/PRECLEANED/Zabala - April 28/Screenshot_20260428_160921_Messages.jpg,image,,,unsure,unsure,,unknown,unsure,False,False,False,False,False,needs_manual_transcription,needs_review,
manual_ham_000469,drive_export/THESIS/PRECLEANED/Zabala - April 28/Screenshot_20260428_160932_Messages.jpg,image,,,unsure,unsure,,unknown,unsure,False,False,False,False,False,needs_manual_transcription,needs_review,
manual_ham_000470,drive_export/THESIS/PRECLEANED/Zabala - April 28/Screenshot_20260428_160942_Messages.jpg,image,,,unsure,unsure,,unknown,unsure,False,False,False,False,False,needs_manual_transcription,needs_review,
manual_ham_000471,drive_export/THESIS/PRECLEANED/Zabala - April 28/Screenshot_20260428_160951_Messages.jpg,image,,,unsure,unsure,,unknown,unsure,False,False,False,False,False,needs_manual_transcription,needs_review,
manual_ham_000472,drive_export/THESIS/PRECLEANED/Zabala - April 28/Screenshot_20260428_161146_Messages.jpg,image,,,unsure,unsure,,unknown,unsure,False,False,False,False,False,needs_manual_transcription,needs_review,
manual_ham_000473,drive_export/THESIS/PRECLEANED/Zabala - April 28/Screenshot_20260428_161157_Messages.jpg,image,,,unsure,unsure,,unknown,unsure,False,False,False,False,False,needs_manual_transcription,needs_review,
manual_ham_000474,drive_export/THESIS/PRECLEANED/Zabala - April 28/Screenshot_20260428_161205_Messages.jpg,image,,,unsure,unsure,,unknown,unsure,False,False,False,False,False,needs_manual_transcription,needs_review,
manual_ham_000475,drive_export/THESIS/PRECLEANED/Zabala - April 28/Screenshot_20260428_161214_Messages.jpg,image,,,unsure,unsure,,unknown,unsure,False,False,False,False,False,needs_manual_transcription,needs_review,
manual_ham_000476,drive_export/THESIS/PRECLEANED/Zabala - April 28/Screenshot_20260428_161223_Messages.jpg,image,,,unsure,unsure,,unknown,unsure,False,False,False,False,False,needs_manual_transcription,needs_review,
manual_ham_000477,drive_export/THESIS/PRECLEANED/Zabala - April 28/Screenshot_20260428_161232_Messages.jpg,image,,,unsure,unsure,,unknown,unsure,False,False,False,False,False,needs_manual_transcription,needs_review,
manual_ham_000478,drive_export/THESIS/PRECLEANED/Zabala - April 28/Screenshot_20260428_161240_Messages.jpg,image,,,unsure,unsure,,unknown,unsure,False,False,False,False,False,needs_manual_transcription,needs_review,
manual_ham_000479,drive_export/THESIS/PRECLEANED/Zabala - April 28/Screenshot_20260428_161252_Messages.jpg,image,,,unsure,unsure,,unknown,unsure,False,False,False,False,False,needs_manual_transcription,needs_review,
manual_ham_000480,drive_export/THESIS/PRECLEANED/Zabala - April 28/Screenshot_20260428_161302_Messages.jpg,image,,,unsure,unsure,,unknown,unsure,False,False,False,False,False,needs_manual_transcription,needs_review,
manual_ham_000481,drive_export/THESIS/PRECLEANED/Zabala - April 28/Screenshot_20260428_161314_Messages.jpg,image,,,unsure,unsure,,unknown,unsure,False,False,False,False,False,needs_manual_transcription,needs_review,
manual_ham_000482,drive_export/THESIS/PRECLEANED/Zabala - April 28/Screenshot_20260428_161323_Messages.jpg,image,,,unsure,unsure,,unknown,unsure,False,False,False,False,False,needs_manual_transcription,needs_review,
manual_ham_000483,drive_export/THESIS/PRECLEANED/Zabala - April 28/Screenshot_20260428_161333_Messages.jpg,image,,,unsure,unsure,,unknown,unsure,False,False,False,False,False,needs_manual_transcription,needs_review,
manual_ham_000484,drive_export/THESIS/PRECLEANED/Zabala - April 28/Screenshot_20260428_161342_Messages.jpg,image,,,unsure,unsure,,unknown,unsure,False,False,False,False,False,needs_manual_transcription,needs_review,
manual_ham_000485,drive_export/THESIS/PRECLEANED/Zabala - April 28/Screenshot_20260428_161350_Messages.jpg,image,,,unsure,unsure,,unknown,unsure,False,False,False,False,False,needs_manual_transcription,needs_review,
manual_ham_000486,drive_export/THESIS/PRECLEANED/Zabala - April 28/Screenshot_20260428_161358_Messages.jpg,image,,,unsure,unsure,,unknown,unsure,False,False,False,False,False,needs_manual_transcription,needs_review,
manual_ham_000487,drive_export/THESIS/PRECLEANED/Zabala - April 28/Screenshot_20260428_161406_Messages.jpg,image,,,unsure,unsure,,unknown,unsure,False,False,False,False,False,needs_manual_transcription,needs_review,
manual_ham_000488,drive_export/THESIS/PRECLEANED/Zabala - April 28/Screenshot_20260428_161414_Messages.jpg,image,,,unsure,unsure,,unknown,unsure,False,False,False,False,False,needs_manual_transcription,needs_review,
manual_ham_000489,drive_export/THESIS/PRECLEANED/Zabala - April 28/Screenshot_20260428_161422_Messages.jpg,image,,,unsure,unsure,,unknown,unsure,False,False,False,False,False,needs_manual_transcription,needs_review,
manual_ham_000490,drive_export/THESIS/PRECLEANED/Zabala - April 28/Screenshot_20260428_161450_Messages.jpg,image,,,unsure,unsure,,unknown,unsure,False,False,False,False,False,needs_manual_transcription,needs_review,
manual_ham_000491,drive_export/THESIS/PRECLEANED/Zabala - April 28/Screenshot_20260428_161459_Messages.jpg,image,,,unsure,unsure,,unknown,unsure,False,False,False,False,False,needs_manual_transcription,needs_review,
manual_ham_000492,drive_export/THESIS/PRECLEANED/Zabala - April 28/Screenshot_20260428_161512_Messages.jpg,image,,,unsure,unsure,,unknown,unsure,False,False,False,False,False,needs_manual_transcription,needs_review,
manual_ham_000493,drive_export/THESIS/PRECLEANED/Zabala - April 28/Screenshot_20260428_161726_Messages.jpg,image,,,unsure,unsure,,unknown,unsure,False,False,False,False,False,needs_manual_transcription,needs_review,
