record_id,screenshot_file,source,visible_date_label,cleaned_text,redactions_applied,notes
3,analysisdataset (2).csv,Costco,"03/31/2022, 21:58:50","Costco: <NAME>, the code 42003 printed on your receipt from 10 came in 2nd in our Airpods draw: <URL>/RzNKEws Zve",<URL>; <NAME>,
5,analysisdataset (2).csv,UPS,"04/02/2022, 02:59:56","Hi, you still owe UPS $4.10 USD in customs fees for your previous package. Reply 1 to receive a secure link to pay your invoice.",,
6,analysisdataset (2).csv,WELLS FARGO,"04/02/2022, 03:03:00","<URL> WELLS FARGO(CS):Profile locked because of unusual activities, kindly restore.Reply STOP to unsubscribe",<URL>,
7,analysisdataset (2).csv,Unknown,"04/02/2022, 23:42:38","Hi, are you who played golf together last time? I'm <NAME>",<NAME>,
8,analysisdataset (2).csv,Phone Number,"04/02/2022, 23:46:34","(8 Hi <NAME> no see, I'm <NAME>, how are you doing",<NAME>,
10,analysisdataset (2).csv,Phone Number,"04/03/2022, 00:14:52","hi <NAME>, it's been a long time since I came out, what are you doing recently?",<NAME>,
11,analysisdataset (2).csv,Whatsapp,"04/03/2022, 00:16:34","Dear. You are invited to join the (Bitcoin) internal discussion group. The team will publish daily how to make a profit in the Bitcoin market. Reply to the number ""1"" and click the link to join. https://<URL>/ Djci PB8b7gTGGt16QJ5mJm",<URL>,
12,analysisdataset (2).csv,CITI,"04/03/2022, 00:43:01","CITI: Unauthorized activity was detected, we have moved foward in locking your account. Please verify at <URL> or at a local branch.",<URL>,
13,analysisdataset (2).csv,Phone Number,"04/03/2022, 01:48:17","Evanie, I'm <NAME>, how have you been, I'm <NAME>.",<NAME>,
14,analysisdataset (2).csv,Phone Number,"04/03/2022, 01:50:49","Hello! I'm <NAME>. Are you Annie? I'm <NAME>. I dialed the wrong number. And I thought you were my friend. It was so embarrassing. Have a nice day. Thank you. You're a really nice guy, and today was really awkward, but IT's nice to meet you as a new friend.",<NAME>,
15,analysisdataset (2).csv,Bank of America,"04/03/2022, 02:12:57","BofA:Your account has been restricted, visit <URL>",<URL>,
16,analysisdataset (2).csv,Phone Number,"04/03/2022, 02:41:54",<URL> AVOI6Y,<URL>,
17,analysisdataset (2).csv,Phone Number,"04/03/2022, 15:31:07","Amazing news!, your application has been accepted. Finish the process: <URL>",<URL>,
18,analysisdataset (2).csv,Phone Number,"04/04/2022, 05:39:30",<URL> br7ca2,<URL>,
19,analysisdataset (2).csv,Phone Number,"04/04/2022, 12:51:18","Hey <NAME>, help us answer a fast survey. We will give you a free watch in return. <URL> Txt Stop to end",<URL>; <NAME>,
21,analysisdataset (2).csv,Unknown,"04/04/2022, 23:04:36",Hi! I am <NAME>'s friend. Are you the Smith that Lisa recommended to me? I am <NAME>.,<NAME>,
22,analysisdataset (2).csv,FedEx,"04/05/2022, 01:34:03",1 of 2 FRM:japho-Fe d3x.Ne.ws - MSG: Unsuccessful package from 1 April owed to you. Kindly assume ownership and confirm for delivery. (Con't) 2 of 2 <URL>(End) O?,<URL>,
23,analysisdataset (2).csv,Bank of America,"04/05/2022, 05:34:09",<Subject: c4c26> Z??? Bank Of America Hurry up ! Offers Have arrived! ($$90 value). /.//storag e.googleapis.com/jzoxubc/1fhg3lf BANK OF AMERICA,,
24,analysisdataset (2).csv,Phone Number,"04/07/2022, 01:28:38",You received money. Reply <<ok>> for details.,,
25,analysisdataset (2).csv,Phone Number,"04/08/2022, 10:35:11","<Subject: NoSubject> Free Msg: Your bill is paid for March. Thanks, here's a little gift for you: <URL>",<URL>,
26,analysisdataset (2).csv,Phone Number,"04/08/2022, 16:34:29","<Subject: NoSubject> Free Msg: Your bill is paid for March. Thanks, here's a little gift for you: <URL>",<URL>,
27,analysisdataset (2).csv,CashBack,"04/08/2022, 19:27:43",Your 2021 Auto-Policy may have Been Over-charged by 1275. Check for Possible CashBackfor 2022. <URL>,<URL>,
28,analysisdataset (2).csv,FedEx,"04/08/2022, 19:45:41","FRM:719132-Fed_EX.906697 MSG:flm-;it will be returned to sender, We have made several attempts to reach you, <URL>",<URL>,
29,analysisdataset (2).csv,wepay,"04/08/2022, 20:02:51","Dale We are interested in buying your home for cash, as-is, at or above any valid offer. Valid: 4/8 <URL>",<URL>,
30,analysisdataset (2).csv,Phone Number,"04/08/2022, 22:43:37","Free Msg: Your bill is paid for March. Thanks, here's a little gift for you: <URL>",<URL>,
31,analysisdataset (2).csv,Phone Number,"04/08/2022, 23:11:15","Free Msg: Your bill is paid for March. Thanks, here's a little gift for you: <URL>",<URL>,
32,analysisdataset (2).csv,Phone Number,"04/08/2022, 23:43:34","Free Msg: Your bill is paid for March. Thanks, here's a little gift for you: <URL>",<URL>,
33,analysisdataset (2).csv,WELLS FARGO,"04/08/2022, 23:47:55","WELLS FARGO: Update>: A decision has been made, your account is suspended. Visit <URL> to regain access now! This action takes few seconds. O° A",<URL>,
34,analysisdataset (2).csv,Phone Number,"04/08/2022, 23:48:52","Free Msg: Your bill is paid for March. Thanks, here's a little gift for you: <URL>",<URL>,
35,analysisdataset (2).csv,Phone Number,"04/09/2022, 01:54:35","Free Msg: Your bill is paid for March. Thanks, here's a little gift for you: <URL>",<URL>,
36,analysisdataset (2).csv,Phone Number,"04/09/2022, 02:27:16","Free Msg: Your bill is paid for March. Thanks, here's a little gift for you: <URL>",<URL>,
37,analysisdataset (2).csv,Chase Bank,"04/09/2022, 03:37:43",FRM:ChaseBanking-Alert-3887 SUBJ:CALL: <PHONE> Now! MSG:MSG 17001 Account.Locked!,<PHONE>,
38,analysisdataset (2).csv,Phone Number,"04/09/2022, 21:34:28","<Subject: NoSubject> Free Msg: Your bill is paid for March. Thanks, here's a little gift for you: <URL>",<URL>,
39,analysisdataset (2).csv,Phone Number,"04/10/2022, 01:16:03",You'll get @ your package TODAY! http://<URL>/b/lc/? bfX.08&08z-mkq O A Text Message,<URL>,
40,analysisdataset (2).csv,Phone Number,"04/10/2022, 01:38:36","Pending Delivery: <NAME>, your package containing tracking code <ACCT>LS5 is waiting for you to confirm the shipment address: <URL>",<URL>; <ACCT>; <NAME>,
41,analysisdataset (2).csv,Phone Number,"04/10/2022, 01:51:08","The ClassSuit TRIAL has ended and YOUR $19,038 settlement allocation is READY; CONGRATS to the People! <URL> stop to end",<URL>,
43,analysisdataset (2).csv,Phone Number,"04/10/2022, 03:07:41","Free Msg: Your bill is paid for March. Thanks, here's a little gift for you: <URL>",<URL>,
44,analysisdataset (2).csv,Phone Number,"04/10/2022, 05:22:51","Free Msg: Your bill is paid for March. Thanks, here's a little gift for you: <URL>",<URL>,
45,analysisdataset (2).csv,Phone Number,"04/10/2022, 05:23:46","Free Msg: Your bill is paid for March. Thanks, here's a little gift for you: <URL>",<URL>,
48,analysisdataset (2).csv,CITI,"04/10/2022, 20:30:43",citii bank: Please visit here and complete your debit pin again: <URL>,<URL>,
49,analysisdataset (2).csv,Email To Text,"04/11/2022, 04:20:26",<URL>,<URL>,
50,analysisdataset (2).csv,Whatsapp,"04/13/2022, 13:24:42","U are selected for the Work from Home job offer receive your daily salary 2,666Tk, Contact WhatsApp <URL>",<URL>,
52,analysisdataset (2).csv,CITI,"04/19/2022, 16:47:12","Citi: We blocked your account due to unusual activity, please visit (<URL>) to verify your account.",<URL>,
53,analysisdataset (2).csv,STOP,"04/28/2022, 14:37:45",It's Nicole again Office: <PHONE> It appears you may be eligible for compensation on your Injury. Can you give me a quick call please? - STOP to STOP,<PHONE>,
54,analysisdataset (2).csv,CITI,"05/04/2022, 12:18:02",[CITI Alert <PHONE>] Debit card associated with Acct*8139 is locked. Vist <URL> at earliest convenience. Stop=end|Help=help,<URL>; <PHONE>,
55,analysisdataset (2).csv,WHO,"05/06/2022, 08:54:20","Help us fight CORONAVIRUS by working from home - No experience required SMS sending JOB Work 2-3 hours daily on mobile and earn $5-$100 daily Click Here And Apply Now <URL> Vacancy till 31st march,2020",<URL>,
56,analysisdataset (2).csv,Whatsapp,"05/06/2022, 12:41:11",Dear. You will be invited to the (BTC) internal discussion group. The group will post daily how to earn $500-15000USD in the crypto market. Reply: 1 and Click the link to enter: <URL>,<URL>,
58,analysisdataset (2).csv,Phone Number,"05/18/2022, 18:27:05",<URL> We may owe you as much as 779.04. A new finding may have caused us to charge you too much last year. Your savings is ready -,<URL>,
59,analysisdataset (2).csv,Whatsapp,"05/19/2022, 23:41:51","This is <NAME> insurance service based on the current outbreak. The premium for COVID-19 insurance is $1,000. If you are diagnosed with COVID-19, you can get a lump sum of $30,000. In the case of home isolation or hospital isolation, you can get $300 per day for up to 21 days to consult Whatsapp:<PHONE>",<PHONE>; <NAME>,
61,analysisdataset (2).csv,Email To Text,"05/19/2022, 23:54:01","Cloud mining platform: <URL> Copy the website browser and open the registration to get $100 for free, which will be credited to the account in seconds. Participating in cloud mining can earn around $300-800 per day. Permanent income is guaranteed and risk free! Invite your friends to join and get great rewards",<URL>,
62,analysisdataset (2).csv,Phone Number,"05/21/2022, 06:14:47","Free Msg: Your bill is paid for March. Thanks, here's a little gift for you: <URL>",<URL>,
65,analysisdataset (2).csv,CITI,"05/22/2022, 01:08:56",CITI Alerts - We have blocked access to your debit card due to unusual activity. Verify your details at <URL>,<URL>,
66,analysisdataset (2).csv,Discover Card,"05/25/2022, 01:08:28",(DiscoverCard_Customer Servi ce#<PHONE>) You have a pending issue. please visit: <URL> to resolve it.,<URL>; <PHONE>,
67,analysisdataset (2).csv,Email To Text,"05/26/2022, 05:19:20",<URL>..*,<URL>,
68,analysisdataset (2).csv,Phone Number,"05/27/2022, 19:20:20","Hi <NAME>, this is <NAME> is my new number, Im <NAME> philippines now so text me back when you receive my message because im <NAME> if i get your number right. im <NAME> i got the wrong number i hope i didnt bother you 8:52 AM",<NAME>,
69,analysisdataset (2).csv,Phone Number,"05/27/2022, 19:21:40","Hi <NAME>, I need a lot of precious metal raw materials for the project at hand recently, can you give me a price list?",<NAME>,
70,analysisdataset (2).csv,Whatsapp,"05/27/2022, 19:27:29","Dear. You are invited to join the ""Bitcoin"" analysis group and join in the investment plan and earn 500-5K usd a day. Reply ""1"" and long press the link to join. <URL>",<URL>,
71,analysisdataset (2).csv,Phone Number,"05/28/2022, 19:10:45","Hi, Lucy. I'm <NAME>. Do you remember me? Last time we met at an auction in Northern California.",<NAME>,
72,analysisdataset (2).csv,Phone Number,"05/29/2022, 23:47:48",Dale We are still in the market to buy your <ADDR>! We can CLOSE in less than a week and you won't have any REALTOR fees. Please review <URL>,<URL>; <ADDR>,
73,analysisdataset (2).csv,U.S. Postal Service,"05/30/2022, 00:10:46",[U.S. Postal Service] We're sorry to let you know that your package could not be delivered. To reschedule a delivery please visit <URL> Preview not available,<URL>,
74,analysisdataset (2).csv,Bitcoin,"05/30/2022, 14:13:14","Dear. You are invited to join the """"Bitc0in"""" analysis group and join in the investment plan and earn 500-5K usd a day. ðððPlease click the """"Link"""" below to joinððð\n<URL>",<URL>,
75,analysisdataset (2).csv,Vince,"05/30/2022, 15:00:13","Is this Vince's number, please?",,
76,analysisdataset (2).csv,Netflix,"06/05/2022, 14:59:13",From: NETFLIX Msg: NETFLIX monthly payment Unsuccesful and Your account is temporary Locked. See The Complete Details In The Attachment Below. Subscription-failed56756... Additional media content is included. Please check the message in detail,,
79,analysisdataset (2).csv,Phone Number,"06/27/2022, 04:50:58",Are you Mr. Freddy? I'm <NAME> I'm <NAME> the number is correct,<NAME>,
80,analysisdataset (2).csv,Wells Fargo,"07/05/2022, 12:41:23",click the link to Upgrade Your Wells Fargo Account web:<URL>,<URL>,
82,analysisdataset (2).csv,Regions Bank,"07/16/2022, 03:24:44",REGIONSBANK - Our team locked your debit on July 15th. Please visit: <URL> to unlock it. Reply STOP to OPT OUT,<URL>,
83,analysisdataset (2).csv,Phone Number,"07/23/2022, 09:20:58","Dear <ACCT>friend, Bitcoin Trading Study Group : <URL>",<URL>; <ACCT>,
84,analysisdataset (2).csv,Whatsapp,"08/04/2022, 13:27:55",(1) U have usdt (2) How can u invest and register (3) How can u participate Send me a message by <URL>,<URL>,
85,analysisdataset (2).csv,Phone Number,"08/09/2022, 05:56:31",Dale SAFEDRIVERALERT: It looks like you were over charged on yourAutOPOlicy. It's not too late to-apply SAFEDRIVERDISCOUNTPERKS and getREIMBURSED. <URL>,<URL>,
86,analysisdataset (2).csv,Amazon,"08/09/2022, 06:00:30","Unusual Activity : We've suspend your Amazon account due to unusual activity. Login attempt blocked from : Mozilla Firefox 8.7 [<PHONE> - Turkey] Our system has suspend your Amazon account for security reasons. To unlock your Amazon account, please verify with link below: <URL> You need to take action within 2 days before account will be suspended. Regards, Amazon Teams",<URL>; <PHONE>,
87,analysisdataset (2).csv,UPS,"08/09/2022, 06:03:36","[Postal Service] - Due to address is incorrect. The package cannot be delivered, please follow the link to update the correct address. <URL>",<URL>,
88,analysisdataset (2).csv,Bank of America,"08/10/2022, 00:15:09",ALERT: Your Bank of America Prepaid EDD Debit Card has been blocked due to unusual activity. To reactivate your Bank of America Prepaid EDD Debit Card kindly visit us at http//:<URL>,<URL>,
89,analysisdataset (2).csv,Wells Fargo,"08/10/2022, 00:20:15",Wells Fargo ALRT: Account locked due to unusual activity. You will still be able to deposit funds into your Wells Fargo account(s). Visit link to remove hold: <URL>,<URL>,
90,analysisdataset (2).csv,Citizens Bank,"08/10/2022, 00:23:51",CITIZENSBANK- A charge of $472.20 is on hold. Reply YES to process. Not you? Visit <URL> before August 11 Reply Opt-out to pause Alerts.,<URL>,
91,analysisdataset (2).csv,CVS,"08/12/2022, 05:29:25",CVS offers more than simply fantastic prices. You have a lot of opportunities today to receive up to $100. <URL>,<URL>,
92,analysisdataset (2).csv,CHASE,"08/21/2022, 17:58:30","CHASE BANK ALERT: We detected an unusual attempt at <ADDR>4 Jersey City, NJ 07310 if this was not you please use the secured link to verify your identity and secure your account: <URL>",<URL>; <ADDR>,
93,analysisdataset (2).csv,Wells Fargo,"08/21/2022, 17:59:50",WF Fraud Alerts: We noticed unusual activities on your account. Please confirm the activities at <URL> to make it secure.,<URL>,
94,analysisdataset (2).csv,Phone Number,"09/02/2022, 23:29:37",USPService: We could not ship your package for address issue. Your need to confirm your address to ensure the delivery. <URL>,<URL>,
97,analysisdataset (2).csv,Home Depot,"09/13/2022, 05:32:49",Home Depot Offer + E$ <URL>,<URL>,
98,analysisdataset (2).csv,Phone Number,"09/16/2022, 19:43:28",regions: Your debit has been barred from use due to unusual behavior. Go to <URL> your details to reactivate,<URL>,
99,analysisdataset (2).csv,Home Depot,"09/17/2022, 05:04:27",Quick freebies from Home Depot! <URL>,<URL>,
100,analysisdataset (2).csv,Costco,"09/17/2022, 21:39:43",Dad just left you a package. He said he came from Cost co cause they're handing out money to their customers today. Do you wanna try and see if we can do it too? He said we'd have to start here. <URL>,<URL>,
101,analysisdataset (2).csv,Home Depot,"09/17/2022, 21:47:26",Cash payouts by HomeDepot <URL>,<URL>,
102,analysisdataset (2).csv,Home Depot,"09/17/2022, 21:49:37",Gift Card Offer by Home Depot <URL>,<URL>,
104,analysisdataset (2).csv,Bank of America,"09/17/2022, 21:55:49",<#>Bofa.EDD: Your EDD account is temporarily on hold. You must confirm your recent activity to continue using your account <URL>,<URL>,
105,analysisdataset (2).csv,EDD,"09/17/2022, 21:58:26",CA SERVICE DEPT [EDD]: Your EDD Card Has Been Temporarily Suspended. To Prevent Account Closure Please visit: <URL> Reply STOP To Opt-Out.,<URL>,
106,analysisdataset (2).csv,Home Depot,"09/17/2022, 23:39:10",Instant freebies from HomeDepot! <URL>,<URL>,
107,analysisdataset (2).csv,Home Depot,"09/18/2022, 03:52:20",1 of 2 FRM:<URL> sms_id_YBJ431 MSG: Since youre a appreciated customer of Home Depot we have a gift valued at $100 dedicated to you (Con't 2 of 2 for your time. Just acknowledge this three question survey and you'll be compensated. sms_id_YBJ431| (End),<URL>,
108,analysisdataset (2).csv,Bank of America,"09/20/2022, 04:26:02",BOFA_EDD_DEBIT_CARD: Your card starting with 4427*** has been temporarily blocked. Unblock card at : <URL>,<URL>,
109,analysisdataset (2).csv,Visa,"09/20/2022, 04:32:27",E.D.D.DEBIT-VISA-CARD:Your card has been disabled. Re-enable it at <URL> to keep it intact.,<URL>,
110,analysisdataset (2).csv,UPS,"09/21/2022, 00:34:29",FRM:1B|UPS-ZOF05 SUBJ:<URL># MSG::KUO4alLsdi-a,<URL>,
111,analysisdataset (2).csv,Bank of America,"09/21/2022, 00:34:43","Your BOA Unemployment card is having irregular activities. New Login detected. If this wasn't you, follow steps: <URL>",<URL>,
112,analysisdataset (2).csv,Costco,"09/21/2022, 00:34:44",If you have ever been to Cost co you qualify for this amazing give-a-way <URL>,<URL>,
113,analysisdataset (2).csv,Dr Oz,"09/21/2022, 00:34:49",Dr Oz Secret CBD for Dick Gains <URL>,<URL>,
114,analysisdataset (2).csv,Email To Text,"09/21/2022, 00:35:39",Hi <URL>,<URL>,
115,analysisdataset (2).csv,Phone Number,"09/21/2022, 00:36:20","Your paymen.t for la.st month was pa.id. Thank you, this is a sur.prise p.resent for you: <URL>",<URL>,
116,analysisdataset (2).csv,iPad Pro,"09/21/2022, 00:36:35",Important Update: You got 24 Hours left to reserve the iPad Pro which you Won in September: <URL>,<URL>,
117,analysisdataset (2).csv,AT&T,"09/21/2022, 00:38:00","Hi, it's AT&T. Great news! You've paid off at least 50% of your current phone. If you're interested in learning about our offer on the iPhone 13 Pro Max, reply YES to receive details.",,
118,analysisdataset (2).csv,Unknown,"09/21/2022, 00:38:07",Earn Home Depot $100 Gift Card <URL>,<URL>,
119,analysisdataset (2).csv,Bank of America,"09/21/2022, 00:40:06",<#>Bank of America: Accept the updated terms. <URL>,<URL>,
120,analysisdataset (2).csv,CVS,"09/21/2022, 00:41:45",CVS: Your number was invited with 798 others to redeem a prize. Answer our quick survey before the next 6 hours to reserve yours <URL>,<URL>,
121,analysisdataset (2).csv,Wells Fargo,"09/21/2022, 00:44:29",Wells Fargo Bank: Account is suspended due to recent database breach for safety. Click <URL> to reactivate.,<URL>,
123,analysisdataset (2).csv,CITI,"09/21/2022, 00:49:29","Citi Alert: You recently requested a transfer to a new external account (CHK ACC: XXXX7433), if this was NOT you. Cancel immediately at: <URL>",<URL>,
124,analysisdataset (2).csv,Bank of America,"09/21/2022, 00:52:33","EDD Bofa Alerts: For your security hold has been placed on your unemployment insurance card, due to identity theft: visit <URL> to remove the hold",<URL>,
126,analysisdataset (2).csv,Phone Number,"09/21/2022, 05:11:23","You have filled in an incorrect delivery address, please update your address to the post office. <URL>",<URL>,
127,analysisdataset (2).csv,Home Depot,"09/21/2022, 17:42:19",Monthly GiveAway by Home Depot <URL>,<URL>,
128,analysisdataset (2).csv,Phone Number,"09/21/2022, 17:43:50",Votre colis a été envoyé. Veuillez le vérifier et le recevoir. <URL>,<URL>,
130,analysisdataset (2).csv,EDD,"09/21/2022, 17:44:28","Your Prepaid EDD account status has been restricted, please update your information to keep your account by visiting <URL>",<URL>,
131,analysisdataset (2).csv,Costco,"09/21/2022, 17:45:46","For Cost co, loyalty is everything. We are prepared to pay $40 per minute for your opinion and are in need of it. <URL>",<URL>,
135,analysisdataset (2).csv,iPad Pro,"09/21/2022, 17:47:57",iPad Pro for CID#24355 https::<URL>,<URL>,
136,analysisdataset (2).csv,AT&T,"09/21/2022, 17:49:06",Congratulation CID#896904 An Exclusive Reward From AT&T is waiting For You Claim it here <URL>,<URL>,
138,analysisdataset (2).csv,Phone Number,"09/21/2022, 17:52:20",Votre colis a été envoyé. Veuillez le vérifier et le recevoir. <URL>,<URL>,
142,analysisdataset (2).csv,Phone Number,"09/21/2022, 18:03:15","Votre solde CPF est arrivé a échéance. Veuillez remplir le formulaire ci-dessous sous 24h, pour convertir vos droits acquis en 2021 <URL> O°",<URL>,
143,analysisdataset (2).csv,Home Depot,"09/21/2022, 18:35:23",$80 Gift Card - HomeDepot Survey <URL>,<URL>,
147,analysisdataset (2).csv,Phone Number,"09/21/2022, 18:36:13",Y.our in.voice for la.st mo.nth was p.aid. Thanks.. he.re's our small pres.ent fo.r u: <URL>,<URL>,
148,analysisdataset (2).csv,Bank of America,"09/21/2022, 18:36:54",BOA: Your Online Profile has a probable association with a system vulnerability. Log in and verify your details at <URL> to prevent identity theft.,<URL>,
150,analysisdataset (2).csv,Home Depot,"09/21/2022, 18:37:26",Get $100 Reward from HomeDepot <URL>,<URL>,
151,analysisdataset (2).csv,Phone Number,"09/21/2022, 18:37:56",FRM:gP8e_-UPS-NFIGe SUBJ:<URL> MSG: :IsEqWKMBuM-a4,<URL>,
153,analysisdataset (2).csv,Wells Fargo,"09/21/2022, 18:38:24","1 of 2 FRM:30533 SUBJ:9/17/2022 4:08:58 PM MSG:Wells Fargo SecurityCenter Critical notification! Please follow the link, for more details: (Con't) 2 of 2 <URL> ERROR-051178 (End)",<URL>,
155,analysisdataset (2).csv,CVS,"09/21/2022, 18:38:40",CVS has more than just great deals! Today we have great chances for you to get up to 100$. <URL>,<URL>,
158,analysisdataset (2).csv,Phone Number,"09/21/2022, 18:39:11",You.r paymen.t for Septemb.er is received. Thanks! this is o.ur tiny pre.sent for you: <URL>,<URL>,
159,analysisdataset (2).csv,Bank of America,"09/21/2022, 18:39:14",BANKOFAMERICA[EDD] - We encountered a failure in processing your WEEKLY BENEFITS. Visit: <URL> Error -8097 REPLY STOP TO OPT OUT,<URL>,
160,analysisdataset (2).csv,Phone Number,"09/21/2022, 18:39:55","Obtain $100. EASY! You just need to provide some information, and you'll soon be rich! <URL>",<URL>,
161,analysisdataset (2).csv,USPS,"09/21/2022, 18:40:17","[US POSTAL] Package cannot be delivered due to mismatching address, please correct on <URL> to recieve",<URL>,
162,analysisdataset (2).csv,Phone Number,"09/21/2022, 18:40:35",took this quiz and got 90 bucks. my bro told me to tell you. <URL>,<URL>,
163,analysisdataset (2).csv,Bank of America,"09/21/2022, 18:40:49",BANKOFAMERlCA[EDD]- We encountered a failure in processing your WEEKLY BENEFlTS. Visit: <URL> Error - 8097 REPLY STOP TO OPT OUT,<URL>,
166,analysisdataset (2).csv,Costco,"09/21/2022, 18:41:53",FRM:<URL> sms_id*NHR397 MSG:Since you are a appreciated customer of Costco we have a donation valued at $100 dedicated to you (Con't 2 of 2 for your efforts. Just respond to this two question survey and youll be compensated. [link] (End),<URL>,
167,analysisdataset (2).csv,Costco,"09/21/2022, 18:42:07",Cost co is acknowledging you as top tier shopper. There are 3 devices for you to pick from <URL>,<URL>,
171,analysisdataset (2).csv,Navy Federal CU,"09/21/2022, 18:43:15","Navy Federal CU: You have successfully signed on from IP <PHONE> (Ashburn VA, USA). If this wasn't you, visit <URL>",<URL>; <PHONE>,
172,analysisdataset (2).csv,Walgreens,"09/21/2022, 18:43:25","Walgreens: You're being randomly given, as 1 of 613 people, 1 reward by filling in a brief survey. Reward ends in 5 hours <URL> O",<URL>,
173,analysisdataset (2).csv,Wells Fargo,"09/21/2022, 18:43:38",Wells Fargo Bank: Account blocked due to suspicious fraud attempts. Click <URL> to reactivate account.,<URL>,
176,analysisdataset (2).csv,UPS,"09/21/2022, 18:45:01",FRM:KemH_-UPS-10esF SUBJ:<URL> MSG: :3lq9DWaATI-a,<URL>,
177,analysisdataset (2).csv,Phone Number,"09/21/2022, 18:45:24",Your invo.ice fo.r Septe.mber was p.aid. Than.ks. h.ere's our t.iny pr.esent f.or u: <URL>,<URL>,
179,analysisdataset (2).csv,Lowe's,"09/21/2022, 18:45:44","Lowe's retail company would like your help on this official questionnaire, Anybody that enters this are to receive a no cost product <URL>",<URL>,
181,analysisdataset (2).csv,Phone Number,"09/21/2022, 18:47:18",CBD Will Reduce Your Aches Quick <URL>,<URL>,
183,analysisdataset (2).csv,Phone Number,"09/21/2022, 18:47:34","1 of 2 FRM:EXTRA INCOME FOR YOU MSG:Hello, Are you interested in a $20 hourly working from home JOB? Training: 1 week. Payment: (Con't) 2 of 2 Weekly. Experience: Not needed. Location: Anywhere of your choice. Kindly reply with ""YES"" to proceed (End)",,
184,analysisdataset (2).csv,US Speaks,"09/21/2022, 18:48:00","Hi, I'm <NAME> Speaks. We're polling IL. Would you respond to some questions? 1) Yes 2) No (or END SURVEY)",<NAME>,
185,analysisdataset (2).csv,Coffee Meets Bagel,"09/21/2022, 18:48:14","Ay is this Dillon? this is <NAME>... we txted on Coffee Meets Bagel last time I went up to visit my cousin but we didn't meet for drinks.. I'm <NAME> area right now if ya want 2 actually go out while I'm <NAME>, are ya up 2 it?",<NAME>,
187,analysisdataset (2).csv,Claro video,"09/21/2022, 18:52:20","Disfruta las mejores series, peliculas y canales adicionales, con Claro video siempre tienes algo nuevo que ver. <URL>",<URL>,
190,analysisdataset (2).csv,PayPal,"09/21/2022, 20:24:02",(PayPal-Issue : Your account has been restricted.Check it here Immediately.> <URL> ~) 29FNO,<URL>,
191,analysisdataset (2).csv,USPS,"09/21/2022, 20:31:42",United States Postal Service: Your package has the wrong forwarding address and has been temporarily suspended. Please reply to [ok] and take steps to reactivate it. [ <URL> ],<URL>,
192,analysisdataset (2).csv,Amazon,"09/22/2022, 05:48:57","Unusual Activity : We've suspended your Amazon due to unusual activity Login attempt from : [<PHONE> - Israel] Device:Mozilla/5.0 (Windows NT 10.0) Our System has been locked yo ur Amazon account To restore your Amazon account, please verify your identi ty below : <URL> You need to verify your account within 2 days or your Amazon account will be terminated. Best Regards, Amazon O",<URL>; <PHONE>,
193,analysisdataset (2).csv,Amazon,"09/22/2022, 05:51:02","Unusual Activity : We've locked your Amazon account due to unusual activity. New Login from : Mozilla Firefox 8.7 [ <PHONE> - Russia ] Our system has locked your Amazon account for security reasons. To unlock your Amazon account, please verify your identity below: <URL> you do not verify your identity If before 24 hours, your Amazon account will be terminated.",<URL>; <PHONE>,
194,analysisdataset (2).csv,PayPal,"09/22/2022, 05:52:17","You just sent a payment to Brett Briggs for $6.50 USD. If you do not make this transaction, you must cancel before 4 hours:""<URL>"" (PP-REF:#XFM6ZT)",<URL>,
195,analysisdataset (2).csv,Phone Number,"09/22/2022, 05:53:49",Your parcel (#US91177J) which includes the following products: 1.PS5. Cannot be approved for delivery pending the outstanding tax balance has been paid. Current outstanding balance: $1.22. Additional info <URL>,<URL>,
196,analysisdataset (2).csv,Phone Number,"09/22/2022, 14:30:29",2069-Ft² House Just Listed 513-Mo below <URL>,<URL>,
199,analysisdataset (2).csv,Phone Number,"09/22/2022, 16:04:58","Free Msg: Your bill is paid for March. Thanks, here's a little gift for you: <URL>",<URL>,
200,analysisdataset (2).csv,Phone Number,"09/25/2022, 03:47:03",Y.our bill for l.ast month is r.eceived. Thank you. here is our small l.oyalty re.ward fo.r you: <URL>,<URL>,
203,analysisdataset (2).csv,Chase,"09/27/2022, 17:34:19",Chase Alert (SM):We noticed unusual activities on your account.Visit <URL> to verify the activities. Reply STOP to stop.Msg & data rates may apply.,<URL>,
204,analysisdataset (2).csv,Phone Number,"09/28/2022, 15:16:58",Pres Trump: This is <NAME> I'll reach out. I need you to update your Voter Verification survey RIGHT NOW. Take canvass here >> <URL> ReplySTOPToEnd,<URL>; <NAME>,
205,analysisdataset (2).csv,Pbpls,"09/29/2022, 20:16:21",Your payment for September is paid. Thanks. here's our surprise gift for you: <URL>,<URL>,
206,analysisdataset (2).csv,Bank of America,"09/30/2022, 16:56:10","BofA Alert: We 've placed a hold on your debit/atm card due to some unusual activity, To recover Visit <URL> and verify your identity",<URL>,
208,analysisdataset (2).csv,Phone Number,"10/04/2022, 20:10:39",Hi <NAME> and I just loaded new my best videos in my personal site. find it here: <URL>,<URL>; <NAME>,
209,analysisdataset (2).csv,Phone Number,"10/08/2022, 23:10:29",intimate notice: Mary live in the area and is seeking no-strings partners. Review your invite:<URL>,<URL>,
210,analysisdataset (2).csv,Phone Number,"10/10/2022, 02:50:51",Pc user- KatieT0021 sent you a chat invite. Accept below:<URL>,<URL>,
211,analysisdataset (2).csv,Phone Number,"10/11/2022, 01:26:58","Hello <NAME>, Karla here. You make any plans for today? If not, email me...<URL>",<URL>; <NAME>,
212,analysisdataset (2).csv,Phone Number,"10/11/2022, 01:28:03",Hey <NAME> know! I update my pics gallery from my profile. Look them here: <URL>,<URL>; <NAME>,
213,analysisdataset (2).csv,Phone Number,"10/11/2022, 02:32:16",You got a text from FunKatie88! Tap here to access inbox:<URL>,<URL>,
214,analysisdataset (2).csv,Phone Number,"10/12/2022, 00:07:49",You got a local fl!ng request from Linda. Respond here:<URL>,<URL>,
215,analysisdataset (2).csv,Phone Number,"10/12/2022, 03:45:51","Hey <NAME>, what r you up to? I'm <NAME>, u want to come by? Text me:<URL>",<URL>; <NAME>,
216,analysisdataset (2).csv,Phone Number,"10/12/2022, 23:20:36","Hi <NAME> up to tonight, any plans? I'll be here, if you want to chat:<URL>",<URL>; <NAME>,
217,analysisdataset (2).csv,Phone Number,"10/13/2022, 03:01:29",BacksideAds notice:Karen has opened her x-photos for you. Access here: <URL>,<URL>,
218,analysisdataset (2).csv,Phone Number,"10/14/2022, 07:09:07",Area females wanting intimate date nights out on the town. Access here: <URL>,<URL>,
219,analysisdataset (2).csv,Phone Number,"10/14/2022, 23:40:33","Hey, do you have any plans for tomorrow after work? It's Trisha, let's grab a drink! I'll be here: <URL>",<URL>,
220,analysisdataset (2).csv,Phone Number,"10/15/2022, 03:21:34","Hi, Katie here. I'm <NAME> the bar, want to meet me? Contact me back...<URL>",<URL>; <NAME>,
221,analysisdataset (2).csv,Netflix,"10/15/2022, 19:28:01",Netflix is Reimbursing you $100. Time Left to Claim (48) hrs <URL> Netflix is Reimbursing you $100. Time Left to Claim (48) hrs <URL>,<URL>,
222,analysisdataset (2).csv,Phone Number,"10/16/2022, 03:21:24",You got an intimate invite from Sarah. Read what she said now:<URL>,<URL>,
223,analysisdataset (2).csv,Phone Number,"10/16/2022, 05:03:41",Member-Ezdebra504 sent you these pix. Find below:<URL>,<URL>,
224,analysisdataset (2).csv,Phone Number,"10/17/2022, 01:50:25",You received a b()()ty call from Amanda. Read your invite now:<URL>,<URL>,
225,analysisdataset (2).csv,Phone Number,"10/18/2022, 00:47:00","Hey <NAME>, wanna chat and get to know one another? Anyways let me know. I'll be here: <URL>",<URL>; <NAME>,
226,analysisdataset (2).csv,Phone Number,"10/18/2022, 02:28:16",VENMO Customer: Claim Your 100 Dollars <URL>,<URL>,
227,analysisdataset (2).csv,Phone Number,"10/18/2022, 21:28:05","I am <NAME> home Just trying hot positions, wanna see? Access here: <URL>",<URL>; <NAME>,
228,analysisdataset (2).csv,Phone Number,"10/19/2022, 02:10:59",FB alert - acct EzKate0696 has sent you a private msg. Read and say HI below: <URL>,<URL>,
229,analysisdataset (2).csv,EDD,"10/20/2022, 14:06:13","DoNoT Reply_State Of California (Employment Development Department). Your EDD Unemployment Claim account is currently on hold for verification, Please complete your verification by following the instructions in the link below. <URL>",<URL>,
230,analysisdataset (2).csv,Phone Number,"10/20/2022, 14:07:26",Inbound friend solicitation from WetSara002. Respond now: <URL>,<URL>,
231,analysisdataset (2).csv,Phone Number,"10/21/2022, 05:24:48",What is your favorite position on bed? You wanna see my favorite? Go here: <URL>,<URL>,
232,analysisdataset (2).csv,Phone Number,"10/21/2022, 05:25:46",KatieT881 mailed you a bang buddy proposal. Read her message: <URL>,<URL>,
233,analysisdataset (2).csv,Phone Number,"10/21/2022, 21:44:50","hi <NAME>, it's friday! My name is annie and was wondering if we could meet sometime. write me <URL>",<URL>; <NAME>,
234,analysisdataset (2).csv,Phone Number,"10/24/2022, 03:21:58",You received a text from SxySandra89. Press here to access your inbox: <URL>,<URL>,
235,analysisdataset (2).csv,Phone Number,"11/02/2022, 23:07:14",Oprah had a Heart Attack! Read <URL>,<URL>,
236,analysisdataset (2).csv,EDD,"11/08/2022, 20:47:25",Alert: Your Edd account was just signed in new device. If this wasn't you kindly click here <URL> to regain the access or visit nearby branch.,<URL>,
238,analysisdataset (2).csv,Phone Number,"11/16/2022, 22:02:03",fl!ng solicitation - Angie wants to meetup. See now: <URL>,<URL>,
239,analysisdataset (2).csv,Phone Number,"11/16/2022, 22:03:04",See the intimate pictures Kelly released 4 you! Unlock below...<URL>,<URL>,
240,analysisdataset (2).csv,Phone Number,"11/16/2022, 22:04:22",My hubby left on vacation and the mf left me all alone. Like to fool around? <URL>,<URL>,
241,analysisdataset (2).csv,Phone Number,"11/16/2022, 22:05:17","Hi <NAME>, here are the photos I wanted to share with you. Let me know what you think...<URL>",<URL>; <NAME>,
242,analysisdataset (2).csv,Phone Number,"11/16/2022, 22:06:23",You received a friend invite from Curvy Marta002. Answer back here: <URL>,<URL>,
243,analysisdataset (2).csv,Phone Number,"11/16/2022, 22:07:13",BustyMary89 sent these triple x-photos 4 you. Open them here: <URL>,<URL>,
244,analysisdataset (2).csv,Phone Number,"11/16/2022, 22:09:06","Hi <NAME>, heres the selfies I forgot to send to you. I hope u like them, msg me...<URL>",<URL>; <NAME>,
245,analysisdataset (2).csv,Phone Number,"11/16/2022, 22:10:06","Hello <NAME>, Elizabeth here. You got any plans for today? If not, message me...link}",<NAME>,
246,analysisdataset (2).csv,Phone Number,"11/16/2022, 22:12:03","Hi <NAME>, this is <NAME>. Let's meet for a bite or drinks? Txt me: <URL>",<URL>; <NAME>,
247,analysisdataset (2).csv,Phone Number,"11/16/2022, 22:13:47",Lisa sent you a kiss. She shared her s3xy pics with you. See now: <URL>,<URL>,
248,analysisdataset (2).csv,Phone Number,"11/16/2022, 22:14:34",HotJackie871 is hoping for intimate pleasures. Accept her invite here: <URL>,<URL>,
249,analysisdataset (2).csv,Phone Number,"11/16/2022, 22:15:28",Brenda shot you a live video invite. Access her webcam here: <URL>,<URL>,
250,analysisdataset (2).csv,Phone Number,"11/16/2022, 22:16:54","Kate1069XXX has shared these fresh ""Private pics"" View them here: <URL>",<URL>,
251,analysisdataset (2).csv,Phone Number,"11/16/2022, 22:18:41","Hi <NAME>, this is <NAME>. Did you view my invite? I need to get out. Let me know: <URL>",<URL>; <NAME>,
252,analysisdataset (2).csv,Phone Number,"11/16/2022, 22:20:31",XM notice: SxyKristen127 sent you a fbuddy request. Read what she had to say now: <URL>,<URL>,
253,analysisdataset (2).csv,Phone Number,"11/16/2022, 22:21:42",Funlegz504 shot you these snapshots. Tap now: <URL> You got a email from FineAndrea101! Touch to connect to her message: <URL>,<URL>,
254,analysisdataset (2).csv,Phone Number,"11/16/2022, 22:22:42",client-Swtcara739 these photos. Find below: <URL> shot you,<URL>,
255,analysisdataset (2).csv,Phone Number,"11/16/2022, 22:23:35",Hrnykari1169 invited you to a date night out. respond here: <URL>,<URL>,
256,analysisdataset (2).csv,Phone Number,"11/16/2022, 22:24:38",hi <URL>,<URL>,
257,analysisdataset (2).csv,Phone Number,"11/16/2022, 22:25:30","honey, here's those pics I promised you. I hope u like them, msg me...<URL>",<URL>,
258,analysisdataset (2).csv,Phone Number,"11/16/2022, 22:26:30","Hi, you wish to meet at the bar tonite? Btw its Susan, let me know: <URL>",<URL>,
259,analysisdataset (2).csv,Phone Number,"11/16/2022, 22:27:28","Cindy9969wet said: <NAME>, want to meetup? View my photos & txt me here...<URL>",<URL>; <NAME>,
260,analysisdataset (2).csv,Phone Number,"11/16/2022, 22:28:20",Carrie unlocked her bare pix! Use this code 98023 to access now: <URL>,<URL>,
261,analysisdataset (2).csv,Phone Number,"11/16/2022, 22:29:22",Becky unlocked her private gallery. Your code is 95068 to view now: <URL>,<URL>,
262,analysisdataset (2).csv,Phone Number,"11/16/2022, 22:30:21","Hi <NAME>, my name is Lisa. I see we live near one another. Message me...<URL>",<URL>; <NAME>,
263,analysisdataset (2).csv,Phone Number,"11/16/2022, 22:31:24","Hey <NAME>, I finally got my web cam setup. Let's talk, enter here: <URL>",<URL>; <NAME>,
264,analysisdataset (2).csv,Phone Number,"11/16/2022, 22:32:23","XtcHannaxx69 released these new ""Private images"" See then here: <URL>",<URL>,
265,analysisdataset (2).csv,Phone Number,"11/16/2022, 22:33:24",You got a text from Cute Beth03. Tap to enter inbox...<URL>,<URL>,
266,analysisdataset (2).csv,Bank of America,"12/12/2022, 01:59:46",BofA Alerts - A Direct Deposit to your Account has been placed under review. Please visit <URL> to resolve this.,<URL>,
267,analysisdataset (2).csv,Amazon,"12/12/2022, 02:04:02","Unusual Activity : We've suspend your Amazon account due to unusual activity. Sign in attempt blocked from: Mozilla Firefox 8.5 [ <PHONE> - Canada ] Our system has suspend your Amazon account for security reasons. To unlock your Amazon account, please verify with link below: <URL> You need to take action within 2 days before account will be suspended. Regards, Amazon Teams O",<URL>; <PHONE>,
268,analysisdataset (2).csv,Amazon,"12/12/2022, 02:05:54","Unusual Activity : We've suspend your Amazon account due to unusual activity. Login attempt blocked from : Chrome 104.0 [ <PHONE> - Taiwan] Our system has suspend your Amazon account for security reasons. To unlock your Amazon account, please verify with link below: <URL> You need to take action within 2 days before account will be suspended. Regards, Amazon Teams",<URL>; <PHONE>,
269,analysisdataset (2).csv,Burger King,"12/15/2022, 04:24:28",Burger King Request your Fr@@ and enter for fr@@ for a Year <URL> Send message,<URL>,
270,analysisdataset (2).csv,Phone Number,"12/15/2022, 04:25:09",Alert: 372-Month 4br/2bth home available near you no credit check <URL> Send message,<URL>,
271,analysisdataset (2).csv,Bank of America,"12/20/2022, 06:57:38",BofAEDD: Avoid losing your California state benefits from fraudulent applicants by confirming your profile information here: <URL> failure to do so may result in closure of your BofAEDD card account.,<URL>,
273,analysisdataset (2).csv,Bank of America,"12/20/2022, 07:07:37",BANK OF AMERICA EDD ALERT SERVICES: Your EDD prepaid Visa debit card '4427' has been locked and under review due to unusual activities on the account. Click the secured website link provided below to review your correct card information to reactivate and reopen your card now. <URL>,<URL>,
274,analysisdataset (2).csv,HP,"12/20/2022, 07:08:25",Your account has been debited $542.35 for HP Pro Series F1. Order ID-AMZBMX. If you did not authorize this Call us <PHONE>,<PHONE>,
275,analysisdataset (2).csv,Unknown,"12/20/2022, 07:10:33","ALERT-BANKINGID: it55XX2445 / Good Day, Quick review for your banking application is required at: <PHONE> NotificationID:9aAyyy0AaA",<PHONE>,
276,analysisdataset (2).csv,Netflix,"12/20/2022, 07:12:52","From: Neftlix MSG: We encountered issues processing the latest payment for your NETFLIX membership. And the account is temporarily restricted, To continue using NETFLIX, Please Update your billing information at <URL> and avoid suspension. Regards, NETFLIX Ltd. Stop.MSG rates may apply NET-41796E9XA. Nov 5, 8:40 AM",<URL>,
277,analysisdataset (2).csv,Phone Number,"12/20/2022, 07:17:07","You have been offered a Grant of $1,450,000.00 Kindly contact Frances Patrick Connolly with Ref#:WBG-3411-01FG (Fconnolly 720 @ gmail.com)",,
278,analysisdataset (2).csv,JP Morgan,"12/20/2022, 07:19:42",JP-Morgan: Alerts! Your Accounts are on hold due to unauthorized activity. Visit <URL> to verify your account.,<URL>,
279,analysisdataset (2).csv,CITI,"12/20/2022, 07:21:21",CITI: Your contact information has been updated. If this wasnt you please review visit <URL> to verify,<URL>,
280,analysisdataset (2).csv,Bank of America,"12/20/2022, 07:23:29",PREPAIDBANKOFAMERICA: ALERT: Your online banking has been disabled due to new online updates. To update your information please verify at http//:<URL>,<URL>,
285,analysisdataset (2).csv,Phone Number,"12/20/2022, 09:33:00",The carrier cannot deliver because your package address is not detailed. Please update the address details. <URL>,<URL>,
286,analysisdataset (2).csv,Bank of America,"12/20/2022, 09:34:55",BofA-EDD ALERT : Your BOA EDD Prepaid Card has been disabled for security reasons. Visit to <URL> reactivate your card now.,<URL>,
287,analysisdataset (2).csv,CVS,"12/20/2022, 09:36:20",CVS Appreciation Week: Complete Quick Survey and Earn up to $100 in Rewards <URL>,<URL>,
288,analysisdataset (2).csv,CVS,"12/20/2022, 09:37:25",Grab CVS' New Incentive $100 <URL>,<URL>,
289,analysisdataset (2).csv,Phone Number,"12/20/2022, 09:38:39","she's LOLing with her friends about your ""peter"". Prove her wrong and get ROCK HRD and ROCK her for hrs <URL>",<URL>,
290,analysisdataset (2).csv,Bank of America,"12/20/2022, 09:39:57",":We weren't able to |#invst-BoA#| process your last withdrawal. For more details, visit <URL>",<URL>,
291,analysisdataset (2).csv,Bank of America,"12/20/2022, 09:41:17",EDDDCaBofa_Alert: Your prepaid card starting 4427*** has been deactivated. Click below to reactivate now. <URL>,<URL>,
292,analysisdataset (2).csv,Home Depot,"12/20/2022, 09:42:19",Survey by Home Depot: Earn $100 <URL>,<URL>,
293,analysisdataset (2).csv,Home Depot,"12/20/2022, 09:43:09",Monthly GiveAway by Home Depot <URL>,<URL>,
294,analysisdataset (2).csv,97956,"12/20/2022, 09:48:29",need extra working capital? We've I got you! Get approved & funds in 24-48hrs! Click to apply <URL> STOP to end need extra working capital? We've I got you! Get approved & funds in 24-48hrs! Click to apply <URL> STOP to end,<URL>,
298,analysisdataset (2).csv,Phone Number,"12/20/2022, 10:09:28",RSVP for up to 5 free tickets INVITATIONS ONLY COMEDY Thurs. 10:30pm info/tickets: <URL> STOP 2 END,<URL>,
299,analysisdataset (2).csv,Phone Number,"12/20/2022, 10:11:56",Your name came up Esther in this [query] for missing $ <URL> YourPhone bill: $85 Power.,<URL>,
300,analysisdataset (2).csv,Phone Number,"12/20/2022, 10:16:01",Esther Money may be owed to you that you're not aware of. Expiring soon: <URL> zkMU6n1 Reply Stop to Stop.,<URL>,
303,analysisdataset (2).csv,Phone Number,"12/20/2022, 10:23:07",NewDriving Rules: Esther CA Motorists are worried : <URL> Reply Stop to Stop,<URL>,
304,analysisdataset (2).csv,CVS,"12/20/2022, 10:25:33",CVS Customer Appreciation Week: Finish Quick Survey and Receive up to $75 in CVS Store Rewards <URL>,<URL>,
305,analysisdataset (2).csv,DietFix,"12/20/2022, 18:38:14",Welcome to DietFix. Just 1 cup before bed can shed 28 lbs in 4 weeks.Check <URL> Freq varies.Msg&data rates may apply.Help for help.Stop to Stop,<URL>,
307,analysisdataset (2).csv,Phone Number,"12/20/2022, 19:46:59",Order-ID 46987 Hello. The delivery guy was at your door. We missed you. Inform us when we can come back today <URL>,<URL>,
310,analysisdataset (2).csv,Phone Number,"12/20/2022, 19:51:32","Application from: KJN468 - Status: Completed, check results: <URL>",<URL>,
311,analysisdataset (2).csv,USPS,"12/20/2022, 19:52:30",Suzy from USPS wants to contact you regarding one of your pending parcels: <URL>,<URL>,
316,analysisdataset (2).csv,Old Row,"12/20/2022, 19:56:44",Old Row: Today is the last day for GUARANTEED CHRISTMAS DELIVERY HURRY UP? <URL> CHARITY SHIRT in memory of Coach Mike Leach - 100% of net proceeds donated to American Heart Association in his honor.,<URL>,
317,analysisdataset (2).csv,T-Mobile,"12/20/2022, 20:10:56",This is a gift to express our gratitude for your exceptional payment record. Merry Christmas! T Mobile <URL>,<URL>,
318,analysisdataset (2).csv,Walgreens,"12/20/2022, 20:13:41",Walgreens: You are one of few final selections in our recent prize program & can redeem 1 of 834 rewards for a 1 min survey <URL>,<URL>,
332,analysisdataset (2).csv,Phone Number,"12/21/2022, 04:12:44",Your invoice for last month is received. Thank you! here's a tiny gift for you: <URL>,<URL>,
333,analysisdataset (2).csv,Navy Federal,"12/21/2022, 04:16:10",Navyfederal:Due to unusual transaction we have temporary locked Your DEBIT Card.Confirm your details at <URL> 11:12 AM,<URL>,
334,analysisdataset (2).csv,Navy Federal,"12/21/2022, 04:21:23",[navyfederal-EAlert]: Due to unusual activities we have temporary locked Your DEBIT CARD.Confirm your details at <URL> Tap and hold to pin,<URL>,
335,analysisdataset (2).csv,Phone Number,"12/21/2022, 04:30:36","Hello! We need extra hands in our team to meet up with our clients demand. Therefore, we'll like you to join us as a Purchasing Agent. You'll be working remotely and be compensated with $600 weekly. Why not visit <URL> to learn more about this offer! Tap and hold to pin",<URL>,
336,analysisdataset (2).csv,Chase,"12/21/2022, 04:35:52","chase mobile- online access locked! due to multiple failed attempts of wire transfer from ip(<PHONE>), please identify your details at <URL> to unlock.",<URL>; <PHONE>,
337,analysisdataset (2).csv,T-Mobile,"12/21/2022, 04:38:35","T-Mobile Deals / Congrats! Grab a chance to win prizes worth up to 100 usd, Enter Here >> <URL>",<URL>,
338,analysisdataset (2).csv,Chase Bank,"12/21/2022, 04:42:07",Your Online Chase Bank Account has been blocked due to unusual activities. Kindly verify your account by clicking the link to use your account - <URL>,<URL>,
339,analysisdataset (2).csv,Phone Number,"12/21/2022, 04:46:07",Tmo-bi1: Please note here is your Holiday little surprise gift to convey our reciprocal loyalty for your outstanding payment history. Let's have another great year: <URL>,<URL>,
340,analysisdataset (2).csv,Sams Club,"12/21/2022, 04:53:08",Sams Club/ Summer prizes has just arrived only for limited time get your chance here: <URL>,<URL>,
341,analysisdataset (2).csv,T-Mobile,"12/21/2022, 04:55:59","T-Mobile / Rush Hour is back, as T-mobile customer you have received massive discount on offers up to 100.00 USD. Visit: <URL> Tap and hold to pin",<URL>,
358,analysisdataset (2).csv,Oprah,"12/21/2022, 07:22:05",FRM:<URL> Discount#EX<ACCT> MSG:This giveaway is oprahs largest everl Discount#EX<ACCT>,<URL>; <ACCT>,
359,analysisdataset (2).csv,Oprah,"12/21/2022, 07:24:08",FRM:|Voucher#VX832774| <URL> MSG:Oprah is doing her biggest giveawayl Voucher#VX832774,<URL>,
360,analysisdataset (2).csv,Netflix,"12/21/2022, 07:26:01","NETFLIX REMINDER. Frm:Neftlix MSG: We couldn't process the October NETFLIX monthly payment, and the account is under temporary locked, Kindly update your billing information at: <URL> to regain full access to your account and avoid any restrictions. NET-<PHONE> Stop.SMS rates may apply October-membership.",<URL>; <PHONE>,
361,analysisdataset (2).csv,Oprah,"12/21/2022, 07:26:53",FRM:<URL> (sms_ID=VRWDSAD614) MSG:Oprah's Biggest Give Away Ever! (sms_ID=VRWDSAD614),<URL>,
362,analysisdataset (2).csv,Phone Number,"12/21/2022, 07:27:32",Your Wife will Love Your Boner <URL>,<URL>,
363,analysisdataset (2).csv,Oprah,"12/21/2022, 07:27:33",FRM:<URL> (Voucher#CIGS97) MSG:Were Announcing Oprah's Latest Natural Flavor Dietary Candy Give Away (Voucher#CIGS97),<URL>,
364,analysisdataset (2).csv,Phone Number,"12/21/2022, 07:29:14","Delivery Service - Your p@ackage has arrived at the distribution center, your address format is incorrect please update:<URL>",<URL>,
365,analysisdataset (2).csv,Costco,"12/21/2022, 07:30:47","Treat yourself today and tomorrow when you register at Costco. Get your card valued at $55, this will not last too long. Yes, you can share! <URL>",<URL>,
366,analysisdataset (2).csv,EDD,"12/21/2022, 07:31:59","EDD- A new login was detected in Flint, Michigan visit <URL> if that was not you.",<URL>,
367,analysisdataset (2).csv,Phone Number,"12/21/2022, 07:32:52",<Subject: Friend Req> Do Hey <NAME> we live really close. Check me out <URL> Lets chat and maybe meet up soon. Talk soon,<URL>; <NAME>,
369,analysisdataset (2).csv,Amazon,"12/21/2022, 07:35:07","Amazon.com: We found a suspicious transaction, for security reasons we have deactivated your account. please secure and verify your payment method to reactivate your account, click and follow the instructions from the following link: <URL>",<URL>,
370,analysisdataset (2).csv,Amazon,"12/21/2022, 07:36:11","<Subject: Unusual Activity> : We've suspend your Amazon account due to unusual activity. New Login attempt has been blocked from : Mozilla Firefox <PHONE> - Russia] Your Amazon account has been locked by our system. If this wasn't you, please verify with link below: <URL>",<URL>; <PHONE>,
371,analysisdataset (2).csv,Amazon,"12/21/2022, 07:37:01","Notification From Amazon: We've locked your Amazon account due to a billing issue. To unlock your Amazon account, please click link below: <URL> Please take action on your account within 48 hours to avoid permanent ? View all",<URL>,
372,analysisdataset (2).csv,CVS,"12/21/2022, 07:56:01",CVS Appreciation Week: Complete Quick Survey and Earn up to $100 in CVS Credit <URL>,<URL>,
373,analysisdataset (2).csv,Walmart,"12/21/2022, 07:57:31",WOW $100 for 1-2 Minute Walmart Servey <URL>,<URL>,
374,analysisdataset (2).csv,Walmart,"12/21/2022, 07:58:50",Earn up to $100 in Walmart Store Value. Please finish survey to earn rewards <URL>,<URL>,
375,analysisdataset (2).csv,Phone Number,"12/21/2022, 08:00:23","GROW UR COCK 2+ INCHES, STAY STIFF FOR HOURS <URL>",<URL>,
376,analysisdataset (2).csv,Phone Number,"12/21/2022, 08:01:48",Get the Biggest Dick For Her <URL>,<URL>,
377,analysisdataset (2).csv,Phone Number,"12/21/2022, 08:02:50",OMG you can add so much length and girth. Free trial ends today <URL>,<URL>,
379,analysisdataset (2).csv,Venmo,"12/21/2022, 08:05:14",NOTICE: Venmo $100 was Deposited to Your VENMO Account. Please Claim it Here Within 24 Hours MMS <URL>,<URL>,
380,analysisdataset (2).csv,Home Depot,"12/21/2022, 08:06:04",Ultimate GiveAway by HomeDepot <URL>,<URL>,
381,analysisdataset (2).csv,CVS,"12/21/2022, 08:06:57","We'll be awarding $50 to the first 10,000 people who complete this inquiry in order to better serve CVS members. CVS can be very helpful if you're not feeling well. <URL>",<URL>,
382,analysisdataset (2).csv,Phone Number,"12/21/2022, 20:51:08","According to your usecase, you qualify to use a full policy pack for your auto for just 19/mth! Tap to get: <URL> Reply Stop to OPTOUT",<URL>,
383,analysisdataset (2).csv,Phone Number,"12/21/2022, 20:52:40",Simple return of 45$ when you submit easy info. <URL>,<URL>,
384,analysisdataset (2).csv,Phone Number,"12/21/2022, 20:53:36",summertime is done and ur still looking huge in the mirror. try this for a week and eliminate more than you can imagine. <URL>,<URL>,
385,analysisdataset (2).csv,IceHouse,"12/21/2022, 20:56:40",IceHouse: This little compact AC gives a blast of freezing-cool air: order it right now with discount <URL> Reply END to unsubscribe,<URL>,
386,analysisdataset (2).csv,Walgreens,"12/21/2022, 20:57:56","Walgreens: We want to choose along our few other 420 shoppers reserving 1 prize for a 60 sec survey. Offer ends in 5 hours <URL> Aug 1, 6:45 AM",<URL>,
387,analysisdataset (2).csv,Phone Number,"12/21/2022, 20:59:07",Test our new-formula cream for 7 days and your friends won't believe it's you. Real lifting! <URL> Reply Stop to OPTOUT,<URL>,
388,analysisdataset (2).csv,Phone Number,"12/21/2022, 21:00:06",Pay $40 for full vehicle insurance. Limited-number of proposals. Hurry and click: <URL> Reply END to unsubscribe,<URL>,
389,analysisdataset (2).csv,Phone Number,"12/21/2022, 21:00:51",Credit score update: There is your current credit score. To receive details open link! <URL> Reply END to unsubscribe,<URL>,
391,analysisdataset (2).csv,Phone Number,"12/21/2022, 21:02:17",We may send up to $250 for gasoline if you complete this select survey. Believe in you! <URL> Reply END to unsubscribe,<URL>,
392,analysisdataset (2).csv,Phone Number,"12/21/2022, 21:03:00",No need to work out - just 1 glass before night and your plump belly fades quickly! <URL> Reply Stop to OPTOUT,<URL>,
399,analysisdataset (2).csv,Netflix,"12/22/2022, 03:55:15","[Notification ] Update your payment details as soon as possible. We're having some trouble with your current billing information. Click link below to update your billing information : <URL> Best Regards, The Netflix team",<URL>,
401,analysisdataset (2).csv,Amazon,"12/22/2022, 03:57:30","Your card charged for $349 for Domesis Matthewson Recliner Charcoal Gray. order id AMZ1649751 on <PHONE>. If you DO NOT, Please contact us <PHONE>",<PHONE>,
402,analysisdataset (2).csv,Phone Number,"12/22/2022, 03:58:17","FRM:Unit-VJKXU SUBJ:CS_ID: <PHONE> MSG: Your shipment 55511 could not be delivered. To reschedule, continue below:<URL>",<URL>; <PHONE>,
403,analysisdataset (2).csv,12002,"12/22/2022, 03:59:30",FRM:Cathy Goad MSG:Yolanda Vitela <ADDR> <URL>,<URL>; <ADDR>,
404,analysisdataset (2).csv,Phone Number,"12/22/2022, 04:01:31","Work Part-Job From Home at your leisure This Won't disturb you from your current job, Age 18yrs above employee must of a computer and printer..If interested send sms to James <PHONE> for details",<PHONE>,
406,analysisdataset (2).csv,Marine Corps,"12/22/2022, 04:03:39","TIMESENSITIVENOTICE: Exposed to UnsafeWater? If you or someone you love were stationed, worked, or lived for at least 30 days at Marine Corps Base CAMPIeJEUNE prior to 1988, you may be entitled to significantCOMPENSATION. Get your noCOST-Consultation by calling: <PHONE>",<PHONE>,
408,analysisdataset (2).csv,Phone Number,"12/22/2022, 04:07:14","place our Add on your vehicle & paid seven hundred dollars wkly, for more details? hit <URL>",<URL>,
409,analysisdataset (2).csv,Bank of America,"12/23/2022, 23:39:32",<B Of A># : Your account has been locked due to fraud attempt made on 22 DEC. To prevent account closure please visit <URL> to verify O° A,<URL>,
410,analysisdataset (2).csv,Bank of America,"12/23/2022, 23:43:55","BofA Alert: We 've placed a hold on your debit/atm card due to some unusual activity, To recover Visit <URL> and verify your identity",<URL>,
412,analysisdataset (2).csv,Phone Number,"01/09/2023, 20:17:13",Your package cannot be delivered due to incorrect house number. Please fill in the correct address online for re deliver: <URL>,<URL>,
413,analysisdataset (2).csv,USPS,"01/16/2023, 15:29:04","[U.S.P.S-Postal]: You have a package with wrong address in our transit warehouse, please update your address. Access. <URL>",<URL>,
414,analysisdataset (2).csv,Bank of America,"01/22/2023, 05:50:13","BOFA Alerts: Possible transaction attempt Jan 17,2023 of $1350.59,believe not made by you kindly contact us on <PHONE> now",<PHONE>,
415,analysisdataset (2).csv,ICAC,"02/02/2023, 23:20:34",this is <NAME> the icac internet crimes against children criminal investigation division I'm <NAME> you to contact me back here immediately sir!,<NAME>,
416,analysisdataset (2).csv,USPS,"02/02/2023, 23:20:39",USPS: Your delivery has not completed due to address validation issues. Access <URL> for assistance with redelivery.,<URL>,
417,analysisdataset (2).csv,Wells Fargo,"02/02/2023, 23:21:00","FreeMsg_WFargo: Your billpay did not process as scheduled, we are here to help you solve it. Follow Ipsf/wfargo to review",,
418,analysisdataset (2).csv,Phone Number,"03/27/2023, 21:32:38",Get Paid! Only takes 2 minutes <URL>,<URL>,
419,analysisdataset (2).csv,Bank of America,"03/28/2023, 03:47:02",BOA: Your Online Profile has a probable association with a system vulnerability. Log in and verify your details at <URL> to prevent identity theft. O,<URL>,
420,analysisdataset (2).csv,Amazon,"03/28/2023, 05:58:05","Subject: New Device Login A login attempt to your Amazon Shopping was made from an unknown browser. Please make sure the following details are correct before authorizing the login: Time: February 10, 2023 IP Address: <PHONE> Browser: Mozilla Firefox Location: Texas, USA If the above details are correct, you can ignore this sms. If this not you click the following link to update your account. <URL> If you do not update before 24 hours, your account will be automatically terminated.",<URL>; <PHONE>,
421,analysisdataset (2).csv,Phone Number,"03/28/2023, 19:57:54",Order #<PHONE> confirmed! Est. delivery 03/23. Total: $2249.78. Questions? Call <PHONE>. Reply STOP to opt-out. Happy shopping!,<PHONE>,
422,analysisdataset (2).csv,USPS,"03/28/2023, 20:13:13","Delivery service: Provide the correct delivery address to avoid delay in receiving the goods due to incomplete door number. After replying ""OK"", reconfirm your address <URL> Please update it timely.Open link in browser",<URL>,
428,analysisdataset (2).csv,Phone Number,"03/28/2023, 22:06:14","Your shipping order is on hold due to an incomplete street address in the shipping information. Check, please. <URL> 1:26 PM",<URL>,
430,analysisdataset (2).csv,Chase Morgan,"03/28/2023, 22:07:52","UNIONBANK<ATTENTION> A payment of $200.00 has been made to Chase_Morgan credit. If you didn't authorize this, visit <URL> to cancel payment.",<URL>,
432,analysisdataset (2).csv,Amazon,"03/28/2023, 22:08:11","Your Amazon Account has been locked. We recently received multiple failed login attempts to your account. Recovery your account immediately click link bellow: <URL> Please take action on your account within 48 hours to avoid permanent suspension. Regards, Amazon Service",<URL>,
433,analysisdataset (2).csv,USPS,"03/28/2023, 22:08:30","[U.S.P.S-Postal]: You have a package with wrong address in our transit warehouse, please update your address. Access. <URL>",<URL>,
435,analysisdataset (2).csv,EDD,"03/28/2023, 22:09:05",EDD CA UI: Your EDD debit has been Temporarily DISABLED. Refer to <URL> Reply STOP to OPT-Out,<URL>,
436,analysisdataset (2).csv,Verizon,"03/28/2023, 22:10:04",VZW FreeMsg: Important - your payment is now due. To make a payment click <URL> or dial #PMT (#768) from your handset.,<URL>,
437,analysisdataset (2).csv,Amazon,"03/28/2023, 22:11:06","Amazon: Congratulations Henry, you came 3rd in today's Amazon pods raffle! Click the link to : <URL>",<URL>,
440,analysisdataset (2).csv,VEVOR,"03/28/2023, 22:12:01",VEVOR: Don't miss our must-buy list! Weekly updated with the best promotions and offers! Hurry!>> <URL> Reply STOP to stop,<URL>,
441,analysisdataset (2).csv,Phone Number,"03/28/2023, 22:16:43",Your Prick Will Get So Big That She'll Choke On It! <URL>,<URL>,
442,analysisdataset (2).csv,EE,"03/28/2023, 22:18:51","[EE]:We were unable to process your latest bill. In order to avoid fees, update your billing information via: <URL>",<URL>,
443,analysisdataset (2).csv,Costco,"03/28/2023, 22:50:58",costco promo : iPhone 14 on us winner line: <PHONE> Color: Purple Storage: 256GB <URL>,<URL>; <PHONE>,
444,analysisdataset (2).csv,Netflix,"03/28/2023, 22:54:27",FRM:<URL> (sms_ID=IYMVQIT264) MSG:Netflix is Refunding you $65. Remaining Time to Claim (48) hr (sms_ID=IYMVQIT264),<URL>,
445,analysisdataset (2).csv,AMAZON,"03/28/2023, 23:19:25",Your AMAZON account is temporarily restricted. Please confirm to restore access :// <URL> Reply STOP to opt-out,<URL>,
446,analysisdataset (2).csv,Amazon,"03/28/2023, 23:27:26",Amazon.com We temporarily placed your Amazon suspended To restore follow instruction below. <URL> Please complete recovery within 2 days otherwise Amazon account permanently suspended. We are sorry for any inconvenience this may have caused. Thank you for your attention. O,<URL>,
447,analysisdataset (2).csv,Netflix,"03/28/2023, 23:29:27","Your Membership is on hold. To using your account as normally, you need to update some trouble with your current billing information. Click link bellow to update your account : <URL> Regards, Netflix Pte. Ltd.",<URL>,
449,analysisdataset (2).csv,Amazon,"03/28/2023, 23:29:52","Your Amazon Account has been locked. We recently received multiple failed login attempts to your account. Recover your account immediately click link bellow: <URL> Please take action on your account within 48 hours to avoid permanent suspension. Regards, Amazon Service",<URL>,
450,analysisdataset (2).csv,T-Mobile,"03/28/2023, 23:30:00",This is a gift to express our gratitude for your exceptional payment record. HAPPY 2023! T Mobile <URL>,<URL>,
453,analysisdataset (2).csv,Netflix,"03/28/2023, 23:30:28","1 Your Membership is on hold. To using your account as normally, you need to update some trouble with your current billing information. Click link bellow to update your account: <URL> Regards, Netflix Pte. Ltd.",<URL>,
456,analysisdataset (2).csv,Amazon,"03/28/2023, 23:31:07",(Amazon: Account locked.more info <URL> ~) ol6f0 O A,<URL>,
457,analysisdataset (2).csv,Amazon,"03/28/2023, 23:31:31",Amazon.com 976595 is your Amazon OTP. Do not share it with anyone If you didnt make this request login to verif below <URL> Otherwise ignore this message. Amazon Team O,<URL>,
458,analysisdataset (2).csv,Amazon,"03/28/2023, 23:31:54","Your Amazon Account has been locked. We recently received multiple failed login attempts on your account. Recover your account immediately by click link bellow: <URL> Please take action on your account within 48 hours to avoid permanent suspension. Regards, Amazon Service",<URL>,
459,analysisdataset (2).csv,Whatsapp,"03/28/2023, 23:31:54","Dear <NAME> BtC discussion Study Group, where you can learn to earn <PHONE> per day, Please click <URL> uw",<URL>; <PHONE>; <NAME>,
461,analysisdataset (2).csv,PayPal,"03/28/2023, 23:32:26","Your PayPal has been limited. We have frozen your PayPal cause our service has detected two unauthorized attempt. To unlock your account, you required verify your Account. Click the link below to unlock your Account : <URL> Your account will be automatically unlock, after finishing the verification. Best Regards, PayPal Support.",<URL>,
467,analysisdataset (2).csv,Amazon,"03/28/2023, 23:33:18","Your Amazon Account has been locked. We recently received multiple failed login attempts to your account. Recovery your account immediately click link bellow: <URL> Please take action on your account within 48 hours to avoid permanent suspension. Regards, Amazon Service",<URL>,
468,analysisdataset (2).csv,Amazon,"03/28/2023, 23:33:27","Your Amazon Account has been locked. We recently received multiple failed login attempts to your account. Recovery your account immediately click link bellow: <URL> Please take action on your account within 48 hours to avoid permanent suspension. Regards, Amazon Service",<URL>,
471,analysisdataset (2).csv,Home Depot,"03/28/2023, 23:33:49",1 5 Minute Survey For $100 Gift From Home Depot <URL>,<URL>,
472,analysisdataset (2).csv,Paypal,"03/28/2023, 23:34:08","Your Account has been limited. We have locked your Account ID because our service has detected two unauthorized attempt. To unlock your account, you required verify your Account. Click the link below to unlock your Account : <URL> Your account will be automatically unlock, after finishing the verification. Best Regards, Paypal service. O",<URL>,
473,analysisdataset (2).csv,Phone Number,"03/28/2023, 23:34:40",Don't ever leave home without it ... the Tiger or the WOOD <URL>,<URL>,
474,analysisdataset (2).csv,Phone Number,"03/28/2023, 23:34:47","I'm <NAME> a comprehensive plan for your car, available for just 19 a month. Open: <URL> Reply END to unsubscribe",<URL>; <NAME>,
476,analysisdataset (2).csv,Walmart,"03/28/2023, 23:35:04",$100 Store Credit for Finishing Quick Walmart Survey <URL>,<URL>,
477,analysisdataset (2).csv,Oprah,"03/28/2023, 23:35:43",FRM:<URL> Discount#LL<ACCT> MSG:Biggest Giveaway Oprah Has Ever Done| Discount#LL<ACCT>,<URL>; <ACCT>,
478,analysisdataset (2).csv,Wells Fargo,"03/28/2023, 23:35:57",FRM:Wells-Fargo_stsj MSG:Alert Ref:WWRPq!Card Locked! Read complete msg now : <URL>,<URL>,
481,analysisdataset (2).csv,Email To Text,"03/28/2023, 23:36:33",(Call <PHONE> Now ! 290#) Your Debit.Card have been locked! Account-ID: <PHONE>!,<PHONE>,
482,analysisdataset (2).csv,Phone Number,"03/28/2023, 23:36:36",<URL>,<URL>,
485,analysisdataset (2).csv,CVS,"03/28/2023, 23:36:50",CVS Customers: Finish this Survey and earn up to $100 in CVS Credit. This Special Deal ends tomorrow <URL> 8:49 AM,<URL>,
486,analysisdataset (2).csv,Oprah,"03/28/2023, 23:36:50","4:36 Text Message Sun, Oct 30, 5:14 PM FRM:Voucher#VX554228| <URL> MSG: Oprah is doing her biggest giveaway] Voucher#VX554228",<URL>,
487,analysisdataset (2).csv,Walmart,"03/28/2023, 23:37:04",$100 Store Credit for Finishing Quick Walmart Survey ð <URL>,<URL>,
489,analysisdataset (2).csv,UPS,"03/28/2023, 23:37:33",FRM:6r9y-(_-UPS-ohBvp SUBJ:<URL> MSG: :wVURUADrn8-a4,<URL>,
490,analysisdataset (2).csv,Phone Number,"03/28/2023, 23:37:42",2 MIN Survey - 100 Reward <URL>,<URL>,
492,analysisdataset (2).csv,CITI,"03/28/2023, 23:37:50",Free Citi Msgs #311: Your debit has been blocked due to irregular activity. To certify please follow: <URL>,<URL>,
493,analysisdataset (2).csv,Oprah,"03/28/2023, 23:38:01",4:37 FRM:<URL> (sms_ID=SHFJVXU438) MSG:Oprah's Biggest Give Away Ever! (sms_ID=SHFJVXU438),<URL>,
496,analysisdataset (2).csv,Home Depot,"03/28/2023, 23:38:36",5 Minute Survey For $100 Gift From Home Depot <URL>,<URL>,
497,analysisdataset (2).csv,UPS,"03/28/2023, 23:38:40",FRM:#4ta.UPS.se4 Rd SUBJ:<URL> MSG:Out for delivery:missing location info(Error) . Thank you O,<URL>,
499,analysisdataset (2).csv,Phone Number,"03/28/2023, 23:39:11",This is a gift to express our gratitude for your exceptional payment record. Merry Christmas! <URL>,<URL>,
501,analysisdataset (2).csv,Email To Text,"03/28/2023, 23:39:28","NtxID:265569 Your-Subscriptions-will-expired-t oday,renewal-your-bills-now>:// <URL>",<URL>,
502,analysisdataset (2).csv,Wells Fargo,"03/28/2023, 23:39:32","WELLSFARGO: Your Zelle pay of $1250 to Ray*****@gmail.com is on Hold, Visit <URL> to Confirm or Cancel",<URL>,
503,analysisdataset (2).csv,Phone Number,"03/28/2023, 23:39:39","Welcome to join our BtC discussion Study Group, where you can learn to earn <PHONE> per day, Please click <URL>",<URL>; <PHONE>,
505,analysisdataset (2).csv,Bank of America,"03/28/2023, 23:40:10",Bank Of America Fraud Dep: Your Debit card has been restricted due to unusual transactions. see here: <URL>,<URL>,
506,analysisdataset (2).csv,Phone Number,"03/28/2023, 23:40:20",FRM:398f_UPS-_____yThXk SUBJ:<URL> MSG: :RZ8ibReG7M,<URL>,
508,analysisdataset (2).csv,Home Depot,"03/28/2023, 23:40:42","Home Depot Study, Get Paid Today <URL>",<URL>,
509,analysisdataset (2).csv,Home Depot,"03/28/2023, 23:41:39",Freebie by Home Depot! Get $90 <URL> 9:32 PM,<URL>,
510,analysisdataset (2).csv,Bank of the West,"03/28/2023, 23:41:47","FRM:<EMAIL> SUBJ: (Bank of the West) MSG:For Security review, Due to unusual activity,verify account at: <URL>",<URL>; <EMAIL>,
511,analysisdataset (2).csv,PayPal,"03/28/2023, 23:42:12","<Subject: PayPal Msg,> New login detected from: [<PHONE> - Oman ] Android Follow link below to unlock your account: <URL> verify your account within 24 hours or your PayPal account will be terminated permanently. Regards, PayPal ID 617065",<URL>; <PHONE>,
514,analysisdataset (2).csv,Costco,"03/28/2023, 23:42:32",make sure to pick up what they have at Cost co because they hardly ever give away 60$. So you have to get it when you can. <URL>,<URL>,
515,analysisdataset (2).csv,Navy Federal,"03/28/2023, 23:42:34",FRM:Navy Federal Credit Union.DEBIT LOCKED SUBJ:Contact <PHONE> MSG::7268,<PHONE>,
517,analysisdataset (2).csv,UNICEF,"03/28/2023, 23:43:13","Congratulation, You have been given a free $1,000 fund by UNICEF. This program is for the people affected with covid19 pandemic. To claim your funds, click on this link <URL> O'",<URL>,
521,analysisdataset (2).csv,Amazon,"03/28/2023, 23:43:31","<Subject: Notification : 84781> Due to a problem with your card information, we have disabled your amazon account for your security reasons. To unlock your account please follow link below: <URL> This is <NAME> v",<URL>; <NAME>,
522,analysisdataset (2).csv,Altura Credit Union,"03/28/2023, 23:43:31",FRM:Altura CU. MSG:Security Alert Verify your account to avoid permanent lock <URL>,<URL>,
523,analysisdataset (2).csv,Navy Federal,"03/28/2023, 23:43:36",4:42 FRM:Navy Federal Credit Union.DEBIT LOCKED SUBJ:Contact <PHONE> MSG::1294,<PHONE>,
524,analysisdataset (2).csv,Costco,"03/28/2023, 23:43:54","To earn, simply respond! Yes, let us know what you think. Costco will get you back up to $100 for each participation. <URL> 12:42 PM",<URL>,
527,analysisdataset (2).csv,Email To Text,"03/28/2023, 23:44:33",Hi <URL>,<URL>,
530,analysisdataset (2).csv,UPS,"03/28/2023, 23:44:44",FRM:esmlfl-UPS-2 MSG:803-We tried to deliver your parcel today but you weren't in or there was no safe place to leave it <URL>,<URL>,
531,analysisdataset (2).csv,EBT-Card,"03/28/2023, 23:44:49",(Security Warning-cqo3-Contact our 24/7 Support: <PHONE> #) EBT-Card is currently Frozen! MessageID for <PHONE>!,<PHONE>,
532,analysisdataset (2).csv,Netflix,"03/28/2023, 23:44:53","(NETFLX) We have failed 3 times to extend your sub,fix your bill now > ://<URL>",<URL>,
534,analysisdataset (2).csv,Email To Text,"03/28/2023, 23:45:03","(We have trouble with your billing information, Please Update <URL> ~) 25LZ",<URL>,
535,analysisdataset (2).csv,USAA,"03/28/2023, 23:45:15","Hello, You are invited to USAA Discover IT event. Please check your email for details or RSVP at this <URL> ~USAA",<URL>,
540,analysisdataset (2).csv,Altura Credit Union,"03/28/2023, 23:45:52",FRM:Altura Credit Union. SUBJ:+ MSG:Account Notification Online Click Below To Open Message <URL>,<URL>,
544,analysisdataset (2).csv,Amazon,"03/28/2023, 23:46:34",<Subject: Amazon MSG: 073444> We've locked your Amazon account due to unusual activity. New Login from : [<PHONE> - Albania] Browser: Mozilla Firefox To restore your account click link below: <URL> View all,<URL>; <PHONE>,
545,analysisdataset (2).csv,Total Gym,"03/28/2023, 23:46:35",Thanks for purchase $570.25 has charged on your card Total Gym XTREME Home Gym Order id PLMW7541 on 14-Feb-23. Not you? Ring us: <PHONE>,<PHONE>,
550,analysisdataset (2).csv,Amazon,"03/28/2023, 23:47:22","Greetings to Amazon Customer, As a new amazon regulation, we need to ask our customers to update their account information in order to continue using amazon shopping. Update Here: <URL> If the customer does not update the account information within the next 24 hours, your amazon account will be permanently closed. Amazon ID: 501868",<URL>,
553,analysisdataset (2).csv,Bank Of America,"03/28/2023, 23:48:02",<Subject: BOfA Notification: <PHONE>> We've locked your Bank Of America Account due to unusual activity. New Login from : [<PHONE> - Zimbabwe ] Browser: UC Browser To restore your account click link below: <URL>,<URL>; <PHONE>,
555,analysisdataset (2).csv,T-Mobile,"03/28/2023, 23:48:42","T We appologize for the tempoary phone outage yesterday. You were one of the 25,000 affected clients. In return we are providing you with a $100 FREE GIFT! Please take this brief 30 second survey about Tmobile and we'll offer you a $100 free item. <URL>",<URL>,
557,analysisdataset (2).csv,T-Mobile,"03/28/2023, 23:49:13",T-Mobile CONGRATULATIONS! You have been selected to get an exclusive reward! Click OK to START: <URL> O A,<URL>,
560,analysisdataset (2).csv,Amazon,"03/28/2023, 23:49:34",<Subject: Security Alert> :Access to your Amazon account Limited due to unusual activity. Login blocked from : [<PHONE>-New Zealand] Device: Mobile Safari (iPhone OS 15_5) To restore your account click link below: <URL> verify you account within 24 hours or your Amaz,<URL>; <PHONE>,
564,analysisdataset (2).csv,Phone Number,"03/28/2023, 23:50:29",Your package cannot be delivered due to incorrect house number. Please fill in the correct address online for re-deliver: <URL>,<URL>,
567,analysisdataset (2).csv,Amazon,"03/28/2023, 23:51:18",<Subject: Security Alert> :Access to your Amazon account Limited due to unusual activity. Login blocked from : [<PHONE> - New Zealand] Device: Mobile Safari (iPhone OS 15_5) To restore your account click link below: <URL> verify you account within 24 hours or your Amaz View all,<URL>; <PHONE>,
569,analysisdataset (2).csv,Email To Text,"03/28/2023, 23:52:36",Trevor Kvanvig Just One cup right before sleeptime can shed of 39 - lbs. <URL> Aliza,<URL>,
574,analysisdataset (2).csv,Tide,"03/28/2023, 23:53:43",Trevor If you do this for 4 wks you will drop 50 lb.s <URL> Norris,<URL>,
577,analysisdataset (2).csv,Visa,"03/29/2023, 00:23:02",Your EDD (UI online) account needs urgent attention due to some irregular activities. Your account will be restricted if not verified. You are required to kindly click and sign up using your secured link provided below: <URL> P.S Complete the verification process to keep your EDD Debit card active.,<URL>,
578,analysisdataset (2).csv,Phone Number,"03/29/2023, 00:26:24",f3147403 best place to get a small Money - Installment Money up to $2000 go this link -> <URL>%,<URL>,
579,analysisdataset (2).csv,FedEx,"03/29/2023, 00:29:20","We were unable to deliver your parcel, To redeliver please visit: <URL> and schedule a redelivery.",<URL>,
580,analysisdataset (2).csv,J&J,"03/29/2023, 01:56:53","You appear on the list of the thousands, that bought/used baby-powder in May 21' so J&J must pay you 86k - Verlfy your Info here <URL> stop to end",<URL>,
594,analysisdataset (2).csv,Phone Number,"03/29/2023, 03:46:22","How was your day? Hey, Kelly! Do you remember me? I'm <NAME>",<NAME>,
595,analysisdataset (2).csv,Phone Number,"03/29/2023, 03:49:09","How are you? I'm <NAME>, are you Mr. Casper, please?",<NAME>,
596,analysisdataset (2).csv,Costco,"03/29/2023, 04:04:57",From the execs at Cost co: we thank you for your loyalty. There are 10 items that you can choose at no cost <URL>,<URL>,
597,analysisdataset (2).csv,Costco,"03/29/2023, 04:07:52",Wanna make extra cheese $? .. answer these Costco will handsomely give 75$... invite a friend and have a chance to gain more! <URL>,<URL>,
598,analysisdataset (2).csv,CVS,"03/29/2023, 04:09:44",Hello C VS customer! You were chosen at random to complete a brief survey. You will receive payment for your viewpoint. <URL>,<URL>,
599,analysisdataset (2).csv,Phone Number,"03/29/2023, 04:12:27","She was all mine the entire night, superior to anything else I've tried. <URL>",<URL>,
600,analysisdataset (2).csv,UNIONBANK,"03/29/2023, 04:13:22",UNIONBANK<ATTENTION> All funds are on hold due to multiple fraudulent direct deposits. Remaining direct deposits will remain in pending. Visit <URL> to remove hold.,<URL>,
601,analysisdataset (2).csv,Netflix,"03/29/2023, 18:05:52","We regret to inform you that your Netflix membership has been placed on hold due to issues with your billing information. We kindly request to update your billing information as soon as possible to continue using your account without any interruption. To using your account as normally, please follow the instructions by click on link below: <URL> Netflix Services",<URL>,
602,analysisdataset (2).csv,USPS,"03/29/2023, 19:01:30",From: US.Postal Msg: Your package is on hold for an invalid recipient address. Fill in the correct address info by the link. <URL>,<URL>,
605,analysisdataset (2).csv,TD,"03/29/2023, 22:14:58",TD: Your debit card has been restricted due to suspicious activity. Please visit: <URL> RTYUIOP A S D F G H J K L CVBNM (B,<URL>,
606,analysisdataset (2).csv,Phone Number,"03/29/2023, 22:18:22","Free Msg: Your bill is paid for March. Thanks, here's a little gift for you: <URL>",<URL>,
607,analysisdataset (2).csv,Alaska USA,"03/29/2023, 22:21:29",Your Alaska USA Access to Ultra Branch is Disabled. Restore Your Access <URL> Here,<URL>,
608,analysisdataset (2).csv,GameStop,"03/29/2023, 22:25:05",[Regions Alerts] Did you attempt a charge of $120.89 on your card at *GAMESTOP on 08/05/2022 at 5:10pm EST? Cancel request here: <URL>,<URL>,
611,analysisdataset (2).csv,Walmart,"03/29/2023, 22:33:54",From Regions Bank: verify account activity. Did u authorize purchase attempt $511.73 for card ending in <ACCT> at Walmart supercenter on 10/29/19? Reply yes/no,<ACCT>,
612,analysisdataset (2).csv,RBC,"03/29/2023, 22:37:00",RBC Bank Alert: Your online account is temporarily locked due to suspicious actvity. Please login and verify your information. <URL>,<URL>,
613,analysisdataset (2).csv,Phone Number,"03/29/2023, 23:16:51",Hey <NAME> Sarah. Would you entertain a fair proposal for <ADDR>? I want to buy a place in the area.,<ADDR>; <NAME>,
618,analysisdataset (2).csv,UPS,"03/30/2023, 06:46:52",Your deliveries have been stopped due to a missing street code on the label. pls update. <URL>,<URL>,
619,analysisdataset (2).csv,Square,"03/30/2023, 06:51:08","Welcome to SMS messages from Square - Reply w/ ""HELP"" for more or ""STOP"" to unsubscribe from receiving messages, std rates apply. Justina brittain: Thanks for signing up to receive our marketing texts. Text END to opt out. Justina brittain: You've received a coupon for your next purchase! Use code: 12EY7G <URL> To unsubscribe at any time, text END or text HELP for more info.",<URL>,
621,analysisdataset (2).csv,USPS,"03/30/2023, 07:00:57",/USPS/; Your delivery Address need to be corrected here <URL> enable re-delivery for your returned items..,<URL>,
624,analysisdataset (2).csv,Phone Number,"03/30/2023, 15:50:10",Your package cannot be delivered due to incorrect house number information. Please fill in the correct address online for re-deliver: <URL>,<URL>,
627,analysisdataset (2).csv,Oprah,"03/30/2023, 15:56:35",FRM:<URL> Discount#GM<ACCT> MSG: The Secret to Oprahs Weight Loss Discount#GM<ACCT>,<URL>; <ACCT>,
634,analysisdataset (2).csv,Phone Number,"03/31/2023, 20:30:04",This is a gift to express our gratitude for your exceptional payment record. HAPPY 2023! <URL>,<URL>,
637,analysisdataset (2).csv,USPS,"04/02/2023, 17:59:01","To: <PHONE> FROM: USPS Msg: Your package will be returned due to missing address details. Please update the address in time: <URL> Regards, USPS.",<URL>; <PHONE>,
638,analysisdataset (2).csv,iPad PRO,"04/07/2023, 03:29:52",Congratulations! You are one of the 100 users we have selected to try to win the iPad PRO. Receive NOW <URL>,<URL>,
639,analysisdataset (2).csv,Apple,"04/07/2023, 03:38:04",Christmas gift! You are one of the 10 users we have selected to try to win the Apple iPad Pro (2021) + Magic Keyboard Receive Now ?? <URL> Hurry up to pick up the prize within a day!,<URL>,
640,analysisdataset (2).csv,Apple,"04/07/2023, 03:41:42",Congratulations! Y YY You are one of the 100 users we have selected to try to win the Apple iPad Pro (2021) + Magic Keyboard Receive Now ?? <URL> Hurry up to pick up your prize today! Send Message...,<URL>,
645,analysisdataset (2).csv,Phone Number,"04/07/2023, 03:59:46","Hi, I would like to get your company approved for business financing of $100k + today with sharp rates & terms. Please let me know when we can discuss? Hi, I am <NAME> getting your company approved for business financing of $100k + today. Please let me know when we can discuss this.",<NAME>,
646,analysisdataset (2).csv,Phone Number,"04/07/2023, 04:06:43","Hi, I'm <NAME>! Don't let the time change throw off your business's finances. Take advantage of a government credit that could be worth enough money to keep your business running like clockwork. I can tell you how much you might be eligible for. Interested? YES for info, STOP to opt out.",<NAME>,
647,analysisdataset (2).csv,Phone Number,"04/07/2023, 04:10:30","Hi! I can help you claim a tax credit that could reduce your tax burden by a hundred thousand dollars or more, depending on how many employees you had during COVID. Don't let this opportunity pass by! Can I share more info? YES for more Reply STOP to Unsubscribe",,
648,analysisdataset (2).csv,Amazon,"04/07/2023, 09:01:49","(Someone sign in to your account form NC, US. Tap to respond <URL> ~) 79F60",<URL>,
650,analysisdataset (2).csv,Netflix,"04/07/2023, 09:03:22","NETFIX_ID.073455 YOUR SUBSCRIPTION IS ON ""HOID"", Renewal-your-bill-now: // @@,<URL>",<URL>,
651,analysisdataset (2).csv,Phone Number,"04/10/2023, 04:27:06","Jack, what are your plans for tomorrow?",,
654,analysisdataset (2).csv,iPad Pro,"04/10/2023, 04:32:57",Last reminder! The iPad Pro you won from August Giveaway was not yet claimed! Claim it here <URL> You got 12h left!,<URL>,
656,analysisdataset (2).csv,Shark-Tank,"04/10/2023, 04:34:55",The Skin Cream that recently got the biggest deal in Shark-Tank's history is giving away a free bottle! Remove Wrinkles and take 15 years off your face! Just look at some of these studies and testimonials! <URL>,<URL>,
657,analysisdataset (2).csv,imperialautumn.com,"04/10/2023, 04:36:13","Breakthrough new miracle CBD Gummies that fixes Type-2 immediately blows the sharks away. Drops A1C On The Spot! Handle Your Type 2 Today <URL> Hey, I totally quit it in two weeks thanks to these CBD gummies. I quit smoking for good! I was a smoker for 15 years and had enough of it. After trying it all - the gum, the patch, the you name it - I went to this as a last resort. Just 1 Gummy stops nicotine cravings on the spot! This method is",<URL>,
660,analysisdataset (2).csv,USPS,"04/11/2023, 20:30:14","FROM:USPS our companys courier couldnt make the delivery of parcel to you address at today please input again your adress at: <URL> to drive back your package regards, usps - 61BX5B",<URL>,
661,analysisdataset (2).csv,USPS,"04/11/2023, 20:31:58","Notif: From: Usps CONTENT: A parcel needs to be delivered for you but is pending an update. To update your preferences head to <URL> Regards, USPS. Shipment#JYTHII1Z8381N4G4",<URL>,
670,analysisdataset (2).csv,USPS,"04/19/2023, 07:10:55","USPS service: Package was delayed due to incomplete door number. Reply to [ CHK ], please reconfirm your address. <URL> Please update it timely.Open link in browser",<URL>,
671,analysisdataset (2).csv,Netflix,"04/27/2023, 18:12:18","We regret to inform you that your Netflix membership has been placed on hold due to issues with your billing information. We kindly request to update your billing information as soon as possible to continue using your account without any interruption. To update your billing information, please follow the instructions by click on link below : <URL> Netflix Services",<URL>,
673,analysisdataset (2).csv,T-Mobile,"04/27/2023, 18:18:32",Dwayne. I'm <NAME> <ADDR>? Lmk! Amanda,<ADDR>; <NAME>,
675,analysisdataset (2).csv,USPS,"04/27/2023, 18:23:00","USPS: Your package will be returned due to missing address details. Please update the address in time: <URL> USPS#RV4WZ1W1Z5 In an effort to keep it safe, you must update your address within 24 hours or your package will be returned to the seller.",<URL>,
681,analysisdataset (2).csv,UPS,"04/30/2023, 22:23:08",(UPS) notice about your order package: #UPS-IXZYJTSL On Hold. confirm your zip code: <URL> O,<URL>,
682,analysisdataset (2).csv,Netflix,"04/30/2023, 22:28:32","NTFLIX.ID# 495442 Your-SUBSCRIPTION-IS-0N """"H0ID"""",Renewal-your-bill-now:// @@, <URL>",<URL>,
700,analysisdataset (2).csv,Wells Fargo,"05/03/2023, 03:30:08","Free Msg Wells Fargo: <NAME>, we discovered unusual activity or updates on your account that we believe may be unauthorized. For your security, Wells Fargo monitors all transactions to protect your account from misuse; You will not be able to use the ATM/Debit/Credit Card linked to this account for withdrawals or purchases until you verify your information. Visit us at <URL> to secure your account. A",<URL>; <NAME>,
712,analysisdataset (2).csv,OnPoint,"05/04/2023, 04:58:17","OnPoint cu security alert :We detected a fraudulent withdrawal on your account, tap the link below <URL> to protect your account.",<URL>,
713,analysisdataset (2).csv,WALMART,"05/04/2023, 05:00:19","U.S. Bank:A purchase of $651.79 at WALMART #589 in Portland OR on debit 4****** Reply ""YES"" to approve, if this was not made by you visit <URL>",<URL>,
714,analysisdataset (2).csv,Bitcoin OF AMERICA,"05/05/2023, 18:50:51","ability, by central click to a join, <URL> u Bitcoin OF AMERICA ar. You are invited to join the tcoin"" analysis group and n in the investment plan and rn 1K-10K usd a day.",<URL>,
715,analysisdataset (2).csv,USPS,"05/05/2023, 18:52:28",From USPS: Your package cannot be delivered due to the wrong delivery address. Please change the correct delivery address from the following URL: <URL> Reply Y Click the link to inquire zxkberqknt,<URL>,
716,analysisdataset (2).csv,Phone Number,"05/07/2023, 03:52:13","apoplexy wether, ggame ,john it <URL>",<URL>,
717,analysisdataset (2).csv,Netflix,"05/07/2023, 03:54:05","43 We regret to inform you that your Netflix membership has been placed on hold due to issues with your billing information. We kindly request to update your billing information as soon as possible to continue using your account without any interruption. To update your billing information, please follow the instructions by click on link below : <URL> Netflix Services",<URL>,
718,analysisdataset (2).csv,Netflix,"05/07/2023, 03:55:10","We regret to inform you that your Netflix membership has been placed on hold due to issues with your billing information. We kindly request to update your billing information as soon as possible to continue using your account without any interruption. To using your account as normally, please follow the instructions by click on link below: <URL> Netflix Services",<URL>,
719,analysisdataset (2).csv,Amazon,"05/07/2023, 04:28:11","Your Amazon Account has been locked. We recently received multiple failed login attempts to your account. Recovery your account immediately click link bellow: <URL> Please take action on your account within 48 hours to avoid permanent suspension. Regards, Amazon Service",<URL>,
720,analysisdataset (2).csv,Netflix,"05/07/2023, 04:28:58","Your account is on hold. We're having some trouble with your current billing information. Recovery your account immediately click link bellow: <URL> Please take action on your account within 48 hours to avoid permanent suspension. Regards, Netflix Service",<URL>,
721,analysisdataset (2).csv,Netflix,"05/07/2023, 04:29:38","We regret to inform you that your Netflix membership has been placed on hold due to issues with your billing information. We kindly request to update your billing information as soon as possible to continue using your account without any interruption. To update your billing information, please follow the instructions by click on link below : <URL> Netflix Services",<URL>,
722,analysisdataset (2).csv,Netflix,"05/07/2023, 04:30:38","Your Netflix membership is on hold. We're having some trouble with your current billing information. To using your account as normally, please follow the instructions by click on link below : <URL> Netflix Services",<URL>,
723,analysisdataset (2).csv,Netflix,"05/07/2023, 04:31:24","We regret to inform you that your Netflix membership has been placed on hold due to issues with your billing information. We kindly request to update your billing information as soon as possible to continue using your account without any interruption. To update your billing information, please follow the instructions by click on link below : <URL> Netflix Services",<URL>,
724,analysisdataset (2).csv,Amazon,"05/08/2023, 19:41:15","Your Amazon Account has been locked. We recently received multiple failed login attempts to your account. Recovery your account immediately click link bellow: <URL> Please take action on your account within 48 hours to avoid permanent suspension. Regards, Amazon Service Your Amazon Account has been locked. We recently received multiple failed login attempts to your account. Recovery your account immediately click link bellow: <URL> Please take action on your account within 48 hours to avoid permanent suspension. Regards, Amazon Service 4:11 AM",<URL>,
725,analysisdataset (2).csv,Amazon,"05/08/2023, 19:42:09","Your Amazon Account has been locked. We recently received multiple failed login attempts on your account. Recover your account immediately by click link bellow: <URL> Please take action on your account within 48 hours to avoid permanent suspension. Regards, Amazon Service 5:04 AM",<URL>,
726,analysisdataset (2).csv,Amazon,"05/08/2023, 19:43:19","J9TINO Your account has been locked due suspicious activity. All of your last orders and subsription has been on hold until this issues fixed. Click link below to unlock your account: <URL> If you do not complete the verification process before 12 hours, your Amazon account will be terminated. Sincerely, Amazon Team",<URL>,
727,analysisdataset (2).csv,Apple,"05/08/2023, 19:44:11","Your Apple ID has been locked. We have locked your Apple ID because our service has detected two unauthorized devices. To unlock your account, you required verify your Apple ID. Click the link below to unlock your Apple ID. <URL> Your account will be automatically unlock, after finishing the verification. Copyright © 2023 Apple Distribution International, Hollyhill Industrial Estate, Hollyhill, Cork, Irlande. All rights reserved.",<URL>,
728,analysisdataset (2).csv,Netflix,"05/08/2023, 19:46:04","[Netflix ] Your Netflix membership has been ended, because we're having some trouble with your current account information. Validate your account information by click link bellow: <URL> Best Regards, The Netflix team 12:25 PM",<URL>,
729,analysisdataset (2).csv,Netflix,"05/08/2023, 19:47:02","Your membership has been ended. To using your account as normally, you need to update your billing address. Click link below to update your account: <URL>",<URL>,
730,analysisdataset (2).csv,Paypal,"05/08/2023, 19:47:52","New Information! We have detected new unusual login from another device. For security reason we had to locked your account. To access your account, you need to validate the billing address before 24 hours on link below : <URL> Best Regards, Paypal 9:39 AM",<URL>,
731,analysisdataset (2).csv,EuroMillions,"05/08/2023, 19:48:44","Your Mobile No has been gifted the sum of £1,230,000.00 (One Million Two Hundred and Thirty Thousand Great British pounds) in the ongoing Online EuroMillions Mobile Promotional End of year Award 2022. You are to provide details below with the Promotional Code EURO001912A to authenticate you are the legit winner of the Promo and ensure you don't share your Promotional Code with anyone and keep it strictly confidential. Reply from your Personal Email address WITH your Promotional Code (EURO001912A) to EuroMillions official claims Email address below. Claims Email: <EMAIL> (+)",<EMAIL>,
732,analysisdataset (2).csv,Oprah,"05/08/2023, 19:50:06",FRM:|Voucher#FE745015|<URL> MSG:Oprah is doing her biggest giveawayl Voucher#E745015,<URL>,
733,analysisdataset (2).csv,Netflix,"05/08/2023, 19:50:55","[ Netflix ] Due to a problem with your card, We are having some trouble with your current information, Please,update your billing information: <URL>",<URL>,
734,analysisdataset (2).csv,Amazon,"05/08/2023, 19:51:46",[Amazon ]: Your account has been locked. Verify your account before 24 hours <URL>,<URL>,
735,analysisdataset (2).csv,Amazon,"05/08/2023, 19:53:12","Notification From Amazon: We've locked your Amazon account due to a billing issue. To unlock your Amazon account, please click link below: <URL> Please take action on your account within 48 hours to avoid permanent suspension. Regards, Amazon Service",<URL>,
736,analysisdataset (2).csv,Phone Number,"05/08/2023, 21:50:25","Jessie, long time no see, how are you?",,
737,analysisdataset (2).csv,Whatsapp,"05/08/2023, 21:51:33",Dear. You will be invited to the (BTC) internal discussion group. The group will post daily how to earn $500-$15000 in the crypto market. Reply: 1 and Click the link to enter : <URL>,<URL>,
738,analysisdataset (2).csv,Phone Number,"05/08/2023, 21:53:32","Hi there.nice to meet you.I have a female friend with a good financial. She have no time to make friends for busy work, now she want to marry a man between 27 and 55 years old, if you are more than 27 years old to 55 years old. Reply the number ""1"" and Click the link to message her immediately. <URL> Wish you have a happy life.",<URL>,
739,analysisdataset (2).csv,Phone Number,"05/08/2023, 21:54:28","Hi <NAME>, I didn't mean to disturb you. My good friend is single, she is beautiful, kind, gentle and independent. But because of her busy work, she doesn't have many opportunities to make new friends. Now it is up to marriage age, and want to meet guy over 28. If you are interested, Reply the number ""1"" and Click the link to message her immediately.¶h <URL> Wish you have a happy life.",<URL>; <NAME>,
740,analysisdataset (2).csv,Whatsapp,"05/08/2023, 21:55:37","Dear, you have been invited to join the (stocks, cryptocurrency) discussion group. Daily profit sharing plan. Click the link to join the group chat <URL> DIZ84M8hyCoHmkOwueGJ8Z",<URL>,
742,analysisdataset (2).csv,BlackRock,"05/08/2023, 21:58:27","Dear, If you are curious about cryptocurrencies or are investing in them, BlackRock Blockchain Club will provide you with comprehensive guidance from a team of top analysts on a one-to-one basis. Over 1 million members worldwide with 20%-35% monthly earnings! *Click the button to join our group*Join us <URL>",<URL>,
743,analysisdataset (2).csv,Phone Number,"05/08/2023, 21:59:23",Suprise!!! <URL> O,<URL>,
744,analysisdataset (2).csv,Bitcoin OF AMERICA,"05/08/2023, 22:02:02","adjustment, bunch chair click to a ,join, <URL> y Bitcoin OF AMERICA ar. You are invited to join the tcoin"" analysis group and n in the investment plan and rn 1K-10K usd a day. ar. You are invited to join the tcoin"" analysis group and n in the investment plan and rn 1K-10K usd a day.",<URL>,
745,analysisdataset (2).csv,Bitcoin OF AMERICA,"05/09/2023, 17:40:04","<URL> my ears so that I could Bitcoin OF AMERICA ar. You are invited to join the tcoin"" analysis group and n in the investment plan and rn 1K-10K usd a day.",<URL>,
746,analysisdataset (2).csv,Walmart,"05/11/2023, 00:18:13",/f6j299d/ Walmart. $50 Free Trial Offer Confirmed. Claim Now! .<URL>,<URL>,
747,analysisdataset (2).csv,iPad PRO,"05/11/2023, 00:19:39",/ - / Thank you CID#86290 Your iPad PRO is Ready to Ship Upon Confirmation <URL>,<URL>,
748,analysisdataset (2).csv,HOME DEPOT,"05/11/2023, 00:21:00",/ - / HOME DEPOT We have a WINNER: CID#74824 <URL>,<URL>,
749,analysisdataset (2).csv,Wells Fargo,"05/11/2023, 00:24:40",<WELLS.FARGO>:A new IP address has been detected attempting to login. If this wasn't attempted by you login and secure your information at: <URL>,<URL>,
750,analysisdataset (2).csv,Costco,"05/11/2023, 00:25:20",1-1/ Coscto has good news for User#63817 <URL> Send 0 to stop,<URL>,
751,analysisdataset (2).csv,Costco,"05/11/2023, 00:26:07",1-1/ CO.STCO HOLIDays for CID#30859 https:/30859------::<URL> Send 0 to stop ==79,<URL>,
752,analysisdataset (2).csv,Email To Text,"05/11/2023, 00:27:43",1-1/ CID: CO4125 https:<URL>,<URL>,
753,analysisdataset (2).csv,Email To Text,"05/11/2023, 00:28:57",|-// WIN.NER: <PHONE> https:<URL>,<URL>; <PHONE>,
754,analysisdataset (2).csv,Email To Text,"05/11/2023, 00:29:57",/-/-THANK YOU! CID: EW50QR https:/WIN::<URL>,<URL>,
755,analysisdataset (2).csv,T-Mobile,"05/11/2023, 00:31:56",/-/THANK YOU! T-MOBILE #<PHONE> --https:/WIN::<URL> Send 0 to STOP,<URL>; <PHONE>,
756,analysisdataset (2).csv,Phone Number,"05/11/2023, 07:18:06","Hi, this is <NAME>, just wanted to follow up. If you are interested in learning more we can schedule a time and date to talk on the phone and discuss this opportunity further.",<NAME>,
757,analysisdataset (2).csv,FEDEX,"05/11/2023, 21:57:37","Hello <NAME>, your FEDEX package with tracking code GB-6412-GH83 is waiting for you to set delivery preferences: <URL>",<URL>; <NAME>,
758,analysisdataset (2).csv,Netflix,"05/11/2023, 21:59:05",Netflix: Please update your membership with us to continue watching. <URL>,<URL>,
763,analysisdataset (2).csv,Unknown,"05/11/2023, 22:11:29",CONGRATULATIONS! You won the lottery. Your friend Daniel wants to connect with you. Both of you can redeem the prize when you APPLY HERE: <URL>,<URL>,
764,analysisdataset (2).csv,HMRC,"05/11/2023, 22:12:38",HMRC Refund: You have an outstanding Tax refund of £276.74 from 2020 to 2021. Follow instructions to claim your Tax refund at: <URL>,<URL>,
765,analysisdataset (2).csv,Netflix,"05/11/2023, 22:14:00",Dear <NAME> user. The monthly automatic payment failed. To avoid services suspension and restore acces join us at: <URL> 6:25 AM,<URL>; <NAME>,
766,analysisdataset (2).csv,Amazon,"05/11/2023, 22:15:23","Amazon: Congratulations Aashish, you came in 1st in this week's Amazon Earpods raffle! Click the link to arrange shipment: <URL>",<URL>,
772,analysisdataset (2).csv,Netflix,"05/12/2023, 16:13:34","qu2zAOGOys #[ Netflix Subscription Plans ] We could not successfully process your payment, and your subscription will remain active until May 14, 2023. It's a quick and easy to restart your membership by clicking the secure link below: <URL> Come back and enjoy newly added popular movies and full seasons of hit TV shows. Thanks for choosing Netflix. -The Netflix Team",<URL>,
773,analysisdataset (2).csv,Phone Number,"05/12/2023, 16:15:53",<URL>,<URL>,
774,analysisdataset (2).csv,Bank of America,"05/13/2023, 04:32:49","Transaction Alerts: your B O A card was used on 05/12/23 15:46:55 EST for $1991.51, if you do not recognise this transaction contact us on <PHONE>",<PHONE>,
775,analysisdataset (2).csv,Phone Number,"05/13/2023, 04:34:44","address, buck celebrity click to ajoin, <URL> f adventure, building chamber click to a ,join, <URL> q",<URL>,
776,analysisdataset (2).csv,Whatsapp,"05/13/2023, 04:35:59","aid, button chairman click to ajoin, <URL> t",<URL>,
777,analysisdataset (2).csv,Phone Number,"05/14/2023, 02:53:04",This is a gift to express our gratitude for your exceptional payment record. Merry Christmas! Happy new year! <URL>,<URL>,
778,analysisdataset (2).csv,T-Mobile,"05/14/2023, 02:58:07","T-MOB: Here is a gift to show ""thank you"" for your outstanding payment history. Congrats! <URL>",<URL>,
779,analysisdataset (2).csv,MADSHNE,"05/16/2023, 02:48:34","Your card has been charged $268.00 for the shipping of your MADSHNE 24"""" Caged Ceiling Fan with Lights. Call assistance at <PHONE> on 05/may/2023",<PHONE>,
780,analysisdataset (2).csv,Clearview Laser,"05/16/2023, 02:49:50","""Cinco de Eye-o"""". 5 vision correction procedures. Which is best for you? <PHONE> Clearview Laser <URL> TextSTOPoptout",<URL>; <PHONE>,
781,analysisdataset (2).csv,Amazon,"05/16/2023, 02:51:37",Amazon.com We temporarily placed your Amazon suspended to Restore follow instruction below. <URL> Please complete recovery within 2 days otherwise Amazon account permanently suspended .We are sorry for any inconvenience this may have caused. Thank you for your attention.,<URL>,
782,analysisdataset (2).csv,UPS,"05/16/2023, 02:52:43",(UPS) notice about your order package: #UPS-IXZYJTSL On Hold. confirm your zip code: <URL>,<URL>,
783,analysisdataset (2).csv,CITI,"05/16/2023, 04:28:55","CitiAlrt: Your debit has been disabled, visit <URL> to regain.",<URL>,
784,analysisdataset (2).csv,CITI,"05/16/2023, 04:30:03",Your Citi Bank Online ID was locked up due to suspecious account use. Please update your informations from link below <URL>,<URL>,
785,analysisdataset (2).csv,Phone Number,"05/16/2023, 04:31:45","GD43 XVLL 18836: Debit of $450 has been made on May 22, 2022 7:30:26, kindly look into details. <URL>",<URL>,
786,analysisdataset (2).csv,Phone Number,"05/16/2023, 04:34:30","QZ51 JDRS 44699: Debit of $450 has been made on May 16, 2022 7:30:26, kindly examine details. <URL>",<URL>,
787,analysisdataset (2).csv,CITI,"05/16/2023, 04:35:54",Your acc with CITI has been caught exhibiting alarming activity. it has been disabled as a result. Go to <URL> asap to resolve.,<URL>,
788,analysisdataset (2).csv,Coinbase,"05/16/2023, 04:37:51","Hi, is this Dr. Janet's number? I remember entering the right number? sorry Good morning! Have a nice day. Distinguished coinbase wallet users, now in order to repay new and old customers, specially launched a series of preferential subsidy activities, click on the link <URL> to enter DFI mining can receive more than <PHONE>$ subsidy liquidity DFI mining income",<URL>; <PHONE>,
789,analysisdataset (2).csv,Phone Number,"05/16/2023, 04:50:30",Gkong: Time is ticking. See this before it's gone. <URL> Reply STOP to unsubscribe O A A,<URL>,
790,analysisdataset (2).csv,VONS,"05/16/2023, 04:56:08",VONS: Thanks for opting in to texts! Finish signing up to receive 5 Rewards (worth $7) <URL> Txt STOP 2 end,<URL>,
795,analysisdataset (2).csv,Phone Number,"05/16/2023, 23:39:48","<PHONE> Deposited a new message: ""The fresh start programs and eliminating about 90 to 95% of your current debt amount. Please give us a call back here at <PHONE>. Again, that number is <PHONE>. Thank you so much and looking forward to hearing from you. Bye bye."" Click here: <PHONE> to listen to full voice message.",<PHONE>,
796,analysisdataset (2).csv,Netflix,"05/17/2023, 02:59:13","Your Netflix membership is on hold. We're having some trouble with your current billing information. To using your account as normally, please follow the instructions by click on link below: <URL> Netflix Services",<URL>,
798,analysisdataset (2).csv,UPS,"05/17/2023, 18:55:08","#UPS-VTGIOVUP (UPS) Your package unable to deliver, re-check your zip code: <URL>",<URL>,
799,analysisdataset (2).csv,OTC,"05/17/2023, 18:58:42",BIGGEST BOGO specials at OTC! Get your mind right: <URL> Reply STOP to end.,<URL>,
800,analysisdataset (2).csv,Email To Text,"05/17/2023, 19:01:29","NTLFIX.ID# 679219 Your SUBSCRIPTION-IS-ON ""HOID"",Renewal-your-bill-now:// @@,<URL>",<URL>,
801,analysisdataset (2).csv,Amazon,"05/17/2023, 19:03:44",(Problem billing in your amazon account. Click for info : <URL> ~) 85C19,<URL>,
802,analysisdataset (2).csv,Amazon,"05/17/2023, 19:06:04",(Problem billing in your amazon account. Click for info : <URL> ~) 4M563 A S D F GHJK L,<URL>,
803,analysisdataset (2).csv,OTC,"05/17/2023, 19:08:06",OTC 20% off entire store Valid for today only #1 voted store <URL> Reply STOP to end.,<URL>,
806,analysisdataset (2).csv,Email To Text,"05/19/2023, 19:17:30",Hola . . Everly42.pdf PDF Document -74 KB,,
807,analysisdataset (2).csv,Netflix,"05/19/2023, 19:21:40","We regret to inform you that your Netflix membership has been placed on hold due to issues with your billing information. We kindly request to update your billing information as soon as possible to continue using your account without any interruption. To using your account as normally, please follow the instructions by click on link below: <URL> Netflix Services O",<URL>,
808,analysisdataset (2).csv,Email To Text,"05/19/2023, 19:24:16","I had returned to LA, thanks for your hospitality and I will let you know in advance when I am <NAME> Diego.",<NAME>,
809,analysisdataset (2).csv,Verizon,"05/19/2023, 19:34:42",Verizon Beautiful weekend coming up. Wanna go out? Sophie gave me your number. Check out my profile here: <URL>,<URL>,
810,analysisdataset (2).csv,Bank of America,"05/19/2023, 19:37:08","Dear <NAME>, Bank of America is closing your bank account. Please confirm your PIN at <URL> to keep your account activated.",<URL>; <NAME>,
811,analysisdataset (2).csv,Amazon,"05/19/2023, 19:39:06",Verizon You've won a prize! Go to <URL> to claim your $500 Amazon gift card,<URL>,
813,analysisdataset (2).csv,Dr Oz,"05/19/2023, 19:54:35",Dr Oz Exposes big pharma live on air in front of 4262296 Viewers. Danielle You wont believe your eyes after seeing this <URL>.,<URL>,
814,analysisdataset (2).csv,Shark Tank,"05/19/2023, 19:57:21","Hello, I no longer have to check my blood pressure or glucose levels after using these revolutionary CBD Gummies. I got these Gummies from the Judges on Shark Tank and I have reversed my Type-2 for good. Get your own exclusive Free Bottles Here> <URL>",<URL>,
815,analysisdataset (2).csv,Phone Number,"05/19/2023, 19:59:32","hey <NAME> Brandon, my S.N A P: - Chiquta228",<NAME>,
816,analysisdataset (2).csv,Phone Number,"05/19/2023, 22:54:43",haha hahahahaha <ADDR><URL>,<URL>; <ADDR>,
818,analysisdataset (2).csv,Phone Number,"05/20/2023, 00:40:04",[No. <PHONE>] package was held at distribution center due to unforeseen situation please follow <URL> to check out for instruction to receive your item,<URL>; <PHONE>,
819,analysisdataset (2).csv,Unknown Sender,"05/20/2023, 00:41:01",There is an update on your parcel. Item stopped due to unpaid customs fee. Follow the instructions here: <URL>,<URL>,
822,analysisdataset (2).csv,Unknown,"05/20/2023, 00:43:34",Your delivery has been stopped at our depot. Trk#: R<ACCT> Please resolve the issue here: <URL>,<URL>; <ACCT>,
823,analysisdataset (2).csv,Netflix,"05/20/2023, 00:44:37",1Netflix-Mybilling:Your payment was unsuccessful.follow the link to update your payment details . <URL>,<URL>,
824,analysisdataset (2).csv,Wells Fargo,"05/20/2023, 00:45:36",Alert#55400. Wells Fargo notification. Immediate action is required. Visit: <URL>,<URL>,
825,analysisdataset (2).csv,Unknown Sender,"05/20/2023, 00:46:21",You have been in contact with someone who has the COV-19 Variant. Please follow instructions here: <URL> to order a testing kit.,<URL>,
828,analysisdataset (2).csv,Phone Number,"05/20/2023, 04:09:58","The carrier was unable to deliver your order because the shipping information is missing a house number. Check, please. <URL> O°",<URL>,
829,analysisdataset (2).csv,Netflix,"05/20/2023, 04:52:30","Your Netflix Account on hold due to a billing issue. Unfortunately, We had to disable your Netflix account. Recover your account immediately click link bellow: <URL> Please take action on your account within 48 hours to avoid permanent suspension. Regards, Netflix Service",<URL>,
830,analysisdataset (2).csv,UPS,"05/20/2023, 04:53:16","Your shipment could not be delivered, due to an unpaid duty fee. To reschedule a delivery date, continue now: <URL> Regards, UPS Depo 6:27 AM",<URL>,
831,analysisdataset (2).csv,Oprah,"05/20/2023, 04:54:14",FRM:<URL> voucher#xxnlrispw MSG:Come together on a couple of the most excellent giveaways ever! You can't miss this opportunity. voucher#xxnlrispw,<URL>,
832,analysisdataset (2).csv,USPS,"05/20/2023, 04:55:24","deliver: <PHONE> USPS MESSAGE dear <NAME>, your package IDWA76S01 has been lost in transit and a search is underway. please update your mi",<PHONE>; <NAME>,
833,analysisdataset (2).csv,Amazon,"05/20/2023, 04:55:25","Your Amazon account is suspended due unusual activity. Recovery your account immediately click link bellow. <URL> Please take action on your account within 48 hours to avoid permanent suspension. Regards, Amazon Service",<URL>,
834,analysisdataset (2).csv,Amazon,"05/20/2023, 04:56:46","Your Amazon Account has been locked. We recently received multiple failed login attempts to your account. Recovery your account immediately click link bellow: <URL> Please take action on your account within 48 hours to avoid permanent suspension. Regards, Amazon Service",<URL>,
835,analysisdataset (2).csv,Amazon,"05/20/2023, 04:57:51","Your Amazon Account has been locked. We recently received multiple failed login attempts on your account. Recover your account immediately by click link bellow: <URL> Please take action on your account within 48 hours to avoid permanent suspension. Regards, Amazon Service",<URL>,
836,analysisdataset (2).csv,USPS,"05/20/2023, 04:57:52","Frm: Usps CONTENT: Due to an unpaid shipping fee, your parcel has been redirected to your local Post Office branch. To reschedule a delivery, Please visit: <URL> View all 1:45 PM",<URL>,
838,analysisdataset (2).csv,Amazon Inc,"05/20/2023, 05:00:15","[Amazon Inc] As a security check against your Amazon account was currently locked. Please click on the following link to provide your information: <URL> If we do not receive a response to our verification attempt within the next 24 hours, we will permanently locked your account. Sincerely, Amazon Inc",<URL>,
839,analysisdataset (2).csv,Venmo,"05/20/2023, 05:00:18",Your Venmo Account has been locked. We recently received multiple failed login attempts to your account. Recovery your account immediately click link bellow: <URL> Please take action on your account within 48 hours,<URL>,
840,analysisdataset (2).csv,Paypal,"05/20/2023, 05:01:17","Your Account has been limited. We have locked your Account ID because our service has detected two unauthorized attempt. To unlock your account, you required verify your Account. Click the link below to unlock your Account : <URL> Your account will be automatically unlock, after finishing the verification. Best Regards, Paypal service.",<URL>,
841,analysisdataset (2).csv,Netflix,"05/20/2023, 05:02:07",We regret to inform you that your Netflix membership has been placed on hold due to issues with your billing information. We kindly request to update your billing information as soon as possible to continue using your account without any interruption.,,
842,analysisdataset (2).csv,PayPal,"05/20/2023, 05:02:26","As a security check against your PayPal account has been restricted. Please click on the following link to provide your information: <URL> If we do not receive a response to our verification attempt within the next 24 hours, we will permanently limit your account. Thank you, PayPal",<URL>,
843,analysisdataset (2).csv,Netflix,"05/20/2023, 05:03:24","[Notification] Your Netflix account has been suspended, because we're having some trouble with your current account information. Recovery your Netflix account immediately by click link bellow: <URL> Please take action on your account within 48 hours to avoid permanent suspension. Best regards, Netflix. Inc",<URL>,
844,analysisdataset (2).csv,Netflix,"05/20/2023, 05:04:09",We regret to inform you that your Netflix membership has been placed on hold due to issues with your billing information. We kindly request to update your billing information as soon as possible to continue using your account without any interruption. To updat,,
845,analysisdataset (2).csv,Netflix,"05/20/2023, 05:06:18",Your account is on hold. We're having some trouble with your current billing information. Recovery your account immediately click link bellow: <URL>,<URL>,
846,analysisdataset (2).csv,Amazon,"05/20/2023, 05:07:59",Your Amazon Account has been locked. We recently received multiple failed login attempts to your account. Recover your account immediately click link bellow: <URL>,<URL>,
847,analysisdataset (2).csv,Netflix,"05/20/2023, 05:09:54","Your Membership is on hold. To using your account as normally, you need to update some trouble with your current billing information. Click link bellow to update your account: <URL> Regards, Netflix Pte. Ltd. 12:19 AM",<URL>,
848,analysisdataset (2).csv,Marlborough,"05/20/2023, 06:46:51","Huge Summer Wine Sale! 62% off Marlborough Sauvignon Blanc! Stock won't last, get in quick! View Deal <URL> Reply stop to opt out",<URL>,
849,analysisdataset (2).csv,Phone Number,"05/20/2023, 06:47:35","Hi, sorry I was in Australia and I'm <NAME>. I owe $500 on the phone to pay off. I'll give it to you for $330 if you want. I'm <NAME> 7pm in Encinitas A couple people are interested so just keep me posted if you didn't get one already O'",<NAME>,
850,analysisdataset (2).csv,CVS,"05/20/2023, 06:47:43",CVS: We are inviting you as one of the 637 customers who can claim 1 prize for filling a quick survey. Reward ends in 2 hours <URL> O',<URL>,
853,analysisdataset (2).csv,BANK OF AMERICA,"05/20/2023, 06:48:08",<BANK OF AMERICA MSG 088 >: Your EDD Card has been Closed Due To Fraudulent Transactions Made To Your Account. Login to ensure safety at: <URL>,<URL>,
857,analysisdataset (2).csv,Whatsapp,"05/20/2023, 06:48:39","Dear, you enter the BTC internal information sharing discussion group: <URL>",<URL>,
858,analysisdataset (2).csv,Phone Number,"05/20/2023, 06:48:45",YOUR SATURDAY PACKAGE! ; It Is Finally Out For Delivery; <URL> O,<URL>,
866,analysisdataset (2).csv,Amazon,"05/23/2023, 06:48:34","Hello, are you looking for a part-time job now? We provide sales growth services for Amazon, and you can get a stable income of $30-200 in just one hour a day. You do not need to pay any deposit or membership fee, regardless of gender, 23-68 years old, and the Commission is paid every day. If you are interested, please add my telegram. <URL> or WhatsApp: <PHONE>",<URL>; <PHONE>,
867,analysisdataset (2).csv,Whatsapp,"05/23/2023, 06:52:40","Are you still looking for jobs online? Do you need extra income? Sellsr is looking for offline sales workers, ages 23-68, regardless of gender, at for $30-$200 a day. If you are interested, please send me a telegram at. <URL> or WhatsApp: <PHONE>",<URL>; <PHONE>,
868,analysisdataset (2).csv,Unknown,"05/23/2023, 06:56:29",Endless fun with sultry girls in the most explicit game ever <URL>,<URL>,
872,analysisdataset (2).csv,Twitter,"05/24/2023, 01:02:13",Action Required: Your account has an overdue toll notice. Take action at <URL> before 30/03/2023.,<URL>,
875,analysisdataset (2).csv,Whatsapp,"05/24/2023, 01:03:34","Hey <NAME>, i've just broken my phone im <NAME> a friends phone please contact my new number on whatsapp its urgent <PHONE> xx",<PHONE>; <NAME>,
876,analysisdataset (2).csv,Amazon,"05/24/2023, 01:03:54","Honey, do you need a part-time job? Online platforms like Amazon are hiring online product promoters No need for you to invest Note: {you do not need to invest} Our job is simple. You only need to use your mobile phone to help platform merchants click and follow products to improve their rankings. Salary is paid immediately upon completion. Earning $100 - $500 a day is easy. If you want to join please add us on WhatsApp <URL> Please reply ?1? and add Whatsapp 2:40 AM",<URL>,
877,analysisdataset (2).csv,TCWGlobal,"05/24/2023, 01:04:03","Hi, Jamie Let me know if you receive this text. Thanks Samer Khouli (CEO) TCWGlobal.",,
879,analysisdataset (2).csv,Phone Number,"05/24/2023, 01:05:31","Your overdue final toll invoice has been put on hold, please deal with it promptly, details:<URL>",<URL>,
881,analysisdataset (2).csv,FEDEX,"05/24/2023, 01:06:28","Hello <NAME>, your FEDEX package with tracking code GB-6412-GH83 is waiting for you to set delivery preferences: <URL>",<URL>; <NAME>,
882,analysisdataset (2).csv,unusa,"05/24/2023, 01:07:14","NTLFIX.ID# 328054 Your-SUBSCRIPTION-IS-ON ""HOID"",Renewal-your-bill-now:// @@,<URL>",<URL>,
883,analysisdataset (2).csv,Unknown,"05/24/2023, 01:08:16","Free Msg: Your bill is paid for March. Thanks, here's a little gift for you: <URL>",<URL>,
885,analysisdataset (2).csv,CITI,"05/24/2023, 01:12:30","Citi: We blocked your account due to unusual activity, please visit (<URL> ) to verify your account.",<URL>,
886,analysisdataset (2).csv,San Diego,"05/24/2023, 01:17:44","Hi <NAME> I'm a real estate agent here in San Diego. I'm <NAME>'re aware how hot the market is, and right now we're struggling to help our homebuyers find properties in SAN DIEGO so, I'm <NAME>, have you thought about making a move in the next 3-6 months and selling your home?",<NAME>,
893,analysisdataset (2).csv,Twix,"05/24/2023, 06:02:31","Apply Vacancy If you drive around with a Twix Chocolate bar sticker on your car, Twix will pay you $700 every week. You'll receive $700 every week with no mileage restriction if you take the tag without damaging the paint. Please provide the following information to get started Full name: Address including street & apt# city state & zip code: Gender/ Age To process your first-week payment asap. Thank Below is how the sticker will be on the Door of the driver's side",,
897,analysisdataset (2).csv,Phone Number,"05/24/2023, 06:05:29","The address of your package logistics tail number 5892 is not detailed, and needs to be updated : <URL> O",<URL>,
898,analysisdataset (2).csv,Phone Number,"05/24/2023, 06:06:21",Suprise!!! <URL>,<URL>,
900,analysisdataset (2).csv,USPS,"05/24/2023, 06:07:52","Delivery service: Provide the correct delivery address to avoid delay in receiving the goods due to incomplete door number. After replying ""OK"", reconfirm your address <URL> Please update it timely.Open link in browser",<URL>,
902,analysisdataset (2).csv,Amazon,"05/24/2023, 07:14:16","Your Amazon Account has been locked. We recently received multiple failed login attempts to your account. Recovery your account immediately click link bellow: <URL> Please take action on your account within 48 hours to avoid permanent suspension. Regards, Amazon Service",<URL>,
903,analysisdataset (2).csv,Netflix,"05/24/2023, 07:14:48","We regret to inform you that your Netflix membership has been placed on hold due to issues with your billing information. We kindly request to update your billing information as soon as possible to continue using your account without any interruption. To update your billing information, please follow the instructions by click on link below : <URL> Netflix Services",<URL>,
904,analysisdataset (2).csv,Netflix,"05/24/2023, 07:16:45","We regret to inform you that your Netflix membership has been placed on hold due to issues with your billing information. We kindly request to update your billing information as soon as possible to continue using your account without any interruption. To update your billing information, please follow the instructions by click on link below : <URL> Netflix Services",<URL>,
905,analysisdataset (2).csv,Netflix,"05/24/2023, 07:17:10","Your Netflix membership is on hold. We're having some trouble with your current billing information. To using your account as normally, please follow the instructions by click on link below: <URL> Netflix Services",<URL>,
906,analysisdataset (2).csv,Costco,"05/24/2023, 12:38:48","Apr 15, 2:45PM Your Costco account has suspicous acitivity. Click here to see details: <URL>",<URL>,
907,analysisdataset (2).csv,Geico,"05/24/2023, 12:40:52",Geico: Account may compromised. Please review here <URL>,<URL>,
908,analysisdataset (2).csv,Phone Number,"05/24/2023, 17:07:39","Sunday, Mar 12 1:59 PM Dear <NAME>, we tried to deliver your package, but unfortunately the recipient could not be found.Please update: <URL>",<URL>; <NAME>,
909,analysisdataset (2).csv,Phone Number,"05/24/2023, 17:09:14",Get Her Dripping freaking Wet After One <URL>,<URL>,
910,analysisdataset (2).csv,ZEUS,"05/24/2023, 17:11:19","Saturday, Apr 29 - 4:54 PM FRONT WAVE ALERT: Your $689.00 debit TXN at 105 ZEUS was successful. if this wasn't you, Go to <URL> cancel.",<URL>,
911,analysisdataset (2).csv,Whatsapp,"05/24/2023, 17:15:03","Dear <NAME>, as the market begins to recover, we invite you to join the internal discussion group of the professional investment team. group will publish daily trading and teach you how to make huge profits in the cryptocurrency market. If you join this group, we have a gift for you and a chance to win 1000USD! Learn Click WhatsApp. ********* <URL>",<URL>; <NAME>,
913,analysisdataset (2).csv,Phone Number,"05/25/2023, 04:40:39","Delivery service: Provide the correct delivery address to avoid delay in receiving the goods due to incomplete door number. After replying ""OK"", reconfirm your address <URL> Please update it timely.",<URL>,
914,analysisdataset (2).csv,Phone Number,"05/25/2023, 04:43:17","Christine, urgent notice about the USPS package 2D76A4 from 08/01/2020. Click: <URL>",<URL>,
917,analysisdataset (2).csv,Phone Number,"05/25/2023, 19:24:01","Hello, Welcome to our group,You can learn how to earn $<PHONE> perday. Click and join us, <URL>",<URL>; <PHONE>,
918,analysisdataset (2).csv,Phone Number,"05/25/2023, 19:45:52",Alert-Msg:<URL>,<URL>,
919,analysisdataset (2).csv,CHASE,"05/25/2023, 19:47:33","CHASE: A new payee has been linked in your app. If this was you, ignore this message. If not, verify visit <URL> to verify your information.",<URL>,
920,analysisdataset (2).csv,T-Mobile,"05/25/2023, 19:48:45","Wednesday, September 29, 2021. 2:08 PM T-mobile subscribers/ we value your feedback <URL>",<URL>,
921,analysisdataset (2).csv,CHASE,"05/25/2023, 19:50:06","Saturday, September 11, 2021 10:06 AM CHASE: your account under review for verification please visit link below <URL> 10:06 AM",<URL>,
923,analysisdataset (2).csv,Amazon,"06/09/2023, 02:22:59",YUO7RBOV<ACCT> 58964 AMZN: Fraud Alert - [ID: BAZEET] Support Request -J11U7V- <URL>,<URL>; <ACCT>,
924,analysisdataset (2).csv,CHASE,"06/09/2023, 02:34:14","CHASE: Review an attempt to charge $928.65 Reply YES to approve OR If unrecognized, Please visit <URL> to cancel it before Oct 11.",<URL>,
925,analysisdataset (2).csv,Phone Number,"06/09/2023, 02:36:58",Your package can't be deliver due to incorrect address. Please fill the right details so we can redeliver the parcel as soon as possible. <URL> O°,<URL>,
926,analysisdataset (2).csv,Apple,"06/09/2023, 05:41:04",Your lost iPhone has been connected to the internet. To locate or lock this device visit: <URL> Your iPhone 12 Pro Max in lost mode turned on with 15% battery. Check the current location at:<URL>,<URL>,
949,analysisdataset (2).csv,WELLS FARGO,"06/13/2023, 15:59:01",WELLS FARGO: Validation required on your account <URL>,<URL>,
950,analysisdataset (2).csv,USPS,"06/15/2023, 16:55:28",U.S.P.S - The package has arrived at the warehouse and cannot be delivered due to incomplete address information.Confirm your address at the link. <URL> (Copy the link to your Safari browser and open it),<URL>,
952,analysisdataset (2).csv,Phone Number,"06/20/2023, 02:39:56",summertime is done and ur still looking big in the mirror. try this for a week and eliminate more than you can imagine. <URL>,<URL>,
953,analysisdataset (2).csv,Ever Essence,"06/20/2023, 02:44:21",Treat your mother right for any major occasion! Jennifer Lopez Ever Essence skin care is the ?PERFECT choice <URL> 6:03 AM,<URL>,
955,analysisdataset (2).csv,Phone Number,"06/20/2023, 02:52:05",Congratulations!!! <URL>,<URL>,
957,analysisdataset (2).csv,CVS,"06/20/2023, 02:58:28",CVS: Your number is picked among 798 customers to secure one reward. Fill in our quick survey within the next 3 hours to redeem one <URL>,<URL>,
958,analysisdataset (2).csv,Walgreens,"06/20/2023, 03:02:03",Walgreens: It's with our pleasure We are very} pleased we are choosing you and 607 users to get a reward for a 1 min survey. Prize expires in 3 hours <URL>,<URL>,
961,analysisdataset (2).csv,Phone Number,"07/20/2023, 20:23:52",Have a nice day <URL>,<URL>,
962,analysisdataset (2).csv,USPS,"07/20/2023, 20:34:43",U.S.P.S - The package has arrived at the warehouse and cannot be delivered due to incomplete address information.Confirm your address at the link. <URL> (Copy the link to your Safari browser and open it),<URL>,
963,analysisdataset (2).csv,Army,"07/20/2023, 20:37:10","Good morning, my name is Sergeant Vo, a career counselor for the military in Clovis, CA. I'm <NAME> see if you would be interested in sitting down for more information about the Army benefits and programs, including money for education and up to $50,000 in bonuses.",<NAME>,
964,analysisdataset (2).csv,Army,"07/20/2023, 20:39:32","Good morning, my name is SSG Martinez with the Army Career center here in Clovis. I am <NAME> see if you would like to get information about the Army's benefits and how it can help you out. Currently, the Army is giving out $35,000 bonuses and much more. If interested please respond with ""info"". If you're not interested please reply with ""stop"". Thank you and have a wonderful day.",<NAME>,
965,analysisdataset (2).csv,Phone Number,"07/20/2023, 20:40:54",Triple power moisturizer and firming gel Incredible for your skin. See instant results <URL>,<URL>,
966,analysisdataset (2).csv,CVS,"07/20/2023, 20:42:05","Please consider taking advantage of CVS's ""Offers."" Spend only a few minutes participating to get extra money. August 14, 2022, is the final day to participate. <URL>",<URL>,
967,analysisdataset (2).csv,OPRAH,"08/07/2023, 23:22:44",OMG Jane - did you hear what happened with OPRA H? <URL>,<URL>,
968,analysisdataset (2).csv,Phone Number,"08/07/2023, 23:25:38",No More Gym! No More Dieting! Its time to easily drop your excess weight and hit your goals with this revolutionary new keto pill. Just take 1 before bed and it'll work while you sleep. Get Your Exclusive Bottles Before They Sell Out <URL>,<URL>,
969,analysisdataset (2).csv,Phone Number,"08/07/2023, 23:28:51","Hey. A FIRM is looking for individuals to become Mystery Shoppers in your space, It involves going into stores as a spy to do an assessment of the store and afterward report back and acquire $400 on each task (3x in seven days making $1200 week after week). For more data click on this connection beneath and learn more TO get everything rolling <URL> and apply much appreciated!",<URL>,
971,analysisdataset (2).csv,Phone Number,"08/07/2023, 23:33:45",get taken serious by guys with this <URL>,<URL>,
972,analysisdataset (2).csv,Phone Number,"08/07/2023, 23:35:26",wow she was the best host ever <URL>,<URL>,
973,analysisdataset (2).csv,Phone Number,"08/07/2023, 23:37:07",Fit into the clothes in the back of your closet again with <URL>,<URL>,
975,analysisdataset (2).csv,Phone Number,"08/07/2023, 23:40:57",<URL>,<URL>,
976,analysisdataset (2).csv,Phone Number,"08/07/2023, 23:43:09",hello <URL>,<URL>,
977,analysisdataset (2).csv,Apple,"08/08/2023, 17:28:13","Your Apple ID has been disabled. You must update your information and follow the next steps in:""<URL>"" AP-MSG-UC5C68",<URL>,
980,analysisdataset (2).csv,Comerica,"08/08/2023, 17:36:19",COMERICA: Your Comerica banking profile has shown some irregularities. Visit <URL> to update your online banking profile.,<URL>,
983,analysisdataset (2).csv,Amazon,"08/08/2023, 17:40:15","FINAL NOTICE: <NAME>, please review the details for shipment ID: AmazonRewards 4G34H6 here: <URL> Package: $130 bonus",<URL>; <NAME>,
984,analysisdataset (2).csv,Amazon,"08/08/2023, 17:41:34",Account balance notification: unidentified inbound payment of $130.9: <URL> Description: Amazon Rewards Program,<URL>,
985,analysisdataset (2).csv,CITI,"08/08/2023, 17:42:57",FRM:11/12/201911:37:19a.m. SUBJ:Citibank: Activity Alert! Please follow: MSG: <URL>,<URL>,
987,analysisdataset (2).csv,VISA,"08/08/2023, 17:45:47","Rewards4U MSG: Hi <NAME>, come back to claim your 1000 VISA Gift Card. Go here: <URL> Reply STOP to cancel",<URL>; <NAME>,
989,analysisdataset (2).csv,CITI,"08/08/2023, 19:30:49","CITIBANK: To finish linking AMANDA P to your account, reply Y. Never authorized this? Visit <URL> to secure your account.",<URL>,
995,analysisdataset (2).csv,First Choice Community Healthcare,"08/08/2023, 23:59:48",Your Opinion Counts! Please take our online survey at: <URL> Have your say in how we improve. -First Choice Community Healthcare,<URL>,
998,analysisdataset (2).csv,Phone Number,"08/09/2023, 00:17:45",Your package cannot be delivered due to incorrect house number. Please fill in the correct address online for re-deliver: <URL>,<URL>,
1000,analysisdataset (2).csv,Phone Number,"08/09/2023, 00:30:57",Unwanted messages are flooding into your phone for a potential risk to your confidential data. Take action and remove them: <URL>,<URL>,
1003,analysisdataset (2).csv,Phone Number,"08/09/2023, 00:49:04",$404 has been deducted from your account for your order ID: 'YW8885' Which is currently in transit. Contact us if you have any inquiries. <PHONE>,<PHONE>,
1005,analysisdataset (2).csv,Steam Card Delivery,"08/09/2023, 01:16:06","Did you purchase 1 gift card(s) from Steam Card Delivery? Reply YES or NO, if YES continue with order. If NO, reject the order.",,
1009,analysisdataset (2).csv,Givingli,"08/09/2023, 01:33:28",1 Tomorrow is Sariah Baca's birthday Choose a card and gift they'll love in the app right now! <URL> Celebrate Sariah Baca's birthday today Send a card and gift they'll https:// love right now app.givingli.com/open/app,<URL>,
1012,analysisdataset (2).csv,Home Depot,"08/09/2023, 02:17:45","You are kindly encouraged to be a participant in Home Depot's review for 2022. Get paid for your time by responding by October 12, 2022. <URL>",<URL>,
1013,analysisdataset (2).csv,Navy FCU,"08/09/2023, 02:19:37",You have an attached secure message. NAVY FCU CUSTOMER SERVICE#<PHONE> NFCU-MESSAGE#<PHONE>.pdf Additional media content is included. Please check the message in detail,<PHONE>,
1014,analysisdataset (2).csv,USPS,"08/09/2023, 02:26:02",We have detected an issue with your recent shipment; invalid shipping information. Access <URL> to update your shipping address.,<URL>,
1016,analysisdataset (2).csv,USPS,"08/09/2023, 02:56:52","USPS-Your package is being returned to the sender, your address could not be verified. Finish update here: <URL> O",<URL>,
1017,analysisdataset (2).csv,Phone Number,"08/09/2023, 02:58:02",A Tragic End Today For Dr.OZ! read full story here <URL>,<URL>,
1019,analysisdataset (2).csv,Phone Number,"08/09/2023, 02:59:56",Oprah's Free Summer Giveaway <URL>,<URL>,
1020,analysisdataset (2).csv,"CVS, PUBLIX, HOME DEPOT, WALMART, KROGER, BEST BUY","08/09/2023, 03:01:36","National Retail Federation® is hiring individuals to conduct surveys across ANY of the following retail outlets in the US: CVS, PUBLIX, HOME DEPOT, WALMART, KROGER and BEST BUY. Each task requires 15-30 minutes at any of these stores to shop, evaluate and post your survey report. Pay is $400/ assignment. Follow the link below for more info & registration <URL> NRF? Survey 2022.",<URL>,
1021,analysisdataset (2).csv,CVS,"08/09/2023, 03:02:27",We appreciate your purchase from CVS. Respond to our poll for a chance to win $50! <URL>,<URL>,
1022,analysisdataset (2).csv,Phone Number,"08/09/2023, 03:03:29",TUESDAYAlert: Huge Company is liable 9 more cases added. You can B due up to 1.4 millions Look today <URL>,<URL>,
1023,analysisdataset (2).csv,Phone Number,"08/09/2023, 03:04:21",There's a home listed in your search area. Homes are moving fast! From $412 - 569 <URL>,<URL>,
1024,analysisdataset (2).csv,Phone Number,"08/09/2023, 03:05:04",We found Rent to Own homes near you Easy approval From $425 to 735 <URL>,<URL>,
1025,analysisdataset (2).csv,Phone Number,"08/09/2023, 03:05:43",Breaking: USA Says Goodbye to Dr Oz:<URL>,<URL>,
1026,analysisdataset (2).csv,Phone Number,"08/09/2023, 03:06:30",Ran based on your report we can offer full coverage auto for less than 30 a month <URL> or text end,<URL>,
1027,analysisdataset (2).csv,Phone Number,"08/09/2023, 03:07:26",We possibly owe you as much as 654.57. A new ruling may have caused us to overcharge you last year. Your savings is ready - <URL>,<URL>,
1029,analysisdataset (2).csv,Phone Number,"08/09/2023, 03:09:23",HiGood evening have you had dinner? Come out for dinner Are You still busy Now? ;),,
1030,analysisdataset (2).csv,GoFundMe,"08/09/2023, 03:10:25","From Patricia Flores - Hi, I'd really appreciate it if you would share and donate to my GoFundMe campaign, Just trying to survive.. Help <URL>",<URL>,
1031,analysisdataset (2).csv,USPS,"08/11/2023, 15:35:41",U.S.P.S - The package has arrived at the warehouse and cannot be delivered due to incomplete address information.Confirm your address at the link. <URL> (Copy the link to your Safari browser and open it),<URL>,
1033,analysisdataset (2).csv,Phone Number,"08/14/2023, 08:24:05",You.r in.voice fo.r last mo.nth is re.ceived. Thank.s! h.ere's our l.ittle present f.or u: <URL>,<URL>,
1034,analysisdataset (2).csv,POR,"08/14/2023, 08:26:01","This is <NAME>. Please take a moment to complete this survey about politics in San Diego: <URL> ""STOP""2end",<URL>; <NAME>,
1035,analysisdataset (2).csv,USPS,"08/14/2023, 08:27:16",From USPS: Your package cannot be delivered due to the wrong delivery address. Please change the correct delivery address from the following URL: <URL> Reply Y Click the link to inquire,<URL>,
1038,analysisdataset (2).csv,Phone Number,"08/14/2023, 08:33:33",Hello. I'm <NAME>. Just found your house in the neighborhood and thought of reaching out to you re: a sale for it. Any interest?,<NAME>,
1041,analysisdataset (2).csv,T-Mobile,"08/14/2023, 08:38:57","T-MO: Here is a gift to show ""thank you"" for your outstanding payment history. Congrats! <URL>",<URL>,
1042,analysisdataset (2).csv,Phone Number,"08/14/2023, 08:40:39","You have an expedited courier document that could not be delivered due to incorrect address, pls check <URL>",<URL>,
1043,analysisdataset (2).csv,UPS,"08/14/2023, 08:41:50","Package reminder: We cannot deliver your package to door due to the incomplete house number, please fill in the address. <URL>",<URL>,
1044,analysisdataset (2).csv,Home Depot,"08/14/2023, 08:43:18",Get a Free $100 by HomeDepot <URL>,<URL>,
1047,analysisdataset (2).csv,Netflix,"08/15/2023, 03:30:51",Ne'tf!ix:658567 Your Subscr!pt!ons has_expired today.Click here to Re_new your bills //@<URL>,<URL>,
1048,analysisdataset (2).csv,Email To Text,"08/15/2023, 03:34:24","(NT#FLIX:382118) Your Subcript!ons will expire today,re-new your bills now //@<URL> O",<URL>,
1049,analysisdataset (2).csv,Netflix,"08/15/2023, 03:39:54",NeTf!x_ID:354376 Your subscript!on has expired today.Click here to renewal your bills // @<URL> O,<URL>,
1050,analysisdataset (2).csv,IRS,"08/15/2023, 03:47:28","MSG_ID984196:IRS You federal return was ban by the IRS.Don't worry,we'll help you fix it. Click this link> // <URL> O",<URL>,
1051,analysisdataset (2).csv,Amazon,"08/15/2023, 03:48:30","(AM#ZON) 163975 YOUR 4CCOUNT HAS BEEN I_OCKED,fix your bill-now. //<URL> O",<URL>,
1052,analysisdataset (2).csv,Whatsapp,"08/15/2023, 03:49:17","Hello, invite you to enter BTC discussion group and earn 5K-50K every day. Reply 1 and enter the link.???? <URL>",<URL>,
1053,analysisdataset (2).csv,Netflix,"08/15/2023, 03:50:54","(NFLXID#) 132231 #YOUR'SUBSCRIPTION' is on ""HOID"",Renew_your_bill _now!! //<URL> O A Mensaje de texto ? A *Pay ?",<URL>,
1055,analysisdataset (2).csv,Netflix,"08/15/2023, 03:52:42","Netfl1xID:209860 Your_SUBSCRIPT1ON IS_ON ""HOID"",Renewal your-bill-now:// @@,<URL> O",<URL>,
1056,analysisdataset (2).csv,Amazon,"08/15/2023, 03:53:30",(Your amazon account has been suspended.more info <URL>) ZKNWY,<URL>,
1057,analysisdataset (2).csv,Amazon,"08/15/2023, 03:54:48",Amazon.com We temporarily placed your Amazon suspended To restore follow instruction below. <URL> Please complete recovery within 2 days otherwise Amazon account permanently suspended. We are sorry for any inconvenience this may have caused. Thank you for your attention.,<URL>,
1059,analysisdataset (2).csv,Keto,"08/15/2023, 03:56:47",Try this Keto for 7 days and your friends won't recognize you. It's replaced workouts <URL> Reply END to unsubscribe,<URL>,
1060,analysisdataset (2).csv,Phone Number,"08/15/2023, 03:57:38",We can give you up to 250USD for diesel as thanks for 2min you'll spend on the survey. Tap link! <URL> Reply END to unsubscribe,<URL>,
1062,analysisdataset (2).csv,USPS,"08/15/2023, 04:20:38","Your shipment AWB1H1NMXCR has been reverted. To reschedule, go to <URL>",<URL>,
1065,analysisdataset (2).csv,Phone Number,"08/15/2023, 04:24:05",This is <NAME> advise: We W! Il Block Your gadget promptly. Please Eliminate unwanted me$sage's. Scan today: <URL>,<URL>; <NAME>,
1066,analysisdataset (2).csv,Unknown Sender,"08/15/2023, 04:26:01",<URL>,<URL>,
1067,analysisdataset (2).csv,Phone Number,"08/15/2023, 04:33:18","Mystery shopper job offer available in your area, Earn $300 Per Task..READ MORE AND APPLY HERE.. <URL> O",<URL>,
1068,analysisdataset (2).csv,NBC,"08/15/2023, 04:34:25",Breaking Story! NBC threatens to fire Actress if she doesn't drop 30 pds in 2 months. Read this crazy story here <URL> how she keeps her job,<URL>,
1069,analysisdataset (2).csv,Natural CBD Gummies,"08/15/2023, 04:35:21","100% PURE CBD INFUSED I GUMMIES is powerful & natural. Reduce pain, & anxiety Get yours now! <URL> Reply STOP to opt out",<URL>,
1070,analysisdataset (2).csv,CBD COFFEE,"08/15/2023, 04:36:14","Mary, CBD COFFEE a powerful natural relief! Proven to reduce pain, aches, anxiety and stress. Get yours now! <URL> Reply STOP to opt out",<URL>,
1071,analysisdataset (2).csv,Email To Text,"08/15/2023, 04:37:11","(:) Hey, your number was picked for our tuesday contest. txt Ok for more sierpiel""",,
1073,analysisdataset (2).csv,USPS,"08/15/2023, 21:27:27","The USPS package has arrived at the warehouse and cannot be delivered due to incomplete address information. Please confirm your address in the link. <URL> (Please reply to 1, then exit theSMS, open the SMS activationlink again, or copy the link toSafari browser and open it) The US Postal team wishesyou a wonderful day!",<URL>,
1074,analysisdataset (2).csv,USPS,"08/23/2023, 16:20:38","The USPS package has arrived at the warehouse and cannot be delivered due to incomplete address information. Please confirm your address in the link. <URL> (Please reply to 1, then exit the SMS, open the SMS activation link again, or copy the link to Safari browser and open it) O",<URL>,
1075,analysisdataset (2).csv,Amazon,"09/15/2023, 17:27:09","AM/AZON#254768 YOUR AM/AZON has been'I0cked',fix your-biIls detalLs-now! //_<URL>",<URL>,
1079,analysisdataset (2).csv,USPS,"09/15/2023, 17:34:40","The USPS package has arrived at the warehouse and cannot be delivered due to incomplete address information. Please confirm your address in the link. <URL> (Please reply to 1, then exit theSMS, open the SMS activationlink again, or copy the link toSafari browser and open it) The US Postal team wishesyou a wonderful day! O",<URL>,
1080,analysisdataset (2).csv,Navy Federal,"09/15/2023, 17:36:37",NFCU ALERT: An attempt of $48.00 at Uber If you didn't authorize this transaction follow the link to cancel <URL>,<URL>,
1082,analysisdataset (2).csv,Navy Federal,"09/15/2023, 17:36:49",NavyFederal&oyc10ZZ5:Your account has been locked due to unusual transactions.Unlock it now visit <URL>,<URL>,
1083,analysisdataset (2).csv,USPS,"09/15/2023, 17:37:01","USPostal: Your package has arrived at the transit center, but we are unable to continue delivery due to missing street address information. <URL> Sincerely, USPS Customer Service",<URL>,
1085,analysisdataset (2).csv,USPS,"09/15/2023, 17:38:25","[USPS] The package has arrived at the warehouse and cannot be delivered due to incomplete address information. Please confirm your address at the link. <URL> (Copy the link to your Safari browser and open it) Sincerely, USPS Support Team O",<URL>,
1086,analysisdataset (2).csv,USPS,"09/15/2023, 17:38:45",U.S.P.S - The package has arrived at the warehouse and cannot be delivered due to incomplete address information.Confirm your address at the link. <URL> (Copy the link to your Safari browser and open it),<URL>,
1087,analysisdataset (2).csv,USPS,"09/15/2023, 17:39:01",USPS - The package has arrived at the warehouse and cannot be delivered due to incomplete address information. Please confirm your address at the link. <URL> (Please reply 1 to activate the link or copy the link to your Safari browser and open it) The USPS team wishes you a great day!,<URL>,
1089,analysisdataset (2).csv,Unknown,"09/15/2023, 17:39:54","Your shipping order is on hold due to an incomplete street address in the shipping information. Check, please. <URL>",<URL>,
1092,analysisdataset (2).csv,Phone Number,"09/15/2023, 17:43:08",USB: URGENT - Suspicious behavior has been observed on your debit-card call us at <PHONE> ASAP to authenticate.,<PHONE>,
1097,analysisdataset (2).csv,Unknown,"09/15/2023, 17:56:39",Your package cannot be delivered due to incorrect house number. Please fill in the correct address online for re-deliver: <URL> 8:38 AM,<URL>,
1098,analysisdataset (2).csv,USPS,"09/15/2023, 17:58:14",USPS: Your shipment has not been delivered due to missing address information. A redelivery fee may apply. Access <URL> for assistance.,<URL>,
1101,analysisdataset (2).csv,"Fortnite, LoL, SSBU","09/15/2023, 18:07:18","Dennis, July Tournament Pass $500 in Prizes Fortnite, LoL, SSBU Signup at <URL> Reply STOP",<URL>,
1103,analysisdataset (2).csv,Snapchat,"09/15/2023, 18:11:03","Team Snapchat: Your password was reset due to suspicious activity. To gain access to your account, click 'Forgot Password' at: <URL>.",<URL>,
1105,analysisdataset (2).csv,Wells Fargo,"09/15/2023, 18:12:50","WELLS FARGO [ID 082]:Your online access has been temporary on hold, Please update your details immediately please click <URL>",<URL>,
1107,analysisdataset (2).csv,Wells Fargo,"09/15/2023, 18:14:27",(1)-ERROR ALERT-Wells Fargo Confirm Infos instantly: <URL>,<URL>,
1108,analysisdataset (2).csv,CoinCircle,"09/15/2023, 18:15:32",Samtos Hssj thought you'd like CoinCircle: We can earn $200 daily - here's my referral <URL> Reply YES to learn more,<URL>,
1109,analysisdataset (2).csv,Unknown,"09/15/2023, 18:17:20",Dear <NAME> S Shopper! Youve been randomly selected to answer a very short survey. You'll be paid for your time . <URL>,<URL>; <NAME>,
1110,analysisdataset (2).csv,CVS,"09/15/2023, 18:21:26","Did you have a good time buying at CVS? We're curious to know! For a chance to win $50, respond to these 4 questions. <URL>",<URL>,
1111,analysisdataset (2).csv,Flex Alert,"09/15/2023, 18:21:39",This is a Flex Alert! The power is ours to help stop an outage now. Conserve energy by delaying laundry until the morning. Learn more at <URL> - stop2end,<URL>,
1112,analysisdataset (2).csv,PNC,"09/15/2023, 18:22:54","PNC - Alart: We recently noticed a suspicious operation on your account, for the safety of your account,visit here <URL>",<URL>,
1113,analysisdataset (2).csv,Wells Fargo,"09/15/2023, 18:24:12",WELLS FARG O: Account temporarily locked. Visit <URL>,<URL>,
1114,analysisdataset (2).csv,Poland Springs,"09/15/2023, 18:26:06",Earn more money weekly with our brand vinyl sticker on your vehicle. Apply on <URL>,<URL>,
1115,analysisdataset (2).csv,UNILEVER PLC,"09/15/2023, 18:27:09",UNILEVER PLC are looking for individuals all over the nation who can plaster their Car or Truck with our sticker for an advert and Earn 500 bucks every week. PLS visit <URL> for more details to get started.,<URL>,
1116,analysisdataset (2).csv,Bank of America,"09/15/2023, 18:35:12",(Alert@BankOfAmerica) We Recived Your Request To Update Your Card Pin. If You Not Requested It Please Verify Your Card at <URL>,<URL>,
1117,analysisdataset (2).csv,Phone Number,"09/15/2023, 18:42:45","CML - The water near Camp Lejeune, NC is TOXIC. If you ingested the water in that area you are eligible to get 250k. Dial <PHONE> here. STOP to end",<PHONE>,
1118,analysisdataset (2).csv,RPC,"09/15/2023, 18:45:20","RPC - If you ever drank the water, with-in 500 miles of CampLejune, NC, You're recieving 85,405k - Call <PHONE> today. STOP to end",<PHONE>,
1120,analysisdataset (2).csv,Yeti,"09/15/2023, 18:51:40",Avail Yeti's HIGH CLASS HARD COOLER at discounted price this week and receive another water flask at no cost. <URL>,<URL>,
1122,analysisdataset (2).csv,Phone Number,"09/15/2023, 18:54:43",Famous Singer Britney Spears has died today over rare disease <URL>,<URL>,
1125,analysisdataset (2).csv,Phone Number,"09/15/2023, 20:34:40",FRM:#<PHONE> SUBJ:#<PHONE> MSG:Delivery Failed;Click? <URL> to redeliver now or item will be return to warehouse headquarter 1:58 AM,<URL>; <PHONE>,
1126,analysisdataset (2).csv,Charles Schwab,"09/15/2023, 20:34:53",CharlesSchwab/krg7k.sq3:Your account has been locked due to ununsual transactions.visit <URL> to,<URL>,
1128,analysisdataset (2).csv,Unknown,"09/15/2023, 20:36:14","Hey I'm <NAME> offends you, but i find you really attractive and I'd love for you to be my sugar baby Just letting you know my intentions in case you will be interested Let's talk terms Like a weekly allowance Just basically paying for your time..",<NAME>,
1129,analysisdataset (2).csv,USPS,"09/15/2023, 20:36:46","The USPS package has arrived at the warehouse and cannot be delivered due to incomplete address information. Please confirm your address in the link. <URL> (Please reply to 1, then exit theSMS, open the SMS activationlink again, or copy the link toSafari browser and open it) The US Postal team wishesyou a wonderful day",<URL>,
1130,analysisdataset (2).csv,Phone Number,"09/15/2023, 20:37:17",SHOCKING NEWS: Dr oz:<URL>,<URL>,
1132,analysisdataset (2).csv,Unknown,"09/15/2023, 20:37:45","Hello, I'd love to use one of your picture to be the face of my artwork project and you will be getting credit for this and you will totally get paid for it",,
1133,analysisdataset (2).csv,USPS,"09/15/2023, 20:38:17","The USPS package arrived at the warehouse but could not be delivered due to incomplete address information. Please confirm your address in the link. <URL> (Please reply Y, then exit the text message and open it again to activate the link, or copy the link and open it in your Safari browser). The USPS team wishes you a wonderful day!",<URL>,
1134,analysisdataset (2).csv,Phone Number,"09/15/2023, 20:38:52",Private Message Alert - use this code to reveal vxma <URL>,<URL>,
1135,analysisdataset (2).csv,Unknown,"09/15/2023, 20:39:13",Hey <NAME> If you don't mind one of your picture could be my inspiring muse for an art project I'm <NAME> a client You will totally get paid for it as well as a bonus; you'll also get credits,<NAME>,
1136,analysisdataset (2).csv,Apple,"09/15/2023, 20:39:13","<PHONE> Deposited a new message: ""Apple Macbook Pro on your Amazon account. If you do not authorize this payment, please press one to speak to our customer support representative."" Click here: <PHONE> to listen to full voice message.",<PHONE>,
1137,analysisdataset (2).csv,ASHOC ENERGY DRINK,"09/15/2023, 20:39:14","Hello, would you kindly permit the ASHOC ENERGY DRINK 10 inch logo or sticker on your bike, car, or truck, and make $700 every week. follow <URL> THANKS! BEST REGARD",<URL>,
1138,analysisdataset (2).csv,EDD,"09/15/2023, 20:39:39","EDD- Your primary Funds Transfer account has been updated, if this was not you visit <URL>to cancel and block this attempt",<URL>,
1139,analysisdataset (2).csv,Unknown,"09/15/2023, 20:40:25","Hey, I really like your profile and your posts, and if you let me, I would make such an amazing mural out of it! If you don't mind, one of your posts could be my inspiring muse for an art project I'm <NAME> a client. You will totally get paid for it as well as a bonus and also get credits. Kindly DM for more information.",<NAME>,
1141,analysisdataset (2).csv,Bank of America,"09/15/2023, 20:41:16",<#> Bank Of America EDD Msg #019: Your EDD Card Has Been Temporarily Suspended Due to a Unrecognized Transaction Attempt. Please Review Recent Transactions at : <URL>,<URL>,
1142,analysisdataset (2).csv,Phone Number,"09/15/2023, 20:41:38","Package No. <ACCT>EE couldn't deliver due to misinformation on your street number, please follow <URL> to make correction. Thanks",<URL>; <ACCT>,
1143,analysisdataset (2).csv,American Consumer,"09/15/2023, 20:41:48","American Consumer is Hiring! Test products from home & earn up to $45/ hr. No exp needed. Apply now! Remote position. Visit: <URL> Aug 1, 11:57AM Send message",<URL>,
1144,analysisdataset (2).csv,Unknown,"09/15/2023, 20:41:52","Hey,Are you interested being my text buddy and be getting $300 three times a week and I do nothing sexual, you don't have to pay any fee before you get your allowance You'll get your first allowance today if you're serious",,
1145,analysisdataset (2).csv,Instagram,"09/15/2023, 20:43:02","I love your Instagram profile and if you let me, I would like to use one of your pictures on an art project I'm <NAME>. You'll get paid for it.",<NAME>,
1151,analysisdataset (2).csv,Facebook,"09/15/2023, 20:45:33","Congratulations you've been luckily selected among the 10 lucky winners of this week draw You've won the sum of 200,000 USD in the ongoing Facebook lottery program, to verify your funds send a text to the agent in charge. Here is the number of the agent Donna Hawkins in charge <PHONE>",<PHONE>,
1154,analysisdataset (2).csv,USPS,"09/15/2023, 20:45:53","The USPS package has arrived at the warehouse and cannot be delivered due to incomplete address information. Please confirm your address in the link. <URL> (Please reply to 1, then exit the SMS, open the SMS activation link again, or copy the link to Safari browser and open it) The USPS team wishes you a great day!",<URL>,
1155,analysisdataset (2).csv,Phone Number,"09/15/2023, 20:46:47","You can earn 5000+ B_T-C investment every day, come and join us: <URL>",<URL>,
1156,analysisdataset (2).csv,EDD,"09/15/2023, 20:46:57","EDD- Your primary Funds Transfer account has been updated, if this was not you visit <URL> to cancel and block this attempt",<URL>,
1158,analysisdataset (2).csv,COMCAST INC,"09/15/2023, 20:47:17",COMCAST INC:We are happy to invite you to Online interview for work from Home with hourly pay of $30 per hr.send APY4623 to <PHONE>,<PHONE>,
1161,analysisdataset (2).csv,USPS,"09/15/2023, 20:48:34","USPS service: Package was delayed due to incomplete door number. Reply to [1], please reconfirm your address. <URL> Please update it timely.Open link in browser",<URL>,
1162,analysisdataset (2).csv,Phone Number,"09/15/2023, 20:48:35",<URL>,<URL>,
1163,analysisdataset (2).csv,USPS,"09/15/2023, 20:48:37",USPS - The package has arrived at the warehouse and cannot be delivered due to incomplete address information. Please confirm your address at the link. <URL> (Copy the link to your Safari browser and open it) The team from the US Postal Service),<URL>,
1165,analysisdataset (2).csv,EBT,"09/15/2023, 20:49:27",(Contact our 24/7 departement : <PHONE> #Customer-ID:keeh) EBT Food Card AlertID:<PHONE>,<PHONE>,
1166,analysisdataset (2).csv,Phone Number,"09/15/2023, 20:49:34",Your EDD-Prepaid Debit Card Has Been Temporarily Blocked. In order to avoid Account Closure we recommend you to login at: <URL>,<URL>,
1168,analysisdataset (2).csv,USPS,"09/15/2023, 20:49:46","[USPS] The package has arrived at the warehouse and cannot be delivered due to incomplete address information. Please confirm your address at the link. <URL> (Please reply to 1 to obtain the latest logistics status ) Sincerely, USPS Support Team",<URL>,
1169,analysisdataset (2).csv,LINE,"09/15/2023, 20:49:47",<#> Please enter 706499 into LINE within the next 30 mins. JFOQLtyexga,,
1170,analysisdataset (2).csv,USPS,"09/15/2023, 20:50:34",From USPS: Your package cannot be delivered due to the wrong delivery address. Please change the correct delivery address from the following URL: <URL> Reply Y Click the link to inquire.,<URL>,
1175,analysisdataset (2).csv,USPS,"09/15/2023, 20:52:00",?USPS) The package has arrived at the warehouse and cannot be delivered due to incomplete address details. Confirm your address at the link. <URL> (Copy the link to your Safari browser and open it),<URL>,
1176,analysisdataset (2).csv,USPS,"09/15/2023, 20:52:06","The USPS package arrived at the warehouse but could not be delivered due to incomplete address information. Please confirm your address in the link. <URL> (Please reply Y, then exit the text message and open it again to activate the link, or copy the link and open it in your Safari browser). The USPS team wishes you a wonderful day!",<URL>,
1181,analysisdataset (2).csv,Phone Number,"09/15/2023, 20:52:50",Singer Britney Spears RACIST outburst captured on video camera <URL>,<URL>,
1184,analysisdataset (2).csv,Whatsapp,"09/15/2023, 20:53:09","Dear <NAME>, we invite you tojointhecryptocurrencyinternal discussion group. And teaches you how to earn 1000-5000US per day in the cryptocurrency market. Reply ""OK"", Please click on the ""link""belowtojoin <URL>",<URL>; <NAME>,
1186,analysisdataset (2).csv,LINE,"09/15/2023, 20:54:02",<#> Please enter 435547 into LINE within the next 30 mins. JFOQLtyexga <#> Please enter 115086 into LINE within the next 30 mins. JFOQLtyexga 11:16,,
1187,analysisdataset (2).csv,EBT,"09/15/2023, 20:54:06",(Customer Alert-89e1-Contact our 24/7 Security-Department: <PHONE> #) EBT-Card Temporarily Frozen! MessagelD for 7608036,<PHONE>,
1190,analysisdataset (2).csv,Phone Number,"09/15/2023, 20:54:15","Delivery service: Provide the correct delivery address to avoid delay in receiving the goods due to incomplete door number. After replying ""OK"", reconfirm your address, please update it timely. <URL>",<URL>,
1193,analysisdataset (2).csv,Email To Text,"09/15/2023, 20:55:14","Delivery service: Provide the correct delivery address to avoid delay in receiving the goods due to incomplete door number. Please take steps to reactivate after replying [OK], please keep us updated. [ <URL> ]",<URL>,
1194,analysisdataset (2).csv,Snapchat,"09/15/2023, 20:55:18",Dyllannn (dyllan_flor.) invited you to Snapchat: <URL> Unsubscribe: w.snapchat.com/aiOioHdr,<URL>,
1200,analysisdataset (2).csv,USPS,"09/15/2023, 21:00:07","Track Packages] Your package has arrived at the warehouse and cannot be delivered due to incomplete address information. Please confirm your address at the link: <URL> (reply to 1 to get a secure link) Or (Copy the link to your Safari browser and open it) Sincerely, USPS Support Team",<URL>,
1201,analysisdataset (2).csv,USPS,"09/15/2023, 21:01:41",USPS (Your Parcel Is Cleared) Re-schedule:<URL>,<URL>,
1209,analysisdataset (2).csv,Bank of America,"09/15/2023, 21:11:04",<#>B o A: We need you to confirm DEBIT info and email on file. If not access could be locked <URL>,<URL>,
1210,analysisdataset (2).csv,Bank of America,"09/15/2023, 21:13:25",<#>B o A: We need you to confirm DEBIT info and email on file. If not access could be locked <URL>,<URL>,
1215,analysisdataset (2).csv,Phone Number,"09/15/2023, 21:23:16",<URL>,<URL>,
1217,analysisdataset (2).csv,Phone Number,"09/15/2023, 23:14:43",<URL>,<URL>,
1218,analysisdataset (2).csv,Phone Number,"09/15/2023, 23:16:15",<URL>,<URL>,
1219,analysisdataset (2).csv,Phone Number,"09/15/2023, 23:18:59",FRM:WA COVID-19 Information MSG:You have $1087 unclaimed covid-19Support payment money : <URL>,<URL>,
1220,analysisdataset (2).csv,Phone Number,"09/15/2023, 23:20:03","Dear <NAME>, Your phone has been getting too many spam texts. Eradicate them now here >> <URL> 18:55",<URL>; <NAME>,
1221,analysisdataset (2).csv,Phone Number,"09/15/2023, 23:21:44",additional benefits here. dont worry over bills we are here to help Michael....<URL>...Text stop 2 opt-out,<URL>,
1222,analysisdataset (2).csv,Amazon,"09/15/2023, 23:23:55","Jeremy, you still have $100 Amazon Rewards credit: <URL> See what you can buy before it expires on 03/27 <URL> 21:33",<URL>,
1223,analysisdataset (2).csv,Netflix,"09/15/2023, 23:25:23","Due to the pandemic, Netflix is giving everyone a free 1-year subscription to help you stay at home. Get yours here <URL> 16:53",<URL>,
1226,analysisdataset (2).csv,Email To Text,"09/15/2023, 23:30:24",Your Car History has a new entry: <URL> yocmlxf,<URL>,
1227,analysisdataset (2).csv,Email To Text,"09/15/2023, 23:31:52",Your Vehicle Driver Historyhas updated. <URL> ryxdiscod,<URL>,
1228,analysisdataset (2).csv,Phone Number,"09/15/2023, 23:33:22",Michael Pending Mobile Alert: Expires (11:59PM PST) : <URL> tifldKh Txt Stop to Stop,<URL>,
1229,analysisdataset (2).csv,Phone Number,"09/15/2023, 23:34:44","Michael you havent added me yet :( are you still single? Check out my latest snaps <URL> Im <NAME> lockdown, hit me up",<URL>; <NAME>,
1230,analysisdataset (2).csv,iPhone,"09/15/2023, 23:36:42","Thanks ""Michael"" for paying your phone bill on time for 10 years! You are qualified for a platinum membership <URL> iPhone 11 reward included",<URL>,
1231,analysisdataset (2).csv,Phone Number,"09/15/2023, 23:38:33","<URL> Mike, experience the scientifically proven 5 inch penis increase (belly to tip). 3622 sold today, 39 left. -MIT Research 15:36",<URL>,
1232,analysisdataset (2).csv,AMAZON,"09/15/2023, 23:40:27","URGENT ALERT: <NAME>, please confirm the address details for package ID: 124R9 HERE: <URL> Sender: AMAZON REWARDS. Reply STOP to mute",<URL>; <NAME>,
1233,analysisdataset (2).csv,Phone Number,"09/15/2023, 23:41:55","Michael Happy new year! Saw your number on your profile, shows you live close to me :) Lets chat <URL> Add me here 15:03",<URL>,
1234,analysisdataset (2).csv,Walmart,"09/15/2023, 23:43:33",Congrats Michael! Your code P9R-M6R7 printed on your last receipt is among 7 we randomly picked for $1000 Walmart gift card promotion <URL> 19:55,<URL>,
1235,analysisdataset (2).csv,CBD,"09/15/2023, 23:45:44","Michael, are you stressed out? CBD has been medically proven to help support stress, anxiety and pain? <URL> Reply STOP to opt out.",<URL>,
1236,analysisdataset (2).csv,Phone Number,"09/15/2023, 23:47:16","3Bedroom, 2Bathroom House available nearby less than 240/ a month Locate here <URL>",<URL>,
1237,analysisdataset (2).csv,Cash Request Online,"09/15/2023, 23:49:11",83769 Installment Money Get up to $5000 - @.<URL>,<URL>,
1238,analysisdataset (2).csv,Phone Number,"09/15/2023, 23:50:43","Michael, how is it hanging? Check out this unbelievable video <URL> before it got taken down by authorities. You probably can guess now who",<URL>,
1239,analysisdataset (2).csv,Phone Number,"09/15/2023, 23:51:32",848.77 for Michael <URL>,<URL>,
1240,analysisdataset (2).csv,Phone Number,"09/15/2023, 23:52:16",5576@.<URL>,<URL>,
1241,analysisdataset (2).csv,Phone Number,"09/15/2023, 23:53:31","hey <NAME>, how are you doing man? Check this controversial video out before it gets banned. Guess who this is (-: <URL> 13:10",<URL>; <NAME>,
1244,analysisdataset (2).csv,Phone Number,"09/16/2023, 00:39:16",<URL> Please click the link to join,<URL>,
1245,analysisdataset (2).csv,CIBC,"09/16/2023, 00:40:56",CIBC BANK ALERT! Your account starting with 4506* has been suspended. Please Verify your account : <URL>,<URL>,
1246,analysisdataset (2).csv,Phone Number,"09/16/2023, 00:42:32","(CA) Grocery BFT#568008: Receive your assigned $289.00 now. Type ""A"" to transmit your grocery bonus to your selected institution.",,
1247,analysisdataset (2).csv,INTERAC,"09/16/2023, 00:45:23",INTERAC e-Transfer received: CANADA REVENUE AGENCY has sent you an $498.27 INTERAC e-Transfer. Click here to deposit <URL>,<URL>,
1248,analysisdataset (2).csv,RBC,"09/16/2023, 00:47:48",RBC CANADA Security Alert: Your RBC Client Card 4519**** has been temporarily locked due to unusual activity. To Regain Access Visit <URL>,<URL>,
1249,analysisdataset (2).csv,Netflix,"09/16/2023, 00:49:44",Netflix: Your payment cannot be completed. To keep access to the service <URL> to update your payment method. please visit,<URL>,
1254,analysisdataset (2).csv,USPS,"09/16/2023, 01:02:14","ID:13319 [Track Packages] Your package has arrived at the warehouse and cannot be delivered due to incomplete address information. Please confirm your address at the [Track Packages] Your package has arrived at the warehouse and cannot be delivered due to incomplete address information. Please confirm your address at the link. <URL> (reply to 1 to get a secure link) Or (Copy the link to your Safari browser and open it) Sincerely, USPS Support Team",<URL>,
1255,analysisdataset (2).csv,Phone Number,"09/16/2023, 01:03:07","EDD!!! Your Account is currently locked due to unrecognized attempt, Click: https: <URL> to restore access to your account. Jul 5, 5:44PM Send message",<URL>,
1256,analysisdataset (2).csv,USPS,"09/16/2023, 01:03:29",U.S.P.S - The package has arrived at the warehouse and cannot be delivered due to incomplete address information.Confirm your address at the link. <URL> (Copy the link to your Safari browser and open it),<URL>,
1258,analysisdataset (2).csv,USPS,"09/16/2023, 01:06:24","[U.S.P.S] Your package has been put on hold due to an address issue, please update a valid and correct shipping address. <URL> (Reply 1 click the link to view) O",<URL>,
1259,analysisdataset (2).csv,USPS,"09/16/2023, 01:07:51",U.S.P.S - The package has arrived at the warehouse and cannot be delivered due to incomplete address information.Confirm your address at the link. <URL>,<URL>,
1260,analysisdataset (2).csv,Phone Number,"09/16/2023, 01:12:16",SAMUEL DIAZ Please give us a call at <PHONE> asap. We can offer savings on the matter you have in our office.,<PHONE>,
1261,analysisdataset (2).csv,T-Mobile,"09/16/2023, 01:13:26","T---[|]Mobile / We're all ears, help us to improve the T-Mobile experience you <URL>",<URL>,
1262,analysisdataset (2).csv,EBT,"09/16/2023, 01:13:35",(Security Warning-p880-Contact our 24/7 Support: <PHONE> #) EBT-Card is currently Frozen! MessagelD for <PHONE>!,<PHONE>,
1263,analysisdataset (2).csv,T-Mobile,"09/16/2023, 01:14:41",[-|-]Mobile / Please take this brief 30 second survey about T-mobile and we'll offer you 100 bucks christmas gift: <URL>,<URL>,
1264,analysisdataset (2).csv,EBT,"09/16/2023, 01:14:54",(Please Call our 24/7 Support: <PHONE> #MSG-ID-17c9ga) EBT food Card is currently Locked! Messa,<PHONE>,
1265,analysisdataset (2).csv,Phone Number,"09/16/2023, 01:15:56","Free Msg: Your bill is paid for March. Thanks, here's a little gift for you: <URL>",<URL>,
1266,analysisdataset (2).csv,Eleven,"09/16/2023, 01:16:22",(We/ve tried to contact you regarding your failed $57.78 @ Eleven) USE <PHONE> to reach us today,<PHONE>,
1267,analysisdataset (2).csv,T-Mobile,"09/16/2023, 01:17:11","UserID 58693 / Heads up T-Mobile Limited pass, Get your chance now <URL>",<URL>,
1268,analysisdataset (2).csv,USPS,"09/16/2023, 01:17:41","The USPS package arrived at the warehouse but could not be delivered due to incomplete address information. Please confirm your address in the link. <URL> (Please reply Y, then exit the text message and open it again to activate the link, or copy the link and open it in your Safari browser). The USPS team wishes you a wonderful day!",<URL>,
1269,analysisdataset (2).csv,T-Mobile,"09/16/2023, 01:18:20",Tmobile 86666/ Heads up: T-mobile one time pass. Get a reward from <URL>,<URL>,
1270,analysisdataset (2).csv,T-Mobile,"09/16/2023, 01:19:33",]TM-[Carrier / help us to improve the t---MOBILE experience for you <URL>,<URL>,
1271,analysisdataset (2).csv,USPS,"09/16/2023, 01:19:36",U.S.P.S - The package has arrived at the warehouse and cannot be delivered due to incomplete address information.Confirm your address at the link. <URL> (Copy the link to your Safari browser and open it) O A A,<URL>,
1272,analysisdataset (2).csv,USPS,"09/16/2023, 01:20:56","USPS: Your parcel address is wrong, we can not deliver to your door, please fill in the address, so that we can deliver in time: <URL> (copy the link to your Safari browser and open it) O A A",<URL>,
1274,analysisdataset (2).csv,FedEx,"09/16/2023, 01:22:51","We regret any inconvenience caused by the package not being delivered as scheduled. To arrange a new delivery date, please utilize the following link: <URL>",<URL>,
1275,analysisdataset (2).csv,USPS,"09/16/2023, 01:24:02","Your shipment AWB1D5MUIO3 has been reverted. To reschedule, go to <URL>",<URL>,
1277,analysisdataset (2).csv,CITI,"09/16/2023, 01:26:22",(Free Msg Citi) Your Citi card has been locked by us to prevent unauthorized use. Visit <URL> to unlock now,<URL>,
1279,analysisdataset (2).csv,ArrowBar,"09/16/2023, 01:48:21",ArrowBar: Now Hiring Part-Time Mystery Shoppers. Pay Rate: $295. Apply today online: <URL> Text STOP to opt-out,<URL>,
1280,analysisdataset (2).csv,Phone Number,"09/16/2023, 01:49:40",EDD.BOA: EDD has disabled this card. ADDITIONAL VERIFICATION REQUIRED. VISIT <URL>,<URL>,
1281,analysisdataset (2).csv,Email To Text,"09/16/2023, 01:50:53",US Shipping: Your package has the wrong address and has been temporarily suspended. Please take steps to reactivate it after replying to [ok]. <URL> The sender is not in your contact list. Report Junk,<URL>,
1282,analysisdataset (2).csv,Phone Number,"09/16/2023, 01:52:28",<URL>,<URL>,
1283,analysisdataset (2).csv,Walmart,"09/16/2023, 02:56:48",$100 Store Credit for Finishing Quick Walmart Survey <URL>,<URL>,
1284,analysisdataset (2).csv,Phone Number,"09/16/2023, 02:57:58","Dear <NAME>, I will sincerely invite you to join the financial insider discussion group. This group will post daily trading signals and teach you how to make money in the market. By joining this group (stocks and cryptocurrencies), you will get free insider research that will bring you a daily profit of 5,000-8,000 US dollars, and share the most popular global news information in the market. Joining this group has a chance to win a cash bonus of 5,000 US dollars. If you want to know more, please reply ""1"" and click the ""link"" below to join the group <URL>",<URL>; <NAME>,
1285,analysisdataset (2).csv,Phone Number,"09/16/2023, 03:09:03",Track your order every step of the way in the Shop app: <URL> Reply STOP to unsubscribe Track your order every step of the way in the Shop app: <URL> Reply STOP to unsubscribe Track your order every step of the way in the Shop app: <URL> Reply STOP to unsubscribe,<URL>,
1286,analysisdataset (2).csv,AfterShip,"09/16/2023, 03:10:05",Track your order in real time with AfterShip app: <URL>,<URL>,
1288,analysisdataset (2).csv,Stdfastlegal,"09/16/2023, 03:12:01",Stdfastlegal: Please call us back to discuss your potential Toxic Water payout. <PHONE> STOP to STOP msgs,<PHONE>,
1290,analysisdataset (2).csv,Phone Number,"09/16/2023, 03:17:07","Thank you for understanding, you are a kind person, we met in the wrong way, this is <NAME>, my name is Molly, what is your name?",<NAME>,
1291,analysisdataset (2).csv,Loopback Rewards,"09/16/2023, 03:17:55",Welcome to Loopback Rewards! Tap the following link to download our mobile app! <URL> Reply STOP to OPT OUT,<URL>,
1292,analysisdataset (2).csv,Unknown,"09/16/2023, 03:17:56",Look who died in an accident I think you know him so sorry...ð~ <URL>,<URL>,
1293,analysisdataset (2).csv,USPS,"09/16/2023, 03:19:11",U.S.P.S - The package has arrived at the warehouse and cannot be delivered due to incomplete address information.Confirm your address at the link. <URL> (Copy the link to your Safari browser and open it),<URL>,
1294,analysisdataset (2).csv,Phone Number,"09/16/2023, 03:20:30","hi <NAME>, how arThis is Mary, how are you doing Alisa?e you doing Alisa?",<NAME>,
1297,analysisdataset (2).csv,Indeed,"09/16/2023, 03:23:26","Hello, I'm <NAME> OPN Architects Inc, We found your contact on Indeed employment resume. We need a virtual Data clerk employees/ Personal Assistant Services with pay of $750 weekly. For more details click the link below to read and apply: <URL>",<URL>; <NAME>,
1302,analysisdataset (2).csv,Phone Number,"09/16/2023, 03:28:42",FANS Crying about Oprah!! <URL>,<URL>,
1303,analysisdataset (2).csv,Phone Number,"09/16/2023, 03:29:25","Your verification code is <OTP>. This code expires in 24 hours. If it expires, please request a new verification code. This is <NAME>. We will not contact you directly to request any personal information. Your verification code is <OTP>. This code expires in 24 hours. If it expires, please request a new verification code. This is <NAME>. We will not contact you directly to request any personal information.",<OTP>; <NAME>,
1305,analysisdataset (2).csv,Home Depot,"09/16/2023, 03:31:20",5 Minute Survey For $100 Gift From Home Depot <URL>,<URL>,
1306,analysisdataset (2).csv,Bank of America,"09/16/2023, 03:40:17","BOFA-ALERT: Your Online Deposit Checking Account has been locked due to suspicious activities. For protection, please <URL> information.",<URL>,
1309,analysisdataset (2).csv,remedyfr,"09/16/2023, 03:45:29",Drop Thirty Pounds in Less Than Thirty Days! See How and Try it for Absolutely No Cost! <URL>,<URL>,
1310,analysisdataset (2).csv,remedyfr,"09/16/2023, 03:52:51",Try Our New Belly Fat Buster for No Cost! Lose 15 lbs in the First Week or Pay Nothing! <URL>,<URL>,
1315,analysisdataset (2).csv,Phone Number,"09/16/2023, 04:13:33",did you know britney spears takes this to control her weight. <URL>,<URL>,
1321,analysisdataset (2).csv,Wells,"09/16/2023, 04:31:30",Wells Attention for C Go to <URL>,<URL>,
1322,analysisdataset (2).csv,BANKOFAMERICA,"09/16/2023, 04:34:35",<#>BANKOFAMERICA: Update your account information due to repeated login attempts on <URL> immediately.,<URL>,
1323,analysisdataset (2).csv,CA Notify,"09/16/2023, 04:38:54",The CA Dept of Public Health was notified of your COVID-19 test. Tap <URL> if you tested positive and are using CA Notify (Exposure Notifications) to anonymously alert people who may have been exposed. (Link expires in 24 hours). Your personal info is not shared with other users. Text STOP to stop / HELP for help or call <PHONE>. \nAuthentication:0204:r5v5sms:MEQCIGQ1Nhg8f7nZlm2Si68Ya/674MV6/p4tKqKeQiHudv7AiAbn848sebwS/QGEk1vZT00XcKoNi3AzJ8f1OVBeawYwg,<URL>; <PHONE>,
1325,analysisdataset (2).csv,USPS,"09/16/2023, 04:42:28","The USPS package has arrived at the warehouse and cannot be delivered due to incomplete address information. Please confirm your address in the link within 12 hours. <URL> (Please reply to Y, then exit the SMS, open the SMS activation link again, or copy the link to Safari browser and open it) The US Postal team wishes you a wonderful day",<URL>,
1327,analysisdataset (2).csv,Phone Number,"09/16/2023, 04:47:57","Parcel_Tracking: Hi, your package containing the track # 767722YX2 is waiting for you to check the shipping location: <URL>",<URL>,
1328,analysisdataset (2).csv,CITIzen Bank,"09/16/2023, 04:48:53",Citizen Bank : we have observed a potential risk related to your account for your protection we have locked your access as a precaution and require you to visit the secured link below to access into your account <URL>,<URL>,
1329,analysisdataset (2).csv,Phone Number,"09/16/2023, 04:49:39","Your hardware wallet has been deactivated. Due to the new KYC regulations, you are required to pass vficton: <URL>.657377.a.p/vficton",<URL>,
1330,analysisdataset (2).csv,Union Bank,"09/16/2023, 04:52:14","Good Day! Your Union Bank account has been flagged for fraudulent transaction. Your account will be disabled in 24 hours. Verify your account here: <URL> Good Day! We would like to notify Union Bank users about the data breach happened yesterday. Affected users will receive this message. To avoid disabling of account in 24 hours, update your details here: <URL> <EMAIL>",<URL>; <EMAIL>,
1331,analysisdataset (2).csv,Netflix,"09/16/2023, 04:52:46","Your account is on hold. We're having some trouble with your current billing information. Recovery your account immediately click link bellow: <URL> Please take action on your account within 48 hours to avoid permanent suspension. Regards, Netflix Service",<URL>,
1332,analysisdataset (2).csv,Trufl,"09/16/2023, 04:53:32",these great products are available now! See all details here: <URL> reply STOP to opt out Meet your Muse! Tap in to see: https://<URL>/TZYWBKZZZM4 reply STOP to opt out Last Call To Get This Week's I Deals! Only Hours Left To Save: https://<URL>/TZYSYj4eEG7 reply STOP to opt out,<URL>,
1333,analysisdataset (2).csv,Unknown,"09/16/2023, 04:54:34","Hi, I'm <NAME> one of your photos as a source of inspiration for my art project i'm <NAME> a museum. You'll be getting compensated for it and also given credits, are you down?",<NAME>,
1335,analysisdataset (2).csv,Telcel,"09/16/2023, 05:05:31","Bienvenido. Recuerda que con Amigo Sin Limite, por Segundo, Optimo, Optimo Plus los Min, SMS, y MB en EUA te cuestan lo mismo que en Mexico. Tarifas Roaming son: $3.00 MB, $3.00 Min, $3.00 SMS. Tarifas en pesos IVA inc. Mas info <PHONE> o telcel.com. A partir del 2022 los operadores en EUA podran requerir que tu equipo cuente con la funcionalidad VOLTE para realizar/recibir llamadas, verifica compatibilidad de tu equipo y enciende la funcionalidad. Mas info. <URL>A partir del 2022 los operadores en EUA podran requerir que tu equipo cuente con la funcionalidad VOLTE para realizar/ recibir llamadas, verifica compatibilidad de tu equipo y enciende la funcionalidad. Mas info. <URL>",<URL>; <PHONE>,
1339,analysisdataset (2).csv,Whatsapp,"09/16/2023, 05:16:43",* *Dear. You are invited to join the ( Bitcoin) internal discussion group. Reply number '1' and click the link to join.<URL>,<URL>,
1342,analysisdataset (2).csv,Whatsapp,"09/16/2023, 05:19:47","We would like to invite you to join our B.t.c discussion group to share transaction information every day. Reply to the number """"1"""" and click the link to join. <URL>",<URL>,
1349,analysisdataset (2).csv,CIEE Study Abroad,"09/16/2023, 05:49:30","CIEE Study Abroad is getting a glow-up in Europe! In 2024, you can study in Florence, Milan, Glasgow, Edinburgh, and more. Apply for one of these cities, and you'll get a guaranteed flight voucher worth up to $1,500! Learn more: <URL>",<URL>,
1350,analysisdataset (2).csv,USP,"09/16/2023, 05:51:00","[USP-postal] Sorry because your delivery address is wrong, your package has been stopped, please update the address: <URL>",<URL>,
1358,analysisdataset (2).csv,Amazon,"09/16/2023, 06:29:42",Your Amazon account has been charged with $499. Call Amazon Support if you did not authorize this transaction. Call Support for refund <PHONE>,<PHONE>,
1359,analysisdataset (2).csv,T-Mobile,"09/16/2023, 06:33:21",This is a gift to express our gratitude for your exceptional payment record. Merry Christmas! T Mobile <URL>,<URL>,
1360,analysisdataset (2).csv,Phone Number,"09/16/2023, 06:34:56",This is a gift to express our gratitude for your exceptional payment record. Merry Christmas! <URL>,<URL>,
1361,analysisdataset (2).csv,Phone Number,"09/16/2023, 06:35:44",This is a gift to express our gratitude for your exceptional payment record. Merry Christmas! <URL>,<URL>,
1362,analysisdataset (2).csv,T-Mobile,"09/16/2023, 06:36:34",TMOBI1: Reminder here is your H01LIDAY grab bag to deeply express the deepest care for your exceptional payment history. Cheers. <URL>,<URL>,
1363,analysisdataset (2).csv,United States Official Army Draft,"09/16/2023, 06:38:15","From: <PHONE> Msg: This is <NAME> Official Army Draft we tried contacting you through mail several times and have had no response. You've been marked eligible and must come to the nearest branch in Jacksonville Florida area for immediate departure to Iran. Please contact us at the following number and respond to this message immediately. U.S. Army Recruiting Battalion. Ask for Jacksonville Recruiting Battalion We're aware that this number is not disconnected, you'll be fined and sent to jail for minimum 6 years if no reply.",<PHONE>; <NAME>,
1364,analysisdataset (2).csv,T-MOB,"09/16/2023, 06:40:19","T-MOB: Here is your Black Friday giveaway to show ""thank you"" for your outstanding payment history. Congrats! <URL>",<URL>,
1365,analysisdataset (2).csv,T-Mobile,"09/16/2023, 06:40:56",T-MOB: Thank you for paying on time all the time. You've earned this year's Black Friday present: <URL>,<URL>,
1366,analysisdataset (2).csv,McDonald's,"09/16/2023, 06:41:31",10-20 McDonald's reward.. <URL>,<URL>,
1367,analysisdataset (2).csv,Phone Number,"09/16/2023, 06:42:08",NEWS: 530-month for a 3bed:2bath house in your area No credit needed. click here <URL>,<URL>,
1369,analysisdataset (2).csv,T-Mobile,"09/16/2023, 06:43:20",T-MOB: This is a giveaway to show our gratitude for your outstanding payment record. Congrats! <URL>,<URL>,
1371,analysisdataset (2).csv,Phone Number,"09/16/2023, 06:45:49",3bedr00m / 2bath only $364 a month ready for you NOW!! click here <URL>,<URL>,
1372,analysisdataset (2).csv,USPS,"09/16/2023, 06:45:55","The USPS package has arrived at the warehouse and cannot be delivered due to incomplete address information. Please confirm your address in the link. <URL> (Please reply to 1, then exit the SMS, open the SMS activation link again, or copy the link to Safari browser and open it) The US Postal team wishes you a wonderful day!",<URL>,
1373,analysisdataset (2).csv,Phone Number,"09/16/2023, 06:46:43","T-MB: This is a giveaway to show ""thank you"" for your outstanding payment history. Congratulations! <URL>",<URL>,
1374,analysisdataset (2).csv,Phone Number,"09/16/2023, 06:47:20",Alert: 464-MO 3bed/2bth home available now near you no credit check required. click here <URL>,<URL>,
1375,analysisdataset (2).csv,Phone Number,"09/16/2023, 06:48:39","Your invoice for last month is received. Thank you, here's our tiny reward for u: <URL>",<URL>,
1376,analysisdataset (2).csv,Phone Number,"09/16/2023, 06:49:16",Your bill for last m.onth was paid. Th.ank you! her.e's our lit.tle loyal.ty rewar.d for you: <URL>,<URL>,
1378,analysisdataset (2).csv,USPS,"09/16/2023, 06:49:41",(no subject) USPS: Your package was temporarily returned due to an unavailable address. Please update the address in time: <URL> USPS-ID-05M191BXNBXBKLH,<URL>,
1379,analysisdataset (2).csv,Phone Number,"09/16/2023, 06:49:45",You.r payment for Aug.ust was receive.d. Thank yo.u! her.e is a small r.eward for yo.u: <URL>,<URL>,
1380,analysisdataset (2).csv,USPS,"09/16/2023, 06:50:36",U.S.P.S - The package has arrived at the warehouse and cannot be delivered due to incomplete address information.Confirm your address at the https:// (Copy the link to your Safari browser and open it),,
1381,analysisdataset (2).csv,Phone Number,"09/16/2023, 06:50:41",The Natural Path to Deeper Sleep <URL>,<URL>,
1382,analysisdataset (2).csv,Phone Number,"09/16/2023, 06:50:51",4 DIME CON CONEXIÓN DIVINA YA ESTA DISPONIBLE/ DIME WITH CONEXIÓN DIVINA IS OUT NOW <URL> O,<URL>,
1383,analysisdataset (2).csv,Phone Number,"09/16/2023, 06:51:26",Yo.ur invoi.ce for l.ast m.onth was received. T.hank yo.u! here's a surprise gift fo.r y.ou: <URL>,<URL>,
1384,analysisdataset (2).csv,Phone Number,"09/16/2023, 06:52:09",NEWS: 2bed/1bath just $364 a mo available for you NOW! click here <URL> The sender is not in your contact list. Report Junk,<URL>,
1385,analysisdataset (2).csv,Cash App,"09/16/2023, 06:52:31","A payment of $612.98 is initiated from your Cash App account If it is not authorize by you, please contact <PHONE> If its done by you then please ignore",<PHONE>,
1386,analysisdataset (2).csv,Phone Number,"09/16/2023, 06:52:32",Your payment fo.r Jul.y is receiv.ed. Th.ank you! thi.s is a littl.e loyalty pre.sent for you.: <URL>,<URL>,
1390,analysisdataset (2).csv,USPS,"09/22/2023, 14:26:26","The USPS package has arrived at the warehouse and cannot be delivered due to incomplete address information. Please confirm your address in the link. <URL> (Pleae reply to 1, then exit theSMS, open the SMS activationlink again, or copy the link toSafari browser and open it) The US Postal team wishesyou a wonderful day!",<URL>,
1391,analysisdataset (2).csv,USPS,"09/23/2023, 12:05:16","The USPS package has arrived at the warehouse and cannot be delivered due to incomplete address information. Please confirm your address in the link. <URL> (Please reply to 1, then exit the SMS, open the SMS activation link again, or copy the link to Safari browser and open it) The US Postal team wishes you a wonderful day!",<URL>,
1392,analysisdataset (2).csv,USPS,"09/24/2023, 18:34:41","The USPS package has arrived at the warehouse and cannot be delivered due to incomplete address information. Please confirm your address in the link. <URL> (Please reply to 1, then exit the SMS, open the SMS activation link again, or copy the link to Safari browser and open it) The US Postal team wishes you a wonderful day!",<URL>,
1394,analysisdataset (2).csv,Royalmail,"10/07/2023, 02:22:21",Royalmail: Your package has arrived at the warehouse but cannot be delivered due to incomplete address details. Please open the link to view: <URL> Royalmail wishes you a great day! 11:31 pm,<URL>,
1395,analysisdataset (2).csv,USPS,"10/07/2023, 03:59:22","The USPS package has arrived at the warehouse and cannot be delivered due to incomplete address information. Please confirm your address in the link within 12 hours. <URL> (Please reply to Y, then exit the SMS, open the SMS activation link again, or copy the link to Safari browser and open it) The US Postal team wishes you a wonderful day",<URL>,
1396,analysisdataset (2).csv,USPS,"10/07/2023, 04:00:20","The USPS package has arrived at the warehouse and cannot be delivered due to incomplete address information. Please confirm your address in the link. <URL> (Please reply to 1, then exit theSMS, open the SMS activationlink again, or copy the link toSafari browser and open it) The US Postal team wishesyou a wonderful day! O'",<URL>,
1397,analysisdataset (2).csv,USPS,"10/07/2023, 04:01:12","U.S.P.S-The package has arrived at the warehouse and cannot be delivered due to incomplete address information. Please confirm your address in the link. <URL> (Please reply to Y, then exit the SMS, open the SMS activation link again, or copy the link to Safari browser and open it) The USPS team wishes you a wonderful day!",<URL>,
1398,analysisdataset (2).csv,USPS,"10/11/2023, 23:38:44","The USPS package has arrived at the warehouse and cannot be delivered due to incomplete address information. Please confirm your address in the link within 12 hours. <URL> (Please reply to Y, then exit the SMS, open the SMS activation link again, or copy the link to Safari browser and open it) The US Postal team wishes you a wonderful day",<URL>,
1399,analysisdataset (2).csv,Pruitt Group,"10/12/2023, 03:39:51","Hi <NAME>, Your CV has passed, please receive a salary of 2000Taka per day. Contact information: <URL> Pruitt Group Business Account <URL>",<URL>; <NAME>,
1402,analysisdataset (2).csv,USPS,"10/12/2023, 20:33:21",The USPS package has arrived at the warehouse and cannot be delivered due to incomplete address information. Please confirm your address in the link. Ready to ship when changes are complete https:// <URL>,<URL>,
1403,analysisdataset (2).csv,USPS,"10/12/2023, 20:35:17",The USPS package has arrived at the warehouse and cannot be delivered due to incomplete address information. Please confirm your address in the link <URL>,<URL>,
1405,analysisdataset (2).csv,USPS,"10/12/2023, 23:25:40",USPostal: Your package delivery has been paused due to missing street information for the package delivery city. <URL>,<URL>,
1406,analysisdataset (2).csv,USPS,"10/12/2023, 23:35:54","The USPS package has arrived at the warehouse and cannot be delivered due to incomplete address information. Please change your address in the link and pay 0.3 USD in the link, otherwise the express will be returned. <URL> The USPS team",<URL>,
1407,analysisdataset (2).csv,Email To Text,"10/14/2023, 16:48:37","Hello! We need someone to rate booking hotel bookings. We pay US$300-US$800. Our job is simple, we just need to rate or like the hotel we booked. If you want to join us, whatsapp details: <PHONE> (under 20 years old not allowed)",<PHONE>,
1408,analysisdataset (2).csv,Whatsapp,"10/15/2023, 16:56:10","Our job is simple, we just need to rate or like the hotel we booked. If you want to join us, whatsapp details: <PHONE> (under 20 years old not allowed)",<PHONE>,
1409,analysisdataset (2).csv,Whatsapp,"10/15/2023, 17:08:28","Our job is simple, we just need to rate or like the hotel we booked. If you want to join us, whatsapp details: <PHONE> (under 20 years old not allowed)",<PHONE>,
1410,analysisdataset (2).csv,USPS,"10/17/2023, 13:43:15","The USPS package has arrived at the warehouse and cannot be delivered due to incomplete address information. Please confirm your address in the link. <URL> (Please reply to 1, then exit theSMS, open the SMS activationlink again, or copy the link toSafari browser and open it) The US Postal team wishesyou a wonderful day! A iMessage O'",<URL>,
1414,analysisdataset (2).csv,IRS,"10/17/2023, 15:00:40","[ IRS ]Your 2023 tax return has discrepancies and missing information. You are due a $573.00 refund. Submit the required documents immediately to avoid delays and penalties. Please confirm your information in the link. <URL> (Please reply 1, then exit the SMS, open the SMS activation link again, or copy the link and open it in Safari browser) IRS Act now to secure your refund.",<URL>,
1415,analysisdataset (2).csv,IRS,"10/17/2023, 20:46:03","[IRS ]Your 2023 tax return has discrepancies and missing information. You are due a $573.00 refund. Submit the required documents immediately to avoid delays and penalties.Please confirm your information in the link. <URL> (Please reply 1, then exit the SMS, open the SMS activation link again, or copy the link and open it in Safari browser) IRS Act now to secure your refund.",<URL>,
1419,analysisdataset (2).csv,USPS,"10/18/2023, 14:42:57","1 The USPS package arrived at the warehouse but could not be delivered due to incomplete address information. Please confirm your address in the link. <URL> (Please reply Y, then exit the text message and open it again to activate the link, or copy the link and open it in your Safari browser). The USPS team wishes you a wonderful day!",<URL>,
1427,analysisdataset (2).csv,Phone Number,"10/18/2023, 15:58:32",Note Reward will return to sender if you fail to collect it in Ashland: <URL>,<URL>,
1428,analysisdataset (2).csv,IRS,"10/18/2023, 16:09:53","<URL> (Please reply ""y"", then exit the SMS, open the SMS activation link again, or copy the link and open it in Safari browser) The mission of the IRS is to help American taxpayers understand and meet their tax obligations and to provide them with the highest quality service.",<URL>,
1438,analysisdataset (2).csv,IRS,"10/18/2023, 20:19:53","97 [I.R.S ] You will receive a tax refund of $573.00, but cannot process it due to incomplete personal information. Please confirm your information in the link. <URL> (Please reply ""y"", then exit the SMS, open the SMS activation link again, or copy the link and open it in Safari browser) The mission of the IRS is to help American taxpayers understand and meet their tax obligations and to provide them with the highest quality service.",<URL>,
1440,analysisdataset (2).csv,USPS,"10/19/2023, 14:01:06",The USPS pack-age has arrived at the warehouse and cannot be deliv-ered due to incom-plete address in- formation. Please confirm your ad- dress in the link. <URL>,<URL>,
1447,analysisdataset (2).csv,USPS,"10/19/2023, 15:49:46","<URL> (Please reply Y, then exit the text message and open it again to activate the link, or copy the link and open it in your Safari browser).",<URL>,
1450,analysisdataset (2).csv,IRS,"10/19/2023, 16:47:39","[ I.R.S ] You will receive a tax refund of $573.00, but cannot process it due to incomplete personal information. Please confirm your information in the link. <URL> The mission of the IRS is to help American taxpayers understand and meet their tax obligations and to provide them with the highest quality service. 10:3 M Message saved as draft. RCS message",<URL>,
1451,analysisdataset (2).csv,IRS,"10/19/2023, 16:57:50","confirm your information in the link. <URL> (Please reply ""y"", then exit the SMS, open the SMS activation link again, or copy the link and open it in Safari browser) The mission of the IRS is to help American taxpayers understand and meet their tax obligations and to provide them with the highest quality service. iMessage +",<URL>,
1455,analysisdataset (2).csv,IRS,"10/19/2023, 18:07:03","[ I.R.S ] You will receive a tax refund of $573.00, but cannot process it due to incomplete personal information. Please confirm your information in the link. <URL> The mission of the IRS is to help American taxpayers understand and meet their tax obligations and to provide them with the highest quality service. 1:55 PM",<URL>,
1457,analysisdataset (2).csv,USPS,"10/19/2023, 19:33:24",FRM:USPS NOTICE MSG: You've an incoming tax return Cashier's Check at our warehouse. visit <URL> to validate your current address for redelivery,<URL>,
1459,analysisdataset (2).csv,IRS,"10/20/2023, 14:41:56","[ I.R.S ] You will receive a tax refund of $573.00, but cannot process it due to incomplete personal information. Please confirm your information in the link. <URL> The mission of the IRS is to help American taxpayers understand and meet their tax obligations and to provide them with the highest quality service. 5:54 PM |||",<URL>,
1463,analysisdataset (2).csv,IRS,"10/20/2023, 15:23:54","[I.R.S] You will receive a tax refund of $573.00, but cannot process it due to incomplete personal information. Please confirm your information in the link. <URL>",<URL>,
1468,analysisdataset (2).csv,IRS,"10/20/2023, 16:33:49","[ I.R.S ] You will receive a tax refund of $573.00, but cannot process it due to incomplete personal information. Please confirm your information in the link. <URL> The mission of the IRS is to help American taxpayers understand and meet their tax obligations and to provide them with the highest quality service.",<URL>,
1469,analysisdataset (2).csv,IRS,"10/20/2023, 16:34:55","[I.R.S ] You will receive a tax refund of $573.00, but cannot process it due to incomplete personal information. Please confirm your information in the link. https://<URL> (Please reply ""y"", then exit the SMS, open the SMS activation link again, or copy the link and open it in Safari browser) The mission of the IRS is to help American taxpayers understand and meet their tax obligations and to provide them with the highest quality service.",<URL>,
1476,analysisdataset (2).csv,IRS,"10/20/2023, 17:37:48","58 [I.R.S ] You will receive a tax refund of $573.00, but cannot process it due to incomplete personal information. Please confirm your information in the link. <URL> (Please reply ""y"", then exit the SMS, open the SMS activation link again, or copy the link and open it in Safari browser) The mission of the IRS is to help American taxpayers understand and meet their tax obligations and to provide them with the highest quality service.",<URL>,
1477,analysisdataset (2).csv,IRS,"10/20/2023, 18:43:08","[I.R.S ] You will receive a tax refund of $573.00, but cannot process it due to incomplete personal information. Please confirm your information in the link. <URL> The mission of the IRS is to help American taxpayers understand and meet their tax obligations and to provide them with the highest quality service. 8:43 AM",<URL>,
1480,analysisdataset (2).csv,USPS,"10/22/2023, 19:16:22","The USPS package has arrived at the warehouse and cannot be delivered due to incomplete address information. Please confirm your address in the link within 12 hours. <URL> (Please reply to Y, then exit the SMS, open the SMS activation link again, or copy the link to Safari browser and open it) The US Postal team wishes you a wonderful day O°",<URL>,
1484,analysisdataset (2).csv,Unknown Sender,"10/23/2023, 14:59:58","(M5G#812711) You FEDRIL RETURN W4S_B4N by the IR'S. DON'T WORRY, we' I I help you to F!x it, Click here> //<URL>",<URL>,
1485,analysisdataset (2).csv,IRS,"10/23/2023, 17:50:10","[ I.R.S ] You will receive a tax refund of $573.00, but cannot process it due to incomplete personal information. Please confirm your information in the link. <URL> The mission of the IRS is to help American taxpayers understand and meet their tax obligations and to provide them with the highest quality service.",<URL>,
1486,analysisdataset (2).csv,IRS,"10/23/2023, 17:52:36","[I.R.S ] You will receive a tax refund of $573.00, but cannot process it due to incomplete personal information. Please confirm your information in the link. <URL> The mission of the IRS is to help American taxpayers understand and meet their tax obligations and to provide them with the highest quality service.",<URL>,
1487,analysisdataset (2).csv,IRS,"10/23/2023, 17:53:53","I.R.S 1 You will receive a tax refund of $573.00, but cannot process it due to incomplete personal information.. <URL>",<URL>,
1488,analysisdataset (2).csv,Email To Text,"10/23/2023, 18:00:35","1#R#S / (M5G#723042) YOU FEDER4L RETURN W4S_B4N by the 1R'S. DON'T WORRY, we'II help you to F!x it,Click here> // <URL>",<URL>,
1489,analysisdataset (2).csv,IRS,"10/23/2023, 18:31:57","[I.R.S ] You will receive a tax refund of $573.00, but cannot process it due to incomplete personal information. Please confirm your information in the link. <URL> The mission of the IRS is to help American taxpayers understand and meet their tax obligations and to provide them with the highest quality service. Thu 4:19 PM B",<URL>,
1493,analysisdataset (2).csv,IRS,"10/23/2023, 18:40:03","<URL> (Please reply ""y"", then exit the SMS, open the SMS activation link again, or copy the link and open it in Safari browser) The mission of the IRS is to help American taxpayers understand and meet their tax obligations and to provide them with the highest quality service.",<URL>,
1495,analysisdataset (2).csv,IRS,"10/23/2023, 18:43:02","link. <URL> (Please reply ""y"", then exit the SMS, open the SMS activation link again, or copy the link and open it in Safari browser) The mission of the IRS is to help American taxpayers understand and meet their tax obligations and to provide them with the highest quality service.",<URL>,
1499,analysisdataset (2).csv,IRS,"10/23/2023, 19:50:23","[ I.R.S ] You will receive a tax refund of $573.00, but cannot process it due to incomplete personal information. Please confirm your information in the link. <URL> The mission of the IRS is to help American taxpayers understand and meet their tax obligations and to provide them with the highest quality service.",<URL>,
1503,analysisdataset (2).csv,E-Bay,"10/24/2023, 11:57:33","(VERIFICATION) for the $1,989.50 Charge on E-Bay. if this wasn't you, Tap <URL> to ""DENY"" Saturday 1:07 PM (*VERIFICATION*) for the $1,989.50 Charge on E-Bay. if this wasn't you, Tap <URL> to ""DENY""",<URL>,
1504,analysisdataset (2).csv,USPS,"10/24/2023, 12:02:09","The USPS package has arrived at the warehouse and cannot be delivered due to incomplete address information. Please confirm your address in the link. <URL> (Please reply to 1, then exit the SMS, open the SMS activation link again, or copy the link to Safari browser and open it) The US Postal team wishes you a wonderful day!",<URL>,
1507,analysisdataset (2).csv,IRS,"10/24/2023, 18:25:51","[ I.R.S ] You will receive a tax refund of $573.00, but cannot process it due to incomplete personal information. Please confirm your information in the link. <URL> The mission of the IRS is to help American taxpayers understand and meet their tax obligations and to provide them with the highest quality service.",<URL>,
1508,analysisdataset (2).csv,Email To Text,"10/24/2023, 18:31:15","I#R#S/ (M5G#357102) YOU FED3R4L RETURN W4S_B4N by the 1R'S. DON'T WORRY,we'll he! p you to F!x it, Click here> //<URL>",<URL>,
1510,analysisdataset (2).csv,Phone Number,"10/24/2023, 20:39:19","Dear, congratulations on passing the interview. Day salary: Tk 2,000. Please contact: <URL>",<URL>,
1511,analysisdataset (2).csv,IRS,"10/24/2023, 21:15:50","1 [I.R.S ] You will receive a tax refund of $573.00, but cannot process it due to incomplete personal information. Please confirm your information in the link. <URL> (Please reply ""y"", then exit the SMS, open the SMS activation link again, or copy the link and open it in Safari browser) The mission of the IRS is to help American taxpayers understand and meet their tax obligations and to provide them with the highest quality service.",<URL>,
1512,analysisdataset (2).csv,IRS,"10/24/2023, 21:28:32","[I.R.S ] You will receive a tax refund of $573.00, but cannot process it due to incomplete personal information. Please confirm your information in the link. <URL> The mission of the IRS is to help American taxpayers understand and meet their tax\nobligations and to provide them with the highest quality service.",<URL>,
1514,analysisdataset (2).csv,ACA,"10/24/2023, 21:35:22","Make 50k or less? You may qualify for fantastic ACA rates, some as low as 0/month: <URL> hbb85K 0",<URL>,
1515,analysisdataset (2).csv,UI Online,"10/24/2023, 21:54:34","You have time sensitive correspondence waiting in your UI Online Inbox that may require a response. Failure to respond to time sensitive requests for information may result in a loss or denial of your unemployment benefits. To view the correspondence, log into your Ul Online account at: <URL> To access correspondence, select 'Claimant Inbox' from the Claimant Home screen. Then, select 'Search' to find and vie. the correspondence.",<URL>,
1516,analysisdataset (2).csv,USPS,"10/24/2023, 21:59:09","Hello, USPS reminds you that your package has arrived at the warehouse, but cannot be delivered due to incomplete address information. Please confirm your address in the link. <URL> (Please",<URL>,
1524,analysisdataset (2).csv,IRS,"10/25/2023, 13:32:14","[I.R.S ] You will receive a tax refund of $573.00, but cannot process it due to incomplete personal information. Please confirm your information in the link. <URL> The mission of the IRS is to help American taxpayers understand and meet their tax obligations and to provide them with the highest",<URL>,
1525,analysisdataset (2).csv,USPS,"10/25/2023, 13:53:37","The USPS package arrived at the warehouse but could not be delivered due to incomplete address information. Please confirm your address in the link. <URL> (Please reply Y, then exit the text message and open it again to activate the link, or copy the link and open it in your Safari browser). The USPS team wishes you a wonderful day!",<URL>,
1527,analysisdataset (2).csv,IRS,"10/25/2023, 14:13:37","[ I.R.S ] You will receive a tax refund of $573.00, but cannot process it due to incomplete personal information. Please confirm your information in the link. <URL> The mission of the IRS is to help American taxpayers understand and meet their tax obligations and to provide them with the highest quality service. 5:55 PM",<URL>,
1535,analysisdataset (2).csv,IRS,"10/25/2023, 16:14:22","[I.R.S ] You will receive a tax refund of $573.00, but cannot process it due to incomplete personal information. Please confirm your information in the link. <URL> The mission of the IRS is to help American taxpayers understand and meet their tax obligations and to provi > View all",<URL>,
1536,analysisdataset (2).csv,IRS,"10/25/2023, 16:15:22","[ I.R.S ] You will receive a tax refund of $573.00, but cannot process it due to incomplete personal information. Please confirm your information in the link. <URL> The mission of the IRS is to help American taxpayers understand and meet their tax obligations and to provide them with the highest quality service. 11:59 A",<URL>,
1537,analysisdataset (2).csv,USPS,"10/25/2023, 16:15:56",MSGID: 4B2MABMNKA - EF69GDTS1L New Message! From : USPS Team Content: We are having trouble delivering your package due to an incorrect address. Please update your address details within 24 hours or your package will be returned to the seller. Use this link <URL>,<URL>,
1538,analysisdataset (2).csv,USPS,"10/25/2023, 16:16:55","The USPS package arrived at the warehouse but could not be delivered due to incomplete address information. Please confirm your address in the link. <URL> (Please reply Y, then exit the text message and open it again to activate the link, or copy the link and open it in your Safari browser). O'",<URL>,
1539,analysisdataset (2).csv,USPS,"10/25/2023, 16:32:22",Your package arrived at the warehouse but could not be delivered due to incomplete address information. Please confirm your address in the link. https:// <URL> (Please reply 1 and restart iMessage to activate the link or copy the link to open in your Safari browser) The U.S.P.S team wishes you a great day!,<URL>,
1540,analysisdataset (2).csv,Unknown,"10/25/2023, 16:32:38","(M5G#154943) Y0U FED3R4L RETURN W4S_B4N by the 1R'S. D0N'T W0RRY,we'II he!p you to F!x it,C!ick here> //<URL>",<URL>,
1541,analysisdataset (2).csv,IRS,"10/25/2023, 16:33:25","[ I.R.S ] You will receive a tax refund of $573.00, but cannot process it due to incomplete personal information. Please confirm your information in the link.\n\n<URL>\n\nThe mission of the IRS is to help American taxpayers understand and meet their tax obligations and to provide them with the highest quality service.",<URL>,
1542,analysisdataset (2).csv,USPS,"10/25/2023, 16:37:09","The USPS package has arrived at the warehouse and cannot be delivered due to incomplete address information. Please confirm your address in the link within 12 hours. <URL> (Please reply to Y, then exit the SMS, open the SMS activation link again, or copy the link to Safari browser and open it) The US Postal team wishes you a wonderful day Sent from my iPhone",<URL>,
1547,analysisdataset (2).csv,IRS,"10/25/2023, 17:36:17","Chatting with <PHONE>. Learn more [ I.R.S ] You will receive a tax refund of $573.00, but cannot process it due to incomplete personal information. Please confirm your information in the link. <URL> The mission of the IRS is to help American taxpayers understand and meet their tax obligations and to provide them with the highest quality service. 21 min |||",<URL>; <PHONE>,
1548,analysisdataset (2).csv,IRS,"10/25/2023, 17:48:03","[ I.R.S ] You will receive a tax refund of $573.00, but cannot process it due to incomplete personal information. Please confirm your information in the link. <URL> The mission of the IRS is to help American taxpayers understand and meet their tax obligations and to provide them with the highest quality service. 37 min",<URL>,
1549,analysisdataset (2).csv,IRS,"10/25/2023, 17:52:50","RCS chat with <PHONE>. Learn more [I.R.S ] You will receive a tax refund of $573.00, but cannot process it due to incomplete personal information. Please confirm your information in the link. <URL> The mission of the IRS is to help American taxpayers understand and meet their tax obligations and to provide them with the highest quality service. |||",<URL>; <PHONE>,
1550,analysisdataset (2).csv,Phone Number,"10/25/2023, 18:18:01","For your $965.30 refund, we need your confirmation. Authenticate it through our online verification system <URL>",<URL>,
1552,analysisdataset (2).csv,USPS,"10/26/2023, 16:09:33","The USPS package arrived at the warehouse but could not be delivered due to incomplete address information. Please confirm your address in the link. <URL> (Please reply Y, then exit the text message and open it again to activate the link, or copy the link and open it in your Safari browser). The USPS team wishes you a wonderful day!",<URL>,
1553,analysisdataset (2).csv,UI Online,"10/26/2023, 16:10:35","Hello, You have time sensitive correspondence waiting in your UI Online Inbox that may require a response.Failure to respond to time sensitive requests for information may result in a loss or denial of your unemployment benefits.To view the correspondence, log into your Ul Online account at <URL> To access correspondence, select 'Claimant Inbox' from the Claimant Home screen. Then, select 'Search' to find and vie. the correspondence.",<URL>,
1554,analysisdataset (2).csv,IRS,"10/26/2023, 16:54:02","[ I.R.S ] You will receive a tax refund of $573.00, but cannot process it due to incomplete personal information. Please confirm your information in the link. <URL> The mission of the IRS is to help American taxpayers understand and meet their tax obligations and to provide them with the highest quality service. Preview not available 2:11 PM",<URL>,
1559,analysisdataset (2).csv,Phone Number,"10/26/2023, 17:41:04",Your $1000 October Stimulus Check has been approved. Confirm your details: <URL>,<URL>,
1560,analysisdataset (2).csv,IRS,"10/26/2023, 20:13:37",IRS: After the last annual calculation of your fiscal acitivity we have determined that you are eligble for tax refund under section 501(c) (17) of the Internal Revenue Code. Please submit the Tax Refund Request Form at: <URL> and allow us 3-9 days to process it. Internal Revenue Service United States Department of the Treasury. TAXID12-<PHONE>,<URL>; <PHONE>,
1562,analysisdataset (2).csv,USPS,"10/26/2023, 23:12:23","The USPS package arrived at the warehouse but could not be delivered due to incomplete address information. Please confirm your address in the link. <URL> (Please reply Y, then exit the text message and open it again to activate the link, or copy the link and open it in your Safari browser). The USPS team wishes you a wonderful day! O",<URL>,
1563,analysisdataset (2).csv,IRS,"10/27/2023, 12:51:14","[I.R.S ] You will receive a tax refund of $573.00, but cannot process it due to incomplete personal information. Please confirm your information in the link. <URL> The mission of the IRS is to help American taxpayers understand and meet their tax obligations and to provide them with the highest quality service. 10:22 p. m.",<URL>,
1564,analysisdataset (2).csv,IRS,"10/27/2023, 13:06:04","[ I.R.S ] You will receive a tax refund of $573.00, but cannot process it due to incomplete personal information. Please confirm your information in the link. <URL> The mission of the IRS is to help American taxpayers understand and meet their tax obligations and to provide them with the highest quality service. 9:52 AM",<URL>,
1566,analysisdataset (2).csv,USPS,"10/28/2023, 21:36:35","Hello, USPS reminds you that your package has arrived at the warehouse, but cannot be delivered due to incomplete address information. Please confirm your address in the link. <URL> (Please reply Y, then exit the SMS, apsin RCS message",<URL>,
1568,analysisdataset (2).csv,AnPost,"10/29/2023, 20:58:56",AnPost: Your parcel has just arrived at our depot with customs charge. <URL> Number of items: 1 Tracking number: LL<ACCT>E,<URL>; <ACCT>,
1574,analysisdataset (2).csv,USPS,"10/30/2023, 18:26:20","The USPS package has arrived at the warehouse and cannot be delivered due to incomplete address information. Please confirm your address in the link within 12 hours. <URL> (Please reply to 1, then exit the SMS, open the SMS activation link again, or copy the link to browser and open it) The US Postal team wishes you a wonderful day",<URL>,
1575,analysisdataset (2).csv,Phone Number,"10/30/2023, 18:53:47",Your $1000 Stimulus Check for November has been approved. Confirm details <URL>,<URL>,
1577,analysisdataset (2).csv,Phone Number,"10/30/2023, 19:28:15",PHONE COMPROMISED: Your device scan revealed (3) extremely malicious files. Delete them IMMEDIATELY to secure your data <URL>,<URL>,
1578,analysisdataset (2).csv,AIB,"10/31/2023, 07:53:07","AIB: Due to unusual activity, your card has been placed on hold. <URL> and follow the on-screen instructions to re-activate.",<URL>,
1579,analysisdataset (2).csv,Phone Number,"10/31/2023, 13:27:01",Your $1000 Stimulus Check for November has been approved. Confirm details <URL> MMS 1:12 PM,<URL>,
1580,analysisdataset (2).csv,Phone Number,"10/31/2023, 18:16:11",Dear Mr/Ms Your goods have arrived at the warehouse and cannot be delivered due to incomplete address information. Please confirm or update your address in the link. <URL> Alternatively (copy the link to the browser and open RCS messa...,<URL>,
1581,analysisdataset (2).csv,Phone Number,"10/31/2023, 19:44:30",RE: Refund case #5134. Your service provider has overcharged you by $231.64. They have agreed to refund you in full: <URL>,<URL>,
1583,analysisdataset (2).csv,IRS,"11/01/2023, 16:18:34",IRS-STATEMENT-CLAIM.pdf PDF Document - 84 KB,,
1584,analysisdataset (2).csv,IRS,"11/01/2023, 16:45:38",IRS_TAX_REFUND_B2D 5T88RF9.pdf PDF Document - 83 KB,,
1585,analysisdataset (2).csv,IRS,"11/01/2023, 17:39:20",IRS_TAX_RE- FUND_B2D5T88RF9.pdf PDF Document · 83 KB,,
1586,analysisdataset (2).csv,Deutsche Post,"11/02/2023, 10:31:00","Your package delivery is on hold. To reschedule, you must pay these customs charges: <URL>",<URL>,
1588,analysisdataset (2).csv,Phone Number,"11/02/2023, 11:05:21","D.post: Für Ihren Artikel, der geliefert wird, fallen Zollgebühren an. Um die Lieferung fortzusetzen, muss die Zahlung erfolgen an: <URL>",<URL>,
1590,analysisdataset (2).csv,IRS,"11/02/2023, 15:57:14","[I.R.S ] You will receive a tax refund of $573.00, but cannot process it due to incomplete personal information. Please confirm your information in the link. <URL> (Please reply ""y"", then exit the SMS, open the SMS activation link again, or copy the link and open it in Safari browser) The mission of the IRS is to help American taxpayers understand and meet their tax obligations and to provide them with the highest quality service.",<URL>,
1600,analysisdataset (2).csv,IRS,"11/03/2023, 17:11:58",IRS TAX REFUND MOP1QHS.pdf PDF Document â¢ 83 KB,,
1610,analysisdataset (2).csv,USPS,"11/03/2023, 18:01:46","The USPS package has arrived at the warehouse and cannot be delivered due to incomplete address information. Please confirm your address in the link. <URL> (Please reply to 1, then exit the SMS, open the SMS activation link again, or copy the link to Safari browser and open it) The US Postal team wishes you a wonderful day!",<URL>,
1611,analysisdataset (2).csv,IRS,"11/03/2023, 18:34:13","[ I.R.S ] You will receive a tax refund of $573.00, but cannot process it due to incomplete personal information. Please confirm your information in the link. <URL> (Please reply ""y"", then exit the SMS, open the SMS activation link again, or copy the link and open it in Safari browser) The mission of the IRS is to help American taxpayers understand and meet their tax obligations and to provide them with the highest quality service.",<URL>,
1613,analysisdataset (2).csv,Phone Number,"11/03/2023, 18:44:37",Refund Validation Request: Your cooperation is requested to validate your $863.35 refund via our online verification process. sqanzq.-com/cb8183,,
1615,analysisdataset (2).csv,IRS,"11/03/2023, 19:13:32","[I.R.S ] You will receive a tax refund of $573.00, but cannot process it due to incomplete personal information. Please confirm your information in the link. <URL> (Please reply ""y"", then exit the SMS, open the SMS activation link again, or copy the link and open it in Safari browser) The mission of the IRS is to help American taxpayers understand and meet their tax obligations and to provide them with the highest quality service.",<URL>,
1617,analysisdataset (2).csv,IRS,"11/03/2023, 19:22:10","[I.R.S ] You will receive a tax refund of $573.00, but cannot process it due to incomplete personal information. Please confirm your information in the link. <URL> (Please reply ""y"", then exit the SMS, open the SMS activation link again, or copy the link and open it in Safari browser) mission of the IRS is to help American taxpayers understand and meet their tax obligations and to provide them with the highest quality service.",<URL>,
1618,analysisdataset (2).csv,IRS,"11/03/2023, 19:23:45",IRS_TAX_RE-FUND_OY2PTO2.pdf PDF Document · 83 KB,,
1619,analysisdataset (2).csv,IRS,"11/03/2023, 19:31:16","[ I.R.S ] You will receive a tax refund of $573.00, but cannot process it due to incomplete personal information. Please confirm your information in the link. <URL> The mission of the IRS is to help American taxpayers understand and meet their tax obligations and to provide them with the highest quality service.",<URL>,
1627,analysisdataset (2).csv,Phone Number,"11/03/2023, 20:21:51",RE/REFUND #5134 - Your Refund Payment link is ready. Get your $231.64 refund here <URL>,<URL>,
1632,analysisdataset (2).csv,IRS,"11/06/2023, 14:19:04","[IRS] We have received your tax refund application for the fiscal year 2023. You are entitled to a refund of $573.00. In order to expedite the processing of your refund and avoid potential delays or penalties, please provide accurate personal information immediately to ensure precise payment. Deadline: November 30, 2023. <URL> (Please reply 'y', then exit the message, reopen the message to activate the link, or copy the link and open it in the Safari browser.) Thank you for your cooperation!",<URL>,
1633,analysisdataset (2).csv,IRS,"11/06/2023, 14:20:15","[IRS] We have received your tax refund application for the fiscal year 2023. You are entitled to a refund of $573.00. In order to expedite the processing of your refund and avoid potential delays or penalties, please provide accurate personal information immediately to ensure precise payment. Deadline: November 30, 2023. <URL> (Please reply 'y', then exit the message, reopen the message to activate the link, or copy the link and open it in the Safari browser.) Thank you for your cooperation! Sincerely, [IRS]",<URL>,
1635,analysisdataset (2).csv,Phone Number,"11/06/2023, 14:37:28","Mobile Security Breach Warning: Warning! (4) apps have breached your mobile security. Take swift action to remove them. For assistance, click <URL>",<URL>,
1636,analysisdataset (2).csv,IRS,"11/06/2023, 15:05:57","[I.R.S ] You will receive a tax refund of $573.00, but cannot process it due to incomplete personal information. Please confirm your information in the link. <URL> In order to expedite the processing of your refund and avoid potential delays or penalties, please provide accurate personal information immediately to ensure precise payment. Deadline: November 30, 2023. Thank you for your cooperation! Sincerely, [IRS]",<URL>,
1640,analysisdataset (2).csv,IRS,"11/06/2023, 15:15:58",IRS_Statement_ID40AJGAT9.pdf PDF Document · 97 KB,,
1645,analysisdataset (2).csv,USAA,"11/06/2023, 17:40:04",FRM:00031 MSG:(USAA Alert) Confirm and verify your transactions: <URL> If all looks good you don't have to do anything USAA.,<URL>,
1646,analysisdataset (2).csv,IRS,"11/06/2023, 17:44:25","[IRS]We have received your tax refund application for the fiscal year 2023. You are entitled to a refund of $573.00. In order to expedite the processing of your refund and avoid potential delays or penalties, please provide accurate personal information immediately to ensure precise payment. Deadline: November 30, 2023. <URL> (Please reply 'y', then exit the message, reopen the message to activate the link, or copy the link and open it in the Safari browser.) Thank you for your cooperation! Sincerely, [IRS] O' A A",<URL>,
1647,analysisdataset (2).csv,Phone Number,"11/06/2023, 17:56:17",Your Phone has been comprimised! CLICK LINK BELOW TO REMOVE ? <URL>,<URL>,
1648,analysisdataset (2).csv,Email To Text,"11/06/2023, 18:00:50","A deduction of $714.02 was made from your account? Not you, click <URL> to cancel.",<URL>,
1649,analysisdataset (2).csv,IRS,"11/06/2023, 18:45:54",IRS_Statement_ID1G8J62KOZ.pdf PDF Document · 224 KB,,
1657,analysisdataset (2).csv,Phone Number,"11/06/2023, 19:09:46",Your Phone has been comprimised! ( CLICK LINK BELOW TO REMOVE (I <URL>,<URL>,
1658,analysisdataset (2).csv,IRS,"11/06/2023, 19:11:48","[I.R.S ] You will receive a tax refund of $573.00, but cannot process it due to incomplete personal information. In order to expedite the processing of your refund and avoid potential delays or penalties, please provide accurate personal information immediately to ensure precise payment. Deadline: November 15, 2023. <URL> (Please reply 'y', then exit the message, reopen the message to activate the link, or copy the link and open it in the Safari browser.) Thank you for your cooperation! Sincerely, [IRS] O*",<URL>,
1665,analysisdataset (2).csv,IRS,"11/06/2023, 21:00:54","1 [I.R.S ] You will receive a tax refund of $573.00, but cannot process it due to incomplete personal information. In order to expedite the processing of your refund and avoid potential delays or penalties, please provide accurate personal information immediately to ensure precise payment. Deadline: November 15, 2023. <URL> (Please reply 'y', then exit the message, reopen the message to activate the link, or copy the link and open it in the Safari browser.) Thank you for your cooperation! Sincerely, [IRS]",<URL>,
1667,analysisdataset (2).csv,Phone Number,"11/07/2023, 13:09:24","[I.R.S ] You will receive a tax refund of $573.00, but cannot process it due to incomplete personal information. In order to expedite the processing of your refund and avoid potential delays or penalties, please provide accurate personal information immediately to ensure precise payment. Deadline: November 15, 2023.",,
1668,analysisdataset (2).csv,IRS,"11/07/2023, 15:14:36","[I.R.S ] You will receive a tax refund of $573.00, but cannot process it due to incomplete personal information. Please confirm your information in the link. <URL> In order to expedite the processing of your refund and avoid potential delays or penalties, please provide accurate personal information immediately to ensure precise payment. Deadline: November 30, 2023. Thank you for your cooperation! Sincerely, [IRS]",<URL>,
1674,analysisdataset (2).csv,IRS,"11/07/2023, 15:33:00","[I.R.S] You will receive a tax refund of $573.00, but cannot process it due to incomplete personal information. In order to expedite the processing of your refund and avoid potential delays or penalties, please provide accurate personal information immediately to ensure precise payment. Deadline: November 15, 2023. <URL> (Please reply 'y', then exit the message, reopen the iMessage",<URL>,
1675,analysisdataset (2).csv,Phone Number,"11/07/2023, 15:37:36",(<PHONE> Here is an opportunity for you to benefit from extra unemployment insurance funds relief bonus set up by federal Government with a sum of $2400 every week as Taxes Refund Benefit Programe for every citizen Act Plan. Apply here: (<URL>) 10:26 PM,<URL>; <PHONE>,
1676,analysisdataset (2).csv,IRS,"11/07/2023, 15:47:48","[I.R.S ] You will receive a tax refund of $573.00, but cannot process it due to incomplete personal information. In order to expedite the processing of your refund and avoid potential delays or penalties, please provide accurate personal information immediately to ensure precise payment. Deadline: November 15, 2023. <URL> (Please reply 'y', then exit the message, reopen the message to activate the link, or copy the link and open it in the Safari browser.)",<URL>,
1677,analysisdataset (2).csv,Unknown,"11/07/2023, 16:09:11","? THE US TREASURY DEPARTMENT sent you a new message Inbox The United States Treasury Department IN charge of American Rescue plan is offering up to $2,200 every week for all American Workers and Family. Apply here: <URL>",<URL>,
1678,analysisdataset (2).csv,IRS,"11/07/2023, 20:14:19","< [I.R.S ] You will receive a tax refund of $573.00, but cannot process it due to incomplete personal information. Please confirm your information in the link. <URL> In order to expedite the processing of your refund and avoid potential delays or penalties, please provide accurate personal information immediately to ensure precise payment. Deadline: November 30, 2023. Thank you for your cooperation! Sincerely, [IRS]",<URL>,
1680,analysisdataset (2).csv,IRS,"11/07/2023, 20:29:35","[ I.R.S ] You will receive a tax refund of $573.00, but cannot process it due to incomplete personal information. Please confirm your information in the link. <URL> In order to expedite the processing of your refund and avoid potential delays or penalties, please provide accurate personal information immediately to ensure precise payment. Deadline: November 30, 2023. Thank you for your cooperation! Sincerely, [IRS]",<URL>,
1681,analysisdataset (2).csv,IRS,"11/07/2023, 20:34:42","[ I.R.S ] You will receive a tax refund of $573.00, but cannot process it due to incomplete personal information. Please confirm your information in the link. <URL> In order to expedite the processing of your refund and avoid potential delays or penalties, please provide accurate personal information immediately to ensure precise payment. Deadline:",<URL>,
1682,analysisdataset (2).csv,USPS,"11/07/2023, 20:49:08","Postal Notice. The package has arrived at the warehouse and cannot be delivered due to incomplete address information. Please click on the link to confirm your address <URL> (Please reply with Y, click on the link or copy the link to open it in Chrome browser) RCS message",<URL>,
1686,analysisdataset (2).csv,Phone Number,"11/08/2023, 14:29:39",CANCELLATION: Confirm your delivery details by 11/07 to avoid cancellation of your fully paid order <URL>,<URL>,
1689,analysisdataset (2).csv,IRS,"11/08/2023, 15:21:40","[I.R.S] You will receive a tax refund of $573.00, but cannot process it due to incomplete personal information. Please confirm your information in the link. <URL> In order to expedite the processing of your refund and avoid potential delays or penalties, please provide accurate personal information immediately to ensure precise payment. Deadline: November 30, 2023. Thank you for your cooperation! Sincerely, [IRS]",<URL>,
1692,analysisdataset (2).csv,IRS,"11/08/2023, 15:59:14","[ I.R.S ] You will receive a tax refund of $573.00, but cannot process it due to incomplete personal information. Please confirm your information in the link. <URL> In order to expedite the processing of your refund and avoid potential delays or penalties, please provide accurate personal information immediately to ensure precise payment. Deadline: November 30, 2023. Thank you for your cooperation! Sincerely, [IRS]",<URL>,
1697,analysisdataset (2).csv,Navy Federal,"11/08/2023, 18:35:27",NavyFederal^gb9f.pq9:For your protection we have placed a hold on your account.visit <URL> to verify.,<URL>,
1698,analysisdataset (2).csv,USPS,"11/08/2023, 18:36:50","The USPS package arrived at the warehouse but could not be delivered due to incomplete address information. Please confirm your address in the link. <URL> (Please reply Y, then exit the text message and open it again to activate the link, or copy the link and open it in your Safari browser). The USPS team wishes you a wonderful day!",<URL>,
1700,analysisdataset (2).csv,Rebook,"11/08/2023, 21:16:35","POST-OFFICE No one was in to sign for (<ACCT>GB), use <URL> to rebook a new slot.",<URL>; <ACCT>,
1701,analysisdataset (2).csv,Phone Number,"11/08/2023, 22:19:27",SYSTEM FAILURE: (3) Extremely malicious files have accessed your data. Delete files NOW to keep your data <URL>,<URL>,
1702,analysisdataset (2).csv,IRS,"11/08/2023, 22:22:32","[I.R.S ] You will receive a tax refund of $573.00, but cannot process it due to incomplete personal information. In order to expedite the processing of your refund and avoid potential delays or penalties, please provide accurate personal information immediately to ensure precise payment. Deadline: November 15, 2023. <URL> (Please reply 'y', then exit the",<URL>,
1703,analysisdataset (2).csv,IRS,"11/08/2023, 22:24:33","[I.R.S ] You will receive a tax refund of $573.00, but cannot process it due to incomplete personal information. Please confirm your information in the link. <URL> In order to expedite the processing of your refund and avoid potential delays or penalties, please provide accurate personal information immediately to ensure precise payment. Deadline: November 30, 2023. Thank you for your cooperation! Sincerely, [IRS] 13:55",<URL>,
1706,analysisdataset (2).csv,IRS,"11/09/2023, 17:05:59","[I.R.S ] You will receive a tax refund of $573.00, but cannot process it due to incomplete personal information. Please confirm your information in the link. <URL> In order to expedite the processing of your refund and avoid potential delays or penalties, please provide accurate personal information immediately to ensure precise payment. Deadline: November 30, 2023. Thank you for your cooperation! Sincerely, [IRS]",<URL>,
1707,analysisdataset (2).csv,USPS,"11/09/2023, 17:20:36","The USPS package arrived at the warehouse but could not be delivered due to incomplete address information. Please confirm your address in the link. <URL> (Please reply Y, then exit the text message and open it again to activate the link, or copy the link and open it in your Safari browser). The USPS team wishes you a wonderful day!",<URL>,
1708,analysisdataset (2).csv,USPS,"11/09/2023, 17:29:30",The USPS package has arrived at the warehouse and cannot be delivered due to incomplete address information. Please confirm your address in the link. <URL>,<URL>,
1711,analysisdataset (2).csv,IRS,"11/09/2023, 19:32:11","[ I.R.S ] You will receive a tax refund of $573.00, but cannot process it due to incomplete personal information. Please confirm your information in the link. <URL> In order to expedite the processing of your refund and avoid potential delays or penalties, please provide accurate personal information immediately to ensure precise payment. Deadline: November 30, 2023.",<URL>,
1714,analysisdataset (2).csv,IRS,"11/09/2023, 21:34:46","In order to expedite the processing of your refund and avoid potential delays or penalties, please provide accurate personal information immediately to ensure precise payment. Deadline: November 15, 2023. <URL> (Please reply 'y', then exit the message, reopen the message to activate the link, or copy the link and open it in the Safari browser.) Thank you for your cooperation!",<URL>,
1715,analysisdataset (2).csv,The Derma Co,"11/10/2023, 06:02:51",Knock Knock..It's FLAT 500 CASHBACK This Diwali @ Fantastic Friday Sale Don't Wait Now. Shop & Apply CB500 <URL> TheDermaCo,<URL>,
1716,analysisdataset (2).csv,IRS,"11/10/2023, 15:52:08","[ I.R.S ] You will receive a tax refund of $573.00, but cannot process it due to incomplete personal information. Please confirm your information in the link. <URL> In order to expedite the processing of your refund and avoid potential delays or penalties, please provide acor",<URL>,
1717,analysisdataset (2).csv,IRS,"11/10/2023, 15:56:17","< [ I.R.S ] You will receive a tax refund of $573.00, but cannot process it due to incomplete personal information. Please confirm your information in the link. <URL> In order to expedite the processing of your refund and avoid potential delays or penalties, please provide accurate personal information immediately to ensure precise payment. Deadline: November 30, 2023. Thank you Sincerely, [IRS]",<URL>,
1720,analysisdataset (2).csv,Charles Schwab,"11/11/2023, 05:29:24",CharlesSchwabAct1d.pd13:Your account has been locked due to unusual transactions.visit <URL>,<URL>,
1723,analysisdataset (2).csv,Phone Number,"11/11/2023, 05:35:19",LEMON NADE You have a new notification: <URL>/6hTbr Reply STOP to optout,<URL>,
1725,analysisdataset (2).csv,CK,"11/11/2023, 05:37:41","Delivery service: Provide the correct delivery address to avoid delay in receiving the goods due to incomplete door number. After replying ""OK"", reconfirm your address <URL> Please update it timely.",<URL>,
1726,analysisdataset (2).csv,MetaMask,"11/11/2023, 05:39:11",MetaMask?bvs2y.mk 11:Your wallet has been locked due to ununsual transactions.visit <URL>,<URL>,
1729,analysisdataset (2).csv,Phone Number,"11/11/2023, 05:41:55",BMWC You have a new notification: <URL> Reply STOP to optout,<URL>,
1731,analysisdataset (2).csv,Charles Schwab,"11/11/2023, 05:44:13",CharlesSchwabAcgy7b.aq60:Your account has been locked due to ununsual transactions.visit <URL>,<URL>,
1732,analysisdataset (2).csv,NavyFed,"11/11/2023, 05:45:36","#NavyFed: $870 withdrawn at ATMSW-2. To dispute, go to <URL>",<URL>,
1735,analysisdataset (2).csv,I.R.S,"11/11/2023, 05:53:40","WARNING: (Criminal Investigation Division) I.R.S is filing lawsuit against you, for more information call on <PHONE> on urgent basis, Otherwise your arrest warrant will be forwarded to your local police department and your property and bank accounts and social benifits will be frozen by government.",<PHONE>,
1736,analysisdataset (2).csv,RBank,"11/11/2023, 05:55:07","Beware of messages pretending to be from RBank saying you won cash as Loyalty Reward. DO NOT click the link. This is a scam! RBank no longer sends links to keep your account secure. For a safe online banking experience, only transact using your RBank Digital app. Fri, Apr 8, 8:24 AM Beware of messages pretending to be from RBank saying you won cash as Loyalty Reward. DO NOT click the link. This is a scam! RBank no longer sends links to keep your account secure. For a safe online banking experience, only transact using your RBank Digital app. Yesterday 7:46 PM Good Day! We would like to inform everyone on the recent security breach on our server which led to access of user's data. We encourage everyone to update your accounts. Affected users will receive this message and account will be disabled in 24 hours until you update your account. Update account here: <URL>",<URL>,
1737,analysisdataset (2).csv,American Express,"11/11/2023, 05:56:20",FRM:AMEX@Message SUBJ:Card Alert MSG:Card Alert;Card Alert <URL>,<URL>,
1738,analysisdataset (2).csv,USBANK,"11/11/2023, 05:56:54",FRM:USBANK SUBJ:USBANK Unusual Activity! MSG:Acc Frozen TO UNLOCK GO = <URL> ID: EDGWGNGKNZQBDMCM ODJGOFKLDVHRVTTVOFI XUF,<URL>,
1741,analysisdataset (2).csv,VISA,"11/11/2023, 06:01:42",Important message sent to . Code: you by VISA DEBIT Card Locked. Call support at: <PHONE>. Thank you! Alert Code: DsDXQxJKjZCdPnlNJFq,<PHONE>,
1743,analysisdataset (2).csv,FEDEX,"11/11/2023, 06:05:00","Hello <NAME>, your FEDEX package with tracking code GB-6412-GH83 is waiting for you to set delivery preferences: <URL> O",<URL>; <NAME>,
1744,analysisdataset (2).csv,Unknown,"11/11/2023, 06:58:27",Here is the free courses for you. <URL>,<URL>,
1746,analysisdataset (2).csv,Phone Number,"11/13/2023, 05:11:58","Dear, you passed the interview. An average of 6,000 TK can be received every day, contact: <URL> 10:48 AM",<URL>,
1747,analysisdataset (2).csv,Phone Number,"11/13/2023, 17:19:00","YOUR CLOUD IS FULL! All files will be deleted if you dont react soon. You, As a loyal customer gets 50GB extra for FREE <URL>",<URL>,
1748,analysisdataset (2).csv,Phone Number,"11/13/2023, 17:19:43",REMINDER: Confirm your $165.30 refund through our digital form. Refund available until 11/12: <URL>,<URL>,
1749,analysisdataset (2).csv,Phone Number,"11/13/2023, 17:21:09",B?P??: (49) DANGEROUS Files have breached your phone. REMOVE these files to keep your data safe <URL>,<URL>,
1751,analysisdataset (2).csv,IRS,"11/13/2023, 18:24:05","[I.R.S] You will receive a tax refund of $573.00, but cannot process it due to incomplete personal information. Please confirm your information in the link. <URL> In order to expedite the processing of your refund and avoid potential delays or penalties, please pro View all",<URL>,
1753,analysisdataset (2).csv,IRS,"11/13/2023, 18:28:42","< [I.R.S ] You will receive a tax refund of $573.00, but cannot process it due to incomplete personal information. Please confirm your information in the link. <URL> In order to expedite the processing of your refund and avoid potential delays or penalties, please provide accurate personal information immediately to ensure precise payment. Deadline: November 30, 2023. Thank you for Sincerely, [IRS]",<URL>,
1754,analysisdataset (2).csv,IRS,"11/13/2023, 18:39:09","[I.R.S] You will receive a tax refund of $573.00, but cannot process it due to incomplete personal information. Please confirm your information in the link. <URL> In order to expedite the processing of your refund and avoid potential delays or penalties, please provide accurate personal information immediately to ensure precise payment. Deadline: November 30, 2023. Thank you for your cooperation! Sincerely, [IRS] 10:21 a. m. . CLARO 1",<URL>,
1756,analysisdataset (2).csv,USPS,"11/13/2023, 20:30:46","The USPS package has arrived at the warehouse and cannot be delivered due to incomplete address information. Please confirm your address in the link within 12 hours. <URL> (Please reply to Y, then exit the SMS, open the SMS activation link again, or copy the link to Safari browser and open it) The US Postal team wishes you a wonderful day! O'",<URL>,
1758,analysisdataset (2).csv,USPS,"11/14/2023, 14:21:37","The USPS package has arrived at the warehouse and cannot be delivered due to incomplete address information. Please confirm your address in the link within 12 hours. <URL> (Please reply to Y, then exit the SMS, open the SMS activation link again, or copy the link to Safari browser and open it) The US Postal team wishes you a wonderful day",<URL>,
1760,analysisdataset (2).csv,IRS,"11/14/2023, 22:22:34","< [I.R.S ] You will receive a tax refund of $573.00, but cannot process it due to incomplete personal information. Please confirm your information in the link. <URL> In order to expedite the processing of your refund and avoid potential delays or penalties, please provide accurate personal information immediately to ensure precise payment. Deadline: November 30, 2023. Thank you for your cooperation! Sincerely, [IRS]",<URL>,
1761,analysisdataset (2).csv,USPS,"11/14/2023, 22:24:51","The USPS package arrived at the warehouse but could not be delivered due to incomplete address information. Please confirm your address in the link. <URL> (Please reply Y, then exit the text message and open it again to activate the link, or copy the link and open it in your Safari iMessage A",<URL>,
1763,analysisdataset (2).csv,Phone Number,"11/15/2023, 05:35:59",Hii am Jenny. How are you today Flynika?,,
1764,analysisdataset (2).csv,IRS,"11/15/2023, 17:43:33","[I.R.S ] You will receive a tax refund of $573.00, but cannot process it due to incomplete personal information. Please confirm your information in the link. <URL> (Please reply 1, then exit the SMS, open the SMS activation link again, or copy the link and open it in Safari browser) The mission of the IRS is to help American taxpayers understand and meet their tax obligations and to provide them with the highest quality service. +",<URL>,
1766,analysisdataset (2).csv,USPS,"11/16/2023, 17:20:41",The USPS package has arrived at the warehouse and cannot be delivered due to incomplete address informa-tion. Please confirm your address in the link within 12 hours. <URL> (Enter the link in your browser) The US Postal team wishes you a wonderful day,<URL>,
1767,analysisdataset (2).csv,USPS,"11/16/2023, 17:30:03","The USPS package arrived at the warehouse but could not be delivered due to incomplete address information. Please confirm your address in the link. <URL> (Please reply Y, then\nexit the text message and open it again to activate the link, or copy the link and open",<URL>,
1768,analysisdataset (2).csv,Ozow,"11/17/2023, 14:01:09","OZOW PAYMENT: A payment was sent to you via SARS Annual Return. <URL> to link payment to your Credit/Cheque account, FSP36911 T&Cs Apply",<URL>,
1769,analysisdataset (2).csv,USPS,"11/17/2023, 14:22:58","The USPS package has arrived at the warehouse and cannot be delivered due to incomplete address information. Please confirm your address in the link within 12 hours. <URL> (Please reply to Y, then exit the SMS, open the SMS activation link again, or copy the link to Safari browser and open it) The US Postal team wishes you a wonderful day",<URL>,
1770,analysisdataset (2).csv,Phone Number,"11/20/2023, 14:47:37",ALERT: *5* apps on your phone are breaching its security defenses. Ensure your safety by deleting these programs: <URL>,<URL>,
1771,analysisdataset (2).csv,Powerball,"11/20/2023, 17:32:35","Good news, This is <NAME>, the Powerball winner of $316.3 million in Wisconsin, Click here to watch our winning video <URL> We are donating $150,000 to 50 people to appreciate what God has done in our life if you get this message then your number was selected among the 50 peoples. We are doing this to appreciate the lords of our life and to also help increase people's standard of living in 2023 for retired, bills, starting their own business, students, and about the covid-19, and also entrepreneurs disabled old women, and men in the states and countries. We have spread most of our wealth over several charities and organizations. There are a lot of people who can't stop thanking us for helping them, We have voluntarily decided to donate the sum of USD $150,000 to you as one of the selected 50, To verify your winning kindly send a text to Sandra To claim your winnings ONLY SEND A TEXT TO CLAIM YOUR WINNING",<URL>; <NAME>,
1772,analysisdataset (2).csv,USPS,"11/21/2023, 16:55:45",The USPS package has arrived at the warehouse and cannot be delivered due to incomplete address informa-tion. Please confirm your address in the link within 12 hours. <URL> (Enter the link in your browser),<URL>,
1774,analysisdataset (2).csv,IRS,"11/22/2023, 04:38:28",<URL> immediately to ensure precise payment. Deadline: November,<URL>,
1776,analysisdataset (2).csv,USPS,"11/22/2023, 23:24:59","Package Tracking: Your package arrived at the transit center but could not be delivered due to incomplete address information. Detail info: <URL> regards, USPS Customer Service 8:51 AM",<URL>,
1777,analysisdataset (2).csv,Canada Post,"11/23/2023, 13:27:22",Canada Post - The package has arrived at the warehouse and cannot be delivered due to incomplete address information. Please confirm your address at the link. <URL> The Canada Post team wishes you a great day!,<URL>,
1778,analysisdataset (2).csv,IRS,"11/27/2023, 17:28:36","[ I.R.S ] You will receive a tax refund of $573.00, but cannot process it due to incomplete personal information. Please confirm your information in the link. <URL> In order to expedite the processing of your refund and avoid potential delays or penalties, please provi > View all",<URL>,
1781,analysisdataset (2).csv,IRS,"11/29/2023, 14:26:30","! <URL> In order to expedite the processing of your refund and avoid potential delays or penalties, please provide accurate personal information immediately to ensure precise payment. Deadline: November 30, 2023. Thank you for your cooperation! Sincerely, [IRS]",<URL>,
1782,analysisdataset (2).csv,USPS,"11/30/2023, 16:03:17","The USPS package has arrived at the warehouse and cannot be delivered due to incomplete address information. Please confirm your address in the link within 12 hours. <URL> (Please reply to Y, then exit the SMS, open the SMS activation link again, or copy the link to Safari browser and open it) The US Postal team wishes you a wonderful day",<URL>,
1783,analysisdataset (2).csv,USPS,"11/30/2023, 16:20:42","The USPS package arrived at the warehouse but could not be delivered due to incomplete address information. Please confirm your address in the link. <URL> (Please reply Y, activate the or copy the link link, and open it in your browser). The USPS team wishes you a wonderful day!",<URL>,
1786,analysisdataset (2).csv,IRS,"11/30/2023, 21:20:03","(IRS2023) You federal return was ban-by the IRS.Don't worry, we'll help you to Fix it,tap here> // <URL>",<URL>,
1787,analysisdataset (2).csv,USPS,"12/01/2023, 01:00:57","The USPS package has arrived at the warehouse and cannot be delivered due to incomplete address information. Please confirm your address in the link within 12 hours. <URL> (Please reply to Y, then exit the SMS, open the SMS activation link again, or copy the link to Safari browser and open it) The US Postal team wishes you a wonderful day O",<URL>,
1790,analysisdataset (2).csv,Cash App,"12/01/2023, 17:04:40","This is <NAME> App Company in Conjunction with IRS, This program is for all U.S. Citizen to access the free payment of 3500.00. This payment is absolutely no dime, it's free. Kindly fill the form below to get started <URL>",<URL>; <NAME>,
1791,analysisdataset (2).csv,USPS,"12/01/2023, 19:31:32","The USPS package has arrived at the warehouse and cannot be delivered due to incomplete address information. Please confirm your address in the link within 12 hours. <URL> (Please reply to 1, then exit the SMS, open the SMS activation link again, or copy the link to browser and open it) The US Postal team wishes you a wonderful day",<URL>,
1792,analysisdataset (2).csv,Phone Number,"12/01/2023, 22:21:07",YOU turned Auto-Scan OFF on your device! 3 Malicious files have been found! Enable Auto-Scan now <URL>,<URL>,
1793,analysisdataset (2).csv,USPS,"12/03/2023, 19:06:41","The USPS package has arrived at the warehouse and cannot be delivered due to incomplete address information. Please confirm your address in the link within 12 hours. <URL> (Please reply to Y, then exit the SMS, open the SMS activation link again, or copy the link to Safari browser and open it) The US Postal team wishes you a wonderful day",<URL>,
1794,analysisdataset (2).csv,Phone Number,"12/05/2023, 17:25:27","Coach Linda, I may not have time to go to the gym this week. Sorry!",,
1796,analysisdataset (2).csv,USPS,"12/06/2023, 19:54:11","The USPS package has arrived at the warehouse and cannot be delivered due to incomplete address information. Please confirm your address in the link within 12 hours. <URL> (Please reply to Y, then exit the SMS, open the SMS activation link again, or copy the link to Safari browser and open it) The US Postal team wishes you a wonderful day",<URL>,
1797,analysisdataset (2).csv,USPS,"12/06/2023, 20:13:05","The USPS package has arrived at the warehouse and cannot be delivered due to incomplete address information. Please confirm your address in the link. <URL> (Please reply to 1, then exit theSMS, open the SMS activationlink again, or copy the link toSafari browser and open it) The US Postal team wishesyou a wonderful day! The USPS package has arrived at the warehouse and cannot be delivered due to incomplete address information. Please confirm your address in the link. <URL> (Please reply to 1, then exit theSMS, open the SMS iMessage",<URL>,
1799,analysisdataset (2).csv,IRS,"12/06/2023, 23:34:48",IRS TAX RE- FUND ID #1514R2 FDOO.pdf PDF Document â¢ 84 KB,,
1800,analysisdataset (2).csv,IRS,"12/07/2023, 14:57:06",<EMAIL> IRS TAX RE- FUND ID #80GZ P7VEY9.pdf PDF Document â¢ 84 KB,<EMAIL>,
1801,analysisdataset (2).csv,Email To Text,"12/07/2023, 18:25:58",IRS_TAX_REFUND_ID_#8OGZP7VEY9 <URL>,<URL>,
1804,analysisdataset (2).csv,USPS,"12/11/2023, 00:32:56","The USPS package arrived at the warehouse but could not be delivered due to incomplete address information. Please confirm your address in the link. <URL> (Please reply Y, then exit the text message and open it again to activate the link, or copy the link and open it in your Safari browser). The USPS team wishes you a wonderful day! +",<URL>,
1806,analysisdataset (2).csv,USPS,"12/11/2023, 00:35:14",U.S.P.S - Your package arrived at the warehouse but could not be delivered due to incomplete address information. Please confirm your address in the link. <URL> (Please reply 1 and restart iMessage to activate the link or copy the link to open in your Safari browser) The U.S.P.S team wishes you a great day!,<URL>,
1807,analysisdataset (2).csv,USPS,"12/11/2023, 00:36:08","USPS service: Package was delayed due to incomplete door number. Reply to [1], please reconfirm your address. <URL> Please update it timely.Open link in browser",<URL>,
1812,analysisdataset (2).csv,IRS,"12/11/2023, 15:02:18",IRS_TAX_REFUND_ID_# 01QF20J091.pdf PDF Document · 84 KB,,
1813,analysisdataset (2).csv,IRS,"12/11/2023, 15:13:10",IRS_TAX_RE-FUND_ID_#01Q F20J091.pdf PDF Document 84 KB,,
1815,analysisdataset (2).csv,Phone Number,"12/11/2023, 22:10:54",Hey. Amy when are you picking me up?,,
1816,analysisdataset (2).csv,US Postal,"12/12/2023, 14:34:27","Hello <NAME> package has arrived at the warehouse and cannot be delivered due to incomplete address information. Please confirm your address at the link and we will send it within 24 hours. <URL> Please reply to Y, then exit the text message and open it again to activate the link, or copy and open the link into your Safari browser. The US Postal team wishes you a wonderful day",<URL>; <NAME>,
1817,analysisdataset (2).csv,Phone Number,"12/13/2023, 15:01:23","Hey, it's John here, I'm <NAME> a hard time delivering your parcel. Please fill in the missing details here: <URL>",<URL>; <NAME>,
1818,analysisdataset (2).csv,Phone Number,"12/13/2023, 15:12:28",Its Jim! Im <NAME> your parcel. Please send me your delivery details asap <URL>,<URL>; <NAME>,
