review_id,message_for_review,message_raw,message_clean,source_label,normalized_label_before_review,candidate_reason,source_name,dataset_name,source_group,contains_url,contains_phone,contains_otp,contains_amount,suggested_category,raw_quality_status,source_traceability_status,expert_label,expert_confidence,expert_notes,reviewer_name,review_date
EXP-SPAM-0001,Get ur 1st RINGTONE FREE NOW! Reply to this msg with TONE. Gr8 TOP 20 tones to your phone every week just £1.50 per wk 2 opt out send STOP 08452810071 16,Get ur 1st RINGTONE FREE NOW! Reply to this msg with TONE. Gr8 TOP 20 tones to your phone every week just £1.50 per wk 2 opt out send STOP 08452810071 16,Get ur 1st RINGTONE FREE NOW! Reply to this msg with TONE. Gr8 TOP 20 tones to your phone every week just £1.50 per wk 2 opt out send STOP 08452810071 16,spam,spam,needs_smishing_relabel,UCI SMS Spam Collection,SMS Spam Collection v.1,public_baseline,False,True,False,True,telecom promo,pass_raw_complete,traceable,,,,,
EXP-SPAM-0002,Summers finally here! Fancy a chat or flirt with sexy singles in yr area? To get MATCHED up just reply SUMMER now. Free 2 Join. OptOut txt STOP Help08714742804,Summers finally here! Fancy a chat or flirt with sexy singles in yr area? To get MATCHED up just reply SUMMER now. Free 2 Join. OptOut txt STOP Help08714742804,Summers finally here! Fancy a chat or flirt with sexy singles in yr area? To get MATCHED up just reply SUMMER now. Free 2 Join. OptOut txt STOP Help08714742804,spam,spam,needs_smishing_relabel,UCI SMS Spam Collection,SMS Spam Collection v.1,public_baseline,False,True,False,True,adult/chat promo,pass_raw_complete,traceable,,,,,
EXP-SPAM-0003,"SMS. ac sun0819 posts HELLO:""You seem cool, wanted to say hi. HI!!!"" Stop? Send STOP to 62468","SMS. ac sun0819 posts HELLO:""You seem cool, wanted to say hi. HI!!!"" Stop? Send STOP to 62468","SMS. ac sun0819 posts HELLO:""You seem cool, wanted to say hi. HI!!!"" Stop? Send STOP to 62468",spam,spam,needs_smishing_relabel,UCI SMS Spam Collection,SMS Spam Collection v.1,public_baseline,False,False,False,False,generic scam-like or unclear,pass_raw_complete,traceable,,,,,
EXP-SPAM-0004,"Get 3 Lions England tone, reply lionm 4 mono or lionp 4 poly. 4 more go 2 www.ringtones.co.uk, the original n best. Tones 3GBP network operator rates apply","Get 3 Lions England tone, reply lionm 4 mono or lionp 4 poly. 4 more go 2 www.ringtones.co.uk, the original n best. Tones 3GBP network operator rates apply","Get 3 Lions England tone, reply lionm 4 mono or lionp 4 poly. 4 more go 2 www.ringtones.co.uk, the original n best. Tones 3GBP network operator rates apply",spam,spam,needs_smishing_relabel,UCI SMS Spam Collection,SMS Spam Collection v.1,public_baseline,True,False,False,True,telecom promo,pass_raw_complete,traceable,,,,,
EXP-SPAM-0005,"For ur chance to win £250 cash every wk TXT: PLAY to 83370. T's&C's www.music-trivia.net custcare 08715705022, 1x150p/wk.","For ur chance to win £250 cash every wk TXT: PLAY to 83370. T's&C's www.music-trivia.net custcare 08715705022, 1x150p/wk.","For ur chance to win £250 cash every wk TXT: PLAY to 83370. T's&C's www.music-trivia.net custcare 08715705022, 1x150p/wk.",spam,spam,needs_smishing_relabel,UCI SMS Spam Collection,SMS Spam Collection v.1,public_baseline,True,True,False,True,telecom promo,pass_raw_complete,traceable,,,,,
EXP-SPAM-0006,"Rock yr chik. Get 100's of filthy films &XXX pics on yr phone now. rply FILTH to 69669. Saristar Ltd, E14 9YT 08701752560. 450p per 5 days. Stop2 cancel","Rock yr chik. Get 100's of filthy films &XXX pics on yr phone now. rply FILTH to 69669. Saristar Ltd, E14 9YT 08701752560. 450p per 5 days. Stop2 cancel","Rock yr chik. Get 100's of filthy films &XXX pics on yr phone now. rply FILTH to 69669. Saristar Ltd, E14 9YT 08701752560. 450p per 5 days. Stop2 cancel",spam,spam,needs_smishing_relabel,UCI SMS Spam Collection,SMS Spam Collection v.1,public_baseline,False,True,False,True,adult/chat promo,pass_raw_complete,traceable,,,,,
EXP-SPAM-0007,"I want some cock! My hubby's away, I need a real man 2 satisfy me. Txt WIFE to 89938 for no strings action. (Txt STOP 2 end, txt rec £1.50ea. OTBox 731 LA1 7WS. )","I want some cock! My hubby's away, I need a real man 2 satisfy me. Txt WIFE to 89938 for no strings action. (Txt STOP 2 end, txt rec £1.50ea. OTBox 731 LA1 7WS. )","I want some cock! My hubby's away, I need a real man 2 satisfy me. Txt WIFE to 89938 for no strings action. (Txt STOP 2 end, txt rec £1.50ea. OTBox 731 LA1 7WS. )",spam,spam,needs_smishing_relabel,UCI SMS Spam Collection,SMS Spam Collection v.1,public_baseline,False,False,False,True,telecom promo,pass_raw_complete,traceable,,,,,
EXP-SPAM-0008,Call Germany for only 1 pence per minute! Call from a fixed line via access number 0844 861 85 85. No prepayment. Direct access!,Call Germany for only 1 pence per minute! Call from a fixed line via access number 0844 861 85 85. No prepayment. Direct access!,Call Germany for only 1 pence per minute! Call from a fixed line via access number 0844 861 85 85. No prepayment. Direct access!,spam,spam,needs_smishing_relabel,UCI SMS Spam Collection,SMS Spam Collection v.1,public_baseline,False,True,False,False,generic scam-like or unclear,pass_raw_complete,traceable,,,,,
EXP-SPAM-0009,"Over 3,0,000 songs on the www, music. nokia.com. Download 5 free tracks from the Nokia Music Store. Download now at http://music.nokia.co.in/myn5free","Over 3,0,000 songs on the www, music. nokia.com. Download 5 free tracks from the Nokia Music Store. Download now at http://music.nokia.co.in/myn5free","Over 3,0,000 songs on the www, music. nokia.com. Download 5 free tracks from the Nokia Music Store. Download now at http://music.nokia.co.in/myn5free",spam,spam,needs_smishing_relabel,Mishra & Soni,SMS Phishing Dataset for Machine Learning and Pattern Recognition,public_baseline,True,False,False,False,promotional spam,pass_raw_complete,traceable,,,,,
EXP-SPAM-0010,"TheMob> Check out our newest selection of content, Games, Tones, Gossip, babes and sport, Keep your mobile fit and funky text WAP to 82468","TheMob> Check out our newest selection of content, Games, Tones, Gossip, babes and sport, Keep your mobile fit and funky text WAP to 82468","TheMob> Check out our newest selection of content, Games, Tones, Gossip, babes and sport, Keep your mobile fit and funky text WAP to 82468",spam,spam,needs_smishing_relabel,UCI SMS Spam Collection,SMS Spam Collection v.1,public_baseline,False,False,False,False,telecom promo,pass_raw_complete,traceable,,,,,
EXP-SPAM-0011,EASTENDERS TV Quiz. What FLOWER does DOT compare herself to? D= VIOLET E= TULIP F= LILY txt D E or F to 84025 NOW 4 chance 2 WIN £100 Cash WKENT/150P16+,EASTENDERS TV Quiz. What FLOWER does DOT compare herself to? D= VIOLET E= TULIP F= LILY txt D E or F to 84025 NOW 4 chance 2 WIN £100 Cash WKENT/150P16+,EASTENDERS TV Quiz. What FLOWER does DOT compare herself to? D= VIOLET E= TULIP F= LILY txt D E or F to 84025 NOW 4 chance 2 WIN £100 Cash WKENT/150P16+,spam,spam,needs_smishing_relabel,UCI SMS Spam Collection,SMS Spam Collection v.1,public_baseline,False,False,False,True,telecom promo,pass_raw_complete,traceable,,,,,
EXP-SPAM-0012,<Forwarded from 21870000>Hi - this is your Mailbox Messaging SMS alert. You have 40 matches. Please call back on 09056242159 to retrieve your messages and matches cc100p/min,<Forwarded from 21870000>Hi - this is your Mailbox Messaging SMS alert. You have 40 matches. Please call back on 09056242159 to retrieve your messages and matches cc100p/min,<Forwarded from 21870000>Hi - this is your Mailbox Messaging SMS alert. You have 40 matches. Please call back on 09056242159 to retrieve your messages and matches cc100p/min,spam,spam,needs_smishing_relabel,UCI SMS Spam Collection,SMS Spam Collection v.1,public_baseline,False,True,False,False,generic scam-like or unclear,pass_raw_complete,traceable,,,,,
EXP-SPAM-0013,SMS SERVICES For your inclusive text credits pls gotto www.comuk.net login 3qxj9 unsubscribe with STOP no extra charge help 08702840625 comuk.220cm2 9AE,SMS SERVICES For your inclusive text credits pls gotto www.comuk.net login 3qxj9 unsubscribe with STOP no extra charge help 08702840625 comuk.220cm2 9AE,SMS SERVICES For your inclusive text credits pls gotto www.comuk.net login 3qxj9 unsubscribe with STOP no extra charge help 08702840625 comuk.220cm2 9AE,spam,spam,needs_smishing_relabel,UCI SMS Spam Collection,SMS Spam Collection v.1,public_baseline,True,True,False,False,promotional spam,pass_raw_complete,traceable,,,,,
EXP-SPAM-0014,"Hi this is Amy, we will be sending you a free phone number in a couple of days, which will give you an access to all the adult parties...","Hi this is Amy, we will be sending you a free phone number in a couple of days, which will give you an access to all the adult parties...","Hi this is Amy, we will be sending you a free phone number in a couple of days, which will give you an access to all the adult parties...",spam,spam,needs_smishing_relabel,UCI SMS Spam Collection,SMS Spam Collection v.1,public_baseline,False,False,False,False,adult/chat promo,pass_raw_complete,traceable,,,,,
EXP-SPAM-0015,Call 09095350301 and send our girls into erotic ecstacy. Just 60p/min. To stop texts call 08712460324 (nat rate),Call 09095350301 and send our girls into erotic ecstacy. Just 60p/min. To stop texts call 08712460324 (nat rate),Call 09095350301 and send our girls into erotic ecstacy. Just 60p/min. To stop texts call 08712460324 (nat rate),spam,spam,needs_smishing_relabel,UCI SMS Spam Collection,SMS Spam Collection v.1,public_baseline,False,True,False,True,generic scam-like or unclear,pass_raw_complete,traceable,,,,,
EXP-SPAM-0016,"Think ur smart ? Win £200 this week in our weekly quiz, text PLAY to 85222 now!T&Cs WinnersClub PO BOX 84, M26 3UZ. 16+. GBP1.50/week","Think ur smart ? Win £200 this week in our weekly quiz, text PLAY to 85222 now!T&Cs WinnersClub PO BOX 84, M26 3UZ. 16+. GBP1.50/week","Think ur smart ? Win £200 this week in our weekly quiz, text PLAY to 85222 now!T&Cs WinnersClub PO BOX 84, M26 3UZ. 16+. GBP1.50/week",spam,spam,needs_smishing_relabel,UCI SMS Spam Collection,SMS Spam Collection v.1,public_baseline,False,False,False,True,reward/prize,pass_raw_complete,traceable,,,,,
EXP-SPAM-0017,"Free-message: Jamster!Get the crazy frog sound now! For poly text MAD1, for real text MAD2 to 88888. 6 crazy sounds for just 3 GBP/week! 16+only! T&C's apply","Free-message: Jamster!Get the crazy frog sound now! For poly text MAD1, for real text MAD2 to 88888. 6 crazy sounds for just 3 GBP/week! 16+only! T&C's apply","Free-message: Jamster!Get the crazy frog sound now! For poly text MAD1, for real text MAD2 to 88888. 6 crazy sounds for just 3 GBP/week! 16+only! T&C's apply",spam,spam,needs_smishing_relabel,UCI SMS Spam Collection,SMS Spam Collection v.1,public_baseline,False,True,False,True,promotional spam,pass_raw_complete,traceable,,,,,
EXP-SPAM-0018,Call Germany for only 1 pence per minute! Call from a fixed line via access number 0844 861 85 85. No prepayment. Direct access! www.telediscount.co.uk,Call Germany for only 1 pence per minute! Call from a fixed line via access number 0844 861 85 85. No prepayment. Direct access! www.telediscount.co.uk,Call Germany for only 1 pence per minute! Call from a fixed line via access number 0844 861 85 85. No prepayment. Direct access! www.telediscount.co.uk,spam,spam,needs_smishing_relabel,UCI SMS Spam Collection,SMS Spam Collection v.1,public_baseline,True,True,False,False,promotional spam,pass_raw_complete,traceable,,,,,
EXP-SPAM-0019,December only! Had your mobile 11mths+? You are entitled to update to the latest colour camera mobile for Free! Call The Mobile Update VCo FREE on 08002986906,December only! Had your mobile 11mths+? You are entitled to update to the latest colour camera mobile for Free! Call The Mobile Update VCo FREE on 08002986906,December only! Had your mobile 11mths+? You are entitled to update to the latest colour camera mobile for Free! Call The Mobile Update VCo FREE on 08002986906,spam,spam,needs_smishing_relabel,UCI SMS Spam Collection,SMS Spam Collection v.1,public_baseline,False,True,False,False,telecom promo,pass_raw_complete,traceable,,,,,
EXP-SPAM-0020,Winters & Weddings. Enjoy the season with glittering garments. Wardrobe Drycleaning Best Quality @ Affordable rates. Over 60 outlets in NCR. Call 9654726000,Winters & Weddings. Enjoy the season with glittering garments. Wardrobe Drycleaning Best Quality @ Affordable rates. Over 60 outlets in NCR. Call 9654726000,Winters & Weddings. Enjoy the season with glittering garments. Wardrobe Drycleaning Best Quality @ Affordable rates. Over 60 outlets in NCR. Call 9654726000,Spam,spam,needs_smishing_relabel,Mishra & Soni,SMS Phishing Dataset for Machine Learning and Pattern Recognition,public_baseline,False,True,False,True,generic scam-like or unclear,pass_raw_complete,traceable,,,,,
EXP-SPAM-0021,Text BANNEDUK to 89555 to see! cost 150p textoperator g696ga 18+ XXX,Text BANNEDUK to 89555 to see! cost 150p textoperator g696ga 18+ XXX,Text BANNEDUK to 89555 to see! cost 150p textoperator g696ga 18+ XXX,spam,spam,needs_smishing_relabel,UCI SMS Spam Collection,SMS Spam Collection v.1,public_baseline,False,False,False,True,adult/chat promo,pass_raw_complete,traceable,,,,,
EXP-SPAM-0022,HMV BONUS SPECIAL 500 pounds of genuine HMV vouchers to be won. Just answer 4 easy questions. Send HMV to 86688 More info:www.100percent-real.com,HMV BONUS SPECIAL 500 pounds of genuine HMV vouchers to be won. Just answer 4 easy questions. Send HMV to 86688 More info:www.100percent-real.com,HMV BONUS SPECIAL 500 pounds of genuine HMV vouchers to be won. Just answer 4 easy questions. Send HMV to 86688 More info:www.100percent-real.com,spam,spam,needs_smishing_relabel,Mishra & Soni,SMS Phishing Dataset for Machine Learning and Pattern Recognition,public_baseline,True,False,False,True,reward/prize,pass_raw_complete,traceable,,,,,
EXP-SPAM-0023,This message is free. Welcome to the new & improved Sex & Dogging club! To unsubscribe from this service reply STOP. msgs@150p 18+only,This message is free. Welcome to the new & improved Sex & Dogging club! To unsubscribe from this service reply STOP. msgs@150p 18+only,This message is free. Welcome to the new & improved Sex & Dogging club! To unsubscribe from this service reply STOP. msgs@150p 18+only,spam,spam,needs_smishing_relabel,UCI SMS Spam Collection,SMS Spam Collection v.1,public_baseline,False,False,False,True,adult/chat promo,pass_raw_complete,traceable,,,,,
EXP-SPAM-0024,Ringtone Club: Gr8 new polys direct to your mobile every week !,Ringtone Club: Gr8 new polys direct to your mobile every week !,Ringtone Club: Gr8 new polys direct to your mobile every week !,spam,spam,needs_smishing_relabel,UCI SMS Spam Collection,SMS Spam Collection v.1,public_baseline,False,False,False,False,telecom promo,pass_raw_complete,traceable,,,,,
EXP-SPAM-0025,(Bank of Granite issues Strong-Buy) EXPLOSIVE PICK FOR OUR MEMBERS *****UP OVER 300% *********** Nasdaq Symbol CDGT That is a $5.00 per..,(Bank of Granite issues Strong-Buy) EXPLOSIVE PICK FOR OUR MEMBERS *****UP OVER 300% *********** Nasdaq Symbol CDGT That is a $5.00 per..,(Bank of Granite issues Strong-Buy) EXPLOSIVE PICK FOR OUR MEMBERS *****UP OVER 300% *********** Nasdaq Symbol CDGT That is a $5.00 per..,spam,spam,needs_smishing_relabel,UCI SMS Spam Collection,SMS Spam Collection v.1,public_baseline,False,False,False,True,banking/account-like suspicious,pass_raw_complete,traceable,,,,,
EXP-SPAM-0026,"Sunshine Hols. To claim ur med holiday send a stamped self address envelope to Drinks on Us UK, PO Box 113, Bray, Wicklow, Eire. Quiz Starts Saturday!","Sunshine Hols. To claim ur med holiday send a stamped self address envelope to Drinks on Us UK, PO Box 113, Bray, Wicklow, Eire. Quiz Starts Saturday!","Sunshine Hols. To claim ur med holiday send a stamped self address envelope to Drinks on Us UK, PO Box 113, Bray, Wicklow, Eire. Quiz Starts Saturday!",spam,spam,needs_smishing_relabel,Mishra & Soni,SMS Phishing Dataset for Machine Learning and Pattern Recognition,public_baseline,False,False,False,False,reward/prize,pass_raw_complete,traceable,,,,,
EXP-SPAM-0027,Sex up ur mobile with a FREE sexy pic of Jordan! Just text BABE to 88600. Then every wk get a sexy celeb! PocketBabe.co.uk 4 more pics. 16 £3/wk 087016248,Sex up ur mobile with a FREE sexy pic of Jordan! Just text BABE to 88600. Then every wk get a sexy celeb! PocketBabe.co.uk 4 more pics. 16 £3/wk 087016248,Sex up ur mobile with a FREE sexy pic of Jordan! Just text BABE to 88600. Then every wk get a sexy celeb! PocketBabe.co.uk 4 more pics. 16 £3/wk 087016248,spam,spam,needs_smishing_relabel,UCI SMS Spam Collection,SMS Spam Collection v.1,public_baseline,True,True,False,True,adult/chat promo,pass_raw_complete,traceable,,,,,
EXP-SPAM-0028,No1 Nokia tone 4 ur mob every week just txt NOKIA to 8007 Get txting and tell ur mates www.getzed.co.uk POBox 36504 W45WQ norm150p/tone 16+,No1 Nokia tone 4 ur mob every week just txt NOKIA to 8007 Get txting and tell ur mates www.getzed.co.uk POBox 36504 W45WQ norm150p/tone 16+,No1 Nokia tone 4 ur mob every week just txt NOKIA to 8007 Get txting and tell ur mates www.getzed.co.uk POBox 36504 W45WQ norm150p/tone 16+,spam,spam,needs_smishing_relabel,Mishra & Soni,SMS Phishing Dataset for Machine Learning and Pattern Recognition,public_baseline,True,False,False,False,telecom promo,pass_raw_complete,traceable,,,,,
EXP-SPAM-0029,Now Get*SAUNA SLIM BELT(Rs650)&VIBRATION+SAUNA BELT(Rs999)NCR(Rs50 Extra)LoseFAT(5 inch)+FreeSLIM.TEA PH:9311304872/9268250573,Now Get*SAUNA SLIM BELT(Rs650)&VIBRATION+SAUNA BELT(Rs999)NCR(Rs50 Extra)LoseFAT(5 inch)+FreeSLIM.TEA PH:9311304872/9268250573,Now Get*SAUNA SLIM BELT(Rs650)&VIBRATION+SAUNA BELT(Rs999)NCR(Rs50 Extra)LoseFAT(5 inch)+FreeSLIM.TEA PH:9311304872/9268250573,spam,spam,needs_smishing_relabel,Mishra & Soni,SMS Phishing Dataset for Machine Learning and Pattern Recognition,public_baseline,False,True,False,True,promotional spam,pass_raw_complete,traceable,,,,,
EXP-SPAM-0030,"Wellness Profile -health checkup from Thyrocare: Covers heart, thyroid, kidney, liver, diabetes & more. 63 Wellness Tests @home service with 33% Disc. : 09222201004","Wellness Profile -health checkup from Thyrocare: Covers heart, thyroid, kidney, liver, diabetes & more. 63 Wellness Tests @home service with 33% Disc. : 09222201004","Wellness Profile -health checkup from Thyrocare: Covers heart, thyroid, kidney, liver, diabetes & more. 63 Wellness Tests @home service with 33% Disc. : 09222201004",spam,spam,needs_smishing_relabel,Mishra & Soni,SMS Phishing Dataset for Machine Learning and Pattern Recognition,public_baseline,False,True,False,True,gambling/casino/free spin,pass_raw_complete,traceable,,,,,
EXP-SPAM-0031,"Hungry gay guys feeling hungry and up 4 it, now. Call 08718730555 just 10p/min. To stop texts call 08712460324 (10p/min)","Hungry gay guys feeling hungry and up 4 it, now. Call 08718730555 just 10p/min. To stop texts call 08712460324 (10p/min)","Hungry gay guys feeling hungry and up 4 it, now. Call 08718730555 just 10p/min. To stop texts call 08712460324 (10p/min)",spam,spam,needs_smishing_relabel,UCI SMS Spam Collection,SMS Spam Collection v.1,public_baseline,False,True,False,True,generic scam-like or unclear,pass_raw_complete,traceable,,,,,
EXP-SPAM-0032,"1000's flirting NOW! Txt GIRL or BLOKE & ur NAME & AGE, eg GIRL ZOE 18 to 8007 to join and get chatting!","1000's flirting NOW! Txt GIRL or BLOKE & ur NAME & AGE, eg GIRL ZOE 18 to 8007 to join and get chatting!","1000's flirting NOW! Txt GIRL or BLOKE & ur NAME & AGE, eg GIRL ZOE 18 to 8007 to join and get chatting!",spam,spam,needs_smishing_relabel,UCI SMS Spam Collection,SMS Spam Collection v.1,public_baseline,False,False,False,False,adult/chat promo,pass_raw_complete,traceable,,,,,
EXP-SPAM-0033,This message is brought to you by GMW Ltd. and is not connected to the,This message is brought to you by GMW Ltd. and is not connected to the,This message is brought to you by GMW Ltd. and is not connected to the,spam,spam,needs_smishing_relabel,UCI SMS Spam Collection,SMS Spam Collection v.1,public_baseline,False,False,False,False,generic scam-like or unclear,pass_raw_complete,traceable,,,,,
EXP-SPAM-0034,Customer Loyalty Offer:The NEW Nokia6650 Mobile from ONLY £10 at TXTAUCTION! Txt word: START to No: 81151 & get yours Now! 4T&Ctxt TC 150p/MTmsg,Customer Loyalty Offer:The NEW Nokia6650 Mobile from ONLY £10 at TXTAUCTION! Txt word: START to No: 81151 & get yours Now! 4T&Ctxt TC 150p/MTmsg,Customer Loyalty Offer:The NEW Nokia6650 Mobile from ONLY £10 at TXTAUCTION! Txt word: START to No: 81151 & get yours Now! 4T&Ctxt TC 150p/MTmsg,spam,spam,needs_smishing_relabel,UCI SMS Spam Collection,SMS Spam Collection v.1,public_baseline,False,False,False,True,telecom promo,pass_raw_complete,traceable,,,,,
EXP-SPAM-0035,Hard LIVE 121 chat just 60p/min. Choose your girl and connect LIVE. Call 09094646899 now! Cheap Chat UK's biggest live service. VU BCM1896WC1N3XX,Hard LIVE 121 chat just 60p/min. Choose your girl and connect LIVE. Call 09094646899 now! Cheap Chat UK's biggest live service. VU BCM1896WC1N3XX,Hard LIVE 121 chat just 60p/min. Choose your girl and connect LIVE. Call 09094646899 now! Cheap Chat UK's biggest live service. VU BCM1896WC1N3XX,spam,spam,needs_smishing_relabel,UCI SMS Spam Collection,SMS Spam Collection v.1,public_baseline,False,True,False,True,adult/chat promo,pass_raw_complete,traceable,,,,,
EXP-SPAM-0036,"Did you hear about the new ""Divorce Barbie""? It comes with all of Ken's stuff!","Did you hear about the new ""Divorce Barbie""? It comes with all of Ken's stuff!","Did you hear about the new ""Divorce Barbie""? It comes with all of Ken's stuff!",spam,spam,needs_smishing_relabel,UCI SMS Spam Collection,SMS Spam Collection v.1,public_baseline,False,False,False,False,generic scam-like or unclear,pass_raw_complete,traceable,,,,,
EXP-SPAM-0037,4mths half price Orange line rental & latest camera phones 4 FREE. Had your phone 11mths+? Call MobilesDirect free on 08000938767 to update now! or2stoptxt T&Cs,4mths half price Orange line rental & latest camera phones 4 FREE. Had your phone 11mths+? Call MobilesDirect free on 08000938767 to update now! or2stoptxt T&Cs,4mths half price Orange line rental & latest camera phones 4 FREE. Had your phone 11mths+? Call MobilesDirect free on 08000938767 to update now! or2stoptxt T&Cs,spam,spam,needs_smishing_relabel,UCI SMS Spam Collection,SMS Spam Collection v.1,public_baseline,False,True,False,False,telecom promo,pass_raw_complete,traceable,,,,,
EXP-SPAM-0038,Please complete registration process before using any service. Code=943 Tid=020001951238,Please complete registration process before using any service. Code=943 Tid=020001951238,Please complete registration process before using any service. Code=943 Tid=020001951238,spam,spam,needs_smishing_relabel,Mishra & Soni,SMS Phishing Dataset for Machine Learning and Pattern Recognition,public_baseline,False,True,False,False,generic scam-like or unclear,pass_raw_complete,traceable,,,,,
EXP-SPAM-0039,PPORTUNITY to Own flat on NOIDA Xprsway *2bhk-19.63 lac(Al Insv) *3bhk-25.46 lac(Al.Insv) *0km frm FNG/Metro statn *Valid for 6 dayz sms IN to 567670,PPORTUNITY to Own flat on NOIDA Xprsway *2bhk-19.63 lac(Al Insv) *3bhk-25.46 lac(Al.Insv) *0km frm FNG/Metro statn *Valid for 6 dayz sms IN to 567670,PPORTUNITY to Own flat on NOIDA Xprsway *2bhk-19.63 lac(Al Insv) *3bhk-25.46 lac(Al.Insv) *0km frm FNG/Metro statn *Valid for 6 dayz sms IN to 567670,spam,spam,needs_smishing_relabel,Mishra & Soni,SMS Phishing Dataset for Machine Learning and Pattern Recognition,public_baseline,False,False,False,True,generic scam-like or unclear,pass_raw_complete,traceable,,,,,
EXP-SPAM-0040,"Will u meet ur dream partner soon? Is ur career off 2 a flyng start? 2 find out free, txt HORO followed by ur star sign, e. g. HORO ARIES","Will u meet ur dream partner soon? Is ur career off 2 a flyng start? 2 find out free, txt HORO followed by ur star sign, e. g. HORO ARIES","Will u meet ur dream partner soon? Is ur career off 2 a flyng start? 2 find out free, txt HORO followed by ur star sign, e. g. HORO ARIES",spam,spam,needs_smishing_relabel,UCI SMS Spam Collection,SMS Spam Collection v.1,public_baseline,False,False,False,False,telecom promo,pass_raw_complete,traceable,,,,,
EXP-SPAM-0041,Sunshine Quiz Wkly Q! Win a top Sony DVD player if u know which country the Algarve is in? Txt ansr to 82277.,Sunshine Quiz Wkly Q! Win a top Sony DVD player if u know which country the Algarve is in? Txt ansr to 82277.,Sunshine Quiz Wkly Q! Win a top Sony DVD player if u know which country the Algarve is in? Txt ansr to 82277.,spam,spam,needs_smishing_relabel,Mishra & Soni,SMS Phishing Dataset for Machine Learning and Pattern Recognition,public_baseline,False,False,False,False,telecom promo,pass_raw_complete,traceable,,,,,
EXP-SPAM-0042,U can WIN £100 of Music Gift Vouchers every week starting NOW Txt the word DRAW to 87066 TsCs www.ldew.com .150ppermessSubscription,U can WIN £100 of Music Gift Vouchers every week starting NOW Txt the word DRAW to 87066 TsCs www.ldew.com .150ppermessSubscription,U can WIN £100 of Music Gift Vouchers every week starting NOW Txt the word DRAW to 87066 TsCs www.ldew.com .150ppermessSubscription,spam,spam,needs_smishing_relabel,Mishra & Soni,SMS Phishing Dataset for Machine Learning and Pattern Recognition,public_baseline,True,False,False,True,reward/prize,pass_raw_complete,traceable,,,,,
EXP-SPAM-0043,Filthy stories and GIRLS waiting for your,Filthy stories and GIRLS waiting for your,Filthy stories and GIRLS waiting for your,spam,spam,needs_smishing_relabel,UCI SMS Spam Collection,SMS Spam Collection v.1,public_baseline,False,False,False,False,generic scam-like or unclear,pass_raw_complete,traceable,,,,,
EXP-SPAM-0044,I don't know u and u don't know me. Send CHAT to 86688 now and let's find each other! Only 150p/Msg rcvd. HG/Suite342/2Lands/Row/W1J6HL LDN. 18 years or over.,I don't know u and u don't know me. Send CHAT to 86688 now and let's find each other! Only 150p/Msg rcvd. HG/Suite342/2Lands/Row/W1J6HL LDN. 18 years or over.,I don't know u and u don't know me. Send CHAT to 86688 now and let's find each other! Only 150p/Msg rcvd. HG/Suite342/2Lands/Row/W1J6HL LDN. 18 years or over.,spam,spam,needs_smishing_relabel,UCI SMS Spam Collection,SMS Spam Collection v.1,public_baseline,False,False,False,True,adult/chat promo,pass_raw_complete,traceable,,,,,
EXP-SPAM-0045,87077: Kick off a new season with 2wks FREE goals & news to ur mobile! Txt ur club name to 87077 eg VILLA to 87077,87077: Kick off a new season with 2wks FREE goals & news to ur mobile! Txt ur club name to 87077 eg VILLA to 87077,87077: Kick off a new season with 2wks FREE goals & news to ur mobile! Txt ur club name to 87077 eg VILLA to 87077,spam,spam,needs_smishing_relabel,UCI SMS Spam Collection,SMS Spam Collection v.1,public_baseline,False,True,False,False,telecom promo,pass_raw_complete,traceable,,,,,
EXP-SPAM-0046,"January Male Sale! Hot Gay chat now cheaper, call 08709222922. National rate from 1.5p/min cheap to 7.8p/min peak! To stop texts call 08712460324 (10p/min)","January Male Sale! Hot Gay chat now cheaper, call 08709222922. National rate from 1.5p/min cheap to 7.8p/min peak! To stop texts call 08712460324 (10p/min)","January Male Sale! Hot Gay chat now cheaper, call 08709222922. National rate from 1.5p/min cheap to 7.8p/min peak! To stop texts call 08712460324 (10p/min)",spam,spam,needs_smishing_relabel,UCI SMS Spam Collection,SMS Spam Collection v.1,public_baseline,False,True,False,True,adult/chat promo,pass_raw_complete,traceable,,,,,
EXP-SPAM-0047,"As a SIM subscriber, you are selected to receive a Bonus! Get it delivered to your door, Txt the word OK to No: 88600 to claim. 150p/msg, EXP. 30Apr","As a SIM subscriber, you are selected to receive a Bonus! Get it delivered to your door, Txt the word OK to No: 88600 to claim. 150p/msg, EXP. 30Apr","As a SIM subscriber, you are selected to receive a Bonus! Get it delivered to your door, Txt the word OK to No: 88600 to claim. 150p/msg, EXP. 30Apr",spam,spam,needs_smishing_relabel,UCI SMS Spam Collection,SMS Spam Collection v.1,public_baseline,False,False,False,True,reward/prize,pass_raw_complete,traceable,,,,,
EXP-SPAM-0048,SMS AUCTION - A BRAND NEW Nokia 7250 is up 4 auction today! Auction is FREE 2 join & take part! Txt NOKIA to 86021 now! HG/Suite342/2Lands Row/W1J6HL,SMS AUCTION - A BRAND NEW Nokia 7250 is up 4 auction today! Auction is FREE 2 join & take part! Txt NOKIA to 86021 now! HG/Suite342/2Lands Row/W1J6HL,SMS AUCTION - A BRAND NEW Nokia 7250 is up 4 auction today! Auction is FREE 2 join & take part! Txt NOKIA to 86021 now! HG/Suite342/2Lands Row/W1J6HL,spam,spam,needs_smishing_relabel,UCI SMS Spam Collection,SMS Spam Collection v.1,public_baseline,False,False,False,False,telecom promo,pass_raw_complete,traceable,,,,,
EXP-SPAM-0049,n 45days Reduce Fat(8 Inch)use*SAUNA SLIM BELT*(650) VIBRATION BELT(999) NCR(50Rs Extra)+Free YOKO Call Now:9268250573/931130487,n 45days Reduce Fat(8 Inch)use*SAUNA SLIM BELT*(650) VIBRATION BELT(999) NCR(50Rs Extra)+Free YOKO Call Now:9268250573/931130487,n 45days Reduce Fat(8 Inch)use*SAUNA SLIM BELT*(650) VIBRATION BELT(999) NCR(50Rs Extra)+Free YOKO Call Now:9268250573/931130487,Spam,spam,needs_smishing_relabel,Mishra & Soni,SMS Phishing Dataset for Machine Learning and Pattern Recognition,public_baseline,False,True,False,True,promotional spam,pass_raw_complete,traceable,,,,,
EXP-SPAM-0050,"Make your career recession proof with 1 year Executive Master program in Information Security,  Get qualified for 1,88,000* Jobs. SMS or Call MS @9717470558","Make your career recession proof with 1 year Executive Master program in Information Security,  Get qualified for 1,88,000* Jobs. SMS or Call MS @9717470558","Make your career recession proof with 1 year Executive Master program in Information Security,  Get qualified for 1,88,000* Jobs. SMS or Call MS @9717470558",Spam,spam,needs_smishing_relabel,Mishra & Soni,SMS Phishing Dataset for Machine Learning and Pattern Recognition,public_baseline,False,True,False,False,job/investment offer,pass_raw_complete,traceable,,,,,
EXP-SPAM-0051,"Goal! Arsenal 4 (Henry, 7 v Liverpool 2 Henry scores with a simple shot from 6 yards from a pass by Bergkamp to give Arsenal a 2 goal margin after 78 mins.","Goal! Arsenal 4 (Henry, 7 v Liverpool 2 Henry scores with a simple shot from 6 yards from a pass by Bergkamp to give Arsenal a 2 goal margin after 78 mins.","Goal! Arsenal 4 (Henry, 7 v Liverpool 2 Henry scores with a simple shot from 6 yards from a pass by Bergkamp to give Arsenal a 2 goal margin after 78 mins.",spam,spam,needs_smishing_relabel,UCI SMS Spam Collection,SMS Spam Collection v.1,public_baseline,False,False,False,True,generic scam-like or unclear,pass_raw_complete,traceable,,,,,
EXP-SPAM-0052,Mobile Club: Choose any of the top quality items for your mobile. 7cfca1a,Mobile Club: Choose any of the top quality items for your mobile. 7cfca1a,Mobile Club: Choose any of the top quality items for your mobile. 7cfca1a,spam,spam,needs_smishing_relabel,UCI SMS Spam Collection,SMS Spam Collection v.1,public_baseline,False,False,False,False,telecom promo,pass_raw_complete,traceable,,,,,
EXP-SPAM-0053,Only 1 day left for SAWAN KI BAHAR compt. for Agents/DOs/CLIAs. Qualify the competition and win maximum prizes...SDM,Only 1 day left for SAWAN KI BAHAR compt. for Agents/DOs/CLIAs. Qualify the competition and win maximum prizes...SDM,Only 1 day left for SAWAN KI BAHAR compt. for Agents/DOs/CLIAs. Qualify the competition and win maximum prizes...SDM,spam,spam,needs_smishing_relabel,Mishra & Soni,SMS Phishing Dataset for Machine Learning and Pattern Recognition,public_baseline,False,False,False,False,reward/prize,pass_raw_complete,traceable,,,,,
EXP-SPAM-0054,INTERFLORA - It's not too late to order Interflora flowers for christmas call 0800 505060 to place your order before Midnight tomorrow.,INTERFLORA - It's not too late to order Interflora flowers for christmas call 0800 505060 to place your order before Midnight tomorrow.,INTERFLORA - It's not too late to order Interflora flowers for christmas call 0800 505060 to place your order before Midnight tomorrow.,spam,spam,needs_smishing_relabel,UCI SMS Spam Collection,SMS Spam Collection v.1,public_baseline,False,True,False,True,generic scam-like or unclear,pass_raw_complete,traceable,,,,,
EXP-SPAM-0055,"call now 08707509020 Just 20p per min NTT Ltd, PO Box 1327 Croydon CR9 5WB 0870 is a national rate call","call now 08707509020 Just 20p per min NTT Ltd, PO Box 1327 Croydon CR9 5WB 0870 is a national rate call","call now 08707509020 Just 20p per min NTT Ltd, PO Box 1327 Croydon CR9 5WB 0870 is a national rate call",spam,spam,needs_smishing_relabel,Mishra & Soni,SMS Phishing Dataset for Machine Learning and Pattern Recognition,public_baseline,False,True,False,True,generic scam-like or unclear,pass_raw_complete,traceable,,,,,
EXP-SPAM-0056,"Orange brings you ringtones from all time Chart Heroes, with a free hit each week! Go to Ringtones & Pics on wap. To stop receiving these tips reply STOP.","Orange brings you ringtones from all time Chart Heroes, with a free hit each week! Go to Ringtones & Pics on wap. To stop receiving these tips reply STOP.","Orange brings you ringtones from all time Chart Heroes, with a free hit each week! Go to Ringtones & Pics on wap. To stop receiving these tips reply STOP.",spam,spam,needs_smishing_relabel,UCI SMS Spam Collection,SMS Spam Collection v.1,public_baseline,False,False,False,False,telecom promo,pass_raw_complete,traceable,,,,,
EXP-SPAM-0057,"Thanks for your ringtone order, reference number X49. Your mobile will be charged 4.50. Should your tone not arrive please call customer services 09065989182. From: [colour=red]text[/colour]TXTstar","Thanks for your ringtone order, reference number X49. Your mobile will be charged 4.50. Should your tone not arrive please call customer services 09065989182. From: [colour=red]text[/colour]TXTstar","Thanks for your ringtone order, reference number X49. Your mobile will be charged 4.50. Should your tone not arrive please call customer services 09065989182. From: [colour=red]text[/colour]TXTstar",spam,spam,needs_smishing_relabel,UCI SMS Spam Collection,SMS Spam Collection v.1,public_baseline,False,True,False,False,telecom promo,pass_raw_complete,traceable,,,,,
EXP-SPAM-0058,"Got what it takes 2 take part in the WRC Rally in Oz? U can with Lucozade Energy! Text RALLY LE to 61200 (25p), see packs or lucozade.co.uk/wrc & itcould be u!","Got what it takes 2 take part in the WRC Rally in Oz? U can with Lucozade Energy! Text RALLY LE to 61200 (25p), see packs or lucozade.co.uk/wrc & itcould be u!","Got what it takes 2 take part in the WRC Rally in Oz? U can with Lucozade Energy! Text RALLY LE to 61200 (25p), see packs or lucozade.co.uk/wrc & itcould be u!",spam,spam,needs_smishing_relabel,UCI SMS Spam Collection,SMS Spam Collection v.1,public_baseline,True,True,False,True,generic scam-like or unclear,pass_raw_complete,traceable,,,,,
EXP-SPAM-0059,"Bored of speed dating? Try SPEEDCHAT, txt SPEEDCHAT to 80155, if you don't like em txt SWAP and get a new chatter! Chat80155 POBox36504W45WQ 150p/msg rcd 16","Bored of speed dating? Try SPEEDCHAT, txt SPEEDCHAT to 80155, if you don't like em txt SWAP and get a new chatter! Chat80155 POBox36504W45WQ 150p/msg rcd 16","Bored of speed dating? Try SPEEDCHAT, txt SPEEDCHAT to 80155, if you don't like em txt SWAP and get a new chatter! Chat80155 POBox36504W45WQ 150p/msg rcd 16",spam,spam,needs_smishing_relabel,UCI SMS Spam Collection,SMS Spam Collection v.1,public_baseline,False,False,False,True,adult/chat promo,pass_raw_complete,traceable,,,,,
EXP-SPAM-0060,Sunshine Quiz Wkly Q! Win a top Sony DVD player if u know which country Liverpool played in mid week? Txt ansr to 82277. £1.50 SP:Tyrone,Sunshine Quiz Wkly Q! Win a top Sony DVD player if u know which country Liverpool played in mid week? Txt ansr to 82277. £1.50 SP:Tyrone,Sunshine Quiz Wkly Q! Win a top Sony DVD player if u know which country Liverpool played in mid week? Txt ansr to 82277. £1.50 SP:Tyrone,spam,spam,needs_smishing_relabel,UCI SMS Spam Collection,SMS Spam Collection v.1,public_baseline,False,False,False,True,telecom promo,pass_raw_complete,traceable,,,,,
EXP-SPAM-0061,Hey I am really want to chat  text hot to 69698 text charged at 150pm to unsubscribe text stop 69698,Hey I am really want to chat  text hot to 69698 text charged at 150pm to unsubscribe text stop 69698,Hey I am really want to chat  text hot to 69698 text charged at 150pm to unsubscribe text stop 69698,spam,spam,needs_smishing_relabel,Mishra & Soni,SMS Phishing Dataset for Machine Learning and Pattern Recognition,public_baseline,False,False,False,False,adult/chat promo,pass_raw_complete,traceable,,,,,
EXP-SPAM-0062,RCT' THNQ Adrian for U text. Rgds Vatian,RCT' THNQ Adrian for U text. Rgds Vatian,RCT' THNQ Adrian for U text. Rgds Vatian,spam,spam,needs_smishing_relabel,UCI SMS Spam Collection,SMS Spam Collection v.1,public_baseline,False,False,False,False,generic scam-like or unclear,pass_raw_complete,traceable,,,,,
EXP-SPAM-0063,"SMS SERVICES. for your inclusive text credits, pls goto www.comuk.net login= 3qxj9 unsubscribe with STOP, no extra charge. help 08702840625","SMS SERVICES. for your inclusive text credits, pls goto www.comuk.net login= 3qxj9 unsubscribe with STOP, no extra charge. help 08702840625","SMS SERVICES. for your inclusive text credits, pls goto www.comuk.net login= 3qxj9 unsubscribe with STOP, no extra charge. help 08702840625",spam,spam,needs_smishing_relabel,Mishra & Soni,SMS Phishing Dataset for Machine Learning and Pattern Recognition,public_baseline,True,True,False,False,promotional spam,pass_raw_complete,traceable,,,,,
EXP-SPAM-0064,lam Frederick banner. Pls conatct me asap regarding a possible late,lam Frederick banner. Pls conatct me asap regarding a possible late,lam Frederick banner. Pls conatct me asap regarding a possible late,spam,spam,needs_smishing_relabel,Mishra & Soni,SMS Phishing Dataset for Machine Learning and Pattern Recognition,public_baseline,False,False,False,False,generic scam-like or unclear,pass_raw_complete,traceable,,,,,
EXP-SPAM-0065,Wanna have a laugh? Try CHIT-CHAT on your mobile now! Logon by txting the word: CHAT and send it to No: 8883 CM PO Box 4217 London W1A 6ZF 16+ 118p/msg rcvd,Wanna have a laugh? Try CHIT-CHAT on your mobile now! Logon by txting the word: CHAT and send it to No: 8883 CM PO Box 4217 London W1A 6ZF 16+ 118p/msg rcvd,Wanna have a laugh? Try CHIT-CHAT on your mobile now! Logon by txting the word: CHAT and send it to No: 8883 CM PO Box 4217 London W1A 6ZF 16+ 118p/msg rcvd,spam,spam,needs_smishing_relabel,UCI SMS Spam Collection,SMS Spam Collection v.1,public_baseline,False,False,False,True,adult/chat promo,pass_raw_complete,traceable,,,,,
EXP-SPAM-0066,Reply to win £100 weekly! What professional sport does Tiger Woods play? Send STOP to 87239 to end service,Reply to win £100 weekly! What professional sport does Tiger Woods play? Send STOP to 87239 to end service,Reply to win £100 weekly! What professional sport does Tiger Woods play? Send STOP to 87239 to end service,spam,spam,needs_smishing_relabel,UCI SMS Spam Collection,SMS Spam Collection v.1,public_baseline,False,False,False,True,generic scam-like or unclear,pass_raw_complete,traceable,,,,,
EXP-SPAM-0067,18 days to Euro2004 kickoff! U will be kept informed of all the latest news and results daily. Unsubscribe send GET EURO STOP to 83222.,18 days to Euro2004 kickoff! U will be kept informed of all the latest news and results daily. Unsubscribe send GET EURO STOP to 83222.,18 days to Euro2004 kickoff! U will be kept informed of all the latest news and results daily. Unsubscribe send GET EURO STOP to 83222.,spam,spam,needs_smishing_relabel,UCI SMS Spam Collection,SMS Spam Collection v.1,public_baseline,False,True,False,True,promotional spam,pass_raw_complete,traceable,,,,,
EXP-SPAM-0068,New TEXTBUDDY Chat 2  guys in ur area 4 just 25p Free 2 receive Search postcode or at gaytextbuddy.com. TXT ONE name to 89693,New TEXTBUDDY Chat 2  guys in ur area 4 just 25p Free 2 receive Search postcode or at gaytextbuddy.com. TXT ONE name to 89693,New TEXTBUDDY Chat 2  guys in ur area 4 just 25p Free 2 receive Search postcode or at gaytextbuddy.com. TXT ONE name to 89693,spam,spam,needs_smishing_relabel,Mishra & Soni,SMS Phishing Dataset for Machine Learning and Pattern Recognition,public_baseline,True,False,False,True,adult/chat promo,pass_raw_complete,traceable,,,,,
EXP-SPAM-0069,"Welcome to Select, an O2 service with added benefits. You can now call our specially trained advisors FREE from your mobile by dialling 402.","Welcome to Select, an O2 service with added benefits. You can now call our specially trained advisors FREE from your mobile by dialling 402.","Welcome to Select, an O2 service with added benefits. You can now call our specially trained advisors FREE from your mobile by dialling 402.",spam,spam,needs_smishing_relabel,UCI SMS Spam Collection,SMS Spam Collection v.1,public_baseline,False,False,False,True,telecom promo,pass_raw_complete,traceable,,,,,
EXP-SPAM-0070,"Mobile Office & MMS settings have been successfully delivered on your phone! Now you can access Airtel Live by long pressing '0' key on Nokia. On other Phones launch Internet Browser and select Airtel Live (or goto http://live.airtelworld.com),  You pay no activation,  rental or browsing charges for Airtel Live. You only pay if you Download Content,  or Send MMS.","Mobile Office & MMS settings have been successfully delivered on your phone! Now you can access Airtel Live by long pressing '0' key on Nokia. On other Phones launch Internet Browser and select Airtel Live (or goto http://live.airtelworld.com),  You pay no activation,  rental or browsing charges for Airtel Live. You only pay if you Download Content,  or Send MMS.","Mobile Office & MMS settings have been successfully delivered on your phone! Now you can access Airtel Live by long pressing '0' key on Nokia. On other Phones launch Internet Browser and select Airtel Live (or goto http://live.airtelworld.com),  You pay no activation,  rental or browsing charges for Airtel Live. You only pay if you Download Content,  or Send MMS.",Spam,spam,needs_smishing_relabel,Mishra & Soni,SMS Phishing Dataset for Machine Learning and Pattern Recognition,public_baseline,True,False,False,False,telecom promo,review_too_long,traceable,,,,,
EXP-SPAM-0071,"Got what it takes 2 take part in the WRC Rally in Oz? U can with Lucozade Energy! Text RALLY LE to 61200 (25p), login to lucozade.co.uk/wrc","Got what it takes 2 take part in the WRC Rally in Oz? U can with Lucozade Energy! Text RALLY LE to 61200 (25p), login to lucozade.co.uk/wrc","Got what it takes 2 take part in the WRC Rally in Oz? U can with Lucozade Energy! Text RALLY LE to 61200 (25p), login to lucozade.co.uk/wrc",spam,spam,needs_smishing_relabel,Mishra & Soni,SMS Phishing Dataset for Machine Learning and Pattern Recognition,public_baseline,True,True,False,True,generic scam-like or unclear,pass_raw_complete,traceable,,,,,
EXP-SPAM-0072,"FREE RING TONE just text ""POLYS"" to 87131. Then every week get a new tone. 0870737910216yrs only £1.50/wk.","FREE RING TONE just text ""POLYS"" to 87131. Then every week get a new tone. 0870737910216yrs only £1.50/wk.","FREE RING TONE just text ""POLYS"" to 87131. Then every week get a new tone. 0870737910216yrs only £1.50/wk.",spam,spam,needs_smishing_relabel,UCI SMS Spam Collection,SMS Spam Collection v.1,public_baseline,False,True,False,True,promotional spam,pass_raw_complete,traceable,,,,,
EXP-SPAM-0073,YES! The only place in town to meet exciting adult singles is now in the UK. Txt CHAT to 86688 now!,YES! The only place in town to meet exciting adult singles is now in the UK. Txt CHAT to 86688 now!,YES! The only place in town to meet exciting adult singles is now in the UK. Txt CHAT to 86688 now!,spam,spam,needs_smishing_relabel,Mishra & Soni,SMS Phishing Dataset for Machine Learning and Pattern Recognition,public_baseline,False,False,False,False,adult/chat promo,pass_raw_complete,traceable,,,,,
EXP-SPAM-0074,Email AlertFrom: Jeri StewartSize: 2KBSubject: Low-cost prescripiton drvgsTo listen to email call 123,Email AlertFrom: Jeri StewartSize: 2KBSubject: Low-cost prescripiton drvgsTo listen to email call 123,Email AlertFrom: Jeri StewartSize: 2KBSubject: Low-cost prescripiton drvgsTo listen to email call 123,spam,spam,needs_smishing_relabel,UCI SMS Spam Collection,SMS Spam Collection v.1,public_baseline,False,False,False,False,generic scam-like or unclear,pass_raw_complete,traceable,,,,,
EXP-SPAM-0075,Buy Space Invaders 4 a chance 2 win orig Arcade Game console. Press 0 for Games Arcade (std WAP charge) See o2.co.uk/games 4 Terms + settings. No purchase,Buy Space Invaders 4 a chance 2 win orig Arcade Game console. Press 0 for Games Arcade (std WAP charge) See o2.co.uk/games 4 Terms + settings. No purchase,Buy Space Invaders 4 a chance 2 win orig Arcade Game console. Press 0 for Games Arcade (std WAP charge) See o2.co.uk/games 4 Terms + settings. No purchase,spam,spam,needs_smishing_relabel,UCI SMS Spam Collection,SMS Spam Collection v.1,public_baseline,True,False,False,True,generic scam-like or unclear,pass_raw_complete,traceable,,,,,
EXP-SPAM-0076,"Minimal documentation,  Quick approval,  Low rates. Home Loan @9.25%.Loan Against Properties@11.5%. Call on 011-43065228 visit www.mymoneymantra.com.T$C apply.","Minimal documentation,  Quick approval,  Low rates. Home Loan @9.25%.Loan Against Properties@11.5%. Call on 011-43065228 visit www.mymoneymantra.com.T$C apply.","Minimal documentation,  Quick approval,  Low rates. Home Loan @9.25%.Loan Against Properties@11.5%. Call on 011-43065228 visit www.mymoneymantra.com.T$C apply.",spam,spam,needs_smishing_relabel,Mishra & Soni,SMS Phishing Dataset for Machine Learning and Pattern Recognition,public_baseline,True,True,False,True,generic scam-like or unclear,pass_raw_complete,traceable,,,,,
EXP-SPAM-0077,Sorry! U can not unsubscribe yet. THE MOB offer package has a min term of 54 weeks> pls resubmit request after expiry. Reply THEMOB HELP 4 more info,Sorry! U can not unsubscribe yet. THE MOB offer package has a min term of 54 weeks> pls resubmit request after expiry. Reply THEMOB HELP 4 more info,Sorry! U can not unsubscribe yet. THE MOB offer package has a min term of 54 weeks> pls resubmit request after expiry. Reply THEMOB HELP 4 more info,spam,spam,needs_smishing_relabel,UCI SMS Spam Collection,SMS Spam Collection v.1,public_baseline,False,False,False,False,delivery-like suspicious,pass_raw_complete,traceable,,,,,
EXP-SPAM-0078,"Free Msg: get Gnarls Barkleys ""Crazy"" ringtone TOTALLY FREE just reply GO to this message right now!","Free Msg: get Gnarls Barkleys ""Crazy"" ringtone TOTALLY FREE just reply GO to this message right now!","Free Msg: get Gnarls Barkleys ""Crazy"" ringtone TOTALLY FREE just reply GO to this message right now!",spam,spam,needs_smishing_relabel,UCI SMS Spam Collection,SMS Spam Collection v.1,public_baseline,False,False,False,False,telecom promo,pass_raw_complete,traceable,,,,,
EXP-SPAM-0079,"Double mins and txts 4 6months FREE Bluetooth on Orange. Available on Sony, Nokia Motorola phones. Call MobileUpd8 on 08000839402 or call2optout/N9DX","Double mins and txts 4 6months FREE Bluetooth on Orange. Available on Sony, Nokia Motorola phones. Call MobileUpd8 on 08000839402 or call2optout/N9DX","Double mins and txts 4 6months FREE Bluetooth on Orange. Available on Sony, Nokia Motorola phones. Call MobileUpd8 on 08000839402 or call2optout/N9DX",spam,spam,needs_smishing_relabel,UCI SMS Spam Collection,SMS Spam Collection v.1,public_baseline,False,True,False,False,telecom promo,pass_raw_complete,traceable,,,,,
EXP-SPAM-0080,Ur balance is now £500. Ur next question is: Who sang 'Uptown Girl' in the 80's ? 2 answer txt ur ANSWER to 83600. Good luck!,Ur balance is now £500. Ur next question is: Who sang 'Uptown Girl' in the 80's ? 2 answer txt ur ANSWER to 83600. Good luck!,Ur balance is now £500. Ur next question is: Who sang 'Uptown Girl' in the 80's ? 2 answer txt ur ANSWER to 83600. Good luck!,spam,spam,needs_smishing_relabel,UCI SMS Spam Collection,SMS Spam Collection v.1,public_baseline,False,False,False,True,telecom promo,pass_raw_complete,traceable,,,,,
EXP-SPAM-0081,Fuck you scammer! I'll find you and I'm coming for you. 💀,Fuck you scammer! I'll find you and I'm coming for you. 💀,Fuck you scammer! I'll find you and I'm coming for you. 💀,smishing_corpus_row,smishing,possible_spam_not_smishing,Smishing-Dataset-IMC25,reportsmishing/Smishing-Dataset-IMC25,strict_raw_replacement_91k_pool,False,False,False,False,generic scam-like or unclear,pass_raw_complete,traceable,,,,,
EXP-SPAM-0082,I sent money to the wrong person (single digit error).,I sent money to the wrong person (single digit error).,I sent money to the wrong person (single digit error).,smishing_corpus_row,smishing,possible_spam_not_smishing,Smishing-Dataset-IMC25,reportsmishing/Smishing-Dataset-IMC25,raw_recovery_91k_pool,False,False,False,True,delivery-like suspicious,pass_raw_complete,traceable,,,,,
EXP-SPAM-0083,Who is this if I don't know you please stop texting me before I report it to the police,Who is this if I don't know you please stop texting me before I report it to the police,Who is this if I don't know you please stop texting me before I report it to the police,smishing_corpus_row,smishing,possible_spam_not_smishing,Smishing-Dataset-IMC25,reportsmishing/Smishing-Dataset-IMC25,raw_recovery_91k_pool,False,False,False,False,delivery-like suspicious,pass_raw_complete,traceable,,,,,
EXP-SPAM-0084,MS1 Your package was sent to the wrong address and no one signed for it. Please fill in the address and redeliver: usp-plutrebun.us,MS1 Your package was sent to the wrong address and no one signed for it. Please fill in the address and redeliver: usp-plutrebun.us,MS1 Your package was sent to the wrong address and no one signed for it. Please fill in the address and redeliver: <URL>,phishing_messages_row,smishing,weak_signal_suspicious,SMS Phishing Dataset,wspr-ncsu/sms-phishing,raw_recovery_91k_pool,True,False,False,False,banking/account-like suspicious,pass_raw_complete,traceable,,,,,
EXP-SPAM-0085,"No fee required. 🎁🎁
Earn $1 to $2 daily, with additional earning opportunities. Message us if interested.","No fee required. 🎁🎁
Earn $1 to $2 daily, with additional earning opportunities. Message us if interested.","No fee required. 🎁🎁 Earn <AMOUNT> to <AMOUNT> daily, with additional earning opportunities. Message us if interested.",smish,smishing,weak_signal_suspicious,Bengali SMS Smishing Dataset,shariul-islam/bengali-sms-smishing-dataset,raw_recovery_91k_pool,False,False,False,True,job/investment offer,pass_raw_complete,traceable,,,,,
EXP-SPAM-0086,I bless your generosity my highest gratitude and appreciation for all the love and support you've shown me during my staying in BBT I'm so grateful❤️🙏🏼❤️🙏🏼,I bless your generosity my highest gratitude and appreciation for all the love and support you've shown me during my staying in BBT I'm so grateful❤️🙏🏼❤️🙏🏼,I bless your generosity my highest gratitude and appreciation for all the love and support you've shown me during my staying in BBT I'm so grateful❤️🙏🏼❤️🙏🏼,smishing_corpus_row,smishing,weak_signal_suspicious,Smishing-Dataset-IMC25,reportsmishing/Smishing-Dataset-IMC25,raw_recovery_91k_pool,False,False,False,False,delivery-like suspicious,pass_raw_complete,traceable,,,,,
EXP-SPAM-0087,We would like to know your experience with Grab,We would like to know your experience with Grab,We would like to know your experience with Grab,smishing_corpus_row,smishing,weak_signal_suspicious,Smishing-Dataset-IMC25,reportsmishing/Smishing-Dataset-IMC25,strict_raw_replacement_91k_pool,False,False,False,False,generic scam-like or unclear,pass_raw_complete,traceable,,,,,
EXP-SPAM-0088,FB Company  #The facebook page you are managing has been reported.  #For more info,FB Company  #The facebook page you are managing has been reported.  #For more info,FB Company #The facebook page you are managing has been reported. #For more info,smishing_corpus_row,smishing,weak_signal_suspicious,Smishing-Dataset-IMC25,reportsmishing/Smishing-Dataset-IMC25,raw_recovery_91k_pool,False,False,False,False,delivery-like suspicious,pass_raw_complete,traceable,,,,,
EXP-SPAM-0089,"100% guaranteed job opportunity abroad. No fee, just need your passport and educational qualifications. Contact: 01867546389","100% guaranteed job opportunity abroad. No fee, just need your passport and educational qualifications. Contact: 01867546389","100% guaranteed job opportunity abroad. No fee, just need your passport and educational qualifications. Contact: <PHONE>",smish,smishing,weak_signal_suspicious,Bengali SMS Smishing Dataset,shariul-islam/bengali-sms-smishing-dataset,raw_recovery_91k_pool,False,True,False,False,job/investment offer,pass_raw_complete,traceable,,,,,
EXP-SPAM-0090,Your order PO08521477130884 has been delivered. Thank you for ordering with 1mg. Stay Healthy! Team 1mg,Your order PO08521477130884 has been delivered. Thank you for ordering with 1mg. Stay Healthy! Team 1mg,Your order PO08521477130884 has been delivered. Thank you for ordering with 1mg. Stay Healthy! Team 1mg,smishing_corpus_row,smishing,weak_signal_suspicious,Smishing-Dataset-IMC25,reportsmishing/Smishing-Dataset-IMC25,raw_recovery_91k_pool,False,True,False,False,delivery-like suspicious,pass_raw_complete,traceable,,,,,
EXP-SPAM-0091,Your son's university admission canceled. Restore with donation 75000 TK: admission-restore.bd/urgent,Your son's university admission canceled. Restore with donation 75000 TK: admission-restore.bd/urgent,Your son's university admission canceled. Restore with donation 75000 TK: admission-restore.bd/urgent,smish,smishing,weak_signal_suspicious,Bengali SMS Smishing Dataset,shariul-islam/bengali-sms-smishing-dataset,raw_recovery_91k_pool,False,False,False,True,delivery-like suspicious,pass_raw_complete,traceable,,,,,
EXP-SPAM-0092,"FRM:ampbell
SUBJ:the shadedEvie and
MSG: kn6wde
Please wait...","FRM:ampbell
SUBJ:the shadedEvie and
MSG: kn6wde
Please wait...",FRM:ampbell SUBJ:the shadedEvie and MSG: kn6wde Please wait...,smishing_corpus_row,smishing,weak_signal_suspicious,Smishing-Dataset-IMC25,reportsmishing/Smishing-Dataset-IMC25,raw_recovery_91k_pool,False,False,False,False,generic scam-like or unclear,pass_raw_complete,traceable,,,,,
EXP-SPAM-0093,Win signed gloves by Mashrafe by betting at the casino. Start now: xini.eu/00Qe,Win signed gloves by Mashrafe by betting at the casino. Start now: xini.eu/00Qe,Win signed gloves by Mashrafe by betting at the casino. Start now: xini.eu/00Qe,smish,smishing,weak_signal_suspicious,Bengali SMS Smishing Dataset,shariul-islam/bengali-sms-smishing-dataset,raw_recovery_91k_pool,False,False,False,False,delivery-like suspicious,pass_raw_complete,traceable,,,,,
EXP-SPAM-0094,"If anyone wants to earn income online from home, inbox me. 200 to 500 taka daily.","If anyone wants to earn income online from home, inbox me. 200 to 500 taka daily.","If anyone wants to earn income online from home, inbox me. 200 to 500 taka daily.",smish,smishing,weak_signal_suspicious,Bengali SMS Smishing Dataset,shariul-islam/bengali-sms-smishing-dataset,raw_recovery_91k_pool,False,False,False,False,job/investment offer,pass_raw_complete,traceable,,,,,
EXP-SPAM-0095,You have a pending tax refund for 265.84GBP to proceed please follow the link below.,You have a pending tax refund for 265.84GBP to proceed please follow the link below.,You have a pending tax refund for 265.84GBP to proceed please follow the link below.,smishing_corpus_row,smishing,weak_signal_suspicious,Smishing-Dataset-IMC25,reportsmishing/Smishing-Dataset-IMC25,raw_recovery_91k_pool,False,False,False,True,banking/account-like suspicious,pass_raw_complete,traceable,,,,,
EXP-SPAM-0096,High five NobuhleNombuso2! You've done all the 📢 Slam the Scam challenges. 🎉 Woohoo! 🎉 I've entered you into a daily draw to WIN data! ✋,High five NobuhleNombuso2! You've done all the 📢 Slam the Scam challenges. 🎉 Woohoo! 🎉 I've entered you into a daily draw to WIN data! ✋,High five NobuhleNombuso2! You've done all the 📢 Slam the Scam challenges. 🎉 Woohoo! 🎉 I've entered you into a daily draw to WIN data! ✋,smishing_corpus_row,smishing,weak_signal_suspicious,Smishing-Dataset-IMC25,reportsmishing/Smishing-Dataset-IMC25,raw_recovery_91k_pool,False,False,False,False,delivery-like suspicious,pass_raw_complete,traceable,,,,,
EXP-SPAM-0097,"We tried delivering your parcel, but found no one at your address.
Reschedule a delivery to avoid having the parcel sent back:","We tried delivering your parcel, but found no one at your address.
Reschedule a delivery to avoid having the parcel sent back:","We tried delivering your parcel, but found no one at your address. Reschedule a delivery to avoid having the parcel sent back:",smishing_corpus_row,smishing,weak_signal_suspicious,Smishing-Dataset-IMC25,reportsmishing/Smishing-Dataset-IMC25,raw_recovery_91k_pool,False,False,False,False,banking/account-like suspicious,pass_raw_complete,traceable,,,,,
EXP-SPAM-0098,Sorry about that. We understand that you're waiting for a communication from our end. Be assured we're working on the issue raised. Request you to allow us some more time so that we can sort this out. Appreciate your patience. ^CK,Sorry about that. We understand that you're waiting for a communication from our end. Be assured we're working on the issue raised. Request you to allow us some more time so that we can sort this out. Appreciate your patience. ^CK,Sorry about that. We understand that you're waiting for a communication from our end. Be assured we're working on the issue raised. Request you to allow us some more time so that we can sort this out. Appreciate your patience. ^CK,smishing_corpus_row,smishing,weak_signal_suspicious,Smishing-Dataset-IMC25,reportsmishing/Smishing-Dataset-IMC25,raw_recovery_91k_pool,False,False,False,True,generic scam-like or unclear,pass_raw_complete,traceable,,,,,
EXP-SPAM-0099,"If you have 3-4 hours free daily, then let me know. I hope I can provide you with a very good job opportunity. Inbox me","If you have 3-4 hours free daily, then let me know. I hope I can provide you with a very good job opportunity. Inbox me","If you have 3-4 hours free daily, then let me know. I hope I can provide you with a very good job opportunity. Inbox me",smish,smishing,weak_signal_suspicious,Bengali SMS Smishing Dataset,shariul-islam/bengali-sms-smishing-dataset,raw_recovery_91k_pool,False,False,False,True,banking/account-like suspicious,pass_raw_complete,traceable,,,,,
EXP-SPAM-0100,"Dear Customer, our delivery man tried delivery at your address but failed due to House was locked . Delivery will be attempted again. - HPCL","Dear Customer, our delivery man tried delivery at your address but failed due to House was locked . Delivery will be attempted again. - HPCL","Dear Customer, our delivery man tried delivery at your address but failed due to House was locked. Delivery will be attempted again. - HPCL",smishing_corpus_row,smishing,weak_signal_suspicious,Smishing-Dataset-IMC25,reportsmishing/Smishing-Dataset-IMC25,raw_recovery_91k_pool,False,False,False,False,banking/account-like suspicious,pass_raw_complete,traceable,,,,,
EXP-SPAM-0101,"BDO ALERT
Our system has detected a suspicious activity from your funds. If this was you, kindly disregard this message. Otherwise, please proceed to verification:","BDO ALERT
Our system has detected a suspicious activity from your funds. If this was you, kindly disregard this message. Otherwise, please proceed to verification:","BDO ALERT Our system has detected a suspicious activity from your funds. If this was you, kindly disregard this message. Otherwise, please proceed to verification:",smishing_corpus_row,smishing,weak_signal_suspicious,Smishing-Dataset-IMC25,reportsmishing/Smishing-Dataset-IMC25,raw_recovery_91k_pool,False,False,False,False,banking/account-like suspicious,pass_raw_complete,traceable,,,,,
EXP-SPAM-0102,"We are currently approving all sort of loans with low interest rates & flexible repayments. To apply, Pls contact us at:","We are currently approving all sort of loans with low interest rates & flexible repayments. To apply, Pls contact us at:","We are currently approving all sort of loans with low interest rates & flexible repayments. To apply, Pls contact us at:",smishing_corpus_row,smishing,weak_signal_suspicious,Smishing-Dataset-IMC25,reportsmishing/Smishing-Dataset-IMC25,raw_recovery_91k_pool,False,False,False,False,banking/account-like suspicious,pass_raw_complete,traceable,,,,,
EXP-SPAM-0103,Note Reward will return to sender if you fail to collect it in Ashland: hqwr.link/77Taj8F,Note Reward will return to sender if you fail to collect it in Ashland: hqwr.link/77Taj8F,Note Reward will return to sender if you fail to collect it in Ashland: hqwr.link/77Taj8F,verified_smishing,smishing,weak_signal_suspicious,SmishTank,SmishTank Dataset / Smishing Dataset I,public_baseline,False,False,False,False,reward/prize,pass_raw_complete,traceable,,,,,
EXP-SPAM-0104,You have a refund of £218 from an overpayment.,You have a refund of £218 from an overpayment.,You have a refund of <AMOUNT> from an overpayment.,smishing_corpus_row,smishing,weak_signal_suspicious,Smishing-Dataset-IMC25,reportsmishing/Smishing-Dataset-IMC25,strict_raw_replacement_91k_pool,False,False,False,True,banking/account-like suspicious,pass_raw_complete,traceable,,,,,
EXP-SPAM-0105,"DVLA:
You still have an outstanding vehicle tax reimbursement of 63.97 GBP. Follow the link.","DVLA:
You still have an outstanding vehicle tax reimbursement of 63.97 GBP. Follow the link.",DVLA: You still have an outstanding vehicle tax reimbursement of 63.97 GBP. Follow the link.,smishing_corpus_row,smishing,weak_signal_suspicious,Smishing-Dataset-IMC25,reportsmishing/Smishing-Dataset-IMC25,raw_recovery_91k_pool,False,False,False,True,banking/account-like suspicious,pass_raw_complete,traceable,,,,,
EXP-SPAM-0106,Burger King Request your Fr@@ and enter for fr@@ for a Year 1X3.me/3WJ0mm Send message,Burger King Request your Fr@@ and enter for fr@@ for a Year 1X3.me/3WJ0mm Send message,Burger King Request your Fr@@ and enter for fr@@ for a Year <URL> Send message,verified_smishing,smishing,weak_signal_suspicious,SmishTank,SmishTank Dataset / Smishing Dataset I,public_baseline,True,False,False,False,generic scam-like or unclear,pass_raw_complete,traceable,,,,,
EXP-SPAM-0107,REFUND CONFIRMATION PROCESS: Complete the required online verification to ensure the release of your $832.55 refund,REFUND CONFIRMATION PROCESS: Complete the required online verification to ensure the release of your $832.55 refund,REFUND CONFIRMATION PROCESS: Complete the required online verification to ensure the release of your <AMOUNT> refund,smishing_corpus_row,smishing,weak_signal_suspicious,Smishing-Dataset-IMC25,reportsmishing/Smishing-Dataset-IMC25,strict_raw_replacement_91k_pool,False,False,False,True,generic scam-like or unclear,pass_raw_complete,traceable,,,,,
EXP-SPAM-0108,"There's a home listed in your search area. Homes are moving fast!
From $412 - 569","There's a home listed in your search area. Homes are moving fast!
From $412 - 569",There's a home listed in your search area. Homes are moving fast! From <AMOUNT> - 569,smishing_corpus_row,smishing,weak_signal_suspicious,Smishing-Dataset-IMC25,Gathered approved smishing 7k,gathered_approved_smishing,False,True,False,True,generic scam-like or unclear,pass_raw_complete,traceable,,,,,
EXP-SPAM-0109,Nedbank. You recently received an SMS regarding your FICA verification. The SMS was sent in error. We apologise for any inconvenience caused.,Nedbank. You recently received an SMS regarding your FICA verification. The SMS was sent in error. We apologise for any inconvenience caused.,Nedbank. You recently received an SMS regarding your FICA verification. The SMS was sent in error. We apologise for any inconvenience caused.,smishing_corpus_row,smishing,weak_signal_suspicious,Smishing-Dataset-IMC25,reportsmishing/Smishing-Dataset-IMC25,raw_recovery_91k_pool,False,False,False,False,banking/account-like suspicious,pass_raw_complete,traceable,,,,,
EXP-SPAM-0110,We were unable to deliver your parcel as there was no one present to sign for the...,We were unable to deliver your parcel as there was no one present to sign for the...,We were unable to deliver your parcel as there was no one present to sign for the...,smishing_corpus_row,smishing,weak_signal_suspicious,Smishing-Dataset-IMC25,reportsmishing/Smishing-Dataset-IMC25,raw_recovery_91k_pool,False,False,False,False,banking/account-like suspicious,pass_raw_complete,traceable,,,,,
EXP-SPAM-0111,"NTLFIX.ID# 328054 Your-SUBSCRIPTION-IS-ON ""HOID"",Renewal-your-bill-now:// @@,unusa.id/csv8","NTLFIX.ID# 328054 Your-SUBSCRIPTION-IS-ON ""HOID"",Renewal-your-bill-now:// @@,unusa.id/csv8","NTLFIX.ID# 328054 Your-SUBSCRIPTION-IS-ON ""HOID"",Renewal-your-bill-now:// @@,unusa.id/csv8",verified_smishing,smishing,weak_signal_suspicious,SmishTank,SmishTank Dataset / Smishing Dataset I,public_baseline,False,False,False,False,banking/account-like suspicious,pass_raw_complete,traceable,,,,,
EXP-SPAM-0112,"We've been notified you have been exposed to someone with Omicron. To control the spread of the virus, please order a test via:","We've been notified you have been exposed to someone with Omicron. To control the spread of the virus, please order a test via:","We've been notified you have been exposed to someone with Omicron. To control the spread of the virus, please order a test via:",smishing_corpus_row,smishing,weak_signal_suspicious,Smishing-Dataset-IMC25,reportsmishing/Smishing-Dataset-IMC25,raw_recovery_91k_pool,False,False,False,False,generic scam-like or unclear,pass_raw_complete,traceable,,,,,
EXP-SPAM-0113,"""My wife & I are struggling, this could be our answer."" - our product is helping couples nationwide. Do, your free sample:","""My wife & I are struggling, this could be our answer."" - our product is helping couples nationwide. Do, your free sample:","""My wife & I are struggling, this could be our answer."" - our product is helping couples nationwide. Do, your free sample:",smishing_corpus_row,smishing,weak_signal_suspicious,Smishing-Dataset-IMC25,reportsmishing/Smishing-Dataset-IMC25,raw_recovery_91k_pool,False,False,False,False,banking/account-like suspicious,pass_raw_complete,traceable,,,,,
EXP-SPAM-0114,-)_ Can You Giive Mee Couple Of OrgAsM..,-)_ Can You Giive Mee Couple Of OrgAsM..,-)_ Can You Giive Mee Couple Of OrgAsM..,smishing_corpus_row,smishing,weak_signal_suspicious,Smishing-Dataset-IMC25,reportsmishing/Smishing-Dataset-IMC25,raw_recovery_91k_pool,False,False,False,False,delivery-like suspicious,pass_raw_complete,traceable,,,,,
EXP-SPAM-0115,"Hello,I just see your property listed on your fb","Hello,I just see your property listed on your fb","Hello,I just see your property listed on your fb",smishing_corpus_row,smishing,weak_signal_suspicious,Smishing-Dataset-IMC25,reportsmishing/Smishing-Dataset-IMC25,raw_recovery_91k_pool,False,False,False,False,delivery-like suspicious,pass_raw_complete,traceable,,,,,
EXP-SPAM-0116,"If you try well, you can earn TK30-60 thousand per month...!🥰Even if you don't want to work, do our online class once, hope you will like it.
Only telegram id needed.","If you try well, you can earn TK30-60 thousand per month...!🥰Even if you don't want to work, do our online class once, hope you will like it.
Only telegram id needed.","If you try well, you can earn TK30-60 thousand per month...!🥰Even if you don't want to work, do our online class once, hope you will like it. Only telegram id needed.",smish,smishing,weak_signal_suspicious,Bengali SMS Smishing Dataset,shariul-islam/bengali-sms-smishing-dataset,raw_recovery_91k_pool,False,False,False,False,job/investment offer,pass_raw_complete,traceable,,,,,
EXP-SPAM-0117,Hi Dad I have damaged my phone so this is my new number just until I get my phone repaired Save my temp number x Thanks for saving number. I'll be on this number just until I get my phone repaired. X Hopefully the phone shop can fix it fingers crossed.. I'm having a nightmare with another issue that I may need help with.. x,Hi Dad I have damaged my phone so this is my new number just until I get my phone repaired Save my temp number x Thanks for saving number. I'll be on this number just until I get my phone repaired. X Hopefully the phone shop can fix it fingers crossed.. I'm having a nightmare with another issue that I may need help with.. x,Hi Dad I have damaged my phone so this is my new number just until I get my phone repaired Save my temp number x Thanks for saving number. I'll be on this number just until I get my phone repaired. X Hopefully the phone shop can fix it fingers crossed.. I'm having a nightmare with another issue that I may need help with.. x,smishing_corpus_row,smishing,weak_signal_suspicious,Smishing-Dataset-IMC25,reportsmishing/Smishing-Dataset-IMC25,raw_recovery_91k_pool,False,False,False,True,delivery-like suspicious,review_too_long,traceable,,,,,
EXP-SPAM-0118,HDFCUPI 07naizdOcFyt%2FFds1RRic2%BI%2Fq5f0I3305660D%3D1LICRcl1Knbh%2F0YO%2FwuG8kjD,HDFCUPI 07naizdOcFyt%2FFds1RRic2%BI%2Fq5f0I3305660D%3D1LICRcl1Knbh%2F0YO%2FwuG8kjD,HDFCUPI 07naizdOcFyt%2FFds1RRic2%BI%2Fq5f0I3305660D%3D1LICRcl1Knbh%2F0YO%2FwuG8kjD,smishing_corpus_row,smishing,weak_signal_suspicious,Smishing-Dataset-IMC25,reportsmishing/Smishing-Dataset-IMC25,strict_raw_replacement_91k_pool,False,False,False,False,banking/account-like suspicious,pass_raw_complete,traceable,,,,,
EXP-SPAM-0119,"Dear customer, we were unable to deliver the package to the provided address Request a second attempt by using the following link","Dear customer, we were unable to deliver the package to the provided address Request a second attempt by using the following link","Dear customer, we were unable to deliver the package to the provided address Request a second attempt by using the following link",smishing_corpus_row,smishing,weak_signal_suspicious,Smishing-Dataset-IMC25,reportsmishing/Smishing-Dataset-IMC25,raw_recovery_91k_pool,False,False,False,False,banking/account-like suspicious,pass_raw_complete,traceable,,,,,
EXP-SPAM-0120,"Notification: Dear Consumers, If you get an SMS about disconnection of Electricity, asking you to contact an electricity officer, know that it’s a FRAUD message. DO not fall prey to it. We at Adani Electricity will never send out an SMS from an unregistered number. Regards Team Adani Electricity","Notification: Dear Consumers, If you get an SMS about disconnection of Electricity, asking you to contact an electricity officer, know that it’s a FRAUD message. DO not fall prey to it. We at Adani Electricity will never send out an SMS from an unregistered number. Regards Team Adani Electricity","Notification: Dear Consumers, If you get an SMS about disconnection of Electricity, asking you to contact an electricity officer, know that it’s a FRAUD message. DO not fall prey to it. We at Adani Electricity will never send out an SMS from an unregistered number. Regards Team Adani Electricity",smishing_corpus_row,smishing,weak_signal_suspicious,Smishing-Dataset-IMC25,reportsmishing/Smishing-Dataset-IMC25,raw_recovery_91k_pool,False,False,False,True,generic scam-like or unclear,pass_raw_complete,traceable,,,,,
EXP-SPAM-0121,]TM-[Carrier / help us to improve the t---MOBILE experience for you anniversarys-mag.jp/urls?mode=go&pageid=2660&url=golnk.eu/fPjTwhgdgdgzjgfjdg#pihcl,]TM-[Carrier / help us to improve the t---MOBILE experience for you anniversarys-mag.jp/urls?mode=go&pageid=2660&url=golnk.eu/fPjTwhgdgdgzjgfjdg#pihcl,]TM-[Carrier / help us to improve the t---MOBILE experience for you anniversarys-mag.jp/urls?mode=go&pageid=2660&url=golnk.eu/fPjTwhgdgdgzjgfjdg#pihcl,verified_smishing,smishing,weak_signal_suspicious,SmishTank,SmishTank Dataset / Smishing Dataset I,public_baseline,False,False,False,True,telecom promo,pass_raw_complete,traceable,,,,,
EXP-SPAM-0122,"Delivery service: Provide the correct delivery address to avoid delay in receiving the goods due to incomplete door number. After replying ""OK"" reconfirm your address","Delivery service: Provide the correct delivery address to avoid delay in receiving the goods due to incomplete door number. After replying ""OK"" reconfirm your address","Delivery service: Provide the correct delivery address to avoid delay in receiving the goods due to incomplete door number. After replying ""OK"" reconfirm your address",smishing_corpus_row,smishing,weak_signal_suspicious,Smishing-Dataset-IMC25,reportsmishing/Smishing-Dataset-IMC25,raw_recovery_91k_pool,False,False,False,False,delivery-like suspicious,pass_raw_complete,traceable,,,,,
EXP-SPAM-0123,Yes I used the first step where you sent me the link that's what I used,Yes I used the first step where you sent me the link that's what I used,Yes I used the first step where you sent me the link that's what I used,smishing_corpus_row,smishing,weak_signal_suspicious,Smishing-Dataset-IMC25,reportsmishing/Smishing-Dataset-IMC25,raw_recovery_91k_pool,False,False,False,True,banking/account-like suspicious,pass_raw_complete,traceable,,,,,
EXP-SPAM-0124,make the necessary changes to your identity information now to avoid delay on your refund processes,make the necessary changes to your identity information now to avoid delay on your refund processes,make the necessary changes to your identity information now to avoid delay on your refund processes,smishing_corpus_row,smishing,weak_signal_suspicious,Smishing-Dataset-IMC25,reportsmishing/Smishing-Dataset-IMC25,raw_recovery_91k_pool,False,False,False,False,generic scam-like or unclear,pass_raw_complete,traceable,,,,,
EXP-SPAM-0125,"Golden opportunity! Earn TK 1000-2000 daily by doing data entry from home. Registration fee only TK 100. Contact with name, age, city, national ID number whatsapp 7602236317","Golden opportunity! Earn TK 1000-2000 daily by doing data entry from home. Registration fee only TK 100. Contact with name, age, city, national ID number whatsapp 7602236317","Golden opportunity! Earn TK <PHONE> daily by doing data entry from home. Registration fee only TK 100. Contact with name, age, city, national ID number whatsapp <PHONE>",smish,smishing,weak_signal_suspicious,Bengali SMS Smishing Dataset,shariul-islam/bengali-sms-smishing-dataset,raw_recovery_91k_pool,False,True,False,False,job/investment offer,pass_raw_complete,traceable,,,,,
EXP-SPAM-0126,<#> Please enter 706499 into LINE within the next 30 mins. JFOQLtyexga,<#> Please enter 706499 into LINE within the next 30 mins. JFOQLtyexga,<#> Please enter 706499 into LINE within the next 30 mins. JFOQLtyexga,verified_smishing,smishing,weak_signal_suspicious,SmishTank,SmishTank Dataset / Smishing Dataset I,public_baseline,False,False,False,False,banking/account-like suspicious,pass_raw_complete,traceable,,,,,
EXP-SPAM-0127,I'm reaching out about thepost on YOUR_COMPANY_NAME_HERE,I'm reaching out about thepost on YOUR_COMPANY_NAME_HERE,I'm reaching out about thepost on YOUR_COMPANY_NAME_HERE,smishing_corpus_row,smishing,weak_signal_suspicious,Smishing-Dataset-IMC25,reportsmishing/Smishing-Dataset-IMC25,raw_recovery_91k_pool,False,False,False,False,delivery-like suspicious,pass_raw_complete,traceable,,,,,
EXP-SPAM-0128,Linkt: Your services have been restricted please view to remove lim...,Linkt: Your services have been restricted please view to remove lim...,Linkt: Your services have been restricted please view to remove lim...,smishing_corpus_row,smishing,weak_signal_suspicious,Smishing-Dataset-IMC25,reportsmishing/Smishing-Dataset-IMC25,raw_recovery_91k_pool,False,False,False,False,telecom promo,pass_raw_complete,traceable,,,,,
EXP-SPAM-0129,"Parcel delivery cancelled due to invalid billing, instructions on how to fix can be viewed on","Parcel delivery cancelled due to invalid billing, instructions on how to fix can be viewed on","Parcel delivery cancelled due to invalid billing, instructions on how to fix can be viewed on",smishing_corpus_row,smishing,weak_signal_suspicious,Smishing-Dataset-IMC25,reportsmishing/Smishing-Dataset-IMC25,raw_recovery_91k_pool,False,False,False,False,banking/account-like suspicious,pass_raw_complete,traceable,,,,,
EXP-SPAM-0130,Now our company offer online part-time job that only needs to watch the YouTube video about 10-20 seconds give a LIKE SUBSCRIBE the YOUTUBE . Each YouTube is 50rs and this is just a task for new hires. After you become a regular employee you can earn at least 2000 to 30000 Rupees a day using mobile devices in your free time.,Now our company offer online part-time job that only needs to watch the YouTube video about 10-20 seconds give a LIKE SUBSCRIBE the YOUTUBE . Each YouTube is 50rs and this is just a task for new hires. After you become a regular employee you can earn at least 2000 to 30000 Rupees a day using mobile devices in your free time.,Now our company offer online part-time job that only needs to watch the YouTube video about 10-20 seconds give a LIKE SUBSCRIBE the YOUTUBE. Each YouTube is 50rs and this is just a task for new hires. After you become a regular employee you can earn at least 2000 to 30000 Rupees a day using mobile devices in your free time.,smishing_corpus_row,smishing,weak_signal_suspicious,Smishing-Dataset-IMC25,reportsmishing/Smishing-Dataset-IMC25,raw_recovery_91k_pool,False,False,False,True,job/investment offer,review_too_long,traceable,,,,,
EXP-SPAM-0131,You won today's Happy Times! Here's your Rs. 500 no minimum spend Lenskart voucher.,You won today's Happy Times! Here's your Rs. 500 no minimum spend Lenskart voucher.,You won today's Happy Times! Here's your Rs. 500 no minimum spend Lenskart voucher.,smishing_corpus_row,smishing,weak_signal_suspicious,Smishing-Dataset-IMC25,reportsmishing/Smishing-Dataset-IMC25,raw_recovery_91k_pool,False,False,False,True,banking/account-like suspicious,pass_raw_complete,traceable,,,,,
EXP-SPAM-0132,"We'll be awarding $50 to the first 10,000 people who complete this inquiry in order to better serve CVS members. CVS can be very helpful if you're not feeling well.","We'll be awarding $50 to the first 10,000 people who complete this inquiry in order to better serve CVS members. CVS can be very helpful if you're not feeling well.","We'll be awarding <AMOUNT> to the first 10,000 people who complete this inquiry in order to better serve CVS members. CVS can be very helpful if you're not feeling well.",smishing_corpus_row,smishing,weak_signal_suspicious,Smishing-Dataset-IMC25,reportsmishing/Smishing-Dataset-IMC25,raw_recovery_91k_pool,False,False,False,True,delivery-like suspicious,pass_raw_complete,traceable,,,,,
EXP-SPAM-0133,"The carrier was unable to deliver your order because the shipping information is missing a house number. Check, please.","The carrier was unable to deliver your order because the shipping information is missing a house number. Check, please.","The carrier was unable to deliver your order because the shipping information is missing a house number. Check, please.",smishing_corpus_row,smishing,weak_signal_suspicious,Smishing-Dataset-IMC25,reportsmishing/Smishing-Dataset-IMC25,raw_recovery_91k_pool,False,False,False,False,delivery-like suspicious,pass_raw_complete,traceable,,,,,
EXP-SPAM-0134,Bet on IPL today to get a chance for private meeting with Shakib Al Hasan. Start now: xini.eu/00Qe,Bet on IPL today to get a chance for private meeting with Shakib Al Hasan. Start now: xini.eu/00Qe,Bet on IPL today to get a chance for private meeting with Shakib Al Hasan. Start now: xini.eu/00Qe,smish,smishing,weak_signal_suspicious,Bengali SMS Smishing Dataset,shariul-islam/bengali-sms-smishing-dataset,raw_recovery_91k_pool,False,False,False,False,banking/account-like suspicious,pass_raw_complete,traceable,,,,,
EXP-SPAM-0135,TECSIDEL: Your vehicle HR66B4294 TAG used at ayanagar. Charges: 100.00 Thanks,TECSIDEL: Your vehicle HR66B4294 TAG used at ayanagar. Charges: 100.00 Thanks,TECSIDEL: Your vehicle HR66B4294 TAG used at ayanagar. Charges: 100.00 Thanks,smishing_corpus_row,smishing,weak_signal_suspicious,Smishing-Dataset-IMC25,reportsmishing/Smishing-Dataset-IMC25,raw_recovery_91k_pool,False,False,False,False,generic scam-like or unclear,pass_raw_complete,traceable,,,,,
EXP-SPAM-0136,We have been unable to process your latest bill.,We have been unable to process your latest bill.,We have been unable to process your latest bill.,smishing_corpus_row,smishing,weak_signal_suspicious,Smishing-Dataset-IMC25,reportsmishing/Smishing-Dataset-IMC25,raw_recovery_91k_pool,False,False,False,False,generic scam-like or unclear,pass_raw_complete,traceable,,,,,
EXP-SPAM-0137,Your order was dropped off. Please refer to this photo your Dasher provided to see where it was left.,Your order was dropped off. Please refer to this photo your Dasher provided to see where it was left.,Your order was dropped off. Please refer to this photo your Dasher provided to see where it was left.,smishing_corpus_row,smishing,weak_signal_suspicious,Smishing-Dataset-IMC25,reportsmishing/Smishing-Dataset-IMC25,raw_recovery_91k_pool,False,False,False,False,delivery-like suspicious,pass_raw_complete,traceable,,,,,
EXP-SPAM-0138,Your mobile number linked to terrorism activities. Clear record with 14500 TK: terror-clear.bd/urgent,Your mobile number linked to terrorism activities. Clear record with 14500 TK: terror-clear.bd/urgent,Your mobile number linked to terrorism activities. Clear record with 14500 TK: terror-clear.bd/urgent,smish,smishing,weak_signal_suspicious,Bengali SMS Smishing Dataset,shariul-islam/bengali-sms-smishing-dataset,raw_recovery_91k_pool,False,False,False,False,banking/account-like suspicious,pass_raw_complete,traceable,,,,,
EXP-SPAM-0139,"Congratulations Dear Customer You Have Won The Prize of 25,00,000 By KBC Department Please Collect Your Prize Urgently By Follow The Company Rule's & Regulations","Congratulations Dear Customer You Have Won The Prize of 25,00,000 By KBC Department Please Collect Your Prize Urgently By Follow The Company Rule's & Regulations","Congratulations Dear Customer You Have Won The Prize of 25,00,000 By KBC Department Please Collect Your Prize Urgently By Follow The Company Rule's & Regulations",smishing_corpus_row,smishing,weak_signal_suspicious,Smishing-Dataset-IMC25,reportsmishing/Smishing-Dataset-IMC25,raw_recovery_91k_pool,False,False,False,False,banking/account-like suspicious,pass_raw_complete,traceable,,,,,
EXP-SPAM-0140,"Congratulations! Your E- Gift voucher from Citi India is here Dear Customer, Congratulations! You are now eligible for a complimentary Amazon E-Gift Voucher Rs.750/- based on your successful fulfillment of the minimum spend criteria. Order no MEEMI3199","Congratulations! Your E- Gift voucher from Citi India is here Dear Customer, Congratulations! You are now eligible for a complimentary Amazon E-Gift Voucher Rs.750/- based on your successful fulfillment of the minimum spend criteria. Order no MEEMI3199","Congratulations! Your E- Gift voucher from Citi India is here Dear Customer, Congratulations! You are now eligible for a complimentary Amazon E-Gift Voucher Rs.750/- based on your successful fulfillment of the minimum spend criteria. Order no MEEMI3199",smishing_corpus_row,smishing,weak_signal_suspicious,Smishing-Dataset-IMC25,reportsmishing/Smishing-Dataset-IMC25,raw_recovery_91k_pool,False,False,False,True,banking/account-like suspicious,pass_raw_complete,traceable,,,,,
EXP-SPAM-0141,m! True Baraha!To celebrate the World Cup we prepare more events and BONUS up to 88888!!!,m! True Baraha!To celebrate the World Cup we prepare more events and BONUS up to 88888!!!,m! True Baraha!To celebrate the World Cup we prepare more events and BONUS up to 88888!!!,smishing_corpus_row,smishing,weak_signal_suspicious,Smishing-Dataset-IMC25,reportsmishing/Smishing-Dataset-IMC25,raw_recovery_91k_pool,False,False,False,False,delivery-like suspicious,pass_raw_complete,traceable,,,,,
EXP-SPAM-0142,"Walgreens: You're being randomly given, as 1 of 613 people, 1 reward by filling in a brief survey. Reward ends in 5 hours vnnim.cc/mNGtaOl O","Walgreens: You're being randomly given, as 1 of 613 people, 1 reward by filling in a brief survey. Reward ends in 5 hours vnnim.cc/mNGtaOl O","Walgreens: You're being randomly given, as 1 of 613 people, 1 reward by filling in a brief survey. Reward ends in 5 hours vnnim.cc/mNGtaOl O",verified_smishing,smishing,weak_signal_suspicious,SmishTank,SmishTank Dataset / Smishing Dataset I,public_baseline,False,False,False,True,reward/prize,pass_raw_complete,traceable,,,,,
EXP-SPAM-0143,NHS: We noticed you haven't applied for your Covid Pass. Follow the link to complete registration and avoid penalties:,NHS: We noticed you haven't applied for your Covid Pass. Follow the link to complete registration and avoid penalties:,NHS: We noticed you haven't applied for your Covid Pass. Follow the link to complete registration and avoid penalties:,smishing_corpus_row,smishing,weak_signal_suspicious,Smishing-Dataset-IMC25,reportsmishing/Smishing-Dataset-IMC25,raw_recovery_91k_pool,False,False,False,False,generic scam-like or unclear,pass_raw_complete,traceable,,,,,
EXP-SPAM-0144,KatieT881 mailed you a bang buddy proposal. Read her message:,KatieT881 mailed you a bang buddy proposal. Read her message:,KatieT881 mailed you a bang buddy proposal. Read her message:,smishing_corpus_row,smishing,weak_signal_suspicious,Smishing-Dataset-IMC25,reportsmishing/Smishing-Dataset-IMC25,raw_recovery_91k_pool,False,False,False,False,delivery-like suspicious,pass_raw_complete,traceable,,,,,
EXP-SPAM-0145,Dear Register to receive 100RS for free; invite friends together to make money; invest in 500RS to get 900RS; link:,Dear Register to receive 100RS for free; invite friends together to make money; invest in 500RS to get 900RS; link:,Dear Register to receive 100RS for free; invite friends together to make money; invest in 500RS to get 900RS; link:,smishing_corpus_row,smishing,weak_signal_suspicious,Smishing-Dataset-IMC25,reportsmishing/Smishing-Dataset-IMC25,raw_recovery_91k_pool,False,False,False,True,banking/account-like suspicious,pass_raw_complete,traceable,,,,,
EXP-SPAM-0146,"Scholarship facilities for meritorious students and direct free consultation with experienced doctors along with TK190000 health coverage per year and other benefits of Health Plus, write START RP and send to 28477.","Scholarship facilities for meritorious students and direct free consultation with experienced doctors along with TK190000 health coverage per year and other benefits of Health Plus, write START RP and send to 28477.","Scholarship facilities for meritorious students and direct free consultation with experienced doctors along with TK190000 health coverage per year and other benefits of Health Plus, write START RP and send to 28477.",smish,smishing,weak_signal_suspicious,Bengali SMS Smishing Dataset,shariul-islam/bengali-sms-smishing-dataset,raw_recovery_91k_pool,False,False,False,True,promotional spam,pass_raw_complete,traceable,,,,,
EXP-SPAM-0147,"If you want to work, inbox. You will get 25 taka commission if you sell any product below 100 taka, 50 taka if you sell any product between 100 to 1000 taka, and 100 taka commission if you sell between 1000 to 2000 taka","If you want to work, inbox. You will get 25 taka commission if you sell any product below 100 taka, 50 taka if you sell any product between 100 to 1000 taka, and 100 taka commission if you sell between 1000 to 2000 taka","If you want to work, inbox. You will get 25 taka commission if you sell any product below 100 taka, 50 taka if you sell any product between 100 to 1000 taka, and 100 taka commission if you sell between 1000 to 2000 taka",smish,smishing,weak_signal_suspicious,Bengali SMS Smishing Dataset,shariul-islam/bengali-sms-smishing-dataset,strict_raw_replacement_91k_pool,False,False,False,False,banking/account-like suspicious,pass_raw_complete,traceable,,,,,
EXP-SPAM-0148,We are only one drop away. We should be with you by 16:03 and will let you know if there are any problems. Tracking,We are only one drop away. We should be with you by 16:03 and will let you know if there are any problems. Tracking,We are only one drop away. We should be with you by 16:03 and will let you know if there are any problems. Tracking,smishing_corpus_row,smishing,weak_signal_suspicious,Smishing-Dataset-IMC25,reportsmishing/Smishing-Dataset-IMC25,raw_recovery_91k_pool,False,False,False,False,delivery-like suspicious,pass_raw_complete,traceable,,,,,
EXP-SPAM-0149,XM notice: SxyKristen127 sent you a fbuddy request. Read what she had to say now:,XM notice: SxyKristen127 sent you a fbuddy request. Read what she had to say now:,XM notice: SxyKristen127 sent you a fbuddy request. Read what she had to say now:,smishing_corpus_row,smishing,weak_signal_suspicious,Smishing-Dataset-IMC25,reportsmishing/Smishing-Dataset-IMC25,raw_recovery_91k_pool,False,False,False,False,delivery-like suspicious,pass_raw_complete,traceable,,,,,
EXP-SPAM-0150,Why / wasn't your  i package delivered? https://...,Why / wasn't your  i package delivered? https://...,Why / wasn't your i package delivered? <URL>,smishing_corpus_row,smishing,weak_signal_suspicious,Smishing-Dataset-IMC25,reportsmishing/Smishing-Dataset-IMC25,raw_recovery_91k_pool,True,False,False,False,banking/account-like suspicious,pass_raw_complete,traceable,,,,,
EXP-SPAM-0151,"Your Yes loan is due,please repay it on time and avoid contacting your family!","Your Yes loan is due,please repay it on time and avoid contacting your family!","Your Yes loan is due,please repay it on time and avoid contacting your family!",smishing_corpus_row,smishing,weak_signal_suspicious,Smishing-Dataset-IMC25,reportsmishing/Smishing-Dataset-IMC25,strict_raw_replacement_91k_pool,False,False,False,False,banking/account-like suspicious,pass_raw_complete,traceable,,,,,
EXP-SPAM-0152,"[ I.R.S ] You will receive a tax refund of $573.00, but cannot process it due to...","[ I.R.S ] You will receive a tax refund of $573.00, but cannot process it due to...","[ I.R.S ] You will receive a tax refund of <AMOUNT>, but cannot process it due to...",smishing_corpus_row,smishing,weak_signal_suspicious,Smishing-Dataset-IMC25,reportsmishing/Smishing-Dataset-IMC25,raw_recovery_91k_pool,False,False,False,True,generic scam-like or unclear,pass_raw_complete,traceable,,,,,
EXP-SPAM-0153,"The carrier was unable to deliver your order because the shipping information is missing a house number. Check, please. prhomitaddr.info/Mfwe O�","The carrier was unable to deliver your order because the shipping information is missing a house number. Check, please. prhomitaddr.info/Mfwe O�","The carrier was unable to deliver your order because the shipping information is missing a house number. Check, please. <URL> O�",verified_smishing,smishing,weak_signal_suspicious,SmishTank,SmishTank Dataset / Smishing Dataset I,public_baseline,True,False,False,False,delivery-like suspicious,pass_raw_complete,traceable,,,,,
EXP-SPAM-0154,"DPD: We attempted to deliver your package but failed, you can book redelivery via our website below.","DPD: We attempted to deliver your package but failed, you can book redelivery via our website below.","DPD: We attempted to deliver your package but failed, you can book redelivery via our website below.",smishing_corpus_row,smishing,weak_signal_suspicious,Smishing-Dataset-IMC25,reportsmishing/Smishing-Dataset-IMC25,raw_recovery_91k_pool,False,False,False,False,banking/account-like suspicious,pass_raw_complete,traceable,,,,,
EXP-SPAM-0155,"Attractive job and education, monthly salary TK2 lakh+ and opportunity for permanent residence in South Korea.
Free tuition and accommodation.
Contact:
01720557103
01720557120
01321200716
01550402100","Attractive job and education, monthly salary TK2 lakh+ and opportunity for permanent residence in South Korea.
Free tuition and accommodation.
Contact:
01720557103
01720557120
01321200716
01550402100","Attractive job and education, monthly salary TK2 lakh+ and opportunity for permanent residence in South Korea. Free tuition and accommodation. Contact: <PHONE>",smish,smishing,weak_signal_suspicious,Bengali SMS Smishing Dataset,shariul-islam/bengali-sms-smishing-dataset,raw_recovery_91k_pool,False,True,False,False,banking/account-like suspicious,pass_raw_complete,traceable,,,,,
EXP-SPAM-0156,"27Your package is on hold due to invalid address information you filled in, please correct the information. rebrand.ly/US-1","27Your package is on hold due to invalid address information you filled in, please correct the information. rebrand.ly/US-1","27Your package is on hold due to invalid address information you filled in, please correct the information. <URL>",phishing_messages_row,smishing,weak_signal_suspicious,SMS Phishing Dataset,wspr-ncsu/sms-phishing,raw_recovery_91k_pool,True,False,False,False,delivery-like suspicious,pass_raw_complete,traceable,,,,,
EXP-SPAM-0157,]TM-[Carrier / help us to improve the t---MOBILE experience for you,]TM-[Carrier / help us to improve the t---MOBILE experience for you,]TM-[Carrier / help us to improve the t---MOBILE experience for you,smishing_corpus_row,smishing,weak_signal_suspicious,Smishing-Dataset-IMC25,reportsmishing/Smishing-Dataset-IMC25,raw_recovery_91k_pool,False,False,False,False,delivery-like suspicious,pass_raw_complete,traceable,,,,,
EXP-SPAM-0158,"We notice that you left your EMI Moratorium request incomplete. To help us process it, kindly provide us your complete details.","We notice that you left your EMI Moratorium request incomplete. To help us process it, kindly provide us your complete details.","We notice that you left your EMI Moratorium request incomplete. To help us process it, kindly provide us your complete details.",smishing_corpus_row,smishing,weak_signal_suspicious,Smishing-Dataset-IMC25,reportsmishing/Smishing-Dataset-IMC25,raw_recovery_91k_pool,False,False,False,False,banking/account-like suspicious,pass_raw_complete,traceable,,,,,
EXP-SPAM-0159,Last chance 2 claim ur £150 worth of discount vouchers-Text YES to 85023 now!SavaMob-member offers mobile T Cs 08717898035. £3.00 Sub. 16 . Remove txt X or STOP,Last chance 2 claim ur £150 worth of discount vouchers-Text YES to 85023 now!SavaMob-member offers mobile T Cs 08717898035. £3.00 Sub. 16 . Remove txt X or STOP,Last chance 2 claim ur £150 worth of discount vouchers-Text YES to 85023 now!SavaMob-member offers mobile T Cs 08717898035. £3.00 Sub. 16 . Remove txt X or STOP,spam,spam,conflict_needs_review,UCI SMS Spam Collection,SMS Spam Collection v.1,public_baseline,False,True,False,True,reward/prize,pass_raw_complete,traceable,,,,,
EXP-SPAM-0160,A £400 XMAS REWARD IS WAITING FOR YOU! Our computer has randomly picked you from our loyal mobile customers to receive a £400 reward. Just call 09066380611,A £400 XMAS REWARD IS WAITING FOR YOU! Our computer has randomly picked you from our loyal mobile customers to receive a £400 reward. Just call 09066380611,A £400 XMAS REWARD IS WAITING FOR YOU! Our computer has randomly picked you from our loyal mobile customers to receive a £400 reward. Just call 09066380611,spam,spam,conflict_needs_review,UCI SMS Spam Collection,SMS Spam Collection v.1,public_baseline,False,True,False,True,reward/prize,pass_raw_complete,traceable,,,,,
EXP-SPAM-0161,PRIVATE! Your 2003 Account Statement for 07753741225 shows 800 un-redeemed S. I. M. points. Call 08715203677 Identifier Code: 42478 Expires 24/10/04,PRIVATE! Your 2003 Account Statement for 07753741225 shows 800 un-redeemed S. I. M. points. Call 08715203677 Identifier Code: 42478 Expires 24/10/04,PRIVATE! Your 2003 Account Statement for 07753741225 shows 800 un-redeemed S. I. M. points. Call 08715203677 Identifier Code: 42478 Expires 24/10/04,spam,spam,conflict_needs_review,UCI SMS Spam Collection,SMS Spam Collection v.1,public_baseline,False,True,False,False,banking/account-like suspicious,pass_raw_complete,traceable,,,,,
EXP-SPAM-0162,URGENT! We are trying to contact U Todays draw shows that you have won a £800 prize GUARANTEED. Call 09050000460 from land line. Claim J89. po box245c2150pm,URGENT! We are trying to contact U Todays draw shows that you have won a £800 prize GUARANTEED. Call 09050000460 from land line. Claim J89. po box245c2150pm,URGENT! We are trying to contact U Todays draw shows that you have won a £800 prize GUARANTEED. Call 09050000460 from land line. Claim J89. po box245c2150pm,spam,spam,conflict_needs_review,UCI SMS Spam Collection,SMS Spam Collection v.1,public_baseline,False,True,False,True,reward/prize,pass_raw_complete,traceable,,,,,
EXP-SPAM-0163,Congrats! Nokia 3650 video camera phone is your Call 09066382422 Calls cost 150ppm Ave call 3mins vary from mobiles 16+ Close 300603 post BCM4284 Ldn WC1N3XX,Congrats! Nokia 3650 video camera phone is your Call 09066382422 Calls cost 150ppm Ave call 3mins vary from mobiles 16+ Close 300603 post BCM4284 Ldn WC1N3XX,Congrats! Nokia 3650 video camera phone is your Call 09066382422 Calls cost 150ppm Ave call 3mins vary from mobiles 16+ Close 300603 post BCM4284 Ldn WC1N3XX,spam,spam,conflict_needs_review,UCI SMS Spam Collection,SMS Spam Collection v.1,public_baseline,False,True,False,False,telecom promo,pass_raw_complete,traceable,,,,,
EXP-SPAM-0164,U have a Secret Admirer who is looking 2 make contact with U-find out who they R*reveal who thinks UR so special-call on 09065171142-stopsms-08718727870150ppm,U have a Secret Admirer who is looking 2 make contact with U-find out who they R*reveal who thinks UR so special-call on 09065171142-stopsms-08718727870150ppm,U have a Secret Admirer who is looking 2 make contact with U-find out who they R*reveal who thinks UR so special-call on 09065171142-stopsms-08718727870150ppm,spam,spam,conflict_needs_review,UCI SMS Spam Collection,SMS Spam Collection v.1,public_baseline,False,True,False,False,generic scam-like or unclear,pass_raw_complete,traceable,,,,,
EXP-SPAM-0165,Call from 08702490080 - tells u 2 call 09066358152 to claim £5000 prize. U have 2 enter all ur mobile & personal details @ the prompts. Careful!,Call from 08702490080 - tells u 2 call 09066358152 to claim £5000 prize. U have 2 enter all ur mobile & personal details @ the prompts. Careful!,Call from 08702490080 - tells u 2 call 09066358152 to claim £5000 prize. U have 2 enter all ur mobile & personal details @ the prompts. Careful!,spam,spam,conflict_needs_review,UCI SMS Spam Collection,SMS Spam Collection v.1,public_baseline,False,True,False,True,reward/prize,pass_raw_complete,traceable,,,,,
EXP-SPAM-0166,PRIVATE! Your 2003 Account Statement for shows 800 un-redeemed S.I.M. points. Call 08718738001 Identifier Code: 49557 Expires 26/11/04,PRIVATE! Your 2003 Account Statement for shows 800 un-redeemed S.I.M. points. Call 08718738001 Identifier Code: 49557 Expires 26/11/04,PRIVATE! Your 2003 Account Statement for shows 800 un-redeemed S.I.M. points. Call 08718738001 Identifier Code: 49557 Expires 26/11/04,spam,spam,conflict_needs_review,UCI SMS Spam Collection,SMS Spam Collection v.1,public_baseline,False,True,False,False,banking/account-like suspicious,pass_raw_complete,traceable,,,,,
EXP-SPAM-0167,Your B4U voucher w/c 27/03 is MARSMS. Log onto www.B4Utele.com for discount credit. To opt out reply stop. Customer care call 08717168528,Your B4U voucher w/c 27/03 is MARSMS. Log onto www.B4Utele.com for discount credit. To opt out reply stop. Customer care call 08717168528,Your B4U voucher w/c 27/03 is MARSMS. Log onto www.B4Utele.com for discount credit. To opt out reply stop. Customer care call 08717168528,spam,spam,conflict_needs_review,UCI SMS Spam Collection,SMS Spam Collection v.1,public_baseline,True,True,False,True,reward/prize,pass_raw_complete,traceable,,,,,
EXP-SPAM-0168,"This is the 2nd time we have tried 2 contact u. U have won the 750 Pound prize. 2 claim is easy, call 08718726970 NOW! Only 10p per min. BT-national-rate","This is the 2nd time we have tried 2 contact u. U have won the 750 Pound prize. 2 claim is easy, call 08718726970 NOW! Only 10p per min. BT-national-rate","This is the 2nd time we have tried 2 contact u. U have won the 750 Pound prize. 2 claim is easy, call 08718726970 NOW! Only 10p per min. BT-national-rate",spam,spam,conflict_needs_review,UCI SMS Spam Collection,SMS Spam Collection v.1,public_baseline,False,True,False,True,reward/prize,pass_raw_complete,traceable,,,,,
EXP-SPAM-0169,You are a winner U have been specially selected 2 receive £1000 or a 4* holiday (flights inc) speak to a live operator 2 claim 0871277810910p/min (18+),You are a winner U have been specially selected 2 receive £1000 or a 4* holiday (flights inc) speak to a live operator 2 claim 0871277810910p/min (18+),You are a winner U have been specially selected 2 receive £1000 or a 4* holiday (flights inc) speak to a live operator 2 claim 0871277810910p/min (18+),spam,spam,conflict_needs_review,UCI SMS Spam Collection,SMS Spam Collection v.1,public_baseline,False,True,False,True,reward/prize,pass_raw_complete,traceable,,,,,
EXP-SPAM-0170,Don't b floppy... b snappy & happy! Only gay chat service with photo upload call 08718730666 (10p/min). 2 stop our texts call 08712460324,Don't b floppy... b snappy & happy! Only gay chat service with photo upload call 08718730666 (10p/min). 2 stop our texts call 08712460324,Don't b floppy... b snappy & happy! Only gay chat service with photo upload call 08718730666 (10p/min). 2 stop our texts call 08712460324,spam,spam,conflict_needs_review,UCI SMS Spam Collection,SMS Spam Collection v.1,public_baseline,False,True,False,True,adult/chat promo,pass_raw_complete,traceable,,,,,
EXP-SPAM-0171,U 447801259231 have a secret admirer who is looking 2 make contact with U-find out who they R*reveal who thinks UR so special-call on 0905809458,U 447801259231 have a secret admirer who is looking 2 make contact with U-find out who they R*reveal who thinks UR so special-call on 0905809458,U 447801259231 have a secret admirer who is looking 2 make contact with U-find out who they R*reveal who thinks UR so special-call on 0905809458,Smishing,smishing,conflict_needs_review,Mishra & Soni,SMS Phishing Dataset for Machine Learning and Pattern Recognition,public_baseline,False,True,False,False,generic scam-like or unclear,pass_raw_complete,traceable,,,,,
EXP-SPAM-0172,URGENT! We are trying to contact U. Todays draw shows that you have won a £2000 prize GUARANTEED. Call 09066358361 from land line. Claim Y87. Valid 12hrs only,URGENT! We are trying to contact U. Todays draw shows that you have won a £2000 prize GUARANTEED. Call 09066358361 from land line. Claim Y87. Valid 12hrs only,URGENT! We are trying to contact U. Todays draw shows that you have won a £2000 prize GUARANTEED. Call 09066358361 from land line. Claim Y87. Valid 12hrs only,spam,spam,conflict_needs_review,UCI SMS Spam Collection,SMS Spam Collection v.1,public_baseline,False,True,False,True,reward/prize,pass_raw_complete,traceable,,,,,
EXP-SPAM-0173,Collect your VALENTINE'S weekend to PARIS inc Flight & Hotel + £200 Prize guaranteed! Text: PARIS to No: 69101. www.rtf.sphosting.com,Collect your VALENTINE'S weekend to PARIS inc Flight & Hotel + £200 Prize guaranteed! Text: PARIS to No: 69101. www.rtf.sphosting.com,Collect your VALENTINE'S weekend to PARIS inc Flight & Hotel + £200 Prize guaranteed! Text: PARIS to No: 69101. www.rtf.sphosting.com,spam,spam,conflict_needs_review,UCI SMS Spam Collection,SMS Spam Collection v.1,public_baseline,True,False,False,True,reward/prize,pass_raw_complete,traceable,,,,,
EXP-SPAM-0174,Want a new Video Phone? 750 anytime any network mins? Half price line rental free text for 3 months? Reply or call 08000930705 for free delivery,Want a new Video Phone? 750 anytime any network mins? Half price line rental free text for 3 months? Reply or call 08000930705 for free delivery,Want a new Video Phone? 750 anytime any network mins? Half price line rental free text for 3 months? Reply or call 08000930705 for free delivery,spam,spam,conflict_needs_review,UCI SMS Spam Collection,SMS Spam Collection v.1,public_baseline,False,True,False,False,delivery-like suspicious,pass_raw_complete,traceable,,,,,
EXP-SPAM-0175,"449050000301 You have won a £2,000 price! To claim, call 09050000301.","449050000301 You have won a £2,000 price! To claim, call 09050000301.","449050000301 You have won a £2,000 price! To claim, call 09050000301.",spam,spam,conflict_needs_review,UCI SMS Spam Collection,SMS Spam Collection v.1,public_baseline,False,True,False,True,reward/prize,pass_raw_complete,traceable,,,,,
EXP-SPAM-0176,"500 New Mobiles from 2004, MUST GO! Txt: NOKIA to No: 89545 & collect yours today!From ONLY £1 www.4-tc.biz 2optout 087187262701.50gbp/mtmsg18","500 New Mobiles from 2004, MUST GO! Txt: NOKIA to No: 89545 & collect yours today!From ONLY £1 www.4-tc.biz 2optout 087187262701.50gbp/mtmsg18","500 New Mobiles from 2004, MUST GO! Txt: NOKIA to No: 89545 & collect yours today!From ONLY £1 www.4-tc.biz 2optout 087187262701.50gbp/mtmsg18",spam,spam,conflict_needs_review,UCI SMS Spam Collection,SMS Spam Collection v.1,public_baseline,True,True,False,True,telecom promo,pass_raw_complete,traceable,,,,,
EXP-SPAM-0177,Dear Voucher holder Have your next meal on us. Use the following link on your pc 2 enjoy a 2 4 1 dining experiencehttp://www.vouch4me.com/etlp/dining.asp,Dear Voucher holder Have your next meal on us. Use the following link on your pc 2 enjoy a 2 4 1 dining experiencehttp://www.vouch4me.com/etlp/dining.asp,Dear Voucher holder Have your next meal on us. Use the following link on your pc 2 enjoy a 2 4 1 dining experiencehttp://www.vouch4me.com/etlp/dining.asp,spam,spam,conflict_needs_review,UCI SMS Spam Collection,SMS Spam Collection v.1,public_baseline,True,False,False,False,reward/prize,pass_raw_complete,traceable,,,,,
EXP-SPAM-0178,U’ve Bin Awarded £50 to Play 4 Instant Cash. Call 08715203028 To Claim. EVERY 9th Player Wins Min £50-£500. OptOut 08718727870,U’ve Bin Awarded £50 to Play 4 Instant Cash. Call 08715203028 To Claim. EVERY 9th Player Wins Min £50-£500. OptOut 08718727870,U’ve Bin Awarded £50 to Play 4 Instant Cash. Call 08715203028 To Claim. EVERY 9th Player Wins Min £50-£500. OptOut 08718727870,spam,spam,conflict_needs_review,UCI SMS Spam Collection,SMS Spam Collection v.1,public_baseline,False,True,False,True,reward/prize,pass_raw_complete,traceable,,,,,
EXP-SPAM-0179,Free Msg: Ringtone!From: http://tms. widelive.com/index. wml?id=1b6a5ecef91ff9*37819&first=true18:0430-JUL-05,Free Msg: Ringtone!From: http://tms. widelive.com/index. wml?id=1b6a5ecef91ff9*37819&first=true18:0430-JUL-05,Free Msg: Ringtone!From: http://tms. widelive.com/index. wml?id=1b6a5ecef91ff9*37819&first=true18:0430-JUL-05,spam,spam,conflict_needs_review,UCI SMS Spam Collection,SMS Spam Collection v.1,public_baseline,True,False,False,True,telecom promo,pass_raw_complete,traceable,,,,,
EXP-SPAM-0180,Want explicit SEX in 30 secs? Ring 02073162414 now! Costs 20p/min,Want explicit SEX in 30 secs? Ring 02073162414 now! Costs 20p/min,Want explicit SEX in 30 secs? Ring 02073162414 now! Costs 20p/min,spam,spam,conflict_needs_review,UCI SMS Spam Collection,SMS Spam Collection v.1,public_baseline,False,True,False,True,adult/chat promo,pass_raw_complete,traceable,,,,,
EXP-SPAM-0181,+123 Congratulations - in this week's competition draw u have won the £1450 prize to claim just call 09050002311 b4280703. T&Cs/stop SMS 08718727868. Over 18 only 150ppm,+123 Congratulations - in this week's competition draw u have won the £1450 prize to claim just call 09050002311 b4280703. T&Cs/stop SMS 08718727868. Over 18 only 150ppm,+123 Congratulations - in this week's competition draw u have won the £1450 prize to claim just call 09050002311 b4280703. T&Cs/stop SMS 08718727868. Over 18 only 150ppm,spam,spam,conflict_needs_review,UCI SMS Spam Collection,SMS Spam Collection v.1,public_baseline,False,True,False,True,reward/prize,pass_raw_complete,traceable,,,,,
EXP-SPAM-0182,PRIVATE! Your 2003 Account Statement for shows 1000 un-redeemed S.I.M. points. Call 08715203685 Identifier Code:4xx26 Expires 13/10/04,PRIVATE! Your 2003 Account Statement for shows 1000 un-redeemed S.I.M. points. Call 08715203685 Identifier Code:4xx26 Expires 13/10/04,PRIVATE! Your 2003 Account Statement for shows 1000 un-redeemed S.I.M. points. Call 08715203685 Identifier Code:4xx26 Expires 13/10/04,Smishing,smishing,conflict_needs_review,Mishra & Soni,SMS Phishing Dataset for Machine Learning and Pattern Recognition,public_baseline,False,True,False,False,banking/account-like suspicious,pass_raw_complete,traceable,,,,,
EXP-SPAM-0183,Someone U know has asked our dating service 2 contact you! Cant Guess who? CALL 09058091854 NOW all will be revealed. PO BOX385 M6 6WU,Someone U know has asked our dating service 2 contact you! Cant Guess who? CALL 09058091854 NOW all will be revealed. PO BOX385 M6 6WU,Someone U know has asked our dating service 2 contact you! Cant Guess who? CALL 09058091854 NOW all will be revealed. PO BOX385 M6 6WU,spam,spam,conflict_needs_review,UCI SMS Spam Collection,SMS Spam Collection v.1,public_baseline,False,True,False,False,adult/chat promo,pass_raw_complete,traceable,,,,,
EXP-SPAM-0184,U have won a nokia 6230 plus a free digital camera. This is what u get when u win our FREE auction. To take part send NOKIA to 83383 now. POBOX114/14TCR/W1 16,U have won a nokia 6230 plus a free digital camera. This is what u get when u win our FREE auction. To take part send NOKIA to 83383 now. POBOX114/14TCR/W1 16,U have won a nokia 6230 plus a free digital camera. This is what u get when u win our FREE auction. To take part send NOKIA to 83383 now. POBOX114/14TCR/W1 16,spam,spam,conflict_needs_review,UCI SMS Spam Collection,SMS Spam Collection v.1,public_baseline,False,False,False,False,reward/prize,pass_raw_complete,traceable,,,,,
EXP-SPAM-0185,This msg is for your mobile content order It has been resent as previous attempt failed due to network error Queries to customersqueries@netvision.uk.com,This msg is for your mobile content order It has been resent as previous attempt failed due to network error Queries to customersqueries@netvision.uk.com,This msg is for your mobile content order It has been resent as previous attempt failed due to network error Queries to customersqueries@netvision.uk.com,spam,spam,conflict_needs_review,UCI SMS Spam Collection,SMS Spam Collection v.1,public_baseline,True,False,False,True,telecom promo,pass_raw_complete,traceable,,,,,
EXP-SPAM-0186,URGENT! We are trying to contact U. Todays draw shows that you have won a £800 prize GUARANTEED. Call 09050001295 from land line. Claim A21. Valid 12hrs only,URGENT! We are trying to contact U. Todays draw shows that you have won a £800 prize GUARANTEED. Call 09050001295 from land line. Claim A21. Valid 12hrs only,URGENT! We are trying to contact U. Todays draw shows that you have won a £800 prize GUARANTEED. Call 09050001295 from land line. Claim A21. Valid 12hrs only,spam,spam,conflict_needs_review,UCI SMS Spam Collection,SMS Spam Collection v.1,public_baseline,False,True,False,True,reward/prize,pass_raw_complete,traceable,,,,,
EXP-SPAM-0187,You have WON a guaranteed £1000 cash or a £2000 prize. To claim yr prize call our customer service representative on 08714712379 between 10am-7pm Cost 10p,You have WON a guaranteed £1000 cash or a £2000 prize. To claim yr prize call our customer service representative on 08714712379 between 10am-7pm Cost 10p,You have WON a guaranteed £1000 cash or a £2000 prize. To claim yr prize call our customer service representative on 08714712379 between 10am-7pm Cost 10p,spam,spam,conflict_needs_review,UCI SMS Spam Collection,SMS Spam Collection v.1,public_baseline,False,True,False,True,gambling/casino/free spin,pass_raw_complete,traceable,,,,,
EXP-SPAM-0188,"As a valued customer, I am pleased to advise you that following recent review of your Mob No. you are awarded with a £1500 Bonus Prize, call 09066364589","As a valued customer, I am pleased to advise you that following recent review of your Mob No. you are awarded with a £1500 Bonus Prize, call 09066364589","As a valued customer, I am pleased to advise you that following recent review of your Mob No. you are awarded with a £1500 Bonus Prize, call 09066364589",spam,spam,conflict_needs_review,UCI SMS Spam Collection,SMS Spam Collection v.1,public_baseline,False,True,False,True,reward/prize,pass_raw_complete,traceable,,,,,
EXP-SPAM-0189,"UpgrdCentre Orange customer, you may now claim your FREE CAMERA PHONE upgrade for your loyalty. Call now on 0207 153 9153. Offer ends 26th July. T&C's apply. Opt-out available","UpgrdCentre Orange customer, you may now claim your FREE CAMERA PHONE upgrade for your loyalty. Call now on 0207 153 9153. Offer ends 26th July. T&C's apply. Opt-out available","UpgrdCentre Orange customer, you may now claim your FREE CAMERA PHONE upgrade for your loyalty. Call now on 0207 153 9153. Offer ends 26th July. T&C's apply. Opt-out available",spam,spam,conflict_needs_review,UCI SMS Spam Collection,SMS Spam Collection v.1,public_baseline,False,True,False,False,reward/prize,pass_raw_complete,traceable,,,,,
EXP-SPAM-0190,We tried to contact you re your reply to our offer of 750 mins 150 textand a new video phone call 08002988890 now or reply for free delivery tomorrow,We tried to contact you re your reply to our offer of 750 mins 150 textand a new video phone call 08002988890 now or reply for free delivery tomorrow,We tried to contact you re your reply to our offer of 750 mins 150 textand a new video phone call 08002988890 now or reply for free delivery tomorrow,spam,spam,conflict_needs_review,UCI SMS Spam Collection,SMS Spam Collection v.1,public_baseline,False,True,False,False,delivery-like suspicious,pass_raw_complete,traceable,,,,,
EXP-SPAM-0191,U have a secret admirer. REVEAL who thinks U R So special. Call 09065174042. To opt out Reply REVEAL STOP. 1.50 per msg recd. Cust care 07821230901,U have a secret admirer. REVEAL who thinks U R So special. Call 09065174042. To opt out Reply REVEAL STOP. 1.50 per msg recd. Cust care 07821230901,U have a secret admirer. REVEAL who thinks U R So special. Call 09065174042. To opt out Reply REVEAL STOP. 1.50 per msg recd. Cust care 07821230901,spam,spam,conflict_needs_review,UCI SMS Spam Collection,SMS Spam Collection v.1,public_baseline,False,True,False,False,generic scam-like or unclear,pass_raw_complete,traceable,,,,,
EXP-SPAM-0192,Todays Voda numbers ending 5226 are selected to receive a ?350 award. If you hava a match please call 08712300220 quoting claim code 1131 standard rates app,Todays Voda numbers ending 5226 are selected to receive a ?350 award. If you hava a match please call 08712300220 quoting claim code 1131 standard rates app,Todays Voda numbers ending 5226 are selected to receive a ?350 award. If you hava a match please call 08712300220 quoting claim code 1131 standard rates app,spam,spam,conflict_needs_review,UCI SMS Spam Collection,SMS Spam Collection v.1,public_baseline,False,True,False,True,reward/prize,pass_raw_complete,traceable,,,,,
EXP-SPAM-0193,"Thanks for your ringtone order, reference number X29. Your mobile will be charged 4.50. Should your tone not arrive please call customer services 09065989180","Thanks for your ringtone order, reference number X29. Your mobile will be charged 4.50. Should your tone not arrive please call customer services 09065989180","Thanks for your ringtone order, reference number X29. Your mobile will be charged 4.50. Should your tone not arrive please call customer services 09065989180",spam,spam,conflict_needs_review,UCI SMS Spam Collection,SMS Spam Collection v.1,public_baseline,False,True,False,False,telecom promo,pass_raw_complete,traceable,,,,,
EXP-SPAM-0194,We tried to contact you re our offer of New Video Phone 750 anytime any network mins HALF PRICE Rental camcorder call 08000930705 or reply for delivery Wed,We tried to contact you re our offer of New Video Phone 750 anytime any network mins HALF PRICE Rental camcorder call 08000930705 or reply for delivery Wed,We tried to contact you re our offer of New Video Phone 750 anytime any network mins HALF PRICE Rental camcorder call 08000930705 or reply for delivery Wed,spam,spam,conflict_needs_review,UCI SMS Spam Collection,SMS Spam Collection v.1,public_baseline,False,True,False,False,delivery-like suspicious,pass_raw_complete,traceable,,,,,
EXP-SPAM-0195,PRIVATE! Your 2003 Account Statement for shows 800 un-redeemed S. I. M. points. Call 08719899230 Identifier Code: 41685 Expires 07/11/04,PRIVATE! Your 2003 Account Statement for shows 800 un-redeemed S. I. M. points. Call 08719899230 Identifier Code: 41685 Expires 07/11/04,PRIVATE! Your 2003 Account Statement for shows 800 un-redeemed S. I. M. points. Call 08719899230 Identifier Code: 41685 Expires 07/11/04,spam,spam,conflict_needs_review,UCI SMS Spam Collection,SMS Spam Collection v.1,public_baseline,False,True,False,False,banking/account-like suspicious,pass_raw_complete,traceable,,,,,
EXP-SPAM-0196,URGENT! We are trying to contact you. Last weekends draw shows that you have won a £900 prize GUARANTEED. Call 09061701939. Claim code S89. Valid 12hrs only,URGENT! We are trying to contact you. Last weekends draw shows that you have won a £900 prize GUARANTEED. Call 09061701939. Claim code S89. Valid 12hrs only,URGENT! We are trying to contact you. Last weekends draw shows that you have won a £900 prize GUARANTEED. Call 09061701939. Claim code S89. Valid 12hrs only,spam,spam,conflict_needs_review,UCI SMS Spam Collection,SMS Spam Collection v.1,public_baseline,False,True,False,True,reward/prize,pass_raw_complete,traceable,,,,,
EXP-SPAM-0197,You have an important customer service announcement. Call FREEPHONE 0800 542 0825 now!,You have an important customer service announcement. Call FREEPHONE 0800 542 0825 now!,You have an important customer service announcement. Call FREEPHONE 0800 542 0825 now!,spam,spam,conflict_needs_review,UCI SMS Spam Collection,SMS Spam Collection v.1,public_baseline,False,True,False,False,promotional spam,pass_raw_complete,traceable,,,,,
EXP-SPAM-0198,"YOU 07801543489 are guaranteed the latests Nokia Phone, a 40GB iPod MP3 player or a £500 prize! Txt word:COLLECT to No:83355! TC-LLC NY-USA 150p/Mt msgrcvd18+","YOU 07801543489 are guaranteed the latests Nokia Phone, a 40GB iPod MP3 player or a £500 prize! Txt word:COLLECT to No:83355! TC-LLC NY-USA 150p/Mt msgrcvd18+","YOU 07801543489 are guaranteed the latests Nokia Phone, a 40GB iPod MP3 player or a £500 prize! Txt word:COLLECT to No:83355! TC-LLC NY-USA 150p/Mt msgrcvd18+",spam,spam,conflict_needs_review,UCI SMS Spam Collection,SMS Spam Collection v.1,public_baseline,False,True,False,True,reward/prize,pass_raw_complete,traceable,,,,,
EXP-SPAM-0199,"Shop till u Drop, IS IT YOU, either 10K, 5K, £500 Cash or £100 Travel voucher, Call now, 09064011000. NTT PO Box CR01327BT fixedline Cost 150ppm mobile vary","Shop till u Drop, IS IT YOU, either 10K, 5K, £500 Cash or £100 Travel voucher, Call now, 09064011000. NTT PO Box CR01327BT fixedline Cost 150ppm mobile vary","Shop till u Drop, IS IT YOU, either 10K, 5K, £500 Cash or £100 Travel voucher, Call now, 09064011000. NTT PO Box CR01327BT fixedline Cost 150ppm mobile vary",spam,spam,conflict_needs_review,UCI SMS Spam Collection,SMS Spam Collection v.1,public_baseline,False,True,False,True,reward/prize,pass_raw_complete,traceable,,,,,
EXP-SPAM-0200,You are now unsubscribed all services. Get tons of sexy babes or hunks straight to your phone! go to http://gotbabes.co.uk. No subscriptions.,You are now unsubscribed all services. Get tons of sexy babes or hunks straight to your phone! go to http://gotbabes.co.uk. No subscriptions.,You are now unsubscribed all services. Get tons of sexy babes or hunks straight to your phone! go to http://gotbabes.co.uk. No subscriptions.,spam,spam,conflict_needs_review,UCI SMS Spam Collection,SMS Spam Collection v.1,public_baseline,True,False,False,False,adult/chat promo,pass_raw_complete,traceable,,,,,
EXP-SPAM-0201,You have 1 new message. Call 0207-083-6089,You have 1 new message. Call 0207-083-6089,You have 1 new message. Call 0207-083-6089,spam,spam,conflict_needs_review,UCI SMS Spam Collection,SMS Spam Collection v.1,public_baseline,False,True,False,False,generic scam-like or unclear,pass_raw_complete,traceable,,,,,
EXP-SPAM-0202,"Dear Voucher Holder, To claim this weeks offer, at your PC please go to http://www.wtlp.co.uk/text. Ts&Cs apply.","Dear Voucher Holder, To claim this weeks offer, at your PC please go to http://www.wtlp.co.uk/text. Ts&Cs apply.","Dear Voucher Holder, To claim this weeks offer, at your PC please go to http://www.wtlp.co.uk/text. Ts&Cs apply.",spam,spam,conflict_needs_review,UCI SMS Spam Collection,SMS Spam Collection v.1,public_baseline,True,False,False,False,reward/prize,pass_raw_complete,traceable,,,,,
EXP-SPAM-0203,"Urgent! call 09066612661 from landline. Your complementary 4* Tenerife Holiday or £10,000 cash await collection SAE T&Cs PO Box 3 WA14 2PX 150ppm 18+ Sender: Hol Offer","Urgent! call 09066612661 from landline. Your complementary 4* Tenerife Holiday or £10,000 cash await collection SAE T&Cs PO Box 3 WA14 2PX 150ppm 18+ Sender: Hol Offer","Urgent! call 09066612661 from landline. Your complementary 4* Tenerife Holiday or £10,000 cash await collection SAE T&Cs PO Box 3 WA14 2PX 150ppm 18+ Sender: Hol Offer",spam,spam,conflict_needs_review,UCI SMS Spam Collection,SMS Spam Collection v.1,public_baseline,False,True,False,True,promotional spam,pass_raw_complete,traceable,,,,,
EXP-SPAM-0204,"YOUR CHANCE TO BE ON A REALITY FANTASY SHOW call now = 08707509020 Just 20p per min NTT Ltd, PO Box 1327 Croydon CR9 5WB 0870 is a national = rate call","YOUR CHANCE TO BE ON A REALITY FANTASY SHOW call now = 08707509020 Just 20p per min NTT Ltd, PO Box 1327 Croydon CR9 5WB 0870 is a national = rate call","YOUR CHANCE TO BE ON A REALITY FANTASY SHOW call now = 08707509020 Just 20p per min NTT Ltd, PO Box 1327 Croydon CR9 5WB 0870 is a national = rate call",spam,spam,conflict_needs_review,UCI SMS Spam Collection,SMS Spam Collection v.1,public_baseline,False,True,False,True,generic scam-like or unclear,pass_raw_complete,traceable,,,,,
EXP-SPAM-0205,WIN URGENT! Your mobile number has been awarded with a £2000 prize GUARANTEED call 09061790121 from land line. claim 3030 valid 12hrs only 150ppm,WIN URGENT! Your mobile number has been awarded with a £2000 prize GUARANTEED call 09061790121 from land line. claim 3030 valid 12hrs only 150ppm,WIN URGENT! Your mobile number has been awarded with a £2000 prize GUARANTEED call 09061790121 from land line. claim 3030 valid 12hrs only 150ppm,spam,spam,conflict_needs_review,UCI SMS Spam Collection,SMS Spam Collection v.1,public_baseline,False,True,False,True,reward/prize,pass_raw_complete,traceable,,,,,
EXP-SPAM-0206,"Bears Pic Nick, and Tom, Pete and ... Dick. In fact, all types try gay chat with photo upload call 08718730666 (10p/min). 2 stop texts call 08712460324","Bears Pic Nick, and Tom, Pete and ... Dick. In fact, all types try gay chat with photo upload call 08718730666 (10p/min). 2 stop texts call 08712460324","Bears Pic Nick, and Tom, Pete and ... Dick. In fact, all types try gay chat with photo upload call 08718730666 (10p/min). 2 stop texts call 08712460324",spam,spam,conflict_needs_review,UCI SMS Spam Collection,SMS Spam Collection v.1,public_baseline,False,True,False,True,adult/chat promo,pass_raw_complete,traceable,,,,,
EXP-SPAM-0207,"[ usdtferc.com ] Dear Lisa, the account has been reset for you, the new login code: Av8d68 remaining value 3,834,187.78 ~~~ PkYGQ","[ usdtferc.com ] Dear Lisa, the account has been reset for you, the new login code: Av8d68 remaining value 3,834,187.78 ~~~ PkYGQ","[ <URL> ] Dear Lisa, the account has been reset for you, the new login code: Av8d68 remaining value 3,834,187.78 ~~~ PkYGQ",phishing_messages_row,smishing,excluded_from_smishing_review,SMS Phishing Dataset,wspr-ncsu/sms-phishing,raw_recovery_91k_pool,True,False,False,True,banking/account-like suspicious,pass_raw_complete,traceable,,,,,
EXP-SPAM-0208,"[ usdtherc.com ] Dear Lisa, the account has been reset for you, the new login code: LV#288 remaining value 3852487.35 ~~~~ EYkdD","[ usdtherc.com ] Dear Lisa, the account has been reset for you, the new login code: LV#288 remaining value 3852487.35 ~~~~ EYkdD","[ <URL> ] Dear Lisa, the account has been reset for you, the new login code: LV#288 remaining value <PHONE> ~~~~ EYkdD",phishing_messages_row,smishing,excluded_from_smishing_review,SMS Phishing Dataset,wspr-ncsu/sms-phishing,content_quality_replacement_91k_pool,True,True,False,True,banking/account-like suspicious,pass_raw_complete,traceable,,,,,
EXP-SPAM-0209,"[ usdtferc.com ] Dear Lisa, the account has been reset for you, the new login code: Av8d68 remaining value 3,834,187.78 ~~~ yiCfm","[ usdtferc.com ] Dear Lisa, the account has been reset for you, the new login code: Av8d68 remaining value 3,834,187.78 ~~~ yiCfm","[ <URL> ] Dear Lisa, the account has been reset for you, the new login code: Av8d68 remaining value 3,834,187.78 ~~~ yiCfm",phishing_messages_row,smishing,excluded_from_smishing_review,SMS Phishing Dataset,wspr-ncsu/sms-phishing,raw_recovery_91k_pool,True,False,False,True,banking/account-like suspicious,pass_raw_complete,traceable,,,,,
EXP-SPAM-0210,"[ usdtferc.com ] Dear Lisa, the account has been reset for you, the new login code: LV#288 remaining value 3,852,287.99 ~~~~ peQYV","[ usdtferc.com ] Dear Lisa, the account has been reset for you, the new login code: LV#288 remaining value 3,852,287.99 ~~~~ peQYV","[ <URL> ] Dear Lisa, the account has been reset for you, the new login code: LV#288 remaining value 3,852,287.99 ~~~~ peQYV",phishing_messages_row,smishing,excluded_from_smishing_review,SMS Phishing Dataset,wspr-ncsu/sms-phishing,raw_recovery_91k_pool,True,False,False,True,banking/account-like suspicious,pass_raw_complete,traceable,,,,,
EXP-SPAM-0211,"[ usdtferc.com ] Dear Lisa, the account has been reset for you, the new login code: Av8d68 remaining value 3,834,187.78 ~~~ IyEoC","[ usdtferc.com ] Dear Lisa, the account has been reset for you, the new login code: Av8d68 remaining value 3,834,187.78 ~~~ IyEoC","[ <URL> ] Dear Lisa, the account has been reset for you, the new login code: Av8d68 remaining value 3,834,187.78 ~~~ IyEoC",phishing_messages_row,smishing,excluded_from_smishing_review,SMS Phishing Dataset,wspr-ncsu/sms-phishing,raw_recovery_91k_pool,True,False,False,True,banking/account-like suspicious,pass_raw_complete,traceable,,,,,
EXP-SPAM-0212,"【 www.bitoim.com 】 Acc***t Login:Rom88 P****od:R66888 Asse1ts:3,953,720.95 ~~~ FKePzy","【 www.bitoim.com 】 Acc***t Login:Rom88 P****od:R66888 Asse1ts:3,953,720.95 ~~~ FKePzy","【 <URL> 】 Acc***t Login:Rom88 P****od:R66888 Asse1ts:3,953,720.95 ~~~ FKePzy",phishing_messages_row,smishing,excluded_from_smishing_review,SMS Phishing Dataset,wspr-ncsu/sms-phishing,raw_recovery_91k_pool,True,False,False,False,generic scam-like or unclear,pass_raw_complete,traceable,,,,,
EXP-SPAM-0213,Police case filed against you. Settlement 19687 TK: urgent-bd.org/urgent,Police case filed against you. Settlement 19687 TK: urgent-bd.org/urgent,Police case filed against you. Settlement 19687 TK: <URL>,smish,smishing,excluded_from_smishing_review,Bengali SMS Smishing Dataset,shariul-islam/bengali-sms-smishing-dataset,raw_recovery_91k_pool,True,False,False,False,generic scam-like or unclear,pass_raw_complete,traceable,,,,,
EXP-SPAM-0214,"【 www.bitoim.com 】 Acc***t Login:Rom88 P****od:R66888 Asse1ts:3,953,720.95 ~~~ oisxyZ","【 www.bitoim.com 】 Acc***t Login:Rom88 P****od:R66888 Asse1ts:3,953,720.95 ~~~ oisxyZ","【 <URL> 】 Acc***t Login:Rom88 P****od:R66888 Asse1ts:3,953,720.95 ~~~ oisxyZ",phishing_messages_row,smishing,excluded_from_smishing_review,SMS Phishing Dataset,wspr-ncsu/sms-phishing,raw_recovery_91k_pool,True,False,False,False,generic scam-like or unclear,pass_raw_complete,traceable,,,,,
EXP-SPAM-0215,"【 www.bitoim.com 】 Acc***t Login:Rom88 P****od:R66888 Asse1ts:3,953,720.95 ~~~ ZrnPtI","【 www.bitoim.com 】 Acc***t Login:Rom88 P****od:R66888 Asse1ts:3,953,720.95 ~~~ ZrnPtI","【 <URL> 】 Acc***t Login:Rom88 P****od:R66888 Asse1ts:3,953,720.95 ~~~ ZrnPtI",phishing_messages_row,smishing,excluded_from_smishing_review,SMS Phishing Dataset,wspr-ncsu/sms-phishing,raw_recovery_91k_pool,True,False,False,False,generic scam-like or unclear,pass_raw_complete,traceable,,,,,
EXP-SPAM-0216,"【 www.bitoim.com 】 Acc***t Login:Rom88 P****od:R66888 Asse1ts:3,953,720.95 ~~~ BbndGg","【 www.bitoim.com 】 Acc***t Login:Rom88 P****od:R66888 Asse1ts:3,953,720.95 ~~~ BbndGg","【 <URL> 】 Acc***t Login:Rom88 P****od:R66888 Asse1ts:3,953,720.95 ~~~ BbndGg",phishing_messages_row,smishing,excluded_from_smishing_review,SMS Phishing Dataset,wspr-ncsu/sms-phishing,raw_recovery_91k_pool,True,False,False,False,generic scam-like or unclear,pass_raw_complete,traceable,,,,,
EXP-SPAM-0217,"【 www.bitoim.com 】 Acc***t Login:Rom88 P****od:R66888 Asse1ts:3,953,720.95 ~~~ prZhSu","【 www.bitoim.com 】 Acc***t Login:Rom88 P****od:R66888 Asse1ts:3,953,720.95 ~~~ prZhSu","【 <URL> 】 Acc***t Login:Rom88 P****od:R66888 Asse1ts:3,953,720.95 ~~~ prZhSu",phishing_messages_row,smishing,excluded_from_smishing_review,SMS Phishing Dataset,wspr-ncsu/sms-phishing,raw_recovery_91k_pool,True,False,False,False,generic scam-like or unclear,pass_raw_complete,traceable,,,,,
EXP-SPAM-0218,Paytm Secure SMS to verify your number and login: $YzU1M2E4MTIyMmQ5NWVmNWNWjMmMTJjYThiZTg,Paytm Secure SMS to verify your number and login: $YzU1M2E4MTIyMmQ5NWVmNWNWjMmMTJjYThiZTg,Paytm Secure SMS to verify your number and login: $YzU1M2E4MTIyMmQ5NWVmNWNWjMmMTJjYThiZTg,smishing_corpus_row,smishing,excluded_from_smishing_review,Smishing-Dataset-IMC25,reportsmishing/Smishing-Dataset-IMC25,raw_recovery_91k_pool,False,False,False,True,banking/account-like suspicious,pass_raw_complete,traceable,,,,,
EXP-SPAM-0219,"[ usdtferc.com ] Dear Lisa, the account has ****een reset for you, the new login code: Av8d68 remaining value 3,834,187.78 ~~~ ywGxG","[ usdtferc.com ] Dear Lisa, the account has ****een reset for you, the new login code: Av8d68 remaining value 3,834,187.78 ~~~ ywGxG","[ <URL> ] Dear Lisa, the account has ****een reset for you, the new login code: Av8d68 remaining value 3,834,187.78 ~~~ ywGxG",phishing_messages_row,smishing,excluded_from_smishing_review,SMS Phishing Dataset,wspr-ncsu/sms-phishing,raw_recovery_91k_pool,True,False,False,True,banking/account-like suspicious,pass_raw_complete,traceable,,,,,
EXP-SPAM-0220,"[ usdtferc.com ] Dear Lisa, the account has ****een reset for you, the new login code: LV#288 remaining value 3,852,287.99 ~~~ ksrgu","[ usdtferc.com ] Dear Lisa, the account has ****een reset for you, the new login code: LV#288 remaining value 3,852,287.99 ~~~ ksrgu","[ <URL> ] Dear Lisa, the account has ****een reset for you, the new login code: LV#288 remaining value 3,852,287.99 ~~~ ksrgu",phishing_messages_row,smishing,excluded_from_smishing_review,SMS Phishing Dataset,wspr-ncsu/sms-phishing,raw_recovery_91k_pool,True,False,False,True,banking/account-like suspicious,pass_raw_complete,traceable,,,,,
EXP-SPAM-0221,"[ usdtferc.com ] Dear Lisa, the account has ****een reset for you, the new login code: Av8d68 remaining value 3,834,187.78 ~~~ DsELV","[ usdtferc.com ] Dear Lisa, the account has ****een reset for you, the new login code: Av8d68 remaining value 3,834,187.78 ~~~ DsELV","[ <URL> ] Dear Lisa, the account has ****een reset for you, the new login code: Av8d68 remaining value 3,834,187.78 ~~~ DsELV",phishing_messages_row,smishing,excluded_from_smishing_review,SMS Phishing Dataset,wspr-ncsu/sms-phishing,raw_recovery_91k_pool,True,False,False,True,banking/account-like suspicious,pass_raw_complete,traceable,,,,,
EXP-SPAM-0222,"[ usdtferc.com ] Dear Lisa, the account has ****een reset for you, the new login code: Av8d68 remaining value 3,834,187.78 ~~~ KClmf","[ usdtferc.com ] Dear Lisa, the account has ****een reset for you, the new login code: Av8d68 remaining value 3,834,187.78 ~~~ KClmf","[ <URL> ] Dear Lisa, the account has ****een reset for you, the new login code: Av8d68 remaining value 3,834,187.78 ~~~ KClmf",phishing_messages_row,smishing,excluded_from_smishing_review,SMS Phishing Dataset,wspr-ncsu/sms-phishing,raw_recovery_91k_pool,True,False,False,True,banking/account-like suspicious,pass_raw_complete,traceable,,,,,
EXP-SPAM-0223,"[email protected] / (FirstHorizon-ID#174512) / (ONLINE-Verification),click the following link to confirm your account: http://e7.al/395","[email protected] / (FirstHorizon-ID#174512) / (ONLINE-Verification),click the following link to confirm your account: http://e7.al/395","[email protected] / (FirstHorizon-ID#174512) / (ONLINE-Verification),click the following link to confirm your account: <URL>",phishing_messages_row,smishing,excluded_from_smishing_review,SMS Phishing Dataset,wspr-ncsu/sms-phishing,raw_recovery_91k_pool,True,False,False,True,banking/account-like suspicious,pass_raw_complete,traceable,,,,,
EXP-SPAM-0224,"[ usdtferc.com ] Dear Lisa, the account has ****een reset for you, the new login code: LV#288 remaining value 3,852,287.99 ~~~ HVNHk","[ usdtferc.com ] Dear Lisa, the account has ****een reset for you, the new login code: LV#288 remaining value 3,852,287.99 ~~~ HVNHk","[ <URL> ] Dear Lisa, the account has ****een reset for you, the new login code: LV#288 remaining value 3,852,287.99 ~~~ HVNHk",phishing_messages_row,smishing,excluded_from_smishing_review,SMS Phishing Dataset,wspr-ncsu/sms-phishing,raw_recovery_91k_pool,True,False,False,True,banking/account-like suspicious,pass_raw_complete,traceable,,,,,
EXP-SPAM-0225,For me the love should start with attraction.i should feel that I need her every time around me.she should be the first thing which comes in my thoughts.I would start the day and end it with her.she should be there every time I dream.love will be then when my every breath has her name.my life should happen around her.my life will be named to her.I would cry for her.will give all my happiness and take all her sorrows.I will be ready to fight with anyone for her.I will be in love when I will be doing the craziest things for her.love will be when I don't have to proove anyone that my girl is the most beautiful lady on the whole planet.I will always be singing praises for her.love will be when I start up making chicken curry and end up makiing sambar.life will be the most beautiful then.will get every morning and thank god for the day because she is with me.I would like to say a lot..will tell later..,For me the love should start with attraction.i should feel that I need her every time around me.she should be the first thing which comes in my thoughts.I would start the day and end it with her.she should be there every time I dream.love will be then when my every breath has her name.my life should happen around her.my life will be named to her.I would cry for her.will give all my happiness and take all her sorrows.I will be ready to fight with anyone for her.I will be in love when I will be doing the craziest things for her.love will be when I don't have to proove anyone that my girl is the most beautiful lady on the whole planet.I will always be singing praises for her.love will be when I start up making chicken curry and end up makiing sambar.life will be the most beautiful then.will get every morning and thank god for the day because she is with me.I would like to say a lot..will tell later..,For me the love should start with attraction.i should feel that I need her every time around me.she should be the first thing which comes in my thoughts.I would start the day and end it with her.she should be there every time I dream.love will be then when my every breath has her name.my life should happen around her.my life will be named to her.I would cry for her.will give all my happiness and take all her sorrows.I will be ready to fight with anyone for her.I will be in love when I will be doing the craziest things for her.love will be when I don't have to proove anyone that my girl is the most beautiful lady on the whole planet.I will always be singing praises for her.love will be when I start up making chicken curry and end up makiing sambar.life will be the most beautiful then.will get every morning and thank god for the day because she is with me.I would like to say a lot..will tell later..,ham,ham,excluded_from_smishing_review,UCI SMS Spam Collection,SMS Spam Collection v.1,public_baseline,False,False,False,True,generic scam-like or unclear,review_too_long,traceable,,,,,
EXP-SPAM-0226,"[emailÂ protected] / (FirstHorizon-ID#11174) / (ONLINE-Verification),click the following link to confirm your account: http://e7.al/387","[emailÂ protected] / (FirstHorizon-ID#11174) / (ONLINE-Verification),click the following link to confirm your account: http://e7.al/387","[emailÂ protected] / (FirstHorizon-ID#11174) / (ONLINE-Verification),click the following link to confirm your account: <URL>",smishing,smishing,excluded_from_smishing_review,SmishX,yizhu-joy/SmishX,raw_recovery_91k_pool,True,False,False,True,banking/account-like suspicious,pass_raw_complete,traceable,,,,,
EXP-SPAM-0227,"Your verification code for BaitSalam.com is: 075422
Enter this code on the web to verify your phone number.
BaitSalam","Your verification code for BaitSalam.com is: 075422
Enter this code on the web to verify your phone number.
BaitSalam",Your verification code for <URL> is: 075422 Enter this code on the web to verify your phone number. BaitSalam,phishing_messages_row,smishing,excluded_from_smishing_review,SMS Phishing Dataset,wspr-ncsu/sms-phishing,raw_recovery_91k_pool,True,False,True,False,banking/account-like suspicious,pass_raw_complete,traceable,,,,,
EXP-SPAM-0228,[emailÂ protected] / U-S-P-S ID 43077 / We could not find the correct info provided for your item: https://qi.lv/mwg,[emailÂ protected] / U-S-P-S ID 43077 / We could not find the correct info provided for your item: https://qi.lv/mwg,[emailÂ protected] / U-S-P-S ID 43077 / We could not find the correct info provided for your item: <URL>,smishing,smishing,excluded_from_smishing_review,SmishX,yizhu-joy/SmishX,raw_recovery_91k_pool,True,False,False,False,generic scam-like or unclear,pass_raw_complete,traceable,,,,,
EXP-SPAM-0229,"（ www.usdtmerc.com ）A**ount Login:Rom88 P***word:R66888 Avai1lable:3,873,504.37ÙŠÐТ #%@[email protected]","（ www.usdtmerc.com ）A**ount Login:Rom88 P***word:R66888 Avai1lable:3,873,504.37ÙŠÐТ #%@[email protected]","（ <URL> ）A**ount Login:Rom88 P***word:R66888 Avai1lable:3,873,504.37ÙŠÐТ #%@[email protected]",phishing_messages_row,smishing,excluded_from_smishing_review,SMS Phishing Dataset,wspr-ncsu/sms-phishing,raw_recovery_91k_pool,True,False,False,True,banking/account-like suspicious,pass_raw_complete,traceable,,,,,
EXP-SPAM-0230,"[email protected] / (FirstHorizon-ID#48123) / (ONLINE-Verification),click the following link to confirm your account: http://e7.al/369","[email protected] / (FirstHorizon-ID#48123) / (ONLINE-Verification),click the following link to confirm your account: http://e7.al/369","[email protected] / (FirstHorizon-ID#48123) / (ONLINE-Verification),click the following link to confirm your account: <URL>",phishing_messages_row,smishing,excluded_from_smishing_review,SMS Phishing Dataset,wspr-ncsu/sms-phishing,raw_recovery_91k_pool,True,False,False,True,banking/account-like suspicious,pass_raw_complete,traceable,,,,,
EXP-SPAM-0231,Your verification code for BaitSalam.com is: 723766 Enter this code on the web to verify your phone number. BaitSalam,Your verification code for BaitSalam.com is: 723766 Enter this code on the web to verify your phone number. BaitSalam,Your verification code for <URL> is: 723766 Enter this code on the web to verify your phone number. BaitSalam,phishing_messages_row,smishing,excluded_from_smishing_review,SMS Phishing Dataset,wspr-ncsu/sms-phishing,raw_recovery_91k_pool,True,False,True,False,banking/account-like suspicious,pass_raw_complete,traceable,,,,,
EXP-SPAM-0232,575747   is   your   verification   code   for   app.vanillamail.net.,575747   is   your   verification   code   for   app.vanillamail.net.,575747 is your verification code for <URL>,phishing_messages_row,smishing,excluded_from_smishing_review,SMS Phishing Dataset,wspr-ncsu/sms-phishing,raw_recovery_91k_pool,True,False,True,False,banking/account-like suspicious,pass_raw_complete,traceable,,,,,
EXP-SPAM-0233,"Prem Jewellrs Vijaynagar Lucky draw scheme , monthly Rs 300 for 12 month, every month lucky member will be given Rs3600 gold or silver article.Call-9008097492","Prem Jewellrs Vijaynagar Lucky draw scheme , monthly Rs 300 for 12 month, every month lucky member will be given Rs3600 gold or silver article.Call-9008097492","Prem Jewellrs Vijaynagar Lucky draw scheme, monthly <AMOUNT> for 12 month, every month lucky member will be given <AMOUNT> gold or silver article.Call-<PHONE>",Smishing,smishing,excluded_from_smishing_review,Mishra & Soni,SMS Phishing Dataset for Machine Learning and Pattern Recognition,public_baseline,False,True,False,True,generic scam-like or unclear,pass_raw_complete,traceable,,,,,
EXP-SPAM-0234,"URGENT! Dear FL1PKART Customer, We are trying to contact you. Last weekends draw shows that you w0n a Rs.5,00,000 prize GUARANTEED. Call 7044518857. Claim Code FLIP82. Valid 12hrs only.","URGENT! Dear FL1PKART Customer, We are trying to contact you. Last weekends draw shows that you w0n a Rs.5,00,000 prize GUARANTEED. Call 7044518857. Claim Code FLIP82. Valid 12hrs only.","URGENT! Dear FL1PKART Customer, We are trying to contact you. Last weekends draw shows that you w0n a Rs.5,00,000 prize GUARANTEED. Call <PHONE>. Claim Code <OTP>. Valid 12hrs only.",Smishing,smishing,excluded_from_smishing_review,Mishra & Soni,SMS Phishing Dataset for Machine Learning and Pattern Recognition,public_baseline,False,True,True,True,reward/prize,pass_raw_complete,traceable,,,,,
EXP-SPAM-0235,Paytm Secure SMS to verify your number and Login:MTI40TcwgZWYyM2ZmM2NjZWYwZDM1NzBhN2E5YmlwMzM=,Paytm Secure SMS to verify your number and Login:MTI40TcwgZWYyM2ZmM2NjZWYwZDM1NzBhN2E5YmlwMzM=,Paytm Secure SMS to verify your number and Login:MTI40TcwgZWYyM2ZmM2NjZWYwZDM1NzBhN2E5YmlwMzM=,smishing_corpus_row,smishing,excluded_from_smishing_review,Smishing-Dataset-IMC25,reportsmishing/Smishing-Dataset-IMC25,raw_recovery_91k_pool,False,False,False,False,banking/account-like suspicious,pass_raw_complete,traceable,,,,,
EXP-SPAM-0236,"Invest TK 1,00,000 and get TK 3,00,000! Call: +8801911011023","Invest TK 1,00,000 and get TK 3,00,000! Call: +8801911011023","Invest TK 1,00,000 and get TK 3,00,000! Call: <PHONE>",smish,smishing,excluded_from_smishing_review,Bengali SMS Smishing Dataset,shariul-islam/bengali-sms-smishing-dataset,raw_recovery_91k_pool,False,True,False,False,generic scam-like or unclear,pass_raw_complete,traceable,,,,,
EXP-SPAM-0237,"/ (FirstHorizon-ID#165012) / (ONLINE-Verification),click the following link to confirm your account: http://e7.al/395","/ (FirstHorizon-ID#165012) / (ONLINE-Verification),click the following link to confirm your account: http://e7.al/395","/ (FirstHorizon-ID#165012) / (ONLINE-Verification),click the following link to confirm your account: <URL>",phishing_messages_row,smishing,excluded_from_smishing_review,SMS Phishing Dataset,wspr-ncsu/sms-phishing,raw_recovery_91k_pool,True,False,False,True,banking/account-like suspicious,pass_raw_complete,traceable,,,,,
EXP-SPAM-0238,2 MIN Survey - 100 Reward,2 MIN Survey - 100 Reward,,smishing_corpus_row,smishing,public_candidate_spam,Smishing-Dataset-IMC25,reportsmishing/Smishing-Dataset-IMC25,GitHub_dataset,False,False,False,False,reward/prize,pass_raw_complete,traceable,,,,,
EXP-SPAM-0239,Get the Biggest Dick For Her 🍌,Get the Biggest Dick For Her 🍌,,smishing_corpus_row,smishing,public_candidate_spam,Smishing-Dataset-IMC25,reportsmishing/Smishing-Dataset-IMC25,GitHub_dataset,False,False,False,False,spam,pass_raw_complete,traceable,,,,,
EXP-SPAM-0240,30k bonus for both old and new customers. Thank you for using sportybet. ... 30k bonus for both old and new customers. Thank you for using sportybet.,30k bonus for both old and new customers. Thank you for using sportybet. ... 30k bonus for both old and new customers. Thank you for using sportybet.,,smishing_corpus_row,smishing,public_candidate_spam,Smishing-Dataset-IMC25,reportsmishing/Smishing-Dataset-IMC25,GitHub_dataset,False,False,False,True,gambling/casino/free spin,pass_raw_complete,traceable,,,,,
EXP-SPAM-0241,Keep It Stiff For A Fun Night,Keep It Stiff For A Fun Night,,smishing_corpus_row,smishing,public_candidate_spam,Smishing-Dataset-IMC25,reportsmishing/Smishing-Dataset-IMC25,GitHub_dataset,False,False,False,False,spam,pass_raw_complete,traceable,,,,,
EXP-SPAM-0242,"LK144650546AU The parcel is delivered abnormally, please reconfirm the address and contact information, otherwise we will return it:","LK144650546AU The parcel is delivered abnormally, please reconfirm the address and contact information, otherwise we will return it:","LK144650546AU The parcel is delivered abnormally, please reconfirm the address and contact information, otherwise we will return it:",smishing_corpus_row,smishing,weak_signal_suspicious,Smishing-Dataset-IMC25,reportsmishing/Smishing-Dataset-IMC25,raw_recovery_91k_pool,False,True,False,False,banking/account-like suspicious,pass_raw_complete,traceable,,,,,
EXP-SPAM-0243,"The address of your package logistics tail number 5892 is not detailed, and needs to be updated : l.ead.me/Vg8TrwQG O","The address of your package logistics tail number 5892 is not detailed, and needs to be updated : l.ead.me/Vg8TrwQG O","The address of your package logistics tail number 5892 is not detailed, and needs to be updated: <URL> O",verified_smishing,smishing,weak_signal_suspicious,SmishTank,SmishTank Dataset / Smishing Dataset I,public_baseline,True,False,False,False,delivery-like suspicious,pass_raw_complete,traceable,,,,,
EXP-SPAM-0244,[HMRC]: You're due a tax refund of up to 400.00GBP from HMRC. To process your application please complete your form via,[HMRC]: You're due a tax refund of up to 400.00GBP from HMRC. To process your application please complete your form via,[HMRC]: You're due a tax refund of up to 400.00GBP from HMRC. To process your application please complete your form via,smishing_corpus_row,smishing,weak_signal_suspicious,Smishing-Dataset-IMC25,reportsmishing/Smishing-Dataset-IMC25,strict_raw_replacement_91k_pool,False,False,False,True,banking/account-like suspicious,pass_raw_complete,traceable,,,,,
EXP-SPAM-0245,"FreeMsg_WFargo: Your billpay did not process as scheduled, we are here to help you solve it. Follow Ipsf/wfargo to review","FreeMsg_WFargo: Your billpay did not process as scheduled, we are here to help you solve it. Follow Ipsf/wfargo to review","FreeMsg_WFargo: Your billpay did not process as scheduled, we are here to help you solve it. Follow Ipsf/wfargo to review",verified_smishing,smishing,weak_signal_suspicious,SmishTank,SmishTank Dataset / Smishing Dataset I,public_baseline,False,False,False,False,job/investment offer,pass_raw_complete,traceable,,,,,
EXP-SPAM-0246,Your ERupee debt are now have severe overdue. The company will contact your relatives to understand the reasons for the arrears and publicize your breach of contract to the banks.,Your ERupee debt are now have severe overdue. The company will contact your relatives to understand the reasons for the arrears and publicize your breach of contract to the banks.,Your ERupee debt are now have severe overdue. The company will contact your relatives to understand the reasons for the arrears and publicize your breach of contract to the banks.,smishing_corpus_row,smishing,weak_signal_suspicious,Smishing-Dataset-IMC25,reportsmishing/Smishing-Dataset-IMC25,raw_recovery_91k_pool,False,False,False,True,banking/account-like suspicious,pass_raw_complete,traceable,,,,,
EXP-SPAM-0247,Good news about your auto loan request! Your loan specialist at  Mossy Mitsubishi Escondido is ready to discuss your options. You can use the link below to schedule an appointment.,Good news about your auto loan request! Your loan specialist at  Mossy Mitsubishi Escondido is ready to discuss your options. You can use the link below to schedule an appointment.,Good news about your auto loan request! Your loan specialist at Mossy Mitsubishi Escondido is ready to discuss your options. You can use the link below to schedule an appointment.,smishing_corpus_row,smishing,weak_signal_suspicious,Smishing-Dataset-IMC25,reportsmishing/Smishing-Dataset-IMC25,raw_recovery_91k_pool,False,False,False,False,generic scam-like or unclear,pass_raw_complete,traceable,,,,,
EXP-SPAM-0248,Hi Dad Whose this? It's your eldest and favourite child. X Hmm I have an eldest child and I have a favourite child!! X Yes x,Hi Dad Whose this? It's your eldest and favourite child. X Hmm I have an eldest child and I have a favourite child!! X Yes x,Hi Dad Whose this? It's your eldest and favourite child. X Hmm I have an eldest child and I have a favourite child!! X Yes x,smishing_corpus_row,smishing,weak_signal_suspicious,Smishing-Dataset-IMC25,reportsmishing/Smishing-Dataset-IMC25,raw_recovery_91k_pool,False,False,False,False,delivery-like suspicious,pass_raw_complete,traceable,,,,,
EXP-SPAM-0249,Train No 12138 has been cancelled due to unavoidable circumstances. Inconvenience caused to passengers is deeply regretted.,Train No 12138 has been cancelled due to unavoidable circumstances. Inconvenience caused to passengers is deeply regretted.,Train No 12138 has been cancelled due to unavoidable circumstances. Inconvenience caused to passengers is deeply regretted.,smishing_corpus_row,smishing,weak_signal_suspicious,Smishing-Dataset-IMC25,reportsmishing/Smishing-Dataset-IMC25,strict_raw_replacement_91k_pool,False,False,False,True,generic scam-like or unclear,pass_raw_complete,traceable,,,,,
EXP-SPAM-0250,"Dial *213*6551# to bring smile to loved one's face, charge 82.67 daily","Dial *213*6551# to bring smile to loved one's face, charge 82.67 daily","Dial *213*6551# to bring smile to loved one's face, charge 82.67 daily",smish,smishing,weak_signal_suspicious,Bengali SMS Smishing Dataset,shariul-islam/bengali-sms-smishing-dataset,raw_recovery_91k_pool,False,False,False,False,generic scam-like or unclear,pass_raw_complete,traceable,,,,,
EXP-SPAM-0251,"Package No. 368574983EE couldn't deliver due to misinformation on your street number, please follow t.ly/E3Y_QgN to make correction. Thanks","Package No. 368574983EE couldn't deliver due to misinformation on your street number, please follow t.ly/E3Y_QgN to make correction. Thanks","Package No. 368574983EE couldn't deliver due to misinformation on your street number, please follow <URL> to make correction. Thanks",verified_smishing,smishing,weak_signal_suspicious,SmishTank,SmishTank Dataset / Smishing Dataset I,public_baseline,True,True,False,False,delivery-like suspicious,pass_raw_complete,traceable,,,,,
EXP-SPAM-0252,"REGISTER FOR VACCINE NOW
for people 18+ above!!","REGISTER FOR VACCINE NOW
for people 18+ above!!",REGISTER FOR VACCINE NOW for people 18+ above!!,smishing_corpus_row,smishing,weak_signal_suspicious,Smishing-Dataset-IMC25,reportsmishing/Smishing-Dataset-IMC25,raw_recovery_91k_pool,False,False,False,False,generic scam-like or unclear,pass_raw_complete,traceable,,,,,
EXP-SPAM-0253,Hi Rs.5000 Welcome C...,Hi Rs.5000 Welcome C...,,smishing_corpus_row,smishing,public_candidate_spam,Smishing-Dataset-IMC25,reportsmishing/Smishing-Dataset-IMC25,GitHub_dataset,False,False,False,True,spam,pass_raw_complete,traceable,,,,,
EXP-SPAM-0254,Membership ID-  Please don’t bother calling or mailing to convince me otherwise or for any other reason. Just mail me confirmation that my membership is cancelled.,Membership ID-  Please don’t bother calling or mailing to convince me otherwise or for any other reason. Just mail me confirmation that my membership is cancelled.,Membership ID- Please don’t bother calling or mailing to convince me otherwise or for any other reason. Just mail me confirmation that my membership is cancelled.,smishing_corpus_row,smishing,weak_signal_suspicious,Smishing-Dataset-IMC25,reportsmishing/Smishing-Dataset-IMC25,raw_recovery_91k_pool,False,False,False,True,delivery-like suspicious,pass_raw_complete,traceable,,,,,
EXP-SPAM-0255,HiGood evening have you had dinner? Come out for dinner Are You still busy Now? ;),HiGood evening have you had dinner? Come out for dinner Are You still busy Now? ;),HiGood evening have you had dinner? Come out for dinner Are You still busy Now? ;),verified_smishing,smishing,weak_signal_suspicious,SmishTank,SmishTank Dataset / Smishing Dataset I,public_baseline,False,False,False,False,generic scam-like or unclear,pass_raw_complete,traceable,,,,,
EXP-SPAM-0256,Your property ownership documents forged. Authenticate with 22000 TK: property-auth.bd/urgent,Your property ownership documents forged. Authenticate with 22000 TK: property-auth.bd/urgent,Your property ownership documents forged. Authenticate with 22000 TK: property-auth.bd/urgent,smish,smishing,weak_signal_suspicious,Bengali SMS Smishing Dataset,shariul-islam/bengali-sms-smishing-dataset,raw_recovery_91k_pool,False,False,False,True,banking/account-like suspicious,pass_raw_complete,traceable,,,,,
EXP-SPAM-0257,You can earn 20 to 30 thousand per month 🌺\nContact number 01761693374 💢,You can earn 20 to 30 thousand per month 🌺\nContact number 01761693374 💢,You can earn 20 to 30 thousand per month 🌺\nContact number <PHONE> 💢,smish,smishing,weak_signal_suspicious,Bengali SMS Smishing Dataset,shariul-islam/bengali-sms-smishing-dataset,raw_recovery_91k_pool,False,True,False,False,banking/account-like suspicious,pass_raw_complete,traceable,,,,,
EXP-SPAM-0258,Package Tracking: Your package arrived at the transit center but could not be delivered due to incomplete address information. Details:,Package Tracking: Your package arrived at the transit center but could not be delivered due to incomplete address information. Details:,Package Tracking: Your package arrived at the transit center but could not be delivered due to incomplete address information. Details:,smishing_corpus_row,smishing,weak_signal_suspicious,Smishing-Dataset-IMC25,reportsmishing/Smishing-Dataset-IMC25,raw_recovery_91k_pool,False,False,False,False,delivery-like suspicious,pass_raw_complete,traceable,,,,,
EXP-SPAM-0259,Walgreens: You are one of few final selections in our recent prize program & can redeem 1 of 834 rewards for a 1 min survey cpqsz.cc/DwFK192,Walgreens: You are one of few final selections in our recent prize program & can redeem 1 of 834 rewards for a 1 min survey cpqsz.cc/DwFK192,Walgreens: You are one of few final selections in our recent prize program & can redeem 1 of 834 rewards for a 1 min survey cpqsz.cc/DwFK192,verified_smishing,smishing,weak_signal_suspicious,SmishTank,SmishTank Dataset / Smishing Dataset I,public_baseline,False,False,False,False,reward/prize,pass_raw_complete,traceable,,,,,
EXP-SPAM-0260,NHS-UK: Test & Trace noticed you were in contact with somebody who has,NHS-UK: Test & Trace noticed you were in contact with somebody who has,NHS-UK: Test & Trace noticed you were in contact with somebody who has,smishing_corpus_row,smishing,weak_signal_suspicious,Smishing-Dataset-IMC25,reportsmishing/Smishing-Dataset-IMC25,strict_raw_replacement_91k_pool,False,False,False,False,generic scam-like or unclear,pass_raw_complete,traceable,,,,,
EXP-SPAM-0261,USPS: The carrier was unable to deliver your order because the shipping information is missing a house number. Check please.,USPS: The carrier was unable to deliver your order because the shipping information is missing a house number. Check please.,USPS: The carrier was unable to deliver your order because the shipping information is missing a house number. Check please.,smishing_corpus_row,smishing,weak_signal_suspicious,Smishing-Dataset-IMC25,reportsmishing/Smishing-Dataset-IMC25,raw_recovery_91k_pool,False,False,False,False,delivery-like suspicious,pass_raw_complete,traceable,,,,,
EXP-SPAM-0262,HWforSNKRTEGHINMATH SCISST You are selected join our company and wage is 8700 RS.,HWforSNKRTEGHINMATH SCISST You are selected join our company and wage is 8700 RS.,HWforSNKRTEGHINMATH SCISST You are selected join our company and wage is 8700 RS.,smishing_corpus_row,smishing,weak_signal_suspicious,Smishing-Dataset-IMC25,reportsmishing/Smishing-Dataset-IMC25,raw_recovery_91k_pool,False,False,False,True,delivery-like suspicious,pass_raw_complete,traceable,,,,,
EXP-SPAM-0263,HWforSNKRTENGHINMATH SCISST You are selected join our company and wage is 8700 RS.,HWforSNKRTENGHINMATH SCISST You are selected join our company and wage is 8700 RS.,HWforSNKRTENGHINMATH SCISST You are selected join our company and wage is 8700 RS.,smishing_corpus_row,smishing,weak_signal_suspicious,Smishing-Dataset-IMC25,reportsmishing/Smishing-Dataset-IMC25,raw_recovery_91k_pool,False,False,False,True,generic scam-like or unclear,pass_raw_complete,traceable,,,,,
EXP-SPAM-0264,Co m e to our post office to get your delivery package.,Co m e to our post office to get your delivery package.,Co m e to our post office to get your delivery package.,smishing_corpus_row,smishing,weak_signal_suspicious,Smishing-Dataset-IMC25,reportsmishing/Smishing-Dataset-IMC25,raw_recovery_91k_pool,False,False,False,False,banking/account-like suspicious,pass_raw_complete,traceable,,,,,
EXP-SPAM-0265,"Your DHL Shipment is waiting for delivery
Reason: due customs fees
(1.99 EUR)
Follow here:","Your DHL Shipment is waiting for delivery
Reason: due customs fees
(1.99 EUR)
Follow here:",Your DHL Shipment is waiting for delivery Reason: due customs fees (1.99 EUR) Follow here:,smishing_corpus_row,smishing,weak_signal_suspicious,Smishing-Dataset-IMC25,reportsmishing/Smishing-Dataset-IMC25,raw_recovery_91k_pool,False,False,False,True,banking/account-like suspicious,pass_raw_complete,traceable,,,,,
EXP-SPAM-0266,"Hi mum I'm texting you off a friends phone I've smashed mine and their phones about to die, can you WhatsApp my new number 0*** please x","Hi mum I'm texting you off a friends phone I've smashed mine and their phones about to die, can you WhatsApp my new number 0*** please x","Hi mum I'm texting you off a friends phone I've smashed mine and their phones about to die, can you WhatsApp my new number 0*** please x",smishing_corpus_row,smishing,weak_signal_suspicious,Smishing-Dataset-IMC25,reportsmishing/Smishing-Dataset-IMC25,raw_recovery_91k_pool,False,False,False,False,generic scam-like or unclear,pass_raw_complete,traceable,,,,,
EXP-SPAM-0267,"Your Phone No has been selected for 3.35 Crore from Global Mobile award.
for claims, send mail with Name, contact No, address and age.","Your Phone No has been selected for 3.35 Crore from Global Mobile award.
for claims, send mail with Name, contact No, address and age.","Your Phone No has been selected for 3.35 Crore from Global Mobile award. for claims, send mail with Name, contact No, address and age.",smishing_corpus_row,smishing,weak_signal_suspicious,Smishing-Dataset-IMC25,reportsmishing/Smishing-Dataset-IMC25,raw_recovery_91k_pool,False,False,False,False,reward/prize,pass_raw_complete,traceable,,,,,
EXP-SPAM-0268,Join the SBET community and get rewarded! Stay updated and get GCash DEPOSIT BONUS!,Join the SBET community and get rewarded! Stay updated and get GCash DEPOSIT BONUS!,Join the SBET community and get rewarded! Stay updated and get GCash DEPOSIT BONUS!,smishing_corpus_row,smishing,weak_signal_suspicious,Smishing-Dataset-IMC25,reportsmishing/Smishing-Dataset-IMC25,raw_recovery_91k_pool,False,False,False,False,gambling/casino/free spin,pass_raw_complete,traceable,,,,,
EXP-SPAM-0269,Postoffice: We tried to deliver your package but there is no postage (0.47 RAND) . Follow please the instructions here:,Postoffice: We tried to deliver your package but there is no postage (0.47 RAND) . Follow please the instructions here:,Postoffice: We tried to deliver your package but there is no postage (0.47 RAND). Follow please the instructions here:,smishing_corpus_row,smishing,weak_signal_suspicious,Smishing-Dataset-IMC25,reportsmishing/Smishing-Dataset-IMC25,raw_recovery_91k_pool,False,False,False,False,banking/account-like suspicious,pass_raw_complete,traceable,,,,,
EXP-SPAM-0270,[Qatarpost]: We cannot deliver to your door due to the incorrect house number please modify the address in time,[Qatarpost]: We cannot deliver to your door due to the incorrect house number please modify the address in time,[Qatarpost]: We cannot deliver to your door due to the incorrect house number please modify the address in time,smishing_corpus_row,smishing,weak_signal_suspicious,Smishing-Dataset-IMC25,reportsmishing/Smishing-Dataset-IMC25,strict_raw_replacement_91k_pool,False,False,False,False,delivery-like suspicious,pass_raw_complete,traceable,,,,,
EXP-SPAM-0271,WE WILL HOLD YOUR PAYTM AMOUNT AFTER SOMETIME COMPLETE YOUR PAYTM KYC PAYTM OFFICE PH 6200992462,WE WILL HOLD YOUR PAYTM AMOUNT AFTER SOMETIME COMPLETE YOUR PAYTM KYC PAYTM OFFICE PH 6200992462,WE WILL HOLD YOUR PAYTM AMOUNT AFTER SOMETIME COMPLETE YOUR PAYTM KYC PAYTM OFFICE PH <PHONE>,Smishing,smishing,weak_signal_suspicious,Mishra & Soni,SMS Phishing Dataset for Machine Learning and Pattern Recognition,public_baseline,False,True,False,False,generic scam-like or unclear,pass_raw_complete,traceable,,,,,
EXP-SPAM-0272,.Linkt: Your order is overdue to avoid the fine charges please see,.Linkt: Your order is overdue to avoid the fine charges please see,.Linkt: Your order is overdue to avoid the fine charges please see,smishing_corpus_row,smishing,weak_signal_suspicious,Smishing-Dataset-IMC25,reportsmishing/Smishing-Dataset-IMC25,raw_recovery_91k_pool,False,False,False,False,delivery-like suspicious,pass_raw_complete,traceable,,,,,
EXP-SPAM-0273,"hi Jessie, it's been a long time since I came out, what are you doing recently?","hi Jessie, it's been a long time since I came out, what are you doing recently?","hi Jessie, it's been a long time since I came out, what are you doing recently?",verified_smishing,smishing,weak_signal_suspicious,SmishTank,SmishTank Dataset / Smishing Dataset I,public_baseline,False,False,False,False,generic scam-like or unclear,pass_raw_complete,traceable,,,,,
EXP-SPAM-0274,You have a package stuck in the sorting center due to missing address pls fill in the correct address.,You have a package stuck in the sorting center due to missing address pls fill in the correct address.,You have a package stuck in the sorting center due to missing address pls fill in the correct address.,smishing_corpus_row,smishing,weak_signal_suspicious,Smishing-Dataset-IMC25,reportsmishing/Smishing-Dataset-IMC25,raw_recovery_91k_pool,False,False,False,False,banking/account-like suspicious,pass_raw_complete,traceable,,,,,
EXP-SPAM-0275,"STAY ALERT! Just because True callers ID says ""Safaricom customer care,"" does not mean that's who's calling. Do not follow instructions from such callers.","STAY ALERT! Just because True callers ID says ""Safaricom customer care,"" does not mean that's who's calling. Do not follow instructions from such callers.","STAY ALERT! Just because True callers ID says ""Safaricom customer care,"" does not mean that's who's calling. Do not follow instructions from such callers.",smishing_corpus_row,smishing,weak_signal_suspicious,Smishing-Dataset-IMC25,reportsmishing/Smishing-Dataset-IMC25,raw_recovery_91k_pool,False,False,False,True,banking/account-like suspicious,pass_raw_complete,traceable,,,,,
EXP-SPAM-0276,Hey Am an artist If you don't mind one of your picture could be my inspiring muse for an art project I'm working on for a client You will totally get paid for it as well as a bonus; you'll also get credits,Hey Am an artist If you don't mind one of your picture could be my inspiring muse for an art project I'm working on for a client You will totally get paid for it as well as a bonus; you'll also get credits,Hey Am an artist If you don't mind one of your picture could be my inspiring muse for an art project I'm working on for a client You will totally get paid for it as well as a bonus; you'll also get credits,verified_smishing,smishing,weak_signal_suspicious,SmishTank,SmishTank Dataset / Smishing Dataset I,public_baseline,False,False,False,False,reward/prize,pass_raw_complete,traceable,,,,,
EXP-SPAM-0277,"Govt Approved
4G/5G towers in your Plot, house spare space
30000 rental + advance + insurance + job","Govt Approved
4G/5G towers in your Plot, house spare space
30000 rental + advance + insurance + job","Govt Approved 4G/5G towers in your Plot, house spare space 30000 rental + advance + insurance + job",smishing_corpus_row,smishing,weak_signal_suspicious,Smishing-Dataset-IMC25,reportsmishing/Smishing-Dataset-IMC25,raw_recovery_91k_pool,False,False,False,True,job/investment offer,pass_raw_complete,traceable,,,,,
EXP-SPAM-0278,"OPTUS SECURITY: Due to the OPTUS data breach, We're issuing NEW sim cards. This will not affect your services, but protect your personal information. Please book delivery here:","OPTUS SECURITY: Due to the OPTUS data breach, We're issuing NEW sim cards. This will not affect your services, but protect your personal information. Please book delivery here:","OPTUS <OTP>: Due to the OPTUS data breach, We're issuing NEW sim cards. This will not affect your services, but protect your personal information. Please book delivery here:",smishing_corpus_row,smishing,weak_signal_suspicious,Smishing-Dataset-IMC25,reportsmishing/Smishing-Dataset-IMC25,strict_raw_replacement_91k_pool,False,False,True,True,banking/account-like suspicious,pass_raw_complete,traceable,,,,,
EXP-SPAM-0279,"Your son is in trouble, urgently send money to this number","Your son is in trouble, urgently send money to this number","Your son is in trouble, urgently send money to this number",smish,smishing,weak_signal_suspicious,Bengali SMS Smishing Dataset,shariul-islam/bengali-sms-smishing-dataset,raw_recovery_91k_pool,False,False,False,False,banking/account-like suspicious,pass_raw_complete,traceable,,,,,
EXP-SPAM-0280,Order-ID 46987 Hello. The delivery guy was at your door. We missed you. Inform us when we can come back today b806l.me/duNccdX,Order-ID 46987 Hello. The delivery guy was at your door. We missed you. Inform us when we can come back today b806l.me/duNccdX,Order-ID 46987 Hello. The delivery guy was at your door. We missed you. Inform us when we can come back today <URL>,verified_smishing,smishing,weak_signal_suspicious,SmishTank,SmishTank Dataset / Smishing Dataset I,public_baseline,True,False,False,False,delivery-like suspicious,pass_raw_complete,traceable,,,,,
EXP-SPAM-0281,"ALERT! Avoid service interruptions by upgrading to digibank's latest app version 4.10 by 13 Jan'21 & enjoy faster, smoother experience. Upgrade:","ALERT! Avoid service interruptions by upgrading to digibank's latest app version 4.10 by 13 Jan'21 & enjoy faster, smoother experience. Upgrade:","ALERT! Avoid service interruptions by upgrading to digibank's latest app version 4.10 by 13 Jan'21 & enjoy faster, smoother experience. Upgrade:",smishing_corpus_row,smishing,weak_signal_suspicious,Smishing-Dataset-IMC25,reportsmishing/Smishing-Dataset-IMC25,raw_recovery_91k_pool,False,False,False,True,banking/account-like suspicious,pass_raw_complete,traceable,,,,,
EXP-SPAM-0282,CVS Customer Appreciation Week: Finish Quick Survey and Receive up to $75 in CVS Store Rewards 📦,CVS Customer Appreciation Week: Finish Quick Survey and Receive up to $75 in CVS Store Rewards 📦,CVS Customer Appreciation Week: Finish Quick Survey and Receive up to <AMOUNT> in CVS Store Rewards 📦,smishing_corpus_row,smishing,weak_signal_suspicious,Smishing-Dataset-IMC25,reportsmishing/Smishing-Dataset-IMC25,raw_recovery_91k_pool,False,False,False,True,banking/account-like suspicious,pass_raw_complete,traceable,,,,,
EXP-SPAM-0283,Don’t let smishing get on the way. This is a shortcut for SMS Phishing,Don’t let smishing get on the way. This is a shortcut for SMS Phishing,Don’t let smishing get on the way. This is a shortcut for SMS Phishing,smishing_corpus_row,smishing,weak_signal_suspicious,Smishing-Dataset-IMC25,reportsmishing/Smishing-Dataset-IMC25,strict_raw_replacement_91k_pool,False,False,False,False,delivery-like suspicious,pass_raw_complete,traceable,,,,,
EXP-SPAM-0284,5 lakh taka loan guaranteed within 24 hours. No deposit or brokerage. Apply today. Contact: 01867546389,5 lakh taka loan guaranteed within 24 hours. No deposit or brokerage. Apply today. Contact: 01867546389,5 lakh taka loan guaranteed within 24 hours. No deposit or brokerage. Apply today. Contact: <PHONE>,smish,smishing,weak_signal_suspicious,Bengali SMS Smishing Dataset,shariul-islam/bengali-sms-smishing-dataset,raw_recovery_91k_pool,False,True,False,True,generic scam-like or unclear,pass_raw_complete,traceable,,,,,
EXP-SPAM-0285,City Power ticket CPWEB3613509 has been updated to 'Job Complete',City Power ticket CPWEB3613509 has been updated to 'Job Complete',City Power ticket CPWEB3613509 has been updated to 'Job Complete',smishing_corpus_row,smishing,weak_signal_suspicious,Smishing-Dataset-IMC25,reportsmishing/Smishing-Dataset-IMC25,raw_recovery_91k_pool,False,False,False,False,job/investment offer,pass_raw_complete,traceable,,,,,
EXP-SPAM-0286,"The system detects an error in the calculation your tax, please complete the data for a tax refund","The system detects an error in the calculation your tax, please complete the data for a tax refund","The system detects an error in the calculation your tax, please complete the data for a tax refund",smishing_corpus_row,smishing,weak_signal_suspicious,Smishing-Dataset-IMC25,reportsmishing/Smishing-Dataset-IMC25,raw_recovery_91k_pool,False,False,False,False,generic scam-like or unclear,pass_raw_complete,traceable,,,,,
EXP-SPAM-0287,"You Heve Won The Prize Of 25,00,000 By KBC KBC Department Please Collect Your Prize Urgent Follow The Company Rules And Regulations","You Heve Won The Prize Of 25,00,000 By KBC KBC Department Please Collect Your Prize Urgent Follow The Company Rules And Regulations","You Heve Won The Prize Of 25,00,000 By KBC KBC Department Please Collect Your Prize Urgent Follow The Company Rules And Regulations",smishing_corpus_row,smishing,weak_signal_suspicious,Smishing-Dataset-IMC25,reportsmishing/Smishing-Dataset-IMC25,raw_recovery_91k_pool,False,False,False,False,banking/account-like suspicious,pass_raw_complete,traceable,,,,,
EXP-SPAM-0288,Hello we apologies for the delayed response. Kindly share your reachable phone number for assistance.^ JM,Hello we apologies for the delayed response. Kindly share your reachable phone number for assistance.^ JM,Hello we apologies for the delayed response. Kindly share your reachable phone number for assistance.^ JM,smishing_corpus_row,smishing,weak_signal_suspicious,Smishing-Dataset-IMC25,reportsmishing/Smishing-Dataset-IMC25,raw_recovery_91k_pool,False,False,False,False,delivery-like suspicious,pass_raw_complete,traceable,,,,,
EXP-SPAM-0289,Your registration for UPI app has started. If it...,Your registration for UPI app has started. If it...,Your registration for UPI app has started. If it...,smishing_corpus_row,smishing,weak_signal_suspicious,Smishing-Dataset-IMC25,reportsmishing/Smishing-Dataset-IMC25,raw_recovery_91k_pool,False,False,False,False,banking/account-like suspicious,pass_raw_complete,traceable,,,,,
EXP-SPAM-0290,Hrnykari1169 invited you to a date night out. respond here:,Hrnykari1169 invited you to a date night out. respond here:,Hrnykari1169 invited you to a date night out. respond here:,smishing_corpus_row,smishing,weak_signal_suspicious,Smishing-Dataset-IMC25,reportsmishing/Smishing-Dataset-IMC25,raw_recovery_91k_pool,False,False,False,False,delivery-like suspicious,pass_raw_complete,traceable,,,,,
EXP-SPAM-0291,Medicare bill overdue 35000 TK for treatment. Patient discharge blocked: medicare-bill.bd/urgent,Medicare bill overdue 35000 TK for treatment. Patient discharge blocked: medicare-bill.bd/urgent,Medicare bill overdue 35000 TK for treatment. Patient discharge blocked: medicare-bill.bd/urgent,smish,smishing,weak_signal_suspicious,Bengali SMS Smishing Dataset,shariul-islam/bengali-sms-smishing-dataset,raw_recovery_91k_pool,False,False,False,False,banking/account-like suspicious,pass_raw_complete,traceable,,,,,
EXP-SPAM-0292,"Build a career as a registered nurse in the UK, 2-year work visa with monthly minimum. Starting salary 3 lakh taka BSB, Dhaka Please Contact Us: 01332518402, 01332518406","Build a career as a registered nurse in the UK, 2-year work visa with monthly minimum. Starting salary 3 lakh taka BSB, Dhaka Please Contact Us: 01332518402, 01332518406","Build a career as a registered nurse in the UK, 2-year work visa with monthly minimum. Starting salary 3 lakh taka BSB, Dhaka Please Contact Us: <PHONE>, <PHONE>",smish,smishing,weak_signal_suspicious,Bengali SMS Smishing Dataset,shariul-islam/bengali-sms-smishing-dataset,strict_raw_replacement_91k_pool,False,True,False,True,generic scam-like or unclear,pass_raw_complete,traceable,,,,,
EXP-SPAM-0293,"For your security, we put a hold to your Membership, see: 1sto...","For your security, we put a hold to your Membership, see: 1sto...","For your security, we put a hold to your Membership, see: 1sto...",smishing_corpus_row,smishing,weak_signal_suspicious,Smishing-Dataset-IMC25,reportsmishing/Smishing-Dataset-IMC25,raw_recovery_91k_pool,False,False,False,True,banking/account-like suspicious,pass_raw_complete,traceable,,,,,
EXP-SPAM-0294,"PostOffice: Your parcel has been redirected to your local branch due to an underpayment of shipping fees, please schedule a re-delivery here:","PostOffice: Your parcel has been redirected to your local branch due to an underpayment of shipping fees, please schedule a re-delivery here:","PostOffice: Your parcel has been redirected to your local branch due to an underpayment of shipping fees, please schedule a re-delivery here:",smishing_corpus_row,smishing,weak_signal_suspicious,Smishing-Dataset-IMC25,reportsmishing/Smishing-Dataset-IMC25,raw_recovery_91k_pool,False,False,False,False,banking/account-like suspicious,pass_raw_complete,traceable,,,,,
EXP-SPAM-0295,"SMS Alert Fee-24/02 - 23/0... - ₦ 116.00
SMS Alert Fee-24/03 - 23/0... - ₦ 152.00","SMS Alert Fee-24/02 - 23/0... - ₦ 116.00
SMS Alert Fee-24/03 - 23/0... - ₦ 152.00",SMS Alert Fee-24/02 - 23/0... - ₦ 116.00 SMS Alert Fee-24/03 - 23/0... - ₦ 152.00,smishing_corpus_row,smishing,weak_signal_suspicious,Smishing-Dataset-IMC25,reportsmishing/Smishing-Dataset-IMC25,raw_recovery_91k_pool,False,False,False,False,banking/account-like suspicious,pass_raw_complete,traceable,,,,,
EXP-SPAM-0296,Earn up to $100 in Walmart Store Value. Please finish survey to earn rewards,Earn up to $100 in Walmart Store Value. Please finish survey to earn rewards,Earn up to <AMOUNT> in Walmart Store Value. Please finish survey to earn rewards,smishing_corpus_row,smishing,weak_signal_suspicious,Smishing-Dataset-IMC25,reportsmishing/Smishing-Dataset-IMC25,raw_recovery_91k_pool,False,False,False,True,delivery-like suspicious,pass_raw_complete,traceable,,,,,
EXP-SPAM-0297,ACTION REQUESTED! Coinbase@ makes digital currency easy! ...,ACTION REQUESTED! Coinbase@ makes digital currency easy! ...,ACTION REQUESTED! Coinbase@ makes digital currency easy! ...,smishing_corpus_row,smishing,weak_signal_suspicious,Smishing-Dataset-IMC25,reportsmishing/Smishing-Dataset-IMC25,strict_raw_replacement_91k_pool,False,False,False,False,banking/account-like suspicious,pass_raw_complete,traceable,,,,,
EXP-SPAM-0298,"The position you APPLIED for has now become AVAILABLE, you meet all the criteria. If you still want to be interviewed Dial *120*489# s2out1.67/20s Rgrds HR.","The position you APPLIED for has now become AVAILABLE, you meet all the criteria. If you still want to be interviewed Dial *120*489# s2out1.67/20s Rgrds HR.","The position you APPLIED for has now become AVAILABLE, you meet all the criteria. If you still want to be interviewed Dial *120*489# s2out1.67/20s Rgrds HR.",smishing_corpus_row,smishing,weak_signal_suspicious,Smishing-Dataset-IMC25,reportsmishing/Smishing-Dataset-IMC25,raw_recovery_91k_pool,False,False,False,False,generic scam-like or unclear,pass_raw_complete,traceable,,,,,
EXP-SPAM-0299,[OnePlus]Dear customer your request for repair is now completed. Please find the link below to rate our services. It is essential for our improvement and your feedbacks are always treated effectively.,[OnePlus]Dear customer your request for repair is now completed. Please find the link below to rate our services. It is essential for our improvement and your feedbacks are always treated effectively.,[OnePlus]Dear customer your request for repair is now completed. Please find the link below to rate our services. It is essential for our improvement and your feedbacks are always treated effectively.,smishing_corpus_row,smishing,weak_signal_suspicious,Smishing-Dataset-IMC25,reportsmishing/Smishing-Dataset-IMC25,raw_recovery_91k_pool,False,False,False,False,banking/account-like suspicious,pass_raw_complete,traceable,,,,,
EXP-SPAM-0300,Get help with career planning! Choose the ideal workplace for you and plan the right strategy. Get professional help - 01746635725,Get help with career planning! Choose the ideal workplace for you and plan the right strategy. Get professional help - 01746635725,Get help with career planning! Choose the ideal workplace for you and plan the right strategy. Get professional help - <PHONE>,smish,smishing,weak_signal_suspicious,Bengali SMS Smishing Dataset,shariul-islam/bengali-sms-smishing-dataset,raw_recovery_91k_pool,False,True,False,False,banking/account-like suspicious,pass_raw_complete,traceable,,,,,
EXP-SPAM-0301,YonoLiteSBIREG 36f95ea7a1122ba471c9f2a9b92a488e1428a4a672d13af3db56166e92229cbba37e4b8ded8a01e97c8c2c20b910fd0394af6cd878b2b4  YonoLiteSBIREG fa2718e417a304a4f46cd71935bb1da1e2a43b1a70864ef62ff872130dffd42c7f1a2daf97d8a75a801f274cfaf61775f17908862d3e2,YonoLiteSBIREG 36f95ea7a1122ba471c9f2a9b92a488e1428a4a672d13af3db56166e92229cbba37e4b8ded8a01e97c8c2c20b910fd0394af6cd878b2b4  YonoLiteSBIREG fa2718e417a304a4f46cd71935bb1da1e2a43b1a70864ef62ff872130dffd42c7f1a2daf97d8a75a801f274cfaf61775f17908862d3e2,YonoLiteSBIREG 36f95ea7a1122ba471c9f2a9b92a488e1428a4a672d13af3db56166e92229cbba37e4b8ded8a01e97c8c2c20b910fd0394af6cd878b2b4 YonoLiteSBIREG fa2718e417a304a4f46cd71935bb1da1e2a43b1a70864ef62ff872130dffd42c7f1a2daf97d8a75a801f274cfaf61775f17908862d3e2,smishing_corpus_row,smishing,weak_signal_suspicious,Smishing-Dataset-IMC25,reportsmishing/Smishing-Dataset-IMC25,raw_recovery_91k_pool,False,True,False,False,banking/account-like suspicious,pass_raw_complete,traceable,,,,,
EXP-SPAM-0302,SOVA is a malware that targets banking apps to steal personal information. Do not install Apps by clicking on link or from unofficial store. -SBI ISD,SOVA is a malware that targets banking apps to steal personal information. Do not install Apps by clicking on link or from unofficial store. -SBI ISD,SOVA is a malware that targets banking apps to steal personal information. Do not install Apps by clicking on link or from unofficial store. -SBI ISD,smishing_corpus_row,smishing,weak_signal_suspicious,Smishing-Dataset-IMC25,reportsmishing/Smishing-Dataset-IMC25,raw_recovery_91k_pool,False,False,False,True,banking/account-like suspicious,pass_raw_complete,traceable,,,,,
EXP-SPAM-0303,M. GCash is back on WPLUS: 100% Bonus! 77777.ykp,M. GCash is back on WPLUS: 100% Bonus! 77777.ykp,M. GCash is back on WPLUS: 100% Bonus! 77777.ykp,smishing_corpus_row,smishing,weak_signal_suspicious,Smishing-Dataset-IMC25,reportsmishing/Smishing-Dataset-IMC25,raw_recovery_91k_pool,False,False,False,False,delivery-like suspicious,pass_raw_complete,traceable,,,,,
EXP-SPAM-0304,Hello you have passed our interview the salary is 8000KES per day. Please contact to discuss details:,Hello you have passed our interview the salary is 8000KES per day. Please contact to discuss details:,Hello you have passed our interview the salary is 8000KES per day. Please contact to discuss details:,smishing_corpus_row,smishing,weak_signal_suspicious,Smishing-Dataset-IMC25,reportsmishing/Smishing-Dataset-IMC25,raw_recovery_91k_pool,False,False,False,False,generic scam-like or unclear,pass_raw_complete,traceable,,,,,
EXP-SPAM-0305,"YOUR WHATSAPP NUMBER WON 2 CRORE 50LAKH & IPHONE IN PEPSI ICC CRICKET NEW YEAR PROMO^ SEND NAME,ADD,AGE,MOBILE NO,OCCU To;","YOUR WHATSAPP NUMBER WON 2 CRORE 50LAKH & IPHONE IN PEPSI ICC CRICKET NEW YEAR PROMO^ SEND NAME,ADD,AGE,MOBILE NO,OCCU To;","YOUR WHATSAPP NUMBER WON 2 CRORE 50LAKH & IPHONE IN PEPSI ICC CRICKET NEW YEAR PROMO^ SEND NAME,ADD,AGE,MOBILE NO,OCCU To;",smishing_corpus_row,smishing,weak_signal_suspicious,Smishing-Dataset-IMC25,reportsmishing/Smishing-Dataset-IMC25,raw_recovery_91k_pool,False,False,False,False,banking/account-like suspicious,pass_raw_complete,traceable,,,,,
EXP-SPAM-0306,We are having problems delivering your package,We are having problems delivering your package,We are having problems delivering your package,smishing_corpus_row,smishing,weak_signal_suspicious,Smishing-Dataset-IMC25,reportsmishing/Smishing-Dataset-IMC25,raw_recovery_91k_pool,False,False,False,False,banking/account-like suspicious,pass_raw_complete,traceable,,,,,
EXP-SPAM-0307,"Dear Customer, You have been charged Rs. 8.00","Dear Customer, You have been charged Rs. 8.00","Dear Customer, You have been charged Rs. 8.00",smishing_corpus_row,smishing,weak_signal_suspicious,Smishing-Dataset-IMC25,reportsmishing/Smishing-Dataset-IMC25,raw_recovery_91k_pool,False,False,False,True,generic scam-like or unclear,pass_raw_complete,traceable,,,,,
EXP-SPAM-0308,"NTLFIX.ID# 679219 Your  SUBSCRIPTION-IS-ON ""HOID"",Renewal-your-bill-now:// @@,unusa.id/2u3l","NTLFIX.ID# 679219 Your  SUBSCRIPTION-IS-ON ""HOID"",Renewal-your-bill-now:// @@,unusa.id/2u3l","NTLFIX.ID# 679219 Your SUBSCRIPTION-IS-ON ""HOID"",Renewal-your-bill-now:// @@,unusa.id/2u3l",verified_smishing,smishing,weak_signal_suspicious,SmishTank,SmishTank Dataset / Smishing Dataset I,public_baseline,False,False,False,False,generic scam-like or unclear,pass_raw_complete,traceable,,,,,
EXP-SPAM-0309,"Coach Linda, I may not have time to go to the gym this week. Sorry!","Coach Linda, I may not have time to go to the gym this week. Sorry!","Coach Linda, I may not have time to go to the gym this week. Sorry!",verified_smishing,smishing,weak_signal_suspicious,SmishTank,SmishTank Dataset / Smishing Dataset I,public_baseline,False,False,False,False,generic scam-like or unclear,pass_raw_complete,traceable,,,,,
EXP-SPAM-0310,"Dear friends,Offer for limited time, Tallwin life me 2500 ki id only 599/- me active kraye, Wish you join this group for information","Dear friends,Offer for limited time, Tallwin life me 2500 ki id only 599/- me active kraye, Wish you join this group for information","Dear friends,Offer for limited time, Tallwin life me 2500 ki id only 599/- me active kraye, Wish you join this group for information",smishing_corpus_row,smishing,weak_signal_suspicious,Smishing-Dataset-IMC25,reportsmishing/Smishing-Dataset-IMC25,strict_raw_replacement_91k_pool,False,False,False,False,banking/account-like suspicious,pass_raw_complete,traceable,,,,,
EXP-SPAM-0311,"Congratulations Dear Customer You Have Won The Prize Of 25,00000 By KBC Department Please Collect Your Prize Urgently By Follow The Company Rule's & Regulations","Congratulations Dear Customer You Have Won The Prize Of 25,00000 By KBC Department Please Collect Your Prize Urgently By Follow The Company Rule's & Regulations","Congratulations Dear Customer You Have Won The Prize Of 25,00000 By KBC Department Please Collect Your Prize Urgently By Follow The Company Rule's & Regulations",smishing_corpus_row,smishing,weak_signal_suspicious,Smishing-Dataset-IMC25,reportsmishing/Smishing-Dataset-IMC25,strict_raw_replacement_91k_pool,False,False,False,False,banking/account-like suspicious,pass_raw_complete,traceable,,,,,
EXP-SPAM-0312,", CBD is proven to reduce pain, anxiety and stress? It is legal in all 50 States! Get yours now!",", CBD is proven to reduce pain, anxiety and stress? It is legal in all 50 States! Get yours now!",,smishing_corpus_row,smishing,public_candidate_spam,Smishing-Dataset-IMC25,reportsmishing/Smishing-Dataset-IMC25,GitHub_dataset,False,False,False,True,spam,pass_raw_complete,traceable,,,,,
EXP-SPAM-0313,ree entry in 2 a weekly comp for a chance to win an ipod. Txt POD to 80182 to get entry (std txt rate) T&C's apply 08452810073 for details 18+,ree entry in 2 a weekly comp for a chance to win an ipod. Txt POD to 80182 to get entry (std txt rate) T&C's apply 08452810073 for details 18+,ree entry in 2 a weekly comp for a chance to win an ipod. Txt POD to 80182 to get entry (std txt rate) T&C's apply 08452810073 for details 18+,spam,spam,needs_smishing_relabel,UCI SMS Spam Collection,SMS Spam Collection v.1,public_baseline,False,True,False,False,telecom promo,pass_raw_complete,traceable,,,,,
EXP-SPAM-0314,PAYTM WE WILL HOLD YOUR PAYTM AMOUNT AFTER SOMETIME COMPLETE YOUR PAYTM KYC PAYTM OFFICE PH,PAYTM WE WILL HOLD YOUR PAYTM AMOUNT AFTER SOMETIME COMPLETE YOUR PAYTM KYC PAYTM OFFICE PH,PAYTM WE WILL HOLD YOUR PAYTM AMOUNT AFTER SOMETIME COMPLETE YOUR PAYTM KYC PAYTM OFFICE PH,smishing_corpus_row,smishing,weak_signal_suspicious,Smishing-Dataset-IMC25,reportsmishing/Smishing-Dataset-IMC25,raw_recovery_91k_pool,False,False,False,False,banking/account-like suspicious,pass_raw_complete,traceable,,,,,
EXP-SPAM-0315,"Noida Commercial Wave Sec-18  Silver @ 11500/- PSF  Gold @ 12500/- PSF,  Logix Sec-124 @ 8200/- PSF For Best Deal Call 9711131802 /3","Noida Commercial Wave Sec-18  Silver @ 11500/- PSF  Gold @ 12500/- PSF,  Logix Sec-124 @ 8200/- PSF For Best Deal Call 9711131802 /3","Noida Commercial Wave Sec-18  Silver @ 11500/- PSF  Gold @ 12500/- PSF,  Logix Sec-124 @ 8200/- PSF For Best Deal Call 9711131802 /3",spam,spam,needs_smishing_relabel,Mishra & Soni,SMS Phishing Dataset for Machine Learning and Pattern Recognition,public_baseline,False,True,False,False,generic scam-like or unclear,pass_raw_complete,traceable,,,,,
EXP-SPAM-0316,"Get Malaysian, European, American, Canadian visa with 100% guarantee, contact today 01765433422, no advance fee required.","Get Malaysian, European, American, Canadian visa with 100% guarantee, contact today 01765433422, no advance fee required.","Get Malaysian, European, American, Canadian visa with 100% guarantee, contact today <PHONE>, no advance fee required.",smish,smishing,weak_signal_suspicious,Bengali SMS Smishing Dataset,shariul-islam/bengali-sms-smishing-dataset,raw_recovery_91k_pool,False,True,False,True,banking/account-like suspicious,pass_raw_complete,traceable,,,,,
EXP-SPAM-0317,You have received an MMS message. Read here: [malware url],You have received an MMS message. Read here: [malware url],You have received an MMS message. Read here: [malware url],smishing_corpus_row,smishing,weak_signal_suspicious,Smishing-Dataset-IMC25,reportsmishing/Smishing-Dataset-IMC25,raw_recovery_91k_pool,False,False,False,False,generic scam-like or unclear,pass_raw_complete,traceable,,,,,
EXP-SPAM-0318,"Twinks, bears, scallies, skins and jocks are calling now. Don't miss the weekend's fun. Call 08712466669 at 10p/min. 2 stop texts call 08712460324(nat rate)","Twinks, bears, scallies, skins and jocks are calling now. Don't miss the weekend's fun. Call 08712466669 at 10p/min. 2 stop texts call 08712460324(nat rate)","Twinks, bears, scallies, skins and jocks are calling now. Don't miss the weekend's fun. Call 08712466669 at 10p/min. 2 stop texts call 08712460324(nat rate)",spam,spam,needs_smishing_relabel,UCI SMS Spam Collection,SMS Spam Collection v.1,public_baseline,False,True,False,True,generic scam-like or unclear,pass_raw_complete,traceable,,,,,
EXP-SPAM-0319,DVLA: We have determined that you are eligible to receive a vehicle tax refund of 265.84 GBP Please submit your request via,DVLA: We have determined that you are eligible to receive a vehicle tax refund of 265.84 GBP Please submit your request via,DVLA: We have determined that you are eligible to receive a vehicle tax refund of 265.84 GBP Please submit your request via,smishing_corpus_row,smishing,weak_signal_suspicious,Smishing-Dataset-IMC25,reportsmishing/Smishing-Dataset-IMC25,strict_raw_replacement_91k_pool,False,False,False,True,banking/account-like suspicious,pass_raw_complete,traceable,,,,,
EXP-SPAM-0320,Jamster! To get your free wallpaper text HEART to 88888 now! T&C apply. 16 only. Need Help? Call 08701213186.,Jamster! To get your free wallpaper text HEART to 88888 now! T&C apply. 16 only. Need Help? Call 08701213186.,Jamster! To get your free wallpaper text HEART to 88888 now! T&C apply. 16 only. Need Help? Call 08701213186.,spam,spam,needs_smishing_relabel,UCI SMS Spam Collection,SMS Spam Collection v.1,public_baseline,False,True,False,False,promotional spam,pass_raw_complete,traceable,,,,,
EXP-SPAM-0321,Your package address is wrong and we cannot deliver it to your door fill in the address so that we can deliver it on time.,Your package address is wrong and we cannot deliver it to your door fill in the address so that we can deliver it on time.,Your package address is wrong and we cannot deliver it to your door fill in the address so that we can deliver it on time.,smishing_corpus_row,smishing,weak_signal_suspicious,Smishing-Dataset-IMC25,reportsmishing/Smishing-Dataset-IMC25,raw_recovery_91k_pool,False,False,False,False,delivery-like suspicious,pass_raw_complete,traceable,,,,,
EXP-SPAM-0322,103 We unfortunately could not deliver your parcel today. Please redirect for dispatch: dpspst.me,103 We unfortunately could not deliver your parcel today. Please redirect for dispatch: dpspst.me,103 We unfortunately could not deliver your parcel today. Please redirect for dispatch: <URL>,phishing_messages_row,smishing,weak_signal_suspicious,SMS Phishing Dataset,wspr-ncsu/sms-phishing,raw_recovery_91k_pool,True,False,False,False,delivery-like suspicious,pass_raw_complete,traceable,,,,,
EXP-SPAM-0323,You are shortlisted in REALME You (Win) 2nd Prize Maruti Swift Dzire Value 8.20Lac. For more Information Contact Realme Branch:,You are shortlisted in REALME You (Win) 2nd Prize Maruti Swift Dzire Value 8.20Lac. For more Information Contact Realme Branch:,You are shortlisted in REALME You (Win) 2nd Prize Maruti Swift Dzire Value 8.20Lac. For more Information Contact Realme Branch:,smishing_corpus_row,smishing,weak_signal_suspicious,Smishing-Dataset-IMC25,reportsmishing/Smishing-Dataset-IMC25,raw_recovery_91k_pool,False,False,False,False,reward/prize,pass_raw_complete,traceable,,,,,
EXP-SPAM-0324,You've been in close contact with someone who has recently tested positive. Please order a test kit:,You've been in close contact with someone who has recently tested positive. Please order a test kit:,You've been in close contact with someone who has recently tested positive. Please order a test kit:,smishing_corpus_row,smishing,weak_signal_suspicious,Smishing-Dataset-IMC25,reportsmishing/Smishing-Dataset-IMC25,raw_recovery_91k_pool,False,False,False,False,unclear suspicious message,pass_raw_complete,traceable,,,,,
EXP-SPAM-0325,UR awarded a City Break and could WIN a £200 Summer Shopping spree every WK. Txt STORE to 88039 . SkilGme. TsCs087147403233,UR awarded a City Break and could WIN a £200 Summer Shopping spree every WK. Txt STORE to 88039 . SkilGme. TsCs087147403233,UR awarded a City Break and could WIN a <AMOUNT> Summer Shopping spree every WK. Txt STORE to 88039. SkilGme. TsCs087147403233,Smishing,smishing,weak_signal_suspicious,Mishra & Soni,SMS Phishing Dataset for Machine Learning and Pattern Recognition,public_baseline,False,True,False,True,telecom/ringtone/subscription spam,pass_raw_complete,traceable,,,,,
EXP-SPAM-0326,USPostal: Your package delivery has been paused due to missing street information for the package delivery city. uspkgos.homes/D4d5t6,USPostal: Your package delivery has been paused due to missing street information for the package delivery city. uspkgos.homes/D4d5t6,USPostal: Your package delivery has been paused due to missing street information for the package delivery city. uspkgos.homes/D4d5t6,verified_smishing,smishing,weak_signal_suspicious,SmishTank,SmishTank Dataset / Smishing Dataset I,public_baseline,True,False,False,False,delivery-like suspicious,pass_raw_complete,traceable,,,,,
EXP-SPAM-0327,"Urgent recruitment:
Office assistant
Accommodation and meals provided","Urgent recruitment:
Office assistant
Accommodation and meals provided",Urgent recruitment: Office assistant Accommodation and meals provided,smish,smishing,weak_signal_suspicious,Bengali SMS Smishing Dataset,shariul-islam/bengali-sms-smishing-dataset,raw_recovery_91k_pool,False,False,False,False,unclear suspicious message,pass_raw_complete,traceable,,,,,
EXP-SPAM-0328,Dear 983341XXXX Your A/C No 52XXX is Credited With Rs 72500/- For Details Check Now:,Dear 983341XXXX Your A/C No 52XXX is Credited With Rs 72500/- For Details Check Now:,Dear 983341XXXX Your A/C No 52XXX is Credited With <AMOUNT>/- For Details Check Now:,smishing_corpus_row,smishing,weak_signal_suspicious,Smishing-Dataset-IMC25,reportsmishing/Smishing-Dataset-IMC25,raw_recovery_91k_pool,False,False,False,True,adult/chat promo,pass_raw_complete,traceable,,,,,
EXP-SPAM-0329,100% home loan facility without any deposit. Approval within 24 hours. Contact: 01567546390,100% home loan facility without any deposit. Approval within 24 hours. Contact: 01567546390,100% home loan facility without any deposit. Approval within 24 hours. Contact: <PHONE>,smish,smishing,weak_signal_suspicious,Bengali SMS Smishing Dataset,shariul-islam/bengali-sms-smishing-dataset,raw_recovery_91k_pool,False,True,False,False,job/business funding offer,pass_raw_complete,traceable,,,,,
EXP-SPAM-0330,"Hi, this is Lieutenant Heimer again, just wanted to follow up. If you are interested in learning more we can schedule a time and date to talk on the phone and discuss this opportunity further.","Hi, this is Lieutenant Heimer again, just wanted to follow up. If you are interested in learning more we can schedule a time and date to talk on the phone and discuss this opportunity further.","Hi, this is Lieutenant Heimer again, just wanted to follow up. If you are interested in learning more we can schedule a time and date to talk on the phone and discuss this opportunity further.",verified_smishing,smishing,weak_signal_suspicious,SmishTank,SmishTank Dataset / Smishing Dataset I,public_baseline,False,False,False,False,unclear suspicious message,pass_raw_complete,traceable,,,,,
EXP-SPAM-0331,Christmas gift! You are one of the 10 users we have selected to try to win the Apple iPad Pro (2021) + Magic Keyboard Receive Now ?? groupm.�.to/wfELH?id=2f57943 Hurry up to pick up the prize within a day!,Christmas gift! You are one of the 10 users we have selected to try to win the Apple iPad Pro (2021) + Magic Keyboard Receive Now ?? groupm.�.to/wfELH?id=2f57943 Hurry up to pick up the prize within a day!,Christmas gift! You are one of the 10 users we have selected to try to win the Apple iPad Pro (2021) + Magic Keyboard Receive Now ?? groupm.�.to/wfELH?id=2f57943 Hurry up to pick up the prize within a day!,verified_smishing,smishing,weak_signal_suspicious,SmishTank,SmishTank Dataset / Smishing Dataset I,public_baseline,False,False,False,False,reward/prize,pass_raw_complete,traceable,,,,,
EXP-SPAM-0332,Tax audit penalty 31826 TK due immediately: urgent-bd.bd/urgent,Tax audit penalty 31826 TK due immediately: urgent-bd.bd/urgent,Tax audit penalty 31826 TK due immediately: urgent-bd.bd/urgent,smish,smishing,weak_signal_suspicious,Bengali SMS Smishing Dataset,shariul-islam/bengali-sms-smishing-dataset,raw_recovery_91k_pool,True,False,False,False,unclear suspicious message,pass_raw_complete,traceable,,,,,
EXP-SPAM-0333,"Hey, is the item I found still available?  https","Hey, is the item I found still available?  https","Hey, is the item I found still available? https",smishing_corpus_row,smishing,weak_signal_suspicious,Smishing-Dataset-IMC25,Gathered approved smishing 7k,gathered_approved_smishing,False,False,False,False,unclear suspicious message,pass_raw_complete,traceable,,,,,
EXP-SPAM-0334,Bloomberg -Message center +447797706009 Why wait? Apply for your futur,Bloomberg -Message center +447797706009 Why wait? Apply for your futur,Bloomberg -Message center <PHONE> Why wait? Apply for your futur,Smishing,smishing,weak_signal_suspicious,Mishra & Soni,SMS Phishing Dataset for Machine Learning and Pattern Recognition,public_baseline,False,True,False,False,unclear suspicious message,pass_raw_complete,traceable,,,,,
EXP-SPAM-0335,"NtxID:265569 Your-Subscriptions-will-expired-t oday,renewal-your-bills-now>:// 9qr.de/itCwLh","NtxID:265569 Your-Subscriptions-will-expired-t oday,renewal-your-bills-now>:// 9qr.de/itCwLh","NtxID:265569 Your-Subscriptions-will-expired-t oday,renewal-your-bills-now>:// 9qr.de/itCwLh",verified_smishing,smishing,weak_signal_suspicious,SmishTank,SmishTank Dataset / Smishing Dataset I,public_baseline,True,False,False,False,telecom/ringtone/subscription spam,pass_raw_complete,traceable,,,,,
EXP-SPAM-0336,"[BMO SMS] BMO has noticed unusual activities on your online banking, for more details:","[BMO SMS] BMO has noticed unusual activities on your online banking, for more details:","[BMO SMS] BMO has noticed unusual activities on your online banking, for more details:",smishing_corpus_row,smishing,weak_signal_suspicious,Smishing-Dataset-IMC25,reportsmishing/Smishing-Dataset-IMC25,raw_recovery_91k_pool,False,False,False,False,banking/account-like suspicious,pass_raw_complete,traceable,,,,,
EXP-SPAM-0337,HMRC have determined that you are eligible for a tax rebate of £312.38. Press the link to get started:,HMRC have determined that you are eligible for a tax rebate of £312.38. Press the link to get started:,HMRC have determined that you are eligible for a tax rebate of <AMOUNT>. Press the link to get started:,smishing_corpus_row,smishing,weak_signal_suspicious,Smishing-Dataset-IMC25,reportsmishing/Smishing-Dataset-IMC25,raw_recovery_91k_pool,False,False,False,True,unclear suspicious message,pass_raw_complete,traceable,,,,,
EXP-SPAM-0338,"(CA) Grocery BFT#568008: Receive your assigned $289.00 now. Type ""A"" to transmit your grocery bonus to your selected institution.","(CA) Grocery BFT#568008: Receive your assigned $289.00 now. Type ""A"" to transmit your grocery bonus to your selected institution.","(CA) Grocery BFT#568008: Receive your assigned <AMOUNT> now. Type ""A"" to transmit your grocery bonus to your selected institution.",verified_smishing,smishing,weak_signal_suspicious,SmishTank,SmishTank Dataset / Smishing Dataset I,public_baseline,False,False,False,True,reward/prize,pass_raw_complete,traceable,,,,,
EXP-SPAM-0339,*NAB SECURITY* Access to NAB Internet Banking has been suspended due to a recent logon from an Unknown device or location. Restore here:,*NAB SECURITY* Access to NAB Internet Banking has been suspended due to a recent logon from an Unknown device or location. Restore here:,*NAB SECURITY* Access to NAB Internet Banking has been suspended due to a recent logon from an Unknown device or location. Restore here:,smishing_corpus_row,smishing,weak_signal_suspicious,Smishing-Dataset-IMC25,reportsmishing/Smishing-Dataset-IMC25,raw_recovery_91k_pool,False,False,False,False,banking/account-like suspicious,pass_raw_complete,traceable,,,,,
EXP-SPAM-0340,"Jessie, long time no see, how are you?","Jessie, long time no see, how are you?","Jessie, long time no see, how are you?",verified_smishing,smishing,weak_signal_suspicious,SmishTank,SmishTank Dataset / Smishing Dataset I,public_baseline,False,False,False,False,unclear suspicious message,pass_raw_complete,traceable,,,,,
EXP-SPAM-0341,Your house number is incorrect and we cannot deliver your package. Modify the address so we can arrange delivery.,Your house number is incorrect and we cannot deliver your package. Modify the address so we can arrange delivery.,Your house number is incorrect and we cannot deliver your package. Modify the address so we can arrange delivery.,smishing_corpus_row,smishing,weak_signal_suspicious,Smishing-Dataset-IMC25,reportsmishing/Smishing-Dataset-IMC25,raw_recovery_91k_pool,False,False,False,False,delivery-like suspicious,pass_raw_complete,traceable,,,,,
EXP-SPAM-0342,Good News..!! Your Loan Amount for Rs. 30000.00 Is Successfully Approved Check Your Loan Status,Good News..!! Your Loan Amount for Rs. 30000.00 Is Successfully Approved Check Your Loan Status,Good News..!! Your Loan Amount for Rs. 30000.00 Is Successfully Approved Check Your Loan Status,smishing_corpus_row,smishing,weak_signal_suspicious,Smishing-Dataset-IMC25,reportsmishing/Smishing-Dataset-IMC25,strict_raw_replacement_91k_pool,False,True,False,True,job/business funding offer,pass_raw_complete,traceable,,,,,
EXP-SPAM-0343,"Congrats Dear, Your Loan Amount Of XXX999 Has Been Approved. Complete Process Now","Congrats Dear, Your Loan Amount Of XXX999 Has Been Approved. Complete Process Now","Congrats Dear, Your Loan Amount Of XXX999 Has Been Approved. Complete Process Now",smishing_corpus_row,smishing,weak_signal_suspicious,Smishing-Dataset-IMC25,reportsmishing/Smishing-Dataset-IMC25,raw_recovery_91k_pool,False,False,False,False,job/business funding offer,pass_raw_complete,traceable,,,,,
EXP-SPAM-0344,Hi poelacnewu33sdf.us,Hi poelacnewu33sdf.us,Hi <URL>,verified_smishing,smishing,weak_signal_suspicious,SmishTank,SmishTank Dataset / Smishing Dataset I,public_baseline,True,False,False,False,unclear suspicious message,pass_raw_complete,traceable,,,,,
EXP-SPAM-0345,Tracing Notification: You have been in close proximity with a confirmed case of the latest variant. Please order a free test-kit via:,Tracing Notification: You have been in close proximity with a confirmed case of the latest variant. Please order a free test-kit via:,Tracing Notification: You have been in close proximity with a confirmed case of the latest variant. Please order a free test-kit via:,smishing_corpus_row,smishing,weak_signal_suspicious,Smishing-Dataset-IMC25,reportsmishing/Smishing-Dataset-IMC25,raw_recovery_91k_pool,False,False,False,False,promotional spam,pass_raw_complete,traceable,,,,,
EXP-SPAM-0346,I am sorry to let you know that your order has been cancelled as the seller’s partnered courier service provider could not find anyone at the delivery address to collect the package despite several attempts.,I am sorry to let you know that your order has been cancelled as the seller’s partnered courier service provider could not find anyone at the delivery address to collect the package despite several attempts.,I am sorry to let you know that your order has been cancelled as the seller’s partnered courier service provider could not find anyone at the delivery address to collect the package despite several attempts.,smishing_corpus_row,smishing,weak_signal_suspicious,Smishing-Dataset-IMC25,reportsmishing/Smishing-Dataset-IMC25,raw_recovery_91k_pool,False,False,False,False,delivery-like suspicious,pass_raw_complete,traceable,,,,,
EXP-SPAM-0347,"hey you im in Brandon, my S.N A P: - Chiquta228","hey you im in Brandon, my S.N A P: - Chiquta228","hey you im in Brandon, my S.N A P: - Chiquta228",verified_smishing,smishing,weak_signal_suspicious,SmishTank,SmishTank Dataset / Smishing Dataset I,public_baseline,False,False,False,False,unclear suspicious message,pass_raw_complete,traceable,,,,,
EXP-SPAM-0348,Your A/C no. XXXXXXXX63839 can be credited with Rs. 30000. Enter your details & check now,Your A/C no. XXXXXXXX63839 can be credited with Rs. 30000. Enter your details & check now,Your A/C no. XXXXXXXX63839 can be credited with Rs. 30000. Enter your details & check now,smishing_corpus_row,smishing,weak_signal_suspicious,Smishing-Dataset-IMC25,reportsmishing/Smishing-Dataset-IMC25,strict_raw_replacement_91k_pool,False,False,False,True,adult/chat promo,pass_raw_complete,traceable,,,,,
EXP-SPAM-0349,(BELLUpdate-REF669969) We are displeased to inform you our system has identified a data-roaming error which has lead to a system-wide overcharge.  All customer are offered a reimbursement based on your affected usage.,(BELLUpdate-REF669969) We are displeased to inform you our system has identified a data-roaming error which has lead to a system-wide overcharge.  All customer are offered a reimbursement based on your affected usage.,(BELLUpdate-REF669969) We are displeased to inform you our system has identified a data-roaming error which has lead to a system-wide overcharge. All customer are offered a reimbursement based on your affected usage.,smishing_corpus_row,smishing,weak_signal_suspicious,Smishing-Dataset-IMC25,reportsmishing/Smishing-Dataset-IMC25,raw_recovery_91k_pool,False,False,False,False,promotional spam,pass_raw_complete,traceable,,,,,
EXP-SPAM-0350,"Your application for 350OP per day has been reviewed. Congratulations! Time is limited, c...","Your application for 350OP per day has been reviewed. Congratulations! Time is limited, c...","Your application for 350OP per day has been reviewed. Congratulations! Time is limited, c...",smishing_corpus_row,smishing,weak_signal_suspicious,Smishing-Dataset-IMC25,reportsmishing/Smishing-Dataset-IMC25,raw_recovery_91k_pool,False,False,False,False,unclear suspicious message,pass_raw_complete,traceable,,,,,
EXP-SPAM-0351,Your driving license points exceeded limit. Restore with penalty 5500 TK: license-points.bd/restore,Your driving license points exceeded limit. Restore with penalty 5500 TK: license-points.bd/restore,Your driving license points exceeded limit. Restore with penalty 5500 TK: license-points.bd/restore,smish,smishing,weak_signal_suspicious,Bengali SMS Smishing Dataset,shariul-islam/bengali-sms-smishing-dataset,raw_recovery_91k_pool,True,False,False,False,unclear suspicious message,pass_raw_complete,traceable,,,,,
EXP-SPAM-0352,Amazon : Thank you for your purchase. We will inform you when its shipped. View your order and special rewards on,Amazon : Thank you for your purchase. We will inform you when its shipped. View your order and special rewards on,Amazon: Thank you for your purchase. We will inform you when its shipped. View your order and special rewards on,smishing_corpus_row,smishing,weak_signal_suspicious,Smishing-Dataset-IMC25,Gathered approved smishing 7k,gathered_approved_smishing,False,False,False,False,reward/prize,pass_raw_complete,traceable,,,,,
EXP-SPAM-0353,You have an outstanding tax refund of 321.52GBP for tax year 15/16. Please fill out the following form to process your refund,You have an outstanding tax refund of 321.52GBP for tax year 15/16. Please fill out the following form to process your refund,You have an outstanding tax refund of 321.52GBP for tax year 15/16. Please fill out the following form to process your refund,smishing_corpus_row,smishing,weak_signal_suspicious,Smishing-Dataset-IMC25,reportsmishing/Smishing-Dataset-IMC25,raw_recovery_91k_pool,False,False,False,True,unclear suspicious message,pass_raw_complete,traceable,,,,,
EXP-SPAM-0354,"Your request has been recieved and is being processed, you will get response shortly. The service will cost you #50. No record found for NIN, check NIN or contact NIMC.","Your request has been recieved and is being processed, you will get response shortly. The service will cost you #50. No record found for NIN, check NIN or contact NIMC.","Your request has been recieved and is being processed, you will get response shortly. The service will cost you #50. No record found for NIN, check NIN or contact NIMC.",smishing_corpus_row,smishing,weak_signal_suspicious,Smishing-Dataset-IMC25,reportsmishing/Smishing-Dataset-IMC25,strict_raw_replacement_91k_pool,False,False,False,False,unclear suspicious message,pass_raw_complete,traceable,,,,,
EXP-SPAM-0355,"[Binance Connect] You haven't complete verification yet, please proceed by go to our website to complete verification and enjoy our full service. Feel free to refer to the FAQs and Help section, online chat box for help.","[Binance Connect] You haven't complete verification yet, please proceed by go to our website to complete verification and enjoy our full service. Feel free to refer to the FAQs and Help section, online chat box for help.","[Binance Connect] You haven't complete verification yet, please proceed by go to our website to complete verification and enjoy our full service. Feel free to refer to the FAQs and Help section, online chat box for help.",smishing_corpus_row,smishing,weak_signal_suspicious,Smishing-Dataset-IMC25,reportsmishing/Smishing-Dataset-IMC25,raw_recovery_91k_pool,False,False,False,False,adult/chat promo,pass_raw_complete,traceable,,,,,
EXP-SPAM-0356,Hi mum I'm using friends phone I've smashed mine and their phones low can you message my new number please 075XXXXXX x,Hi mum I'm using friends phone I've smashed mine and their phones low can you message my new number please 075XXXXXX x,Hi mum I'm using friends phone I've smashed mine and their phones low can you message my new number please 075XXXXXX x,smishing_corpus_row,smishing,weak_signal_suspicious,Smishing-Dataset-IMC25,reportsmishing/Smishing-Dataset-IMC25,strict_raw_replacement_91k_pool,False,False,False,False,adult/chat promo,pass_raw_complete,traceable,,,,,
EXP-SPAM-0357,"You can already get Internet Free Without WI-FI with Whatsapp, and it is by means of invitations, here I give you an invitation!","You can already get Internet Free Without WI-FI with Whatsapp, and it is by means of invitations, here I give you an invitation!","You can already get Internet Free Without WI-FI with Whatsapp, and it is by means of invitations, here I give you an invitation!",smishing_corpus_row,smishing,weak_signal_suspicious,Smishing-Dataset-IMC25,reportsmishing/Smishing-Dataset-IMC25,raw_recovery_91k_pool,False,False,False,False,promotional spam,pass_raw_complete,traceable,,,,,
EXP-SPAM-0358,Just having a mobile you can also earn at least TK 15000-20000 per month. For details 01783627284,Just having a mobile you can also earn at least TK 15000-20000 per month. For details 01783627284,Just having a mobile you can also earn at least TK <PHONE> per month. For details <PHONE>,smish,smishing,weak_signal_suspicious,Bengali SMS Smishing Dataset,shariul-islam/bengali-sms-smishing-dataset,raw_recovery_91k_pool,False,True,False,True,telecom/ringtone/subscription spam,pass_raw_complete,traceable,,,,,
EXP-SPAM-0359,Dear You are selected join our company and wage is 16000 RS.,Dear You are selected join our company and wage is 16000 RS.,Dear You are selected join our company and wage is 16000 RS.,smishing_corpus_row,smishing,weak_signal_suspicious,Smishing-Dataset-IMC25,reportsmishing/Smishing-Dataset-IMC25,raw_recovery_91k_pool,False,False,False,True,unclear suspicious message,pass_raw_complete,traceable,,,,,
EXP-SPAM-0360,Hey it’s [name] from twitter Could I ask an urgent favour please?,Hey it’s [name] from twitter Could I ask an urgent favour please?,Hey it’s [name] from twitter Could I ask an urgent favour please?,smishing_corpus_row,smishing,weak_signal_suspicious,Smishing-Dataset-IMC25,reportsmishing/Smishing-Dataset-IMC25,raw_recovery_91k_pool,False,False,False,False,unclear suspicious message,pass_raw_complete,traceable,,,,,
EXP-SPAM-0361,You have purchased BLAZE 150MB+70 SMS + Free WhatsApp. Expiry date: 16/06/,You have purchased BLAZE 150MB+70 SMS + Free WhatsApp. Expiry date: 16/06/,You have purchased BLAZE 150MB+70 SMS + Free WhatsApp. Expiry date: 16/06/,smishing_corpus_row,smishing,weak_signal_suspicious,Smishing-Dataset-IMC25,reportsmishing/Smishing-Dataset-IMC25,raw_recovery_91k_pool,False,False,False,False,telecom/ringtone/subscription spam,pass_raw_complete,traceable,,,,,
EXP-SPAM-0362,make sure to pick up what they have at Cost co because they hardly ever give away 60$. So you have to get it when you can.,make sure to pick up what they have at Cost co because they hardly ever give away 60$. So you have to get it when you can.,make sure to pick up what they have at Cost co because they hardly ever give away 60$. So you have to get it when you can.,smishing_corpus_row,smishing,weak_signal_suspicious,Smishing-Dataset-IMC25,reportsmishing/Smishing-Dataset-IMC25,strict_raw_replacement_91k_pool,False,False,False,False,unclear suspicious message,pass_raw_complete,traceable,,,,,
EXP-SPAM-0363,"UserID 58693 / Heads up T-Mobile Limited pass, Get your chance now mtnl.eu///5EyN6","UserID 58693 / Heads up T-Mobile Limited pass, Get your chance now mtnl.eu///5EyN6","UserID 58693 / Heads up T-Mobile Limited pass, Get your chance now mtnl.eu///5EyN6",verified_smishing,smishing,weak_signal_suspicious,SmishTank,SmishTank Dataset / Smishing Dataset I,public_baseline,True,False,False,False,telecom/ringtone/subscription spam,pass_raw_complete,traceable,,,,,
EXP-SPAM-0364,Part-time job. Salary 5000 BDT/day. Work from home: wa.me/85295102105,Part-time job. Salary 5000 BDT/day. Work from home: wa.me/85295102105,Part-time job. Salary 5000 BDT/day. Work from home: <URL>,smish,smishing,weak_signal_suspicious,Bengali SMS Smishing Dataset,shariul-islam/bengali-sms-smishing-dataset,raw_recovery_91k_pool,True,True,False,True,job/business funding offer,pass_raw_complete,traceable,,,,,
EXP-SPAM-0365,"Hey Niaz, help us answer a fast survey. We will give you a free watch in return. lksr.link/9pvvbF Txt Stop to end","Hey Niaz, help us answer a fast survey. We will give you a free watch in return. lksr.link/9pvvbF Txt Stop to end","Hey Niaz, help us answer a fast survey. We will give you a free watch in return. lksr.link/9pvvbF Txt Stop to end",verified_smishing,smishing,weak_signal_suspicious,SmishTank,SmishTank Dataset / Smishing Dataset I,public_baseline,True,False,False,True,telecom/ringtone/subscription spam,pass_raw_complete,traceable,,,,,
EXP-SPAM-0366,GOVUK: We have identified you as eligible for a discounted energy bill under the Energy Bills Support Scheme. You can apply here:,GOVUK: We have identified you as eligible for a discounted energy bill under the Energy Bills Support Scheme. You can apply here:,GOVUK: We have identified you as eligible for a discounted energy bill under the Energy Bills Support Scheme. You can apply here:,smishing_corpus_row,smishing,weak_signal_suspicious,Smishing-Dataset-IMC25,reportsmishing/Smishing-Dataset-IMC25,raw_recovery_91k_pool,False,False,False,False,promotional spam,pass_raw_complete,traceable,,,,,
EXP-SPAM-0367,Dad i lost my phone. This is my new number could you please send me a message on WahtsApp on this new number?,Dad i lost my phone. This is my new number could you please send me a message on WahtsApp on this new number?,Dad i lost my phone. This is my new number could you please send me a message on WahtsApp on this new number?,smishing_corpus_row,smishing,weak_signal_suspicious,Smishing-Dataset-IMC25,reportsmishing/Smishing-Dataset-IMC25,strict_raw_replacement_91k_pool,False,False,False,False,unclear suspicious message,pass_raw_complete,traceable,,,,,
EXP-SPAM-0368,$&nMwDBqP}| XXXXXX68764 We need more social media assistants. Why post on social media platform for free when you could receive money for it? You can earn $170 per day. Apply now:,$&nMwDBqP}| XXXXXX68764 We need more social media assistants. Why post on social media platform for free when you could receive money for it? You can earn $170 per day. Apply now:,$&nMwDBqP}| XXXXXX68764 We need more social media assistants. Why post on social media platform for free when you could receive money for it? You can earn <AMOUNT> per day. Apply now:,smishing_corpus_row,smishing,weak_signal_suspicious,Smishing-Dataset-IMC25,reportsmishing/Smishing-Dataset-IMC25,raw_recovery_91k_pool,False,False,False,True,adult/chat promo,pass_raw_complete,traceable,,,,,
EXP-SPAM-0369,Your query has been resolved. - Team Myntra.,Your query has been resolved. - Team Myntra.,Your query has been resolved. - Team Myntra.,smishing_corpus_row,smishing,weak_signal_suspicious,Smishing-Dataset-IMC25,reportsmishing/Smishing-Dataset-IMC25,raw_recovery_91k_pool,False,False,False,False,unclear suspicious message,pass_raw_complete,traceable,,,,,
EXP-SPAM-0370,Money Paid Successfully ₹ 361.00 To BHOPAL SINGH From Paytm Postpaid,Money Paid Successfully ₹ 361.00 To BHOPAL SINGH From Paytm Postpaid,Money Paid Successfully ₹ 361.00 To BHOPAL SINGH From Paytm Postpaid,smishing_corpus_row,smishing,weak_signal_suspicious,Smishing-Dataset-IMC25,reportsmishing/Smishing-Dataset-IMC25,raw_recovery_91k_pool,False,False,False,False,unclear suspicious message,pass_raw_complete,traceable,,,,,
EXP-SPAM-0371,Earn TK 500–700 daily with a new SIM! Inbox for details.,Earn TK 500–700 daily with a new SIM! Inbox for details.,Earn TK 500–700 daily with a new SIM! Inbox for details.,smish,smishing,weak_signal_suspicious,Bengali SMS Smishing Dataset,shariul-islam/bengali-sms-smishing-dataset,raw_recovery_91k_pool,False,False,False,False,unclear suspicious message,pass_raw_complete,traceable,,,,,
EXP-SPAM-0372,Your registered mobile number needs to be reupdate. Please reupdate here...,Your registered mobile number needs to be reupdate. Please reupdate here...,Your registered mobile number needs to be reupdate. Please reupdate here...,smishing_corpus_row,smishing,weak_signal_suspicious,Smishing-Dataset-IMC25,reportsmishing/Smishing-Dataset-IMC25,raw_recovery_91k_pool,False,False,False,False,telecom/ringtone/subscription spam,pass_raw_complete,traceable,,,,,
EXP-SPAM-0373,"Hi Jim, I need a lot of precious metal raw materials for the project at hand recently, can you give me a price list?","Hi Jim, I need a lot of precious metal raw materials for the project at hand recently, can you give me a price list?","Hi Jim, I need a lot of precious metal raw materials for the project at hand recently, can you give me a price list?",verified_smishing,smishing,weak_signal_suspicious,SmishTank,SmishTank Dataset / Smishing Dataset I,public_baseline,False,False,False,False,unclear suspicious message,pass_raw_complete,traceable,,,,,
EXP-SPAM-0374,"We have identified that you still have an outstanding vehicle tax refund of 61.77 GBP from an overpayment, request your refund.","We have identified that you still have an outstanding vehicle tax refund of 61.77 GBP from an overpayment, request your refund.","We have identified that you still have an outstanding vehicle tax refund of 61.77 GBP from an overpayment, request your refund.",smishing_corpus_row,smishing,weak_signal_suspicious,Smishing-Dataset-IMC25,reportsmishing/Smishing-Dataset-IMC25,raw_recovery_91k_pool,False,False,False,True,unclear suspicious message,pass_raw_complete,traceable,,,,,
EXP-SPAM-0375,Congratulations your PAYTM A/C No. XXXXX can be Credited upto Rs. 5000 Register now,Congratulations your PAYTM A/C No. XXXXX can be Credited upto Rs. 5000 Register now,Congratulations your PAYTM A/C No. XXXXX can be Credited upto Rs. 5000 Register now,smishing_corpus_row,smishing,weak_signal_suspicious,Smishing-Dataset-IMC25,reportsmishing/Smishing-Dataset-IMC25,raw_recovery_91k_pool,False,False,False,True,adult/chat promo,pass_raw_complete,traceable,,,,,
EXP-SPAM-0376,Dear SBI user your SBI YONO A/c has been ...,Dear SBI user your SBI YONO A/c has been ...,Dear SBI user your SBI YONO A/c has been ...,smishing_corpus_row,smishing,weak_signal_suspicious,Smishing-Dataset-IMC25,reportsmishing/Smishing-Dataset-IMC25,raw_recovery_91k_pool,False,False,False,False,unclear suspicious message,pass_raw_complete,traceable,,,,,
EXP-SPAM-0377,URGENT: water bill overdue 11756 TK. Disconnection in today: emergency-gov.bd/urgent,URGENT: water bill overdue 11756 TK. Disconnection in today: emergency-gov.bd/urgent,URGENT: water bill overdue 11756 TK. Disconnection in today: emergency-gov.bd/urgent,smish,smishing,weak_signal_suspicious,Bengali SMS Smishing Dataset,shariul-islam/bengali-sms-smishing-dataset,raw_recovery_91k_pool,True,False,False,False,unclear suspicious message,pass_raw_complete,traceable,,,,,
EXP-SPAM-0378,Put A decal of FIJI WATER on your Vehicle and Receive 500USD Weekly,Put A decal of FIJI WATER on your Vehicle and Receive 500USD Weekly,Put A decal of FIJI WATER on your Vehicle and Receive 500USD Weekly,smishing_corpus_row,smishing,weak_signal_suspicious,Smishing-Dataset-IMC25,reportsmishing/Smishing-Dataset-IMC25,raw_recovery_91k_pool,False,False,False,True,unclear suspicious message,pass_raw_complete,traceable,,,,,
EXP-SPAM-0379,[USPS] Package delivery has been suspended due to incomplete house numbers please modify the address online in time,[USPS] Package delivery has been suspended due to incomplete house numbers please modify the address online in time,[USPS] Package delivery has been suspended due to incomplete house numbers please modify the address online in time,smishing_corpus_row,smishing,weak_signal_suspicious,Smishing-Dataset-IMC25,reportsmishing/Smishing-Dataset-IMC25,raw_recovery_91k_pool,False,False,False,False,banking/account-like suspicious,pass_raw_complete,traceable,,,,,
EXP-SPAM-0380,"CIBC have noticed unusual activities on your online banking, for more information;","CIBC have noticed unusual activities on your online banking, for more information;","CIBC have noticed unusual activities on your online banking, for more information;",smishing_corpus_row,smishing,weak_signal_suspicious,Smishing-Dataset-IMC25,reportsmishing/Smishing-Dataset-IMC25,raw_recovery_91k_pool,False,False,False,False,banking/account-like suspicious,pass_raw_complete,traceable,,,,,
EXP-SPAM-0381,Helo vuyoletu is Mr Makofane From BMW Plz calme2mrw,Helo vuyoletu is Mr Makofane From BMW Plz calme2mrw,Helo vuyoletu is Mr Makofane From BMW Plz calme2mrw,smishing_corpus_row,smishing,weak_signal_suspicious,Smishing-Dataset-IMC25,reportsmishing/Smishing-Dataset-IMC25,strict_raw_replacement_91k_pool,False,False,False,False,unclear suspicious message,pass_raw_complete,traceable,,,,,
EXP-SPAM-0382,Please do not telephone the practice for advice on self-isolation. Follow the guidance on NHS 111 online. Due to the extremely,Please do not telephone the practice for advice on self-isolation. Follow the guidance on NHS 111 online. Due to the extremely,Please do not telephone the practice for advice on self-isolation. Follow the guidance on NHS 111 online. Due to the extremely,smishing_corpus_row,smishing,weak_signal_suspicious,Smishing-Dataset-IMC25,reportsmishing/Smishing-Dataset-IMC25,strict_raw_replacement_91k_pool,False,False,False,False,unclear suspicious message,pass_raw_complete,traceable,,,,,
EXP-SPAM-0383,"Hello, please submit the correct delivery address, otherwise we cannot ship.","Hello, please submit the correct delivery address, otherwise we cannot ship.","Hello, please submit the correct delivery address, otherwise we cannot ship.",smishing_corpus_row,smishing,weak_signal_suspicious,Smishing-Dataset-IMC25,reportsmishing/Smishing-Dataset-IMC25,raw_recovery_91k_pool,False,False,False,False,delivery-like suspicious,pass_raw_complete,traceable,,,,,
EXP-SPAM-0384,"Dear customer,Your Apple 1D is due to expire today Prevent this by confiming your Apple ID at ataligaid daal.au","Dear customer,Your Apple 1D is due to expire today Prevent this by confiming your Apple ID at ataligaid daal.au","Dear customer,Your Apple 1D is due to expire today Prevent this by confiming your Apple ID at ataligaid daal.au",Smishing,smishing,weak_signal_suspicious,Mishra & Soni,SMS Phishing Dataset for Machine Learning and Pattern Recognition,public_baseline,True,False,False,False,unclear suspicious message,pass_raw_complete,traceable,,,,,
EXP-SPAM-0385,I promise this is a short but urgent message...,I promise this is a short but urgent message...,I promise this is a short but urgent message...,smishing_corpus_row,smishing,weak_signal_suspicious,Smishing-Dataset-IMC25,reportsmishing/Smishing-Dataset-IMC25,raw_recovery_91k_pool,False,False,False,False,unclear suspicious message,pass_raw_complete,traceable,,,,,
EXP-SPAM-0386,*WESTPAC ALERT* Your Westpac Live access will be terminiNated if you do n ot amend your contact details. To restore:,*WESTPAC ALERT* Your Westpac Live access will be terminiNated if you do n ot amend your contact details. To restore:,*WESTPAC ALERT* Your Westpac Live access will be terminiNated if you do n ot amend your contact details. To restore:,smishing_corpus_row,smishing,weak_signal_suspicious,Smishing-Dataset-IMC25,reportsmishing/Smishing-Dataset-IMC25,raw_recovery_91k_pool,False,False,False,False,unclear suspicious message,pass_raw_complete,traceable,,,,,
EXP-SPAM-0387,Inquiring around a house I saw on a genuine domain agent's page,Inquiring around a house I saw on a genuine domain agent's page,Inquiring around a house I saw on a genuine domain agent's page,smishing_corpus_row,smishing,weak_signal_suspicious,Smishing-Dataset-IMC25,reportsmishing/Smishing-Dataset-IMC25,raw_recovery_91k_pool,False,False,False,False,unclear suspicious message,pass_raw_complete,traceable,,,,,
EXP-SPAM-0388,"FROM:USPS our companys courier couldnt make the delivery of parcel to you address at today please input again your adress at: vpmEvening49tw.4k1pkmal.in/#?.fkz2 to drive back your package regards, usps - 61BX5B","FROM:USPS our companys courier couldnt make the delivery of parcel to you address at today please input again your adress at: vpmEvening49tw.4k1pkmal.in/#?.fkz2 to drive back your package regards, usps - 61BX5B","FROM:USPS our companys courier couldnt make the delivery of parcel to you address at today please input again your adress at: vpmEvening49tw.4k1pkmal.in/#?.fkz2 to drive back your package regards, usps - 61BX5B",verified_smishing,smishing,weak_signal_suspicious,SmishTank,SmishTank Dataset / Smishing Dataset I,public_baseline,True,False,False,True,delivery-like suspicious,pass_raw_complete,traceable,,,,,
EXP-SPAM-0389,"Good News..!!
Your Loan Amount for Rs.15000
Is Successfully Approved
Check Your Loan Status Here","Good News..!!
Your Loan Amount for Rs.15000
Is Successfully Approved
Check Your Loan Status Here",Good News..!! Your Loan Amount for Rs.15000 Is Successfully Approved Check Your Loan Status Here,smishing_corpus_row,smishing,weak_signal_suspicious,Smishing-Dataset-IMC25,reportsmishing/Smishing-Dataset-IMC25,raw_recovery_91k_pool,False,False,False,True,job/business funding offer,pass_raw_complete,traceable,,,,,
EXP-SPAM-0390,"From this, after every task you will get TK1200,,, You don't need to invest any money to do this job, you can do this job for free.","From this, after every task you will get TK1200,,, You don't need to invest any money to do this job, you can do this job for free.","From this, after every task you will get TK1200,,, You don't need to invest any money to do this job, you can do this job for free.",smish,smishing,weak_signal_suspicious,Bengali SMS Smishing Dataset,shariul-islam/bengali-sms-smishing-dataset,raw_recovery_91k_pool,False,False,False,False,job/business funding offer,pass_raw_complete,traceable,,,,,
EXP-SPAM-0391,"Our courier was unable to deliver your order, what are you going @ to do now?","Our courier was unable to deliver your order, what are you going @ to do now?","Our courier was unable to deliver your order, what are you going @ to do now?",smishing_corpus_row,smishing,weak_signal_suspicious,Smishing-Dataset-IMC25,reportsmishing/Smishing-Dataset-IMC25,raw_recovery_91k_pool,False,False,False,False,delivery-like suspicious,pass_raw_complete,traceable,,,,,
EXP-SPAM-0392,NHS: You've been in close contact with a person who has contracted the Omicron variant. Please order a test kit,NHS: You've been in close contact with a person who has contracted the Omicron variant. Please order a test kit,NHS: You've been in close contact with a person who has contracted the Omicron variant. Please order a test kit,smishing_corpus_row,smishing,weak_signal_suspicious,Smishing-Dataset-IMC25,reportsmishing/Smishing-Dataset-IMC25,raw_recovery_91k_pool,False,False,False,False,unclear suspicious message,pass_raw_complete,traceable,,,,,
EXP-SPAM-0393,Medicare: You have been in close proximity with somebody who is positive for omicron. Please immediately get a testkit now through:,Medicare: You have been in close proximity with somebody who is positive for omicron. Please immediately get a testkit now through:,Medicare: You have been in close proximity with somebody who is positive for omicron. Please immediately get a testkit now through:,smishing_corpus_row,smishing,weak_signal_suspicious,Smishing-Dataset-IMC25,reportsmishing/Smishing-Dataset-IMC25,raw_recovery_91k_pool,False,False,False,False,unclear suspicious message,pass_raw_complete,traceable,,,,,
EXP-SPAM-0394,"REGISTER FOR VACCINE NOW
for people 18+ above!!
Apply for vaccine with My-Vaci app.
Download link below
Link:","REGISTER FOR VACCINE NOW
for people 18+ above!!
Apply for vaccine with My-Vaci app.
Download link below
Link:",REGISTER FOR VACCINE NOW for people 18+ above!! Apply for vaccine with My-Vaci app. Download link below Link:,smishing_corpus_row,smishing,weak_signal_suspicious,Smishing-Dataset-IMC25,reportsmishing/Smishing-Dataset-IMC25,raw_recovery_91k_pool,False,False,False,False,unclear suspicious message,pass_raw_complete,traceable,,,,,
EXP-SPAM-0395,Earn TK500-700 daily! Using Flexiload SIM from home. Inbox for details.,Earn TK500-700 daily! Using Flexiload SIM from home. Inbox for details.,Earn TK500-700 daily! Using Flexiload SIM from home. Inbox for details.,smish,smishing,weak_signal_suspicious,Bengali SMS Smishing Dataset,shariul-islam/bengali-sms-smishing-dataset,raw_recovery_91k_pool,False,False,False,False,unclear suspicious message,pass_raw_complete,traceable,,,,,
EXP-SPAM-0396,Since youre a appreciated customer of Home Depot we have a gift valued at $100 dedicated to you (Con't 2 of 2 for your time. Just acknowledge this three question survey and you'll be compensated.,Since youre a appreciated customer of Home Depot we have a gift valued at $100 dedicated to you (Con't 2 of 2 for your time. Just acknowledge this three question survey and you'll be compensated.,Since youre a appreciated customer of Home Depot we have a gift valued at <AMOUNT> dedicated to you (Con't 2 of 2 for your time. Just acknowledge this three question survey and you'll be compensated.,smishing_corpus_row,smishing,weak_signal_suspicious,Smishing-Dataset-IMC25,reportsmishing/Smishing-Dataset-IMC25,raw_recovery_91k_pool,False,False,False,True,reward/prize,pass_raw_complete,traceable,,,,,
EXP-SPAM-0397,"Dear customer  Congratulation You have order on SNAPDEAL company, computerized results are final. You are the first Won. Tata safari cost Rs=12,60,000/- REG. CHARGE 6,500/- TOLL FREE N.","Dear customer  Congratulation You have order on SNAPDEAL company, computerized results are final. You are the first Won. Tata safari cost Rs=12,60,000/- REG. CHARGE 6,500/- TOLL FREE N.","Dear customer Congratulation You have order on SNAPDEAL company, computerized results are final. You are the first Won. Tata safari cost Rs=12,60,000/- REG. CHARGE 6,500/- TOLL FREE N.",smishing_corpus_row,smishing,weak_signal_suspicious,Smishing-Dataset-IMC25,reportsmishing/Smishing-Dataset-IMC25,raw_recovery_91k_pool,False,False,False,False,reward/prize,pass_raw_complete,traceable,,,,,
EXP-SPAM-0398,Kindly how may we be of help please Share your reachable mobile number for further assistance on your queries.,Kindly how may we be of help please Share your reachable mobile number for further assistance on your queries.,Kindly how may we be of help please Share your reachable mobile number for further assistance on your queries.,smishing_corpus_row,smishing,weak_signal_suspicious,Smishing-Dataset-IMC25,reportsmishing/Smishing-Dataset-IMC25,strict_raw_replacement_91k_pool,False,False,False,False,telecom/ringtone/subscription spam,pass_raw_complete,traceable,,,,,
EXP-SPAM-0399,"Dear Customer, our delivery man tried delivery at your address but failed due to  House was locked. Delivery will be attempted again.","Dear Customer, our delivery man tried delivery at your address but failed due to  House was locked. Delivery will be attempted again.","Dear Customer, our delivery man tried delivery at your address but failed due to House was locked. Delivery will be attempted again.",smishing_corpus_row,smishing,weak_signal_suspicious,Smishing-Dataset-IMC25,reportsmishing/Smishing-Dataset-IMC25,raw_recovery_91k_pool,False,False,False,False,banking/account-like suspicious,pass_raw_complete,traceable,,,,,
EXP-SPAM-0400,"Walgreens: We want to choose along our few other 420 shoppers reserving 1 prize for a 60 sec survey. Offer ends in 5 hours jkigr.cc/IB5sXLZ Aug 1, 6:45 AM","Walgreens: We want to choose along our few other 420 shoppers reserving 1 prize for a 60 sec survey. Offer ends in 5 hours jkigr.cc/IB5sXLZ Aug 1, 6:45 AM","Walgreens: We want to choose along our few other 420 shoppers reserving 1 prize for a 60 sec survey. Offer ends in 5 hours jkigr.cc/IB5sXLZ Aug 1, 6:45 AM",verified_smishing,smishing,weak_signal_suspicious,SmishTank,SmishTank Dataset / Smishing Dataset I,public_baseline,True,False,False,True,reward/prize,pass_raw_complete,traceable,,,,,
EXP-SPAM-0401,Someone who came in contact with you tested positive or has shown symptoms for COVID-19 & recommends you self-isolate/get tested. More at,Someone who came in contact with you tested positive or has shown symptoms for COVID-19 & recommends you self-isolate/get tested. More at,Someone who came in contact with you tested positive or has shown symptoms for COVID-19 & recommends you self-isolate/get tested. More at,smishing_corpus_row,smishing,weak_signal_suspicious,Smishing-Dataset-IMC25,reportsmishing/Smishing-Dataset-IMC25,strict_raw_replacement_91k_pool,False,False,False,False,unclear suspicious message,pass_raw_complete,traceable,,,,,
EXP-SPAM-0402,Here's the link you requested to download the NNNow app : h,Here's the link you requested to download the NNNow app : h,Here's the link you requested to download the NNNow app: h,smishing_corpus_row,smishing,weak_signal_suspicious,Smishing-Dataset-IMC25,reportsmishing/Smishing-Dataset-IMC25,raw_recovery_91k_pool,False,False,False,False,unclear suspicious message,pass_raw_complete,traceable,,,,,
EXP-SPAM-0403,Congrats! Your SBI Credit_Card Application can be approved,Congrats! Your SBI Credit_Card Application can be approved,Congrats! Your SBI Credit_Card Application can be approved,smishing_corpus_row,smishing,weak_signal_suspicious,Smishing-Dataset-IMC25,reportsmishing/Smishing-Dataset-IMC25,strict_raw_replacement_91k_pool,False,False,False,False,banking/account-like suspicious,pass_raw_complete,traceable,,,,,
EXP-SPAM-0404,"Hi, your package is / ready for pick up ->","Hi, your package is / ready for pick up ->","Hi, your package is / ready for pick up ->",smishing_corpus_row,smishing,weak_signal_suspicious,Smishing-Dataset-IMC25,reportsmishing/Smishing-Dataset-IMC25,raw_recovery_91k_pool,False,False,False,False,delivery-like suspicious,pass_raw_complete,traceable,,,,,
EXP-SPAM-0405,NHS: You have recently been in close contact with someone who has tested positive for Omicron. You need to book a PCR test kit:,NHS: You have recently been in close contact with someone who has tested positive for Omicron. You need to book a PCR test kit:,NHS: You have recently been in close contact with someone who has tested positive for Omicron. You need to book a PCR test kit:,smishing_corpus_row,smishing,weak_signal_suspicious,Smishing-Dataset-IMC25,reportsmishing/Smishing-Dataset-IMC25,raw_recovery_91k_pool,False,False,False,False,unclear suspicious message,pass_raw_complete,traceable,,,,,
EXP-SPAM-0406,i'll hack you next ur 2 step dosent matter 😂,i'll hack you next ur 2 step dosent matter 😂,i'll hack you next ur 2 step dosent matter 😂,smishing_corpus_row,smishing,weak_signal_suspicious,Smishing-Dataset-IMC25,reportsmishing/Smishing-Dataset-IMC25,raw_recovery_91k_pool,False,False,False,False,unclear suspicious message,pass_raw_complete,traceable,,,,,
EXP-SPAM-0407,"Hey, This will be done from your side kindly block it if you don't want SMS","Hey, This will be done from your side kindly block it if you don't want SMS","Hey, This will be done from your side kindly block it if you don't want SMS",smishing_corpus_row,smishing,weak_signal_suspicious,Smishing-Dataset-IMC25,reportsmishing/Smishing-Dataset-IMC25,raw_recovery_91k_pool,False,False,False,False,telecom/ringtone/subscription spam,pass_raw_complete,traceable,,,,,
EXP-SPAM-0408,IPAYTM WE WELL HOLD AFTER SOMETIME COMPLETE YOUR PAYTM KYC PAYTM OFFICE PH,IPAYTM WE WELL HOLD AFTER SOMETIME COMPLETE YOUR PAYTM KYC PAYTM OFFICE PH,IPAYTM WE WELL HOLD AFTER SOMETIME COMPLETE YOUR PAYTM KYC PAYTM OFFICE PH,smishing_corpus_row,smishing,weak_signal_suspicious,Smishing-Dataset-IMC25,reportsmishing/Smishing-Dataset-IMC25,raw_recovery_91k_pool,False,False,False,False,unclear suspicious message,pass_raw_complete,traceable,,,,,
EXP-SPAM-0409,IRS_Statement_ID40AJGAT9.pdf PDF Document � 97 KB,IRS_Statement_ID40AJGAT9.pdf PDF Document � 97 KB,IRS_Statement_ID40AJGAT9.pdf PDF Document � 97 KB,verified_smishing,smishing,weak_signal_suspicious,SmishTank,SmishTank Dataset / Smishing Dataset I,public_baseline,True,False,False,False,unclear suspicious message,pass_raw_complete,traceable,,,,,
EXP-SPAM-0410,"Prevent coronavirus by cleaning all surfaces frequently. High-contact surfaces include door handles, stair rails and tables. Take Responsibility!","Prevent coronavirus by cleaning all surfaces frequently. High-contact surfaces include door handles, stair rails and tables. Take Responsibility!","Prevent coronavirus by cleaning all surfaces frequently. High-contact surfaces include door handles, stair rails and tables. Take Responsibility!",smishing_corpus_row,smishing,weak_signal_suspicious,Smishing-Dataset-IMC25,reportsmishing/Smishing-Dataset-IMC25,raw_recovery_91k_pool,False,False,False,False,unclear suspicious message,pass_raw_complete,traceable,,,,,
EXP-SPAM-0411,Your AppIe-lD will be disabled for security reasons. To avoid this you can see in more detail and follow the next steps at,Your AppIe-lD will be disabled for security reasons. To avoid this you can see in more detail and follow the next steps at,Your AppIe-lD will be disabled for security reasons. To avoid this you can see in more detail and follow the next steps at,smishing_corpus_row,smishing,weak_signal_suspicious,Smishing-Dataset-IMC25,reportsmishing/Smishing-Dataset-IMC25,raw_recovery_91k_pool,False,False,False,False,unclear suspicious message,pass_raw_complete,traceable,,,,,
EXP-SPAM-0412,"TO TRANSFER
INB Axis Asset Management Com BILL_AAMGCL Payments","TO TRANSFER
INB Axis Asset Management Com BILL_AAMGCL Payments",TO TRANSFER INB Axis Asset Management Com BILL_AAMGCL Payments,smishing_corpus_row,smishing,weak_signal_suspicious,Smishing-Dataset-IMC25,reportsmishing/Smishing-Dataset-IMC25,raw_recovery_91k_pool,False,False,False,False,unclear suspicious message,pass_raw_complete,traceable,,,,,
EXP-SPAM-0413,Immigration office requires additional documents for visa. Processing fee 8500 TK: visa-process.bd/urgent,Immigration office requires additional documents for visa. Processing fee 8500 TK: visa-process.bd/urgent,Immigration office requires additional documents for visa. Processing fee 8500 TK: visa-process.bd/urgent,smish,smishing,weak_signal_suspicious,Bengali SMS Smishing Dataset,shariul-islam/bengali-sms-smishing-dataset,raw_recovery_91k_pool,True,False,False,False,unclear suspicious message,pass_raw_complete,traceable,,,,,
EXP-SPAM-0414,"Dear user, You have successfully been vaccinated with your Precaution Dose with COVISHIELD. You may download your vaccination Certificate from -","Dear user, You have successfully been vaccinated with your Precaution Dose with COVISHIELD. You may download your vaccination Certificate from -","Dear user, You have successfully been vaccinated with your Precaution Dose with COVISHIELD. You may download your vaccination Certificate from -",smishing_corpus_row,smishing,weak_signal_suspicious,Smishing-Dataset-IMC25,reportsmishing/Smishing-Dataset-IMC25,raw_recovery_91k_pool,False,False,False,False,unclear suspicious message,pass_raw_complete,traceable,,,,,
EXP-SPAM-0415,Please send me your mobile number right away.,Please send me your mobile number right away.,Please send me your mobile number right away.,smishing_corpus_row,smishing,weak_signal_suspicious,Smishing-Dataset-IMC25,reportsmishing/Smishing-Dataset-IMC25,raw_recovery_91k_pool,False,False,False,False,telecom/ringtone/subscription spam,pass_raw_complete,traceable,,,,,
EXP-SPAM-0416,"The Canadian Revenue Agency has issued your last benefit via INTERAC(e-transfer). To deposit your funds, follow the steps below :","The Canadian Revenue Agency has issued your last benefit via INTERAC(e-transfer). To deposit your funds, follow the steps below :","The Canadian Revenue Agency has issued your last benefit via INTERAC(e-transfer). To deposit your funds, follow the steps below:",smishing_corpus_row,smishing,weak_signal_suspicious,Smishing-Dataset-IMC25,reportsmishing/Smishing-Dataset-IMC25,strict_raw_replacement_91k_pool,False,False,False,False,unclear suspicious message,pass_raw_complete,traceable,,,,,
EXP-SPAM-0417,Your Macquarie online banking access has been temporarily restricted. We need you to complete our digital verification below to continue.,Your Macquarie online banking access has been temporarily restricted. We need you to complete our digital verification below to continue.,Your Macquarie online banking access has been temporarily restricted. We need you to complete our digital verification below to continue.,smishing_corpus_row,smishing,weak_signal_suspicious,Smishing-Dataset-IMC25,reportsmishing/Smishing-Dataset-IMC25,raw_recovery_91k_pool,False,False,False,False,banking/account-like suspicious,pass_raw_complete,traceable,,,,,
EXP-SPAM-0418,"(AM#ZON) 163975 YOUR 4CCOUNT HAS BEEN I_OCKED,fix your bill-now. //unusa.id/9rua O","(AM#ZON) 163975 YOUR 4CCOUNT HAS BEEN I_OCKED,fix your bill-now. //unusa.id/9rua O","(AM#ZON) 163975 YOUR 4CCOUNT HAS BEEN I_OCKED,fix your bill-now. //unusa.id/9rua O",verified_smishing,smishing,weak_signal_suspicious,SmishTank,SmishTank Dataset / Smishing Dataset I,public_baseline,True,False,False,False,unclear suspicious message,pass_raw_complete,traceable,,,,,
EXP-SPAM-0419,"Hi, I'm thinking of using one of your photos as a source of inspiration for my art project i'm working on for a museum. You'll be getting compensated for it and also given credits, are you down?","Hi, I'm thinking of using one of your photos as a source of inspiration for my art project i'm working on for a museum. You'll be getting compensated for it and also given credits, are you down?","Hi, I'm thinking of using one of your photos as a source of inspiration for my art project i'm working on for a museum. You'll be getting compensated for it and also given credits, are you down?",verified_smishing,smishing,weak_signal_suspicious,SmishTank,SmishTank Dataset / Smishing Dataset I,public_baseline,False,False,False,False,unclear suspicious message,pass_raw_complete,traceable,,,,,
EXP-SPAM-0420,IRS_TAX_REFUND_B2D 5T88RF9.pdf PDF Document - 83 KB,IRS_TAX_REFUND_B2D 5T88RF9.pdf PDF Document - 83 KB,IRS_TAX_REFUND_B2D 5T88RF9.pdf PDF Document - 83 KB,verified_smishing,smishing,weak_signal_suspicious,SmishTank,SmishTank Dataset / Smishing Dataset I,public_baseline,True,False,False,False,unclear suspicious message,pass_raw_complete,traceable,,,,,
EXP-SPAM-0421,"DVLA: Due to recent calculations, you overpaid us by 203.07. Please follow the link below to process your repayment","DVLA: Due to recent calculations, you overpaid us by 203.07. Please follow the link below to process your repayment","DVLA: Due to recent calculations, you overpaid us by 203.07. Please follow the link below to process your repayment",smishing_corpus_row,smishing,weak_signal_suspicious,Smishing-Dataset-IMC25,reportsmishing/Smishing-Dataset-IMC25,raw_recovery_91k_pool,False,False,False,False,unclear suspicious message,pass_raw_complete,traceable,,,,,
EXP-SPAM-0422,"If you have 1/2 hour free time in your day, let me know. I'll show you some processes from which you can earn income.
Then say Hi now..","If you have 1/2 hour free time in your day, let me know. I'll show you some processes from which you can earn income.
Then say Hi now..","If you have 1/2 hour free time in your day, let me know. I'll show you some processes from which you can earn income. Then say Hi now..",smish,smishing,weak_signal_suspicious,Bengali SMS Smishing Dataset,shariul-islam/bengali-sms-smishing-dataset,raw_recovery_91k_pool,False,False,False,False,promotional spam,pass_raw_complete,traceable,,,,,
EXP-SPAM-0423,Emergency: Your father hospitalized. Medical bills 35000 TK needed: hospital-emergency.bd/urgent,Emergency: Your father hospitalized. Medical bills 35000 TK needed: hospital-emergency.bd/urgent,Emergency: Your father hospitalized. Medical bills 35000 TK needed: hospital-emergency.bd/urgent,smish,smishing,weak_signal_suspicious,Bengali SMS Smishing Dataset,shariul-islam/bengali-sms-smishing-dataset,raw_recovery_91k_pool,True,False,False,False,unclear suspicious message,pass_raw_complete,traceable,,,,,
EXP-SPAM-0424,"Vote Teddy A
Vote Teddy A
Vote Teddy A
Vote Teddy A
Vote Teddy A
Vote Teddy A
Vote Teddy A
Vote Teddy A
Vote Teddy A","Vote Teddy A
Vote Teddy A
Vote Teddy A
Vote Teddy A
Vote Teddy A
Vote Teddy A
Vote Teddy A
Vote Teddy A
Vote Teddy A",Vote Teddy A Vote Teddy A Vote Teddy A Vote Teddy A Vote Teddy A Vote Teddy A Vote Teddy A Vote Teddy A Vote Teddy A,smishing_corpus_row,smishing,weak_signal_suspicious,Smishing-Dataset-IMC25,reportsmishing/Smishing-Dataset-IMC25,raw_recovery_91k_pool,False,False,False,False,unclear suspicious message,pass_raw_complete,traceable,,,,,
EXP-SPAM-0425,"Thank You for enrolling in Congress party membership program.
Your enroller is K Prabhhu.
Your details will be verified.
You will get a message once approved.","Thank You for enrolling in Congress party membership program.
Your enroller is K Prabhhu.
Your details will be verified.
You will get a message once approved.",Thank You for enrolling in Congress party membership program. Your enroller is K Prabhhu. Your details will be verified. You will get a message once approved.,smishing_corpus_row,smishing,weak_signal_suspicious,Smishing-Dataset-IMC25,reportsmishing/Smishing-Dataset-IMC25,raw_recovery_91k_pool,False,False,False,False,unclear suspicious message,pass_raw_complete,traceable,,,,,
EXP-SPAM-0426,do NOT go outside. that fucking cat just hung an anvil above your door so he can drop it on your head and squish you to be really short. be careful.,do NOT go outside. that fucking cat just hung an anvil above your door so he can drop it on your head and squish you to be really short. be careful.,do NOT go outside. that fucking cat just hung an anvil above your door so he can drop it on your head and squish you to be really short. be careful.,smishing_corpus_row,smishing,weak_signal_suspicious,Smishing-Dataset-IMC25,reportsmishing/Smishing-Dataset-IMC25,raw_recovery_91k_pool,False,False,False,False,unclear suspicious message,pass_raw_complete,traceable,,,,,
EXP-SPAM-0427,I’m contesting for an ambassadorialship spot at an online influencers program can you please vote for me?🙏🏼🙏🏼,I’m contesting for an ambassadorialship spot at an online influencers program can you please vote for me?🙏🏼🙏🏼,I’m contesting for an ambassadorialship spot at an online influencers program can you please vote for me?🙏🏼🙏🏼,smishing_corpus_row,smishing,weak_signal_suspicious,Smishing-Dataset-IMC25,reportsmishing/Smishing-Dataset-IMC25,raw_recovery_91k_pool,False,False,False,False,unclear suspicious message,pass_raw_complete,traceable,,,,,
EXP-SPAM-0428,Your vehicle insurance expired. Immediate renewal required 8500 TK: auto-insurance.bd/urgent,Your vehicle insurance expired. Immediate renewal required 8500 TK: auto-insurance.bd/urgent,Your vehicle insurance expired. Immediate renewal required 8500 TK: auto-insurance.bd/urgent,smish,smishing,weak_signal_suspicious,Bengali SMS Smishing Dataset,shariul-islam/bengali-sms-smishing-dataset,raw_recovery_91k_pool,True,False,False,False,unclear suspicious message,pass_raw_complete,traceable,,,,,
EXP-SPAM-0429,Property mutation blocked due to fake documents. Clear with legal fee 28000 TK: mutation-legal.bd/urgent,Property mutation blocked due to fake documents. Clear with legal fee 28000 TK: mutation-legal.bd/urgent,Property mutation blocked due to fake documents. Clear with legal fee 28000 TK: mutation-legal.bd/urgent,smish,smishing,weak_signal_suspicious,Bengali SMS Smishing Dataset,shariul-islam/bengali-sms-smishing-dataset,raw_recovery_91k_pool,True,False,False,False,banking/account-like suspicious,pass_raw_complete,traceable,,,,,
EXP-SPAM-0430,"To earn money from home, convert your used SIM to flexiload SIM and earn 500 to 700 taka daily easily by selling offers both online and offline. If you want to convert your used SIM to flexiload SIM, inbox us. Thank you.","To earn money from home, convert your used SIM to flexiload SIM and earn 500 to 700 taka daily easily by selling offers both online and offline. If you want to convert your used SIM to flexiload SIM, inbox us. Thank you.","To earn money from home, convert your used SIM to flexiload SIM and earn 500 to 700 taka daily easily by selling offers both online and offline. If you want to convert your used SIM to flexiload SIM, inbox us. Thank you.",smish,smishing,weak_signal_suspicious,Bengali SMS Smishing Dataset,shariul-islam/bengali-sms-smishing-dataset,raw_recovery_91k_pool,False,False,False,False,promotional spam,pass_raw_complete,traceable,,,,,
EXP-SPAM-0431,"Hi, I'm interested in your ad when we can meet to see this property? https","Hi, I'm interested in your ad when we can meet to see this property? https","Hi, I'm interested in your ad when we can meet to see this property? https",smishing_corpus_row,smishing,weak_signal_suspicious,Smishing-Dataset-IMC25,Gathered approved smishing 7k,gathered_approved_smishing,False,False,False,False,unclear suspicious message,pass_raw_complete,traceable,,,,,
EXP-SPAM-0432,REGISTER FOR VACCINE NOW for people 18+ above!! Apply for vacine with My-Vaci app. Download link below,REGISTER FOR VACCINE NOW for people 18+ above!! Apply for vacine with My-Vaci app. Download link below,REGISTER FOR VACCINE NOW for people 18+ above!! Apply for vacine with My-Vaci app. Download link below,smishing_corpus_row,smishing,weak_signal_suspicious,Smishing-Dataset-IMC25,reportsmishing/Smishing-Dataset-IMC25,raw_recovery_91k_pool,False,False,False,False,unclear suspicious message,pass_raw_complete,traceable,,,,,
EXP-SPAM-0433,Play the latest games at RougeCasino and get 400% on your first deposit: slgn.me/9BPrAw ( Unsubscribe: uayq.link/9BPxCV ),Play the latest games at RougeCasino and get 400% on your first deposit: slgn.me/9BPrAw ( Unsubscribe: uayq.link/9BPxCV ),Play the latest games at RougeCasino and get 400% on your first deposit: <URL> ( Unsubscribe: uayq.link/9BPxCV ),phishing_messages_row,smishing,weak_signal_suspicious,SMS Phishing Dataset,wspr-ncsu/sms-phishing,raw_recovery_91k_pool,True,False,False,False,telecom/ringtone/subscription spam,pass_raw_complete,traceable,,,,,
EXP-SPAM-0434,"Your Mobile No Have Won 4,00,00,000/-Inr From Range Rover motors Company UK' Send Name Mobile No Age Address Occupation","Your Mobile No Have Won 4,00,00,000/-Inr From Range Rover motors Company UK' Send Name Mobile No Age Address Occupation","Your Mobile No Have Won 4,00,00,000/-Inr From Range Rover motors Company UK' Send Name Mobile No Age Address Occupation",smishing_corpus_row,smishing,weak_signal_suspicious,Smishing-Dataset-IMC25,reportsmishing/Smishing-Dataset-IMC25,raw_recovery_91k_pool,False,False,False,False,reward/prize,pass_raw_complete,traceable,,,,,
EXP-SPAM-0435,"Your KreditFund loan is due,please repay it on time and avoid contacting your family!","Your KreditFund loan is due,please repay it on time and avoid contacting your family!","Your KreditFund loan is due,please repay it on time and avoid contacting your family!",smishing_corpus_row,smishing,weak_signal_suspicious,Smishing-Dataset-IMC25,reportsmishing/Smishing-Dataset-IMC25,raw_recovery_91k_pool,False,False,False,False,job/business funding offer,pass_raw_complete,traceable,,,,,
EXP-SPAM-0436,You are selected to win lakhs. Register now to transfer your amount in your A/C.,You are selected to win lakhs. Register now to transfer your amount in your A/C.,You are selected to win lakhs. Register now to transfer your amount in your A/C.,smishing_corpus_row,smishing,weak_signal_suspicious,Smishing-Dataset-IMC25,reportsmishing/Smishing-Dataset-IMC25,raw_recovery_91k_pool,False,False,False,False,unclear suspicious message,pass_raw_complete,traceable,,,,,
EXP-SPAM-0437,"hi This is Mary, how arThis is Mary, how are you doing Alisa?e you doing Alisa?","hi This is Mary, how arThis is Mary, how are you doing Alisa?e you doing Alisa?","hi This is Mary, how arThis is Mary, how are you doing Alisa?e you doing Alisa?",verified_smishing,smishing,weak_signal_suspicious,SmishTank,SmishTank Dataset / Smishing Dataset I,public_baseline,False,False,False,False,unclear suspicious message,pass_raw_complete,traceable,,,,,
EXP-SPAM-0438,"Dear Customer, Get your pension information at your fingertips by registering yourself on new SBI PENSIONSERVA portal. It's simple and works on your android or iOS Mobile also. Please ignore if already registered.","Dear Customer, Get your pension information at your fingertips by registering yourself on new SBI PENSIONSERVA portal. It's simple and works on your android or iOS Mobile also. Please ignore if already registered.","Dear Customer, Get your pension information at your fingertips by registering yourself on new SBI PENSIONSERVA portal. It's simple and works on your android or iOS Mobile also. Please ignore if already registered.",smishing_corpus_row,smishing,weak_signal_suspicious,Smishing-Dataset-IMC25,reportsmishing/Smishing-Dataset-IMC25,strict_raw_replacement_91k_pool,False,False,False,False,telecom/ringtone/subscription spam,pass_raw_complete,traceable,,,,,
EXP-SPAM-0439,"BDO ALERT
Our system has detected a suspicious activity...
please proceed to authenticate.","BDO ALERT
Our system has detected a suspicious activity...
please proceed to authenticate.",BDO ALERT Our system has detected a suspicious activity... please proceed to authenticate.,smishing_corpus_row,smishing,weak_signal_suspicious,Smishing-Dataset-IMC25,reportsmishing/Smishing-Dataset-IMC25,strict_raw_replacement_91k_pool,False,False,False,False,unclear suspicious message,pass_raw_complete,traceable,,,,,
EXP-SPAM-0440,"Package reminder: We cannot deliver your package to door due to the incomplete house number, please fill in the address.","Package reminder: We cannot deliver your package to door due to the incomplete house number, please fill in the address.","Package reminder: We cannot deliver your package to door due to the incomplete house number, please fill in the address.",smishing_corpus_row,smishing,weak_signal_suspicious,Smishing-Dataset-IMC25,reportsmishing/Smishing-Dataset-IMC25,raw_recovery_91k_pool,False,False,False,False,delivery-like suspicious,pass_raw_complete,traceable,,,,,
EXP-SPAM-0441,(Your Parcel Is Cleared) Re-schedule:,(Your Parcel Is Cleared) Re-schedule:,(Your Parcel Is Cleared) Re-schedule:,smishing_corpus_row,smishing,weak_signal_suspicious,Smishing-Dataset-IMC25,Gathered approved smishing 7k,gathered_approved_smishing,False,False,False,False,delivery-like suspicious,pass_raw_complete,traceable,,,,,
EXP-SPAM-0442,The Duty of Youth is to challenge corruption,The Duty of Youth is to challenge corruption,The Duty of Youth is to challenge corruption,smishing_corpus_row,smishing,weak_signal_suspicious,Smishing-Dataset-IMC25,reportsmishing/Smishing-Dataset-IMC25,raw_recovery_91k_pool,False,False,False,False,unclear suspicious message,pass_raw_complete,traceable,,,,,
EXP-SPAM-0443,"Jack, what are your plans for tomorrow?","Jack, what are your plans for tomorrow?","Jack, what are your plans for tomorrow?",verified_smishing,smishing,weak_signal_suspicious,SmishTank,SmishTank Dataset / Smishing Dataset I,public_baseline,False,False,False,False,unclear suspicious message,pass_raw_complete,traceable,,,,,
EXP-SPAM-0444,SCHOOL PART TIME TEACHER POST APPLY Now. Online selection process. Selection will be based on numbers. Send B.SC pass Marksheet and certificate to WhatsApp 7602236317,SCHOOL PART TIME TEACHER POST APPLY Now. Online selection process. Selection will be based on numbers. Send B.SC pass Marksheet and certificate to WhatsApp 7602236317,SCHOOL PART TIME TEACHER POST APPLY Now. Online selection process. Selection will be based on numbers. Send B.SC pass Marksheet and certificate to WhatsApp <PHONE>,smish,smishing,weak_signal_suspicious,Bengali SMS Smishing Dataset,shariul-islam/bengali-sms-smishing-dataset,raw_recovery_91k_pool,True,True,False,False,unclear suspicious message,pass_raw_complete,traceable,,,,,
EXP-SPAM-0445,"NTFLIX.ID# 495442 Your-SUBSCRIPTION-IS-0N """"H0ID"""",Renewal-your-bill-now:// @@, unusa.id/4mx6","NTFLIX.ID# 495442 Your-SUBSCRIPTION-IS-0N """"H0ID"""",Renewal-your-bill-now:// @@, unusa.id/4mx6","NTFLIX.ID# 495442 Your-SUBSCRIPTION-IS-0N """"H0ID"""",Renewal-your-bill-now:// @@, unusa.id/4mx6",verified_smishing,smishing,weak_signal_suspicious,SmishTank,SmishTank Dataset / Smishing Dataset I,public_baseline,True,False,False,False,telecom/ringtone/subscription spam,pass_raw_complete,traceable,,,,,
EXP-SPAM-0446,This is Second and final advise: We W! Il Block Your gadget promptly. Please Eliminate unwanted me$sage's. Scan today: congvd.me/X2Onlwz97M,This is Second and final advise: We W! Il Block Your gadget promptly. Please Eliminate unwanted me$sage's. Scan today: congvd.me/X2Onlwz97M,This is Second and final advise: We W! Il Block Your gadget promptly. Please Eliminate unwanted me$sage's. Scan today: <URL>,verified_smishing,smishing,weak_signal_suspicious,SmishTank,SmishTank Dataset / Smishing Dataset I,public_baseline,True,False,False,False,unclear suspicious message,pass_raw_complete,traceable,,,,,
EXP-SPAM-0447,"◆ If qualified, you can earn online by teaching. Contact User-10381381741225860264.","◆ If qualified, you can earn online by teaching. Contact User-10381381741225860264.","◆ If qualified, you can earn online by teaching. Contact User-<PHONE>.",smish,smishing,weak_signal_suspicious,Bengali SMS Smishing Dataset,shariul-islam/bengali-sms-smishing-dataset,raw_recovery_91k_pool,False,True,False,False,unclear suspicious message,pass_raw_complete,traceable,,,,,
EXP-SPAM-0448,"Dear student, Congratulations on passing your secondary exam. Today you are the future of Bangladesh, we await you. Comilla City College (EIIN:134648) Kotbari, Comilla Mobile: 01781939370 01859412805","Dear student, Congratulations on passing your secondary exam. Today you are the future of Bangladesh, we await you. Comilla City College (EIIN:134648) Kotbari, Comilla Mobile: 01781939370 01859412805","Dear student, Congratulations on passing your secondary exam. Today you are the future of Bangladesh, we await you. Comilla City College (EIIN:134648) Kotbari, Comilla Mobile: <PHONE>",smish,smishing,weak_signal_suspicious,Bengali SMS Smishing Dataset,shariul-islam/bengali-sms-smishing-dataset,raw_recovery_91k_pool,False,True,False,False,telecom/ringtone/subscription spam,pass_raw_complete,traceable,,,,,
EXP-SPAM-0449,Hello. I'm Emily. Just found your house in the neighborhood and thought of reaching out to you re: a sale for it. Any interest?,Hello. I'm Emily. Just found your house in the neighborhood and thought of reaching out to you re: a sale for it. Any interest?,Hello. I'm Emily. Just found your house in the neighborhood and thought of reaching out to you re: a sale for it. Any interest?,verified_smishing,smishing,weak_signal_suspicious,SmishTank,SmishTank Dataset / Smishing Dataset I,public_baseline,False,False,False,False,promotional spam,pass_raw_complete,traceable,,,,,
EXP-SPAM-0450,Land registration office requires bribe 22000 TK for quick processing: land-bribe.bd/urgent,Land registration office requires bribe 22000 TK for quick processing: land-bribe.bd/urgent,Land registration office requires bribe 22000 TK for quick processing: land-bribe.bd/urgent,smish,smishing,weak_signal_suspicious,Bengali SMS Smishing Dataset,shariul-islam/bengali-sms-smishing-dataset,raw_recovery_91k_pool,True,False,False,False,unclear suspicious message,pass_raw_complete,traceable,,,,,
EXP-SPAM-0451,400%   +   100   Spins   to   try   new   games   at   4Crowns!   Make   your   first   deposit   now:   slgn.me/9BSzdx   (   Unsubscribe:   rkwx.link/9BS2Fx   ),400%   +   100   Spins   to   try   new   games   at   4Crowns!   Make   your   first   deposit   now:   slgn.me/9BSzdx   (   Unsubscribe:   rkwx.link/9BS2Fx   ),400% + 100 Spins to try new games at 4Crowns! Make your first deposit now: <URL> ( Unsubscribe: rkwx.link/9BS2Fx ),phishing_messages_row,smishing,weak_signal_suspicious,SMS Phishing Dataset,wspr-ncsu/sms-phishing,raw_recovery_91k_pool,True,False,False,False,telecom/ringtone/subscription spam,pass_raw_complete,traceable,,,,,
EXP-SPAM-0452,💖 Do you want to learn free work? Do you want to earn alongside work? You can earn 400 to 500 TK daily? Then why delay? Contact now: 01722672391,💖 Do you want to learn free work? Do you want to earn alongside work? You can earn 400 to 500 TK daily? Then why delay? Contact now: 01722672391,💖 Do you want to learn free work? Do you want to earn alongside work? You can earn 400 to 500 TK daily? Then why delay? Contact now: <PHONE>,smish,smishing,weak_signal_suspicious,Bengali SMS Smishing Dataset,shariul-islam/bengali-sms-smishing-dataset,raw_recovery_91k_pool,False,True,False,False,promotional spam,pass_raw_complete,traceable,,,,,
EXP-SPAM-0453,IRS_TAX_RE- FUND_B2D5T88RF9.pdf PDF Document � 83 KB,IRS_TAX_RE- FUND_B2D5T88RF9.pdf PDF Document � 83 KB,IRS_TAX_RE- FUND_B2D5T88RF9.pdf PDF Document � 83 KB,verified_smishing,smishing,weak_signal_suspicious,SmishTank,SmishTank Dataset / Smishing Dataset I,public_baseline,True,False,False,False,unclear suspicious message,pass_raw_complete,traceable,,,,,
EXP-SPAM-0454,3rd place: Alphonso Marker2nd place: Kailomna Safonds1st place: Randy Miller. Procced to prize: n55l.me/nwUu8,3rd place: Alphonso Marker2nd place: Kailomna Safonds1st place: Randy Miller. Procced to prize: n55l.me/nwUu8,3rd place: Alphonso Marker2nd place: Kailomna Safonds1st place: Randy Miller. Procced to prize: <URL>,phishing_messages_row,smishing,weak_signal_suspicious,SMS Phishing Dataset,wspr-ncsu/sms-phishing,raw_recovery_91k_pool,True,False,False,False,reward/prize,pass_raw_complete,traceable,,,,,
EXP-SPAM-0455,Get a chance to spend a day with Mashrafe by betting on BPL. Join: xini.eu/00Qe,Get a chance to spend a day with Mashrafe by betting on BPL. Join: xini.eu/00Qe,Get a chance to spend a day with Mashrafe by betting on BPL. Join: xini.eu/00Qe,smish,smishing,weak_signal_suspicious,Bengali SMS Smishing Dataset,shariul-islam/bengali-sms-smishing-dataset,raw_recovery_91k_pool,True,False,False,False,gambling/casino/free spin,pass_raw_complete,traceable,,,,,
EXP-SPAM-0456,Police case registered against your vehicle. Settlement fee 9500 TK: police-settlement.bd/urgent Case: PS8847,Police case registered against your vehicle. Settlement fee 9500 TK: police-settlement.bd/urgent Case: PS8847,Police case registered against your vehicle. Settlement fee 9500 TK: police-settlement.bd/urgent Case: PS8847,smish,smishing,weak_signal_suspicious,Bengali SMS Smishing Dataset,shariul-islam/bengali-sms-smishing-dataset,raw_recovery_91k_pool,True,False,False,True,unclear suspicious message,pass_raw_complete,traceable,,,,,
EXP-SPAM-0457,"(8 Hi Julianne long time no see, I'm Aleen, how are you doing","(8 Hi Julianne long time no see, I'm Aleen, how are you doing","(8 Hi Julianne long time no see, I'm Aleen, how are you doing",verified_smishing,smishing,weak_signal_suspicious,SmishTank,SmishTank Dataset / Smishing Dataset I,public_baseline,False,False,False,False,unclear suspicious message,pass_raw_complete,traceable,,,,,
EXP-SPAM-0458,"Dear applicant, you have been selected for an interview with the center enemy leadership on Tuesday 04/05 at 9 AM @1st floor. Please contact for inquiry: 09029900659","Dear applicant, you have been selected for an interview with the center enemy leadership on Tuesday 04/05 at 9 AM @1st floor. Please contact for inquiry: 09029900659","Dear applicant, you have been selected for an interview with the center enemy leadership on Tuesday 04/05 at 9 AM @1st floor. Please contact for inquiry: <PHONE>",smish,smishing,weak_signal_suspicious,Bengali SMS Smishing Dataset,shariul-islam/bengali-sms-smishing-dataset,raw_recovery_91k_pool,False,True,False,False,unclear suspicious message,pass_raw_complete,traceable,,,,,
EXP-SPAM-0459,Download the largest social gaming app to play 100+ mobile games and win cash prizes up to 25 crore taka daily.,Download the largest social gaming app to play 100+ mobile games and win cash prizes up to 25 crore taka daily.,Download the largest social gaming app to play 100+ mobile games and win cash prizes up to 25 crore taka daily.,smish,smishing,weak_signal_suspicious,Bengali SMS Smishing Dataset,shariul-islam/bengali-sms-smishing-dataset,strict_raw_replacement_91k_pool,False,False,False,False,reward/prize,pass_raw_complete,traceable,,,,,
EXP-SPAM-0460,"Work Part-Job From Home at your leisure This Won't disturb you from your current job, Age 18yrs above employee must of a computer and printer..If interested send sms to James +1 (509) 785-6416 for details","Work Part-Job From Home at your leisure This Won't disturb you from your current job, Age 18yrs above employee must of a computer and printer..If interested send sms to James +1 (509) 785-6416 for details","Work Part-Job From Home at your leisure This Won't disturb you from your current job, Age 18yrs above employee must of a computer and printer..If interested send sms to James <PHONE> for details",verified_smishing,smishing,weak_signal_suspicious,SmishTank,SmishTank Dataset / Smishing Dataset I,public_baseline,False,True,False,False,reward/prize,pass_raw_complete,traceable,,,,,
EXP-SPAM-0461,10-20 McDonald's reward.. 2.approvedurls1.info,10-20 McDonald's reward.. 2.approvedurls1.info,10-20 McDonald's reward.. <URL>,verified_smishing,smishing,weak_signal_suspicious,SmishTank,SmishTank Dataset / Smishing Dataset I,public_baseline,True,False,False,False,reward/prize,pass_raw_complete,traceable,,,,,
EXP-SPAM-0462,"🔥Already Listed🔥\n600k withdraw ✅💸\n600k = 7.8 usdt 😛\nThose who missed it still have a chance. Pepe🔥🔥 is already listed withdrawing.\nDon't delay, start mining now 🔥\nhttps://t.me/pepe_miner_game_bot?start=5825648889","🔥Already Listed🔥\n600k withdraw ✅💸\n600k = 7.8 usdt 😛\nThose who missed it still have a chance. Pepe🔥🔥 is already listed withdrawing.\nDon't delay, start mining now 🔥\nhttps://t.me/pepe_miner_game_bot?start=5825648889","🔥Already Listed🔥\n600k withdraw ✅💸\n600k = 7.8 usdt 😛\nThose who missed it still have a chance. Pepe🔥🔥 is already listed withdrawing.\nDon't delay, start mining now 🔥\nhttps://<URL>?start=<PHONE>",smish,smishing,weak_signal_suspicious,Bengali SMS Smishing Dataset,shariul-islam/bengali-sms-smishing-dataset,raw_recovery_91k_pool,True,True,False,True,unclear suspicious message,pass_raw_complete,traceable,,,,,
EXP-SPAM-0463,There's a home listed in your search area. Homes are moving fast! From $412 - 569 clickherenow.me/YSOHESIZ,There's a home listed in your search area. Homes are moving fast! From $412 - 569 clickherenow.me/YSOHESIZ,There's a home listed in your search area. Homes are moving fast! From <AMOUNT> - 569 <URL>,verified_smishing,smishing,weak_signal_suspicious,SmishTank,SmishTank Dataset / Smishing Dataset I,public_baseline,True,True,False,True,unclear suspicious message,pass_raw_complete,traceable,,,,,
EXP-SPAM-0464,Police verification failed for passport. Resubmit with 1800 TK: police-passport.bd/resubmit,Police verification failed for passport. Resubmit with 1800 TK: police-passport.bd/resubmit,Police verification failed for passport. Resubmit with 1800 TK: police-passport.bd/resubmit,smish,smishing,weak_signal_suspicious,Bengali SMS Smishing Dataset,shariul-islam/bengali-sms-smishing-dataset,raw_recovery_91k_pool,True,False,False,False,unclear suspicious message,pass_raw_complete,traceable,,,,,
EXP-SPAM-0465,Your mobile number traced in criminal activity. Clear name with 15000 TK: police-clear.bd/urgent,Your mobile number traced in criminal activity. Clear name with 15000 TK: police-clear.bd/urgent,Your mobile number traced in criminal activity. Clear name with 15000 TK: police-clear.bd/urgent,smish,smishing,weak_signal_suspicious,Bengali SMS Smishing Dataset,shariul-islam/bengali-sms-smishing-dataset,raw_recovery_91k_pool,True,False,False,False,telecom/ringtone/subscription spam,pass_raw_complete,traceable,,,,,
EXP-SPAM-0466,Your property tax assessment increased dramatically. Appeal with fee 15000 TK: tax-appeal.bd/urgent,Your property tax assessment increased dramatically. Appeal with fee 15000 TK: tax-appeal.bd/urgent,Your property tax assessment increased dramatically. Appeal with fee 15000 TK: tax-appeal.bd/urgent,smish,smishing,weak_signal_suspicious,Bengali SMS Smishing Dataset,shariul-islam/bengali-sms-smishing-dataset,raw_recovery_91k_pool,True,False,False,False,unclear suspicious message,pass_raw_complete,traceable,,,,,
EXP-SPAM-0467,CVS: Your number was invited with 798 others to redeem a prize. Answer our quick survey before the next 6 hours to reserve yours igyre.cc/Kky7RkR,CVS: Your number was invited with 798 others to redeem a prize. Answer our quick survey before the next 6 hours to reserve yours igyre.cc/Kky7RkR,CVS: Your number was invited with 798 others to redeem a prize. Answer our quick survey before the next 6 hours to reserve yours igyre.cc/Kky7RkR,verified_smishing,smishing,weak_signal_suspicious,SmishTank,SmishTank Dataset / Smishing Dataset I,public_baseline,True,False,False,False,reward/prize,pass_raw_complete,traceable,,,,,
EXP-SPAM-0468,IRS TAX REFUND MOP1QHS.pdf PDF Document • 83 KB,IRS TAX REFUND MOP1QHS.pdf PDF Document • 83 KB,IRS TAX REFUND MOP1QHS.pdf PDF Document • 83 KB,verified_smishing,smishing,weak_signal_suspicious,SmishTank,SmishTank Dataset / Smishing Dataset I,public_baseline,True,False,False,False,unclear suspicious message,pass_raw_complete,traceable,,,,,
EXP-SPAM-0469,"Pvt Finance arranged on cheque basics 4 Business Peoples, Traders, Stockists, Industries & corporate comp, P.M turn over 20L. Cnt-9840139557","Pvt Finance arranged on cheque basics 4 Business Peoples, Traders, Stockists, Industries & corporate comp, P.M turn over 20L. Cnt-9840139557","Pvt Finance arranged on cheque basics 4 Business Peoples, Traders, Stockists, Industries & corporate comp, P.M turn over 20L. Cnt-<PHONE>",Smishing,smishing,weak_signal_suspicious,Mishra & Soni,SMS Phishing Dataset for Machine Learning and Pattern Recognition,public_baseline,False,True,False,True,job/business funding offer,pass_raw_complete,traceable,,,,,
EXP-SPAM-0470,Medical emergency: Your wife needs surgery. Hospital deposit 45000 TK: emergency-surgery.bd/deposit,Medical emergency: Your wife needs surgery. Hospital deposit 45000 TK: emergency-surgery.bd/deposit,Medical emergency: Your wife needs surgery. Hospital deposit 45000 TK: emergency-surgery.bd/deposit,smish,smishing,weak_signal_suspicious,Bengali SMS Smishing Dataset,shariul-islam/bengali-sms-smishing-dataset,raw_recovery_91k_pool,True,False,False,False,unclear suspicious message,pass_raw_complete,traceable,,,,,
EXP-SPAM-0471,"Bet at casino and win TK10,000 cashback! Start: xini.eu/00Qe","Bet at casino and win TK10,000 cashback! Start: xini.eu/00Qe","Bet at casino and win TK10,000 cashback! Start: xini.eu/00Qe",smish,smishing,weak_signal_suspicious,Bengali SMS Smishing Dataset,shariul-islam/bengali-sms-smishing-dataset,raw_recovery_91k_pool,True,False,False,False,gambling/casino/free spin,pass_raw_complete,traceable,,,,,
EXP-SPAM-0472,Want to join for free and utilize your free time to do network marketing business with DXN company to create a passive income path? Then inbox,Want to join for free and utilize your free time to do network marketing business with DXN company to create a passive income path? Then inbox,Want to join for free and utilize your free time to do network marketing business with DXN company to create a passive income path? Then inbox,smish,smishing,weak_signal_suspicious,Bengali SMS Smishing Dataset,shariul-islam/bengali-sms-smishing-dataset,strict_raw_replacement_91k_pool,False,False,False,False,job/business funding offer,pass_raw_complete,traceable,,,,,
EXP-SPAM-0473,"Golden opportunity for unemployed youth, women, housewives, retired persons to earn a lot of money online from home in a short time","Golden opportunity for unemployed youth, women, housewives, retired persons to earn a lot of money online from home in a short time","Golden opportunity for unemployed youth, women, housewives, retired persons to earn a lot of money online from home in a short time",smish,smishing,weak_signal_suspicious,Bengali SMS Smishing Dataset,shariul-islam/bengali-sms-smishing-dataset,strict_raw_replacement_91k_pool,False,False,False,False,unclear suspicious message,pass_raw_complete,traceable,,,,,
EXP-SPAM-0474,Stable job. Salary 1500 BDT/day. Work from home: cutt.ly/U6zMFGQ,Stable job. Salary 1500 BDT/day. Work from home: cutt.ly/U6zMFGQ,Stable job. Salary 1500 BDT/day. Work from home: <URL>,smish,smishing,weak_signal_suspicious,Bengali SMS Smishing Dataset,shariul-islam/bengali-sms-smishing-dataset,raw_recovery_91k_pool,True,False,False,False,job/business funding offer,pass_raw_complete,traceable,,,,,
EXP-SPAM-0475,"Dear student! Due to Coronavirus, your 4,200TK stipend is being processed. Contact education board at 01813849152 (10am-7:30pm). Note: Must have bKash number when calling.","Dear student! Due to Coronavirus, your 4,200TK stipend is being processed. Contact education board at 01813849152 (10am-7:30pm). Note: Must have bKash number when calling.","Dear student! Due to Coronavirus, your 4,200TK stipend is being processed. Contact education board at <PHONE> (10am-7:30pm). Note: Must have bKash number when calling.",smish,smishing,weak_signal_suspicious,Bengali SMS Smishing Dataset,shariul-islam/bengali-sms-smishing-dataset,raw_recovery_91k_pool,False,True,False,True,unclear suspicious message,pass_raw_complete,traceable,,,,,
EXP-SPAM-0476,"Hi, Lucy. I'm Aisha. Do you remember me? Last time we met at an auction in Northern California.","Hi, Lucy. I'm Aisha. Do you remember me? Last time we met at an auction in Northern California.","Hi, Lucy. I'm Aisha. Do you remember me? Last time we met at an auction in Northern California.",verified_smishing,smishing,weak_signal_suspicious,SmishTank,SmishTank Dataset / Smishing Dataset I,public_baseline,False,False,False,False,unclear suspicious message,pass_raw_complete,traceable,,,,,
EXP-SPAM-0477,"Hi, are you who played golf together last time? I'm Lisa","Hi, are you who played golf together last time? I'm Lisa","Hi, are you who played golf together last time? I'm Lisa",verified_smishing,smishing,weak_signal_suspicious,SmishTank,SmishTank Dataset / Smishing Dataset I,public_baseline,False,False,False,False,unclear suspicious message,pass_raw_complete,traceable,,,,,
EXP-SPAM-0478,2069-Ft� House Just Listed 513-Mo below Xeo6.me/8ek26N,2069-Ft� House Just Listed 513-Mo below Xeo6.me/8ek26N,2069-Ft� House Just Listed 513-Mo below <URL>,verified_smishing,smishing,weak_signal_suspicious,SmishTank,SmishTank Dataset / Smishing Dataset I,public_baseline,True,False,False,False,unclear suspicious message,pass_raw_complete,traceable,,,,,
EXP-SPAM-0479,Your smartphone infected with banking virus. Remove with security software 1800 TK: phone-security.bd/clean,Your smartphone infected with banking virus. Remove with security software 1800 TK: phone-security.bd/clean,Your smartphone infected with banking virus. Remove with security software 1800 TK: phone-security.bd/clean,smish,smishing,weak_signal_suspicious,Bengali SMS Smishing Dataset,shariul-islam/bengali-sms-smishing-dataset,raw_recovery_91k_pool,True,False,False,False,banking/account-like suspicious,pass_raw_complete,traceable,,,,,
EXP-SPAM-0480,IRS_Statement_ID1G8J62KOZ.pdf PDF Document � 224 KB,IRS_Statement_ID1G8J62KOZ.pdf PDF Document � 224 KB,IRS_Statement_ID1G8J62KOZ.pdf PDF Document � 224 KB,verified_smishing,smishing,weak_signal_suspicious,SmishTank,SmishTank Dataset / Smishing Dataset I,public_baseline,True,False,False,False,unclear suspicious message,pass_raw_complete,traceable,,,,,
EXP-SPAM-0481,100% scholarship for studying abroad. No fee required. Contact today to apply. Contact: 01567546390,100% scholarship for studying abroad. No fee required. Contact today to apply. Contact: 01567546390,100% scholarship for studying abroad. No fee required. Contact today to apply. Contact: <PHONE>,smish,smishing,weak_signal_suspicious,Bengali SMS Smishing Dataset,shariul-islam/bengali-sms-smishing-dataset,raw_recovery_91k_pool,False,True,False,False,unclear suspicious message,pass_raw_complete,traceable,,,,,
EXP-SPAM-0482,"*Work from home form filling job. *Fill 5 forms for 510TK, *Our company is hiring. *Education: Just need to read Bengali *Must have WhatsApp. *Salary: 8000-18000TK","*Work from home form filling job. *Fill 5 forms for 510TK, *Our company is hiring. *Education: Just need to read Bengali *Must have WhatsApp. *Salary: 8000-18000TK","*Work from home form filling job. *Fill 5 forms for 510TK, *Our company is hiring. *Education: Just need to read Bengali *Must have WhatsApp. *Salary: 8000-18000TK",smish,smishing,weak_signal_suspicious,Bengali SMS Smishing Dataset,shariul-islam/bengali-sms-smishing-dataset,raw_recovery_91k_pool,False,True,False,False,job/business funding offer,pass_raw_complete,traceable,,,,,
EXP-SPAM-0483,Your job application has been approved and salary is TK40000 per month. Contact information: 8801715717370,Your job application has been approved and salary is TK40000 per month. Contact information: 8801715717370,Your job application has been approved and salary is TK40000 per month. Contact information: <PHONE>,smish,smishing,weak_signal_suspicious,Bengali SMS Smishing Dataset,shariul-islam/bengali-sms-smishing-dataset,raw_recovery_91k_pool,False,True,False,True,job/business funding offer,pass_raw_complete,traceable,,,,,
EXP-SPAM-0484,"Earn income by working online through mobile from home. #🎯 Monthly income: 20000-30000 taka. (There are opportunities for extra income, free income is also available). Monthly salary is included","Earn income by working online through mobile from home. #🎯 Monthly income: 20000-30000 taka. (There are opportunities for extra income, free income is also available). Monthly salary is included","Earn income by working online through mobile from home. #🎯 Monthly income: <PHONE> taka. (There are opportunities for extra income, free income is also available). Monthly salary is included",smish,smishing,weak_signal_suspicious,Bengali SMS Smishing Dataset,shariul-islam/bengali-sms-smishing-dataset,raw_recovery_91k_pool,False,True,False,False,telecom/ringtone/subscription spam,pass_raw_complete,traceable,,,,,
EXP-SPAM-0485,Hey Dwayne this is Sarah. Would you entertain a fair proposal for 1149 Harwich Dr? I want to buy a place in the area.,Hey Dwayne this is Sarah. Would you entertain a fair proposal for 1149 Harwich Dr? I want to buy a place in the area.,Hey Dwayne this is Sarah. Would you entertain a fair proposal for 1149 Harwich Dr? I want to buy a place in the area.,verified_smishing,smishing,weak_signal_suspicious,SmishTank,SmishTank Dataset / Smishing Dataset I,public_baseline,False,False,False,False,unclear suspicious message,pass_raw_complete,traceable,,,,,
EXP-SPAM-0486,IRS_TAX_RE-FUND_ID_#01Q F20J091.pdf PDF Document  84 KB,IRS_TAX_RE-FUND_ID_#01Q F20J091.pdf PDF Document  84 KB,IRS_TAX_RE-FUND_ID_#01Q F20J091.pdf PDF Document 84 KB,verified_smishing,smishing,weak_signal_suspicious,SmishTank,SmishTank Dataset / Smishing Dataset I,public_baseline,True,False,False,False,unclear suspicious message,pass_raw_complete,traceable,,,,,
EXP-SPAM-0487,Work for our company. Earn online sitting with your mobile/computer. Contact number: 01720577099,Work for our company. Earn online sitting with your mobile/computer. Contact number: 01720577099,Work for our company. Earn online sitting with your mobile/computer. Contact number: <PHONE>,smish,smishing,weak_signal_suspicious,Bengali SMS Smishing Dataset,shariul-islam/bengali-sms-smishing-dataset,raw_recovery_91k_pool,False,True,False,False,telecom/ringtone/subscription spam,pass_raw_complete,traceable,,,,,
EXP-SPAM-0488,<#> Please enter 435547 into LINE within the next 30 mins. JFOQLtyexga <#> Please enter 115086 into LINE within the next 30 mins. JFOQLtyexga 11:16,<#> Please enter 435547 into LINE within the next 30 mins. JFOQLtyexga <#> Please enter 115086 into LINE within the next 30 mins. JFOQLtyexga 11:16,<#> Please enter 435547 into LINE within the next 30 mins. JFOQLtyexga <#> Please enter 115086 into LINE within the next 30 mins. JFOQLtyexga 11:16,verified_smishing,smishing,weak_signal_suspicious,SmishTank,SmishTank Dataset / Smishing Dataset I,public_baseline,False,False,False,False,unclear suspicious message,pass_raw_complete,traceable,,,,,
EXP-SPAM-0489,"Good Afternoon!! I am Mithila, Marketing Manager at HYPE Dhaka (RB DIGITAL LIMITED). Our company is running a campaign where you can join and earn from home.","Good Afternoon!! I am Mithila, Marketing Manager at HYPE Dhaka (RB DIGITAL LIMITED). Our company is running a campaign where you can join and earn from home.","Good Afternoon!! I am Mithila, Marketing Manager at HYPE Dhaka (RB DIGITAL LIMITED). Our company is running a campaign where you can join and earn from home.",smish,smishing,weak_signal_suspicious,Bengali SMS Smishing Dataset,shariul-islam/bengali-sms-smishing-dataset,raw_recovery_91k_pool,False,False,False,False,unclear suspicious message,pass_raw_complete,traceable,,,,,
EXP-SPAM-0490,COVID contact tracing shows high risk. Mandatory test fee 1500 TK: covid-test.bd/mandatory,COVID contact tracing shows high risk. Mandatory test fee 1500 TK: covid-test.bd/mandatory,COVID contact tracing shows high risk. Mandatory test fee 1500 TK: covid-test.bd/mandatory,smish,smishing,weak_signal_suspicious,Bengali SMS Smishing Dataset,shariul-islam/bengali-sms-smishing-dataset,raw_recovery_91k_pool,True,False,False,False,unclear suspicious message,pass_raw_complete,traceable,,,,,
EXP-SPAM-0491,Earn TK 46 lakh for free from 46 mining apps - from home with mobile,Earn TK 46 lakh for free from 46 mining apps - from home with mobile,Earn TK 46 lakh for free from 46 mining apps - from home with mobile,smish,smishing,weak_signal_suspicious,Bengali SMS Smishing Dataset,shariul-islam/bengali-sms-smishing-dataset,raw_recovery_91k_pool,False,False,False,False,telecom/ringtone/subscription spam,pass_raw_complete,traceable,,,,,
EXP-SPAM-0492,Your driving license suspended. Reinstate with 4200 TK penalty: license-reinstate.bd/urgent,Your driving license suspended. Reinstate with 4200 TK penalty: license-reinstate.bd/urgent,Your driving license suspended. Reinstate with 4200 TK penalty: license-reinstate.bd/urgent,smish,smishing,weak_signal_suspicious,Bengali SMS Smishing Dataset,shariul-islam/bengali-sms-smishing-dataset,raw_recovery_91k_pool,True,False,False,False,banking/account-like suspicious,pass_raw_complete,traceable,,,,,
EXP-SPAM-0493,"Hello, I'm ALIYE from Amazon HR. We're offering part-time work (no fees/investment). Earn 300-1200TK daily in 5-10 minutes. Interested?","Hello, I'm ALIYE from Amazon HR. We're offering part-time work (no fees/investment). Earn 300-1200TK daily in 5-10 minutes. Interested?","Hello, I'm ALIYE from Amazon HR. We're offering part-time work (no fees/investment). Earn 300-1200TK daily in 5-10 minutes. Interested?",smish,smishing,weak_signal_suspicious,Bengali SMS Smishing Dataset,shariul-islam/bengali-sms-smishing-dataset,raw_recovery_91k_pool,False,True,False,False,crypto/investment offer,pass_raw_complete,traceable,,,,,
EXP-SPAM-0494,You have an important customer service announcement. Calnumber 0800 542 0826 now!,You have an important customer service announcement. Calnumber 0800 542 0826 now!,You have an important customer service announcement. Calnumber <PHONE> now!,Smishing,smishing,weak_signal_suspicious,Mishra & Soni,SMS Phishing Dataset for Machine Learning and Pattern Recognition,public_baseline,False,True,False,False,unclear suspicious message,pass_raw_complete,traceable,,,,,
EXP-SPAM-0495,"Your shipping order is on hold due to an incomplete street address in the shipping information. Check, please. bargainreed.info/Deut","Your shipping order is on hold due to an incomplete street address in the shipping information. Check, please. bargainreed.info/Deut","Your shipping order is on hold due to an incomplete street address in the shipping information. Check, please. <URL>",verified_smishing,smishing,weak_signal_suspicious,SmishTank,SmishTank Dataset / Smishing Dataset I,public_baseline,True,False,False,False,unclear suspicious message,pass_raw_complete,traceable,,,,,
EXP-SPAM-0496,"Meta pro space work opportunity. Invest 750TK (6 USD) for lifetime income with monthly salary, free 5-line income, slot income. Special offer until 30 June - get free 0.05 bnb mps nft worth 3625TK (29 USD). Don't miss this chance!","Meta pro space work opportunity. Invest 750TK (6 USD) for lifetime income with monthly salary, free 5-line income, slot income. Special offer until 30 June - get free 0.05 bnb mps nft worth 3625TK (29 USD). Don't miss this chance!","Meta pro space work opportunity. Invest 750TK (6 USD) for lifetime income with monthly salary, free 5-line income, slot income. Special offer until 30 June - get free 0.05 bnb mps nft worth 3625TK (29 USD). Don't miss this chance!",smish,smishing,weak_signal_suspicious,Bengali SMS Smishing Dataset,shariul-islam/bengali-sms-smishing-dataset,raw_recovery_91k_pool,False,False,False,True,gambling/casino/free spin,pass_raw_complete,traceable,,,,,
EXP-SPAM-0497,P just made your holidays more fun. Buy any HP pavilion notebook & get a Kodak camera. Shoot it. Share it. T&C apply. HP World: WOC Rd 9986686555 / 991697439,P just made your holidays more fun. Buy any HP pavilion notebook & get a Kodak camera. Shoot it. Share it. T&C apply. HP World: WOC Rd 9986686555 / 991697439,P just made your holidays more fun. Buy any HP pavilion notebook & get a Kodak camera. Shoot it. Share it. T&C apply. HP World: WOC Rd <PHONE> / <PHONE>,Smishing,smishing,weak_signal_suspicious,Mishra & Soni,SMS Phishing Dataset for Machine Learning and Pattern Recognition,public_baseline,False,True,False,True,unclear suspicious message,pass_raw_complete,traceable,,,,,
EXP-SPAM-0498,Please send money urgently for your son's problem.,Please send money urgently for your son's problem.,Please send money urgently for your son's problem.,smish,smishing,weak_signal_suspicious,Bengali SMS Smishing Dataset,shariul-islam/bengali-sms-smishing-dataset,raw_recovery_91k_pool,False,False,False,False,unclear suspicious message,pass_raw_complete,traceable,,,,,
EXP-SPAM-0499,"I had returned to LA, thanks for your hospitality and I will let you know in advance when I am Next in San Diego.","I had returned to LA, thanks for your hospitality and I will let you know in advance when I am Next in San Diego.","I had returned to LA, thanks for your hospitality and I will let you know in advance when I am Next in San Diego.",verified_smishing,smishing,weak_signal_suspicious,SmishTank,SmishTank Dataset / Smishing Dataset I,public_baseline,False,False,False,False,unclear suspicious message,pass_raw_complete,traceable,,,,,
EXP-SPAM-0500,For stipend of 4200 TK contact: 01320660547 Education Board,For stipend of 4200 TK contact: 01320660547 Education Board,For stipend of 4200 TK contact: <PHONE> Education Board,smish,smishing,weak_signal_suspicious,Bengali SMS Smishing Dataset,shariul-islam/bengali-sms-smishing-dataset,raw_recovery_91k_pool,False,True,False,False,unclear suspicious message,pass_raw_complete,traceable,,,,,
