record_id,screenshot_file,screenshot_index,message_order,source,visible_date_label,extracted_text
3,analysisdataset (2).csv,1,1,Costco,"03/31/2022, 21:58:50","Costco: Daniel, the code 42003 printed on your receipt from 10 came in 2nd in our Airpods draw: f2gpy.info/RzNKEws Zve"
5,analysisdataset (2).csv,2,1,UPS,"04/02/2022, 02:59:56","Hi, you still owe UPS $4.10 USD in customs fees for your previous package. Reply 1 to receive a secure link to pay your invoice."
6,analysisdataset (2).csv,3,1,WELLS FARGO,"04/02/2022, 03:03:00","wel01.us/r/rest05 WELLS FARGO(CS):Profile locked because of unusual activities, kindly restore.Reply STOP to unsubscribe"
7,analysisdataset (2).csv,4,1,Unknown,"04/02/2022, 23:42:38","Hi, are you who played golf together last time? I'm Lisa"
8,analysisdataset (2).csv,5,1,Phone Number,"04/02/2022, 23:46:34","(8 Hi Julianne long time no see, I'm Aleen, how are you doing"
10,analysisdataset (2).csv,6,1,Phone Number,"04/03/2022, 00:14:52","hi Jessie, it's been a long time since I came out, what are you doing recently?"
11,analysisdataset (2).csv,7,1,Whatsapp,"04/03/2022, 00:16:34","Dear. You are invited to join the (Bitcoin) internal discussion group. The team will publish daily how to make a profit in the Bitcoin market. Reply to the number ""1"" and click the link to join. https://chat.whatsapp.com/ Djci PB8b7gTGGt16QJ5mJm"
12,analysisdataset (2).csv,8,1,CITI,"04/03/2022, 00:43:01","CITI: Unauthorized activity was detected, we have moved foward in locking your account. Please verify at http://citibsec.com or at a local branch."
13,analysisdataset (2).csv,9,1,Phone Number,"04/03/2022, 01:48:17","Evanie, I'm Anna, how have you been, I'm back in Denver."
14,analysisdataset (2).csv,10,1,Phone Number,"04/03/2022, 01:50:49","Hello! I'm Amy. Are you Annie? I'm really sorry. I dialed the wrong number. And I thought you were my friend. It was so embarrassing. Have a nice day. Thank you. You're a really nice guy, and today was really awkward, but IT's nice to meet you as a new friend."
15,analysisdataset (2).csv,11,1,Bank of America,"04/03/2022, 02:12:57","BofA:Your account has been restricted, visit secbofa.page.link/NLt"
16,analysisdataset (2).csv,12,1,Phone Number,"04/03/2022, 02:41:54",https://rebrand.ly/grppwwr AVOI6Y
17,analysisdataset (2).csv,13,1,Phone Number,"04/03/2022, 15:31:07","Amazing news!, your application has been accepted. Finish the process: http://klkln.cc/vnbcbtd"
18,analysisdataset (2).csv,14,1,Phone Number,"04/04/2022, 05:39:30",https://b.link/h21bc br7ca2
19,analysisdataset (2).csv,15,1,Phone Number,"04/04/2022, 12:51:18","Hey Niaz, help us answer a fast survey. We will give you a free watch in return. lksr.link/9pvvbF Txt Stop to end"
21,analysisdataset (2).csv,16,1,Unknown,"04/04/2022, 23:04:36",Hi! I am Lisa's friend. Are you the Smith that Lisa recommended to me? I am Erin.
22,analysisdataset (2).csv,17,1,FedEx,"04/05/2022, 01:34:03",1 of 2 FRM:japho-Fe d3x.Ne.ws - MSG: Unsuccessful package from 1 April owed to you. Kindly assume ownership and confirm for delivery. (Con't) 2 of 2 https://wwj4w-fedex.us/jWXHwj?47965169(End) O?
23,analysisdataset (2).csv,18,1,Bank of America,"04/05/2022, 05:34:09",<Subject: c4c26> Z??? Bank Of America Hurry up ! Offers Have arrived! ($$90 value). /.//storag e.googleapis.com/jzoxubc/1fhg3lf BANK OF AMERICA
24,analysisdataset (2).csv,19,1,Phone Number,"04/07/2022, 01:28:38",You received money. Reply <<ok>> for details.
25,analysisdataset (2).csv,20,1,Phone Number,"04/08/2022, 10:35:11","<Subject: NoSubject> Free Msg: Your bill is paid for March. Thanks, here's a little gift for you: mentioningdears.com/nzWjdtrM93"
26,analysisdataset (2).csv,21,1,Phone Number,"04/08/2022, 16:34:29","<Subject: NoSubject> Free Msg: Your bill is paid for March. Thanks, here's a little gift for you: sirreeprematurely.com/X9cSSE4SfA"
27,analysisdataset (2).csv,22,1,CashBack,"04/08/2022, 19:27:43",Your 2021 Auto-Policy may have Been Over-charged by 1275. Check for Possible CashBackfor 2022. xyzthriftyquotes.com/60ef6eec47
28,analysisdataset (2).csv,23,1,FedEx,"04/08/2022, 19:45:41","FRM:719132-Fed_EX.906697 MSG:flm-;it will be returned to sender, We have made several attempts to reach you, https://jf245-fedex.me/y.jDxio?37588372"
29,analysisdataset (2).csv,24,1,wepay,"04/08/2022, 20:02:51","Dale We are interested in buying your home for cash, as-is, at or above any valid offer. Valid: 4/8 wepay-topvalue.com/bf2f414d45"
30,analysisdataset (2).csv,25,1,Phone Number,"04/08/2022, 22:43:37","Free Msg: Your bill is paid for March. Thanks, here's a little gift for you: vocalsprolonged.com/ZSgingd6vi"
31,analysisdataset (2).csv,26,1,Phone Number,"04/08/2022, 23:11:15","Free Msg: Your bill is paid for March. Thanks, here's a little gift for you: reamvino.com/SvjMeq1eKD"
32,analysisdataset (2).csv,27,1,Phone Number,"04/08/2022, 23:43:34","Free Msg: Your bill is paid for March. Thanks, here's a little gift for you: slappingtasting.com/Hamw6PokCc"
33,analysisdataset (2).csv,28,1,WELLS FARGO,"04/08/2022, 23:47:55","WELLS FARGO: Update>: A decision has been made, your account is suspended. Visit http://VERIFYWELLSFARGO.GA to regain access now! This action takes few seconds. O° A"
34,analysisdataset (2).csv,29,1,Phone Number,"04/08/2022, 23:48:52","Free Msg: Your bill is paid for March. Thanks, here's a little gift for you: flimsyfooting.com/RugSJP91a6"
35,analysisdataset (2).csv,30,1,Phone Number,"04/09/2022, 01:54:35","Free Msg: Your bill is paid for March. Thanks, here's a little gift for you: clowningbacking.com/ZOKNSJFtJT"
36,analysisdataset (2).csv,31,1,Phone Number,"04/09/2022, 02:27:16","Free Msg: Your bill is paid for March. Thanks, here's a little gift for you: catererhunger.com/Okk7d5ha2y"
37,analysisdataset (2).csv,32,1,Chase Bank,"04/09/2022, 03:37:43",FRM:ChaseBanking-Alert-3887 SUBJ:CALL: 812.809.4904 Now! MSG:MSG 17001 Account.Locked!
38,analysisdataset (2).csv,33,1,Phone Number,"04/09/2022, 21:34:28","<Subject: NoSubject> Free Msg: Your bill is paid for March. Thanks, here's a little gift for you: fritzclosets.com/PV06ExwSdV"
39,analysisdataset (2).csv,34,1,Phone Number,"04/10/2022, 01:16:03",You'll get @ your package TODAY! http://www.webpage.ren/b/lc/? bfX.08&08z-mkq O A Text Message
40,analysisdataset (2).csv,35,1,Phone Number,"04/10/2022, 01:38:36","Pending Delivery: Hi, your package containing tracking code 71623881LS5 is waiting for you to confirm the shipment address: holdingspothere.com/8930er"
41,analysisdataset (2).csv,36,1,Phone Number,"04/10/2022, 01:51:08","The ClassSuit TRIAL has ended and YOUR $19,038 settlement allocation is READY; CONGRATS to the People! settclss.com/Ccn26dr stop to end"
43,analysisdataset (2).csv,37,1,Phone Number,"04/10/2022, 03:07:41","Free Msg: Your bill is paid for March. Thanks, here's a little gift for you: warrantgeneration.com/RsCoLlrDrs"
44,analysisdataset (2).csv,38,1,Phone Number,"04/10/2022, 05:22:51","Free Msg: Your bill is paid for March. Thanks, here's a little gift for you: unselfishdumplings.com/LKXH4N4WZ3"
45,analysisdataset (2).csv,39,1,Phone Number,"04/10/2022, 05:23:46","Free Msg: Your bill is paid for March. Thanks, here's a little gift for you: purposeliberals.com/yF70SNqOKV"
48,analysisdataset (2).csv,40,1,CITI,"04/10/2022, 20:30:43",citii bank: Please visit here and complete your debit pin again: https://bit.ly/35Xs2rW
49,analysisdataset (2).csv,41,1,Email To Text,"04/11/2022, 04:20:26",http://gs80xb1u7wy5vb.deals
50,analysisdataset (2).csv,42,1,Whatsapp,"04/13/2022, 13:24:42","U are selected for the Work from Home job offer receive your daily salary 2,666Tk, Contact WhatsApp http://www.cxes.click/2JkZZoeX"
52,analysisdataset (2).csv,43,1,CITI,"04/19/2022, 16:47:12","Citi: We blocked your account due to unusual activity, please visit (www.citibankaccount.info) to verify your account."
53,analysisdataset (2).csv,44,1,STOP,"04/28/2022, 14:37:45",It's Nicole again Office: 18665841391 It appears you may be eligible for compensation on your Injury. Can you give me a quick call please? - STOP to STOP
54,analysisdataset (2).csv,45,1,CITI,"05/04/2022, 12:18:02",[CITI Alert 05.02.2022] Debit card associated with Acct*8139 is locked. Vist bit.ly/89BNsg81289 at earliest convenience. Stop=end|Help=help
55,analysisdataset (2).csv,46,1,WHO,"05/06/2022, 08:54:20","Help us fight CORONAVIRUS by working from home - No experience required SMS sending JOB Work 2-3 hours daily on mobile and earn $5-$100 daily Click Here And Apply Now http://bit.ly/WHO-Jobs-Offer Vacancy till 31st march,2020"
56,analysisdataset (2).csv,47,1,Whatsapp,"05/06/2022, 12:41:11",Dear. You will be invited to the (BTC) internal discussion group. The group will post daily how to earn $500-15000USD in the crypto market. Reply: 1 and Click the link to enter: https://chat.whatsapp.com/E29ZpfVxDLCDU0lz6g5Pju
58,analysisdataset (2).csv,48,1,Phone Number,"05/18/2022, 18:27:05",https://saveonautocoverage3.me/1nhQEbD4FaH6 We may owe you as much as 779.04. A new finding may have caused us to charge you too much last year. Your savings is ready -
59,analysisdataset (2).csv,49,1,Whatsapp,"05/19/2022, 23:41:51","This is the Novel Coronavirus insurance service based on the current outbreak. The premium for COVID-19 insurance is $1,000. If you are diagnosed with COVID-19, you can get a lump sum of $30,000. In the case of home isolation or hospital isolation, you can get $300 per day for up to 21 days to consult Whatsapp:4423798151"
61,analysisdataset (2).csv,50,1,Email To Text,"05/19/2022, 23:54:01","Cloud mining platform: https://usdt777.vip Copy the website browser and open the registration to get $100 for free, which will be credited to the account in seconds. Participating in cloud mining can earn around $300-800 per day. Permanent income is guaranteed and risk free! Invite your friends to join and get great rewards"
62,analysisdataset (2).csv,51,1,Phone Number,"05/21/2022, 06:14:47","Free Msg: Your bill is paid for March. Thanks, here's a little gift for you: consensuscelebrated.com/5hTSjydwTh"
65,analysisdataset (2).csv,52,1,CITI,"05/22/2022, 01:08:56",CITI Alerts - We have blocked access to your debit card due to unusual activity. Verify your details at citi-actvity.org
66,analysisdataset (2).csv,53,1,Discover Card,"05/25/2022, 01:08:28",(DiscoverCard_Customer Servi ce#2627457643) You have a pending issue. please visit: http://r2s9hq82ne.mmnrxeqmcv.nikxc.org to resolve it.
67,analysisdataset (2).csv,54,1,Email To Text,"05/26/2022, 05:19:20",sexyjessie.us..*
68,analysisdataset (2).csv,55,1,Phone Number,"05/27/2022, 19:20:20","Hi Andrew, this is Cess and this is my new number, Im here in the philippines now so text me back when you receive my message because im not quiet sure if i get your number right. im sorry i got the wrong number i hope i didnt bother you 8:52 AM"
69,analysisdataset (2).csv,56,1,Phone Number,"05/27/2022, 19:21:40","Hi Jim, I need a lot of precious metal raw materials for the project at hand recently, can you give me a price list?"
70,analysisdataset (2).csv,57,1,Whatsapp,"05/27/2022, 19:27:29","Dear. You are invited to join the ""Bitcoin"" analysis group and join in the investment plan and earn 500-5K usd a day. Reply ""1"" and long press the link to join. https://chat.whatsapp.com/DzeAqjxgNbi6S4cuCFchXN"
71,analysisdataset (2).csv,58,1,Phone Number,"05/28/2022, 19:10:45","Hi, Lucy. I'm Aisha. Do you remember me? Last time we met at an auction in Northern California."
72,analysisdataset (2).csv,59,1,Phone Number,"05/29/2022, 23:47:48",Dale We are still in the market to buy your 2022 Buena Village Dr HOME. Our new OFFER value has increased! We can CLOSE in less than a week and you won't have any REALTOR fees. Please review 5dexqo.com/82a103
73,analysisdataset (2).csv,60,1,U.S. Postal Service,"05/30/2022, 00:10:46",[U.S. Postal Service] We're sorry to let you know that your package could not be delivered. To reschedule a delivery please visit https://bit.ly/3NR5x9f Preview not available
74,analysisdataset (2).csv,61,1,Bitcoin,"05/30/2022, 14:13:14","Dear. You are invited to join the """"Bitc0in"""" analysis group and join in the investment plan and earn 500-5K usd a day. ðððPlease click the """"Link"""" below to joinððð\nhttps://chat.whatsapp.com/F6Wo68CcSRq88C9LSdsGcN"
75,analysisdataset (2).csv,62,1,Vince,"05/30/2022, 15:00:13","Is this Vince's number, please?"
76,analysisdataset (2).csv,63,1,Netflix,"06/05/2022, 14:59:13",From: NETFLIX Msg: NETFLIX monthly payment Unsuccesful and Your account is temporary Locked. See The Complete Details In The Attachment Below. Subscription-failed56756... Additional media content is included. Please check the message in detail
79,analysisdataset (2).csv,64,1,Phone Number,"06/27/2022, 04:50:58",Are you Mr. Freddy? I'm Alice and I'm not sure if the number is correct
80,analysisdataset (2).csv,65,1,Wells Fargo,"07/05/2022, 12:41:23",click the link to Upgrade Your Wells Fargo Account web:https://express.adobe.com/page/IkvuZSZq2z1lj/
82,analysisdataset (2).csv,66,1,Regions Bank,"07/16/2022, 03:24:44",REGIONSBANK - Our team locked your debit on July 15th. Please visit: Regions-PROTECT.com to unlock it. Reply STOP to OPT OUT
83,analysisdataset (2).csv,67,1,Phone Number,"07/23/2022, 09:20:58","Dear 02055666420friend, Bitcoin Trading Study Group : https://rebrand.ly/v7qj08h"
84,analysisdataset (2).csv,68,1,Whatsapp,"08/04/2022, 13:27:55",(1) U have usdt (2) How can u invest and register (3) How can u participate Send me a message by https://wa.me/+639162024192
85,analysisdataset (2).csv,69,1,Phone Number,"08/09/2022, 05:56:31",Dale SAFEDRIVERALERT: It looks like you were over charged on yourAutOPOlicy. It's not too late to-apply SAFEDRIVERDISCOUNTPERKS and getREIMBURSED. kzrp1h.com/bff4948af7
86,analysisdataset (2).csv,70,1,Amazon,"08/09/2022, 06:00:30","Unusual Activity : We've suspend your Amazon account due to unusual activity. Login attempt blocked from : Mozilla Firefox 8.7 [168.254.81.174 - Turkey] Our system has suspend your Amazon account for security reasons. To unlock your Amazon account, please verify with link below: http://www.xprswebsite.com/free/userf111/redirf111/?=5826865 You need to take action within 2 days before account will be suspended. Regards, Amazon Teams"
87,analysisdataset (2).csv,71,1,UPS,"08/09/2022, 06:03:36","[Postal Service] - Due to address is incorrect. The package cannot be delivered, please follow the link to update the correct address. https://upspups.com"
88,analysisdataset (2).csv,72,1,Bank of America,"08/10/2022, 00:15:09",ALERT: Your Bank of America Prepaid EDD Debit Card has been blocked due to unusual activity. To reactivate your Bank of America Prepaid EDD Debit Card kindly visit us at http//:boaeddprepaidservices.com
89,analysisdataset (2).csv,73,1,Wells Fargo,"08/10/2022, 00:20:15",Wells Fargo ALRT: Account locked due to unusual activity. You will still be able to deposit funds into your Wells Fargo account(s). Visit link to remove hold: https://wfveri-info.com
90,analysisdataset (2).csv,74,1,Citizens Bank,"08/10/2022, 00:23:51",CITIZENSBANK- A charge of $472.20 is on hold. Reply YES to process. Not you? Visit citizens-security01.com before August 11 Reply Opt-out to pause Alerts.
91,analysisdataset (2).csv,75,1,CVS,"08/12/2022, 05:29:25",CVS offers more than simply fantastic prices. You have a lot of opportunities today to receive up to $100. http://prettyplump.directory/DFzOyZtj
92,analysisdataset (2).csv,76,1,CHASE,"08/21/2022, 17:58:30","CHASE BANK ALERT: We detected an unusual attempt at 30 mall Dr unit OBO4 Jersey City, NJ 07310 if this was not you please use the secured link to verify your identity and secure your account: https://secur06-chase-verify.my03.com/?Verify"
93,analysisdataset (2).csv,77,1,Wells Fargo,"08/21/2022, 17:59:50",WF Fraud Alerts: We noticed unusual activities on your account. Please confirm the activities at WellsfargoVerify.com/act to make it secure.
94,analysisdataset (2).csv,78,1,Phone Number,"09/02/2022, 23:29:37",USPService: We could not ship your package for address issue. Your need to confirm your address to ensure the delivery. https://s.id/1fXBI
97,analysisdataset (2).csv,79,1,Home Depot,"09/13/2022, 05:32:49",Home Depot Offer + E$ http://flatterlaud.cricket/0VH9A5
98,analysisdataset (2).csv,80,1,Phone Number,"09/16/2022, 19:43:28",regions: Your debit has been barred from use due to unusual behavior. Go to https://www.assistance-usrprocess.com your details to reactivate
99,analysisdataset (2).csv,81,1,Home Depot,"09/17/2022, 05:04:27",Quick freebies from Home Depot! http://surveysens.yokohama/9vePTP
100,analysisdataset (2).csv,82,1,Costco,"09/17/2022, 21:39:43",Dad just left you a package. He said he came from Cost co cause they're handing out money to their customers today. Do you wanna try and see if we can do it too? He said we'd have to start here. http://indianelder.business/hBF734
101,analysisdataset (2).csv,83,1,Home Depot,"09/17/2022, 21:47:26",Cash payouts by HomeDepot http://apartnerve.florist/Qd8qKU
102,analysisdataset (2).csv,84,1,Home Depot,"09/17/2022, 21:49:37",Gift Card Offer by Home Depot http://leaseill.associates/b42TrX
104,analysisdataset (2).csv,85,1,Bank of America,"09/17/2022, 21:55:49",<#>Bofa.EDD: Your EDD account is temporarily on hold. You must confirm your recent activity to continue using your account http://processingprotection.me/JaZcP
105,analysisdataset (2).csv,86,1,EDD,"09/17/2022, 21:58:26",CA SERVICE DEPT [EDD]: Your EDD Card Has Been Temporarily Suspended. To Prevent Account Closure Please visit: http://eddphelp.info Reply STOP To Opt-Out.
106,analysisdataset (2).csv,87,1,Home Depot,"09/17/2022, 23:39:10",Instant freebies from HomeDepot! http://rgjgj.capital/i16nf0
107,analysisdataset (2).csv,88,1,Home Depot,"09/18/2022, 03:52:20",1 of 2 FRM:GetaPrizeBrand.com sms_id_YBJ431 MSG: Since youre a appreciated customer of Home Depot we have a gift valued at $100 dedicated to you (Con't 2 of 2 for your time. Just acknowledge this three question survey and you'll be compensated. sms_id_YBJ431| (End)
108,analysisdataset (2).csv,89,1,Bank of America,"09/20/2022, 04:26:02",BOFA_EDD_DEBIT_CARD: Your card starting with 4427*** has been temporarily blocked. Unblock card at : https://unblockbofaeddprepaid.meeha.com.bd/asdfghjkl.html
109,analysisdataset (2).csv,90,1,Visa,"09/20/2022, 04:32:27",E.D.D.DEBIT-VISA-CARD:Your card has been disabled. Re-enable it at https://romualdo.exe.it/AKARA.html to keep it intact.
110,analysisdataset (2).csv,91,1,UPS,"09/21/2022, 00:34:29",FRM:1B|UPS-ZOF05 SUBJ:www.pyr-upsi.website//isr1i2pF19389# MSG::KUO4alLsdi-a
111,analysisdataset (2).csv,92,1,Bank of America,"09/21/2022, 00:34:43","Your BOA Unemployment card is having irregular activities. New Login detected. If this wasn't you, follow steps: ee2r.info"
112,analysisdataset (2).csv,93,1,Costco,"09/21/2022, 00:34:44",If you have ever been to Cost co you qualify for this amazing give-a-way http://pricesever.financial/j07mFgmb
113,analysisdataset (2).csv,94,1,Dr Oz,"09/21/2022, 00:34:49",Dr Oz Secret CBD for Dick Gains http://fireelse.community/nm6pkc
114,analysisdataset (2).csv,95,1,Email To Text,"09/21/2022, 00:35:39",Hi poelacnewu33sdf.us
115,analysisdataset (2).csv,96,1,Phone Number,"09/21/2022, 00:36:20","Your paymen.t for la.st month was pa.id. Thank you, this is a sur.prise p.resent for you: W3NGZ.COM/6blDog8jzc"
116,analysisdataset (2).csv,97,1,iPad Pro,"09/21/2022, 00:36:35",Important Update: You got 24 Hours left to reserve the iPad Pro which you Won in September: disciplepurse.com/HvMe3JH
117,analysisdataset (2).csv,98,1,AT&T,"09/21/2022, 00:38:00","Hi, it's AT&T. Great news! You've paid off at least 50% of your current phone. If you're interested in learning about our offer on the iPhone 13 Pro Max, reply YES to receive details."
118,analysisdataset (2).csv,99,1,Unknown,"09/21/2022, 00:38:07",Earn Home Depot $100 Gift Card http://abusenat.associates/mKd6NG
119,analysisdataset (2).csv,100,1,Bank of America,"09/21/2022, 00:40:06",<#>Bank of America: Accept the updated terms. https://cp2we.app.link/iur
120,analysisdataset (2).csv,101,1,CVS,"09/21/2022, 00:41:45",CVS: Your number was invited with 798 others to redeem a prize. Answer our quick survey before the next 6 hours to reserve yours igyre.cc/Kky7RkR
121,analysisdataset (2).csv,102,1,Wells Fargo,"09/21/2022, 00:44:29",Wells Fargo Bank: Account is suspended due to recent database breach for safety. Click https://poiasj5.cf/wellsfargo.com/?restore to reactivate.
123,analysisdataset (2).csv,103,1,CITI,"09/21/2022, 00:49:29","Citi Alert: You recently requested a transfer to a new external account (CHK ACC: XXXX7433), if this was NOT you. Cancel immediately at: https://citi-06.com"
124,analysisdataset (2).csv,104,1,Bank of America,"09/21/2022, 00:52:33","EDD Bofa Alerts: For your security hold has been placed on your unemployment insurance card, due to identity theft: visit gps.ru/98hXb to remove the hold"
126,analysisdataset (2).csv,105,1,Phone Number,"09/21/2022, 05:11:23","You have filled in an incorrect delivery address, please update your address to the post office. https://usa-exchange-us.com"
127,analysisdataset (2).csv,106,1,Home Depot,"09/21/2022, 17:42:19",Monthly GiveAway by Home Depot http://marginaljo.shopping/v3E6qB
128,analysisdataset (2).csv,107,1,Phone Number,"09/21/2022, 17:43:50",Votre colis a été envoyé. Veuillez le vérifier et le recevoir. http://fotag.xpddg.com
130,analysisdataset (2).csv,108,1,EDD,"09/21/2022, 17:44:28","Your Prepaid EDD account status has been restricted, please update your information to keep your account by visiting http://eddbofaprocess.info"
131,analysisdataset (2).csv,109,1,Costco,"09/21/2022, 17:45:46","For Cost co, loyalty is everything. We are prepared to pay $40 per minute for your opinion and are in need of it. http://wealthaccept.financial/94T4CvdP"
135,analysisdataset (2).csv,110,1,iPad Pro,"09/21/2022, 17:47:57",iPad Pro for CID#24355 https::http://cyntrothm.shop/ipadP.php
136,analysisdataset (2).csv,111,1,AT&T,"09/21/2022, 17:49:06",Congratulation CID#896904 An Exclusive Reward From AT&T is waiting For You Claim it here http://zireesso.shop/cl/5233_md/555/57333/1230/70/53367
138,analysisdataset (2).csv,112,1,Phone Number,"09/21/2022, 17:52:20",Votre colis a été envoyé. Veuillez le vérifier et le recevoir. http://tbmuy.ncmie.com
142,analysisdataset (2).csv,113,1,Phone Number,"09/21/2022, 18:03:15","Votre solde CPF est arrivé a échéance. Veuillez remplir le formulaire ci-dessous sous 24h, pour convertir vos droits acquis en 2021 https://bit.ly/3v9zXuH O°"
143,analysisdataset (2).csv,114,1,Home Depot,"09/21/2022, 18:35:23",$80 Gift Card - HomeDepot Survey http://esteemcomm.shopping/vtsk9N
147,analysisdataset (2).csv,115,1,Phone Number,"09/21/2022, 18:36:13",Y.our in.voice for la.st mo.nth was p.aid. Thanks.. he.re's our small pres.ent fo.r u: uEZF2.Com/GDI2hthgG1
148,analysisdataset (2).csv,116,1,Bank of America,"09/21/2022, 18:36:54",BOA: Your Online Profile has a probable association with a system vulnerability. Log in and verify your details at https://sec03boa.com/bRZQK to prevent identity theft.
150,analysisdataset (2).csv,117,1,Home Depot,"09/21/2022, 18:37:26",Get $100 Reward from HomeDepot http://summe.shopping/Hhj0J3
151,analysisdataset (2).csv,118,1,Phone Number,"09/21/2022, 18:37:56",FRM:gP8e_-UPS-NFIGe SUBJ:www.92wbj4jzupst.com//49epb8Rw17003# MSG: :IsEqWKMBuM-a4
153,analysisdataset (2).csv,119,1,Wells Fargo,"09/21/2022, 18:38:24","1 of 2 FRM:30533 SUBJ:9/17/2022 4:08:58 PM MSG:Wells Fargo SecurityCenter Critical notification! Please follow the link, for more details: (Con't) 2 of 2 https://docs.google.com/forms/d/e/1FAlpQLSeUlz-jIFAYDmtl2s9pEJSgVUHX_S33qw9twmXUqoO7_OCLkw/viewform?usp=sf_link?WuRW ERROR-051178 (End)"
155,analysisdataset (2).csv,120,1,CVS,"09/21/2022, 18:38:40",CVS has more than just great deals! Today we have great chances for you to get up to 100$. http://catchingbudding.directory/8BWT1REM
158,analysisdataset (2).csv,121,1,Phone Number,"09/21/2022, 18:39:11",You.r paymen.t for Septemb.er is received. Thanks! this is o.ur tiny pre.sent for you: f4RSX.COM/8vxyyUpY4d
159,analysisdataset (2).csv,122,1,Bank of America,"09/21/2022, 18:39:14",BANKOFAMERICA[EDD] - We encountered a failure in processing your WEEKLY BENEFITS. Visit: BankOfAmericaDebit05.com Error -8097 REPLY STOP TO OPT OUT
160,analysisdataset (2).csv,123,1,Phone Number,"09/21/2022, 18:39:55","Obtain $100. EASY! You just need to provide some information, and you'll soon be rich! http://obliquerupture.directory/rvgFs6Ae"
161,analysisdataset (2).csv,124,1,USPS,"09/21/2022, 18:40:17","[US POSTAL] Package cannot be delivered due to mismatching address, please correct on postalportal.site to recieve"
162,analysisdataset (2).csv,125,1,Phone Number,"09/21/2022, 18:40:35",took this quiz and got 90 bucks. my bro told me to tell you. http://denywhence.network/DOqxdH9d
163,analysisdataset (2).csv,126,1,Bank of America,"09/21/2022, 18:40:49",BANKOFAMERlCA[EDD]- We encountered a failure in processing your WEEKLY BENEFlTS. Visit: BankOfAmericaDebit05.com Error - 8097 REPLY STOP TO OPT OUT
166,analysisdataset (2).csv,127,1,Costco,"09/21/2022, 18:41:53",FRM:AugustSurveys.com sms_id*NHR397 MSG:Since you are a appreciated customer of Costco we have a donation valued at $100 dedicated to you (Con't 2 of 2 for your efforts. Just respond to this two question survey and youll be compensated. [link] (End)
167,analysisdataset (2).csv,128,1,Costco,"09/21/2022, 18:42:07",Cost co is acknowledging you as top tier shopper. There are 3 devices for you to pick from http://neckadvice.financial/PWvk1Wpa
171,analysisdataset (2).csv,129,1,Navy Federal CU,"09/21/2022, 18:43:15","Navy Federal CU: You have successfully signed on from IP 52.203.18.141 (Ashburn VA, USA). If this wasn't you, visit nfcualert.site"
172,analysisdataset (2).csv,130,1,Walgreens,"09/21/2022, 18:43:25","Walgreens: You're being randomly given, as 1 of 613 people, 1 reward by filling in a brief survey. Reward ends in 5 hours vnnim.cc/mNGtaOl O"
173,analysisdataset (2).csv,131,1,Wells Fargo,"09/21/2022, 18:43:38",Wells Fargo Bank: Account blocked due to suspicious fraud attempts. Click https://oasioa.cf/wellsfargo.com/?restore to reactivate account.
176,analysisdataset (2).csv,132,1,UPS,"09/21/2022, 18:45:01",FRM:KemH_-UPS-10esF SUBJ:www.nibtt9-upse.us//vofxbnno224123# MSG: :3lq9DWaATI-a
177,analysisdataset (2).csv,133,1,Phone Number,"09/21/2022, 18:45:24",Your invo.ice fo.r Septe.mber was p.aid. Than.ks. h.ere's our t.iny pr.esent f.or u: du9k3.com/rvirONcqBD
179,analysisdataset (2).csv,134,1,Lowe's,"09/21/2022, 18:45:44","Lowe's retail company would like your help on this official questionnaire, Anybody that enters this are to receive a no cost product surveypurpose.com/wv95u"
181,analysisdataset (2).csv,135,1,Phone Number,"09/21/2022, 18:47:18",CBD Will Reduce Your Aches Quick http://attorneyent.limited/S7cW3A
183,analysisdataset (2).csv,136,1,Phone Number,"09/21/2022, 18:47:34","1 of 2 FRM:EXTRA INCOME FOR YOU MSG:Hello, Are you interested in a $20 hourly working from home JOB? Training: 1 week. Payment: (Con't) 2 of 2 Weekly. Experience: Not needed. Location: Anywhere of your choice. Kindly reply with ""YES"" to proceed (End)"
184,analysisdataset (2).csv,137,1,US Speaks,"09/21/2022, 18:48:00","Hi, I'm Maya from US Speaks. We're polling IL. Would you respond to some questions? 1) Yes 2) No (or END SURVEY)"
185,analysisdataset (2).csv,138,1,Coffee Meets Bagel,"09/21/2022, 18:48:14","Ay is this Dillon? this is Aleah... we txted on Coffee Meets Bagel last time I went up to visit my cousin but we didn't meet for drinks.. I'm back in the area right now if ya want 2 actually go out while I'm here, are ya up 2 it?"
187,analysisdataset (2).csv,139,1,Claro video,"09/21/2022, 18:52:20","Disfruta las mejores series, peliculas y canales adicionales, con Claro video siempre tienes algo nuevo que ver. https://bit.ly/3dRoiZe"
190,analysisdataset (2).csv,140,1,PayPal,"09/21/2022, 20:24:02",(PayPal-Issue : Your account has been restricted.Check it here Immediately.> https://me2.do/GBIOwzEt?V4ZGKR ~) 29FNO
191,analysisdataset (2).csv,141,1,USPS,"09/21/2022, 20:31:42",United States Postal Service: Your package has the wrong forwarding address and has been temporarily suspended. Please reply to [ok] and take steps to reactivate it. [ https://wsends.com/go/Tracking/R2H9 ]
192,analysisdataset (2).csv,142,1,Amazon,"09/22/2022, 05:48:57","Unusual Activity : We've suspended your Amazon due to unusual activity Login attempt from : [84.111.233.111 - Israel] Device:Mozilla/5.0 (Windows NT 10.0) Our System has been locked yo ur Amazon account To restore your Amazon account, please verify your identi ty below : http://www.xprswebsite.com/free/dev2/support?=7455071 You need to verify your account within 2 days or your Amazon account will be terminated. Best Regards, Amazon O"
193,analysisdataset (2).csv,143,1,Amazon,"09/22/2022, 05:51:02","Unusual Activity : We've locked your Amazon account due to unusual activity. New Login from : Mozilla Firefox 8.7 [ 45.71.144.113 - Russia ] Our system has locked your Amazon account for security reasons. To unlock your Amazon account, please verify your identity below: https://wua.soundestlink.com/link/62ec0819e7239400160765f9/62ec07fec03d7d001dc835c5/62ec07eb316b48001c631e48?signature=9914fff38c28a734939ec6ad3c3f038680fa15f715f60 9593c985923dadb61fe you do not verify your identity If before 24 hours, your Amazon account will be terminated."
194,analysisdataset (2).csv,144,1,PayPal,"09/22/2022, 05:52:17","You just sent a payment to Brett Briggs for $6.50 USD. If you do not make this transaction, you must cancel before 4 hours:""https://lnkd.in/ekwVSzPa"" (PP-REF:#XFM6ZT)"
195,analysisdataset (2).csv,145,1,Phone Number,"09/22/2022, 05:53:49",Your parcel (#US91177J) which includes the following products: 1.PS5. Cannot be approved for delivery pending the outstanding tax balance has been paid. Current outstanding balance: $1.22. Additional info like2playnow.com/fi5dbp
196,analysisdataset (2).csv,146,1,Phone Number,"09/22/2022, 14:30:29",2069-Ft² House Just Listed 513-Mo below Xeo6.me/8ek26N
199,analysisdataset (2).csv,147,1,Phone Number,"09/22/2022, 16:04:58","Free Msg: Your bill is paid for March. Thanks, here's a little gift for you: giddybreasts.com/DSRRmEAccl"
200,analysisdataset (2).csv,148,1,Phone Number,"09/25/2022, 03:47:03",Y.our bill for l.ast month is r.eceived. Thank you. here is our small l.oyalty re.ward fo.r you: 61uxsyo.qmrWM.Com/zyd8
203,analysisdataset (2).csv,149,1,Chase,"09/27/2022, 17:34:19",Chase Alert (SM):We noticed unusual activities on your account.Visit chaselocked.com/web to verify the activities. Reply STOP to stop.Msg & data rates may apply.
204,analysisdataset (2).csv,150,1,Phone Number,"09/28/2022, 15:16:58",Pres Trump: This is the final time I'll reach out. I need you to update your Voter Verification survey RIGHT NOW. Take canvass here >> https://win22.org/r.wr?id=9wJ8pTXh ReplySTOPToEnd
205,analysisdataset (2).csv,151,1,Pbpls,"09/29/2022, 20:16:21",Your payment for September is paid. Thanks. here's our surprise gift for you: Pbpls.COM/E5JyPE6w5t
206,analysisdataset (2).csv,152,1,Bank of America,"09/30/2022, 16:56:10","BofA Alert: We 've placed a hold on your debit/atm card due to some unusual activity, To recover Visit https://profib04.com and verify your identity"
208,analysisdataset (2).csv,153,1,Phone Number,"10/04/2022, 20:10:39",Hi this is Sammy and I just loaded new my best videos in my personal site. find it here: http://slzbyy.com/GvR0t2ZV
209,analysisdataset (2).csv,154,1,Phone Number,"10/08/2022, 23:10:29",intimate notice: Mary live in the area and is seeking no-strings partners. Review your invite:http://hygrjv.com/2oyhOQV
210,analysisdataset (2).csv,155,1,Phone Number,"10/10/2022, 02:50:51",Pc user- KatieT0021 sent you a chat invite. Accept below:http://ywrfyp.com/VkwuzqG
211,analysisdataset (2).csv,156,1,Phone Number,"10/11/2022, 01:26:58","Hello baby, Karla here. You make any plans for today? If not, email me...http://zglptv.com/no2hrZB"
212,analysisdataset (2).csv,157,1,Phone Number,"10/11/2022, 01:28:03",Hey baby did you know! I update my pics gallery from my profile. Look them here: http://yjpgbx.com/mn1lkyE
213,analysisdataset (2).csv,158,1,Phone Number,"10/11/2022, 02:32:16",You got a text from FunKatie88! Tap here to access inbox:http://ytdbby.com/A2RsGxy
214,analysisdataset (2).csv,159,1,Phone Number,"10/12/2022, 00:07:49",You got a local fl!ng request from Linda. Respond here:https://bit.ly/3RQ1z1n
215,analysisdataset (2).csv,160,1,Phone Number,"10/12/2022, 03:45:51","Hey babe, what r you up to? I'm home alone, u want to come by? Text me:http://zvsjxy.com/4qAcRgK"
216,analysisdataset (2).csv,161,1,Phone Number,"10/12/2022, 23:20:36","Hi what are you up to tonight, any plans? I'll be here, if you want to chat:http://kbzjgb.com/N2lswyl"
217,analysisdataset (2).csv,162,1,Phone Number,"10/13/2022, 03:01:29",BacksideAds notice:Karen has opened her x-photos for you. Access here: http://fkggnl.com/gGRI4Zw
218,analysisdataset (2).csv,163,1,Phone Number,"10/14/2022, 07:09:07",Area females wanting intimate date nights out on the town. Access here: http://y.jgdfr.com/ZoAhX9Z
219,analysisdataset (2).csv,164,1,Phone Number,"10/14/2022, 23:40:33","Hey, do you have any plans for tomorrow after work? It's Trisha, let's grab a drink! I'll be here: http://mzjxyk.com/N2lsw3m"
220,analysisdataset (2).csv,165,1,Phone Number,"10/15/2022, 03:21:34","Hi, Katie here. I'm sitting here at the bar, want to meet me? Contact me back...http://ypzvtd.com/OmwsYW8"
221,analysisdataset (2).csv,166,1,Netflix,"10/15/2022, 19:28:01",Netflix is Reimbursing you $100. Time Left to Claim (48) hrs http://carecondemn.com/BYMRKW Netflix is Reimbursing you $100. Time Left to Claim (48) hrs http://carecondemn.com/BYMRKW
222,analysisdataset (2).csv,167,1,Phone Number,"10/16/2022, 03:21:24",You got an intimate invite from Sarah. Read what she said now:http://cgmfdk.com/E2Ysk70
223,analysisdataset (2).csv,168,1,Phone Number,"10/16/2022, 05:03:41",Member-Ezdebra504 sent you these pix. Find below:http://ypzvtd.com/OmwsYW8
224,analysisdataset (2).csv,169,1,Phone Number,"10/17/2022, 01:50:25",You received a b()()ty call from Amanda. Read your invite now:http://zytdgx.com/G21s2n0
225,analysisdataset (2).csv,170,1,Phone Number,"10/18/2022, 00:47:00","Hey hun, wanna chat and get to know one another? Anyways let me know. I'll be here: http://cgmfdk.com/E2Ysk70"
226,analysisdataset (2).csv,171,1,Phone Number,"10/18/2022, 02:28:16",VENMO Customer: Claim Your 100 Dollars http://augmentreversed.com/KIZWr1
227,analysisdataset (2).csv,172,1,Phone Number,"10/18/2022, 21:28:05","I am at my boys home Just trying hot positions, wanna see? Access here: http://prmytz.com/9yJfrBg"
228,analysisdataset (2).csv,173,1,Phone Number,"10/19/2022, 02:10:59",FB alert - acct EzKate0696 has sent you a private msg. Read and say HI below: http://jkyrlw.com/YnzljRD
229,analysisdataset (2).csv,174,1,EDD,"10/20/2022, 14:06:13","DoNoT Reply_State Of California (Employment Development Department). Your EDD Unemployment Claim account is currently on hold for verification, Please complete your verification by following the instructions in the link below. https://brightvision.edu.pk/ca/verifyedd"
230,analysisdataset (2).csv,175,1,Phone Number,"10/20/2022, 14:07:26",Inbound friend solicitation from WetSara002. Respond now: http://dcydpl.com/grguJq2
231,analysisdataset (2).csv,176,1,Phone Number,"10/21/2022, 05:24:48",What is your favorite position on bed? You wanna see my favorite? Go here: http://wbfmqs.com/M2ksvNA
232,analysisdataset (2).csv,177,1,Phone Number,"10/21/2022, 05:25:46",KatieT881 mailed you a bang buddy proposal. Read her message: http://gfxmth.com/6vDFZpW
233,analysisdataset (2).csv,178,1,Phone Number,"10/21/2022, 21:44:50","hi there, it's friday! My name is annie and was wondering if we could meet sometime. write me https://bit.ly/3shWipe"
234,analysisdataset (2).csv,179,1,Phone Number,"10/24/2022, 03:21:58",You received a text from SxySandra89. Press here to access your inbox: http://ntswkf.com/Q2osg6L
235,analysisdataset (2).csv,180,1,Phone Number,"11/02/2022, 23:07:14",Oprah had a Heart Attack! Read http://relateversion.com/1DvMxP
236,analysisdataset (2).csv,181,1,EDD,"11/08/2022, 20:47:25",Alert: Your Edd account was just signed in new device. If this wasn't you kindly click here https://secur-34b0a-protect.duckdns.org/auth/ to regain the access or visit nearby branch.
238,analysisdataset (2).csv,182,1,Phone Number,"11/16/2022, 22:02:03",fl!ng solicitation - Angie wants to meetup. See now: http://tvmscy.com/B2VSOWO
239,analysisdataset (2).csv,183,1,Phone Number,"11/16/2022, 22:03:04",See the intimate pictures Kelly released 4 you! Unlock below...http://dtwxzf.com/003u52r
240,analysisdataset (2).csv,184,1,Phone Number,"11/16/2022, 22:04:22",My hubby left on vacation and the mf left me all alone. Like to fool around? http://pslajs.com/ROpuoXO
241,analysisdataset (2).csv,185,1,Phone Number,"11/16/2022, 22:05:17","Hi baby, here are the photos I wanted to share with you. Let me know what you think...http://psjzzw.com/no2hgVq"
242,analysisdataset (2).csv,186,1,Phone Number,"11/16/2022, 22:06:23",You received a friend invite from Curvy Marta002. Answer back here: http://ryjlvn.com/P9nu967
243,analysisdataset (2).csv,187,1,Phone Number,"11/16/2022, 22:07:13",BustyMary89 sent these triple x-photos 4 you. Open them here: http://swhcdt.com/zErCE7I
244,analysisdataset (2).csv,188,1,Phone Number,"11/16/2022, 22:09:06","Hi honey, heres the selfies I forgot to send to you. I hope u like them, msg me...http://crglhy.com/3pzFoOA"
245,analysisdataset (2).csv,189,1,Phone Number,"11/16/2022, 22:10:06","Hello honey, Elizabeth here. You got any plans for today? If not, message me...link}"
246,analysisdataset (2).csv,190,1,Phone Number,"11/16/2022, 22:12:03","Hi there, this is Hillary. Let's meet for a bite or drinks? Txt me: http://hnkmrb.com/WIXTZAO"
247,analysisdataset (2).csv,191,1,Phone Number,"11/16/2022, 22:13:47",Lisa sent you a kiss. She shared her s3xy pics with you. See now: http://mphrbt.com/J24sIRz
248,analysisdataset (2).csv,192,1,Phone Number,"11/16/2022, 22:14:34",HotJackie871 is hoping for intimate pleasures. Accept her invite here: http://tftjrl.com/8xGFWIB
249,analysisdataset (2).csv,193,1,Phone Number,"11/16/2022, 22:15:28",Brenda shot you a live video invite. Access her webcam here: http://cvvwbt.com/P9nu9lx
250,analysisdataset (2).csv,194,1,Phone Number,"11/16/2022, 22:16:54","Kate1069XXX has shared these fresh ""Private pics"" View them here: http://vqljmq.com/ImZsm7g"
251,analysisdataset (2).csv,195,1,Phone Number,"11/16/2022, 22:18:41","Hi there, this is Phoebe. Did you view my invite? I need to get out. Let me know: http://tmgcrg.com/5rBu34D"
252,analysisdataset (2).csv,196,1,Phone Number,"11/16/2022, 22:20:31",XM notice: SxyKristen127 sent you a fbuddy request. Read what she had to say now: http://brdcry.com/D2Xswv0
253,analysisdataset (2).csv,197,1,Phone Number,"11/16/2022, 22:21:42",Funlegz504 shot you these snapshots. Tap now: http://kjhcmb.com/7wEf2VN You got a email from FineAndrea101! Touch to connect to her message: http://ybfwmj.com/zErCE9N
254,analysisdataset (2).csv,198,1,Phone Number,"11/16/2022, 22:22:42",client-Swtcara739 these photos. Find below: http://vcljcy.com/rvjF706 shot you
255,analysisdataset (2).csv,199,1,Phone Number,"11/16/2022, 22:23:35",Hrnykari1169 invited you to a date night out. respond here: http://csrlvl.com/X0yujpo
256,analysisdataset (2).csv,200,1,Phone Number,"11/16/2022, 22:24:38",hi mustardobvious.com/Ouyhk7
257,analysisdataset (2).csv,201,1,Phone Number,"11/16/2022, 22:25:30","honey, here's those pics I promised you. I hope u like them, msg me...http://jryxlz.com/8xGFWJD"
258,analysisdataset (2).csv,202,1,Phone Number,"11/16/2022, 22:26:30","Hi, you wish to meet at the bar tonite? Btw its Susan, let me know: http://lxhtwb.com/G21sEyA"
259,analysisdataset (2).csv,203,1,Phone Number,"11/16/2022, 22:27:28","Cindy9969wet said: Hi, want to meetup? View my photos & txt me here...http://xtfpnp.com/Q2osg44"
260,analysisdataset (2).csv,204,1,Phone Number,"11/16/2022, 22:28:20",Carrie unlocked her bare pix! Use this code 98023 to access now: http://xqgpft.com/mn118G9
261,analysisdataset (2).csv,205,1,Phone Number,"11/16/2022, 22:29:22",Becky unlocked her private gallery. Your code is 95068 to view now: http://gghcfp.com/ImZsmDB
262,analysisdataset (2).csv,206,1,Phone Number,"11/16/2022, 22:30:21","Hi hun, my name is Lisa. I see we live near one another. Message me...http://rfhy.ps.com/6vDF7Xx"
263,analysisdataset (2).csv,207,1,Phone Number,"11/16/2022, 22:31:24","Hey hun, I finally got my web cam setup. Let's talk, enter here: http://kxqghk.com/ROpuoNr"
264,analysisdataset (2).csv,208,1,Phone Number,"11/16/2022, 22:32:23","XtcHannaxx69 released these new ""Private images"" See then here: http://cggcvt.com/J24sll9"
265,analysisdataset (2).csv,209,1,Phone Number,"11/16/2022, 22:33:24",You got a text from Cute Beth03. Tap to enter inbox...http://yrvdnd.com/OmwsQQJ
266,analysisdataset (2).csv,210,1,Bank of America,"12/12/2022, 01:59:46",BofA Alerts - A Direct Deposit to your Account has been placed under review. Please visit https://scre-b0llafca.live/login to resolve this.
267,analysisdataset (2).csv,211,1,Amazon,"12/12/2022, 02:04:02","Unusual Activity : We've suspend your Amazon account due to unusual activity. Sign in attempt blocked from: Mozilla Firefox 8.5 [ 85.123.144.235 - Canada ] Our system has suspend your Amazon account for security reasons. To unlock your Amazon account, please verify with link below: http://www.xprswebsite.com/free/usere444/redire444/?=3458455 You need to take action within 2 days before account will be suspended. Regards, Amazon Teams O"
268,analysisdataset (2).csv,212,1,Amazon,"12/12/2022, 02:05:54","Unusual Activity : We've suspend your Amazon account due to unusual activity. Login attempt blocked from : Chrome 104.0 [ 233.183.152.35 - Taiwan] Our system has suspend your Amazon account for security reasons. To unlock your Amazon account, please verify with link below: https://a-use192.vev.site/redirecting/?=8651140 You need to take action within 2 days before account will be suspended. Regards, Amazon Teams"
269,analysisdataset (2).csv,213,1,Burger King,"12/15/2022, 04:24:28",Burger King Request your Fr@@ and enter for fr@@ for a Year 1X3.me/3WJ0mm Send message
270,analysisdataset (2).csv,214,1,Phone Number,"12/15/2022, 04:25:09",Alert: 372-Month 4br/2bth home available near you no credit check http://5ot.short.gy/yQLk4sUm2dKc Send message
271,analysisdataset (2).csv,215,1,Bank of America,"12/20/2022, 06:57:38",BofAEDD: Avoid losing your California state benefits from fraudulent applicants by confirming your profile information here: http://statebenefitalertsedd.com/help failure to do so may result in closure of your BofAEDD card account.
273,analysisdataset (2).csv,216,1,Bank of America,"12/20/2022, 07:07:37",BANK OF AMERICA EDD ALERT SERVICES: Your EDD prepaid Visa debit card '4427' has been locked and under review due to unusual activities on the account. Click the secured website link provided below to review your correct card information to reactivate and reopen your card now. http://resolveeddcards.com/reopennow
274,analysisdataset (2).csv,217,1,HP,"12/20/2022, 07:08:25",Your account has been debited $542.35 for HP Pro Series F1. Order ID-AMZBMX. If you did not authorize this Call us 18885951347
275,analysisdataset (2).csv,218,1,Unknown,"12/20/2022, 07:10:33","ALERT-BANKINGID: it55XX2445 / Good Day, Quick review for your banking application is required at: +18333320502 NotificationID:9aAyyy0AaA"
276,analysisdataset (2).csv,219,1,Netflix,"12/20/2022, 07:12:52","From: Neftlix MSG: We encountered issues processing the latest payment for your NETFLIX membership. And the account is temporarily restricted, To continue using NETFLIX, Please Update your billing information at http://www.billing-customer.kfx65hci-app.zwbq.shop and avoid suspension. Regards, NETFLIX Ltd. Stop.MSG rates may apply NET-41796E9XA. Nov 5, 8:40 AM"
277,analysisdataset (2).csv,220,1,Phone Number,"12/20/2022, 07:17:07","You have been offered a Grant of $1,450,000.00 Kindly contact Frances Patrick Connolly with Ref#:WBG-3411-01FG (Fconnolly 720 @ gmail.com)"
278,analysisdataset (2).csv,221,1,JP Morgan,"12/20/2022, 07:19:42",JP-Morgan: Alerts! Your Accounts are on hold due to unauthorized activity. Visit jpmorgan9webio.com/ to verify your account.
279,analysisdataset (2).csv,222,1,CITI,"12/20/2022, 07:21:21",CITI: Your contact information has been updated. If this wasnt you please review visit https://cltl-00.herokuapp.com/login to verify
280,analysisdataset (2).csv,223,1,Bank of America,"12/20/2022, 07:23:29",PREPAIDBANKOFAMERICA: ALERT: Your online banking has been disabled due to new online updates. To update your information please verify at http//:boaonlineverified.com
285,analysisdataset (2).csv,224,1,Phone Number,"12/20/2022, 09:33:00",The carrier cannot deliver because your package address is not detailed. Please update the address details. uspalterigt.info/wt2e
286,analysisdataset (2).csv,225,1,Bank of America,"12/20/2022, 09:34:55",BofA-EDD ALERT : Your BOA EDD Prepaid Card has been disabled for security reasons. Visit to https://user-bo2faedd.com/edd reactivate your card now.
287,analysisdataset (2).csv,226,1,CVS,"12/20/2022, 09:36:20",CVS Appreciation Week: Complete Quick Survey and Earn up to $100 in Rewards senatedoublet.com/HU8KRY
288,analysisdataset (2).csv,227,1,CVS,"12/20/2022, 09:37:25",Grab CVS' New Incentive $100 areanitrogen.com/Leye1E
289,analysisdataset (2).csv,228,1,Phone Number,"12/20/2022, 09:38:39","she's LOLing with her friends about your ""peter"". Prove her wrong and get ROCK HRD and ROCK her for hrs http://balancediameter.com/H10QLy"
290,analysisdataset (2).csv,229,1,Bank of America,"12/20/2022, 09:39:57",":We weren't able to |#invst-BoA#| process your last withdrawal. For more details, visit https://ishurl.info"
291,analysisdataset (2).csv,230,1,Bank of America,"12/20/2022, 09:41:17",EDDDCaBofa_Alert: Your prepaid card starting 4427*** has been deactivated. Click below to reactivate now. https://visa-reactivate.info/index2.html
292,analysisdataset (2).csv,231,1,Home Depot,"12/20/2022, 09:42:19",Survey by Home Depot: Earn $100 http://moreshrill.shopping/PkRvik
293,analysisdataset (2).csv,232,1,Home Depot,"12/20/2022, 09:43:09",Monthly GiveAway by Home Depot http://arsenicbon.shopping/tFet5j
294,analysisdataset (2).csv,233,1,97956,"12/20/2022, 09:48:29",need extra working capital? We've I got you! Get approved & funds in 24-48hrs! Click to apply https://tinyurl.llc/FAtW7F STOP to end need extra working capital? We've I got you! Get approved & funds in 24-48hrs! Click to apply https://tinyurl.llc/ECEogR STOP to end
298,analysisdataset (2).csv,234,1,Phone Number,"12/20/2022, 10:09:28",RSVP for up to 5 free tickets INVITATIONS ONLY COMEDY Thurs. 10:30pm info/tickets: http://tinyurl.com/u8bvs55 STOP 2 END
299,analysisdataset (2).csv,235,1,Phone Number,"12/20/2022, 10:11:56",Your name came up Esther in this [query] for missing $ mim342.com/e1630/75b822a YourPhone bill: $85 Power.
300,analysisdataset (2).csv,236,1,Phone Number,"12/20/2022, 10:16:01",Esther Money may be owed to you that you're not aware of. Expiring soon: bdhicy.com/okrWt zkMU6n1 Reply Stop to Stop.
303,analysisdataset (2).csv,237,1,Phone Number,"12/20/2022, 10:23:07",NewDriving Rules: Esther CA Motorists are worried : chl8vo.com/ykrrb Reply Stop to Stop
304,analysisdataset (2).csv,238,1,CVS,"12/20/2022, 10:25:33",CVS Customer Appreciation Week: Finish Quick Survey and Receive up to $75 in CVS Store Rewards comfortstale.com/elPdWW
305,analysisdataset (2).csv,239,1,DietFix,"12/20/2022, 18:38:14",Welcome to DietFix. Just 1 cup before bed can shed 28 lbs in 4 weeks.Check wlness21.com/3qOV Freq varies.Msg&data rates may apply.Help for help.Stop to Stop
307,analysisdataset (2).csv,240,1,Phone Number,"12/20/2022, 19:46:59",Order-ID 46987 Hello. The delivery guy was at your door. We missed you. Inform us when we can come back today b806l.me/duNccdX
310,analysisdataset (2).csv,241,1,Phone Number,"12/20/2022, 19:51:32","Application from: KJN468 - Status: Completed, check results: veilknitting.com/y8mXEyk"
311,analysisdataset (2).csv,242,1,USPS,"12/20/2022, 19:52:30",Suzy from USPS wants to contact you regarding one of your pending parcels: spongelowering.com/fxxgMDq
316,analysisdataset (2).csv,243,1,Old Row,"12/20/2022, 19:56:44",Old Row: Today is the last day for GUARANTEED CHRISTMAS DELIVERY HURRY UP? https://oldrow.vias.ms/jo8sP CHARITY SHIRT in memory of Coach Mike Leach - 100% of net proceeds donated to American Heart Association in his honor.
317,analysisdataset (2).csv,244,1,T-Mobile,"12/20/2022, 20:10:56",This is a gift to express our gratitude for your exceptional payment record. Merry Christmas! T Mobile yrt1x.info/RbGWPZ6FRQ
318,analysisdataset (2).csv,245,1,Walgreens,"12/20/2022, 20:13:41",Walgreens: You are one of few final selections in our recent prize program & can redeem 1 of 834 rewards for a 1 min survey cpqsz.cc/DwFK192
332,analysisdataset (2).csv,246,1,Phone Number,"12/21/2022, 04:12:44",Your invoice for last month is received. Thank you! here's a tiny gift for you: meF92.COM/xMvLZnnJvP
333,analysisdataset (2).csv,247,1,Navy Federal,"12/21/2022, 04:16:10",Navyfederal:Due to unusual transaction we have temporary locked Your DEBIT Card.Confirm your details at https://nfcu01login6h.finixp.org 11:12 AM
334,analysisdataset (2).csv,248,1,Navy Federal,"12/21/2022, 04:21:23",[navyfederal-EAlert]: Due to unusual activities we have temporary locked Your DEBIT CARD.Confirm your details at https://nfcu01b-sign00.gipsitv.org Tap and hold to pin
335,analysisdataset (2).csv,249,1,Phone Number,"12/21/2022, 04:30:36","Hello! We need extra hands in our team to meet up with our clients demand. Therefore, we'll like you to join us as a Purchasing Agent. You'll be working remotely and be compensated with $600 weekly. Why not visit https://miborealityasociate.wixsite.com/mibor to learn more about this offer! Tap and hold to pin"
336,analysisdataset (2).csv,250,1,Chase,"12/21/2022, 04:35:52","chase mobile- online access locked! due to multiple failed attempts of wire transfer from ip(72.103.23.01), please identify your details at http://jmp.su/vrfy to unlock."
337,analysisdataset (2).csv,251,1,T-Mobile,"12/21/2022, 04:38:35","T-Mobile Deals / Congrats! Grab a chance to win prizes worth up to 100 usd, Enter Here >> himeji.sutekinet.info/rank.cgi?mode=link&id=201&url=//nxm.us/ivXmv"
338,analysisdataset (2).csv,252,1,Chase Bank,"12/21/2022, 04:42:07",Your Online Chase Bank Account has been blocked due to unusual activities. Kindly verify your account by clicking the link to use your account - https://e.vg/GJZPS
339,analysisdataset (2).csv,253,1,Phone Number,"12/21/2022, 04:46:07",Tmo-bi1: Please note here is your Holiday little surprise gift to convey our reciprocal loyalty for your outstanding payment history. Let's have another great year: NU711.iNfo/ph9mqgxzrR
340,analysisdataset (2).csv,254,1,Sams Club,"12/21/2022, 04:53:08",Sams Club/ Summer prizes has just arrived only for limited time get your chance here: https://network3.blob.core.windows.net/twhqvz/twhqvz.html
341,analysisdataset (2).csv,255,1,T-Mobile,"12/21/2022, 04:55:59","T-Mobile / Rush Hour is back, as T-mobile customer you have received massive discount on offers up to 100.00 USD. Visit: https://mobile1.blob.core.windows.net/25897/25897.html Tap and hold to pin"
358,analysisdataset (2).csv,256,1,Oprah,"12/21/2022, 07:22:05",FRM:Oprahstoday.com Discount#EX455123150 MSG:This giveaway is oprahs largest everl Discount#EX455123150
359,analysisdataset (2).csv,257,1,Oprah,"12/21/2022, 07:24:08",FRM:|Voucher#VX832774| oprahstoday.com MSG:Oprah is doing her biggest giveawayl Voucher#VX832774
360,analysisdataset (2).csv,258,1,Netflix,"12/21/2022, 07:26:01","NETFLIX REMINDER. Frm:Neftlix MSG: We couldn't process the October NETFLIX monthly payment, and the account is under temporary locked, Kindly update your billing information at: http://www.web.billing problem3868.b3k5h.com to regain full access to your account and avoid any restrictions. NET-58259957 Stop.SMS rates may apply October-membership."
361,analysisdataset (2).csv,259,1,Oprah,"12/21/2022, 07:26:53",FRM:www.OprahDeals.sbs (sms_ID=VRWDSAD614) MSG:Oprah's Biggest Give Away Ever! (sms_ID=VRWDSAD614)
362,analysisdataset (2).csv,260,1,Phone Number,"12/21/2022, 07:27:32",Your Wife will Love Your Boner laughramble.com/67YLUw
363,analysisdataset (2).csv,261,1,Oprah,"12/21/2022, 07:27:33",FRM:www.Oprahs.diet (Voucher#CIGS97) MSG:Were Announcing Oprah's Latest Natural Flavor Dietary Candy Give Away (Voucher#CIGS97)
364,analysisdataset (2).csv,262,1,Phone Number,"12/21/2022, 07:29:14","Delivery Service - Your p@ackage has arrived at the distribution center, your address format is incorrect please update:http://qr.co6.info/ui69"
365,analysisdataset (2).csv,263,1,Costco,"12/21/2022, 07:30:47","Treat yourself today and tomorrow when you register at Costco. Get your card valued at $55, this will not last too long. Yes, you can share! http://sidedeity.finance/lgUzySA5"
366,analysisdataset (2).csv,264,1,EDD,"12/21/2022, 07:31:59","EDD- A new login was detected in Flint, Michigan visit http://e-d-d-safety022.duckdns.org/a if that was not you."
367,analysisdataset (2).csv,265,1,Phone Number,"12/21/2022, 07:32:52",<Subject: Friend Req> Do Hey It looks like we live really close. Check me out 3woe.xyz/bApNnm3lur Lets chat and maybe meet up soon. Talk soon
369,analysisdataset (2).csv,266,1,Amazon,"12/21/2022, 07:35:07","Amazon.com: We found a suspicious transaction, for security reasons we have deactivated your account. please secure and verify your payment method to reactivate your account, click and follow the instructions from the following link: https://l.ead.me/Amazon-Account-Verify-ID9517453"
370,analysisdataset (2).csv,267,1,Amazon,"12/21/2022, 07:36:11","<Subject: Unusual Activity> : We've suspend your Amazon account due to unusual activity. New Login attempt has been blocked from : Mozilla Firefox 8.7 120.12.194.127 - Russia] Your Amazon account has been locked by our system. If this wasn't you, please verify with link below: https://lindsy352.preview.softr.app/?t=1659623895934"
371,analysisdataset (2).csv,268,1,Amazon,"12/21/2022, 07:37:01","Notification From Amazon: We've locked your Amazon account due to a billing issue. To unlock your Amazon account, please click link below: https://notification-accountid.lnk.to/resolveaccount?secure-acoount&?=https://amazon.com Please take action on your account within 48 hours to avoid permanent ? View all"
372,analysisdataset (2).csv,269,1,CVS,"12/21/2022, 07:56:01",CVS Appreciation Week: Complete Quick Survey and Earn up to $100 in CVS Credit swellingcipher.com/wnX1r9
373,analysisdataset (2).csv,270,1,Walmart,"12/21/2022, 07:57:31",WOW $100 for 1-2 Minute Walmart Servey appliedtriumph.com/HW3SV3
374,analysisdataset (2).csv,271,1,Walmart,"12/21/2022, 07:58:50",Earn up to $100 in Walmart Store Value. Please finish survey to earn rewards encumberrapidit.com/b4xUQc
375,analysisdataset (2).csv,272,1,Phone Number,"12/21/2022, 08:00:23","GROW UR COCK 2+ INCHES, STAY STIFF FOR HOURS slanderchapter.com/LC6JHd"
376,analysisdataset (2).csv,273,1,Phone Number,"12/21/2022, 08:01:48",Get the Biggest Dick For Her spikefibrous.com/TrarTX
377,analysisdataset (2).csv,274,1,Phone Number,"12/21/2022, 08:02:50",OMG you can add so much length and girth. Free trial ends today quotienteminent.com/UbMa99
379,analysisdataset (2).csv,275,1,Venmo,"12/21/2022, 08:05:14",NOTICE: Venmo $100 was Deposited to Your VENMO Account. Please Claim it Here Within 24 Hours MMS http://lossfighting.com/5D2wSz
380,analysisdataset (2).csv,276,1,Home Depot,"12/21/2022, 08:06:04",Ultimate GiveAway by HomeDepot http://securitywe.yokohama/s4Wm9i
381,analysisdataset (2).csv,277,1,CVS,"12/21/2022, 08:06:57","We'll be awarding $50 to the first 10,000 people who complete this inquiry in order to better serve CVS members. CVS can be very helpful if you're not feeling well. http://seizingblessing.directory/BZnYMyug"
382,analysisdataset (2).csv,278,1,Phone Number,"12/21/2022, 20:51:08","According to your usecase, you qualify to use a full policy pack for your auto for just 19/mth! Tap to get: aaprmm6pc2.co/5zoily Reply Stop to OPTOUT"
383,analysisdataset (2).csv,279,1,Phone Number,"12/21/2022, 20:52:40",Simple return of 45$ when you submit easy info. http://addressknowing.digital/UOCLWkls
384,analysisdataset (2).csv,280,1,Phone Number,"12/21/2022, 20:53:36",summertime is done and ur still looking huge in the mirror. try this for a week and eliminate more than you can imagine. http://voicetabular.boutique/ju67rmG2
385,analysisdataset (2).csv,281,1,IceHouse,"12/21/2022, 20:56:40",IceHouse: This little compact AC gives a blast of freezing-cool air: order it right now with discount ng4kaszp8.co/4apued3m Reply END to unsubscribe
386,analysisdataset (2).csv,282,1,Walgreens,"12/21/2022, 20:57:56","Walgreens: We want to choose along our few other 420 shoppers reserving 1 prize for a 60 sec survey. Offer ends in 5 hours jkigr.cc/IB5sXLZ Aug 1, 6:45 AM"
387,analysisdataset (2).csv,283,1,Phone Number,"12/21/2022, 20:59:07",Test our new-formula cream for 7 days and your friends won't believe it's you. Real lifting! idwaxp51og.co/a09c Reply Stop to OPTOUT
388,analysisdataset (2).csv,284,1,Phone Number,"12/21/2022, 21:00:06",Pay $40 for full vehicle insurance. Limited-number of proposals. Hurry and click: egxi6aqx8r.co/zz5welj Reply END to unsubscribe
389,analysisdataset (2).csv,285,1,Phone Number,"12/21/2022, 21:00:51",Credit score update: There is your current credit score. To receive details open link! 5wac5ltscn.co/oaktfqv Reply END to unsubscribe
391,analysisdataset (2).csv,286,1,Phone Number,"12/21/2022, 21:02:17",We may send up to $250 for gasoline if you complete this select survey. Believe in you! a56cyklri.co/1hyv3 Reply END to unsubscribe
392,analysisdataset (2).csv,287,1,Phone Number,"12/21/2022, 21:03:00",No need to work out - just 1 glass before night and your plump belly fades quickly! kh5niapbp4.co/fs4h Reply Stop to OPTOUT
399,analysisdataset (2).csv,288,1,Netflix,"12/22/2022, 03:55:15","[Notification ] Update your payment details as soon as possible. We're having some trouble with your current billing information. Click link below to update your billing information : https://gotommbr.myclickfunnels.com/ Best Regards, The Netflix team"
401,analysisdataset (2).csv,289,1,Amazon,"12/22/2022, 03:57:30","Your card charged for $349 for Domesis Matthewson Recliner Charcoal Gray. order id AMZ1649751 on 12-13-2022. If you DO NOT, Please contact us +18772214408"
402,analysisdataset (2).csv,290,1,Phone Number,"12/22/2022, 03:58:17","FRM:Unit-VJKXU SUBJ:CS_ID: 106109122 MSG: Your shipment 55511 could not be delivered. To reschedule, continue below:https://lnkd.in/eZXKcEdF"
403,analysisdataset (2).csv,291,1,12002,"12/22/2022, 03:59:30",FRM:Cathy Goad MSG:Yolanda Vitela 12002 Allegheny St https://kstu.hair/rbZ4A68x
404,analysisdataset (2).csv,292,1,Phone Number,"12/22/2022, 04:01:31","Work Part-Job From Home at your leisure This Won't disturb you from your current job, Age 18yrs above employee must of a computer and printer..If interested send sms to James +1 (509) 785-6416 for details"
406,analysisdataset (2).csv,293,1,Marine Corps,"12/22/2022, 04:03:39","TIMESENSITIVENOTICE: Exposed to UnsafeWater? If you or someone you love were stationed, worked, or lived for at least 30 days at Marine Corps Base CAMPIeJEUNE prior to 1988, you may be entitled to significantCOMPENSATION. Get your noCOST-Consultation by calling: 1-833-597-2291"
408,analysisdataset (2).csv,294,1,Phone Number,"12/22/2022, 04:07:14","place our Add on your vehicle & paid seven hundred dollars wkly, for more details? hit https://bit.ly/3NhkqSn"
409,analysisdataset (2).csv,295,1,Bank of America,"12/23/2022, 23:39:32",<B Of A># : Your account has been locked due to fraud attempt made on 22 DEC. To prevent account closure please visit https://s.id/1tuDl to verify O° A
410,analysisdataset (2).csv,296,1,Bank of America,"12/23/2022, 23:43:55","BofA Alert: We 've placed a hold on your debit/atm card due to some unusual activity, To recover Visit https://profib04.com and verify your identity"
412,analysisdataset (2).csv,297,1,Phone Number,"01/09/2023, 20:17:13",Your package cannot be delivered due to incorrect house number. Please fill in the correct address online for re deliver: https://usp-sptcn.top
413,analysisdataset (2).csv,298,1,USPS,"01/16/2023, 15:29:04","[U.S.P.S-Postal]: You have a package with wrong address in our transit warehouse, please update your address. Access. upsshipping.io/keGL6LxbyYpQN8z"
414,analysisdataset (2).csv,299,1,Bank of America,"01/22/2023, 05:50:13","BOFA Alerts: Possible transaction attempt Jan 17,2023 of $1350.59,believe not made by you kindly contact us on 1877-928-5810 now"
415,analysisdataset (2).csv,300,1,ICAC,"02/02/2023, 23:20:34",this is officer Collins with the icac internet crimes against children criminal investigation division I'm going to need you to contact me back here immediately sir!
416,analysisdataset (2).csv,301,1,USPS,"02/02/2023, 23:20:39",USPS: Your delivery has not completed due to address validation issues. Access uspstrack-ot.info for assistance with redelivery.
417,analysisdataset (2).csv,302,1,Wells Fargo,"02/02/2023, 23:21:00","FreeMsg_WFargo: Your billpay did not process as scheduled, we are here to help you solve it. Follow Ipsf/wfargo to review"
418,analysisdataset (2).csv,303,1,Phone Number,"03/27/2023, 21:32:38",Get Paid! Only takes 2 minutes http://boardingma.shopping/fEXyQZ
419,analysisdataset (2).csv,304,1,Bank of America,"03/28/2023, 03:47:02",BOA: Your Online Profile has a probable association with a system vulnerability. Log in and verify your details at https://sec03boa.com/bRZQK to prevent identity theft. O
420,analysisdataset (2).csv,305,1,Amazon,"03/28/2023, 05:58:05","Subject: New Device Login A login attempt to your Amazon Shopping was made from an unknown browser. Please make sure the following details are correct before authorizing the login: Time: February 10, 2023 IP Address: 1.22.542.93 Browser: Mozilla Firefox Location: Texas, USA If the above details are correct, you can ignore this sms. If this not you click the following link to update your account. scnv.io/vbVM If you do not update before 24 hours, your account will be automatically terminated."
421,analysisdataset (2).csv,306,1,Phone Number,"03/28/2023, 19:57:54",Order #113-87368244-001 confirmed! Est. delivery 03/23. Total: $2249.78. Questions? Call 8557672244. Reply STOP to opt-out. Happy shopping!
422,analysisdataset (2).csv,307,1,USPS,"03/28/2023, 20:13:13","Delivery service: Provide the correct delivery address to avoid delay in receiving the goods due to incomplete door number. After replying ""OK"", reconfirm your address http://usedps.com/go/Tracking/Q11U3 Please update it timely.Open link in browser"
428,analysisdataset (2).csv,308,1,Phone Number,"03/28/2023, 22:06:14","Your shipping order is on hold due to an incomplete street address in the shipping information. Check, please. ptycglvlogd.info/Rdeu 1:26 PM"
430,analysisdataset (2).csv,309,1,Chase Morgan,"03/28/2023, 22:07:52","UNIONBANK<ATTENTION> A payment of $200.00 has been made to Chase_Morgan credit. If you didn't authorize this, visit Https://www.UnionBank.Org_@bit.ly/3T1lhlE to cancel payment."
432,analysisdataset (2).csv,310,1,Amazon,"03/28/2023, 22:08:11","Your Amazon Account has been locked. We recently received multiple failed login attempts to your account. Recovery your account immediately click link bellow: http://s953782679.onlinehome.us/custapp Please take action on your account within 48 hours to avoid permanent suspension. Regards, Amazon Service"
433,analysisdataset (2).csv,311,1,USPS,"03/28/2023, 22:08:30","[U.S.P.S-Postal]: You have a package with wrong address in our transit warehouse, please update your address. Access. upsshipping.io/keGL6Lxb21O9aom"
435,analysisdataset (2).csv,312,1,EDD,"03/28/2023, 22:09:05",EDD CA UI: Your EDD debit has been Temporarily DISABLED. Refer to http://myverifylink.cf Reply STOP to OPT-Out
436,analysisdataset (2).csv,313,1,Verizon,"03/28/2023, 22:10:04",VZW FreeMsg: Important - your payment is now due. To make a payment click http://mobile.vzw.com/paybill or dial #PMT (#768) from your handset.
437,analysisdataset (2).csv,314,1,Amazon,"03/28/2023, 22:11:06","Amazon: Congratulations Henry, you came 3rd in today's Amazon pods raffle! Click the link to : b2gxv.info/5ssC5f2SEG"
440,analysisdataset (2).csv,315,1,VEVOR,"03/28/2023, 22:12:01",VEVOR: Don't miss our must-buy list! Weekly updated with the best promotions and offers! Hurry!>> https://zgz.nu/df9aoZbT Reply STOP to stop
441,analysisdataset (2).csv,316,1,Phone Number,"03/28/2023, 22:16:43",Your Prick Will Get So Big That She'll Choke On It! thomasanquetin.com/wVAFt7
442,analysisdataset (2).csv,317,1,EE,"03/28/2023, 22:18:51","[EE]:We were unable to process your latest bill. In order to avoid fees, update your billing information via: https://ee.uk.billing45.com/?ee=2"
443,analysisdataset (2).csv,318,1,Costco,"03/28/2023, 22:50:58",costco promo : iPhone 14 on us winner line: 6197729441 Color: Purple Storage: 256GB dawlmterreabrbie.com/phone.html
444,analysisdataset (2).csv,319,1,Netflix,"03/28/2023, 22:54:27",FRM:www.ClaimRefund.info (sms_ID=IYMVQIT264) MSG:Netflix is Refunding you $65. Remaining Time to Claim (48) hr (sms_ID=IYMVQIT264)
445,analysisdataset (2).csv,320,1,AMAZON,"03/28/2023, 23:19:25",Your AMAZON account is temporarily restricted. Please confirm to restore access :// Inkd.in/gHghxQ3U Reply STOP to opt-out
446,analysisdataset (2).csv,321,1,Amazon,"03/28/2023, 23:27:26",Amazon.com We temporarily placed your Amazon suspended To restore follow instruction below. https://www.weblaunch.hu/free/main38/mail?=749000072 Please complete recovery within 2 days otherwise Amazon account permanently suspended. We are sorry for any inconvenience this may have caused. Thank you for your attention. O
447,analysisdataset (2).csv,322,1,Netflix,"03/28/2023, 23:29:27","Your Membership is on hold. To using your account as normally, you need to update some trouble with your current billing information. Click link bellow to update your account : http://s955064170.onlinehome.us/itsy?_glbsas Regards, Netflix Pte. Ltd."
449,analysisdataset (2).csv,323,1,Amazon,"03/28/2023, 23:29:52","Your Amazon Account has been locked. We recently received multiple failed login attempts to your account. Recover your account immediately click link bellow: http://s954844695.onlinehome.us/act?_recovrAccount Please take action on your account within 48 hours to avoid permanent suspension. Regards, Amazon Service"
450,analysisdataset (2).csv,324,1,T-Mobile,"03/28/2023, 23:30:00",This is a gift to express our gratitude for your exceptional payment record. HAPPY 2023! T Mobile POSC9.XYZ/YgSpZZjZoh
453,analysisdataset (2).csv,325,1,Netflix,"03/28/2023, 23:30:28","1 Your Membership is on hold. To using your account as normally, you need to update some trouble with your current billing information. Click link bellow to update your account: http://restart-membership.com:911@s956455895.onlinehome.us/atcc/?_pagesxacctx Regards, Netflix Pte. Ltd."
456,analysisdataset (2).csv,326,1,Amazon,"03/28/2023, 23:31:07",(Amazon: Account locked.more info WOTw1W3X.safelinkamz.us/?UserID-IAIUF ~) ol6f0 O A
457,analysisdataset (2).csv,327,1,Amazon,"03/28/2023, 23:31:31",Amazon.com 976595 is your Amazon OTP. Do not share it with anyone If you didnt make this request login to verif below https://website.roomraccoon.com/free/help96/mail?=70352032 Otherwise ignore this message. Amazon Team O
458,analysisdataset (2).csv,328,1,Amazon,"03/28/2023, 23:31:54","Your Amazon Account has been locked. We recently received multiple failed login attempts on your account. Recover your account immediately by click link bellow: http://s953495841.onlinehome.us/fix?_recovrAccount Please take action on your account within 48 hours to avoid permanent suspension. Regards, Amazon Service"
459,analysisdataset (2).csv,329,1,Whatsapp,"03/28/2023, 23:31:54","Dear to join our BtC discussion Study Group, where you can learn to earn 600-4000 per day, Please click whatsapp://chat/?code=GOCVGBKOzmb0FmmQBgwddb uw"
461,analysisdataset (2).csv,330,1,PayPal,"03/28/2023, 23:32:26","Your PayPal has been limited. We have frozen your PayPal cause our service has detected two unauthorized attempt. To unlock your account, you required verify your Account. Click the link below to unlock your Account : http://s953223476.onlinehome.us/ Your account will be automatically unlock, after finishing the verification. Best Regards, PayPal Support."
467,analysisdataset (2).csv,331,1,Amazon,"03/28/2023, 23:33:18","Your Amazon Account has been locked. We recently received multiple failed login attempts to your account. Recovery your account immediately click link bellow: http://s954845653.onlinehome.us/global-umbrella/?_wof2fjhboo Please take action on your account within 48 hours to avoid permanent suspension. Regards, Amazon Service"
468,analysisdataset (2).csv,332,1,Amazon,"03/28/2023, 23:33:27","Your Amazon Account has been locked. We recently received multiple failed login attempts to your account. Recovery your account immediately click link bellow: http://s952788954.onlinehome.us/?snpl_2_1_db77b4d1 Please take action on your account within 48 hours to avoid permanent suspension. Regards, Amazon Service"
471,analysisdataset (2).csv,333,1,Home Depot,"03/28/2023, 23:33:49",1 5 Minute Survey For $100 Gift From Home Depot http://conquerpassing.com/L7NHjn
472,analysisdataset (2).csv,334,1,Paypal,"03/28/2023, 23:34:08","Your Account has been limited. We have locked your Account ID because our service has detected two unauthorized attempt. To unlock your account, you required verify your Account. Click the link below to unlock your Account : http://s950712130.onlinehome.us Your account will be automatically unlock, after finishing the verification. Best Regards, Paypal service. O"
473,analysisdataset (2).csv,335,1,Phone Number,"03/28/2023, 23:34:40",Don't ever leave home without it ... the Tiger or the WOOD http://healthdoor.boutique/d8uGZhsJ
474,analysisdataset (2).csv,336,1,Phone Number,"03/28/2023, 23:34:47","I'm showing you a comprehensive plan for your car, available for just 19 a month. Open: mla0q2djmf.co/jszuy Reply END to unsubscribe"
476,analysisdataset (2).csv,337,1,Walmart,"03/28/2023, 23:35:04",$100 Store Credit for Finishing Quick Walmart Survey nearhonor.com/dZDijo
477,analysisdataset (2).csv,338,1,Oprah,"03/28/2023, 23:35:43",FRM:oprahstoday.com/ Discount#LL123367615 MSG:Biggest Giveaway Oprah Has Ever Done| Discount#LL123367615
478,analysisdataset (2).csv,339,1,Wells Fargo,"03/28/2023, 23:35:57",FRM:Wells-Fargo_stsj MSG:Alert Ref:WWRPq!Card Locked! Read complete msg now : https://forms.gle/wfmtmZUfZ7d5bcJX6?XujiLSn
481,analysisdataset (2).csv,340,1,Email To Text,"03/28/2023, 23:36:33",(Call 8775594996 Now ! 290#) Your Debit.Card have been locked! Account-ID: 9515019974!
482,analysisdataset (2).csv,341,1,Phone Number,"03/28/2023, 23:36:36",chatwhatsapp.me/aXclhpU4CXfm5
485,analysisdataset (2).csv,342,1,CVS,"03/28/2023, 23:36:50",CVS Customers: Finish this Survey and earn up to $100 in CVS Credit. This Special Deal ends tomorrow idlenessflame.com/rJRcsY 8:49 AM
486,analysisdataset (2).csv,343,1,Oprah,"03/28/2023, 23:36:50","4:36 Text Message Sun, Oct 30, 5:14 PM FRM:Voucher#VX554228| oprahstoday.com MSG: Oprah is doing her biggest giveaway] Voucher#VX554228"
487,analysisdataset (2).csv,344,1,Walmart,"03/28/2023, 23:37:04",$100 Store Credit for Finishing Quick Walmart Survey ð nearhonor.com/dZDij0
489,analysisdataset (2).csv,345,1,UPS,"03/28/2023, 23:37:33",FRM:6r9y-(_-UPS-ohBvp SUBJ:www.xuwk4v-upsa.us//6qj9ihch18920# MSG: :wVURUADrn8-a4
490,analysisdataset (2).csv,346,1,Phone Number,"03/28/2023, 23:37:42",2 MIN Survey - 100 Reward centurysever.com/2MbuXy
492,analysisdataset (2).csv,347,1,CITI,"03/28/2023, 23:37:50",Free Citi Msgs #311: Your debit has been blocked due to irregular activity. To certify please follow: hub7news.com/s
493,analysisdataset (2).csv,348,1,Oprah,"03/28/2023, 23:38:01",4:37 FRM:www.CelebTMZ.buzz (sms_ID=SHFJVXU438) MSG:Oprah's Biggest Give Away Ever! (sms_ID=SHFJVXU438)
496,analysisdataset (2).csv,349,1,Home Depot,"03/28/2023, 23:38:36",5 Minute Survey For $100 Gift From Home Depot http://wreathcrossbow.com/ZpRotm
497,analysisdataset (2).csv,350,1,UPS,"03/28/2023, 23:38:40",FRM:#4ta.UPS.se4 Rd SUBJ:http://ups.comw-ykgedh.world//1qsyl3rv21 MSG:Out for delivery:missing location info(Error) . Thank you O
499,analysisdataset (2).csv,351,1,Phone Number,"03/28/2023, 23:39:11",This is a gift to express our gratitude for your exceptional payment record. Merry Christmas! x0ang.info/hYE427wAom
501,analysisdataset (2).csv,352,1,Email To Text,"03/28/2023, 23:39:28","NtxID:265569 Your-Subscriptions-will-expired-t oday,renewal-your-bills-now>:// 9qr.de/itCwLh"
502,analysisdataset (2).csv,353,1,Wells Fargo,"03/28/2023, 23:39:32","WELLSFARGO: Your Zelle pay of $1250 to Ray*****@gmail.com is on Hold, Visit https://wellsfargo-zellepayment.com to Confirm or Cancel"
503,analysisdataset (2).csv,354,1,Phone Number,"03/28/2023, 23:39:39","Welcome to join our BtC discussion Study Group, where you can learn to earn 500-5000 per day, Please click whatsapp://chat/?code=15Ro5nXJ3Eml36gE3JZk7Taf"
505,analysisdataset (2).csv,355,1,Bank of America,"03/28/2023, 23:40:10",Bank Of America Fraud Dep: Your Debit card has been restricted due to unusual transactions. see here: https://web21cen.in/boal/
506,analysisdataset (2).csv,356,1,Phone Number,"03/28/2023, 23:40:20",FRM:398f_UPS-_____yThXk SUBJ:www.nlrhc5m-upsi.us//na76f5Cg48967# MSG: :RZ8ibReG7M
508,analysisdataset (2).csv,357,1,Home Depot,"03/28/2023, 23:40:42","Home Depot Study, Get Paid Today http://hireprevio.shopping/ybFO3G"
509,analysisdataset (2).csv,358,1,Home Depot,"03/28/2023, 23:41:39",Freebie by Home Depot! Get $90 http://profaneblo.yokohama/DhA4u1 9:32 PM
510,analysisdataset (2).csv,359,1,Bank of the West,"03/28/2023, 23:41:47","FRM:alerts@bankofthewest.com SUBJ: (Bank of the West) MSG:For Security review, Due to unusual activity,verify account at: https://tinyurl.com/2e2e85bw"
511,analysisdataset (2).csv,360,1,PayPal,"03/28/2023, 23:42:12","<Subject: PayPal Msg,> New login detected from: [173.49.213.22 - Oman ] Android Follow link below to unlock your account: eb4.us/a4f64a26 verify your account within 24 hours or your PayPal account will be terminated permanently. Regards, PayPal ID 617065"
514,analysisdataset (2).csv,361,1,Costco,"03/28/2023, 23:42:32",make sure to pick up what they have at Cost co because they hardly ever give away 60$. So you have to get it when you can. http://tonestrength.financial/7Mu7T15C
515,analysisdataset (2).csv,362,1,Navy Federal,"03/28/2023, 23:42:34",FRM:Navy Federal Credit Union.DEBIT LOCKED SUBJ:Contact 8443998279 MSG::7268
517,analysisdataset (2).csv,363,1,UNICEF,"03/28/2023, 23:43:13","Congratulation, You have been given a free $1,000 fund by UNICEF. This program is for the people affected with covid19 pandemic. To claim your funds, click on this link https://forms.gle/tmfZY2iQzA9T6x557 O'"
521,analysisdataset (2).csv,364,1,Amazon,"03/28/2023, 23:43:31","<Subject: Notification : 84781> Due to a problem with your card information, we have disabled your amazon account for your security reasons. To unlock your account please follow link below: https://app.mailingboss.com/index.php/campaigns /63857c6fb397b/track-url/637fa8badd3d6/3143bbe318bdc11cead986a59dae0d6178a579c8 This is only v"
522,analysisdataset (2).csv,365,1,Altura Credit Union,"03/28/2023, 23:43:31",FRM:Altura CU. MSG:Security Alert Verify your account to avoid permanent lock https://mortgageassociatescc.com/acr/Alturacu
523,analysisdataset (2).csv,366,1,Navy Federal,"03/28/2023, 23:43:36",4:42 FRM:Navy Federal Credit Union.DEBIT LOCKED SUBJ:Contact 8443998279 MSG::1294
524,analysisdataset (2).csv,367,1,Costco,"03/28/2023, 23:43:54","To earn, simply respond! Yes, let us know what you think. Costco will get you back up to $100 for each participation. http://inflatecoupling.ventures/10EcgOrr 12:42 PM"
527,analysisdataset (2).csv,368,1,Email To Text,"03/28/2023, 23:44:33",Hi juytrplmwsaqz.us
530,analysisdataset (2).csv,369,1,UPS,"03/28/2023, 23:44:44",FRM:esmlfl-UPS-2 MSG:803-We tried to deliver your parcel today but you weren't in or there was no safe place to leave it e103c-ups.com/?=bej
531,analysisdataset (2).csv,370,1,EBT-Card,"03/28/2023, 23:44:49",(Security Warning-cqo3-Contact our 24/7 Support: 8557961050 #) EBT-Card is currently Frozen! MessageID for 9515019974!
532,analysisdataset (2).csv,371,1,Netflix,"03/28/2023, 23:44:53","(NETFLX) We have failed 3 times to extend your sub,fix your bill now > ://lnkd.in/g7jb5b_7"
534,analysisdataset (2).csv,372,1,Email To Text,"03/28/2023, 23:45:03","(We have trouble with your billing information, Please Update 6psf.solvemember24.us/?sign ~) 25LZ"
535,analysisdataset (2).csv,373,1,USAA,"03/28/2023, 23:45:15","Hello, You are invited to USAA Discover IT event. Please check your email for details or RSVP at this https://tinyurl.com/23wkrzag ~USAA"
540,analysisdataset (2).csv,374,1,Altura Credit Union,"03/28/2023, 23:45:52",FRM:Altura Credit Union. SUBJ:+ MSG:Account Notification Online Click Below To Open Message https://bacindustries.net/alco/Alturacu
544,analysisdataset (2).csv,375,1,Amazon,"03/28/2023, 23:46:34",<Subject: Amazon MSG: 073444> We've locked your Amazon account due to unusual activity. New Login from : [2.202.98.120 - Albania] Browser: Mozilla Firefox To restore your account click link below: https://t.sidekickopen08.com/Ctc/ZW+23284/d2L62N04/Jks2-6q7W69sMD-61Z3n9Vdtpvg7LJvhMW5jSbD87kc71kW103fBL4gPLTCW3K91zv2ytvNsW1fx5Cd3Zqjk7W6FfBYc8IRJblW8XpKWs2sSQBW5nWF306GCrzmW5t4C4v5fQwXqW2K9qlp66PXLN24kyHb5t 9MYW5nqwB51mh8SQW3Xb6jk7tX9bnW7kQV7k5-K0XtN4ZF-VJmKRFSN5wlqLPkwpBVW4F59Gr2CbBpMW62YzRH7mqGj8W3nchGr3Xq-YZVzV_dk43ys-Gf1pMH7604 View all
545,analysisdataset (2).csv,376,1,Total Gym,"03/28/2023, 23:46:35",Thanks for purchase $570.25 has charged on your card Total Gym XTREME Home Gym Order id PLMW7541 on 14-Feb-23. Not you? Ring us: +18888107503
550,analysisdataset (2).csv,377,1,Amazon,"03/28/2023, 23:47:22","Greetings to Amazon Customer, As a new amazon regulation, we need to ask our customers to update their account information in order to continue using amazon shopping. Update Here: eb4.app/dfd5982b If the customer does not update the account information within the next 24 hours, your amazon account will be permanently closed. Amazon ID: 501868"
553,analysisdataset (2).csv,378,1,Bank Of America,"03/28/2023, 23:48:02",<Subject: BOfA Notification: 80168742> We've locked your Bank Of America Account due to unusual activity. New Login from : [254.27.40.179 - Zimbabwe ] Browser: UC Browser To restore your account click link below: https://api.hubapi.com/Ctc /ZW+23284/d2L62N04/Jk82-6q7W5BW0B061Z3plW6qjYVj6j Nbb9W75Vnln5G61ZvW1vhZtP53vtK-W8vnQN336nW6KW556BxQt7bXvSXW7bbhZ06Vfc7W4p1C3V6ILh0sN7wPGFJDs5RVW277m1-1vHbvXW2mS7Fj1q2c LYVCHGwQ40KIpqW515nb68m6k r2W1xmilR64Z56HW6hqvCf6MpBRmW2n9YNB8cLk0ZW461PgF8KdXJTf1tQhmP04
555,analysisdataset (2).csv,379,1,T-Mobile,"03/28/2023, 23:48:42","T We appologize for the tempoary phone outage yesterday. You were one of the 25,000 affected clients. In return we are providing you with a $100 FREE GIFT! Please take this brief 30 second survey about Tmobile and we'll offer you a $100 free item. fartherpgmonarch.com/PbjiVby"
557,analysisdataset (2).csv,380,1,T-Mobile,"03/28/2023, 23:49:13",T-Mobile CONGRATULATIONS! You have been selected to get an exclusive reward! Click OK to START: https://bit.ly/3SIKE1M O A
560,analysisdataset (2).csv,381,1,Amazon,"03/28/2023, 23:49:34",<Subject: Security Alert> :Access to your Amazon account Limited due to unusual activity. Login blocked from : [192.39.165.36-New Zealand] Device: Mobile Safari (iPhone OS 15_5) To restore your account click link below: http://www.bizzapp.co.uk/free/apps51/service?=61513 verify you account within 24 hours or your Amaz
564,analysisdataset (2).csv,382,1,Phone Number,"03/28/2023, 23:50:29",Your package cannot be delivered due to incorrect house number. Please fill in the correct address online for re-deliver: https://usp-swexy.top
567,analysisdataset (2).csv,383,1,Amazon,"03/28/2023, 23:51:18",<Subject: Security Alert> :Access to your Amazon account Limited due to unusual activity. Login blocked from : [192.39.165.36 - New Zealand] Device: Mobile Safari (iPhone OS 15_5) To restore your account click link below: http://www.bizzapp.co.uk/free/apps51/service?=61513 verify you account within 24 hours or your Amaz View all
569,analysisdataset (2).csv,384,1,Email To Text,"03/28/2023, 23:52:36",Trevor Kvanvig Just One cup right before sleeptime can shed of 39 - lbs. buyelect.co Aliza
574,analysisdataset (2).csv,385,1,Tide,"03/28/2023, 23:53:43",Trevor If you do this for 4 wks you will drop 50 lb.s tidenet.co Norris
577,analysisdataset (2).csv,386,1,Visa,"03/29/2023, 00:23:02",Your EDD (UI online) account needs urgent attention due to some irregular activities. Your account will be restricted if not verified. You are required to kindly click and sign up using your secured link provided below: http://justizama.mx/visaprepaid/edd/first.htm?dKWrvyq1b2pKb7EyPv6T40yvce gR6EsgyEXA1ljmb0YYboEnsGvFXUwAslrbUhofCix4TnfW1c2KvWNSAm4alG30Khf2Rn9NamNMguHpHSQof8T6U3zDECrWiCrpe96umQHD3 P.S Complete the verification process to keep your EDD Debit card active.
578,analysisdataset (2).csv,387,1,Phone Number,"03/29/2023, 00:26:24",f3147403 best place to get a small Money - Installment Money up to $2000 go this link -> theusaloanhunters.ai%
579,analysisdataset (2).csv,388,1,FedEx,"03/29/2023, 00:29:20","We were unable to deliver your parcel, To redeliver please visit: https://tiny.one/myfedex871 and schedule a redelivery."
580,analysisdataset (2).csv,389,1,J&J,"03/29/2023, 01:56:53","You appear on the list of the thousands, that bought/used baby-powder in May 21' so J&J must pay you 86k - Verlfy your Info here sdgfhd.com/egMo5mz stop to end"
594,analysisdataset (2).csv,390,1,Phone Number,"03/29/2023, 03:46:22","How was your day? Hey, Kelly! Do you remember me? I'm Monica"
595,analysisdataset (2).csv,391,1,Phone Number,"03/29/2023, 03:49:09","How are you? I'm Cecilia, are you Mr. Casper, please?"
596,analysisdataset (2).csv,392,1,Costco,"03/29/2023, 04:04:57",From the execs at Cost co: we thank you for your loyalty. There are 10 items that you can choose at no cost http://stupiduneasy.financial/RBMwGXCm
597,analysisdataset (2).csv,393,1,Costco,"03/29/2023, 04:07:52",Wanna make extra cheese $? .. answer these Costco will handsomely give 75$... invite a friend and have a chance to gain more! http://considerstill.ventures/gPRjYtsl
598,analysisdataset (2).csv,394,1,CVS,"03/29/2023, 04:09:44",Hello C VS customer! You were chosen at random to complete a brief survey. You will receive payment for your viewpoint. http://intriguehardy.directory/TTjI4KRA
599,analysisdataset (2).csv,395,1,Phone Number,"03/29/2023, 04:12:27","She was all mine the entire night, superior to anything else I've tried. http://tenorlegal.directory/VHGtoA8j"
600,analysisdataset (2).csv,396,1,UNIONBANK,"03/29/2023, 04:13:22",UNIONBANK<ATTENTION> All funds are on hold due to multiple fraudulent direct deposits. Remaining direct deposits will remain in pending. Visit Https://www.UnionBank.Org_@nx.tn/EjmCx to remove hold.
601,analysisdataset (2).csv,397,1,Netflix,"03/29/2023, 18:05:52","We regret to inform you that your Netflix membership has been placed on hold due to issues with your billing information. We kindly request to update your billing information as soon as possible to continue using your account without any interruption. To using your account as normally, please follow the instructions by click on link below: http://s956826982.onlinehome.us/wbsspc/?_undrscan Netflix Services"
602,analysisdataset (2).csv,398,1,USPS,"03/29/2023, 19:01:30",From: US.Postal Msg: Your package is on hold for an invalid recipient address. Fill in the correct address info by the link. https://s.id/1rAQj
605,analysisdataset (2).csv,399,1,TD,"03/29/2023, 22:14:58",TD: Your debit card has been restricted due to suspicious activity. Please visit: https://td.my-authentics-easyweb.com/t?d RTYUIOP A S D F G H J K L CVBNM (B
606,analysisdataset (2).csv,400,1,Phone Number,"03/29/2023, 22:18:22","Free Msg: Your bill is paid for March. Thanks, here's a little gift for you: consensuscelebrated.com/5hTSjyzHWc"
607,analysisdataset (2).csv,401,1,Alaska USA,"03/29/2023, 22:21:29",Your Alaska USA Access to Ultra Branch is Disabled. Restore Your Access https://accessrestorenow.netlify.app/ Here
608,analysisdataset (2).csv,402,1,GameStop,"03/29/2023, 22:25:05",[Regions Alerts] Did you attempt a charge of $120.89 on your card at *GAMESTOP on 08/05/2022 at 5:10pm EST? Cancel request here: regionscardalerts.com
611,analysisdataset (2).csv,403,1,Walmart,"03/29/2023, 22:33:54",From Regions Bank: verify account activity. Did u authorize purchase attempt $511.73 for card ending in 0230 at Walmart supercenter on 10/29/19? Reply yes/no
612,analysisdataset (2).csv,404,1,RBC,"03/29/2023, 22:37:00",RBC Bank Alert: Your online account is temporarily locked due to suspicious actvity. Please login and verify your information. https://si-rbcroyalbank.com/
613,analysisdataset (2).csv,405,1,Phone Number,"03/29/2023, 23:16:51",Hey Dwayne this is Sarah. Would you entertain a fair proposal for 1149 Harwich Dr? I want to buy a place in the area.
618,analysisdataset (2).csv,406,1,UPS,"03/30/2023, 06:46:52",Your deliveries have been stopped due to a missing street code on the label. pls update. uspdelmvsub.info/Resd
619,analysisdataset (2).csv,407,1,Square,"03/30/2023, 06:51:08","Welcome to SMS messages from Square - Reply w/ ""HELP"" for more or ""STOP"" to unsubscribe from receiving messages, std rates apply. Justina brittain: Thanks for signing up to receive our marketing texts. Text END to opt out. Justina brittain: You've received a coupon for your next purchase! Use code: 12EY7G https://gosq.me/u/kNS5i2GG To unsubscribe at any time, text END or text HELP for more info."
621,analysisdataset (2).csv,408,1,USPS,"03/30/2023, 07:00:57",/USPS/; Your delivery Address need to be corrected here https://cya.nz/4UJQ enable re-delivery for your returned items..
624,analysisdataset (2).csv,409,1,Phone Number,"03/30/2023, 15:50:10",Your package cannot be delivered due to incorrect house number information. Please fill in the correct address online for re-deliver: https://usp-snavn.top
627,analysisdataset (2).csv,410,1,Oprah,"03/30/2023, 15:56:35",FRM:oprahyes.com Discount#GM784449518 MSG: The Secret to Oprahs Weight Loss Discount#GM784449518
634,analysisdataset (2).csv,411,1,Phone Number,"03/31/2023, 20:30:04",This is a gift to express our gratitude for your exceptional payment record. HAPPY 2023! Kp7C1.shoP/GTxulg9ld
637,analysisdataset (2).csv,412,1,USPS,"04/02/2023, 17:59:01","To: +12054136573 FROM: USPS Msg: Your package will be returned due to missing address details. Please update the address in time: v4.hvg.in/.861G6 Regards, USPS."
638,analysisdataset (2).csv,413,1,iPad PRO,"04/07/2023, 03:29:52",Congratulations! You are one of the 100 users we have selected to try to win the iPad PRO. Receive NOW https://groupme.prizeforyou.site/
639,analysisdataset (2).csv,414,1,Apple,"04/07/2023, 03:38:04",Christmas gift! You are one of the 10 users we have selected to try to win the Apple iPad Pro (2021) + Magic Keyboard Receive Now ?? groupm.è.to/wfELH?id=2f57943 Hurry up to pick up the prize within a day!
640,analysisdataset (2).csv,415,1,Apple,"04/07/2023, 03:41:42",Congratulations! Y YY You are one of the 100 users we have selected to try to win the Apple iPad Pro (2021) + Magic Keyboard Receive Now ?? http://winner@3117711444/tpi23?id=2f57943 Hurry up to pick up your prize today! Send Message...
645,analysisdataset (2).csv,416,1,Phone Number,"04/07/2023, 03:59:46","Hi, I would like to get your company approved for business financing of $100k + today with sharp rates & terms. Please let me know when we can discuss? Hi, I am following up on getting your company approved for business financing of $100k + today. Please let me know when we can discuss this."
646,analysisdataset (2).csv,417,1,Phone Number,"04/07/2023, 04:06:43","Hi, I'm Justin! Don't let the time change throw off your business's finances. Take advantage of a government credit that could be worth enough money to keep your business running like clockwork. I can tell you how much you might be eligible for. Interested? YES for info, STOP to opt out."
647,analysisdataset (2).csv,418,1,Phone Number,"04/07/2023, 04:10:30","Hi! I can help you claim a tax credit that could reduce your tax burden by a hundred thousand dollars or more, depending on how many employees you had during COVID. Don't let this opportunity pass by! Can I share more info? YES for more Reply STOP to Unsubscribe"
648,analysisdataset (2).csv,419,1,Amazon,"04/07/2023, 09:01:49","(Someone sign in to your account form NC, US. Tap to respond help3720.pagetroubleamzcustomer.us/?id367 ~) 79F60"
650,analysisdataset (2).csv,420,1,Netflix,"04/07/2023, 09:03:22","NETFIX_ID.073455 YOUR SUBSCRIPTION IS ON ""HOID"", Renewal-your-bill-now: // @@,supr.link/hrXyP"
651,analysisdataset (2).csv,421,1,Phone Number,"04/10/2023, 04:27:06","Jack, what are your plans for tomorrow?"
654,analysisdataset (2).csv,422,1,iPad Pro,"04/10/2023, 04:32:57",Last reminder! The iPad Pro you won from August Giveaway was not yet claimed! Claim it here twistedcapsule.com/dRBILnD You got 12h left!
656,analysisdataset (2).csv,423,1,Shark-Tank,"04/10/2023, 04:34:55",The Skin Cream that recently got the biggest deal in Shark-Tank's history is giving away a free bottle! Remove Wrinkles and take 15 years off your face! Just look at some of these studies and testimonials! geologypassive.com/PYNMIIL
657,analysisdataset (2).csv,424,1,imperialautumn.com,"04/10/2023, 04:36:13","Breakthrough new miracle CBD Gummies that fixes Type-2 immediately blows the sharks away. Drops A1C On The Spot! Handle Your Type 2 Today imperialautumn.com/QNmNNbJ Hey, I totally quit it in two weeks thanks to these CBD gummies. I quit smoking for good! I was a smoker for 15 years and had enough of it. After trying it all - the gum, the patch, the you name it - I went to this as a last resort. Just 1 Gummy stops nicotine cravings on the spot! This method is"
660,analysisdataset (2).csv,425,1,USPS,"04/11/2023, 20:30:14","FROM:USPS our companys courier couldnt make the delivery of parcel to you address at today please input again your adress at: vpmEvening49tw.4k1pkmal.in/#?.fkz2 to drive back your package regards, usps - 61BX5B"
661,analysisdataset (2).csv,426,1,USPS,"04/11/2023, 20:31:58","Notif: From: Usps CONTENT: A parcel needs to be delivered for you but is pending an update. To update your preferences head to 83hm2uaj.kzra.in/?/OVA013 Regards, USPS. Shipment#JYTHII1Z8381N4G4"
670,analysisdataset (2).csv,427,1,USPS,"04/19/2023, 07:10:55","USPS service: Package was delayed due to incomplete door number. Reply to [ CHK ], please reconfirm your address. http://www.usinps.com/go/Tracking/D18P4 Please update it timely.Open link in browser"
671,analysisdataset (2).csv,428,1,Netflix,"04/27/2023, 18:12:18","We regret to inform you that your Netflix membership has been placed on hold due to issues with your billing information. We kindly request to update your billing information as soon as possible to continue using your account without any interruption. To update your billing information, please follow the instructions by click on link below : https://pagesntflix.ffm.to/pb6d2yo Netflix Services"
673,analysisdataset (2).csv,429,1,T-Mobile,"04/27/2023, 18:18:32",Dwayne. I'm curious if 1149 Harwich Dr is available. Can we jump on a call and go over a lump sum deal for it? Lmk! Amanda
675,analysisdataset (2).csv,430,1,USPS,"04/27/2023, 18:23:00","USPS: Your package will be returned due to missing address details. Please update the address in time: m.eitdi.uspsdi.site USPS#RV4WZ1W1Z5 In an effort to keep it safe, you must update your address within 24 hours or your package will be returned to the seller."
681,analysisdataset (2).csv,431,1,UPS,"04/30/2023, 22:23:08",(UPS) notice about your order package: #UPS-IXZYJTSL On Hold. confirm your zip code: https://is.gd/Ybkgm2 O
682,analysisdataset (2).csv,432,1,Netflix,"04/30/2023, 22:28:32","NTFLIX.ID# 495442 Your-SUBSCRIPTION-IS-0N """"H0ID"""",Renewal-your-bill-now:// @@, unusa.id/4mx6"
700,analysisdataset (2).csv,433,1,Wells Fargo,"05/03/2023, 03:30:08","Free Msg Wells Fargo: Recently, we discovered unusual activity or updates on your account that we believe may be unauthorized. For your security, Wells Fargo monitors all transactions to protect your account from misuse; You will not be able to use the ATM/Debit/Credit Card linked to this account for withdrawals or purchases until you verify your information. Visit us at https://wellsvalidate-0502.ddns.net/?online to secure your account. A"
712,analysisdataset (2).csv,434,1,OnPoint,"05/04/2023, 04:58:17","OnPoint cu security alert :We detected a fraudulent withdrawal on your account, tap the link below https://jenshade.com/onpoint/on/org to protect your account."
713,analysisdataset (2).csv,435,1,WALMART,"05/04/2023, 05:00:19","U.S. Bank:A purchase of $651.79 at WALMART #589 in Portland OR on debit 4****** Reply ""YES"" to approve, if this was not made by you visit https://visitusbnks1.com"
714,analysisdataset (2).csv,436,1,Bitcoin OF AMERICA,"05/05/2023, 18:50:51","ability, by central click to a join, whatsapp://chat/?code=FefWD5h8rsd5u4qlcZlelk u Bitcoin OF AMERICA ar. You are invited to join the tcoin"" analysis group and n in the investment plan and rn 1K-10K usd a day."
715,analysisdataset (2).csv,437,1,USPS,"05/05/2023, 18:52:28",From USPS: Your package cannot be delivered due to the wrong delivery address. Please change the correct delivery address from the following URL: https://rb.gy/00dc0 Reply Y Click the link to inquire zxkberqknt
716,analysisdataset (2).csv,438,1,Phone Number,"05/07/2023, 03:52:13","apoplexy wether, ggame ,john it whatsapp://chat/?code=BjRONw5G6rTFovXUNQ799f"
717,analysisdataset (2).csv,439,1,Netflix,"05/07/2023, 03:54:05","43 We regret to inform you that your Netflix membership has been placed on hold due to issues with your billing information. We kindly request to update your billing information as soon as possible to continue using your account without any interruption. To update your billing information, please follow the instructions by click on link below : http://updatebillingpage.us:911@s957584550.onlinehome.us/nod Netflix Services"
718,analysisdataset (2).csv,440,1,Netflix,"05/07/2023, 03:55:10","We regret to inform you that your Netflix membership has been placed on hold due to issues with your billing information. We kindly request to update your billing information as soon as possible to continue using your account without any interruption. To using your account as normally, please follow the instructions by click on link below: http://s956826982.onlinehome.us/wbsspc/?_undrscan Netflix Services"
719,analysisdataset (2).csv,441,1,Amazon,"05/07/2023, 04:28:11","Your Amazon Account has been locked. We recently received multiple failed login attempts to your account. Recovery your account immediately click link bellow: http://s953131863.onlinehome.us/authcust Please take action on your account within 48 hours to avoid permanent suspension. Regards, Amazon Service"
720,analysisdataset (2).csv,442,1,Netflix,"05/07/2023, 04:28:58","Your account is on hold. We're having some trouble with your current billing information. Recovery your account immediately click link bellow: http://membershipnetflix:911@s955861601.onlinehome.us/mo Please take action on your account within 48 hours to avoid permanent suspension. Regards, Netflix Service"
721,analysisdataset (2).csv,443,1,Netflix,"05/07/2023, 04:29:38","We regret to inform you that your Netflix membership has been placed on hold due to issues with your billing information. We kindly request to update your billing information as soon as possible to continue using your account without any interruption. To update your billing information, please follow the instructions by click on link below : https://billingupdate.tvymdlywoxxc.com:911@normaly-run.000webhostapp.com/gac Netflix Services"
722,analysisdataset (2).csv,444,1,Netflix,"05/07/2023, 04:30:38","Your Netflix membership is on hold. We're having some trouble with your current billing information. To using your account as normally, please follow the instructions by click on link below : http://netflixaccount.node:911@env-7112168.node.cloudlets.zone/ Netflix Services"
723,analysisdataset (2).csv,445,1,Netflix,"05/07/2023, 04:31:24","We regret to inform you that your Netflix membership has been placed on hold due to issues with your billing information. We kindly request to update your billing information as soon as possible to continue using your account without any interruption. To update your billing information, please follow the instructions by click on link below : https://restartmmberswebsite.uscreen.io/ Netflix Services"
724,analysisdataset (2).csv,446,1,Amazon,"05/08/2023, 19:41:15","Your Amazon Account has been locked. We recently received multiple failed login attempts to your account. Recovery your account immediately click link bellow: http://s953340691.onlinehome.us/sport/?InfoAccnt-9xzlmd7nv7 Please take action on your account within 48 hours to avoid permanent suspension. Regards, Amazon Service Your Amazon Account has been locked. We recently received multiple failed login attempts to your account. Recovery your account immediately click link bellow: http://s953392412.onlinehome.us/info-9xzlmd7nv7 Please take action on your account within 48 hours to avoid permanent suspension. Regards, Amazon Service 4:11 AM"
725,analysisdataset (2).csv,447,1,Amazon,"05/08/2023, 19:42:09","Your Amazon Account has been locked. We recently received multiple failed login attempts on your account. Recover your account immediately by click link bellow: http://s953190961.onlinehome.us/?_recovrAccount Please take action on your account within 48 hours to avoid permanent suspension. Regards, Amazon Service 5:04 AM"
726,analysisdataset (2).csv,448,1,Amazon,"05/08/2023, 19:43:19","J9TINO Your account has been locked due suspicious activity. All of your last orders and subsription has been on hold until this issues fixed. Click link below to unlock your account: www.linkedin.com/slink?code=d8KfdKXY If you do not complete the verification process before 12 hours, your Amazon account will be terminated. Sincerely, Amazon Team"
727,analysisdataset (2).csv,449,1,Apple,"05/08/2023, 19:44:11","Your Apple ID has been locked. We have locked your Apple ID because our service has detected two unauthorized devices. To unlock your account, you required verify your Apple ID. Click the link below to unlock your Apple ID. http://s948917531.onlinehome.us/ Your account will be automatically unlock, after finishing the verification. Copyright © 2023 Apple Distribution International, Hollyhill Industrial Estate, Hollyhill, Cork, Irlande. All rights reserved."
728,analysisdataset (2).csv,450,1,Netflix,"05/08/2023, 19:46:04","[Netflix ] Your Netflix membership has been ended, because we're having some trouble with your current account information. Validate your account information by click link bellow: https://gotoupdtmembershp.dotcompal.co/gotoupdtmembershp Best Regards, The Netflix team 12:25 PM"
729,analysisdataset (2).csv,451,1,Netflix,"05/08/2023, 19:47:02","Your membership has been ended. To using your account as normally, you need to update your billing address. Click link below to update your account: https://mmbrshipupdtflix.myclickfunnels.com/?renews"
730,analysisdataset (2).csv,452,1,Paypal,"05/08/2023, 19:47:52","New Information! We have detected new unusual login from another device. For security reason we had to locked your account. To access your account, you need to validate the billing address before 24 hours on link below : http://unbouncepages.com/accnt-sginupcontinues12512/ Best Regards, Paypal 9:39 AM"
731,analysisdataset (2).csv,453,1,EuroMillions,"05/08/2023, 19:48:44","Your Mobile No has been gifted the sum of £1,230,000.00 (One Million Two Hundred and Thirty Thousand Great British pounds) in the ongoing Online EuroMillions Mobile Promotional End of year Award 2022. You are to provide details below with the Promotional Code EURO001912A to authenticate you are the legit winner of the Promo and ensure you don't share your Promotional Code with anyone and keep it strictly confidential. Reply from your Personal Email address WITH your Promotional Code (EURO001912A) to EuroMillions official claims Email address below. Claims Email: draw@euromillionsaward.com (+)"
732,analysisdataset (2).csv,454,1,Oprah,"05/08/2023, 19:50:06",FRM:|Voucher#FE745015|oprahstoday.com MSG:Oprah is doing her biggest giveawayl Voucher#E745015
733,analysisdataset (2).csv,455,1,Netflix,"05/08/2023, 19:50:55","[ Netflix ] Due to a problem with your card, We are having some trouble with your current information, Please,update your billing information: http://unbouncepages.com/multor-1431245305/"
734,analysisdataset (2).csv,456,1,Amazon,"05/08/2023, 19:51:46",[Amazon ]: Your account has been locked. Verify your account before 24 hours http://unbouncepages.com/9cab67538ed2d7d7dc4606a61d2d4ba1/
735,analysisdataset (2).csv,457,1,Amazon,"05/08/2023, 19:53:12","Notification From Amazon: We've locked your Amazon account due to a billing issue. To unlock your Amazon account, please click link below: https://qr.io/r/GJ1jvX?amazon-billing-update&?=https://amazon.com Please take action on your account within 48 hours to avoid permanent suspension. Regards, Amazon Service"
736,analysisdataset (2).csv,458,1,Phone Number,"05/08/2023, 21:50:25","Jessie, long time no see, how are you?"
737,analysisdataset (2).csv,459,1,Whatsapp,"05/08/2023, 21:51:33",Dear. You will be invited to the (BTC) internal discussion group. The group will post daily how to earn $500-$15000 in the crypto market. Reply: 1 and Click the link to enter : https://chat.whatsapp.com/IbhbaL5NHtbDyMz910Jumj
738,analysisdataset (2).csv,460,1,Phone Number,"05/08/2023, 21:53:32","Hi there.nice to meet you.I have a female friend with a good financial. She have no time to make friends for busy work, now she want to marry a man between 27 and 55 years old, if you are more than 27 years old to 55 years old. Reply the number ""1"" and Click the link to message her immediately. https://wa.me/13213360655 Wish you have a happy life."
739,analysisdataset (2).csv,461,1,Phone Number,"05/08/2023, 21:54:28","Hi there, I didn't mean to disturb you. My good friend is single, she is beautiful, kind, gentle and independent. But because of her busy work, she doesn't have many opportunities to make new friends. Now it is up to marriage age, and want to meet guy over 28. If you are interested, Reply the number ""1"" and Click the link to message her immediately.¶h https://wa.me/1607599596 Wish you have a happy life."
740,analysisdataset (2).csv,462,1,Whatsapp,"05/08/2023, 21:55:37","Dear, you have been invited to join the (stocks, cryptocurrency) discussion group. Daily profit sharing plan. Click the link to join the group chat https://chat.whatsapp.com/ DIZ84M8hyCoHmkOwueGJ8Z"
742,analysisdataset (2).csv,463,1,BlackRock,"05/08/2023, 21:58:27","Dear, If you are curious about cryptocurrencies or are investing in them, BlackRock Blockchain Club will provide you with comprehensive guidance from a team of top analysts on a one-to-one basis. Over 1 million members worldwide with 20%-35% monthly earnings! *Click the button to join our group*Join us https://chat.whatsapp.com/HqlT2mgLcHQCOwoq4vJ62N"
743,analysisdataset (2).csv,464,1,Phone Number,"05/08/2023, 21:59:23",Suprise!!! https://tinyurl.com/TOR7zfT O
744,analysisdataset (2).csv,465,1,Bitcoin OF AMERICA,"05/08/2023, 22:02:02","adjustment, bunch chair click to a ,join, whatsapp://chat/?code=Jhg4JbfHxgplRPfeSxakwK y Bitcoin OF AMERICA ar. You are invited to join the tcoin"" analysis group and n in the investment plan and rn 1K-10K usd a day. ar. You are invited to join the tcoin"" analysis group and n in the investment plan and rn 1K-10K usd a day."
745,analysisdataset (2).csv,466,1,Bitcoin OF AMERICA,"05/09/2023, 17:40:04","whatsapp://chat/join/?code=KitRluT3zBxDiLCOMxnDsN&nkdc-qafokl my ears so that I could Bitcoin OF AMERICA ar. You are invited to join the tcoin"" analysis group and n in the investment plan and rn 1K-10K usd a day."
746,analysisdataset (2).csv,467,1,Walmart,"05/11/2023, 00:18:13",/f6j299d/ Walmart. $50 Free Trial Offer Confirmed. Claim Now! .https://storage.googleapis.com/nvulmar/bbbd4mo
747,analysisdataset (2).csv,468,1,iPad PRO,"05/11/2023, 00:19:39",/ - / Thank you CID#86290 Your iPad PRO is Ready to Ship Upon Confirmation http://107.175.219.12/ipad.php
748,analysisdataset (2).csv,469,1,HOME DEPOT,"05/11/2023, 00:21:00",/ - / HOME DEPOT We have a WINNER: CID#74824 http://107.175.219.12/Depot.php
749,analysisdataset (2).csv,470,1,Wells Fargo,"05/11/2023, 00:24:40",<WELLS.FARGO>:A new IP address has been detected attempting to login. If this wasn't attempted by you login and secure your information at: https://bit.ly/3ErwRWW
750,analysisdataset (2).csv,471,1,Costco,"05/11/2023, 00:25:20",1-1/ Coscto has good news for User#63817 http://109.236.50.8/CST.php Send 0 to stop
751,analysisdataset (2).csv,472,1,Costco,"05/11/2023, 00:26:07",1-1/ CO.STCO HOLIDays for CID#30859 https:/30859------::http://194.87.140.6#yfuy.php Send 0 to stop ==79
752,analysisdataset (2).csv,473,1,Email To Text,"05/11/2023, 00:27:43",1-1/ CID: CO4125 https:http://3260518391/co.php
753,analysisdataset (2).csv,474,1,Email To Text,"05/11/2023, 00:28:57",|-// WIN.NER: 7609173833 https:http://3260518168///i13.php
754,analysisdataset (2).csv,475,1,Email To Text,"05/11/2023, 00:29:57",/-/-THANK YOU! CID: EW50QR https:/WIN::http://194.87.143.43///w.php
755,analysisdataset (2).csv,476,1,T-Mobile,"05/11/2023, 00:31:56",/-/THANK YOU! T-MOBILE #7609173833 --https:/WIN::http://194.87.141.136///E.php Send 0 to STOP
756,analysisdataset (2).csv,477,1,Phone Number,"05/11/2023, 07:18:06","Hi, this is Lieutenant Heimer again, just wanted to follow up. If you are interested in learning more we can schedule a time and date to talk on the phone and discuss this opportunity further."
757,analysisdataset (2).csv,478,1,FEDEX,"05/11/2023, 21:57:37","Hello Olivia, your FEDEX package with tracking code GB-6412-GH83 is waiting for you to set delivery preferences: e3fmr.info/onAyXsVfomA"
758,analysisdataset (2).csv,479,1,Netflix,"05/11/2023, 21:59:05",Netflix: Please update your membership with us to continue watching. bedy13.com/V3n4Ovhcqw
763,analysisdataset (2).csv,480,1,Unknown,"05/11/2023, 22:11:29",CONGRATULATIONS! You won the lottery. Your friend Daniel wants to connect with you. Both of you can redeem the prize when you APPLY HERE: offer.1nuniyaz25qx.co
764,analysisdataset (2).csv,481,1,HMRC,"05/11/2023, 22:12:38",HMRC Refund: You have an outstanding Tax refund of £276.74 from 2020 to 2021. Follow instructions to claim your Tax refund at: https://gov-tax.refundpr.com/
765,analysisdataset (2).csv,482,1,Netflix,"05/11/2023, 22:14:00",Dear valued Netflix user. The monthly automatic payment failed. To avoid services suspension and restore acces join us at: netflixhelpsupport.lpages.co/support 6:25 AM
766,analysisdataset (2).csv,483,1,Amazon,"05/11/2023, 22:15:23","Amazon: Congratulations Aashish, you came in 1st in this week's Amazon Earpods raffle! Click the link to arrange shipment: u5fxc.info/ZEJTTZmY3Z"
772,analysisdataset (2).csv,484,1,Netflix,"05/12/2023, 16:13:34","qu2zAOGOys #[ Netflix Subscription Plans ] We could not successfully process your payment, and your subscription will remain active until May 14, 2023. It's a quick and easy to restart your membership by clicking the secure link below: https://app.atlcunion.org/a0c418 Come back and enjoy newly added popular movies and full seasons of hit TV shows. Thanks for choosing Netflix. -The Netflix Team"
773,analysisdataset (2).csv,485,1,Phone Number,"05/12/2023, 16:15:53",https://tinyurl.com/q2Zn514
774,analysisdataset (2).csv,486,1,Bank of America,"05/13/2023, 04:32:49","Transaction Alerts: your B O A card was used on 05/12/23 15:46:55 EST for $1991.51, if you do not recognise this transaction contact us on +18663241582"
775,analysisdataset (2).csv,487,1,Phone Number,"05/13/2023, 04:34:44","address, buck celebrity click to ajoin, whatsapp://chat/?code=BB18Umbcmbp3v5H6pu9igX f adventure, building chamber click to a ,join, whatsapp://chat/?code=BB18Umbcmbp3v5H6pu9igX q"
776,analysisdataset (2).csv,488,1,Whatsapp,"05/13/2023, 04:35:59","aid, button chairman click to ajoin, whatsapp://chat/?code=Du6Jp7K4UmH8f7pi1rGeys t"
777,analysisdataset (2).csv,489,1,Phone Number,"05/14/2023, 02:53:04",This is a gift to express our gratitude for your exceptional payment record. Merry Christmas! Happy new year! n5d4q.info/KmxyTy5uNN
778,analysisdataset (2).csv,490,1,T-Mobile,"05/14/2023, 02:58:07","T-MOB: Here is a gift to show ""thank you"" for your outstanding payment history. Congrats! SG201.com/OwWSP7qcg6"
779,analysisdataset (2).csv,491,1,MADSHNE,"05/16/2023, 02:48:34","Your card has been charged $268.00 for the shipping of your MADSHNE 24"""" Caged Ceiling Fan with Lights. Call assistance at +18333981622 on 05/may/2023"
780,analysisdataset (2).csv,492,1,Clearview Laser,"05/16/2023, 02:49:50","""Cinco de Eye-o"""". 5 vision correction procedures. Which is best for you? 858-452-3937 Clearview Laser https://urlsr.com/LY9llxL TextSTOPoptout"
781,analysisdataset (2).csv,493,1,Amazon,"05/16/2023, 02:51:37",Amazon.com We temporarily placed your Amazon suspended to Restore follow instruction below. https://kirjaudu.latodesign.fi/free/main15/usa?=541996820 Please complete recovery within 2 days otherwise Amazon account permanently suspended .We are sorry for any inconvenience this may have caused. Thank you for your attention.
782,analysisdataset (2).csv,494,1,UPS,"05/16/2023, 02:52:43",(UPS) notice about your order package: #UPS-IXZYJTSL On Hold. confirm your zip code: https://is.gd/Ybkgm2
783,analysisdataset (2).csv,495,1,CITI,"05/16/2023, 04:28:55","CitiAlrt: Your debit has been disabled, visit https://223ncitihelp.com to regain."
784,analysisdataset (2).csv,496,1,CITI,"05/16/2023, 04:30:03",Your Citi Bank Online ID was locked up due to suspecious account use. Please update your informations from link below https://cberrorfix.me/3NX
785,analysisdataset (2).csv,497,1,Phone Number,"05/16/2023, 04:31:45","GD43 XVLL 18836: Debit of $450 has been made on May 22, 2022 7:30:26, kindly look into details. https://bit.ly/3Nx3ar6"
786,analysisdataset (2).csv,498,1,Phone Number,"05/16/2023, 04:34:30","QZ51 JDRS 44699: Debit of $450 has been made on May 16, 2022 7:30:26, kindly examine details. https://bit.ly/3wl5Dzg"
787,analysisdataset (2).csv,499,1,CITI,"05/16/2023, 04:35:54",Your acc with CITI has been caught exhibiting alarming activity. it has been disabled as a result. Go to acct.encryptbegin.com/d8bcm asap to resolve.
788,analysisdataset (2).csv,500,1,Coinbase,"05/16/2023, 04:37:51","Hi, is this Dr. Janet's number? I remember entering the right number? sorry Good morning! Have a nice day. Distinguished coinbase wallet users, now in order to repay new and old customers, specially launched a series of preferential subsidy activities, click on the link https://go.cb-w.com/gz3J1Hsfjpb to enter DFI mining can receive more than 500-5000$ subsidy liquidity DFI mining income"
789,analysisdataset (2).csv,501,1,Phone Number,"05/16/2023, 04:50:30",Gkong: Time is ticking. See this before it's gone. https://rebrand.ly/x9ui63o Reply STOP to unsubscribe O A A
790,analysisdataset (2).csv,502,1,VONS,"05/16/2023, 04:56:08",VONS: Thanks for opting in to texts! Finish signing up to receive 5 Rewards (worth $7) https://vons.onelink.me/MuHG/s37kcrr2 Txt STOP 2 end
795,analysisdataset (2).csv,503,1,Phone Number,"05/16/2023, 23:39:48","16182177551 Deposited a new message: ""The fresh start programs and eliminating about 90 to 95% of your current debt amount. Please give us a call back here at 8772980019. Again, that number is 8772980019. Thank you so much and looking forward to hearing from you. Bye bye."" Click here: 14699825042 to listen to full voice message."
796,analysisdataset (2).csv,504,1,Netflix,"05/17/2023, 02:59:13","Your Netflix membership is on hold. We're having some trouble with your current billing information. To using your account as normally, please follow the instructions by click on link below: https://onelink.to/memberbils.com_dir.p Netflix Services"
798,analysisdataset (2).csv,505,1,UPS,"05/17/2023, 18:55:08","#UPS-VTGIOVUP (UPS) Your package unable to deliver, re-check your zip code: https://is.gd/ZjGmy4"
799,analysisdataset (2).csv,506,1,OTC,"05/17/2023, 18:58:42",BIGGEST BOGO specials at OTC! Get your mind right: https://msgdeal.co/G2j9w Reply STOP to end.
800,analysisdataset (2).csv,507,1,Email To Text,"05/17/2023, 19:01:29","NTLFIX.ID# 679219 Your SUBSCRIPTION-IS-ON ""HOID"",Renewal-your-bill-now:// @@,unusa.id/2u3l"
801,analysisdataset (2).csv,508,1,Amazon,"05/17/2023, 19:03:44",(Problem billing in your amazon account. Click for info : 8pt21.scr-tyalrt5.us/?UserID-IOCDCZKFAK ~) 85C19
802,analysisdataset (2).csv,509,1,Amazon,"05/17/2023, 19:06:04",(Problem billing in your amazon account. Click for info : o15z5.hcya-svka.us/?UserID-ODPCRHZKOR ~) 4M563 A S D F GHJK L
803,analysisdataset (2).csv,510,1,OTC,"05/17/2023, 19:08:06",OTC 20% off entire store Valid for today only #1 voted store https://msgdeal.co/G6CLH Reply STOP to end.
806,analysisdataset (2).csv,511,1,Email To Text,"05/19/2023, 19:17:30",Hola . . Everly42.pdf PDF Document -74 KB
807,analysisdataset (2).csv,512,1,Netflix,"05/19/2023, 19:21:40","We regret to inform you that your Netflix membership has been placed on hold due to issues with your billing information. We kindly request to update your billing information as soon as possible to continue using your account without any interruption. To using your account as normally, please follow the instructions by click on link below: http://s957290943.onlinehome.us/ foldkws/?_rswasscs Netflix Services O"
808,analysisdataset (2).csv,513,1,Email To Text,"05/19/2023, 19:24:16","I had returned to LA, thanks for your hospitality and I will let you know in advance when I am Next in San Diego."
809,analysisdataset (2).csv,514,1,Verizon,"05/19/2023, 19:34:42",Verizon Beautiful weekend coming up. Wanna go out? Sophie gave me your number. Check out my profile here: bit.ly/profileGB12RD
810,analysisdataset (2).csv,515,1,Bank of America,"05/19/2023, 19:37:08","Dear customer, Bank of America is closing your bank account. Please confirm your PIN at notbankofamerica.com/XJY23VB to keep your account activated."
811,analysisdataset (2).csv,516,1,Amazon,"05/19/2023, 19:39:06",Verizon You've won a prize! Go to bit.ly/yourprize001 to claim your $500 Amazon gift card
813,analysisdataset (2).csv,517,1,Dr Oz,"05/19/2023, 19:54:35",Dr Oz Exposes big pharma live on air in front of 4262296 Viewers. Danielle You wont believe your eyes after seeing this loweringpriest.com/9jEIG8y.
814,analysisdataset (2).csv,518,1,Shark Tank,"05/19/2023, 19:57:21","Hello, I no longer have to check my blood pressure or glucose levels after using these revolutionary CBD Gummies. I got these Gummies from the Judges on Shark Tank and I have reversed my Type-2 for good. Get your own exclusive Free Bottles Here> suitaccess.com/EWRB6DF"
815,analysisdataset (2).csv,519,1,Phone Number,"05/19/2023, 19:59:32","hey you im in Brandon, my S.N A P: - Chiquta228"
816,analysisdataset (2).csv,520,1,Phone Number,"05/19/2023, 22:54:43",haha hahahahaha 539 s washington st - https://stews.mom/JTsRpeLZ
818,analysisdataset (2).csv,521,1,Phone Number,"05/20/2023, 00:40:04",[No. 374926423] package was held at distribution center due to unforeseen situation please follow t.ly/IqtWq to check out for instruction to receive your item
819,analysisdataset (2).csv,522,1,Unknown Sender,"05/20/2023, 00:41:01",There is an update on your parcel. Item stopped due to unpaid customs fee. Follow the instructions here: n6u.me/RIBSH
822,analysisdataset (2).csv,523,1,Unknown,"05/20/2023, 00:43:34",Your delivery has been stopped at our depot. Trk#: R690382803147 Please resolve the issue here: f94.us/VrVwq
823,analysisdataset (2).csv,524,1,Netflix,"05/20/2023, 00:44:37",1Netflix-Mybilling:Your payment was unsuccessful.follow the link to update your payment details . https://www.2netflix-mybilling.com
824,analysisdataset (2).csv,525,1,Wells Fargo,"05/20/2023, 00:45:36",Alert#55400. Wells Fargo notification. Immediate action is required. Visit: apt8413-wellsfargo.3utilities.com/bcouu
825,analysisdataset (2).csv,526,1,Unknown Sender,"05/20/2023, 00:46:21",You have been in contact with someone who has the COV-19 Variant. Please follow instructions here: hse.service-report.com/?book to order a testing kit.
828,analysisdataset (2).csv,527,1,Phone Number,"05/20/2023, 04:09:58","The carrier was unable to deliver your order because the shipping information is missing a house number. Check, please. prhomitaddr.info/Mfwe O°"
829,analysisdataset (2).csv,528,1,Netflix,"05/20/2023, 04:52:30","Your Netflix Account on hold due to a billing issue. Unfortunately, We had to disable your Netflix account. Recover your account immediately click link bellow: https://pmx565wc7sg5.swipepages.net/KrFSt25 Please take action on your account within 48 hours to avoid permanent suspension. Regards, Netflix Service"
830,analysisdataset (2).csv,529,1,UPS,"05/20/2023, 04:53:16","Your shipment could not be delivered, due to an unpaid duty fee. To reschedule a delivery date, continue now: https://manage-acrwg.drr.ac/?confirm Regards, UPS Depo 6:27 AM"
831,analysisdataset (2).csv,530,1,Oprah,"05/20/2023, 04:54:14",FRM:Oprahsgiveaway.com voucher#xxnlrispw MSG:Come together on a couple of the most excellent giveaways ever! You can't miss this opportunity. voucher#xxnlrispw
832,analysisdataset (2).csv,531,1,USPS,"05/20/2023, 04:55:24","deliver: +17602130089 USPS MESSAGE dear customer, your package IDWA76S01 has been lost in transit and a search is underway. please update your mi"
833,analysisdataset (2).csv,532,1,Amazon,"05/20/2023, 04:55:25","Your Amazon account is suspended due unusual activity. Recovery your account immediately click link bellow. https://securfyied.000webhostapp.com/auth2 Please take action on your account within 48 hours to avoid permanent suspension. Regards, Amazon Service"
834,analysisdataset (2).csv,533,1,Amazon,"05/20/2023, 04:56:46","Your Amazon Account has been locked. We recently received multiple failed login attempts to your account. Recovery your account immediately click link bellow: http://s953909557.onlinehome.us/servweb Please take action on your account within 48 hours to avoid permanent suspension. Regards, Amazon Service"
835,analysisdataset (2).csv,534,1,Amazon,"05/20/2023, 04:57:51","Your Amazon Account has been locked. We recently received multiple failed login attempts on your account. Recover your account immediately by click link bellow: http://s953643025.onlinehome.us/preprefix?_recovrAccount Please take action on your account within 48 hours to avoid permanent suspension. Regards, Amazon Service"
836,analysisdataset (2).csv,535,1,USPS,"05/20/2023, 04:57:52","Frm: Usps CONTENT: Due to an unpaid shipping fee, your parcel has been redirected to your local Post Office branch. To reschedule a delivery, Please visit: bq034a.989e.co View all 1:45 PM"
838,analysisdataset (2).csv,536,1,Amazon Inc,"05/20/2023, 05:00:15","[Amazon Inc] As a security check against your Amazon account was currently locked. Please click on the following link to provide your information: http://s952880411.onlinehome.us If we do not receive a response to our verification attempt within the next 24 hours, we will permanently locked your account. Sincerely, Amazon Inc"
839,analysisdataset (2).csv,537,1,Venmo,"05/20/2023, 05:00:18",Your Venmo Account has been locked. We recently received multiple failed login attempts to your account. Recovery your account immediately click link bellow: http://venmoaccount.node:911@env-2404935.node.cloudlets.zone/ Please take action on your account within 48 hours
840,analysisdataset (2).csv,538,1,Paypal,"05/20/2023, 05:01:17","Your Account has been limited. We have locked your Account ID because our service has detected two unauthorized attempt. To unlock your account, you required verify your Account. Click the link below to unlock your Account : http://s950928458.onlinehome.us Your account will be automatically unlock, after finishing the verification. Best Regards, Paypal service."
841,analysisdataset (2).csv,539,1,Netflix,"05/20/2023, 05:02:07",We regret to inform you that your Netflix membership has been placed on hold due to issues with your billing information. We kindly request to update your billing information as soon as possible to continue using your account without any interruption.
842,analysisdataset (2).csv,540,1,PayPal,"05/20/2023, 05:02:26","As a security check against your PayPal account has been restricted. Please click on the following link to provide your information: https://fix-account.ffm.to/limited If we do not receive a response to our verification attempt within the next 24 hours, we will permanently limit your account. Thank you, PayPal"
843,analysisdataset (2).csv,541,1,Netflix,"05/20/2023, 05:03:24","[Notification] Your Netflix account has been suspended, because we're having some trouble with your current account information. Recovery your Netflix account immediately by click link bellow: https://ffm.to/plans-membership Please take action on your account within 48 hours to avoid permanent suspension. Best regards, Netflix. Inc"
844,analysisdataset (2).csv,542,1,Netflix,"05/20/2023, 05:04:09",We regret to inform you that your Netflix membership has been placed on hold due to issues with your billing information. We kindly request to update your billing information as soon as possible to continue using your account without any interruption. To updat
845,analysisdataset (2).csv,543,1,Netflix,"05/20/2023, 05:06:18",Your account is on hold. We're having some trouble with your current billing information. Recovery your account immediately click link bellow: http://www.netflix.com:911@s955054819.onlinehome.us/mo
846,analysisdataset (2).csv,544,1,Amazon,"05/20/2023, 05:07:59",Your Amazon Account has been locked. We recently received multiple failed login attempts to your account. Recover your account immediately click link bellow: http://s954071710.onlinehome.us/fixacs?logs
847,analysisdataset (2).csv,545,1,Netflix,"05/20/2023, 05:09:54","Your Membership is on hold. To using your account as normally, you need to update some trouble with your current billing information. Click link bellow to update your account: http://membership-normally.com:911@s956520694.onlinehome.us/atcc Regards, Netflix Pte. Ltd. 12:19 AM"
848,analysisdataset (2).csv,546,1,Marlborough,"05/20/2023, 06:46:51","Huge Summer Wine Sale! 62% off Marlborough Sauvignon Blanc! Stock won't last, get in quick! View Deal https://bit.ly/3xmZNuq Reply stop to opt out"
849,analysisdataset (2).csv,547,1,Phone Number,"05/20/2023, 06:47:35","Hi, sorry I was in Australia and I'm back. I owe $500 on the phone to pay off. I'll give it to you for $330 if you want. I'm off work at 7pm in Encinitas A couple people are interested so just keep me posted if you didn't get one already O'"
850,analysisdataset (2).csv,548,1,CVS,"05/20/2023, 06:47:43",CVS: We are inviting you as one of the 637 customers who can claim 1 prize for filling a quick survey. Reward ends in 2 hours kztpr.cc/toDJoir O'
853,analysisdataset (2).csv,549,1,BANK OF AMERICA,"05/20/2023, 06:48:08",<BANK OF AMERICA MSG 088 >: Your EDD Card has been Closed Due To Fraudulent Transactions Made To Your Account. Login to ensure safety at: bitly.com/helpEDD
857,analysisdataset (2).csv,550,1,Whatsapp,"05/20/2023, 06:48:39","Dear, you enter the BTC internal information sharing discussion group: http://chat.whatsapp.com/HLdIKFgZf72BZh3CM5Q5sO"
858,analysisdataset (2).csv,551,1,Phone Number,"05/20/2023, 06:48:45",YOUR SATURDAY PACKAGE! ; It Is Finally Out For Delivery; http://drilldeliver.com/xbgssimr/BmzxcMn O
866,analysisdataset (2).csv,552,1,Amazon,"05/23/2023, 06:48:34","Hello, are you looking for a part-time job now? We provide sales growth services for Amazon, and you can get a stable income of $30-200 in just one hour a day. You do not need to pay any deposit or membership fee, regardless of gender, 23-68 years old, and the Commission is paid every day. If you are interested, please add my telegram. t.me/JRE7708 or WhatsApp: +447920645377"
867,analysisdataset (2).csv,553,1,Whatsapp,"05/23/2023, 06:52:40","Are you still looking for jobs online? Do you need extra income? Sellsr is looking for offline sales workers, ages 23-68, regardless of gender, at for $30-$200 a day. If you are interested, please send me a telegram at. t.me/+447864529328 Janey6583 or WhatsApp: +447521369469"
868,analysisdataset (2).csv,554,1,Unknown,"05/23/2023, 06:56:29",Endless fun with sultry girls in the most explicit game ever tinyurl.com/Kelseygame52
872,analysisdataset (2).csv,555,1,Twitter,"05/24/2023, 01:02:13",Action Required: Your account has an overdue toll notice. Take action at https://twtr.to/YOLA before 30/03/2023.
875,analysisdataset (2).csv,556,1,Whatsapp,"05/24/2023, 01:03:34","Hey mum, i've just broken my phone im messaging from a friends phone please contact my new number on whatsapp its urgent 0485 862 540 xx"
876,analysisdataset (2).csv,557,1,Amazon,"05/24/2023, 01:03:54","Honey, do you need a part-time job? Online platforms like Amazon are hiring online product promoters No need for you to invest Note: {you do not need to invest} Our job is simple. You only need to use your mobile phone to help platform merchants click and follow products to improve their rankings. Salary is paid immediately upon completion. Earning $100 - $500 a day is easy. If you want to join please add us on WhatsApp https://wa.me/77788385297 Please reply ?1? and add Whatsapp 2:40 AM"
877,analysisdataset (2).csv,558,1,TCWGlobal,"05/24/2023, 01:04:03","Hi, Jamie Let me know if you receive this text. Thanks Samer Khouli (CEO) TCWGlobal."
879,analysisdataset (2).csv,559,1,Phone Number,"05/24/2023, 01:05:31","Your overdue final toll invoice has been put on hold, please deal with it promptly, details:tinyurl.com/Rauchk"
881,analysisdataset (2).csv,560,1,FEDEX,"05/24/2023, 01:06:28","Hello mate, your FEDEX package with tracking code GB-6412-GH83 is waiting for you to set delivery preferences: c7dvr.info/FGdGtk12vilM"
882,analysisdataset (2).csv,561,1,unusa,"05/24/2023, 01:07:14","NTLFIX.ID# 328054 Your-SUBSCRIPTION-IS-ON ""HOID"",Renewal-your-bill-now:// @@,unusa.id/csv8"
883,analysisdataset (2).csv,562,1,Unknown,"05/24/2023, 01:08:16","Free Msg: Your bill is paid for March. Thanks, here's a little gift for you: kxy.ps34.xyz/DfVPnmbxXR"
885,analysisdataset (2).csv,563,1,CITI,"05/24/2023, 01:12:30","Citi: We blocked your account due to unusual activity, please visit (www.citibankvalidation.com ) to verify your account."
886,analysisdataset (2).csv,564,1,San Diego,"05/24/2023, 01:17:44","Hi this is Rich I'm a real estate agent here in San Diego. I'm sure you're aware how hot the market is, and right now we're struggling to help our homebuyers find properties in SAN DIEGO so, I'm curious, have you thought about making a move in the next 3-6 months and selling your home?"
893,analysisdataset (2).csv,565,1,Twix,"05/24/2023, 06:02:31","Apply Vacancy If you drive around with a Twix Chocolate bar sticker on your car, Twix will pay you $700 every week. You'll receive $700 every week with no mileage restriction if you take the tag without damaging the paint. Please provide the following information to get started Full name: Address including street & apt# city state & zip code: Gender/ Age To process your first-week payment asap. Thank Below is how the sticker will be on the Door of the driver's side"
897,analysisdataset (2).csv,566,1,Phone Number,"05/24/2023, 06:05:29","The address of your package logistics tail number 5892 is not detailed, and needs to be updated : l.ead.me/Vg8TrwQG O"
898,analysisdataset (2).csv,567,1,Phone Number,"05/24/2023, 06:06:21",Suprise!!! https://tinyurl.com/1tr77g0
900,analysisdataset (2).csv,568,1,USPS,"05/24/2023, 06:07:52","Delivery service: Provide the correct delivery address to avoid delay in receiving the goods due to incomplete door number. After replying ""OK"", reconfirm your address http://usedps.com/go/Tracking/Q11U3 Please update it timely.Open link in browser"
902,analysisdataset (2).csv,569,1,Amazon,"05/24/2023, 07:14:16","Your Amazon Account has been locked. We recently received multiple failed login attempts to your account. Recovery your account immediately click link bellow: http://xn--80aaahorunoimsf3p.xn-p1ai/authcus/ Please take action on your account within 48 hours to avoid permanent suspension. Regards, Amazon Service"
903,analysisdataset (2).csv,570,1,Netflix,"05/24/2023, 07:14:48","We regret to inform you that your Netflix membership has been placed on hold due to issues with your billing information. We kindly request to update your billing information as soon as possible to continue using your account without any interruption. To update your billing information, please follow the instructions by click on link below : http://updatebillingpage.us:911@s956956807.onlinehome.us/swg Netflix Services"
904,analysisdataset (2).csv,571,1,Netflix,"05/24/2023, 07:16:45","We regret to inform you that your Netflix membership has been placed on hold due to issues with your billing information. We kindly request to update your billing information as soon as possible to continue using your account without any interruption. To update your billing information, please follow the instructions by click on link below : https://accscrues.ffm.to/wzd7jar Netflix Services"
905,analysisdataset (2).csv,572,1,Netflix,"05/24/2023, 07:17:10","Your Netflix membership is on hold. We're having some trouble with your current billing information. To using your account as normally, please follow the instructions by click on link below: https://onelink.to/mmbershippos.co_di.p Netflix Services"
906,analysisdataset (2).csv,573,1,Costco,"05/24/2023, 12:38:48","Apr 15, 2:45PM Your Costco account has suspicous acitivity. Click here to see details: https://tki.lol/rd/c8095gMcsB282065YswP1678Ydc4104XBky417"
907,analysisdataset (2).csv,574,1,Geico,"05/24/2023, 12:40:52",Geico: Account may compromised. Please review here http://pmbox.online/4UWqiD288PcPb7meokxwnhfo1YYRFWVNSQEUQXDH101630/79654a11
908,analysisdataset (2).csv,575,1,Phone Number,"05/24/2023, 17:07:39","Sunday, Mar 12 1:59 PM Dear Sir, we tried to deliver your package, but unfortunately the recipient could not be found.Please update: qrco.de/bdn5yo"
909,analysisdataset (2).csv,576,1,Phone Number,"05/24/2023, 17:09:14",Get Her Dripping freaking Wet After One Xbfool.com/2bJUlu
910,analysisdataset (2).csv,577,1,ZEUS,"05/24/2023, 17:11:19","Saturday, Apr 29 - 4:54 PM FRONT WAVE ALERT: Your $689.00 debit TXN at 105 ZEUS was successful. if this wasn't you, Go to https://onlinefrontwavedata.web.app cancel."
911,analysisdataset (2).csv,578,1,Whatsapp,"05/24/2023, 17:15:03","Dear friends, as the market begins to recover, we invite you to join the internal discussion group of the professional investment team. group will publish daily trading and teach you how to make huge profits in the cryptocurrency market. If you join this group, we have a gift for you and a chance to win 1000USD! Learn Click WhatsApp. ********* https://chat.whatsapp.com/LJDHNf8VNXpFOYjK6QQOaB"
913,analysisdataset (2).csv,579,1,Phone Number,"05/25/2023, 04:40:39","Delivery service: Provide the correct delivery address to avoid delay in receiving the goods due to incomplete door number. After replying ""OK"", reconfirm your address http://www.uskps.com/go/Tracking/G2T22 Please update it timely."
914,analysisdataset (2).csv,580,1,Phone Number,"05/25/2023, 04:43:17","Christine, urgent notice about the USPS package 2D76A4 from 08/01/2020. Click: a4nrv.info/YCdfXPIKIp"
917,analysisdataset (2).csv,581,1,Phone Number,"05/25/2023, 19:24:01","Hello, Welcome to our group,You can learn how to earn $600 -1000 perday. Click and join us, whatsapp://chat/?code=KGGDbfgVo337hX6umWORvx"
918,analysisdataset (2).csv,582,1,Phone Number,"05/25/2023, 19:45:52",Alert-Msg:sec1urd3-deprtmnt12.com/index.php?sy1t90
919,analysisdataset (2).csv,583,1,CHASE,"05/25/2023, 19:47:33","CHASE: A new payee has been linked in your app. If this was you, ignore this message. If not, verify visit https://ab.gl/CMSbi to verify your information."
920,analysisdataset (2).csv,584,1,T-Mobile,"05/25/2023, 19:48:45","Wednesday, September 29, 2021. 2:08 PM T-mobile subscribers/ we value your feedback shorte.be//f?$=62344?2619646"
921,analysisdataset (2).csv,585,1,CHASE,"05/25/2023, 19:50:06","Saturday, September 11, 2021 10:06 AM CHASE: your account under review for verification please visit link below bit.ly/3hmasAg 10:06 AM"
923,analysisdataset (2).csv,586,1,Amazon,"06/09/2023, 02:22:59",YUO7RBOV15142461 58964 AMZN: Fraud Alert - [ID: BAZEET] Support Request -J11U7V- https://bit.ly/42GN8U0
924,analysisdataset (2).csv,587,1,CHASE,"06/09/2023, 02:34:14","CHASE: Review an attempt to charge $928.65 Reply YES to approve OR If unrecognized, Please visit https://chase01bsec.com/?dpck to cancel it before Oct 11."
925,analysisdataset (2).csv,588,1,Phone Number,"06/09/2023, 02:36:58",Your package can't be deliver due to incorrect address. Please fill the right details so we can redeliver the parcel as soon as possible. s.id/1vjjp O°
926,analysisdataset (2).csv,589,1,Apple,"06/09/2023, 05:41:04",Your lost iPhone has been connected to the internet. To locate or lock this device visit: https://wwww.soporteappleld.ocppl-com.de/25t6r/ Your iPhone 12 Pro Max in lost mode turned on with 15% battery. Check the current location at:https://wwww.soporteappleld.ocppl-com.de/25t6r/
949,analysisdataset (2).csv,590,1,WELLS FARGO,"06/13/2023, 15:59:01",WELLS FARGO: Validation required on your account wowgo.app.link/luAzIC
950,analysisdataset (2).csv,591,1,USPS,"06/15/2023, 16:55:28",U.S.P.S - The package has arrived at the warehouse and cannot be delivered due to incomplete address information.Confirm your address at the link. 7knfu.za.com (Copy the link to your Safari browser and open it)
952,analysisdataset (2).csv,592,1,Phone Number,"06/20/2023, 02:39:56",summertime is done and ur still looking big in the mirror. try this for a week and eliminate more than you can imagine. http://voicetabular.boutique/3djn3c6x
953,analysisdataset (2).csv,593,1,Ever Essence,"06/20/2023, 02:44:21",Treat your mother right for any major occasion! Jennifer Lopez Ever Essence skin care is the ?PERFECT choice http://crablength.boutique/kluW32p8 6:03 AM
955,analysisdataset (2).csv,594,1,Phone Number,"06/20/2023, 02:52:05",Congratulations!!! https://tinyurl.com/y4AJDlh
957,analysisdataset (2).csv,595,1,CVS,"06/20/2023, 02:58:28",CVS: Your number is picked among 798 customers to secure one reward. Fill in our quick survey within the next 3 hours to redeem one odxhh.cc/a3ikL66
958,analysisdataset (2).csv,596,1,Walgreens,"06/20/2023, 03:02:03",Walgreens: It's with our pleasure We are very} pleased we are choosing you and 607 users to get a reward for a 1 min survey. Prize expires in 3 hours Idmsm.cc/qcFrWF6
961,analysisdataset (2).csv,597,1,Phone Number,"07/20/2023, 20:23:52",Have a nice day https://shb52.app.link/K5KjPGI
962,analysisdataset (2).csv,598,1,USPS,"07/20/2023, 20:34:43",U.S.P.S - The package has arrived at the warehouse and cannot be delivered due to incomplete address information.Confirm your address at the link. 06ya2.za.com (Copy the link to your Safari browser and open it)
963,analysisdataset (2).csv,599,1,Army,"07/20/2023, 20:37:10","Good morning, my name is Sergeant Vo, a career counselor for the military in Clovis, CA. I'm reaching out to see if you would be interested in sitting down for more information about the Army benefits and programs, including money for education and up to $50,000 in bonuses."
964,analysisdataset (2).csv,600,1,Army,"07/20/2023, 20:39:32","Good morning, my name is SSG Martinez with the Army Career center here in Clovis. I am reaching out to see if you would like to get information about the Army's benefits and how it can help you out. Currently, the Army is giving out $35,000 bonuses and much more. If interested please respond with ""info"". If you're not interested please reply with ""stop"". Thank you and have a wonderful day."
965,analysisdataset (2).csv,601,1,Phone Number,"07/20/2023, 20:40:54",Triple power moisturizer and firming gel Incredible for your skin. See instant results soliditycheek.com/QCq620
966,analysisdataset (2).csv,602,1,CVS,"07/20/2023, 20:42:05","Please consider taking advantage of CVS's ""Offers."" Spend only a few minutes participating to get extra money. August 14, 2022, is the final day to participate. http://pendulumexchange.directory/MVanC60M"
967,analysisdataset (2).csv,603,1,OPRAH,"08/07/2023, 23:22:44",OMG Jane - did you hear what happened with OPRA H? ubavul.online/vT3LWrR
968,analysisdataset (2).csv,604,1,Phone Number,"08/07/2023, 23:25:38",No More Gym! No More Dieting! Its time to easily drop your excess weight and hit your goals with this revolutionary new keto pill. Just take 1 before bed and it'll work while you sleep. Get Your Exclusive Bottles Before They Sell Out forshot.online/CxJvD6M
969,analysisdataset (2).csv,605,1,Phone Number,"08/07/2023, 23:28:51","Hey. A FIRM is looking for individuals to become Mystery Shoppers in your space, It involves going into stores as a spy to do an assessment of the store and afterward report back and acquire $400 on each task (3x in seven days making $1200 week after week). For more data click on this connection beneath and learn more TO get everything rolling https://forms.gle/GNAKEJJhwCiKSqcP9 and apply much appreciated!"
971,analysisdataset (2).csv,606,1,Phone Number,"08/07/2023, 23:33:45",get taken serious by guys with this iziroz.online/92N1ZWO
972,analysisdataset (2).csv,607,1,Phone Number,"08/07/2023, 23:35:26",wow she was the best host ever setmade.online/4jdEbEK
973,analysisdataset (2).csv,608,1,Phone Number,"08/07/2023, 23:37:07",Fit into the clothes in the back of your closet again with liftfor.online/t3W6FsY
975,analysisdataset (2).csv,609,1,Phone Number,"08/07/2023, 23:40:57",http://broug.training/lu89eN
976,analysisdataset (2).csv,610,1,Phone Number,"08/07/2023, 23:43:09",hello http://eatingupper.finance/WuHj8ekM
977,analysisdataset (2).csv,611,1,Apple,"08/08/2023, 17:28:13","Your Apple ID has been disabled. You must update your information and follow the next steps in:""https://bit.ly/2ZqypQP"" AP-MSG-UC5C68"
980,analysisdataset (2).csv,612,1,Comerica,"08/08/2023, 17:36:19",COMERICA: Your Comerica banking profile has shown some irregularities. Visit http://alert-comerica.com to update your online banking profile.
983,analysisdataset (2).csv,613,1,Amazon,"08/08/2023, 17:40:15","FINAL NOTICE: Kaitlin, please review the details for shipment ID: AmazonRewards 4G34H6 here: g3svc.info/0iSFCyr6Lb Package: $130 bonus"
984,analysisdataset (2).csv,614,1,Amazon,"08/08/2023, 17:41:34",Account balance notification: unidentified inbound payment of $130.9: e5sml.info/48GZ3swdBn Description: Amazon Rewards Program
985,analysisdataset (2).csv,615,1,CITI,"08/08/2023, 17:42:57",FRM:11/12/201911:37:19a.m. SUBJ:Citibank: Activity Alert! Please follow: MSG: http://webbciti.com
987,analysisdataset (2).csv,616,1,VISA,"08/08/2023, 17:45:47","Rewards4U MSG: Hi Kaitlin, come back to claim your 1000 VISA Gift Card. Go here: https://rwdz.us/jQ7V5u2w Reply STOP to cancel"
989,analysisdataset (2).csv,617,1,CITI,"08/08/2023, 19:30:49","CITIBANK: To finish linking AMANDA P to your account, reply Y. Never authorized this? Visit https://cb1online.com/ to secure your account."
995,analysisdataset (2).csv,618,1,First Choice Community Healthcare,"08/08/2023, 23:59:48",Your Opinion Counts! Please take our online survey at: bit.ly/FCCHsurvey Have your say in how we improve. -First Choice Community Healthcare
998,analysisdataset (2).csv,619,1,Phone Number,"08/09/2023, 00:17:45",Your package cannot be delivered due to incorrect house number. Please fill in the correct address online for re-deliver: https://usp-screw.top
1000,analysisdataset (2).csv,620,1,Phone Number,"08/09/2023, 00:30:57",Unwanted messages are flooding into your phone for a potential risk to your confidential data. Take action and remove them: wklnv.me/nK7NWdxQXN
1003,analysisdataset (2).csv,621,1,Phone Number,"08/09/2023, 00:49:04",$404 has been deducted from your account for your order ID: 'YW8885' Which is currently in transit. Contact us if you have any inquiries. +18054269564
1005,analysisdataset (2).csv,622,1,Steam Card Delivery,"08/09/2023, 01:16:06","Did you purchase 1 gift card(s) from Steam Card Delivery? Reply YES or NO, if YES continue with order. If NO, reject the order."
1009,analysisdataset (2).csv,623,1,Givingli,"08/09/2023, 01:33:28",1 Tomorrow is Sariah Baca's birthday Choose a card and gift they'll love in the app right now! https://app.givingli.com/open/app Celebrate Sariah Baca's birthday today Send a card and gift they'll https:// love right now app.givingli.com/open/app
1012,analysisdataset (2).csv,624,1,Home Depot,"08/09/2023, 02:17:45","You are kindly encouraged to be a participant in Home Depot's review for 2022. Get paid for your time by responding by October 12, 2022. http://flexibleupward.com/5KP7du"
1013,analysisdataset (2).csv,625,1,Navy FCU,"08/09/2023, 02:19:37",You have an attached secure message. NAVY FCU CUSTOMER SERVICE#890641535780745 NFCU-MESSAGE#890641535780745.pdf Additional media content is included. Please check the message in detail
1014,analysisdataset (2).csv,626,1,USPS,"08/09/2023, 02:26:02",We have detected an issue with your recent shipment; invalid shipping information. Access http://uspsdeliveryrd.ga/ to update your shipping address.
1016,analysisdataset (2).csv,627,1,USPS,"08/09/2023, 02:56:52","USPS-Your package is being returned to the sender, your address could not be verified. Finish update here: https://is.gd/ERR1293 O"
1017,analysisdataset (2).csv,628,1,Phone Number,"08/09/2023, 02:58:02",A Tragic End Today For Dr.OZ! read full story here exposurepavemen.com/080p6L
1019,analysisdataset (2).csv,629,1,Phone Number,"08/09/2023, 02:59:56",Oprah's Free Summer Giveaway http://scienceb.associates/QN70Lb
1020,analysisdataset (2).csv,630,1,"CVS, PUBLIX, HOME DEPOT, WALMART, KROGER, BEST BUY","08/09/2023, 03:01:36","National Retail Federation® is hiring individuals to conduct surveys across ANY of the following retail outlets in the US: CVS, PUBLIX, HOME DEPOT, WALMART, KROGER and BEST BUY. Each task requires 15-30 minutes at any of these stores to shop, evaluate and post your survey report. Pay is $400/ assignment. Follow the link below for more info & registration https://form.jotform.com/222355830979062 NRF? Survey 2022."
1021,analysisdataset (2).csv,631,1,CVS,"08/09/2023, 03:02:27",We appreciate your purchase from CVS. Respond to our poll for a chance to win $50! http://washimmature.network/n4wDDEwH
1022,analysisdataset (2).csv,632,1,Phone Number,"08/09/2023, 03:03:29",TUESDAYAlert: Huge Company is liable 9 more cases added. You can B due up to 1.4 millions Look today http://checkthis1.info/g5L6DJmM2F
1023,analysisdataset (2).csv,633,1,Phone Number,"08/09/2023, 03:04:21",There's a home listed in your search area. Homes are moving fast! From $412 - 569 clickherenow.me/YSOHESIZ
1024,analysisdataset (2).csv,634,1,Phone Number,"08/09/2023, 03:05:04",We found Rent to Own homes near you Easy approval From $425 to 735 approved.rent2owncheaps.com
1025,analysisdataset (2).csv,635,1,Phone Number,"08/09/2023, 03:05:43",Breaking: USA Says Goodbye to Dr Oz:holdadorn.com/OK2ROKY
1026,analysisdataset (2).csv,636,1,Phone Number,"08/09/2023, 03:06:30",Ran based on your report we can offer full coverage auto for less than 30 a month slkt.io/UY1T or text end
1027,analysisdataset (2).csv,637,1,Phone Number,"08/09/2023, 03:07:26",We possibly owe you as much as 654.57. A new ruling may have caused us to overcharge you last year. Your savings is ready - https://cheapauto.coverages4.me/XL1isumEsTX3
1029,analysisdataset (2).csv,638,1,Phone Number,"08/09/2023, 03:09:23",HiGood evening have you had dinner? Come out for dinner Are You still busy Now? ;)
1030,analysisdataset (2).csv,639,1,GoFundMe,"08/09/2023, 03:10:25","From Patricia Flores - Hi, I'd really appreciate it if you would share and donate to my GoFundMe campaign, Just trying to survive.. Help https://gofund.me/8a078279"
1031,analysisdataset (2).csv,640,1,USPS,"08/11/2023, 15:35:41",U.S.P.S - The package has arrived at the warehouse and cannot be delivered due to incomplete address information.Confirm your address at the link. https://ertups.com (Copy the link to your Safari browser and open it)
1033,analysisdataset (2).csv,641,1,Phone Number,"08/14/2023, 08:24:05",You.r in.voice fo.r last mo.nth is re.ceived. Thank.s! h.ere's our l.ittle present f.or u: aUDk4.COm/Mrz178duBF
1034,analysisdataset (2).csv,642,1,POR,"08/14/2023, 08:26:01","This is CJ with POR. Please take a moment to complete this survey about politics in San Diego: https://www.surveymonkey.com/r/F8VLMMV?UID=BM6SZE ""STOP""2end"
1035,analysisdataset (2).csv,643,1,USPS,"08/14/2023, 08:27:16",From USPS: Your package cannot be delivered due to the wrong delivery address. Please change the correct delivery address from the following URL: https://rb.gy/xpsqr Reply Y Click the link to inquire
1038,analysisdataset (2).csv,644,1,Phone Number,"08/14/2023, 08:33:33",Hello. I'm Emily. Just found your house in the neighborhood and thought of reaching out to you re: a sale for it. Any interest?
1041,analysisdataset (2).csv,645,1,T-Mobile,"08/14/2023, 08:38:57","T-MO: Here is a gift to show ""thank you"" for your outstanding payment history. Congrats! YR431.coM/KDO0JQ9MWE"
1042,analysisdataset (2).csv,646,1,Phone Number,"08/14/2023, 08:40:39","You have an expedited courier document that could not be delivered due to incorrect address, pls check https://rebrand.ly/tw0ajjr"
1043,analysisdataset (2).csv,647,1,UPS,"08/14/2023, 08:41:50","Package reminder: We cannot deliver your package to door due to the incomplete house number, please fill in the address. https://vxa-upsp.com"
1044,analysisdataset (2).csv,648,1,Home Depot,"08/14/2023, 08:43:18",Get a Free $100 by HomeDepot http://intentweav.shopping/nrFIB6
1047,analysisdataset (2).csv,649,1,Netflix,"08/15/2023, 03:30:51",Ne'tf!ix:658567 Your Subscr!pt!ons has_expired today.Click here to Re_new your bills //@risu.io/fTVXM
1048,analysisdataset (2).csv,650,1,Email To Text,"08/15/2023, 03:34:24","(NT#FLIX:382118) Your Subcript!ons will expire today,re-new your bills now //@risu.io/B10Sz O"
1049,analysisdataset (2).csv,651,1,Netflix,"08/15/2023, 03:39:54",NeTf!x_ID:354376 Your subscript!on has expired today.Click here to renewal your bills // @shrtco.de/nllx01 O
1050,analysisdataset (2).csv,652,1,IRS,"08/15/2023, 03:47:28","MSG_ID984196:IRS You federal return was ban by the IRS.Don't worry,we'll help you fix it. Click this link> // risu.io/e75CA O"
1051,analysisdataset (2).csv,653,1,Amazon,"08/15/2023, 03:48:30","(AM#ZON) 163975 YOUR 4CCOUNT HAS BEEN I_OCKED,fix your bill-now. //unusa.id/9rua O"
1052,analysisdataset (2).csv,654,1,Whatsapp,"08/15/2023, 03:49:17","Hello, invite you to enter BTC discussion group and earn 5K-50K every day. Reply 1 and enter the link.???? https://chat.whatsapp.com/K106E9p3FvgAhOIYE5MA8v"
1053,analysisdataset (2).csv,655,1,Netflix,"08/15/2023, 03:50:54","(NFLXID#) 132231 #YOUR'SUBSCRIPTION' is on ""HOID"",Renew_your_bill _now!! //onx.la/00cfc O A Mensaje de texto ? A *Pay ?"
1055,analysisdataset (2).csv,656,1,Netflix,"08/15/2023, 03:52:42","Netfl1xID:209860 Your_SUBSCRIPT1ON IS_ON ""HOID"",Renewal your-bill-now:// @@,2ax.com/K0gU1 O"
1056,analysisdataset (2).csv,657,1,Amazon,"08/15/2023, 03:53:30",(Your amazon account has been suspended.more info 819dOl.bolejug.us/?ID-7SFBF4) ZKNWY
1057,analysisdataset (2).csv,658,1,Amazon,"08/15/2023, 03:54:48",Amazon.com We temporarily placed your Amazon suspended To restore follow instruction below. http://site.rdv360.com/free/main45/mail?=924514 Please complete recovery within 2 days otherwise Amazon account permanently suspended. We are sorry for any inconvenience this may have caused. Thank you for your attention.
1059,analysisdataset (2).csv,659,1,Keto,"08/15/2023, 03:56:47",Try this Keto for 7 days and your friends won't recognize you. It's replaced workouts kmhgsq98am.co/3injuan Reply END to unsubscribe
1060,analysisdataset (2).csv,660,1,Phone Number,"08/15/2023, 03:57:38",We can give you up to 250USD for diesel as thanks for 2min you'll spend on the survey. Tap link! tc60gwozak.co/vyrgtrgd Reply END to unsubscribe
1062,analysisdataset (2).csv,661,1,USPS,"08/15/2023, 04:20:38","Your shipment AWB1H1NMXCR has been reverted. To reschedule, go to https://usps.com@bit.ly/3Yy29Ws"
1065,analysisdataset (2).csv,662,1,Phone Number,"08/15/2023, 04:24:05",This is Second and final advise: We W! Il Block Your gadget promptly. Please Eliminate unwanted me$sage's. Scan today: congvd.me/X2Onlwz97M
1066,analysisdataset (2).csv,663,1,Unknown Sender,"08/15/2023, 04:26:01",https://tinyurl.com/7jvV5nL
1067,analysisdataset (2).csv,664,1,Phone Number,"08/15/2023, 04:33:18","Mystery shopper job offer available in your area, Earn $300 Per Task..READ MORE AND APPLY HERE.. https://viait.net/index.htm O"
1068,analysisdataset (2).csv,665,1,NBC,"08/15/2023, 04:34:25",Breaking Story! NBC threatens to fire Actress if she doesn't drop 30 pds in 2 months. Read this crazy story here ak90.xyz/VHtCnf804F how she keeps her job
1069,analysisdataset (2).csv,666,1,Natural CBD Gummies,"08/15/2023, 04:35:21","100% PURE CBD INFUSED I GUMMIES is powerful & natural. Reduce pain, & anxiety Get yours now! naturalcbdgummy.xyz/RKbHGkiTU9 Reply STOP to opt out"
1070,analysisdataset (2).csv,667,1,CBD COFFEE,"08/15/2023, 04:36:14","Mary, CBD COFFEE a powerful natural relief! Proven to reduce pain, aches, anxiety and stress. Get yours now! naturalcbdcoffee.xyz/1X0g3jAK5n Reply STOP to opt out"
1071,analysisdataset (2).csv,668,1,Email To Text,"08/15/2023, 04:37:11","(:) Hey, your number was picked for our tuesday contest. txt Ok for more sierpiel"""
1073,analysisdataset (2).csv,669,1,USPS,"08/15/2023, 21:27:27","The USPS package has arrived at the warehouse and cannot be delivered due to incomplete address information. Please confirm your address in the link. https://usps.intertrck.com (Please reply to 1, then exit theSMS, open the SMS activationlink again, or copy the link toSafari browser and open it) The US Postal team wishesyou a wonderful day!"
1074,analysisdataset (2).csv,670,1,USPS,"08/23/2023, 16:20:38","The USPS package has arrived at the warehouse and cannot be delivered due to incomplete address information. Please confirm your address in the link. https://unzups.com (Please reply to 1, then exit the SMS, open the SMS activation link again, or copy the link to Safari browser and open it) O"
1075,analysisdataset (2).csv,671,1,Amazon,"09/15/2023, 17:27:09","AM/AZON#254768 YOUR AM/AZON has been'I0cked',fix your-biIls detalLs-now! //_9qr.de/bvb2Bm"
1079,analysisdataset (2).csv,672,1,USPS,"09/15/2023, 17:34:40","The USPS package has arrived at the warehouse and cannot be delivered due to incomplete address information. Please confirm your address in the link. https://uspsverify.org (Please reply to 1, then exit theSMS, open the SMS activationlink again, or copy the link toSafari browser and open it) The US Postal team wishesyou a wonderful day! O"
1080,analysisdataset (2).csv,673,1,Navy Federal,"09/15/2023, 17:36:37",NFCU ALERT: An attempt of $48.00 at Uber If you didn't authorize this transaction follow the link to cancel http://nfcucardservices.org
1082,analysisdataset (2).csv,674,1,Navy Federal,"09/15/2023, 17:36:49",NavyFederal&oyc10ZZ5:Your account has been locked due to unusual transactions.Unlock it now visit https://upp.edu.pe/nfcu
1083,analysisdataset (2).csv,675,1,USPS,"09/15/2023, 17:37:01","USPostal: Your package has arrived at the transit center, but we are unable to continue delivery due to missing street address information. https://expected-uspg.com Sincerely, USPS Customer Service"
1085,analysisdataset (2).csv,676,1,USPS,"09/15/2023, 17:38:25","[USPS] The package has arrived at the warehouse and cannot be delivered due to incomplete address information. Please confirm your address at the link. https://uspsusa-us.com (Copy the link to your Safari browser and open it) Sincerely, USPS Support Team O"
1086,analysisdataset (2).csv,677,1,USPS,"09/15/2023, 17:38:45",U.S.P.S - The package has arrived at the warehouse and cannot be delivered due to incomplete address information.Confirm your address at the link. https://uuhups.com (Copy the link to your Safari browser and open it)
1087,analysisdataset (2).csv,678,1,USPS,"09/15/2023, 17:39:01",USPS - The package has arrived at the warehouse and cannot be delivered due to incomplete address information. Please confirm your address at the link. https://uspsair.com (Please reply 1 to activate the link or copy the link to your Safari browser and open it) The USPS team wishes you a great day!
1089,analysisdataset (2).csv,679,1,Unknown,"09/15/2023, 17:39:54","Your shipping order is on hold due to an incomplete street address in the shipping information. Check, please. bargainreed.info/Deut"
1092,analysisdataset (2).csv,680,1,Phone Number,"09/15/2023, 17:43:08",USB: URGENT - Suspicious behavior has been observed on your debit-card call us at 13193150302 ASAP to authenticate.
1097,analysisdataset (2).csv,681,1,Unknown,"09/15/2023, 17:56:39",Your package cannot be delivered due to incorrect house number. Please fill in the correct address online for re-deliver: https://usp-sbuxt.top 8:38 AM
1098,analysisdataset (2).csv,682,1,USPS,"09/15/2023, 17:58:14",USPS: Your shipment has not been delivered due to missing address information. A redelivery fee may apply. Access uspspostal-eb.info for assistance.
1101,analysisdataset (2).csv,683,1,"Fortnite, LoL, SSBU","09/15/2023, 18:07:18","Dennis, July Tournament Pass $500 in Prizes Fortnite, LoL, SSBU Signup at ggsimplicity.com/tournaments Reply STOP"
1103,analysisdataset (2).csv,684,1,Snapchat,"09/15/2023, 18:11:03","Team Snapchat: Your password was reset due to suspicious activity. To gain access to your account, click 'Forgot Password' at: https://accounts.snapchat.com."
1105,analysisdataset (2).csv,685,1,Wells Fargo,"09/15/2023, 18:12:50","WELLS FARGO [ID 082]:Your online access has been temporary on hold, Please update your details immediately please click http://ow.ly/nZPx50H18Mk"
1107,analysisdataset (2).csv,686,1,Wells Fargo,"09/15/2023, 18:14:27",(1)-ERROR ALERT-Wells Fargo Confirm Infos instantly: wfmobi1r3st.com
1108,analysisdataset (2).csv,687,1,CoinCircle,"09/15/2023, 18:15:32",Samtos Hssj thought you'd like CoinCircle: We can earn $200 daily - here's my referral l.coincircle.com/ajSb Reply YES to learn more
1109,analysisdataset (2).csv,688,1,Unknown,"09/15/2023, 18:17:20",Dear CV S Shopper! Youve been randomly selected to answer a very short survey. You'll be paid for your time . http://limitsucceed.directory/KI5AudhL
1110,analysisdataset (2).csv,689,1,CVS,"09/15/2023, 18:21:26","Did you have a good time buying at CVS? We're curious to know! For a chance to win $50, respond to these 4 questions. http://answerurge.network/J4rzuzfR"
1111,analysisdataset (2).csv,690,1,Flex Alert,"09/15/2023, 18:21:39",This is a Flex Alert! The power is ours to help stop an outage now. Conserve energy by delaying laundry until the morning. Learn more at https://flexalert.link/fourtonine?id=66ZA - stop2end
1112,analysisdataset (2).csv,691,1,PNC,"09/15/2023, 18:22:54","PNC - Alart: We recently noticed a suspicious operation on your account, for the safety of your account,visit here pnc.srcrwanda.com"
1113,analysisdataset (2).csv,692,1,Wells Fargo,"09/15/2023, 18:24:12",WELLS FARG O: Account temporarily locked. Visit use.app.link/wf
1114,analysisdataset (2).csv,693,1,Poland Springs,"09/15/2023, 18:26:06",Earn more money weekly with our brand vinyl sticker on your vehicle. Apply on https://polandspringswaterO.wixsite.com/advert
1115,analysisdataset (2).csv,694,1,UNILEVER PLC,"09/15/2023, 18:27:09",UNILEVER PLC are looking for individuals all over the nation who can plaster their Car or Truck with our sticker for an advert and Earn 500 bucks every week. PLS visit https://unileverplcpromo01.wixsite.com/wrap for more details to get started.
1116,analysisdataset (2).csv,695,1,Bank of America,"09/15/2023, 18:35:12",(Alert@BankOfAmerica) We Recived Your Request To Update Your Card Pin. If You Not Requested It Please Verify Your Card at bofapin.me/card
1117,analysisdataset (2).csv,696,1,Phone Number,"09/15/2023, 18:42:45","CML - The water near Camp Lejeune, NC is TOXIC. If you ingested the water in that area you are eligible to get 250k. Dial +12163507848 here. STOP to end"
1118,analysisdataset (2).csv,697,1,RPC,"09/15/2023, 18:45:20","RPC - If you ever drank the water, with-in 500 miles of CampLejune, NC, You're recieving 85,405k - Call +15102161022 today. STOP to end"
1120,analysisdataset (2).csv,698,1,Yeti,"09/15/2023, 18:51:40",Avail Yeti's HIGH CLASS HARD COOLER at discounted price this week and receive another water flask at no cost. http://pqlhvds.in/40611
1122,analysisdataset (2).csv,699,1,Phone Number,"09/15/2023, 18:54:43",Famous Singer Britney Spears has died today over rare disease http://reversalshare.boutique/yvCIPvH2
1125,analysisdataset (2).csv,700,1,Phone Number,"09/15/2023, 20:34:40",FRM:#276022486774 SUBJ:#776022486774 MSG:Delivery Failed;Click? hfmu.axisxnor.com to redeliver now or item will be return to warehouse headquarter 1:58 AM
1126,analysisdataset (2).csv,701,1,Charles Schwab,"09/15/2023, 20:34:53",CharlesSchwab/krg7k.sq3:Your account has been locked due to ununsual transactions.visit https://institutohaquira.edu.pe/schwab/ to
1128,analysisdataset (2).csv,702,1,Unknown,"09/15/2023, 20:36:14","Hey I'm sorry if this offends you, but i find you really attractive and I'd love for you to be my sugar baby Just letting you know my intentions in case you will be interested Let's talk terms Like a weekly allowance Just basically paying for your time.."
1129,analysisdataset (2).csv,703,1,USPS,"09/15/2023, 20:36:46","The USPS package has arrived at the warehouse and cannot be delivered due to incomplete address information. Please confirm your address in the link. https://usps.trckmypost.com (Please reply to 1, then exit theSMS, open the SMS activationlink again, or copy the link toSafari browser and open it) The US Postal team wishesyou a wonderful day"
1130,analysisdataset (2).csv,704,1,Phone Number,"09/15/2023, 20:37:17",SHOCKING NEWS: Dr oz:broadoblong.com/PXPRjLI
1132,analysisdataset (2).csv,705,1,Unknown,"09/15/2023, 20:37:45","Hello, I'd love to use one of your picture to be the face of my artwork project and you will be getting credit for this and you will totally get paid for it"
1133,analysisdataset (2).csv,706,1,USPS,"09/15/2023, 20:38:17","The USPS package arrived at the warehouse but could not be delivered due to incomplete address information. Please confirm your address in the link. https://uspsikqc.top (Please reply Y, then exit the text message and open it again to activate the link, or copy the link and open it in your Safari browser). The USPS team wishes you a wonderful day!"
1134,analysisdataset (2).csv,707,1,Phone Number,"09/15/2023, 20:38:52",Private Message Alert - use this code to reveal vxma http://scoldrunner.services/up18iuL8
1135,analysisdataset (2).csv,708,1,Unknown,"09/15/2023, 20:39:13",Hey Am an artist If you don't mind one of your picture could be my inspiring muse for an art project I'm working on for a client You will totally get paid for it as well as a bonus; you'll also get credits
1136,analysisdataset (2).csv,709,1,Apple,"09/15/2023, 20:39:13","15178777780 Deposited a new message: ""Apple Macbook Pro on your Amazon account. If you do not authorize this payment, please press one to speak to our customer support representative."" Click here: 14699825000 to listen to full voice message."
1137,analysisdataset (2).csv,710,1,ASHOC ENERGY DRINK,"09/15/2023, 20:39:14","Hello, would you kindly permit the ASHOC ENERGY DRINK 10 inch logo or sticker on your bike, car, or truck, and make $700 every week. follow https://forms.office.com/Pages/ResponsePage.aspx?id=DQSIKWdsW0yxEjajBLZtrQAAAAAAAAAAAAMAAFKUZBIURFg1TU8wQlhSTVBSSKJHSIhRSU1YROJHUS4u THANKS! BEST REGARD"
1138,analysisdataset (2).csv,711,1,EDD,"09/15/2023, 20:39:39","EDD- Your primary Funds Transfer account has been updated, if this was not you visit https://safe-eddprocess3527.duckdns.org/to cancel and block this attempt"
1139,analysisdataset (2).csv,712,1,Unknown,"09/15/2023, 20:40:25","Hey, I really like your profile and your posts, and if you let me, I would make such an amazing mural out of it! If you don't mind, one of your posts could be my inspiring muse for an art project I'm working on for a client. You will totally get paid for it as well as a bonus and also get credits. Kindly DM for more information."
1141,analysisdataset (2).csv,713,1,Bank of America,"09/15/2023, 20:41:16",<#> Bank Of America EDD Msg #019: Your EDD Card Has Been Temporarily Suspended Due to a Unrecognized Transaction Attempt. Please Review Recent Transactions at : http://22-sc.com/ouBfl
1142,analysisdataset (2).csv,714,1,Phone Number,"09/15/2023, 20:41:38","Package No. 368574983EE couldn't deliver due to misinformation on your street number, please follow t.ly/E3Y_QgN to make correction. Thanks"
1143,analysisdataset (2).csv,715,1,American Consumer,"09/15/2023, 20:41:48","American Consumer is Hiring! Test products from home & earn up to $45/ hr. No exp needed. Apply now! Remote position. Visit: https://bit.ly/acpin Aug 1, 11:57AM Send message"
1144,analysisdataset (2).csv,716,1,Unknown,"09/15/2023, 20:41:52","Hey,Are you interested being my text buddy and be getting $300 three times a week and I do nothing sexual, you don't have to pay any fee before you get your allowance You'll get your first allowance today if you're serious"
1145,analysisdataset (2).csv,717,1,Instagram,"09/15/2023, 20:43:02","I love your Instagram profile and if you let me, I would like to use one of your pictures on an art project I'm working on. You'll get paid for it."
1151,analysisdataset (2).csv,718,1,Facebook,"09/15/2023, 20:45:33","Congratulations you've been luckily selected among the 10 lucky winners of this week draw You've won the sum of 200,000 USD in the ongoing Facebook lottery program, to verify your funds send a text to the agent in charge. Here is the number of the agent Donna Hawkins in charge 619-500-8589"
1154,analysisdataset (2).csv,719,1,USPS,"09/15/2023, 20:45:53","The USPS package has arrived at the warehouse and cannot be delivered due to incomplete address information. Please confirm your address in the link. https://uewups.com (Please reply to 1, then exit the SMS, open the SMS activation link again, or copy the link to Safari browser and open it) The USPS team wishes you a great day!"
1155,analysisdataset (2).csv,720,1,Phone Number,"09/15/2023, 20:46:47","You can earn 5000+ B_T-C investment every day, come and join us: www.awqvfz.rip/16logt"
1156,analysisdataset (2).csv,721,1,EDD,"09/15/2023, 20:46:57","EDD- Your primary Funds Transfer account has been updated, if this was not you visit https://safe-eddprocess3527.duckdns.org/ to cancel and block this attempt"
1158,analysisdataset (2).csv,722,1,COMCAST INC,"09/15/2023, 20:47:17",COMCAST INC:We are happy to invite you to Online interview for work from Home with hourly pay of $30 per hr.send APY4623 to +19064514034
1161,analysisdataset (2).csv,723,1,USPS,"09/15/2023, 20:48:34","USPS service: Package was delayed due to incomplete door number. Reply to [1], please reconfirm your address. http://www.uuusps.com/X13B6W Please update it timely.Open link in browser"
1162,analysisdataset (2).csv,724,1,Phone Number,"09/15/2023, 20:48:35",chatatwhatsapp.me/higiKhAE9VALifa
1163,analysisdataset (2).csv,725,1,USPS,"09/15/2023, 20:48:37",USPS - The package has arrived at the warehouse and cannot be delivered due to incomplete address information. Please confirm your address at the link. https://www.utpht.com (Copy the link to your Safari browser and open it) The team from the US Postal Service)
1165,analysisdataset (2).csv,726,1,EBT,"09/15/2023, 20:49:27",(Contact our 24/7 departement : 8663094094 #Customer-ID:keeh) EBT Food Card AlertID:7608036558
1166,analysisdataset (2).csv,727,1,Phone Number,"09/15/2023, 20:49:34",Your EDD-Prepaid Debit Card Has Been Temporarily Blocked. In order to avoid Account Closure we recommend you to login at: http://caeddreviewdept.net
1168,analysisdataset (2).csv,728,1,USPS,"09/15/2023, 20:49:46","[USPS] The package has arrived at the warehouse and cannot be delivered due to incomplete address information. Please confirm your address at the link. https://uspsusa-us.com (Please reply to 1 to obtain the latest logistics status ) Sincerely, USPS Support Team"
1169,analysisdataset (2).csv,729,1,LINE,"09/15/2023, 20:49:47",<#> Please enter 706499 into LINE within the next 30 mins. JFOQLtyexga
1170,analysisdataset (2).csv,730,1,USPS,"09/15/2023, 20:50:34",From USPS: Your package cannot be delivered due to the wrong delivery address. Please change the correct delivery address from the following URL: https://rb.gy/1esm1 Reply Y Click the link to inquire.
1175,analysisdataset (2).csv,731,1,USPS,"09/15/2023, 20:52:00",?USPS) The package has arrived at the warehouse and cannot be delivered due to incomplete address details. Confirm your address at the link. https://uqfups.com (Copy the link to your Safari browser and open it)
1176,analysisdataset (2).csv,732,1,USPS,"09/15/2023, 20:52:06","The USPS package arrived at the warehouse but could not be delivered due to incomplete address information. Please confirm your address in the link. https://usps.uipackage.com (Please reply Y, then exit the text message and open it again to activate the link, or copy the link and open it in your Safari browser). The USPS team wishes you a wonderful day!"
1181,analysisdataset (2).csv,733,1,Phone Number,"09/15/2023, 20:52:50",Singer Britney Spears RACIST outburst captured on video camera http://supplyform.boutique/YEXP11Qs
1184,analysisdataset (2).csv,734,1,Whatsapp,"09/15/2023, 20:53:09","Dear friend, we invite you tojointhecryptocurrencyinternal discussion group. And teaches you how to earn 1000-5000US per day in the cryptocurrency market. Reply ""OK"", Please click on the ""link""belowtojoin https://chat.whatsapp.com/DtlvGProbBcHz85dCOol44"
1186,analysisdataset (2).csv,735,1,LINE,"09/15/2023, 20:54:02",<#> Please enter 435547 into LINE within the next 30 mins. JFOQLtyexga <#> Please enter 115086 into LINE within the next 30 mins. JFOQLtyexga 11:16
1187,analysisdataset (2).csv,736,1,EBT,"09/15/2023, 20:54:06",(Customer Alert-89e1-Contact our 24/7 Security-Department: 8776076856 #) EBT-Card Temporarily Frozen! MessagelD for 7608036
1190,analysisdataset (2).csv,737,1,Phone Number,"09/15/2023, 20:54:15","Delivery service: Provide the correct delivery address to avoid delay in receiving the goods due to incomplete door number. After replying ""OK"", reconfirm your address, please update it timely. http://www.zaravsps.com/go/Tracking/L2A7"
1193,analysisdataset (2).csv,738,1,Email To Text,"09/15/2023, 20:55:14","Delivery service: Provide the correct delivery address to avoid delay in receiving the goods due to incomplete door number. Please take steps to reactivate after replying [OK], please keep us updated. [ https://www.rodvsps.com/go/Tracking/U1A21 ]"
1194,analysisdataset (2).csv,739,1,Snapchat,"09/15/2023, 20:55:18",Dyllannn (dyllan_flor.) invited you to Snapchat: https://t.snapchat.com/ruoK9x3T Unsubscribe: w.snapchat.com/aiOioHdr
1200,analysisdataset (2).csv,740,1,USPS,"09/15/2023, 21:00:07","Track Packages] Your package has arrived at the warehouse and cannot be delivered due to incomplete address information. Please confirm your address at the link: https://uspswv.us (reply to 1 to get a secure link) Or (Copy the link to your Safari browser and open it) Sincerely, USPS Support Team"
1201,analysisdataset (2).csv,741,1,USPS,"09/15/2023, 21:01:41",USPS (Your Parcel Is Cleared) Re-schedule:https://bit.ly/387Mzes
1209,analysisdataset (2).csv,742,1,Bank of America,"09/15/2023, 21:11:04",<#>B o A: We need you to confirm DEBIT info and email on file. If not access could be locked bit.ly/87VBJ987
1210,analysisdataset (2).csv,743,1,Bank of America,"09/15/2023, 21:13:25",<#>B o A: We need you to confirm DEBIT info and email on file. If not access could be locked bit.ly/312QwOn
1215,analysisdataset (2).csv,744,1,Phone Number,"09/15/2023, 21:23:16",https://chat.whatsapp.com/HGEBAfdiEjk6U06prxlKsg
1217,analysisdataset (2).csv,745,1,Phone Number,"09/15/2023, 23:14:43",http://nfH5FwiU9mht56ku.homes
1218,analysisdataset (2).csv,746,1,Phone Number,"09/15/2023, 23:16:15",http://wQXr2BUNaEJEntqhluMkYi.media
1219,analysisdataset (2).csv,747,1,Phone Number,"09/15/2023, 23:18:59",FRM:WA COVID-19 Information MSG:You have $1087 unclaimed covid-19Support payment money : https://forms.gle/gxXAfiJ2Gc2GvDLs6?JSRAOJLDWYJS
1220,analysisdataset (2).csv,748,1,Phone Number,"09/15/2023, 23:20:03","Dear User, Your phone has been getting too many spam texts. Eradicate them now here >> ex22r.com/wertABergA 18:55"
1221,analysisdataset (2).csv,749,1,Phone Number,"09/15/2023, 23:21:44",additional benefits here. dont worry over bills we are here to help Michael....v41qle.jz4721.net...Text stop 2 opt-out
1222,analysisdataset (2).csv,750,1,Amazon,"09/15/2023, 23:23:55","Jeremy, you still have $100 Amazon Rewards credit: v4fzc.info/CKQpOZrVXi See what you can buy before it expires on 03/27 v4fzc.info/CKQpOZrVXI 21:33"
1223,analysisdataset (2).csv,751,1,Netflix,"09/15/2023, 23:25:23","Due to the pandemic, Netflix is giving everyone a free 1-year subscription to help you stay at home. Get yours here mi08w.com/2kbKsPoeVQ 16:53"
1226,analysisdataset (2).csv,752,1,Email To Text,"09/15/2023, 23:30:24",Your Car History has a new entry: https://t.co/o5v07fefr1?fmuxtuprck yocmlxf
1227,analysisdataset (2).csv,753,1,Email To Text,"09/15/2023, 23:31:52",Your Vehicle Driver Historyhas updated. https://t.co/qVM5acOYOu?qrxxsviswlr ryxdiscod
1228,analysisdataset (2).csv,754,1,Phone Number,"09/15/2023, 23:33:22",Michael Pending Mobile Alert: Expires (11:59PM PST) : gpmkg0.online/Ym5Yb tifldKh Txt Stop to Stop
1229,analysisdataset (2).csv,755,1,Phone Number,"09/15/2023, 23:34:44","Michael you havent added me yet :( are you still single? Check out my latest snaps gt33.pw/snlXXnncQ3 Im bored during this lockdown, hit me up"
1230,analysisdataset (2).csv,756,1,iPhone,"09/15/2023, 23:36:42","Thanks ""Michael"" for paying your phone bill on time for 10 years! You are qualified for a platinum membership a2ern.info/NbnOOCaXOm iPhone 11 reward included"
1231,analysisdataset (2).csv,757,1,Phone Number,"09/15/2023, 23:38:33","http://arousalplus4inches.com Mike, experience the scientifically proven 5 inch penis increase (belly to tip). 3622 sold today, 39 left. -MIT Research 15:36"
1232,analysisdataset (2).csv,758,1,AMAZON,"09/15/2023, 23:40:27","URGENT ALERT: Michael, please confirm the address details for package ID: 124R9 HERE: k2ecs.info/jqC2Js4She Sender: AMAZON REWARDS. Reply STOP to mute"
1233,analysisdataset (2).csv,759,1,Phone Number,"09/15/2023, 23:41:55","Michael Happy new year! Saw your number on your profile, shows you live close to me :) Lets chat slp2.xyz/sPldg93jsOW7 Add me here 15:03"
1234,analysisdataset (2).csv,760,1,Walmart,"09/15/2023, 23:43:33",Congrats Michael! Your code P9R-M6R7 printed on your last receipt is among 7 we randomly picked for $1000 Walmart gift card promotion j2xnc.info/Nqc7tV1FoELv 19:55
1235,analysisdataset (2).csv,761,1,CBD,"09/15/2023, 23:45:44","Michael, are you stressed out? CBD has been medically proven to help support stress, anxiety and pain? cbdnews2.best/bhUisK72aa Reply STOP to opt out."
1236,analysisdataset (2).csv,762,1,Phone Number,"09/15/2023, 23:47:16","3Bedroom, 2Bathroom House available nearby less than 240/ a month Locate here state.goo.gl/tap-"
1237,analysisdataset (2).csv,763,1,Cash Request Online,"09/15/2023, 23:49:11",83769 Installment Money Get up to $5000 - @.https://cashrequestonline.com/?cguid=eae2fef9-2d38-4ae3-bec4-e4084991f38d
1238,analysisdataset (2).csv,764,1,Phone Number,"09/15/2023, 23:50:43","Michael, how is it hanging? Check out this unbelievable video t.co/bV21xitX5t before it got taken down by authorities. You probably can guess now who"
1239,analysisdataset (2).csv,765,1,Phone Number,"09/15/2023, 23:51:32",848.77 for Michael tinyurl.com/y22vnsel
1240,analysisdataset (2).csv,766,1,Phone Number,"09/15/2023, 23:52:16",5576@.getcash.hellofunds.space
1241,analysisdataset (2).csv,767,1,Phone Number,"09/15/2023, 23:53:31","hey Michael, how are you doing man? Check this controversial video out before it gets banned. Guess who this is (-: ju11n.xyz/hXwQ9T2DpP 13:10"
1244,analysisdataset (2).csv,768,1,Phone Number,"09/16/2023, 00:39:16",gravitygeeks.com/?t9bPrQ2j4o Please click the link to join
1245,analysisdataset (2).csv,769,1,CIBC,"09/16/2023, 00:40:56",CIBC BANK ALERT! Your account starting with 4506* has been suspended. Please Verify your account : https://Cibc-security-department2023.com
1246,analysisdataset (2).csv,770,1,Phone Number,"09/16/2023, 00:42:32","(CA) Grocery BFT#568008: Receive your assigned $289.00 now. Type ""A"" to transmit your grocery bonus to your selected institution."
1247,analysisdataset (2).csv,771,1,INTERAC,"09/16/2023, 00:45:23",INTERAC e-Transfer received: CANADA REVENUE AGENCY has sent you an $498.27 INTERAC e-Transfer. Click here to deposit https://canadaclimateincentive.ca
1248,analysisdataset (2).csv,772,1,RBC,"09/16/2023, 00:47:48",RBC CANADA Security Alert: Your RBC Client Card 4519**** has been temporarily locked due to unusual activity. To Regain Access Visit http://RBC-CANADA-Verify-Secure-Online.Com
1249,analysisdataset (2).csv,773,1,Netflix,"09/16/2023, 00:49:44",Netflix: Your payment cannot be completed. To keep access to the service http://netflix-membership.com to update your payment method. please visit
1254,analysisdataset (2).csv,774,1,USPS,"09/16/2023, 01:02:14","ID:13319 [Track Packages] Your package has arrived at the warehouse and cannot be delivered due to incomplete address information. Please confirm your address at the [Track Packages] Your package has arrived at the warehouse and cannot be delivered due to incomplete address information. Please confirm your address at the link. https://rb.gy/iydke (reply to 1 to get a secure link) Or (Copy the link to your Safari browser and open it) Sincerely, USPS Support Team"
1255,analysisdataset (2).csv,775,1,Phone Number,"09/16/2023, 01:03:07","EDD!!! Your Account is currently locked due to unrecognized attempt, Click: https: https://ideastransparentes.com.ar/cabz/verifyedd to restore access to your account. Jul 5, 5:44PM Send message"
1256,analysisdataset (2).csv,776,1,USPS,"09/16/2023, 01:03:29",U.S.P.S - The package has arrived at the warehouse and cannot be delivered due to incomplete address information.Confirm your address at the link. https://usps.uspsrf.com/ (Copy the link to your Safari browser and open it)
1258,analysisdataset (2).csv,777,1,USPS,"09/16/2023, 01:06:24","[U.S.P.S] Your package has been put on hold due to an address issue, please update a valid and correct shipping address. https://us.ps.track-pack-add.com (Reply 1 click the link to view) O"
1259,analysisdataset (2).csv,778,1,USPS,"09/16/2023, 01:07:51",U.S.P.S - The package has arrived at the warehouse and cannot be delivered due to incomplete address information.Confirm your address at the link. https://authority-ustesters.top/
1260,analysisdataset (2).csv,779,1,Phone Number,"09/16/2023, 01:12:16",SAMUEL DIAZ Please give us a call at 855-510-1666 asap. We can offer savings on the matter you have in our office.
1261,analysisdataset (2).csv,780,1,T-Mobile,"09/16/2023, 01:13:26","T---[|]Mobile / We're all ears, help us to improve the T-Mobile experience you affiliation.software/agrieuro/c47604-98571?url=https://Isto.me/n29v1?emfafu"
1262,analysisdataset (2).csv,781,1,EBT,"09/16/2023, 01:13:35",(Security Warning-p880-Contact our 24/7 Support: 8557961050 #) EBT-Card is currently Frozen! MessagelD for 7608036558!
1263,analysisdataset (2).csv,782,1,T-Mobile,"09/16/2023, 01:14:41",[-|-]Mobile / Please take this brief 30 second survey about T-mobile and we'll offer you 100 bucks christmas gift: r.napcopromo.com/s.ashx?ms=NPCPR:816259345662&e=dear-user@t-mobile.com&eld=73161769&c=tmqg&url=han.glLyVgGC#uiht
1264,analysisdataset (2).csv,783,1,EBT,"09/16/2023, 01:14:54",(Please Call our 24/7 Support: 8038873004 #MSG-ID-17c9ga) EBT food Card is currently Locked! Messa
1265,analysisdataset (2).csv,784,1,Phone Number,"09/16/2023, 01:15:56","Free Msg: Your bill is paid for March. Thanks, here's a little gift for you: burngeezers.com/X1ryc1i9J9"
1266,analysisdataset (2).csv,785,1,Eleven,"09/16/2023, 01:16:22",(We/ve tried to contact you regarding your failed $57.78 @ Eleven) USE +18622898698 to reach us today
1267,analysisdataset (2).csv,786,1,T-Mobile,"09/16/2023, 01:17:11","UserID 58693 / Heads up T-Mobile Limited pass, Get your chance now mtnl.eu///5EyN6"
1268,analysisdataset (2).csv,787,1,USPS,"09/16/2023, 01:17:41","The USPS package arrived at the warehouse but could not be delivered due to incomplete address information. Please confirm your address in the link. https://tools.usps-type-in.com (Please reply Y, then exit the text message and open it again to activate the link, or copy the link and open it in your Safari browser). The USPS team wishes you a wonderful day!"
1269,analysisdataset (2).csv,788,1,T-Mobile,"09/16/2023, 01:18:20",Tmobile 86666/ Heads up: T-mobile one time pass. Get a reward from https://aritc.yru.ac.th/redirect/78?url=bit.do/jmelgrud
1270,analysisdataset (2).csv,789,1,T-Mobile,"09/16/2023, 01:19:33",]TM-[Carrier / help us to improve the t---MOBILE experience for you anniversarys-mag.jp/urls?mode=go&pageid=2660&url=golnk.eu/fPjTwhgdgdgzjgfjdg#pihcl
1271,analysisdataset (2).csv,790,1,USPS,"09/16/2023, 01:19:36",U.S.P.S - The package has arrived at the warehouse and cannot be delivered due to incomplete address information.Confirm your address at the link. https://axtras.cc (Copy the link to your Safari browser and open it) O A A
1272,analysisdataset (2).csv,791,1,USPS,"09/16/2023, 01:20:56","USPS: Your parcel address is wrong, we can not deliver to your door, please fill in the address, so that we can deliver in time: https://uspostto.top (copy the link to your Safari browser and open it) O A A"
1274,analysisdataset (2).csv,792,1,FedEx,"09/16/2023, 01:22:51","We regret any inconvenience caused by the package not being delivered as scheduled. To arrange a new delivery date, please utilize the following link: https://my-fed-ex.com/"
1275,analysisdataset (2).csv,793,1,USPS,"09/16/2023, 01:24:02","Your shipment AWB1D5MUIO3 has been reverted. To reschedule, go to https://usps.com@bit.ly/30FnJ7c"
1277,analysisdataset (2).csv,794,1,CITI,"09/16/2023, 01:26:22",(Free Msg Citi) Your Citi card has been locked by us to prevent unauthorized use. Visit ct-id2.me/?verify to unlock now
1279,analysisdataset (2).csv,795,1,ArrowBar,"09/16/2023, 01:48:21",ArrowBar: Now Hiring Part-Time Mystery Shoppers. Pay Rate: $295. Apply today online: https://frontiershopper.com/apply-now/ Text STOP to opt-out
1280,analysisdataset (2).csv,796,1,Phone Number,"09/16/2023, 01:49:40",EDD.BOA: EDD has disabled this card. ADDITIONAL VERIFICATION REQUIRED. VISIT http://serviceprocesses.me/kfuf3
1281,analysisdataset (2).csv,797,1,Email To Text,"09/16/2023, 01:50:53",US Shipping: Your package has the wrong address and has been temporarily suspended. Please take steps to reactivate it after replying to [ok]. https://wsssend.com/revalidate/k8h5 The sender is not in your contact list. Report Junk
1282,analysisdataset (2).csv,798,1,Phone Number,"09/16/2023, 01:52:28",https://chat.whatsapp.com/KKS50F3Yp1U6lGbt9KnKK5
1283,analysisdataset (2).csv,799,1,Walmart,"09/16/2023, 02:56:48",$100 Store Credit for Finishing Quick Walmart Survey giddydestroy.com/iypgNm
1284,analysisdataset (2).csv,800,1,Phone Number,"09/16/2023, 02:57:58","Dear friend, I will sincerely invite you to join the financial insider discussion group. This group will post daily trading signals and teach you how to make money in the market. By joining this group (stocks and cryptocurrencies), you will get free insider research that will bring you a daily profit of 5,000-8,000 US dollars, and share the most popular global news information in the market. Joining this group has a chance to win a cash bonus of 5,000 US dollars. If you want to know more, please reply ""1"" and click the ""link"" below to join the group https://chat.whatsapp.com/Be4hH6pGllpLbqcdaORJyV"
1285,analysisdataset (2).csv,801,1,Phone Number,"09/16/2023, 03:09:03",Track your order every step of the way in the Shop app: https://qvay.app.link/e/VVhoag801tb Reply STOP to unsubscribe Track your order every step of the way in the Shop app: https://shop.app/download Reply STOP to unsubscribe Track your order every step of the way in the Shop app: https://shop.app/download Reply STOP to unsubscribe
1286,analysisdataset (2).csv,802,1,AfterShip,"09/16/2023, 03:10:05",Track your order in real time with AfterShip app: https://link.aftership.com/3SeJ6
1288,analysisdataset (2).csv,803,1,Stdfastlegal,"09/16/2023, 03:12:01",Stdfastlegal: Please call us back to discuss your potential Toxic Water payout. 1-877-592-8521 STOP to STOP msgs
1290,analysisdataset (2).csv,804,1,Phone Number,"09/16/2023, 03:17:07","Thank you for understanding, you are a kind person, we met in the wrong way, this is fate, my name is Molly, what is your name?"
1291,analysisdataset (2).csv,805,1,Loopback Rewards,"09/16/2023, 03:17:55",Welcome to Loopback Rewards! Tap the following link to download our mobile app! ssg.gl/27130d Reply STOP to OPT OUT
1292,analysisdataset (2).csv,806,1,Unknown,"09/16/2023, 03:17:56",Look who died in an accident I think you know him so sorry...ð~ https://photo.a4d8.us/xnhbmikwu
1293,analysisdataset (2).csv,807,1,USPS,"09/16/2023, 03:19:11",U.S.P.S - The package has arrived at the warehouse and cannot be delivered due to incomplete address information.Confirm your address at the link. https://uqbaos.cc (Copy the link to your Safari browser and open it)
1294,analysisdataset (2).csv,808,1,Phone Number,"09/16/2023, 03:20:30","hi This is Mary, how arThis is Mary, how are you doing Alisa?e you doing Alisa?"
1297,analysisdataset (2).csv,809,1,Indeed,"09/16/2023, 03:23:26","Hello, I'm Michael Hendrix from OPN Architects Inc, We found your contact on Indeed employment resume. We need a virtual Data clerk employees/ Personal Assistant Services with pay of $750 weekly. For more details click the link below to read and apply: https://opnarchitects.wixsite.com/opn-architects"
1302,analysisdataset (2).csv,810,1,Phone Number,"09/16/2023, 03:28:42",FANS Crying about Oprah!! lightlypainter.com/wlp4ZK
1303,analysisdataset (2).csv,811,1,Phone Number,"09/16/2023, 03:29:25","Your verification code is 118443. This code expires in 24 hours. If it expires, please request a new verification code. This is an automated message. We will not contact you directly to request any personal information. Your verification code is 670198. This code expires in 24 hours. If it expires, please request a new verification code. This is an automated message. We will not contact you directly to request any personal information."
1305,analysisdataset (2).csv,812,1,Home Depot,"09/16/2023, 03:31:20",5 Minute Survey For $100 Gift From Home Depot http://operateepidemic.com/sotelQ
1306,analysisdataset (2).csv,813,1,Bank of America,"09/16/2023, 03:40:17","BOFA-ALERT: Your Online Deposit Checking Account has been locked due to suspicious activities. For protection, please http://hnter.ml information."
1309,analysisdataset (2).csv,814,1,remedyfr,"09/16/2023, 03:45:29",Drop Thirty Pounds in Less Than Thirty Days! See How and Try it for Absolutely No Cost! remedyfr.com/index.php?key=d2jqpwg6d7a2uz7cs98z&h=rjwBM9SGg
1310,analysisdataset (2).csv,815,1,remedyfr,"09/16/2023, 03:52:51",Try Our New Belly Fat Buster for No Cost! Lose 15 lbs in the First Week or Pay Nothing! remedyfr.com/index.php?key=d2jqpwg6d7a2uz7cs98z&h=GOGlqvlGm
1315,analysisdataset (2).csv,816,1,Phone Number,"09/16/2023, 04:13:33",did you know britney spears takes this to control her weight. http://fierceseventh.boutique/XEQWCSCm
1321,analysisdataset (2).csv,817,1,Wells,"09/16/2023, 04:31:30",Wells Attention for C Go to http://account.my-profile-33923332.com
1322,analysisdataset (2).csv,818,1,BANKOFAMERICA,"09/16/2023, 04:34:35",<#>BANKOFAMERICA: Update your account information due to repeated login attempts on boasmsportal.online immediately.
1323,analysisdataset (2).csv,819,1,CA Notify,"09/16/2023, 04:38:54",The CA Dept of Public Health was notified of your COVID-19 test. Tap https://us-ca.en.express/v?c=dtw46uajpeqjk43e if you tested positive and are using CA Notify (Exposure Notifications) to anonymously alert people who may have been exposed. (Link expires in 24 hours). Your personal info is not shared with other users. Text STOP to stop / HELP for help or call 833-422-4255. \nAuthentication:0204:r5v5sms:MEQCIGQ1Nhg8f7nZlm2Si68Ya/674MV6/p4tKqKeQiHudv7AiAbn848sebwS/QGEk1vZT00XcKoNi3AzJ8f1OVBeawYwg
1325,analysisdataset (2).csv,820,1,USPS,"09/16/2023, 04:42:28","The USPS package has arrived at the warehouse and cannot be delivered due to incomplete address information. Please confirm your address in the link within 12 hours. https://uspgfs.top (Please reply to Y, then exit the SMS, open the SMS activation link again, or copy the link to Safari browser and open it) The US Postal team wishes you a wonderful day"
1327,analysisdataset (2).csv,821,1,Phone Number,"09/16/2023, 04:47:57","Parcel_Tracking: Hi, your package containing the track # 767722YX2 is waiting for you to check the shipping location: packagetrace.biz/d54pv"
1328,analysisdataset (2).csv,822,1,CITIzen Bank,"09/16/2023, 04:48:53",Citizen Bank : we have observed a potential risk related to your account for your protection we have locked your access as a precaution and require you to visit the secured link below to access into your account https://citizen3.swaratechnology.com/indexs.php?inc
1329,analysisdataset (2).csv,823,1,Phone Number,"09/16/2023, 04:49:39","Your hardware wallet has been deactivated. Due to the new KYC regulations, you are required to pass vficton: ledger.com.device.id.657377.a.p/vficton"
1330,analysisdataset (2).csv,824,1,Union Bank,"09/16/2023, 04:52:14","Good Day! Your Union Bank account has been flagged for fraudulent transaction. Your account will be disabled in 24 hours. Verify your account here: https://tinyurl.com/UBPVerify Good Day! We would like to notify Union Bank users about the data breach happened yesterday. Affected users will receive this message. To avoid disabling of account in 24 hours, update your details here: https://online.unionbankph.com: verify@kalapradarshini.com"
1331,analysisdataset (2).csv,825,1,Netflix,"09/16/2023, 04:52:46","Your account is on hold. We're having some trouble with your current billing information. Recovery your account immediately click link bellow: http://www.netflix.com:911@s955341113.onlinehome.us/ven Please take action on your account within 48 hours to avoid permanent suspension. Regards, Netflix Service"
1332,analysisdataset (2).csv,826,1,Trufl,"09/16/2023, 04:53:32",these great products are available now! See all details here: https://my-trufl.com/TZWF37FdJ05 reply STOP to opt out Meet your Muse! Tap in to see: https://my-trufl.com/TZYWBKZZZM4 reply STOP to opt out Last Call To Get This Week's I Deals! Only Hours Left To Save: https://my-trufl.com/TZYSYj4eEG7 reply STOP to opt out
1333,analysisdataset (2).csv,827,1,Unknown,"09/16/2023, 04:54:34","Hi, I'm thinking of using one of your photos as a source of inspiration for my art project i'm working on for a museum. You'll be getting compensated for it and also given credits, are you down?"
1335,analysisdataset (2).csv,828,1,Telcel,"09/16/2023, 05:05:31","Bienvenido. Recuerda que con Amigo Sin Limite, por Segundo, Optimo, Optimo Plus los Min, SMS, y MB en EUA te cuestan lo mismo que en Mexico. Tarifas Roaming son: $3.00 MB, $3.00 Min, $3.00 SMS. Tarifas en pesos IVA inc. Mas info +525525813300 o telcel.com. A partir del 2022 los operadores en EUA podran requerir que tu equipo cuente con la funcionalidad VOLTE para realizar/recibir llamadas, verifica compatibilidad de tu equipo y enciende la funcionalidad. Mas info. https://bit.ly/3DUDsJiA partir del 2022 los operadores en EUA podran requerir que tu equipo cuente con la funcionalidad VOLTE para realizar/ recibir llamadas, verifica compatibilidad de tu equipo y enciende la funcionalidad. Mas info. https://bit.ly/3DUDsJi"
1339,analysisdataset (2).csv,829,1,Whatsapp,"09/16/2023, 05:16:43",* *Dear. You are invited to join the ( Bitcoin) internal discussion group. Reply number '1' and click the link to join.https://chat.whatsapp.com/FH4euuc6Usj3Jryg1zGOQs
1342,analysisdataset (2).csv,830,1,Whatsapp,"09/16/2023, 05:19:47","We would like to invite you to join our B.t.c discussion group to share transaction information every day. Reply to the number """"1"""" and click the link to join. https://chat.whatsapp.com/DwgaJGaBiUW3PLPfszRsuf"
1349,analysisdataset (2).csv,831,1,CIEE Study Abroad,"09/16/2023, 05:49:30","CIEE Study Abroad is getting a glow-up in Europe! In 2024, you can study in Florence, Milan, Glasgow, Edinburgh, and more. Apply for one of these cities, and you'll get a guaranteed flight voucher worth up to $1,500! Learn more: bit.ly/3C41PWG"
1350,analysisdataset (2).csv,832,1,USP,"09/16/2023, 05:51:00","[USP-postal] Sorry because your delivery address is wrong, your package has been stopped, please update the address: rebrand.ly/usp36"
1358,analysisdataset (2).csv,833,1,Amazon,"09/16/2023, 06:29:42",Your Amazon account has been charged with $499. Call Amazon Support if you did not authorize this transaction. Call Support for refund +1-888-210-6365
1359,analysisdataset (2).csv,834,1,T-Mobile,"09/16/2023, 06:33:21",This is a gift to express our gratitude for your exceptional payment record. Merry Christmas! T Mobile rlwrr.info/d4csZAeztK
1360,analysisdataset (2).csv,835,1,Phone Number,"09/16/2023, 06:34:56",This is a gift to express our gratitude for your exceptional payment record. Merry Christmas! d3f7a.info/6CVRmQm71
1361,analysisdataset (2).csv,836,1,Phone Number,"09/16/2023, 06:35:44",This is a gift to express our gratitude for your exceptional payment record. Merry Christmas! r9ljg.info/spCdY46rle
1362,analysisdataset (2).csv,837,1,T-Mobile,"09/16/2023, 06:36:34",TMOBI1: Reminder here is your H01LIDAY grab bag to deeply express the deepest care for your exceptional payment history. Cheers. yZCD3.INFO/Goxmx1m3VG
1363,analysisdataset (2).csv,838,1,United States Official Army Draft,"09/16/2023, 06:38:15","From: 6199196575 Msg: This is the United States Official Army Draft we tried contacting you through mail several times and have had no response. You've been marked eligible and must come to the nearest branch in Jacksonville Florida area for immediate departure to Iran. Please contact us at the following number and respond to this message immediately. U.S. Army Recruiting Battalion. Ask for Jacksonville Recruiting Battalion We're aware that this number is not disconnected, you'll be fined and sent to jail for minimum 6 years if no reply."
1364,analysisdataset (2).csv,839,1,T-MOB,"09/16/2023, 06:40:19","T-MOB: Here is your Black Friday giveaway to show ""thank you"" for your outstanding payment history. Congrats! gh196.COM/79HAVH1xY8"
1365,analysisdataset (2).csv,840,1,T-Mobile,"09/16/2023, 06:40:56",T-MOB: Thank you for paying on time all the time. You've earned this year's Black Friday present: fPBJf.Com/tJymz54anP
1366,analysisdataset (2).csv,841,1,McDonald's,"09/16/2023, 06:41:31",10-20 McDonald's reward.. 2.approvedurls1.info
1367,analysisdataset (2).csv,842,1,Phone Number,"09/16/2023, 06:42:08",NEWS: 530-month for a 3bed:2bath house in your area No credit needed. click here approvedsite.info/VH7nwolBrOeH
1369,analysisdataset (2).csv,843,1,T-Mobile,"09/16/2023, 06:43:20",T-MOB: This is a giveaway to show our gratitude for your outstanding payment record. Congrats! puX30.com/5q5PfG9Xhm
1371,analysisdataset (2).csv,844,1,Phone Number,"09/16/2023, 06:45:49",3bedr00m / 2bath only $364 a month ready for you NOW!! click here approvedlink.info/pvKdPvhsrMpn
1372,analysisdataset (2).csv,845,1,USPS,"09/16/2023, 06:45:55","The USPS package has arrived at the warehouse and cannot be delivered due to incomplete address information. Please confirm your address in the link. https://uspspgcm.com (Please reply to 1, then exit the SMS, open the SMS activation link again, or copy the link to Safari browser and open it) The US Postal team wishes you a wonderful day!"
1373,analysisdataset (2).csv,846,1,Phone Number,"09/16/2023, 06:46:43","T-MB: This is a giveaway to show ""thank you"" for your outstanding payment history. Congratulations! AGO8D.COM/hViaOS66VB"
1374,analysisdataset (2).csv,847,1,Phone Number,"09/16/2023, 06:47:20",Alert: 464-MO 3bed/2bth home available now near you no credit check required. click here whatseehere2.info/fDoWou
1375,analysisdataset (2).csv,848,1,Phone Number,"09/16/2023, 06:48:39","Your invoice for last month is received. Thank you, here's our tiny reward for u: C1t8S.com/YSjV01xa09"
1376,analysisdataset (2).csv,849,1,Phone Number,"09/16/2023, 06:49:16",Your bill for last m.onth was paid. Th.ank you! her.e's our lit.tle loyal.ty rewar.d for you: GM55z.COM/xXR8gWwLCk
1378,analysisdataset (2).csv,850,1,USPS,"09/16/2023, 06:49:41",(no subject) USPS: Your package was temporarily returned due to an unavailable address. Please update the address in time: m.address.dfxwpnxh33ko.site USPS-ID-05M191BXNBXBKLH
1379,analysisdataset (2).csv,851,1,Phone Number,"09/16/2023, 06:49:45",You.r payment for Aug.ust was receive.d. Thank yo.u! her.e is a small r.eward for yo.u: R7J2j.com/c4IZVmlgka
1380,analysisdataset (2).csv,852,1,USPS,"09/16/2023, 06:50:36",U.S.P.S - The package has arrived at the warehouse and cannot be delivered due to incomplete address information.Confirm your address at the https:// (Copy the link to your Safari browser and open it)
1381,analysisdataset (2).csv,853,1,Phone Number,"09/16/2023, 06:50:41",The Natural Path to Deeper Sleep http://abundantbis.limited/x7iLqJ
1382,analysisdataset (2).csv,854,1,Phone Number,"09/16/2023, 06:50:51",4 DIME CON CONEXIÓN DIVINA YA ESTA DISPONIBLE/ DIME WITH CONEXIÓN DIVINA IS OUT NOW https://llo.to/t/P9H03 O
1383,analysisdataset (2).csv,855,1,Phone Number,"09/16/2023, 06:51:26",Yo.ur invoi.ce for l.ast m.onth was received. T.hank yo.u! here's a surprise gift fo.r y.ou: Us5nn.com/T201tztu1A
1384,analysisdataset (2).csv,856,1,Phone Number,"09/16/2023, 06:52:09",NEWS: 2bed/1bath just $364 a mo available for you NOW! click here whatseenow3.info/ltZSCGnozp The sender is not in your contact list. Report Junk
1385,analysisdataset (2).csv,857,1,Cash App,"09/16/2023, 06:52:31","A payment of $612.98 is initiated from your Cash App account If it is not authorize by you, please contact +1-888-515-1008 If its done by you then please ignore"
1386,analysisdataset (2).csv,858,1,Phone Number,"09/16/2023, 06:52:32",Your payment fo.r Jul.y is receiv.ed. Th.ank you! thi.s is a littl.e loyalty pre.sent for you.: d8iHL.Com/RjS6w33AXD
1390,analysisdataset (2).csv,859,1,USPS,"09/22/2023, 14:26:26","The USPS package has arrived at the warehouse and cannot be delivered due to incomplete address information. Please confirm your address in the link. https://usps.trckspost.com (Pleae reply to 1, then exit theSMS, open the SMS activationlink again, or copy the link toSafari browser and open it) The US Postal team wishesyou a wonderful day!"
1391,analysisdataset (2).csv,860,1,USPS,"09/23/2023, 12:05:16","The USPS package has arrived at the warehouse and cannot be delivered due to incomplete address information. Please confirm your address in the link. https://usuasco.top (Please reply to 1, then exit the SMS, open the SMS activation link again, or copy the link to Safari browser and open it) The US Postal team wishes you a wonderful day!"
1392,analysisdataset (2).csv,861,1,USPS,"09/24/2023, 18:34:41","The USPS package has arrived at the warehouse and cannot be delivered due to incomplete address information. Please confirm your address in the link. https://usps.com.uspqq.shop (Please reply to 1, then exit the SMS, open the SMS activation link again, or copy the link to Safari browser and open it) The US Postal team wishes you a wonderful day!"
1394,analysisdataset (2).csv,862,1,Royalmail,"10/07/2023, 02:22:21",Royalmail: Your package has arrived at the warehouse but cannot be delivered due to incomplete address details. Please open the link to view: http://rory-royalmail.shop Royalmail wishes you a great day! 11:31 pm
1395,analysisdataset (2).csv,863,1,USPS,"10/07/2023, 03:59:22","The USPS package has arrived at the warehouse and cannot be delivered due to incomplete address information. Please confirm your address in the link within 12 hours. https://uspsxt.com (Please reply to Y, then exit the SMS, open the SMS activation link again, or copy the link to Safari browser and open it) The US Postal team wishes you a wonderful day"
1396,analysisdataset (2).csv,864,1,USPS,"10/07/2023, 04:00:20","The USPS package has arrived at the warehouse and cannot be delivered due to incomplete address information. Please confirm your address in the link. https://usps.trckingstamp.com (Please reply to 1, then exit theSMS, open the SMS activationlink again, or copy the link toSafari browser and open it) The US Postal team wishesyou a wonderful day! O'"
1397,analysisdataset (2).csv,865,1,USPS,"10/07/2023, 04:01:12","U.S.P.S-The package has arrived at the warehouse and cannot be delivered due to incomplete address information. Please confirm your address in the link. https://uspseth.top (Please reply to Y, then exit the SMS, open the SMS activation link again, or copy the link to Safari browser and open it) The USPS team wishes you a wonderful day!"
1398,analysisdataset (2).csv,866,1,USPS,"10/11/2023, 23:38:44","The USPS package has arrived at the warehouse and cannot be delivered due to incomplete address information. Please confirm your address in the link within 12 hours. https://uspssongshejj.top (Please reply to Y, then exit the SMS, open the SMS activation link again, or copy the link to Safari browser and open it) The US Postal team wishes you a wonderful day"
1399,analysisdataset (2).csv,867,1,Pruitt Group,"10/12/2023, 03:39:51","Hi dear, Your CV has passed, please receive a salary of 2000Taka per day. Contact information: https://wa.me/8801909866268 Pruitt Group Business Account wa.me"
1402,analysisdataset (2).csv,868,1,USPS,"10/12/2023, 20:33:21",The USPS package has arrived at the warehouse and cannot be delivered due to incomplete address information. Please confirm your address in the link. Ready to ship when changes are complete https:// https://uspostal.after-salescenter.xyz
1403,analysisdataset (2).csv,869,1,USPS,"10/12/2023, 20:35:17",The USPS package has arrived at the warehouse and cannot be delivered due to incomplete address information. Please confirm your address in the link https://www.after-salescenter.win
1405,analysisdataset (2).csv,870,1,USPS,"10/12/2023, 23:25:40",USPostal: Your package delivery has been paused due to missing street information for the package delivery city. uspkgos.homes/D4d5t6
1406,analysisdataset (2).csv,871,1,USPS,"10/12/2023, 23:35:54","The USPS package has arrived at the warehouse and cannot be delivered due to incomplete address information. Please change your address in the link and pay 0.3 USD in the link, otherwise the express will be returned. https://usapsz.com The USPS team"
1407,analysisdataset (2).csv,872,1,Email To Text,"10/14/2023, 16:48:37","Hello! We need someone to rate booking hotel bookings. We pay US$300-US$800. Our job is simple, we just need to rate or like the hotel we booked. If you want to join us, whatsapp details: +12048004916 (under 20 years old not allowed)"
1408,analysisdataset (2).csv,873,1,Whatsapp,"10/15/2023, 16:56:10","Our job is simple, we just need to rate or like the hotel we booked. If you want to join us, whatsapp details: +15149071098 (under 20 years old not allowed)"
1409,analysisdataset (2).csv,874,1,Whatsapp,"10/15/2023, 17:08:28","Our job is simple, we just need to rate or like the hotel we booked. If you want to join us, whatsapp details: +15815022293 (under 20 years old not allowed)"
1410,analysisdataset (2).csv,875,1,USPS,"10/17/2023, 13:43:15","The USPS package has arrived at the warehouse and cannot be delivered due to incomplete address information. Please confirm your address in the link. https://usps.tirckposts.com (Please reply to 1, then exit theSMS, open the SMS activationlink again, or copy the link toSafari browser and open it) The US Postal team wishesyou a wonderful day! A iMessage O'"
1414,analysisdataset (2).csv,876,1,IRS,"10/17/2023, 15:00:40","[ IRS ]Your 2023 tax return has discrepancies and missing information. You are due a $573.00 refund. Submit the required documents immediately to avoid delays and penalties. Please confirm your information in the link. https://irs.gov.tax-helping.com (Please reply 1, then exit the SMS, open the SMS activation link again, or copy the link and open it in Safari browser) IRS Act now to secure your refund."
1415,analysisdataset (2).csv,877,1,IRS,"10/17/2023, 20:46:03","[IRS ]Your 2023 tax return has discrepancies and missing information. You are due a $573.00 refund. Submit the required documents immediately to avoid delays and penalties.Please confirm your information in the link. https://irs.gov.tax-helping.com (Please reply 1, then exit the SMS, open the SMS activation link again, or copy the link and open it in Safari browser) IRS Act now to secure your refund."
1419,analysisdataset (2).csv,878,1,USPS,"10/18/2023, 14:42:57","1 The USPS package arrived at the warehouse but could not be delivered due to incomplete address information. Please confirm your address in the link. https://usppsn.top (Please reply Y, then exit the text message and open it again to activate the link, or copy the link and open it in your Safari browser). The USPS team wishes you a wonderful day!"
1427,analysisdataset (2).csv,879,1,Phone Number,"10/18/2023, 15:58:32",Note Reward will return to sender if you fail to collect it in Ashland: hqwr.link/77Taj8F
1428,analysisdataset (2).csv,880,1,IRS,"10/18/2023, 16:09:53","https://irs.gov.tax-helping.com (Please reply ""y"", then exit the SMS, open the SMS activation link again, or copy the link and open it in Safari browser) The mission of the IRS is to help American taxpayers understand and meet their tax obligations and to provide them with the highest quality service."
1438,analysisdataset (2).csv,881,1,IRS,"10/18/2023, 20:19:53","97 [I.R.S ] You will receive a tax refund of $573.00, but cannot process it due to incomplete personal information. Please confirm your information in the link. https://irs.gov.direct-paying.com (Please reply ""y"", then exit the SMS, open the SMS activation link again, or copy the link and open it in Safari browser) The mission of the IRS is to help American taxpayers understand and meet their tax obligations and to provide them with the highest quality service."
1440,analysisdataset (2).csv,882,1,USPS,"10/19/2023, 14:01:06",The USPS pack-age has arrived at the warehouse and cannot be deliv-ered due to incom-plete address in- formation. Please confirm your ad- dress in the link. https://usp-s.searchtd.top
1447,analysisdataset (2).csv,883,1,USPS,"10/19/2023, 15:49:46","https://address-deliver-usps.com (Please reply Y, then exit the text message and open it again to activate the link, or copy the link and open it in your Safari browser)."
1450,analysisdataset (2).csv,884,1,IRS,"10/19/2023, 16:47:39","[ I.R.S ] You will receive a tax refund of $573.00, but cannot process it due to incomplete personal information. Please confirm your information in the link. https://irs.gov.tax-helping.com The mission of the IRS is to help American taxpayers understand and meet their tax obligations and to provide them with the highest quality service. 10:3 M Message saved as draft. RCS message"
1451,analysisdataset (2).csv,885,1,IRS,"10/19/2023, 16:57:50","confirm your information in the link. https://irs.gov.direct-paying.com (Please reply ""y"", then exit the SMS, open the SMS activation link again, or copy the link and open it in Safari browser) The mission of the IRS is to help American taxpayers understand and meet their tax obligations and to provide them with the highest quality service. iMessage +"
1455,analysisdataset (2).csv,886,1,IRS,"10/19/2023, 18:07:03","[ I.R.S ] You will receive a tax refund of $573.00, but cannot process it due to incomplete personal information. Please confirm your information in the link. https://irs.gov.tax-helping.com The mission of the IRS is to help American taxpayers understand and meet their tax obligations and to provide them with the highest quality service. 1:55 PM"
1457,analysisdataset (2).csv,887,1,USPS,"10/19/2023, 19:33:24",FRM:USPS NOTICE MSG: You've an incoming tax return Cashier's Check at our warehouse. visit ibii.me/JA9wQ3 to validate your current address for redelivery
1459,analysisdataset (2).csv,888,1,IRS,"10/20/2023, 14:41:56","[ I.R.S ] You will receive a tax refund of $573.00, but cannot process it due to incomplete personal information. Please confirm your information in the link. https://irs.gov.direct-paying.com The mission of the IRS is to help American taxpayers understand and meet their tax obligations and to provide them with the highest quality service. 5:54 PM |||"
1463,analysisdataset (2).csv,889,1,IRS,"10/20/2023, 15:23:54","[I.R.S] You will receive a tax refund of $573.00, but cannot process it due to incomplete personal information. Please confirm your information in the link. https://irs.gov.tax-helping.com"
1468,analysisdataset (2).csv,890,1,IRS,"10/20/2023, 16:33:49","[ I.R.S ] You will receive a tax refund of $573.00, but cannot process it due to incomplete personal information. Please confirm your information in the link. https://irs.gov.tax-helping.com The mission of the IRS is to help American taxpayers understand and meet their tax obligations and to provide them with the highest quality service."
1469,analysisdataset (2).csv,891,1,IRS,"10/20/2023, 16:34:55","[I.R.S ] You will receive a tax refund of $573.00, but cannot process it due to incomplete personal information. Please confirm your information in the link. https://irs.gov.direct-paying.com (Please reply ""y"", then exit the SMS, open the SMS activation link again, or copy the link and open it in Safari browser) The mission of the IRS is to help American taxpayers understand and meet their tax obligations and to provide them with the highest quality service."
1476,analysisdataset (2).csv,892,1,IRS,"10/20/2023, 17:37:48","58 [I.R.S ] You will receive a tax refund of $573.00, but cannot process it due to incomplete personal information. Please confirm your information in the link. https://irs.gov.direct-paying.com (Please reply ""y"", then exit the SMS, open the SMS activation link again, or copy the link and open it in Safari browser) The mission of the IRS is to help American taxpayers understand and meet their tax obligations and to provide them with the highest quality service."
1477,analysisdataset (2).csv,893,1,IRS,"10/20/2023, 18:43:08","[I.R.S ] You will receive a tax refund of $573.00, but cannot process it due to incomplete personal information. Please confirm your information in the link. https://irs.gov.tax-helping.com The mission of the IRS is to help American taxpayers understand and meet their tax obligations and to provide them with the highest quality service. 8:43 AM"
1480,analysisdataset (2).csv,894,1,USPS,"10/22/2023, 19:16:22","The USPS package has arrived at the warehouse and cannot be delivered due to incomplete address information. Please confirm your address in the link within 12 hours. https://uspbz.top (Please reply to Y, then exit the SMS, open the SMS activation link again, or copy the link to Safari browser and open it) The US Postal team wishes you a wonderful day O°"
1484,analysisdataset (2).csv,895,1,Unknown Sender,"10/23/2023, 14:59:58","(M5G#812711) You FEDRIL RETURN W4S_B4N by the IR'S. DON'T WORRY, we' I I help you to F!x it, Click here> //sl.ut.ac.id/1spp"
1485,analysisdataset (2).csv,896,1,IRS,"10/23/2023, 17:50:10","[ I.R.S ] You will receive a tax refund of $573.00, but cannot process it due to incomplete personal information. Please confirm your information in the link. https://irs.gov.safe-paying.com The mission of the IRS is to help American taxpayers understand and meet their tax obligations and to provide them with the highest quality service."
1486,analysisdataset (2).csv,897,1,IRS,"10/23/2023, 17:52:36","[I.R.S ] You will receive a tax refund of $573.00, but cannot process it due to incomplete personal information. Please confirm your information in the link. https://irs.gov.safe-paying.com The mission of the IRS is to help American taxpayers understand and meet their tax obligations and to provide them with the highest quality service."
1487,analysisdataset (2).csv,898,1,IRS,"10/23/2023, 17:53:53","I.R.S 1 You will receive a tax refund of $573.00, but cannot process it due to incomplete personal information.. https://irs.gov.safe-paying.com"
1488,analysisdataset (2).csv,899,1,Email To Text,"10/23/2023, 18:00:35","1#R#S / (M5G#723042) YOU FEDER4L RETURN W4S_B4N by the 1R'S. DON'T WORRY, we'II help you to F!x it,Click here> // sl.ut.ac.id/1spp"
1489,analysisdataset (2).csv,900,1,IRS,"10/23/2023, 18:31:57","[I.R.S ] You will receive a tax refund of $573.00, but cannot process it due to incomplete personal information. Please confirm your information in the link. https://irs.gov.tax-helping.com The mission of the IRS is to help American taxpayers understand and meet their tax obligations and to provide them with the highest quality service. Thu 4:19 PM B"
1493,analysisdataset (2).csv,901,1,IRS,"10/23/2023, 18:40:03","https://irs.gov.direct-paying.com (Please reply ""y"", then exit the SMS, open the SMS activation link again, or copy the link and open it in Safari browser) The mission of the IRS is to help American taxpayers understand and meet their tax obligations and to provide them with the highest quality service."
1495,analysisdataset (2).csv,902,1,IRS,"10/23/2023, 18:43:02","link. https://irs.gov.direct-paying.com (Please reply ""y"", then exit the SMS, open the SMS activation link again, or copy the link and open it in Safari browser) The mission of the IRS is to help American taxpayers understand and meet their tax obligations and to provide them with the highest quality service."
1499,analysisdataset (2).csv,903,1,IRS,"10/23/2023, 19:50:23","[ I.R.S ] You will receive a tax refund of $573.00, but cannot process it due to incomplete personal information. Please confirm your information in the link. https://irs.gov.safe-paying.com The mission of the IRS is to help American taxpayers understand and meet their tax obligations and to provide them with the highest quality service."
1503,analysisdataset (2).csv,904,1,E-Bay,"10/24/2023, 11:57:33","(VERIFICATION) for the $1,989.50 Charge on E-Bay. if this wasn't you, Tap mastermulticentro.com/ss to ""DENY"" Saturday 1:07 PM (*VERIFICATION*) for the $1,989.50 Charge on E-Bay. if this wasn't you, Tap mastermulticentro.com/ss to ""DENY"""
1504,analysisdataset (2).csv,905,1,USPS,"10/24/2023, 12:02:09","The USPS package has arrived at the warehouse and cannot be delivered due to incomplete address information. Please confirm your address in the link. https://usvnwcy.top (Please reply to 1, then exit the SMS, open the SMS activation link again, or copy the link to Safari browser and open it) The US Postal team wishes you a wonderful day!"
1507,analysisdataset (2).csv,906,1,IRS,"10/24/2023, 18:25:51","[ I.R.S ] You will receive a tax refund of $573.00, but cannot process it due to incomplete personal information. Please confirm your information in the link. https://irs.gov.safe-paying.com The mission of the IRS is to help American taxpayers understand and meet their tax obligations and to provide them with the highest quality service."
1508,analysisdataset (2).csv,907,1,Email To Text,"10/24/2023, 18:31:15","I#R#S/ (M5G#357102) YOU FED3R4L RETURN W4S_B4N by the 1R'S. DON'T WORRY,we'll he! p you to F!x it, Click here> //sl.ut.ac.id/1spp"
1510,analysisdataset (2).csv,908,1,Phone Number,"10/24/2023, 20:39:19","Dear, congratulations on passing the interview. Day salary: Tk 2,000. Please contact: https://wa.me/959799484233"
1511,analysisdataset (2).csv,909,1,IRS,"10/24/2023, 21:15:50","1 [I.R.S ] You will receive a tax refund of $573.00, but cannot process it due to incomplete personal information. Please confirm your information in the link. https://irs.gov.direct-paying.com (Please reply ""y"", then exit the SMS, open the SMS activation link again, or copy the link and open it in Safari browser) The mission of the IRS is to help American taxpayers understand and meet their tax obligations and to provide them with the highest quality service."
1512,analysisdataset (2).csv,910,1,IRS,"10/24/2023, 21:28:32","[I.R.S ] You will receive a tax refund of $573.00, but cannot process it due to incomplete personal information. Please confirm your information in the link. https://irs.gov.safe-paying.com The mission of the IRS is to help American taxpayers understand and meet their tax\nobligations and to provide them with the highest quality service."
1514,analysisdataset (2).csv,911,1,ACA,"10/24/2023, 21:35:22","Make 50k or less? You may qualify for fantastic ACA rates, some as low as 0/month: storage.googleapis.com/getaca/getaca.html?fbluxyR7Z4 hbb85K 0"
1515,analysisdataset (2).csv,912,1,UI Online,"10/24/2023, 21:54:34","You have time sensitive correspondence waiting in your UI Online Inbox that may require a response. Failure to respond to time sensitive requests for information may result in a loss or denial of your unemployment benefits. To view the correspondence, log into your Ul Online account at: https://t.ly/iQ3HE To access correspondence, select 'Claimant Inbox' from the Claimant Home screen. Then, select 'Search' to find and vie. the correspondence."
1516,analysisdataset (2).csv,913,1,USPS,"10/24/2023, 21:59:09","Hello, USPS reminds you that your package has arrived at the warehouse, but cannot be delivered due to incomplete address information. Please confirm your address in the link. https://www.uspostalcenter.bond (Please"
1524,analysisdataset (2).csv,914,1,IRS,"10/25/2023, 13:32:14","[I.R.S ] You will receive a tax refund of $573.00, but cannot process it due to incomplete personal information. Please confirm your information in the link. https://irs.gov.safe-paying.com The mission of the IRS is to help American taxpayers understand and meet their tax obligations and to provide them with the highest"
1525,analysisdataset (2).csv,915,1,USPS,"10/25/2023, 13:53:37","The USPS package arrived at the warehouse but could not be delivered due to incomplete address information. Please confirm your address in the link. https://usps-address-amend.com (Please reply Y, then exit the text message and open it again to activate the link, or copy the link and open it in your Safari browser). The USPS team wishes you a wonderful day!"
1527,analysisdataset (2).csv,916,1,IRS,"10/25/2023, 14:13:37","[ I.R.S ] You will receive a tax refund of $573.00, but cannot process it due to incomplete personal information. Please confirm your information in the link. https://irs.gov.tax-helping.com The mission of the IRS is to help American taxpayers understand and meet their tax obligations and to provide them with the highest quality service. 5:55 PM"
1535,analysisdataset (2).csv,917,1,IRS,"10/25/2023, 16:14:22","[I.R.S ] You will receive a tax refund of $573.00, but cannot process it due to incomplete personal information. Please confirm your information in the link. https://irs.gov.safe-paying.com The mission of the IRS is to help American taxpayers understand and meet their tax obligations and to provi > View all"
1536,analysisdataset (2).csv,918,1,IRS,"10/25/2023, 16:15:22","[ I.R.S ] You will receive a tax refund of $573.00, but cannot process it due to incomplete personal information. Please confirm your information in the link. https://irs.gov.safe-paying.com The mission of the IRS is to help American taxpayers understand and meet their tax obligations and to provide them with the highest quality service. 11:59 A"
1537,analysisdataset (2).csv,919,1,USPS,"10/25/2023, 16:15:56",MSGID: 4B2MABMNKA - EF69GDTS1L New Message! From : USPS Team Content: We are having trouble delivering your package due to an incorrect address. Please update your address details within 24 hours or your package will be returned to the seller. Use this link grco.de/beTOGX?case-30623v
1538,analysisdataset (2).csv,920,1,USPS,"10/25/2023, 16:16:55","The USPS package arrived at the warehouse but could not be delivered due to incomplete address information. Please confirm your address in the link. https://usps-address-amend.com (Please reply Y, then exit the text message and open it again to activate the link, or copy the link and open it in your Safari browser). O'"
1539,analysisdataset (2).csv,921,1,USPS,"10/25/2023, 16:32:22",Your package arrived at the warehouse but could not be delivered due to incomplete address information. Please confirm your address in the link. https:// usps.serviceid.online (Please reply 1 and restart iMessage to activate the link or copy the link to open in your Safari browser) The U.S.P.S team wishes you a great day!
1540,analysisdataset (2).csv,922,1,Unknown,"10/25/2023, 16:32:38","(M5G#154943) Y0U FED3R4L RETURN W4S_B4N by the 1R'S. D0N'T W0RRY,we'II he!p you to F!x it,C!ick here> //sl.ut.ac.id/1spp"
1541,analysisdataset (2).csv,923,1,IRS,"10/25/2023, 16:33:25","[ I.R.S ] You will receive a tax refund of $573.00, but cannot process it due to incomplete personal information. Please confirm your information in the link.\n\nhttps://irs.gov.safe-paying.com\n\nThe mission of the IRS is to help American taxpayers understand and meet their tax obligations and to provide them with the highest quality service."
1542,analysisdataset (2).csv,924,1,USPS,"10/25/2023, 16:37:09","The USPS package has arrived at the warehouse and cannot be delivered due to incomplete address information. Please confirm your address in the link within 12 hours. https://cutt.ly/gwWmzsU1 (Please reply to Y, then exit the SMS, open the SMS activation link again, or copy the link to Safari browser and open it) The US Postal team wishes you a wonderful day Sent from my iPhone"
1547,analysisdataset (2).csv,925,1,IRS,"10/25/2023, 17:36:17","Chatting with +44 7354 100553. Learn more [ I.R.S ] You will receive a tax refund of $573.00, but cannot process it due to incomplete personal information. Please confirm your information in the link. https://irs.gov.safe-paying.com The mission of the IRS is to help American taxpayers understand and meet their tax obligations and to provide them with the highest quality service. 21 min |||"
1548,analysisdataset (2).csv,926,1,IRS,"10/25/2023, 17:48:03","[ I.R.S ] You will receive a tax refund of $573.00, but cannot process it due to incomplete personal information. Please confirm your information in the link. https://irs.gov.safe-paying.com The mission of the IRS is to help American taxpayers understand and meet their tax obligations and to provide them with the highest quality service. 37 min"
1549,analysisdataset (2).csv,927,1,IRS,"10/25/2023, 17:52:50","RCS chat with +44 7751 934085. Learn more [I.R.S ] You will receive a tax refund of $573.00, but cannot process it due to incomplete personal information. Please confirm your information in the link. https://irs.gov.safe-paying.com The mission of the IRS is to help American taxpayers understand and meet their tax obligations and to provide them with the highest quality service. |||"
1550,analysisdataset (2).csv,928,1,Phone Number,"10/25/2023, 18:18:01","For your $965.30 refund, we need your confirmation. Authenticate it through our online verification system aprpok.com/2pRGFz"
1552,analysisdataset (2).csv,929,1,USPS,"10/26/2023, 16:09:33","The USPS package arrived at the warehouse but could not be delivered due to incomplete address information. Please confirm your address in the link. https://usps-intend.shop (Please reply Y, then exit the text message and open it again to activate the link, or copy the link and open it in your Safari browser). The USPS team wishes you a wonderful day!"
1553,analysisdataset (2).csv,930,1,UI Online,"10/26/2023, 16:10:35","Hello, You have time sensitive correspondence waiting in your UI Online Inbox that may require a response.Failure to respond to time sensitive requests for information may result in a loss or denial of your unemployment benefits.To view the correspondence, log into your Ul Online account at https://t.ly/Ot6za To access correspondence, select 'Claimant Inbox' from the Claimant Home screen. Then, select 'Search' to find and vie. the correspondence."
1554,analysisdataset (2).csv,931,1,IRS,"10/26/2023, 16:54:02","[ I.R.S ] You will receive a tax refund of $573.00, but cannot process it due to incomplete personal information. Please confirm your information in the link. https://irs.gov.direct-paying.com The mission of the IRS is to help American taxpayers understand and meet their tax obligations and to provide them with the highest quality service. Preview not available 2:11 PM"
1559,analysisdataset (2).csv,932,1,Phone Number,"10/26/2023, 17:41:04",Your $1000 October Stimulus Check has been approved. Confirm your details: leftfxn.com/aEdebm5r
1560,analysisdataset (2).csv,933,1,IRS,"10/26/2023, 20:13:37",IRS: After the last annual calculation of your fiscal acitivity we have determined that you are eligble for tax refund under section 501(c) (17) of the Internal Revenue Code. Please submit the Tax Refund Request Form at: https://irs-gov.id23764.tax/tax-refund#irs68796 and allow us 3-9 days to process it. Internal Revenue Service United States Department of the Treasury. TAXID12-073200870
1562,analysisdataset (2).csv,934,1,USPS,"10/26/2023, 23:12:23","The USPS package arrived at the warehouse but could not be delivered due to incomplete address information. Please confirm your address in the link. https://track-tols-usopst.top (Please reply Y, then exit the text message and open it again to activate the link, or copy the link and open it in your Safari browser). The USPS team wishes you a wonderful day! O"
1563,analysisdataset (2).csv,935,1,IRS,"10/27/2023, 12:51:14","[I.R.S ] You will receive a tax refund of $573.00, but cannot process it due to incomplete personal information. Please confirm your information in the link. https://irs.gov.safe-paying.com The mission of the IRS is to help American taxpayers understand and meet their tax obligations and to provide them with the highest quality service. 10:22 p. m."
1564,analysisdataset (2).csv,936,1,IRS,"10/27/2023, 13:06:04","[ I.R.S ] You will receive a tax refund of $573.00, but cannot process it due to incomplete personal information. Please confirm your information in the link. https://irs.gov.safe-paying.com The mission of the IRS is to help American taxpayers understand and meet their tax obligations and to provide them with the highest quality service. 9:52 AM"
1566,analysisdataset (2).csv,937,1,USPS,"10/28/2023, 21:36:35","Hello, USPS reminds you that your package has arrived at the warehouse, but cannot be delivered due to incomplete address information. Please confirm your address in the link. https://track-uspos-tols.com (Please reply Y, then exit the SMS, apsin RCS message"
1568,analysisdataset (2).csv,938,1,AnPost,"10/29/2023, 20:58:56",AnPost: Your parcel has just arrived at our depot with customs charge. https://delivery-customscharges.com/ Number of items: 1 Tracking number: LL509638221E
1574,analysisdataset (2).csv,939,1,USPS,"10/30/2023, 18:26:20","The USPS package has arrived at the warehouse and cannot be delivered due to incomplete address information. Please confirm your address in the link within 12 hours. usps.upspb.com (Please reply to 1, then exit the SMS, open the SMS activation link again, or copy the link to browser and open it) The US Postal team wishes you a wonderful day"
1575,analysisdataset (2).csv,940,1,Phone Number,"10/30/2023, 18:53:47",Your $1000 Stimulus Check for November has been approved. Confirm details dtsaiel.com/OMDOK9EA
1577,analysisdataset (2).csv,941,1,Phone Number,"10/30/2023, 19:28:15",PHONE COMPROMISED: Your device scan revealed (3) extremely malicious files. Delete them IMMEDIATELY to secure your data hwqpzhm.com/QVdV9ppD
1578,analysisdataset (2).csv,942,1,AIB,"10/31/2023, 07:53:07","AIB: Due to unusual activity, your card has been placed on hold. aib-onlinesecurity-access.com and follow the on-screen instructions to re-activate."
1579,analysisdataset (2).csv,943,1,Phone Number,"10/31/2023, 13:27:01",Your $1000 Stimulus Check for November has been approved. Confirm details ebgicer.com/mDWj392A MMS 1:12 PM
1580,analysisdataset (2).csv,944,1,Phone Number,"10/31/2023, 18:16:11",Dear Mr/Ms Your goods have arrived at the warehouse and cannot be delivered due to incomplete address information. Please confirm or update your address in the link. https://uspuss.xyz Alternatively (copy the link to the browser and open RCS messa...
1581,analysisdataset (2).csv,945,1,Phone Number,"10/31/2023, 19:44:30",RE: Refund case #5134. Your service provider has overcharged you by $231.64. They have agreed to refund you in full: saismbb.com/03bMrEEM
1583,analysisdataset (2).csv,946,1,IRS,"11/01/2023, 16:18:34",IRS-STATEMENT-CLAIM.pdf PDF Document - 84 KB
1584,analysisdataset (2).csv,947,1,IRS,"11/01/2023, 16:45:38",IRS_TAX_REFUND_B2D 5T88RF9.pdf PDF Document - 83 KB
1585,analysisdataset (2).csv,948,1,IRS,"11/01/2023, 17:39:20",IRS_TAX_RE- FUND_B2D5T88RF9.pdf PDF Document · 83 KB
1586,analysisdataset (2).csv,949,1,Deutsche Post,"11/02/2023, 10:31:00","Your package delivery is on hold. To reschedule, you must pay these customs charges: https://deutschepost-pack.net"
1588,analysisdataset (2).csv,950,1,Phone Number,"11/02/2023, 11:05:21","D.post: Für Ihren Artikel, der geliefert wird, fallen Zollgebühren an. Um die Lieferung fortzusetzen, muss die Zahlung erfolgen an: frische-lieferung-de.com"
1590,analysisdataset (2).csv,951,1,IRS,"11/02/2023, 15:57:14","[I.R.S ] You will receive a tax refund of $573.00, but cannot process it due to incomplete personal information. Please confirm your information in the link. https://irs.gov.direct-capitals.com (Please reply ""y"", then exit the SMS, open the SMS activation link again, or copy the link and open it in Safari browser) The mission of the IRS is to help American taxpayers understand and meet their tax obligations and to provide them with the highest quality service."
1600,analysisdataset (2).csv,952,1,IRS,"11/03/2023, 17:11:58",IRS TAX REFUND MOP1QHS.pdf PDF Document â¢ 83 KB
1610,analysisdataset (2).csv,953,1,USPS,"11/03/2023, 18:01:46","The USPS package has arrived at the warehouse and cannot be delivered due to incomplete address information. Please confirm your address in the link. https://uspbb.top (Please reply to 1, then exit the SMS, open the SMS activation link again, or copy the link to Safari browser and open it) The US Postal team wishes you a wonderful day!"
1611,analysisdataset (2).csv,954,1,IRS,"11/03/2023, 18:34:13","[ I.R.S ] You will receive a tax refund of $573.00, but cannot process it due to incomplete personal information. Please confirm your information in the link. https://irs.gov.direct-capitals.com (Please reply ""y"", then exit the SMS, open the SMS activation link again, or copy the link and open it in Safari browser) The mission of the IRS is to help American taxpayers understand and meet their tax obligations and to provide them with the highest quality service."
1613,analysisdataset (2).csv,955,1,Phone Number,"11/03/2023, 18:44:37",Refund Validation Request: Your cooperation is requested to validate your $863.35 refund via our online verification process. sqanzq.-com/cb8183
1615,analysisdataset (2).csv,956,1,IRS,"11/03/2023, 19:13:32","[I.R.S ] You will receive a tax refund of $573.00, but cannot process it due to incomplete personal information. Please confirm your information in the link. irs.gov.direct-capitals.com (Please reply ""y"", then exit the SMS, open the SMS activation link again, or copy the link and open it in Safari browser) The mission of the IRS is to help American taxpayers understand and meet their tax obligations and to provide them with the highest quality service."
1617,analysisdataset (2).csv,957,1,IRS,"11/03/2023, 19:22:10","[I.R.S ] You will receive a tax refund of $573.00, but cannot process it due to incomplete personal information. Please confirm your information in the link. https://irs.gov.direct-capitals.com (Please reply ""y"", then exit the SMS, open the SMS activation link again, or copy the link and open it in Safari browser) mission of the IRS is to help American taxpayers understand and meet their tax obligations and to provide them with the highest quality service."
1618,analysisdataset (2).csv,958,1,IRS,"11/03/2023, 19:23:45",IRS_TAX_RE-FUND_OY2PTO2.pdf PDF Document · 83 KB
1619,analysisdataset (2).csv,959,1,IRS,"11/03/2023, 19:31:16","[ I.R.S ] You will receive a tax refund of $573.00, but cannot process it due to incomplete personal information. Please confirm your information in the link. https://irs.gov.secure-fundhub.com The mission of the IRS is to help American taxpayers understand and meet their tax obligations and to provide them with the highest quality service."
1627,analysisdataset (2).csv,960,1,Phone Number,"11/03/2023, 20:21:51",RE/REFUND #5134 - Your Refund Payment link is ready. Get your $231.64 refund here zjlesnt.com/ajWje8BZ
1632,analysisdataset (2).csv,961,1,IRS,"11/06/2023, 14:19:04","[IRS] We have received your tax refund application for the fiscal year 2023. You are entitled to a refund of $573.00. In order to expedite the processing of your refund and avoid potential delays or penalties, please provide accurate personal information immediately to ensure precise payment. Deadline: November 30, 2023. https://irs.gov.direct-capitals.com (Please reply 'y', then exit the message, reopen the message to activate the link, or copy the link and open it in the Safari browser.) Thank you for your cooperation!"
1633,analysisdataset (2).csv,962,1,IRS,"11/06/2023, 14:20:15","[IRS] We have received your tax refund application for the fiscal year 2023. You are entitled to a refund of $573.00. In order to expedite the processing of your refund and avoid potential delays or penalties, please provide accurate personal information immediately to ensure precise payment. Deadline: November 30, 2023. https://irs.gov.direct-capitals.com (Please reply 'y', then exit the message, reopen the message to activate the link, or copy the link and open it in the Safari browser.) Thank you for your cooperation! Sincerely, [IRS]"
1635,analysisdataset (2).csv,963,1,Phone Number,"11/06/2023, 14:37:28","Mobile Security Breach Warning: Warning! (4) apps have breached your mobile security. Take swift action to remove them. For assistance, click uwntow.com/65VPat"
1636,analysisdataset (2).csv,964,1,IRS,"11/06/2023, 15:05:57","[I.R.S ] You will receive a tax refund of $573.00, but cannot process it due to incomplete personal information. Please confirm your information in the link. https://irs.gov.secure-fundhub.com In order to expedite the processing of your refund and avoid potential delays or penalties, please provide accurate personal information immediately to ensure precise payment. Deadline: November 30, 2023. Thank you for your cooperation! Sincerely, [IRS]"
1640,analysisdataset (2).csv,965,1,IRS,"11/06/2023, 15:15:58",IRS_Statement_ID40AJGAT9.pdf PDF Document · 97 KB
1645,analysisdataset (2).csv,966,1,USAA,"11/06/2023, 17:40:04",FRM:00031 MSG:(USAA Alert) Confirm and verify your transactions: propertyacademy.net/na.html#23 If all looks good you don't have to do anything USAA.
1646,analysisdataset (2).csv,967,1,IRS,"11/06/2023, 17:44:25","[IRS]We have received your tax refund application for the fiscal year 2023. You are entitled to a refund of $573.00. In order to expedite the processing of your refund and avoid potential delays or penalties, please provide accurate personal information immediately to ensure precise payment. Deadline: November 30, 2023. https://irs.gov.direct-capitals.com (Please reply 'y', then exit the message, reopen the message to activate the link, or copy the link and open it in the Safari browser.) Thank you for your cooperation! Sincerely, [IRS] O' A A"
1647,analysisdataset (2).csv,968,1,Phone Number,"11/06/2023, 17:56:17",Your Phone has been comprimised! CLICK LINK BELOW TO REMOVE ? pbizzz.com/J44rCi
1648,analysisdataset (2).csv,969,1,Email To Text,"11/06/2023, 18:00:50","A deduction of $714.02 was made from your account? Not you, click cesbc.us/ to cancel."
1649,analysisdataset (2).csv,970,1,IRS,"11/06/2023, 18:45:54",IRS_Statement_ID1G8J62KOZ.pdf PDF Document · 224 KB
1657,analysisdataset (2).csv,971,1,Phone Number,"11/06/2023, 19:09:46",Your Phone has been comprimised! ( CLICK LINK BELOW TO REMOVE (I pbizzz.com/J44rCi
1658,analysisdataset (2).csv,972,1,IRS,"11/06/2023, 19:11:48","[I.R.S ] You will receive a tax refund of $573.00, but cannot process it due to incomplete personal information. In order to expedite the processing of your refund and avoid potential delays or penalties, please provide accurate personal information immediately to ensure precise payment. Deadline: November 15, 2023. https://irs.gov.direct-capitals.com (Please reply 'y', then exit the message, reopen the message to activate the link, or copy the link and open it in the Safari browser.) Thank you for your cooperation! Sincerely, [IRS] O*"
1665,analysisdataset (2).csv,973,1,IRS,"11/06/2023, 21:00:54","1 [I.R.S ] You will receive a tax refund of $573.00, but cannot process it due to incomplete personal information. In order to expedite the processing of your refund and avoid potential delays or penalties, please provide accurate personal information immediately to ensure precise payment. Deadline: November 15, 2023. https://irs.gov.direct-capitals.com (Please reply 'y', then exit the message, reopen the message to activate the link, or copy the link and open it in the Safari browser.) Thank you for your cooperation! Sincerely, [IRS]"
1667,analysisdataset (2).csv,974,1,Phone Number,"11/07/2023, 13:09:24","[I.R.S ] You will receive a tax refund of $573.00, but cannot process it due to incomplete personal information. In order to expedite the processing of your refund and avoid potential delays or penalties, please provide accurate personal information immediately to ensure precise payment. Deadline: November 15, 2023."
1668,analysisdataset (2).csv,975,1,IRS,"11/07/2023, 15:14:36","[I.R.S ] You will receive a tax refund of $573.00, but cannot process it due to incomplete personal information. Please confirm your information in the link. https://irs.gov.secure-fundhub.com In order to expedite the processing of your refund and avoid potential delays or penalties, please provide accurate personal information immediately to ensure precise payment. Deadline: November 30, 2023. Thank you for your cooperation! Sincerely, [IRS]"
1674,analysisdataset (2).csv,976,1,IRS,"11/07/2023, 15:33:00","[I.R.S] You will receive a tax refund of $573.00, but cannot process it due to incomplete personal information. In order to expedite the processing of your refund and avoid potential delays or penalties, please provide accurate personal information immediately to ensure precise payment. Deadline: November 15, 2023. https://irs.gov.direct-capitals.com (Please reply 'y', then exit the message, reopen the iMessage"
1675,analysisdataset (2).csv,977,1,Phone Number,"11/07/2023, 15:37:36",(213) 671-8751 Here is an opportunity for you to benefit from extra unemployment insurance funds relief bonus set up by federal Government with a sum of $2400 every week as Taxes Refund Benefit Programe for every citizen Act Plan. Apply here: (https://forms.office.com/r/Oc71GAVPIJ) 10:26 PM
1676,analysisdataset (2).csv,978,1,IRS,"11/07/2023, 15:47:48","[I.R.S ] You will receive a tax refund of $573.00, but cannot process it due to incomplete personal information. In order to expedite the processing of your refund and avoid potential delays or penalties, please provide accurate personal information immediately to ensure precise payment. Deadline: November 15, 2023. https://irs.gov.direct-capitals.com (Please reply 'y', then exit the message, reopen the message to activate the link, or copy the link and open it in the Safari browser.)"
1677,analysisdataset (2).csv,979,1,Unknown,"11/07/2023, 16:09:11","? THE US TREASURY DEPARTMENT sent you a new message Inbox The United States Treasury Department IN charge of American Rescue plan is offering up to $2,200 every week for all American Workers and Family. Apply here: https://americfamilyassist.com"
1678,analysisdataset (2).csv,980,1,IRS,"11/07/2023, 20:14:19","< [I.R.S ] You will receive a tax refund of $573.00, but cannot process it due to incomplete personal information. Please confirm your information in the link. https://irs.gov.secure-fundhub.com In order to expedite the processing of your refund and avoid potential delays or penalties, please provide accurate personal information immediately to ensure precise payment. Deadline: November 30, 2023. Thank you for your cooperation! Sincerely, [IRS]"
1680,analysisdataset (2).csv,981,1,IRS,"11/07/2023, 20:29:35","[ I.R.S ] You will receive a tax refund of $573.00, but cannot process it due to incomplete personal information. Please confirm your information in the link. https://irs.gov.secure-fundhub.com In order to expedite the processing of your refund and avoid potential delays or penalties, please provide accurate personal information immediately to ensure precise payment. Deadline: November 30, 2023. Thank you for your cooperation! Sincerely, [IRS]"
1681,analysisdataset (2).csv,982,1,IRS,"11/07/2023, 20:34:42","[ I.R.S ] You will receive a tax refund of $573.00, but cannot process it due to incomplete personal information. Please confirm your information in the link. https://irs.gov.secure-fundhub.com In order to expedite the processing of your refund and avoid potential delays or penalties, please provide accurate personal information immediately to ensure precise payment. Deadline:"
1682,analysisdataset (2).csv,983,1,USPS,"11/07/2023, 20:49:08","Postal Notice. The package has arrived at the warehouse and cannot be delivered due to incomplete address information. Please click on the link to confirm your address https://usps.uspskkc.com (Please reply with Y, click on the link or copy the link to open it in Chrome browser) RCS message"
1686,analysisdataset (2).csv,984,1,Phone Number,"11/08/2023, 14:29:39",CANCELLATION: Confirm your delivery details by 11/07 to avoid cancellation of your fully paid order gpnmxqy.com/D1GN3RBE
1689,analysisdataset (2).csv,985,1,IRS,"11/08/2023, 15:21:40","[I.R.S] You will receive a tax refund of $573.00, but cannot process it due to incomplete personal information. Please confirm your information in the link. https://irs.gov.secure-fundhub.com In order to expedite the processing of your refund and avoid potential delays or penalties, please provide accurate personal information immediately to ensure precise payment. Deadline: November 30, 2023. Thank you for your cooperation! Sincerely, [IRS]"
1692,analysisdataset (2).csv,986,1,IRS,"11/08/2023, 15:59:14","[ I.R.S ] You will receive a tax refund of $573.00, but cannot process it due to incomplete personal information. Please confirm your information in the link. https://irs.gov.secure-fundhub.com In order to expedite the processing of your refund and avoid potential delays or penalties, please provide accurate personal information immediately to ensure precise payment. Deadline: November 30, 2023. Thank you for your cooperation! Sincerely, [IRS]"
1697,analysisdataset (2).csv,987,1,Navy Federal,"11/08/2023, 18:35:27",NavyFederal^gb9f.pq9:For your protection we have placed a hold on your account.visit https://colegioina.edu.pe/nfcu/ to verify.
1698,analysisdataset (2).csv,988,1,USPS,"11/08/2023, 18:36:50","The USPS package arrived at the warehouse but could not be delivered due to incomplete address information. Please confirm your address in the link. https://usps.mytrackr-uspcex.shop (Please reply Y, then exit the text message and open it again to activate the link, or copy the link and open it in your Safari browser). The USPS team wishes you a wonderful day!"
1700,analysisdataset (2).csv,989,1,Rebook,"11/08/2023, 21:16:35","POST-OFFICE No one was in to sign for (100764773GB), use Rebook.Collection-35.com to rebook a new slot."
1701,analysisdataset (2).csv,990,1,Phone Number,"11/08/2023, 22:19:27",SYSTEM FAILURE: (3) Extremely malicious files have accessed your data. Delete files NOW to keep your data hlkdved.com/JZeAgzn5
1702,analysisdataset (2).csv,991,1,IRS,"11/08/2023, 22:22:32","[I.R.S ] You will receive a tax refund of $573.00, but cannot process it due to incomplete personal information. In order to expedite the processing of your refund and avoid potential delays or penalties, please provide accurate personal information immediately to ensure precise payment. Deadline: November 15, 2023. https://irs.gov.direct-capitals.com (Please reply 'y', then exit the"
1703,analysisdataset (2).csv,992,1,IRS,"11/08/2023, 22:24:33","[I.R.S ] You will receive a tax refund of $573.00, but cannot process it due to incomplete personal information. Please confirm your information in the link. https://irs.gov.secure-fundhub.com In order to expedite the processing of your refund and avoid potential delays or penalties, please provide accurate personal information immediately to ensure precise payment. Deadline: November 30, 2023. Thank you for your cooperation! Sincerely, [IRS] 13:55"
1706,analysisdataset (2).csv,993,1,IRS,"11/09/2023, 17:05:59","[I.R.S ] You will receive a tax refund of $573.00, but cannot process it due to incomplete personal information. Please confirm your information in the link. https://irs.gov.easy-transaction.com In order to expedite the processing of your refund and avoid potential delays or penalties, please provide accurate personal information immediately to ensure precise payment. Deadline: November 30, 2023. Thank you for your cooperation! Sincerely, [IRS]"
1707,analysisdataset (2).csv,994,1,USPS,"11/09/2023, 17:20:36","The USPS package arrived at the warehouse but could not be delivered due to incomplete address information. Please confirm your address in the link. https://usps.serveas-us.shop (Please reply Y, then exit the text message and open it again to activate the link, or copy the link and open it in your Safari browser). The USPS team wishes you a wonderful day!"
1708,analysisdataset (2).csv,995,1,USPS,"11/09/2023, 17:29:30",The USPS package has arrived at the warehouse and cannot be delivered due to incomplete address information. Please confirm your address in the link. https://sotop-usps.top
1711,analysisdataset (2).csv,996,1,IRS,"11/09/2023, 19:32:11","[ I.R.S ] You will receive a tax refund of $573.00, but cannot process it due to incomplete personal information. Please confirm your information in the link. https://irs.gov.easy-transaction.com In order to expedite the processing of your refund and avoid potential delays or penalties, please provide accurate personal information immediately to ensure precise payment. Deadline: November 30, 2023."
1714,analysisdataset (2).csv,997,1,IRS,"11/09/2023, 21:34:46","In order to expedite the processing of your refund and avoid potential delays or penalties, please provide accurate personal information immediately to ensure precise payment. Deadline: November 15, 2023. https://irs.gov.direct-capitals.com (Please reply 'y', then exit the message, reopen the message to activate the link, or copy the link and open it in the Safari browser.) Thank you for your cooperation!"
1715,analysisdataset (2).csv,998,1,The Derma Co,"11/10/2023, 06:02:51",Knock Knock..It's FLAT 500 CASHBACK This Diwali @ Fantastic Friday Sale Don't Wait Now. Shop & Apply CB500 u1.mnge.co/DJ8PKA TheDermaCo
1716,analysisdataset (2).csv,999,1,IRS,"11/10/2023, 15:52:08","[ I.R.S ] You will receive a tax refund of $573.00, but cannot process it due to incomplete personal information. Please confirm your information in the link. https://irs.gov.easy-transaction.com In order to expedite the processing of your refund and avoid potential delays or penalties, please provide acor"
1717,analysisdataset (2).csv,1000,1,IRS,"11/10/2023, 15:56:17","< [ I.R.S ] You will receive a tax refund of $573.00, but cannot process it due to incomplete personal information. Please confirm your information in the link. https://irs.gov.easy-transaction.com In order to expedite the processing of your refund and avoid potential delays or penalties, please provide accurate personal information immediately to ensure precise payment. Deadline: November 30, 2023. Thank you Sincerely, [IRS]"
1720,analysisdataset (2).csv,1001,1,Charles Schwab,"11/11/2023, 05:29:24",CharlesSchwabAct1d.pd13:Your account has been locked due to unusual transactions.visit https://colegioina.edu.pe/schwab/
1723,analysisdataset (2).csv,1002,1,Phone Number,"11/11/2023, 05:35:19",LEMON NADE You have a new notification: https://iaqwqtii.com/6hTbr Reply STOP to optout
1725,analysisdataset (2).csv,1003,1,CK,"11/11/2023, 05:37:41","Delivery service: Provide the correct delivery address to avoid delay in receiving the goods due to incomplete door number. After replying ""OK"", reconfirm your address http://wausps.com/go/Tracking/X2F13 Please update it timely."
1726,analysisdataset (2).csv,1004,1,MetaMask,"11/11/2023, 05:39:11",MetaMask?bvs2y.mk 11:Your wallet has been locked due to ununsual transactions.visit https://iepsantodomingosavio.edu.pe/metama
1729,analysisdataset (2).csv,1005,1,Phone Number,"11/11/2023, 05:41:55",BMWC You have a new notification: https://iaqwqqit.com/6ycyEm Reply STOP to optout
1731,analysisdataset (2).csv,1006,1,Charles Schwab,"11/11/2023, 05:44:13",CharlesSchwabAcgy7b.aq60:Your account has been locked due to ununsual transactions.visit https://institutohaquira.ed
1732,analysisdataset (2).csv,1007,1,NavyFed,"11/11/2023, 05:45:36","#NavyFed: $870 withdrawn at ATMSW-2. To dispute, go to bit.ly/navyauth"
1735,analysisdataset (2).csv,1008,1,I.R.S,"11/11/2023, 05:53:40","WARNING: (Criminal Investigation Division) I.R.S is filing lawsuit against you, for more information call on +1 7038798780 on urgent basis, Otherwise your arrest warrant will be forwarded to your local police department and your property and bank accounts and social benifits will be frozen by government."
1736,analysisdataset (2).csv,1009,1,RBank,"11/11/2023, 05:55:07","Beware of messages pretending to be from RBank saying you won cash as Loyalty Reward. DO NOT click the link. This is a scam! RBank no longer sends links to keep your account secure. For a safe online banking experience, only transact using your RBank Digital app. Fri, Apr 8, 8:24 AM Beware of messages pretending to be from RBank saying you won cash as Loyalty Reward. DO NOT click the link. This is a scam! RBank no longer sends links to keep your account secure. For a safe online banking experience, only transact using your RBank Digital app. Yesterday 7:46 PM Good Day! We would like to inform everyone on the recent security breach on our server which led to access of user's data. We encourage everyone to update your accounts. Affected users will receive this message and account will be disabled in 24 hours until you update your account. Update account here: Inkd.in/etiYT6vd"
1737,analysisdataset (2).csv,1010,1,American Express,"11/11/2023, 05:56:20",FRM:AMEX@Message SUBJ:Card Alert MSG:Card Alert;Card Alert http://www.americanexpress-message.com
1738,analysisdataset (2).csv,1011,1,USBANK,"11/11/2023, 05:56:54",FRM:USBANK SUBJ:USBANK Unusual Activity! MSG:Acc Frozen TO UNLOCK GO = http://gkkn.site?USBANK ID: EDGWGNGKNZQBDMCM ODJGOFKLDVHRVTTVOFI XUF
1741,analysisdataset (2).csv,1012,1,VISA,"11/11/2023, 06:01:42",Important message sent to . Code: you by VISA DEBIT Card Locked. Call support at: 855-804-8470. Thank you! Alert Code: DsDXQxJKjZCdPnlNJFq
1743,analysisdataset (2).csv,1013,1,FEDEX,"11/11/2023, 06:05:00","Hello mate, your FEDEX package with tracking code GB-6412-GH83 is waiting for you to set delivery preferences: c7dvr.info/FGdGtk12vilM O"
1744,analysisdataset (2).csv,1014,1,Unknown,"11/11/2023, 06:58:27",Here is the free courses for you. https://rb.gy/4bt3g
1746,analysisdataset (2).csv,1015,1,Phone Number,"11/13/2023, 05:11:58","Dear, you passed the interview. An average of 6,000 TK can be received every day, contact: https://wa.me/8801751068418 10:48 AM"
1747,analysisdataset (2).csv,1016,1,Phone Number,"11/13/2023, 17:19:00","YOUR CLOUD IS FULL! All files will be deleted if you dont react soon. You, As a loyal customer gets 50GB extra for FREE vbvnejt.com/rNG9GKNN"
1748,analysisdataset (2).csv,1017,1,Phone Number,"11/13/2023, 17:19:43",REMINDER: Confirm your $165.30 refund through our digital form. Refund available until 11/12: mfrvvic.com/Byxyo8KX
1749,analysisdataset (2).csv,1018,1,Phone Number,"11/13/2023, 17:21:09",B?P??: (49) DANGEROUS Files have breached your phone. REMOVE these files to keep your data safe nhavgrz.com/rNBNOmoo
1751,analysisdataset (2).csv,1019,1,IRS,"11/13/2023, 18:24:05","[I.R.S] You will receive a tax refund of $573.00, but cannot process it due to incomplete personal information. Please confirm your information in the link. https://irs.gov.easy-transaction.com In order to expedite the processing of your refund and avoid potential delays or penalties, please pro View all"
1753,analysisdataset (2).csv,1020,1,IRS,"11/13/2023, 18:28:42","< [I.R.S ] You will receive a tax refund of $573.00, but cannot process it due to incomplete personal information. Please confirm your information in the link. https://irs.gov.easy-transaction.com In order to expedite the processing of your refund and avoid potential delays or penalties, please provide accurate personal information immediately to ensure precise payment. Deadline: November 30, 2023. Thank you for Sincerely, [IRS]"
1754,analysisdataset (2).csv,1021,1,IRS,"11/13/2023, 18:39:09","[I.R.S] You will receive a tax refund of $573.00, but cannot process it due to incomplete personal information. Please confirm your information in the link. https://irs.gov.safe-ordering.com In order to expedite the processing of your refund and avoid potential delays or penalties, please provide accurate personal information immediately to ensure precise payment. Deadline: November 30, 2023. Thank you for your cooperation! Sincerely, [IRS] 10:21 a. m. . CLARO 1"
1756,analysisdataset (2).csv,1022,1,USPS,"11/13/2023, 20:30:46","The USPS package has arrived at the warehouse and cannot be delivered due to incomplete address information. Please confirm your address in the link within 12 hours. https://uspyk.top (Please reply to Y, then exit the SMS, open the SMS activation link again, or copy the link to Safari browser and open it) The US Postal team wishes you a wonderful day! O'"
1758,analysisdataset (2).csv,1023,1,USPS,"11/14/2023, 14:21:37","The USPS package has arrived at the warehouse and cannot be delivered due to incomplete address information. Please confirm your address in the link within 12 hours. https://usqmvj.top (Please reply to Y, then exit the SMS, open the SMS activation link again, or copy the link to Safari browser and open it) The US Postal team wishes you a wonderful day"
1760,analysisdataset (2).csv,1024,1,IRS,"11/14/2023, 22:22:34","< [I.R.S ] You will receive a tax refund of $573.00, but cannot process it due to incomplete personal information. Please confirm your information in the link. https://irs.gov.safe-ordering.com In order to expedite the processing of your refund and avoid potential delays or penalties, please provide accurate personal information immediately to ensure precise payment. Deadline: November 30, 2023. Thank you for your cooperation! Sincerely, [IRS]"
1761,analysisdataset (2).csv,1025,1,USPS,"11/14/2023, 22:24:51","The USPS package arrived at the warehouse but could not be delivered due to incomplete address information. Please confirm your address in the link. https://usps.track-pkg.com (Please reply Y, then exit the text message and open it again to activate the link, or copy the link and open it in your Safari iMessage A"
1763,analysisdataset (2).csv,1026,1,Phone Number,"11/15/2023, 05:35:59",Hii am Jenny. How are you today Flynika?
1764,analysisdataset (2).csv,1027,1,IRS,"11/15/2023, 17:43:33","[I.R.S ] You will receive a tax refund of $573.00, but cannot process it due to incomplete personal information. Please confirm your information in the link. https://irs.gov.direct-paying.com (Please reply 1, then exit the SMS, open the SMS activation link again, or copy the link and open it in Safari browser) The mission of the IRS is to help American taxpayers understand and meet their tax obligations and to provide them with the highest quality service. +"
1766,analysisdataset (2).csv,1028,1,USPS,"11/16/2023, 17:20:41",The USPS package has arrived at the warehouse and cannot be delivered due to incomplete address informa-tion. Please confirm your address in the link within 12 hours. usps.uspsjz.com (Enter the link in your browser) The US Postal team wishes you a wonderful day
1767,analysisdataset (2).csv,1029,1,USPS,"11/16/2023, 17:30:03","The USPS package arrived at the warehouse but could not be delivered due to incomplete address information. Please confirm your address in the link. https://usps.trackquick-pk.shop (Please reply Y, then\nexit the text message and open it again to activate the link, or copy the link and open"
1768,analysisdataset (2).csv,1030,1,Ozow,"11/17/2023, 14:01:09","OZOW PAYMENT: A payment was sent to you via SARS Annual Return. https://hper.in/OzowSarsPay to link payment to your Credit/Cheque account, FSP36911 T&Cs Apply"
1769,analysisdataset (2).csv,1031,1,USPS,"11/17/2023, 14:22:58","The USPS package has arrived at the warehouse and cannot be delivered due to incomplete address information. Please confirm your address in the link within 12 hours. https://usphm.top (Please reply to Y, then exit the SMS, open the SMS activation link again, or copy the link to Safari browser and open it) The US Postal team wishes you a wonderful day"
1770,analysisdataset (2).csv,1032,1,Phone Number,"11/20/2023, 14:47:37",ALERT: *5* apps on your phone are breaching its security defenses. Ensure your safety by deleting these programs: dirqzoc.com/xAW58d60
1771,analysisdataset (2).csv,1033,1,Powerball,"11/20/2023, 17:32:35","Good news, This is Couple Tammy, the Powerball winner of $316.3 million in Wisconsin, Click here to watch our winning video https://youtu.be/nZ3xuJwm824 We are donating $150,000 to 50 people to appreciate what God has done in our life if you get this message then your number was selected among the 50 peoples. We are doing this to appreciate the lords of our life and to also help increase people's standard of living in 2023 for retired, bills, starting their own business, students, and about the covid-19, and also entrepreneurs disabled old women, and men in the states and countries. We have spread most of our wealth over several charities and organizations. There are a lot of people who can't stop thanking us for helping them, We have voluntarily decided to donate the sum of USD $150,000 to you as one of the selected 50, To verify your winning kindly send a text to Sandra To claim your winnings ONLY SEND A TEXT TO CLAIM YOUR WINNING"
1772,analysisdataset (2).csv,1034,1,USPS,"11/21/2023, 16:55:45",The USPS package has arrived at the warehouse and cannot be delivered due to incomplete address informa-tion. Please confirm your address in the link within 12 hours. usps.uspsgu.com (Enter the link in your browser)
1774,analysisdataset (2).csv,1035,1,IRS,"11/22/2023, 04:38:28",https://irs.gov.secure-fundhub.com immediately to ensure precise payment. Deadline: November
1776,analysisdataset (2).csv,1036,1,USPS,"11/22/2023, 23:24:59","Package Tracking: Your package arrived at the transit center but could not be delivered due to incomplete address information. Detail info: https://www.ussoton.com/best regards, USPS Customer Service 8:51 AM"
1777,analysisdataset (2).csv,1037,1,Canada Post,"11/23/2023, 13:27:22",Canada Post - The package has arrived at the warehouse and cannot be delivered due to incomplete address information. Please confirm your address at the link. https://www.hympes.com?token=kLiSsmaTxrkYPhNN The Canada Post team wishes you a great day!
1778,analysisdataset (2).csv,1038,1,IRS,"11/27/2023, 17:28:36","[ I.R.S ] You will receive a tax refund of $573.00, but cannot process it due to incomplete personal information. Please confirm your information in the link. https://irs.gov.secure-fundhub.com In order to expedite the processing of your refund and avoid potential delays or penalties, please provi > View all"
1781,analysisdataset (2).csv,1039,1,IRS,"11/29/2023, 14:26:30","! https://irs.gov.secure-fundhub.com In order to expedite the processing of your refund and avoid potential delays or penalties, please provide accurate personal information immediately to ensure precise payment. Deadline: November 30, 2023. Thank you for your cooperation! Sincerely, [IRS]"
1782,analysisdataset (2).csv,1040,1,USPS,"11/30/2023, 16:03:17","The USPS package has arrived at the warehouse and cannot be delivered due to incomplete address information. Please confirm your address in the link within 12 hours. https://usps-tracking-tols-oh.com (Please reply to Y, then exit the SMS, open the SMS activation link again, or copy the link to Safari browser and open it) The US Postal team wishes you a wonderful day"
1783,analysisdataset (2).csv,1041,1,USPS,"11/30/2023, 16:20:42","The USPS package arrived at the warehouse but could not be delivered due to incomplete address information. Please confirm your address in the link. https://usps.comhelphn.com (Please reply Y, activate the or copy the link link, and open it in your browser). The USPS team wishes you a wonderful day!"
1786,analysisdataset (2).csv,1042,1,IRS,"11/30/2023, 21:20:03","(IRS2023) You federal return was ban-by the IRS.Don't worry, we'll help you to Fix it,tap here> // 1rs.megabotikas.com/1rs"
1787,analysisdataset (2).csv,1043,1,USPS,"12/01/2023, 01:00:57","The USPS package has arrived at the warehouse and cannot be delivered due to incomplete address information. Please confirm your address in the link within 12 hours. https://matop.xyz/nxa1TK (Please reply to Y, then exit the SMS, open the SMS activation link again, or copy the link to Safari browser and open it) The US Postal team wishes you a wonderful day O"
1790,analysisdataset (2).csv,1044,1,Cash App,"12/01/2023, 17:04:40","This is from the Cash App Company in Conjunction with IRS, This program is for all U.S. Citizen to access the free payment of 3500.00. This payment is absolutely no dime, it's free. Kindly fill the form below to get started https://rb.gy/x178u"
1791,analysisdataset (2).csv,1045,1,USPS,"12/01/2023, 19:31:32","The USPS package has arrived at the warehouse and cannot be delivered due to incomplete address information. Please confirm your address in the link within 12 hours. usps.uspsbgf.org (Please reply to 1, then exit the SMS, open the SMS activation link again, or copy the link to browser and open it) The US Postal team wishes you a wonderful day"
1792,analysisdataset (2).csv,1046,1,Phone Number,"12/01/2023, 22:21:07",YOU turned Auto-Scan OFF on your device! 3 Malicious files have been found! Enable Auto-Scan now xsschju.com/W70A9956
1793,analysisdataset (2).csv,1047,1,USPS,"12/03/2023, 19:06:41","The USPS package has arrived at the warehouse and cannot be delivered due to incomplete address information. Please confirm your address in the link within 12 hours. https://usps.address-trace.shop (Please reply to Y, then exit the SMS, open the SMS activation link again, or copy the link to Safari browser and open it) The US Postal team wishes you a wonderful day"
1794,analysisdataset (2).csv,1048,1,Phone Number,"12/05/2023, 17:25:27","Coach Linda, I may not have time to go to the gym this week. Sorry!"
1796,analysisdataset (2).csv,1049,1,USPS,"12/06/2023, 19:54:11","The USPS package has arrived at the warehouse and cannot be delivered due to incomplete address information. Please confirm your address in the link within 12 hours. https://cargowatch-address.com (Please reply to Y, then exit the SMS, open the SMS activation link again, or copy the link to Safari browser and open it) The US Postal team wishes you a wonderful day"
1797,analysisdataset (2).csv,1050,1,USPS,"12/06/2023, 20:13:05","The USPS package has arrived at the warehouse and cannot be delivered due to incomplete address information. Please confirm your address in the link. https://usps.trckmypost.com (Please reply to 1, then exit theSMS, open the SMS activationlink again, or copy the link toSafari browser and open it) The US Postal team wishesyou a wonderful day! The USPS package has arrived at the warehouse and cannot be delivered due to incomplete address information. Please confirm your address in the link. https://usps.trckmypost.com (Please reply to 1, then exit theSMS, open the SMS iMessage"
1799,analysisdataset (2).csv,1051,1,IRS,"12/06/2023, 23:34:48",IRS TAX RE- FUND ID #1514R2 FDOO.pdf PDF Document â¢ 84 KB
1800,analysisdataset (2).csv,1052,1,IRS,"12/07/2023, 14:57:06",106921878569@bolellilab.com IRS TAX RE- FUND ID #80GZ P7VEY9.pdf PDF Document â¢ 84 KB
1801,analysisdataset (2).csv,1053,1,Email To Text,"12/07/2023, 18:25:58",IRS_TAX_REFUND_ID_#8OGZP7VEY9 https://qrco.de/becZZe/?ghOsNgDRvQ5hJZfpbXMPBoWVBC7zjVdweGyJRTkIuYAOidHrMqBuw5cKokg5I2y0
1804,analysisdataset (2).csv,1054,1,USPS,"12/11/2023, 00:32:56","The USPS package arrived at the warehouse but could not be delivered due to incomplete address information. Please confirm your address in the link. https://usps.myservice-tracking.com (Please reply Y, then exit the text message and open it again to activate the link, or copy the link and open it in your Safari browser). The USPS team wishes you a wonderful day! +"
1806,analysisdataset (2).csv,1055,1,USPS,"12/11/2023, 00:35:14",U.S.P.S - Your package arrived at the warehouse but could not be delivered due to incomplete address information. Please confirm your address in the link. https://uspxzpl.top (Please reply 1 and restart iMessage to activate the link or copy the link to open in your Safari browser) The U.S.P.S team wishes you a great day!
1807,analysisdataset (2).csv,1056,1,USPS,"12/11/2023, 00:36:08","USPS service: Package was delayed due to incomplete door number. Reply to [1], please reconfirm your address. https://www.upotps.com/go/Tracking/G01U6 Please update it timely.Open link in browser"
1812,analysisdataset (2).csv,1057,1,IRS,"12/11/2023, 15:02:18",IRS_TAX_REFUND_ID_# 01QF20J091.pdf PDF Document · 84 KB
1813,analysisdataset (2).csv,1058,1,IRS,"12/11/2023, 15:13:10",IRS_TAX_RE-FUND_ID_#01Q F20J091.pdf PDF Document 84 KB
1815,analysisdataset (2).csv,1059,1,Phone Number,"12/11/2023, 22:10:54",Hey. Amy when are you picking me up?
1816,analysisdataset (2).csv,1060,1,US Postal,"12/12/2023, 14:34:27","Hello dear user Your package has arrived at the warehouse and cannot be delivered due to incomplete address information. Please confirm your address at the link and we will send it within 24 hours. https://usrpxs.top Please reply to Y, then exit the text message and open it again to activate the link, or copy and open the link into your Safari browser. The US Postal team wishes you a wonderful day"
1817,analysisdataset (2).csv,1061,1,Phone Number,"12/13/2023, 15:01:23","Hey, it's John here, I'm having a hard time delivering your parcel. Please fill in the missing details here: zskuyyd.com/aj4BdNxG"
1818,analysisdataset (2).csv,1062,1,Phone Number,"12/13/2023, 15:12:28",Its Jim! Im trying to deliver your parcel. Please send me your delivery details asap qinpwhe.com/xA9dXLMD
