review_id,message_for_review,message_raw,message_clean,source_label,normalized_label_before_review,candidate_reason,source_name,dataset_name,source_group,contains_url,contains_phone,contains_otp,contains_amount,suggested_category,raw_quality_status,source_traceability_status,expert_label,expert_confidence,expert_notes,reviewer_name,review_date,normalized_label,likely_review_bucket,bucket_reason,spam_signal_score,smishing_signal_score,selection_priority_score,candidate_origin,duplicate_key
EXP-SPAM-0003,"SMS. ac sun0819 posts HELLO:""You seem cool, wanted to say hi. HI!!!"" Stop? Send STOP to 62468","SMS. ac sun0819 posts HELLO:""You seem cool, wanted to say hi. HI!!!"" Stop? Send STOP to 62468","SMS. ac sun0819 posts HELLO:""You seem cool, wanted to say hi. HI!!!"" Stop? Send STOP to 62468",spam,spam,needs_smishing_relabel,UCI SMS Spam Collection,SMS Spam Collection v.1,public_baseline,False,False,False,False,generic scam-like or unclear,pass_raw_complete,traceable,,,,,,spam,likely_spam_not_smishing,opt_out_ad;original_spam_label,6,0,52,current_raw_complete_packet,sms ac < > posts hello you seem cool wanted to say hi hi stop send stop to 62468
EXP-SPAM-0004,"Get 3 Lions England tone, reply lionm 4 mono or lionp 4 poly. 4 more go 2 www.ringtones.co.uk, the original n best. Tones 3GBP network operator rates apply","Get 3 Lions England tone, reply lionm 4 mono or lionp 4 poly. 4 more go 2 www.ringtones.co.uk, the original n best. Tones 3GBP network operator rates apply","Get 3 Lions England tone, reply lionm 4 mono or lionp 4 poly. 4 more go 2 www.ringtones.co.uk, the original n best. Tones 3GBP network operator rates apply",spam,spam,needs_smishing_relabel,UCI SMS Spam Collection,SMS Spam Collection v.1,public_baseline,True,False,False,True,telecom promo,pass_raw_complete,traceable,,,,,,spam,likely_spam_not_smishing,ringtone_subscription;link_present;original_spam_label,6,1,58,current_raw_complete_packet,get 3 lions england tone reply lionm 4 mono or lionp < > oly 4 more go 2 < > the original n best tones < > network operator rates apply
EXP-SPAM-0008,Call Germany for only 1 pence per minute! Call from a fixed line via access number 0844 861 85 85. No prepayment. Direct access!,Call Germany for only 1 pence per minute! Call from a fixed line via access number 0844 861 85 85. No prepayment. Direct access!,Call Germany for only 1 pence per minute! Call from a fixed line via access number 0844 861 85 85. No prepayment. Direct access!,spam,spam,needs_smishing_relabel,UCI SMS Spam Collection,SMS Spam Collection v.1,public_baseline,False,True,False,False,generic scam-like or unclear,pass_raw_complete,traceable,,,,,,spam,likely_spam_not_smishing,premium_number_ad;payment_bait;original_spam_label,5,3,68,current_raw_complete_packet,call germany for only < > ence per minute call from a fixed line via access number < > no prepayment direct access
EXP-SPAM-0009,"Over 3,0,000 songs on the www, music. nokia.com. Download 5 free tracks from the Nokia Music Store. Download now at http://music.nokia.co.in/myn5free","Over 3,0,000 songs on the www, music. nokia.com. Download 5 free tracks from the Nokia Music Store. Download now at http://music.nokia.co.in/myn5free","Over 3,0,000 songs on the www, music. nokia.com. Download 5 free tracks from the Nokia Music Store. Download now at http://music.nokia.co.in/myn5free",spam,spam,needs_smishing_relabel,Mishra & Soni,SMS Phishing Dataset for Machine Learning and Pattern Recognition,public_baseline,True,False,False,False,promotional spam,pass_raw_complete,traceable,,,,,,spam,likely_spam_not_smishing,promotional_offer;ringtone_subscription;link_present;original_spam_label,8,1,62,current_raw_complete_packet,over 3 0 000 songs on the www music < > download 5 free tracks from the nokia music store download now at < >
EXP-SPAM-0010,"TheMob> Check out our newest selection of content, Games, Tones, Gossip, babes and sport, Keep your mobile fit and funky text WAP to 82468","TheMob> Check out our newest selection of content, Games, Tones, Gossip, babes and sport, Keep your mobile fit and funky text WAP to 82468","TheMob> Check out our newest selection of content, Games, Tones, Gossip, babes and sport, Keep your mobile fit and funky text WAP to 82468",spam,spam,needs_smishing_relabel,UCI SMS Spam Collection,SMS Spam Collection v.1,public_baseline,False,False,False,False,telecom promo,pass_raw_complete,traceable,,,,,,spam,likely_spam_not_smishing,ringtone_subscription;original_spam_label,6,0,52,current_raw_complete_packet,themob> check out our newest selection of content games tones gossip babes and sport keep your mobile fit and funky text wap to 82468
EXP-SPAM-0012,<Forwarded from 21870000>Hi - this is your Mailbox Messaging SMS alert. You have 40 matches. Please call back on 09056242159 to retrieve your messages and matches cc100p/min,<Forwarded from 21870000>Hi - this is your Mailbox Messaging SMS alert. You have 40 matches. Please call back on 09056242159 to retrieve your messages and matches cc100p/min,<Forwarded from 21870000>Hi - this is your Mailbox Messaging SMS alert. You have 40 matches. Please call back on 09056242159 to retrieve your messages and matches cc100p/min,spam,spam,needs_smishing_relabel,UCI SMS Spam Collection,SMS Spam Collection v.1,public_baseline,False,True,False,False,generic scam-like or unclear,pass_raw_complete,traceable,,,,,,spam,likely_spam_not_smishing,original_spam_label,3,0,46,current_raw_complete_packet,<forwarded from < > >hi this is your mailbox messaging sms alert you have 40 matches please call back on < > to retrieve your messages and matches cc < > min
EXP-SPAM-0015,Call 09095350301 and send our girls into erotic ecstacy. Just 60p/min. To stop texts call 08712460324 (nat rate),Call 09095350301 and send our girls into erotic ecstacy. Just 60p/min. To stop texts call 08712460324 (nat rate),Call 09095350301 and send our girls into erotic ecstacy. Just 60p/min. To stop texts call 08712460324 (nat rate),spam,spam,needs_smishing_relabel,UCI SMS Spam Collection,SMS Spam Collection v.1,public_baseline,False,True,False,True,generic scam-like or unclear,pass_raw_complete,traceable,,,,,,spam,likely_spam_not_smishing,premium_number_ad;original_spam_label,5,0,50,current_raw_complete_packet,call < > and send our girls into erotic ecstacy just < > min to stop texts call < > nat rate
EXP-SPAM-0018,Call Germany for only 1 pence per minute! Call from a fixed line via access number 0844 861 85 85. No prepayment. Direct access! www.telediscount.co.uk,Call Germany for only 1 pence per minute! Call from a fixed line via access number 0844 861 85 85. No prepayment. Direct access! www.telediscount.co.uk,Call Germany for only 1 pence per minute! Call from a fixed line via access number 0844 861 85 85. No prepayment. Direct access! www.telediscount.co.uk,spam,spam,needs_smishing_relabel,UCI SMS Spam Collection,SMS Spam Collection v.1,public_baseline,True,True,False,False,promotional spam,pass_raw_complete,traceable,,,,,,spam,likely_spam_not_smishing,promotional_offer;premium_number_ad;link_present;payment_bait;original_spam_label,7,4,78,current_raw_complete_packet,call germany for only < > ence per minute call from a fixed line via access number < > no prepayment direct access < >
EXP-SPAM-0019,December only! Had your mobile 11mths+? You are entitled to update to the latest colour camera mobile for Free! Call The Mobile Update VCo FREE on 08002986906,December only! Had your mobile 11mths+? You are entitled to update to the latest colour camera mobile for Free! Call The Mobile Update VCo FREE on 08002986906,December only! Had your mobile 11mths+? You are entitled to update to the latest colour camera mobile for Free! Call The Mobile Update VCo FREE on 08002986906,spam,spam,needs_smishing_relabel,UCI SMS Spam Collection,SMS Spam Collection v.1,public_baseline,False,True,False,False,telecom promo,pass_raw_complete,traceable,,,,,,spam,likely_spam_not_smishing,promotional_offer;original_spam_label,5,0,50,current_raw_complete_packet,december only had your mobile 11mths you are entitled to update to the latest colour camera mobile for free call the mobile update vco free on < >
EXP-SPAM-0020,Winters & Weddings. Enjoy the season with glittering garments. Wardrobe Drycleaning Best Quality @ Affordable rates. Over 60 outlets in NCR. Call 9654726000,Winters & Weddings. Enjoy the season with glittering garments. Wardrobe Drycleaning Best Quality @ Affordable rates. Over 60 outlets in NCR. Call 9654726000,Winters & Weddings. Enjoy the season with glittering garments. Wardrobe Drycleaning Best Quality @ Affordable rates. Over 60 outlets in NCR. Call 9654726000,Spam,spam,needs_smishing_relabel,Mishra & Soni,SMS Phishing Dataset for Machine Learning and Pattern Recognition,public_baseline,False,True,False,True,generic scam-like or unclear,pass_raw_complete,traceable,,,,,,spam,likely_spam_not_smishing,premium_number_ad;original_spam_label,5,0,50,current_raw_complete_packet,winters weddings enjoy the season with glittering garments wardrobe drycleaning best quality affordable rates over 60 outlets in ncr call < >
EXP-SPAM-0022,HMV BONUS SPECIAL 500 pounds of genuine HMV vouchers to be won. Just answer 4 easy questions. Send HMV to 86688 More info:www.100percent-real.com,HMV BONUS SPECIAL 500 pounds of genuine HMV vouchers to be won. Just answer 4 easy questions. Send HMV to 86688 More info:www.100percent-real.com,HMV BONUS SPECIAL 500 pounds of genuine HMV vouchers to be won. Just answer 4 easy questions. Send HMV to 86688 More info:www.100percent-real.com,spam,spam,needs_smishing_relabel,Mishra & Soni,SMS Phishing Dataset for Machine Learning and Pattern Recognition,public_baseline,True,False,False,True,reward/prize,pass_raw_complete,traceable,,,,,,spam,likely_spam_not_smishing,promotional_offer;prize_reward_ad;link_present;original_spam_label,7,1,60,current_raw_complete_packet,hmv bonus special < > ounds of genuine hmv vouchers to be won just answer 4 easy questions send hmv to 86688 more info < >
EXP-SPAM-0024,Ringtone Club: Gr8 new polys direct to your mobile every week !,Ringtone Club: Gr8 new polys direct to your mobile every week !,Ringtone Club: Gr8 new polys direct to your mobile every week !,spam,spam,needs_smishing_relabel,UCI SMS Spam Collection,SMS Spam Collection v.1,public_baseline,False,False,False,False,telecom promo,pass_raw_complete,traceable,,,,,,spam,likely_spam_not_smishing,ringtone_subscription;original_spam_label,6,0,52,current_raw_complete_packet,ringtone club gr8 new polys direct to your mobile every week
EXP-SPAM-0025,(Bank of Granite issues Strong-Buy) EXPLOSIVE PICK FOR OUR MEMBERS *****UP OVER 300% *********** Nasdaq Symbol CDGT That is a $5.00 per..,(Bank of Granite issues Strong-Buy) EXPLOSIVE PICK FOR OUR MEMBERS *****UP OVER 300% *********** Nasdaq Symbol CDGT That is a $5.00 per..,(Bank of Granite issues Strong-Buy) EXPLOSIVE PICK FOR OUR MEMBERS *****UP OVER 300% *********** Nasdaq Symbol CDGT That is a $5.00 per..,spam,spam,needs_smishing_relabel,UCI SMS Spam Collection,SMS Spam Collection v.1,public_baseline,False,False,False,True,banking/account-like suspicious,pass_raw_complete,traceable,,,,,,spam,likely_spam_not_smishing,bank_account_bait;original_spam_label,3,3,64,current_raw_complete_packet,bank of granite issues strong buy explosive pick for our members up over 300 nasdaq symbol cdgt that is a < > per
EXP-SPAM-0026,"Sunshine Hols. To claim ur med holiday send a stamped self address envelope to Drinks on Us UK, PO Box 113, Bray, Wicklow, Eire. Quiz Starts Saturday!","Sunshine Hols. To claim ur med holiday send a stamped self address envelope to Drinks on Us UK, PO Box 113, Bray, Wicklow, Eire. Quiz Starts Saturday!","Sunshine Hols. To claim ur med holiday send a stamped self address envelope to Drinks on Us UK, PO Box 113, Bray, Wicklow, Eire. Quiz Starts Saturday!",spam,spam,needs_smishing_relabel,Mishra & Soni,SMS Phishing Dataset for Machine Learning and Pattern Recognition,public_baseline,False,False,False,False,reward/prize,pass_raw_complete,traceable,,,,,,spam,likely_spam_not_smishing,prize_reward_ad;original_spam_label,5,0,50,current_raw_complete_packet,sunshine hols to claim ur med holiday send a stamped self address envelope to drinks on us uk po box 113 bray wicklow eire quiz starts saturday
EXP-SPAM-0028,No1 Nokia tone 4 ur mob every week just txt NOKIA to 8007 Get txting and tell ur mates www.getzed.co.uk POBox 36504 W45WQ norm150p/tone 16+,No1 Nokia tone 4 ur mob every week just txt NOKIA to 8007 Get txting and tell ur mates www.getzed.co.uk POBox 36504 W45WQ norm150p/tone 16+,No1 Nokia tone 4 ur mob every week just txt NOKIA to 8007 Get txting and tell ur mates www.getzed.co.uk POBox 36504 W45WQ norm150p/tone 16+,spam,spam,needs_smishing_relabel,Mishra & Soni,SMS Phishing Dataset for Machine Learning and Pattern Recognition,public_baseline,True,False,False,False,telecom promo,pass_raw_complete,traceable,,,,,,spam,likely_spam_not_smishing,ringtone_subscription;premium_number_ad;link_present;original_spam_label,8,1,62,current_raw_complete_packet,no1 nokia tone 4 ur mob every week just txt nokia to 8007 get txting and tell ur mates < > pobox 36504 w45wq norm < > tone 16
EXP-SPAM-0029,Now Get*SAUNA SLIM BELT(Rs650)&VIBRATION+SAUNA BELT(Rs999)NCR(Rs50 Extra)LoseFAT(5 inch)+FreeSLIM.TEA PH:9311304872/9268250573,Now Get*SAUNA SLIM BELT(Rs650)&VIBRATION+SAUNA BELT(Rs999)NCR(Rs50 Extra)LoseFAT(5 inch)+FreeSLIM.TEA PH:9311304872/9268250573,Now Get*SAUNA SLIM BELT(Rs650)&VIBRATION+SAUNA BELT(Rs999)NCR(Rs50 Extra)LoseFAT(5 inch)+FreeSLIM.TEA PH:9311304872/9268250573,spam,spam,needs_smishing_relabel,Mishra & Soni,SMS Phishing Dataset for Machine Learning and Pattern Recognition,public_baseline,False,True,False,True,promotional spam,pass_raw_complete,traceable,,,,,,spam,likely_spam_not_smishing,original_spam_label,3,0,46,current_raw_complete_packet,now get sauna slim belt < > vibration sauna belt < > ncr < > extra losefat 5 inch < > ph < > < >
EXP-SPAM-0030,"Wellness Profile -health checkup from Thyrocare: Covers heart, thyroid, kidney, liver, diabetes & more. 63 Wellness Tests @home service with 33% Disc. : 09222201004","Wellness Profile -health checkup from Thyrocare: Covers heart, thyroid, kidney, liver, diabetes & more. 63 Wellness Tests @home service with 33% Disc. : 09222201004","Wellness Profile -health checkup from Thyrocare: Covers heart, thyroid, kidney, liver, diabetes & more. 63 Wellness Tests @home service with 33% Disc. : 09222201004",spam,spam,needs_smishing_relabel,Mishra & Soni,SMS Phishing Dataset for Machine Learning and Pattern Recognition,public_baseline,False,True,False,True,gambling/casino/free spin,pass_raw_complete,traceable,,,,,,spam,likely_spam_not_smishing,gambling_promo;original_spam_label,5,0,50,current_raw_complete_packet,wellness profile health checkup from thyrocare covers heart thyroid kidney liver diabetes more 63 wellness tests home service with 33 disc < >
EXP-SPAM-0031,"Hungry gay guys feeling hungry and up 4 it, now. Call 08718730555 just 10p/min. To stop texts call 08712460324 (10p/min)","Hungry gay guys feeling hungry and up 4 it, now. Call 08718730555 just 10p/min. To stop texts call 08712460324 (10p/min)","Hungry gay guys feeling hungry and up 4 it, now. Call 08718730555 just 10p/min. To stop texts call 08712460324 (10p/min)",spam,spam,needs_smishing_relabel,UCI SMS Spam Collection,SMS Spam Collection v.1,public_baseline,False,True,False,True,generic scam-like or unclear,pass_raw_complete,traceable,,,,,,spam,likely_spam_not_smishing,premium_number_ad;original_spam_label,5,0,50,current_raw_complete_packet,hungry gay guys feeling hungry and up 4 it now call < > just < > min to stop texts call < > p min
EXP-SPAM-0033,This message is brought to you by GMW Ltd. and is not connected to the,This message is brought to you by GMW Ltd. and is not connected to the,This message is brought to you by GMW Ltd. and is not connected to the,spam,spam,needs_smishing_relabel,UCI SMS Spam Collection,SMS Spam Collection v.1,public_baseline,False,False,False,False,generic scam-like or unclear,pass_raw_complete,traceable,,,,,,spam,likely_spam_not_smishing,original_spam_label,3,0,46,current_raw_complete_packet,this message is brought to you by gmw ltd and is not connected to the
EXP-SPAM-0034,Customer Loyalty Offer:The NEW Nokia6650 Mobile from ONLY £10 at TXTAUCTION! Txt word: START to No: 81151 & get yours Now! 4T&Ctxt TC 150p/MTmsg,Customer Loyalty Offer:The NEW Nokia6650 Mobile from ONLY £10 at TXTAUCTION! Txt word: START to No: 81151 & get yours Now! 4T&Ctxt TC 150p/MTmsg,Customer Loyalty Offer:The NEW Nokia6650 Mobile from ONLY £10 at TXTAUCTION! Txt word: START to No: 81151 & get yours Now! 4T&Ctxt TC 150p/MTmsg,spam,spam,needs_smishing_relabel,UCI SMS Spam Collection,SMS Spam Collection v.1,public_baseline,False,False,False,True,telecom promo,pass_raw_complete,traceable,,,,,,spam,likely_spam_not_smishing,promotional_offer;premium_number_ad;original_spam_label,7,0,54,current_raw_complete_packet,customer loyalty offer the new nokia6650 mobile from only < > at txtauction txt word start to no 81151 get yours now 4t ctxt tc < > mtmsg
EXP-SPAM-0036,"Did you hear about the new ""Divorce Barbie""? It comes with all of Ken's stuff!","Did you hear about the new ""Divorce Barbie""? It comes with all of Ken's stuff!","Did you hear about the new ""Divorce Barbie""? It comes with all of Ken's stuff!",spam,spam,needs_smishing_relabel,UCI SMS Spam Collection,SMS Spam Collection v.1,public_baseline,False,False,False,False,generic scam-like or unclear,pass_raw_complete,traceable,,,,,,spam,likely_spam_not_smishing,original_spam_label,3,0,46,current_raw_complete_packet,did you hear about the new divorce barbie it comes with all of ken s stuff
EXP-SPAM-0037,4mths half price Orange line rental & latest camera phones 4 FREE. Had your phone 11mths+? Call MobilesDirect free on 08000938767 to update now! or2stoptxt T&Cs,4mths half price Orange line rental & latest camera phones 4 FREE. Had your phone 11mths+? Call MobilesDirect free on 08000938767 to update now! or2stoptxt T&Cs,4mths half price Orange line rental & latest camera phones 4 FREE. Had your phone 11mths+? Call MobilesDirect free on 08000938767 to update now! or2stoptxt T&Cs,spam,spam,needs_smishing_relabel,UCI SMS Spam Collection,SMS Spam Collection v.1,public_baseline,False,True,False,False,telecom promo,pass_raw_complete,traceable,,,,,,spam,likely_spam_not_smishing,promotional_offer;original_spam_label,5,0,50,current_raw_complete_packet,4mths half price orange line rental latest camera phones 4 free had your phone 11mths call mobilesdirect free on < > to update now or2stoptxt t cs
EXP-SPAM-0038,Please complete registration process before using any service. Code=943 Tid=020001951238,Please complete registration process before using any service. Code=943 Tid=020001951238,Please complete registration process before using any service. Code=943 Tid=020001951238,spam,spam,needs_smishing_relabel,Mishra & Soni,SMS Phishing Dataset for Machine Learning and Pattern Recognition,public_baseline,False,True,False,False,generic scam-like or unclear,pass_raw_complete,traceable,,,,,,spam,likely_spam_not_smishing,original_spam_label,3,0,46,current_raw_complete_packet,please complete registration process before using any service code 943 tid < >
EXP-SPAM-0039,PPORTUNITY to Own flat on NOIDA Xprsway *2bhk-19.63 lac(Al Insv) *3bhk-25.46 lac(Al.Insv) *0km frm FNG/Metro statn *Valid for 6 dayz sms IN to 567670,PPORTUNITY to Own flat on NOIDA Xprsway *2bhk-19.63 lac(Al Insv) *3bhk-25.46 lac(Al.Insv) *0km frm FNG/Metro statn *Valid for 6 dayz sms IN to 567670,PPORTUNITY to Own flat on NOIDA Xprsway *2bhk-19.63 lac(Al Insv) *3bhk-25.46 lac(Al.Insv) *0km frm FNG/Metro statn *Valid for 6 dayz sms IN to 567670,spam,spam,needs_smishing_relabel,Mishra & Soni,SMS Phishing Dataset for Machine Learning and Pattern Recognition,public_baseline,False,False,False,True,generic scam-like or unclear,pass_raw_complete,traceable,,,,,,spam,likely_spam_not_smishing,original_spam_label,3,0,46,current_raw_complete_packet,pportunity to own flat on noida xprsway 2bhk 19 63 lac al insv 3bhk 25 46 lac < > 0km frm fng metro statn valid for 6 dayz sms in to 567670
EXP-SPAM-0040,"Will u meet ur dream partner soon? Is ur career off 2 a flyng start? 2 find out free, txt HORO followed by ur star sign, e. g. HORO ARIES","Will u meet ur dream partner soon? Is ur career off 2 a flyng start? 2 find out free, txt HORO followed by ur star sign, e. g. HORO ARIES","Will u meet ur dream partner soon? Is ur career off 2 a flyng start? 2 find out free, txt HORO followed by ur star sign, e. g. HORO ARIES",spam,spam,needs_smishing_relabel,UCI SMS Spam Collection,SMS Spam Collection v.1,public_baseline,False,False,False,False,telecom promo,pass_raw_complete,traceable,,,,,,spam,likely_spam_not_smishing,promotional_offer;original_spam_label,5,0,50,current_raw_complete_packet,will u meet ur dream partner soon is ur career off 2 a flyng start 2 find out free txt horo followed by ur star sign e g horo aries
EXP-SPAM-0041,Sunshine Quiz Wkly Q! Win a top Sony DVD player if u know which country the Algarve is in? Txt ansr to 82277.,Sunshine Quiz Wkly Q! Win a top Sony DVD player if u know which country the Algarve is in? Txt ansr to 82277.,Sunshine Quiz Wkly Q! Win a top Sony DVD player if u know which country the Algarve is in? Txt ansr to 82277.,spam,spam,needs_smishing_relabel,Mishra & Soni,SMS Phishing Dataset for Machine Learning and Pattern Recognition,public_baseline,False,False,False,False,telecom promo,pass_raw_complete,traceable,,,,,,spam,likely_spam_not_smishing,ringtone_subscription;original_spam_label,6,0,52,current_raw_complete_packet,sunshine quiz wkly q win a top sony dvd player if u know which country the algarve is in txt ansr to 82277
EXP-SPAM-0042,U can WIN £100 of Music Gift Vouchers every week starting NOW Txt the word DRAW to 87066 TsCs www.ldew.com .150ppermessSubscription,U can WIN £100 of Music Gift Vouchers every week starting NOW Txt the word DRAW to 87066 TsCs www.ldew.com .150ppermessSubscription,U can WIN £100 of Music Gift Vouchers every week starting NOW Txt the word DRAW to 87066 TsCs www.ldew.com .150ppermessSubscription,spam,spam,needs_smishing_relabel,Mishra & Soni,SMS Phishing Dataset for Machine Learning and Pattern Recognition,public_baseline,True,False,False,True,reward/prize,pass_raw_complete,traceable,,,,,,spam,likely_spam_not_smishing,promotional_offer;ringtone_subscription;premium_number_ad;link_present;original_spam_label,10,1,66,current_raw_complete_packet,u can win < > of music gift vouchers every week starting now txt the word draw to 87066 tscs < > < > permesssubscription
EXP-SPAM-0043,Filthy stories and GIRLS waiting for your,Filthy stories and GIRLS waiting for your,Filthy stories and GIRLS waiting for your,spam,spam,needs_smishing_relabel,UCI SMS Spam Collection,SMS Spam Collection v.1,public_baseline,False,False,False,False,generic scam-like or unclear,pass_raw_complete,traceable,,,,,,spam,likely_spam_not_smishing,original_spam_label,3,0,46,current_raw_complete_packet,filthy stories and girls waiting for your
EXP-SPAM-0047,"As a SIM subscriber, you are selected to receive a Bonus! Get it delivered to your door, Txt the word OK to No: 88600 to claim. 150p/msg, EXP. 30Apr","As a SIM subscriber, you are selected to receive a Bonus! Get it delivered to your door, Txt the word OK to No: 88600 to claim. 150p/msg, EXP. 30Apr","As a SIM subscriber, you are selected to receive a Bonus! Get it delivered to your door, Txt the word OK to No: 88600 to claim. 150p/msg, EXP. 30Apr",spam,spam,needs_smishing_relabel,UCI SMS Spam Collection,SMS Spam Collection v.1,public_baseline,False,False,False,True,reward/prize,pass_raw_complete,traceable,,,,,,spam,likely_spam_not_smishing,premium_number_ad;prize_reward_ad;original_spam_label,7,0,54,current_raw_complete_packet,as a sim subscriber you are selected to receive a bonus get it delivered to your door txt the word ok to no 88600 to claim < > msg exp 30apr
EXP-SPAM-0049,n 45days Reduce Fat(8 Inch)use*SAUNA SLIM BELT*(650) VIBRATION BELT(999) NCR(50Rs Extra)+Free YOKO Call Now:9268250573/931130487,n 45days Reduce Fat(8 Inch)use*SAUNA SLIM BELT*(650) VIBRATION BELT(999) NCR(50Rs Extra)+Free YOKO Call Now:9268250573/931130487,n 45days Reduce Fat(8 Inch)use*SAUNA SLIM BELT*(650) VIBRATION BELT(999) NCR(50Rs Extra)+Free YOKO Call Now:9268250573/931130487,Spam,spam,needs_smishing_relabel,Mishra & Soni,SMS Phishing Dataset for Machine Learning and Pattern Recognition,public_baseline,False,True,False,True,promotional spam,pass_raw_complete,traceable,,,,,,spam,likely_spam_not_smishing,promotional_offer;original_spam_label,5,0,50,current_raw_complete_packet,n 45days reduce fat 8 inch use sauna slim belt 650 vibration belt 999 ncr < > extra free yoko call now < > < >
EXP-SPAM-0050,"Make your career recession proof with 1 year Executive Master program in Information Security,  Get qualified for 1,88,000* Jobs. SMS or Call MS @9717470558","Make your career recession proof with 1 year Executive Master program in Information Security,  Get qualified for 1,88,000* Jobs. SMS or Call MS @9717470558","Make your career recession proof with 1 year Executive Master program in Information Security,  Get qualified for 1,88,000* Jobs. SMS or Call MS @9717470558",Spam,spam,needs_smishing_relabel,Mishra & Soni,SMS Phishing Dataset for Machine Learning and Pattern Recognition,public_baseline,False,True,False,False,job/investment offer,pass_raw_complete,traceable,,,,,,spam,likely_spam_not_smishing,original_spam_label,3,0,46,current_raw_complete_packet,make your career recession proof with 1 year executive master program in information security get qualified for 1 88 000 jobs sms or call ms < >
EXP-SPAM-0051,"Goal! Arsenal 4 (Henry, 7 v Liverpool 2 Henry scores with a simple shot from 6 yards from a pass by Bergkamp to give Arsenal a 2 goal margin after 78 mins.","Goal! Arsenal 4 (Henry, 7 v Liverpool 2 Henry scores with a simple shot from 6 yards from a pass by Bergkamp to give Arsenal a 2 goal margin after 78 mins.","Goal! Arsenal 4 (Henry, 7 v Liverpool 2 Henry scores with a simple shot from 6 yards from a pass by Bergkamp to give Arsenal a 2 goal margin after 78 mins.",spam,spam,needs_smishing_relabel,UCI SMS Spam Collection,SMS Spam Collection v.1,public_baseline,False,False,False,True,generic scam-like or unclear,pass_raw_complete,traceable,,,,,,spam,likely_spam_not_smishing,original_spam_label,3,0,46,current_raw_complete_packet,goal arsenal 4 henry 7 v liverpool 2 henry scores with a simple shot from 6 yards from a pass by bergkamp to give arsenal a 2 goal margin after 78 mins
EXP-SPAM-0052,Mobile Club: Choose any of the top quality items for your mobile. 7cfca1a,Mobile Club: Choose any of the top quality items for your mobile. 7cfca1a,Mobile Club: Choose any of the top quality items for your mobile. 7cfca1a,spam,spam,needs_smishing_relabel,UCI SMS Spam Collection,SMS Spam Collection v.1,public_baseline,False,False,False,False,telecom promo,pass_raw_complete,traceable,,,,,,spam,likely_spam_not_smishing,original_spam_label,3,0,46,current_raw_complete_packet,mobile club choose any of the top quality items for your mobile 7cfca1a
EXP-SPAM-0053,Only 1 day left for SAWAN KI BAHAR compt. for Agents/DOs/CLIAs. Qualify the competition and win maximum prizes...SDM,Only 1 day left for SAWAN KI BAHAR compt. for Agents/DOs/CLIAs. Qualify the competition and win maximum prizes...SDM,Only 1 day left for SAWAN KI BAHAR compt. for Agents/DOs/CLIAs. Qualify the competition and win maximum prizes...SDM,spam,spam,needs_smishing_relabel,Mishra & Soni,SMS Phishing Dataset for Machine Learning and Pattern Recognition,public_baseline,False,False,False,False,reward/prize,pass_raw_complete,traceable,,,,,,spam,likely_spam_not_smishing,prize_reward_ad;original_spam_label,5,0,50,current_raw_complete_packet,only 1 day left for sawan ki bahar compt for agents dos clias qualify the competition and win maximum prizes sdm
EXP-SPAM-0054,INTERFLORA - It's not too late to order Interflora flowers for christmas call 0800 505060 to place your order before Midnight tomorrow.,INTERFLORA - It's not too late to order Interflora flowers for christmas call 0800 505060 to place your order before Midnight tomorrow.,INTERFLORA - It's not too late to order Interflora flowers for christmas call 0800 505060 to place your order before Midnight tomorrow.,spam,spam,needs_smishing_relabel,UCI SMS Spam Collection,SMS Spam Collection v.1,public_baseline,False,True,False,True,generic scam-like or unclear,pass_raw_complete,traceable,,,,,,spam,likely_spam_not_smishing,premium_number_ad;original_spam_label,5,0,50,current_raw_complete_packet,interflora it s not too late to order interflora flowers for christmas call < > to place your order before midnight tomorrow
EXP-SPAM-0055,"call now 08707509020 Just 20p per min NTT Ltd, PO Box 1327 Croydon CR9 5WB 0870 is a national rate call","call now 08707509020 Just 20p per min NTT Ltd, PO Box 1327 Croydon CR9 5WB 0870 is a national rate call","call now 08707509020 Just 20p per min NTT Ltd, PO Box 1327 Croydon CR9 5WB 0870 is a national rate call",spam,spam,needs_smishing_relabel,Mishra & Soni,SMS Phishing Dataset for Machine Learning and Pattern Recognition,public_baseline,False,True,False,True,generic scam-like or unclear,pass_raw_complete,traceable,,,,,,spam,likely_spam_not_smishing,premium_number_ad;original_spam_label,5,0,50,current_raw_complete_packet,call now < > just < > per min ntt ltd po box 1327 croydon cr9 5wb 0870 is a national rate call
EXP-SPAM-0057,"Thanks for your ringtone order, reference number X49. Your mobile will be charged 4.50. Should your tone not arrive please call customer services 09065989182. From: [colour=red]text[/colour]TXTstar","Thanks for your ringtone order, reference number X49. Your mobile will be charged 4.50. Should your tone not arrive please call customer services 09065989182. From: [colour=red]text[/colour]TXTstar","Thanks for your ringtone order, reference number X49. Your mobile will be charged 4.50. Should your tone not arrive please call customer services 09065989182. From: [colour=red]text[/colour]TXTstar",spam,spam,needs_smishing_relabel,UCI SMS Spam Collection,SMS Spam Collection v.1,public_baseline,False,True,False,False,telecom promo,pass_raw_complete,traceable,,,,,,spam,likely_spam_not_smishing,ringtone_subscription;payment_bait;original_spam_label,6,3,70,current_raw_complete_packet,thanks for your ringtone order reference number x49 your mobile will be charged 4 50 should your tone not arrive please call customer services < > from colour red text colour txtstar
EXP-SPAM-0058,"Got what it takes 2 take part in the WRC Rally in Oz? U can with Lucozade Energy! Text RALLY LE to 61200 (25p), see packs or lucozade.co.uk/wrc & itcould be u!","Got what it takes 2 take part in the WRC Rally in Oz? U can with Lucozade Energy! Text RALLY LE to 61200 (25p), see packs or lucozade.co.uk/wrc & itcould be u!","Got what it takes 2 take part in the WRC Rally in Oz? U can with Lucozade Energy! Text RALLY LE to 61200 (25p), see packs or lucozade.co.uk/wrc & itcould be u!",spam,spam,needs_smishing_relabel,UCI SMS Spam Collection,SMS Spam Collection v.1,public_baseline,True,True,False,True,generic scam-like or unclear,pass_raw_complete,traceable,,,,,,spam,likely_spam_not_smishing,ringtone_subscription;original_spam_label,6,0,52,current_raw_complete_packet,got what it takes 2 take part in the wrc rally in oz u can with lucozade energy text rally le to < > p see packs or < > itcould be u
EXP-SPAM-0061,Hey I am really want to chat  text hot to 69698 text charged at 150pm to unsubscribe text stop 69698,Hey I am really want to chat  text hot to 69698 text charged at 150pm to unsubscribe text stop 69698,Hey I am really want to chat  text hot to 69698 text charged at 150pm to unsubscribe text stop 69698,spam,spam,needs_smishing_relabel,Mishra & Soni,SMS Phishing Dataset for Machine Learning and Pattern Recognition,public_baseline,False,False,False,False,adult/chat promo,pass_raw_complete,traceable,,,,,,spam,likely_spam_not_smishing,ringtone_subscription;adult_chat_promo;opt_out_ad;premium_number_ad;payment_bait;original_spam_label,14,3,86,current_raw_complete_packet,hey i am really want to chat text hot to 69698 text charged at < > m to unsubscribe text stop 69698
EXP-SPAM-0062,RCT' THNQ Adrian for U text. Rgds Vatian,RCT' THNQ Adrian for U text. Rgds Vatian,RCT' THNQ Adrian for U text. Rgds Vatian,spam,spam,needs_smishing_relabel,UCI SMS Spam Collection,SMS Spam Collection v.1,public_baseline,False,False,False,False,generic scam-like or unclear,pass_raw_complete,traceable,,,,,,spam,likely_spam_not_smishing,original_spam_label,3,0,46,current_raw_complete_packet,rct thnq adrian for u text rgds vatian
EXP-SPAM-0064,lam Frederick banner. Pls conatct me asap regarding a possible late,lam Frederick banner. Pls conatct me asap regarding a possible late,lam Frederick banner. Pls conatct me asap regarding a possible late,spam,spam,needs_smishing_relabel,Mishra & Soni,SMS Phishing Dataset for Machine Learning and Pattern Recognition,public_baseline,False,False,False,False,generic scam-like or unclear,pass_raw_complete,traceable,,,,,,spam,likely_spam_not_smishing,original_spam_label,3,0,46,current_raw_complete_packet,lam frederick banner pls conatct me asap regarding a possible late
EXP-SPAM-0065,Wanna have a laugh? Try CHIT-CHAT on your mobile now! Logon by txting the word: CHAT and send it to No: 8883 CM PO Box 4217 London W1A 6ZF 16+ 118p/msg rcvd,Wanna have a laugh? Try CHIT-CHAT on your mobile now! Logon by txting the word: CHAT and send it to No: 8883 CM PO Box 4217 London W1A 6ZF 16+ 118p/msg rcvd,Wanna have a laugh? Try CHIT-CHAT on your mobile now! Logon by txting the word: CHAT and send it to No: 8883 CM PO Box 4217 London W1A 6ZF 16+ 118p/msg rcvd,spam,spam,needs_smishing_relabel,UCI SMS Spam Collection,SMS Spam Collection v.1,public_baseline,False,False,False,True,adult/chat promo,pass_raw_complete,traceable,,,,,,spam,likely_spam_not_smishing,adult_chat_promo;original_spam_label,6,0,52,current_raw_complete_packet,wanna have a laugh try chit chat on your mobile now logon by txting the word chat and send it to no 8883 cm po box 4217 london w1a 6zf 16 < > msg rcvd
EXP-SPAM-0066,Reply to win £100 weekly! What professional sport does Tiger Woods play? Send STOP to 87239 to end service,Reply to win £100 weekly! What professional sport does Tiger Woods play? Send STOP to 87239 to end service,Reply to win £100 weekly! What professional sport does Tiger Woods play? Send STOP to 87239 to end service,spam,spam,needs_smishing_relabel,UCI SMS Spam Collection,SMS Spam Collection v.1,public_baseline,False,False,False,True,generic scam-like or unclear,pass_raw_complete,traceable,,,,,,spam,likely_spam_not_smishing,opt_out_ad;original_spam_label,6,0,52,current_raw_complete_packet,reply to win < > weekly what professional sport does tiger woods play send stop to 87239 to end service
EXP-SPAM-0067,18 days to Euro2004 kickoff! U will be kept informed of all the latest news and results daily. Unsubscribe send GET EURO STOP to 83222.,18 days to Euro2004 kickoff! U will be kept informed of all the latest news and results daily. Unsubscribe send GET EURO STOP to 83222.,18 days to Euro2004 kickoff! U will be kept informed of all the latest news and results daily. Unsubscribe send GET EURO STOP to 83222.,spam,spam,needs_smishing_relabel,UCI SMS Spam Collection,SMS Spam Collection v.1,public_baseline,False,True,False,True,promotional spam,pass_raw_complete,traceable,,,,,,spam,likely_spam_not_smishing,opt_out_ad;original_spam_label,6,0,52,current_raw_complete_packet,18 days to < > kickoff u will be kept informed of all the latest news and results daily unsubscribe send get euro stop to 83222
EXP-SPAM-0068,New TEXTBUDDY Chat 2  guys in ur area 4 just 25p Free 2 receive Search postcode or at gaytextbuddy.com. TXT ONE name to 89693,New TEXTBUDDY Chat 2  guys in ur area 4 just 25p Free 2 receive Search postcode or at gaytextbuddy.com. TXT ONE name to 89693,New TEXTBUDDY Chat 2  guys in ur area 4 just 25p Free 2 receive Search postcode or at gaytextbuddy.com. TXT ONE name to 89693,spam,spam,needs_smishing_relabel,Mishra & Soni,SMS Phishing Dataset for Machine Learning and Pattern Recognition,public_baseline,True,False,False,True,adult/chat promo,pass_raw_complete,traceable,,,,,,spam,likely_spam_not_smishing,promotional_offer;ringtone_subscription;adult_chat_promo;original_spam_label,11,0,62,current_raw_complete_packet,new textbuddy chat 2 guys in ur area 4 just < > free 2 receive search postcode or at < > txt one name to 89693
EXP-SPAM-0069,"Welcome to Select, an O2 service with added benefits. You can now call our specially trained advisors FREE from your mobile by dialling 402.","Welcome to Select, an O2 service with added benefits. You can now call our specially trained advisors FREE from your mobile by dialling 402.","Welcome to Select, an O2 service with added benefits. You can now call our specially trained advisors FREE from your mobile by dialling 402.",spam,spam,needs_smishing_relabel,UCI SMS Spam Collection,SMS Spam Collection v.1,public_baseline,False,False,False,True,telecom promo,pass_raw_complete,traceable,,,,,,spam,likely_spam_not_smishing,promotional_offer;government_bait;original_spam_label,5,3,68,current_raw_complete_packet,welcome to select an o2 service with added benefits you can now call our specially trained advisors free from your mobile by dialling 402
EXP-SPAM-0071,"Got what it takes 2 take part in the WRC Rally in Oz? U can with Lucozade Energy! Text RALLY LE to 61200 (25p), login to lucozade.co.uk/wrc","Got what it takes 2 take part in the WRC Rally in Oz? U can with Lucozade Energy! Text RALLY LE to 61200 (25p), login to lucozade.co.uk/wrc","Got what it takes 2 take part in the WRC Rally in Oz? U can with Lucozade Energy! Text RALLY LE to 61200 (25p), login to lucozade.co.uk/wrc",spam,spam,needs_smishing_relabel,Mishra & Soni,SMS Phishing Dataset for Machine Learning and Pattern Recognition,public_baseline,True,True,False,True,generic scam-like or unclear,pass_raw_complete,traceable,,,,,,spam,likely_spam_not_smishing,ringtone_subscription;credential_or_otp_request;original_spam_label,6,4,76,current_raw_complete_packet,got what it takes 2 take part in the wrc rally in oz u can with lucozade energy text rally le to < > p login to < >
EXP-SPAM-0073,YES! The only place in town to meet exciting adult singles is now in the UK. Txt CHAT to 86688 now!,YES! The only place in town to meet exciting adult singles is now in the UK. Txt CHAT to 86688 now!,YES! The only place in town to meet exciting adult singles is now in the UK. Txt CHAT to 86688 now!,spam,spam,needs_smishing_relabel,Mishra & Soni,SMS Phishing Dataset for Machine Learning and Pattern Recognition,public_baseline,False,False,False,False,adult/chat promo,pass_raw_complete,traceable,,,,,,spam,likely_spam_not_smishing,ringtone_subscription;adult_chat_promo;original_spam_label,9,0,58,current_raw_complete_packet,yes the only place in town to meet exciting adult singles is now in the uk txt chat to 86688 now
EXP-SPAM-0074,Email AlertFrom: Jeri StewartSize: 2KBSubject: Low-cost prescripiton drvgsTo listen to email call 123,Email AlertFrom: Jeri StewartSize: 2KBSubject: Low-cost prescripiton drvgsTo listen to email call 123,Email AlertFrom: Jeri StewartSize: 2KBSubject: Low-cost prescripiton drvgsTo listen to email call 123,spam,spam,needs_smishing_relabel,UCI SMS Spam Collection,SMS Spam Collection v.1,public_baseline,False,False,False,False,generic scam-like or unclear,pass_raw_complete,traceable,,,,,,spam,likely_spam_not_smishing,premium_number_ad;original_spam_label,5,0,50,current_raw_complete_packet,email alertfrom jeri stewartsize 2kbsubject low cost prescripiton drvgsto listen to email call 123
EXP-SPAM-0075,Buy Space Invaders 4 a chance 2 win orig Arcade Game console. Press 0 for Games Arcade (std WAP charge) See o2.co.uk/games 4 Terms + settings. No purchase,Buy Space Invaders 4 a chance 2 win orig Arcade Game console. Press 0 for Games Arcade (std WAP charge) See o2.co.uk/games 4 Terms + settings. No purchase,Buy Space Invaders 4 a chance 2 win orig Arcade Game console. Press 0 for Games Arcade (std WAP charge) See o2.co.uk/games 4 Terms + settings. No purchase,spam,spam,needs_smishing_relabel,UCI SMS Spam Collection,SMS Spam Collection v.1,public_baseline,True,False,False,True,generic scam-like or unclear,pass_raw_complete,traceable,,,,,,spam,likely_spam_not_smishing,payment_bait;original_spam_label,3,3,64,current_raw_complete_packet,buy space invade < > a chance 2 win orig arcade game console press 0 for games arcade std wap charge see < > 4 terms settings no purchase
EXP-SPAM-0076,"Minimal documentation,  Quick approval,  Low rates. Home Loan @9.25%.Loan Against Properties@11.5%. Call on 011-43065228 visit www.mymoneymantra.com.T$C apply.","Minimal documentation,  Quick approval,  Low rates. Home Loan @9.25%.Loan Against Properties@11.5%. Call on 011-43065228 visit www.mymoneymantra.com.T$C apply.","Minimal documentation,  Quick approval,  Low rates. Home Loan @9.25%.Loan Against Properties@11.5%. Call on 011-43065228 visit www.mymoneymantra.com.T$C apply.",spam,spam,needs_smishing_relabel,Mishra & Soni,SMS Phishing Dataset for Machine Learning and Pattern Recognition,public_baseline,True,True,False,True,generic scam-like or unclear,pass_raw_complete,traceable,,,,,,spam,likely_spam_not_smishing,link_present;original_spam_label,3,1,52,current_raw_complete_packet,minimal documentation quick approval low rates home loan 9 25 loan against properties 11 5 call on < > visit < > apply
EXP-SPAM-0077,Sorry! U can not unsubscribe yet. THE MOB offer package has a min term of 54 weeks> pls resubmit request after expiry. Reply THEMOB HELP 4 more info,Sorry! U can not unsubscribe yet. THE MOB offer package has a min term of 54 weeks> pls resubmit request after expiry. Reply THEMOB HELP 4 more info,Sorry! U can not unsubscribe yet. THE MOB offer package has a min term of 54 weeks> pls resubmit request after expiry. Reply THEMOB HELP 4 more info,spam,spam,needs_smishing_relabel,UCI SMS Spam Collection,SMS Spam Collection v.1,public_baseline,False,False,False,False,delivery-like suspicious,pass_raw_complete,traceable,,,,,,spam,likely_spam_not_smishing,promotional_offer;opt_out_ad;delivery_bait;original_spam_label,8,3,74,current_raw_complete_packet,sorry u can not unsubscribe yet the mob offer package has a min term of 54 weeks> pls resubmit request after expiry reply themob help 4 more info
EXP-SPAM-0079,"Double mins and txts 4 6months FREE Bluetooth on Orange. Available on Sony, Nokia Motorola phones. Call MobileUpd8 on 08000839402 or call2optout/N9DX","Double mins and txts 4 6months FREE Bluetooth on Orange. Available on Sony, Nokia Motorola phones. Call MobileUpd8 on 08000839402 or call2optout/N9DX","Double mins and txts 4 6months FREE Bluetooth on Orange. Available on Sony, Nokia Motorola phones. Call MobileUpd8 on 08000839402 or call2optout/N9DX",spam,spam,needs_smishing_relabel,UCI SMS Spam Collection,SMS Spam Collection v.1,public_baseline,False,True,False,False,telecom promo,pass_raw_complete,traceable,,,,,,spam,likely_spam_not_smishing,promotional_offer;original_spam_label,5,0,50,current_raw_complete_packet,double mins and txts 4 6months free bluetooth on orange available on sony nokia motorola phones call mobileupd8 on < > or call2optout n9dx
EXP-SPAM-0080,Ur balance is now £500. Ur next question is: Who sang 'Uptown Girl' in the 80's ? 2 answer txt ur ANSWER to 83600. Good luck!,Ur balance is now £500. Ur next question is: Who sang 'Uptown Girl' in the 80's ? 2 answer txt ur ANSWER to 83600. Good luck!,Ur balance is now £500. Ur next question is: Who sang 'Uptown Girl' in the 80's ? 2 answer txt ur ANSWER to 83600. Good luck!,spam,spam,needs_smishing_relabel,UCI SMS Spam Collection,SMS Spam Collection v.1,public_baseline,False,False,False,True,telecom promo,pass_raw_complete,traceable,,,,,,spam,likely_spam_not_smishing,ringtone_subscription;original_spam_label,6,0,52,current_raw_complete_packet,ur balance is now < > ur next question is who sang uptown girl in the 80 s 2 answer txt ur answer to 83600 good luck
EXP-SPAM-0081,Fuck you scammer! I'll find you and I'm coming for you. 💀,Fuck you scammer! I'll find you and I'm coming for you. 💀,Fuck you scammer! I'll find you and I'm coming for you. 💀,smishing_corpus_row,smishing,possible_spam_not_smishing,Smishing-Dataset-IMC25,reportsmishing/Smishing-Dataset-IMC25,strict_raw_replacement_91k_pool,False,False,False,False,generic scam-like or unclear,pass_raw_complete,traceable,,,,,,smishing,likely_smishing,possible_spam_not_smishing,0,2,52,current_raw_complete_packet,fuck you scammer i ll find you and i m coming for you
EXP-SPAM-0083,Who is this if I don't know you please stop texting me before I report it to the police,Who is this if I don't know you please stop texting me before I report it to the police,Who is this if I don't know you please stop texting me before I report it to the police,smishing_corpus_row,smishing,possible_spam_not_smishing,Smishing-Dataset-IMC25,reportsmishing/Smishing-Dataset-IMC25,raw_recovery_91k_pool,False,False,False,False,delivery-like suspicious,pass_raw_complete,traceable,,,,,,smishing,likely_smishing,possible_spam_not_smishing,0,2,52,current_raw_complete_packet,who is this if i don t know you please stop texting me before i report it to the police
EXP-SPAM-0084,MS1 Your package was sent to the wrong address and no one signed for it. Please fill in the address and redeliver: usp-plutrebun.us,MS1 Your package was sent to the wrong address and no one signed for it. Please fill in the address and redeliver: usp-plutrebun.us,MS1 Your package was sent to the wrong address and no one signed for it. Please fill in the address and redeliver: <URL>,phishing_messages_row,smishing,weak_signal_suspicious,SMS Phishing Dataset,wspr-ncsu/sms-phishing,raw_recovery_91k_pool,True,False,False,False,banking/account-like suspicious,pass_raw_complete,traceable,,,,,,smishing,likely_smishing,delivery_bait,0,5,70,current_raw_complete_packet,ms1 your package was sent to the wrong address and no one signed for it please fill in the address and redeliver < >
EXP-SPAM-0087,We would like to know your experience with Grab,We would like to know your experience with Grab,We would like to know your experience with Grab,smishing_corpus_row,smishing,weak_signal_suspicious,Smishing-Dataset-IMC25,reportsmishing/Smishing-Dataset-IMC25,strict_raw_replacement_91k_pool,False,False,False,False,generic scam-like or unclear,pass_raw_complete,traceable,,,,,,smishing,likely_smishing,,0,2,52,current_raw_complete_packet,we would like to know your experience with grab
EXP-SPAM-0091,Your son's university admission canceled. Restore with donation 75000 TK: admission-restore.bd/urgent,Your son's university admission canceled. Restore with donation 75000 TK: admission-restore.bd/urgent,Your son's university admission canceled. Restore with donation 75000 TK: admission-restore.bd/urgent,smish,smishing,weak_signal_suspicious,Bengali SMS Smishing Dataset,shariul-islam/bengali-sms-smishing-dataset,raw_recovery_91k_pool,False,False,False,True,delivery-like suspicious,pass_raw_complete,traceable,,,,,,smishing,likely_smishing,verification_action;urgency,0,7,82,current_raw_complete_packet,your son s university admission canceled restore with donation 75000 tk < >
EXP-SPAM-0092,"FRM:ampbell
SUBJ:the shadedEvie and
MSG: kn6wde
Please wait...","FRM:ampbell
SUBJ:the shadedEvie and
MSG: kn6wde
Please wait...",FRM:ampbell SUBJ:the shadedEvie and MSG: kn6wde Please wait...,smishing_corpus_row,smishing,weak_signal_suspicious,Smishing-Dataset-IMC25,reportsmishing/Smishing-Dataset-IMC25,raw_recovery_91k_pool,False,False,False,False,generic scam-like or unclear,pass_raw_complete,traceable,,,,,,smishing,likely_smishing,,0,2,52,current_raw_complete_packet,frm ampbell subj the shadedevie and msg kn6wde please wait
EXP-SPAM-0094,"If anyone wants to earn income online from home, inbox me. 200 to 500 taka daily.","If anyone wants to earn income online from home, inbox me. 200 to 500 taka daily.","If anyone wants to earn income online from home, inbox me. 200 to 500 taka daily.",smish,smishing,weak_signal_suspicious,Bengali SMS Smishing Dataset,shariul-islam/bengali-sms-smishing-dataset,raw_recovery_91k_pool,False,False,False,False,job/investment offer,pass_raw_complete,traceable,,,,,,smishing,likely_smishing,,0,2,52,current_raw_complete_packet,if anyone wants to earn income online from home inbox me 200 to 500 taka daily
EXP-SPAM-0095,You have a pending tax refund for 265.84GBP to proceed please follow the link below.,You have a pending tax refund for 265.84GBP to proceed please follow the link below.,You have a pending tax refund for 265.84GBP to proceed please follow the link below.,smishing_corpus_row,smishing,weak_signal_suspicious,Smishing-Dataset-IMC25,reportsmishing/Smishing-Dataset-IMC25,raw_recovery_91k_pool,False,False,False,True,banking/account-like suspicious,pass_raw_complete,traceable,,,,,,smishing,likely_smishing,government_bait;payment_bait,0,8,88,current_raw_complete_packet,you have a pending tax refund for < > to proceed please follow the link below
EXP-SPAM-0097,"We tried delivering your parcel, but found no one at your address.
Reschedule a delivery to avoid having the parcel sent back:","We tried delivering your parcel, but found no one at your address.
Reschedule a delivery to avoid having the parcel sent back:","We tried delivering your parcel, but found no one at your address. Reschedule a delivery to avoid having the parcel sent back:",smishing_corpus_row,smishing,weak_signal_suspicious,Smishing-Dataset-IMC25,reportsmishing/Smishing-Dataset-IMC25,raw_recovery_91k_pool,False,False,False,False,banking/account-like suspicious,pass_raw_complete,traceable,,,,,,smishing,likely_smishing,delivery_bait,0,5,70,current_raw_complete_packet,we tried delivering your parcel but found no one at your address reschedule a delivery to avoid having the parcel sent back
EXP-SPAM-0100,"Dear Customer, our delivery man tried delivery at your address but failed due to House was locked . Delivery will be attempted again. - HPCL","Dear Customer, our delivery man tried delivery at your address but failed due to House was locked . Delivery will be attempted again. - HPCL","Dear Customer, our delivery man tried delivery at your address but failed due to House was locked. Delivery will be attempted again. - HPCL",smishing_corpus_row,smishing,weak_signal_suspicious,Smishing-Dataset-IMC25,reportsmishing/Smishing-Dataset-IMC25,raw_recovery_91k_pool,False,False,False,False,banking/account-like suspicious,pass_raw_complete,traceable,,,,,,smishing,likely_smishing,account_threat;delivery_bait,0,9,94,current_raw_complete_packet,dear customer our delivery man tried delivery at your address but failed due to house was locked delivery will be attempted again hpcl
EXP-SPAM-0101,"BDO ALERT
Our system has detected a suspicious activity from your funds. If this was you, kindly disregard this message. Otherwise, please proceed to verification:","BDO ALERT
Our system has detected a suspicious activity from your funds. If this was you, kindly disregard this message. Otherwise, please proceed to verification:","BDO ALERT Our system has detected a suspicious activity from your funds. If this was you, kindly disregard this message. Otherwise, please proceed to verification:",smishing_corpus_row,smishing,weak_signal_suspicious,Smishing-Dataset-IMC25,reportsmishing/Smishing-Dataset-IMC25,raw_recovery_91k_pool,False,False,False,False,banking/account-like suspicious,pass_raw_complete,traceable,,,,,,smishing,likely_smishing,verification_action,0,5,70,current_raw_complete_packet,bdo alert our system has detected a suspicious activity from your funds if this was you kindly disregard this message otherwise please proceed to verification
EXP-SPAM-0102,"We are currently approving all sort of loans with low interest rates & flexible repayments. To apply, Pls contact us at:","We are currently approving all sort of loans with low interest rates & flexible repayments. To apply, Pls contact us at:","We are currently approving all sort of loans with low interest rates & flexible repayments. To apply, Pls contact us at:",smishing_corpus_row,smishing,weak_signal_suspicious,Smishing-Dataset-IMC25,reportsmishing/Smishing-Dataset-IMC25,raw_recovery_91k_pool,False,False,False,False,banking/account-like suspicious,pass_raw_complete,traceable,,,,,,smishing,likely_smishing,payment_bait,0,5,70,current_raw_complete_packet,we are currently approving all sort of loans with low interest rates flexible repayments to apply pls contact us at
EXP-SPAM-0103,Note Reward will return to sender if you fail to collect it in Ashland: hqwr.link/77Taj8F,Note Reward will return to sender if you fail to collect it in Ashland: hqwr.link/77Taj8F,Note Reward will return to sender if you fail to collect it in Ashland: hqwr.link/77Taj8F,verified_smishing,smishing,weak_signal_suspicious,SmishTank,SmishTank Dataset / Smishing Dataset I,public_baseline,False,False,False,False,reward/prize,pass_raw_complete,traceable,,,,,,smishing,unclear_review,prize_reward_ad,2,2,56,current_raw_complete_packet,note reward will return to sender if you fail to collect it in ashland < >
EXP-SPAM-0104,You have a refund of £218 from an overpayment.,You have a refund of £218 from an overpayment.,You have a refund of <AMOUNT> from an overpayment.,smishing_corpus_row,smishing,weak_signal_suspicious,Smishing-Dataset-IMC25,reportsmishing/Smishing-Dataset-IMC25,strict_raw_replacement_91k_pool,False,False,False,True,banking/account-like suspicious,pass_raw_complete,traceable,,,,,,smishing,likely_smishing,government_bait;payment_bait,0,8,88,current_raw_complete_packet,you have a refund of < > from an overpayment
EXP-SPAM-0105,"DVLA:
You still have an outstanding vehicle tax reimbursement of 63.97 GBP. Follow the link.","DVLA:
You still have an outstanding vehicle tax reimbursement of 63.97 GBP. Follow the link.",DVLA: You still have an outstanding vehicle tax reimbursement of 63.97 GBP. Follow the link.,smishing_corpus_row,smishing,weak_signal_suspicious,Smishing-Dataset-IMC25,reportsmishing/Smishing-Dataset-IMC25,raw_recovery_91k_pool,False,False,False,True,banking/account-like suspicious,pass_raw_complete,traceable,,,,,,smishing,likely_smishing,government_bait,0,5,70,current_raw_complete_packet,dvla you still have an outstanding vehicle tax reimbursement of < > follow the link
EXP-SPAM-0107,REFUND CONFIRMATION PROCESS: Complete the required online verification to ensure the release of your $832.55 refund,REFUND CONFIRMATION PROCESS: Complete the required online verification to ensure the release of your $832.55 refund,REFUND CONFIRMATION PROCESS: Complete the required online verification to ensure the release of your <AMOUNT> refund,smishing_corpus_row,smishing,weak_signal_suspicious,Smishing-Dataset-IMC25,reportsmishing/Smishing-Dataset-IMC25,strict_raw_replacement_91k_pool,False,False,False,True,generic scam-like or unclear,pass_raw_complete,traceable,,,,,,smishing,likely_smishing,verification_action;government_bait;payment_bait,0,11,106,current_raw_complete_packet,refund confirmation process complete the required online verification to ensure the release of your < > refund
EXP-SPAM-0108,"There's a home listed in your search area. Homes are moving fast!
From $412 - 569","There's a home listed in your search area. Homes are moving fast!
From $412 - 569",There's a home listed in your search area. Homes are moving fast! From <AMOUNT> - 569,smishing_corpus_row,smishing,weak_signal_suspicious,Smishing-Dataset-IMC25,Gathered approved smishing 7k,gathered_approved_smishing,False,True,False,True,generic scam-like or unclear,pass_raw_complete,traceable,,,,,,smishing,likely_smishing,,0,2,52,current_raw_complete_packet,there s a home listed in your search area homes are moving fast from < >
EXP-SPAM-0109,Nedbank. You recently received an SMS regarding your FICA verification. The SMS was sent in error. We apologise for any inconvenience caused.,Nedbank. You recently received an SMS regarding your FICA verification. The SMS was sent in error. We apologise for any inconvenience caused.,Nedbank. You recently received an SMS regarding your FICA verification. The SMS was sent in error. We apologise for any inconvenience caused.,smishing_corpus_row,smishing,weak_signal_suspicious,Smishing-Dataset-IMC25,reportsmishing/Smishing-Dataset-IMC25,raw_recovery_91k_pool,False,False,False,False,banking/account-like suspicious,pass_raw_complete,traceable,,,,,,smishing,likely_smishing,bank_account_bait;verification_action,0,8,88,current_raw_complete_packet,nedbank you recently received an sms regarding your fica verification the sms was sent in error we apologise for any inconvenience caused
EXP-SPAM-0110,We were unable to deliver your parcel as there was no one present to sign for the...,We were unable to deliver your parcel as there was no one present to sign for the...,We were unable to deliver your parcel as there was no one present to sign for the...,smishing_corpus_row,smishing,weak_signal_suspicious,Smishing-Dataset-IMC25,reportsmishing/Smishing-Dataset-IMC25,raw_recovery_91k_pool,False,False,False,False,banking/account-like suspicious,pass_raw_complete,traceable,,,,,,smishing,likely_smishing,delivery_bait,0,5,70,current_raw_complete_packet,we were unable to deliver your parcel as there was no one present to sign for the
EXP-SPAM-0111,"NTLFIX.ID# 328054 Your-SUBSCRIPTION-IS-ON ""HOID"",Renewal-your-bill-now:// @@,unusa.id/csv8","NTLFIX.ID# 328054 Your-SUBSCRIPTION-IS-ON ""HOID"",Renewal-your-bill-now:// @@,unusa.id/csv8","NTLFIX.ID# 328054 Your-SUBSCRIPTION-IS-ON ""HOID"",Renewal-your-bill-now:// @@,unusa.id/csv8",verified_smishing,smishing,weak_signal_suspicious,SmishTank,SmishTank Dataset / Smishing Dataset I,public_baseline,False,False,False,False,banking/account-like suspicious,pass_raw_complete,traceable,,,,,,smishing,likely_smishing,,0,2,52,current_raw_complete_packet,< > 328054 your subscription is on hoid renewal your bill now < >
EXP-SPAM-0114,-)_ Can You Giive Mee Couple Of OrgAsM..,-)_ Can You Giive Mee Couple Of OrgAsM..,-)_ Can You Giive Mee Couple Of OrgAsM..,smishing_corpus_row,smishing,weak_signal_suspicious,Smishing-Dataset-IMC25,reportsmishing/Smishing-Dataset-IMC25,raw_recovery_91k_pool,False,False,False,False,delivery-like suspicious,pass_raw_complete,traceable,,,,,,smishing,likely_smishing,,0,2,52,current_raw_complete_packet,can you giive mee couple of orgasm
EXP-SPAM-0115,"Hello,I just see your property listed on your fb","Hello,I just see your property listed on your fb","Hello,I just see your property listed on your fb",smishing_corpus_row,smishing,weak_signal_suspicious,Smishing-Dataset-IMC25,reportsmishing/Smishing-Dataset-IMC25,raw_recovery_91k_pool,False,False,False,False,delivery-like suspicious,pass_raw_complete,traceable,,,,,,smishing,likely_smishing,,0,2,52,current_raw_complete_packet,hello i just see your property listed on your fb
EXP-SPAM-0117,Hi Dad I have damaged my phone so this is my new number just until I get my phone repaired Save my temp number x Thanks for saving number. I'll be on this number just until I get my phone repaired. X Hopefully the phone shop can fix it fingers crossed.. I'm having a nightmare with another issue that I may need help with.. x,Hi Dad I have damaged my phone so this is my new number just until I get my phone repaired Save my temp number x Thanks for saving number. I'll be on this number just until I get my phone repaired. X Hopefully the phone shop can fix it fingers crossed.. I'm having a nightmare with another issue that I may need help with.. x,Hi Dad I have damaged my phone so this is my new number just until I get my phone repaired Save my temp number x Thanks for saving number. I'll be on this number just until I get my phone repaired. X Hopefully the phone shop can fix it fingers crossed.. I'm having a nightmare with another issue that I may need help with.. x,smishing_corpus_row,smishing,weak_signal_suspicious,Smishing-Dataset-IMC25,reportsmishing/Smishing-Dataset-IMC25,raw_recovery_91k_pool,False,False,False,True,delivery-like suspicious,review_too_long,traceable,,,,,,smishing,likely_smishing,,0,2,52,current_raw_complete_packet,hi dad i have damaged my phone so this is my new number just until i get my phone repaired save my temp number x thanks for saving number i ll be on this number just until i get my phone repaired x hopefully the phone shop can fix it fingers crossed i m having a nightmare with another issue that i may need help with x
EXP-SPAM-0118,HDFCUPI 07naizdOcFyt%2FFds1RRic2%BI%2Fq5f0I3305660D%3D1LICRcl1Knbh%2F0YO%2FwuG8kjD,HDFCUPI 07naizdOcFyt%2FFds1RRic2%BI%2Fq5f0I3305660D%3D1LICRcl1Knbh%2F0YO%2FwuG8kjD,HDFCUPI 07naizdOcFyt%2FFds1RRic2%BI%2Fq5f0I3305660D%3D1LICRcl1Knbh%2F0YO%2FwuG8kjD,smishing_corpus_row,smishing,weak_signal_suspicious,Smishing-Dataset-IMC25,reportsmishing/Smishing-Dataset-IMC25,strict_raw_replacement_91k_pool,False,False,False,False,banking/account-like suspicious,pass_raw_complete,traceable,,,,,,smishing,likely_smishing,,0,2,52,current_raw_complete_packet,hdfcupi 07naizdocfyt 2ffds1rric2 bi 2fq5f0i3305660d 3d1licrcl1knbh 2f0yo 2fwug8kjd
EXP-SPAM-0119,"Dear customer, we were unable to deliver the package to the provided address Request a second attempt by using the following link","Dear customer, we were unable to deliver the package to the provided address Request a second attempt by using the following link","Dear customer, we were unable to deliver the package to the provided address Request a second attempt by using the following link",smishing_corpus_row,smishing,weak_signal_suspicious,Smishing-Dataset-IMC25,reportsmishing/Smishing-Dataset-IMC25,raw_recovery_91k_pool,False,False,False,False,banking/account-like suspicious,pass_raw_complete,traceable,,,,,,smishing,likely_smishing,delivery_bait,0,5,70,current_raw_complete_packet,dear customer we were unable to deliver the package to the provided address request a second attempt by using the following link
EXP-SPAM-0122,"Delivery service: Provide the correct delivery address to avoid delay in receiving the goods due to incomplete door number. After replying ""OK"" reconfirm your address","Delivery service: Provide the correct delivery address to avoid delay in receiving the goods due to incomplete door number. After replying ""OK"" reconfirm your address","Delivery service: Provide the correct delivery address to avoid delay in receiving the goods due to incomplete door number. After replying ""OK"" reconfirm your address",smishing_corpus_row,smishing,weak_signal_suspicious,Smishing-Dataset-IMC25,reportsmishing/Smishing-Dataset-IMC25,raw_recovery_91k_pool,False,False,False,False,delivery-like suspicious,pass_raw_complete,traceable,,,,,,smishing,likely_smishing,verification_action;delivery_bait,0,8,88,current_raw_complete_packet,delivery service provide the correct delivery address to avoid delay in receiving the goods due to incomplete door number after replying ok reconfirm your address
EXP-SPAM-0123,Yes I used the first step where you sent me the link that's what I used,Yes I used the first step where you sent me the link that's what I used,Yes I used the first step where you sent me the link that's what I used,smishing_corpus_row,smishing,weak_signal_suspicious,Smishing-Dataset-IMC25,reportsmishing/Smishing-Dataset-IMC25,raw_recovery_91k_pool,False,False,False,True,banking/account-like suspicious,pass_raw_complete,traceable,,,,,,smishing,likely_smishing,government_bait,0,5,70,current_raw_complete_packet,yes i used the first step where you sent me the link that s what i used
EXP-SPAM-0124,make the necessary changes to your identity information now to avoid delay on your refund processes,make the necessary changes to your identity information now to avoid delay on your refund processes,make the necessary changes to your identity information now to avoid delay on your refund processes,smishing_corpus_row,smishing,weak_signal_suspicious,Smishing-Dataset-IMC25,reportsmishing/Smishing-Dataset-IMC25,raw_recovery_91k_pool,False,False,False,False,generic scam-like or unclear,pass_raw_complete,traceable,,,,,,smishing,likely_smishing,government_bait;payment_bait,0,8,88,current_raw_complete_packet,make the necessary changes to your identity information now to avoid delay on your refund processes
EXP-SPAM-0127,I'm reaching out about thepost on YOUR_COMPANY_NAME_HERE,I'm reaching out about thepost on YOUR_COMPANY_NAME_HERE,I'm reaching out about thepost on YOUR_COMPANY_NAME_HERE,smishing_corpus_row,smishing,weak_signal_suspicious,Smishing-Dataset-IMC25,reportsmishing/Smishing-Dataset-IMC25,raw_recovery_91k_pool,False,False,False,False,delivery-like suspicious,pass_raw_complete,traceable,,,,,,smishing,likely_smishing,,0,2,52,current_raw_complete_packet,i m reaching out about thepost on your company name here
EXP-SPAM-0128,Linkt: Your services have been restricted please view to remove lim...,Linkt: Your services have been restricted please view to remove lim...,Linkt: Your services have been restricted please view to remove lim...,smishing_corpus_row,smishing,weak_signal_suspicious,Smishing-Dataset-IMC25,reportsmishing/Smishing-Dataset-IMC25,raw_recovery_91k_pool,False,False,False,False,telecom promo,pass_raw_complete,traceable,,,,,,smishing,likely_smishing,account_threat,0,6,76,current_raw_complete_packet,linkt your services have been restricted please view to remove lim
EXP-SPAM-0129,"Parcel delivery cancelled due to invalid billing, instructions on how to fix can be viewed on","Parcel delivery cancelled due to invalid billing, instructions on how to fix can be viewed on","Parcel delivery cancelled due to invalid billing, instructions on how to fix can be viewed on",smishing_corpus_row,smishing,weak_signal_suspicious,Smishing-Dataset-IMC25,reportsmishing/Smishing-Dataset-IMC25,raw_recovery_91k_pool,False,False,False,False,banking/account-like suspicious,pass_raw_complete,traceable,,,,,,smishing,likely_smishing,delivery_bait;payment_bait,0,8,88,current_raw_complete_packet,parcel delivery cancelled due to invalid billing instructions on how to fix can be viewed on
EXP-SPAM-0130,Now our company offer online part-time job that only needs to watch the YouTube video about 10-20 seconds give a LIKE SUBSCRIBE the YOUTUBE . Each YouTube is 50rs and this is just a task for new hires. After you become a regular employee you can earn at least 2000 to 30000 Rupees a day using mobile devices in your free time.,Now our company offer online part-time job that only needs to watch the YouTube video about 10-20 seconds give a LIKE SUBSCRIBE the YOUTUBE . Each YouTube is 50rs and this is just a task for new hires. After you become a regular employee you can earn at least 2000 to 30000 Rupees a day using mobile devices in your free time.,Now our company offer online part-time job that only needs to watch the YouTube video about 10-20 seconds give a LIKE SUBSCRIBE the YOUTUBE. Each YouTube is 50rs and this is just a task for new hires. After you become a regular employee you can earn at least 2000 to 30000 Rupees a day using mobile devices in your free time.,smishing_corpus_row,smishing,weak_signal_suspicious,Smishing-Dataset-IMC25,reportsmishing/Smishing-Dataset-IMC25,raw_recovery_91k_pool,False,False,False,True,job/investment offer,review_too_long,traceable,,,,,,smishing,unclear_review,promotional_offer,2,2,56,current_raw_complete_packet,now our company offer online part time job that only needs to watch the youtube video about 10 20 seconds give a like subscribe the youtube each youtube is < > and this is just a task for new hires after you become a regular employee you can earn at least 2000 to 30000 rupees a day using mobile devices in your free time
EXP-SPAM-0131,You won today's Happy Times! Here's your Rs. 500 no minimum spend Lenskart voucher.,You won today's Happy Times! Here's your Rs. 500 no minimum spend Lenskart voucher.,You won today's Happy Times! Here's your Rs. 500 no minimum spend Lenskart voucher.,smishing_corpus_row,smishing,weak_signal_suspicious,Smishing-Dataset-IMC25,reportsmishing/Smishing-Dataset-IMC25,raw_recovery_91k_pool,False,False,False,True,banking/account-like suspicious,pass_raw_complete,traceable,,,,,,smishing,likely_spam_not_smishing,promotional_offer;prize_reward_ad,4,2,60,current_raw_complete_packet,you won today s happy times here s your < > no minimum spend lenskart voucher
EXP-SPAM-0133,"The carrier was unable to deliver your order because the shipping information is missing a house number. Check, please.","The carrier was unable to deliver your order because the shipping information is missing a house number. Check, please.","The carrier was unable to deliver your order because the shipping information is missing a house number. Check, please.",smishing_corpus_row,smishing,weak_signal_suspicious,Smishing-Dataset-IMC25,reportsmishing/Smishing-Dataset-IMC25,raw_recovery_91k_pool,False,False,False,False,delivery-like suspicious,pass_raw_complete,traceable,,,,,,smishing,likely_smishing,credential_or_otp_request,0,6,76,current_raw_complete_packet,the carrier was unable to deliver your order because the shipping information is missing a house number check please
EXP-SPAM-0135,TECSIDEL: Your vehicle HR66B4294 TAG used at ayanagar. Charges: 100.00 Thanks,TECSIDEL: Your vehicle HR66B4294 TAG used at ayanagar. Charges: 100.00 Thanks,TECSIDEL: Your vehicle HR66B4294 TAG used at ayanagar. Charges: 100.00 Thanks,smishing_corpus_row,smishing,weak_signal_suspicious,Smishing-Dataset-IMC25,reportsmishing/Smishing-Dataset-IMC25,raw_recovery_91k_pool,False,False,False,False,generic scam-like or unclear,pass_raw_complete,traceable,,,,,,smishing,likely_smishing,payment_bait,0,5,70,current_raw_complete_packet,tecsidel your vehicle hr66b4294 tag used at ayanagar charges 100 00 thanks
EXP-SPAM-0137,Your order was dropped off. Please refer to this photo your Dasher provided to see where it was left.,Your order was dropped off. Please refer to this photo your Dasher provided to see where it was left.,Your order was dropped off. Please refer to this photo your Dasher provided to see where it was left.,smishing_corpus_row,smishing,weak_signal_suspicious,Smishing-Dataset-IMC25,reportsmishing/Smishing-Dataset-IMC25,raw_recovery_91k_pool,False,False,False,False,delivery-like suspicious,pass_raw_complete,traceable,,,,,,smishing,likely_smishing,,0,2,52,current_raw_complete_packet,your order was dropped off please refer to this photo your dasher provided to see where it was left
EXP-SPAM-0138,Your mobile number linked to terrorism activities. Clear record with 14500 TK: terror-clear.bd/urgent,Your mobile number linked to terrorism activities. Clear record with 14500 TK: terror-clear.bd/urgent,Your mobile number linked to terrorism activities. Clear record with 14500 TK: terror-clear.bd/urgent,smish,smishing,weak_signal_suspicious,Bengali SMS Smishing Dataset,shariul-islam/bengali-sms-smishing-dataset,raw_recovery_91k_pool,False,False,False,False,banking/account-like suspicious,pass_raw_complete,traceable,,,,,,smishing,likely_smishing,urgency,0,4,64,current_raw_complete_packet,your mobile number linked to terrorism activities clear record with 14500 tk < >
EXP-SPAM-0140,"Congratulations! Your E- Gift voucher from Citi India is here Dear Customer, Congratulations! You are now eligible for a complimentary Amazon E-Gift Voucher Rs.750/- based on your successful fulfillment of the minimum spend criteria. Order no MEEMI3199","Congratulations! Your E- Gift voucher from Citi India is here Dear Customer, Congratulations! You are now eligible for a complimentary Amazon E-Gift Voucher Rs.750/- based on your successful fulfillment of the minimum spend criteria. Order no MEEMI3199","Congratulations! Your E- Gift voucher from Citi India is here Dear Customer, Congratulations! You are now eligible for a complimentary Amazon E-Gift Voucher Rs.750/- based on your successful fulfillment of the minimum spend criteria. Order no MEEMI3199",smishing_corpus_row,smishing,weak_signal_suspicious,Smishing-Dataset-IMC25,reportsmishing/Smishing-Dataset-IMC25,raw_recovery_91k_pool,False,False,False,True,banking/account-like suspicious,pass_raw_complete,traceable,,,,,,smishing,unclear_review,promotional_offer,2,2,56,current_raw_complete_packet,congratulations your e gift voucher from citi india is here dear customer congratulations you are now eligible for a complimentary amazon e gift voucher < > based on your successful fulfillment of the minimum spend criteria order no meemi3199
EXP-SPAM-0142,"Walgreens: You're being randomly given, as 1 of 613 people, 1 reward by filling in a brief survey. Reward ends in 5 hours vnnim.cc/mNGtaOl O","Walgreens: You're being randomly given, as 1 of 613 people, 1 reward by filling in a brief survey. Reward ends in 5 hours vnnim.cc/mNGtaOl O","Walgreens: You're being randomly given, as 1 of 613 people, 1 reward by filling in a brief survey. Reward ends in 5 hours vnnim.cc/mNGtaOl O",verified_smishing,smishing,weak_signal_suspicious,SmishTank,SmishTank Dataset / Smishing Dataset I,public_baseline,False,False,False,True,reward/prize,pass_raw_complete,traceable,,,,,,smishing,unclear_review,prize_reward_ad,2,2,56,current_raw_complete_packet,walgreens you re being randomly given as 1 of < > eople 1 reward by filling in a brief survey reward ends in 5 hours < > o
EXP-SPAM-0145,Dear Register to receive 100RS for free; invite friends together to make money; invest in 500RS to get 900RS; link:,Dear Register to receive 100RS for free; invite friends together to make money; invest in 500RS to get 900RS; link:,Dear Register to receive 100RS for free; invite friends together to make money; invest in 500RS to get 900RS; link:,smishing_corpus_row,smishing,weak_signal_suspicious,Smishing-Dataset-IMC25,reportsmishing/Smishing-Dataset-IMC25,raw_recovery_91k_pool,False,False,False,True,banking/account-like suspicious,pass_raw_complete,traceable,,,,,,smishing,unclear_review,promotional_offer,2,2,56,current_raw_complete_packet,dear register to receive < > for free invite friends together to make money invest in < > to get < > link
EXP-SPAM-0148,We are only one drop away. We should be with you by 16:03 and will let you know if there are any problems. Tracking,We are only one drop away. We should be with you by 16:03 and will let you know if there are any problems. Tracking,We are only one drop away. We should be with you by 16:03 and will let you know if there are any problems. Tracking,smishing_corpus_row,smishing,weak_signal_suspicious,Smishing-Dataset-IMC25,reportsmishing/Smishing-Dataset-IMC25,raw_recovery_91k_pool,False,False,False,False,delivery-like suspicious,pass_raw_complete,traceable,,,,,,smishing,likely_smishing,,0,2,52,current_raw_complete_packet,we are only one drop away we should be with you by 16 03 and will let you know if there are any problems tracking
EXP-SPAM-0150,Why / wasn't your  i package delivered? https://...,Why / wasn't your  i package delivered? https://...,Why / wasn't your i package delivered? <URL>,smishing_corpus_row,smishing,weak_signal_suspicious,Smishing-Dataset-IMC25,reportsmishing/Smishing-Dataset-IMC25,raw_recovery_91k_pool,True,False,False,False,banking/account-like suspicious,pass_raw_complete,traceable,,,,,,smishing,likely_smishing,delivery_bait;link_present,0,6,76,current_raw_complete_packet,why wasn t your i package delivered < >
EXP-SPAM-0151,"Your Yes loan is due,please repay it on time and avoid contacting your family!","Your Yes loan is due,please repay it on time and avoid contacting your family!","Your Yes loan is due,please repay it on time and avoid contacting your family!",smishing_corpus_row,smishing,weak_signal_suspicious,Smishing-Dataset-IMC25,reportsmishing/Smishing-Dataset-IMC25,strict_raw_replacement_91k_pool,False,False,False,False,banking/account-like suspicious,pass_raw_complete,traceable,,,,,,smishing,likely_smishing,,0,2,52,current_raw_complete_packet,your yes loan is due please repay it on time and avoid contacting your family
EXP-SPAM-0152,"[ I.R.S ] You will receive a tax refund of $573.00, but cannot process it due to...","[ I.R.S ] You will receive a tax refund of $573.00, but cannot process it due to...","[ I.R.S ] You will receive a tax refund of <AMOUNT>, but cannot process it due to...",smishing_corpus_row,smishing,weak_signal_suspicious,Smishing-Dataset-IMC25,reportsmishing/Smishing-Dataset-IMC25,raw_recovery_91k_pool,False,False,False,True,generic scam-like or unclear,pass_raw_complete,traceable,,,,,,smishing,likely_smishing,government_bait;payment_bait,0,8,88,current_raw_complete_packet,i r s you will receive a tax refund of < > but cannot process it due to
EXP-SPAM-0153,"The carrier was unable to deliver your order because the shipping information is missing a house number. Check, please. prhomitaddr.info/Mfwe O�","The carrier was unable to deliver your order because the shipping information is missing a house number. Check, please. prhomitaddr.info/Mfwe O�","The carrier was unable to deliver your order because the shipping information is missing a house number. Check, please. <URL> O�",verified_smishing,smishing,weak_signal_suspicious,SmishTank,SmishTank Dataset / Smishing Dataset I,public_baseline,True,False,False,False,delivery-like suspicious,pass_raw_complete,traceable,,,,,,smishing,likely_smishing,credential_or_otp_request,0,6,76,current_raw_complete_packet,the carrier was unable to deliver your order because the shipping information is missing a house number check please < > o
EXP-SPAM-0154,"DPD: We attempted to deliver your package but failed, you can book redelivery via our website below.","DPD: We attempted to deliver your package but failed, you can book redelivery via our website below.","DPD: We attempted to deliver your package but failed, you can book redelivery via our website below.",smishing_corpus_row,smishing,weak_signal_suspicious,Smishing-Dataset-IMC25,reportsmishing/Smishing-Dataset-IMC25,raw_recovery_91k_pool,False,False,False,False,banking/account-like suspicious,pass_raw_complete,traceable,,,,,,smishing,likely_smishing,delivery_bait,0,5,70,current_raw_complete_packet,dpd we attempted to deliver your package but failed you can book redelivery via our website below
EXP-SPAM-0156,"27Your package is on hold due to invalid address information you filled in, please correct the information. rebrand.ly/US-1","27Your package is on hold due to invalid address information you filled in, please correct the information. rebrand.ly/US-1","27Your package is on hold due to invalid address information you filled in, please correct the information. <URL>",phishing_messages_row,smishing,weak_signal_suspicious,SMS Phishing Dataset,wspr-ncsu/sms-phishing,raw_recovery_91k_pool,True,False,False,False,delivery-like suspicious,pass_raw_complete,traceable,,,,,,smishing,likely_smishing,delivery_bait,0,5,70,current_raw_complete_packet,27your package is on hold due to invalid address information you filled in please correct the information < >
EXP-SPAM-0157,]TM-[Carrier / help us to improve the t---MOBILE experience for you,]TM-[Carrier / help us to improve the t---MOBILE experience for you,]TM-[Carrier / help us to improve the t---MOBILE experience for you,smishing_corpus_row,smishing,weak_signal_suspicious,Smishing-Dataset-IMC25,reportsmishing/Smishing-Dataset-IMC25,raw_recovery_91k_pool,False,False,False,False,delivery-like suspicious,pass_raw_complete,traceable,,,,,,smishing,likely_smishing,,0,2,52,current_raw_complete_packet,tm carrier help us to improve the t mobile experience for you
EXP-SPAM-0160,A £400 XMAS REWARD IS WAITING FOR YOU! Our computer has randomly picked you from our loyal mobile customers to receive a £400 reward. Just call 09066380611,A £400 XMAS REWARD IS WAITING FOR YOU! Our computer has randomly picked you from our loyal mobile customers to receive a £400 reward. Just call 09066380611,A £400 XMAS REWARD IS WAITING FOR YOU! Our computer has randomly picked you from our loyal mobile customers to receive a £400 reward. Just call 09066380611,spam,spam,conflict_needs_review,UCI SMS Spam Collection,SMS Spam Collection v.1,public_baseline,False,True,False,True,reward/prize,pass_raw_complete,traceable,,,,,,spam,likely_spam_not_smishing,premium_number_ad;prize_reward_ad;original_spam_label;conflict_needs_review,7,0,54,current_raw_complete_packet,a < > xmas reward is waiting for you our computer has randomly picked you from our loyal mobile customers to receive a < > reward just call < >
EXP-SPAM-0161,PRIVATE! Your 2003 Account Statement for 07753741225 shows 800 un-redeemed S. I. M. points. Call 08715203677 Identifier Code: 42478 Expires 24/10/04,PRIVATE! Your 2003 Account Statement for 07753741225 shows 800 un-redeemed S. I. M. points. Call 08715203677 Identifier Code: 42478 Expires 24/10/04,PRIVATE! Your 2003 Account Statement for 07753741225 shows 800 un-redeemed S. I. M. points. Call 08715203677 Identifier Code: 42478 Expires 24/10/04,spam,spam,conflict_needs_review,UCI SMS Spam Collection,SMS Spam Collection v.1,public_baseline,False,True,False,False,banking/account-like suspicious,pass_raw_complete,traceable,,,,,,spam,likely_spam_not_smishing,premium_number_ad;bank_account_bait;original_spam_label;conflict_needs_review,5,3,68,current_raw_complete_packet,private your 2003 account statement for < > shows 800 un redeemed s i m points call < > identifier < > expires 24 10 04
EXP-SPAM-0162,URGENT! We are trying to contact U Todays draw shows that you have won a £800 prize GUARANTEED. Call 09050000460 from land line. Claim J89. po box245c2150pm,URGENT! We are trying to contact U Todays draw shows that you have won a £800 prize GUARANTEED. Call 09050000460 from land line. Claim J89. po box245c2150pm,URGENT! We are trying to contact U Todays draw shows that you have won a £800 prize GUARANTEED. Call 09050000460 from land line. Claim J89. po box245c2150pm,spam,spam,conflict_needs_review,UCI SMS Spam Collection,SMS Spam Collection v.1,public_baseline,False,True,False,True,reward/prize,pass_raw_complete,traceable,,,,,,spam,likely_spam_not_smishing,premium_number_ad;prize_reward_ad;urgency;original_spam_label;conflict_needs_review,7,2,66,current_raw_complete_packet,urgent we are trying to contact u todays draw shows that you have won a < > prize guaranteed call < > from land line claim j89 po box245c < > m
EXP-SPAM-0163,Congrats! Nokia 3650 video camera phone is your Call 09066382422 Calls cost 150ppm Ave call 3mins vary from mobiles 16+ Close 300603 post BCM4284 Ldn WC1N3XX,Congrats! Nokia 3650 video camera phone is your Call 09066382422 Calls cost 150ppm Ave call 3mins vary from mobiles 16+ Close 300603 post BCM4284 Ldn WC1N3XX,Congrats! Nokia 3650 video camera phone is your Call 09066382422 Calls cost 150ppm Ave call 3mins vary from mobiles 16+ Close 300603 post BCM4284 Ldn WC1N3XX,spam,spam,conflict_needs_review,UCI SMS Spam Collection,SMS Spam Collection v.1,public_baseline,False,True,False,False,telecom promo,pass_raw_complete,traceable,,,,,,spam,likely_spam_not_smishing,premium_number_ad;original_spam_label;conflict_needs_review,5,0,50,current_raw_complete_packet,congrats nokia 3650 video camera phone is your call < > calls cost < > pm ave call 3mins vary from mobiles 16 close < > ost < > ldn wc1n3xx
EXP-SPAM-0164,U have a Secret Admirer who is looking 2 make contact with U-find out who they R*reveal who thinks UR so special-call on 09065171142-stopsms-08718727870150ppm,U have a Secret Admirer who is looking 2 make contact with U-find out who they R*reveal who thinks UR so special-call on 09065171142-stopsms-08718727870150ppm,U have a Secret Admirer who is looking 2 make contact with U-find out who they R*reveal who thinks UR so special-call on 09065171142-stopsms-08718727870150ppm,spam,spam,conflict_needs_review,UCI SMS Spam Collection,SMS Spam Collection v.1,public_baseline,False,True,False,False,generic scam-like or unclear,pass_raw_complete,traceable,,,,,,spam,likely_spam_not_smishing,premium_number_ad;original_spam_label;conflict_needs_review,5,0,50,current_raw_complete_packet,u have a secret admirer who is looking 2 make contact with u find out who they r reveal who thinks ur so special call on < > stopsms < > ppm
EXP-SPAM-0165,Call from 08702490080 - tells u 2 call 09066358152 to claim £5000 prize. U have 2 enter all ur mobile & personal details @ the prompts. Careful!,Call from 08702490080 - tells u 2 call 09066358152 to claim £5000 prize. U have 2 enter all ur mobile & personal details @ the prompts. Careful!,Call from 08702490080 - tells u 2 call 09066358152 to claim £5000 prize. U have 2 enter all ur mobile & personal details @ the prompts. Careful!,spam,spam,conflict_needs_review,UCI SMS Spam Collection,SMS Spam Collection v.1,public_baseline,False,True,False,True,reward/prize,pass_raw_complete,traceable,,,,,,spam,likely_spam_not_smishing,premium_number_ad;prize_reward_ad;original_spam_label;conflict_needs_review,7,0,54,current_raw_complete_packet,call from < > tells u 2 call < > to claim < > prize u have 2 enter all ur mobile personal details the prompts careful
EXP-SPAM-0166,PRIVATE! Your 2003 Account Statement for shows 800 un-redeemed S.I.M. points. Call 08718738001 Identifier Code: 49557 Expires 26/11/04,PRIVATE! Your 2003 Account Statement for shows 800 un-redeemed S.I.M. points. Call 08718738001 Identifier Code: 49557 Expires 26/11/04,PRIVATE! Your 2003 Account Statement for shows 800 un-redeemed S.I.M. points. Call 08718738001 Identifier Code: 49557 Expires 26/11/04,spam,spam,conflict_needs_review,UCI SMS Spam Collection,SMS Spam Collection v.1,public_baseline,False,True,False,False,banking/account-like suspicious,pass_raw_complete,traceable,,,,,,spam,likely_spam_not_smishing,premium_number_ad;bank_account_bait;original_spam_label;conflict_needs_review,5,3,68,current_raw_complete_packet,private your 2003 account statement for shows 800 un redeemed s i m points call < > identifier < > expires 26 11 04
EXP-SPAM-0168,"This is the 2nd time we have tried 2 contact u. U have won the 750 Pound prize. 2 claim is easy, call 08718726970 NOW! Only 10p per min. BT-national-rate","This is the 2nd time we have tried 2 contact u. U have won the 750 Pound prize. 2 claim is easy, call 08718726970 NOW! Only 10p per min. BT-national-rate","This is the 2nd time we have tried 2 contact u. U have won the 750 Pound prize. 2 claim is easy, call 08718726970 NOW! Only 10p per min. BT-national-rate",spam,spam,conflict_needs_review,UCI SMS Spam Collection,SMS Spam Collection v.1,public_baseline,False,True,False,True,reward/prize,pass_raw_complete,traceable,,,,,,spam,likely_spam_not_smishing,premium_number_ad;prize_reward_ad;original_spam_label;conflict_needs_review,7,0,54,current_raw_complete_packet,this is the 2nd time we have tried 2 contact u u have won the < > ound prize 2 claim is easy call < > now only < > per min bt national rate
EXP-SPAM-0169,You are a winner U have been specially selected 2 receive £1000 or a 4* holiday (flights inc) speak to a live operator 2 claim 0871277810910p/min (18+),You are a winner U have been specially selected 2 receive £1000 or a 4* holiday (flights inc) speak to a live operator 2 claim 0871277810910p/min (18+),You are a winner U have been specially selected 2 receive £1000 or a 4* holiday (flights inc) speak to a live operator 2 claim 0871277810910p/min (18+),spam,spam,conflict_needs_review,UCI SMS Spam Collection,SMS Spam Collection v.1,public_baseline,False,True,False,True,reward/prize,pass_raw_complete,traceable,,,,,,spam,likely_spam_not_smishing,prize_reward_ad;original_spam_label;conflict_needs_review,5,0,50,current_raw_complete_packet,you are a winner u have been specially selected 2 receive < > or a 4 holiday flights inc speak to a live operator 2 claim < > p min 18
EXP-SPAM-0171,U 447801259231 have a secret admirer who is looking 2 make contact with U-find out who they R*reveal who thinks UR so special-call on 0905809458,U 447801259231 have a secret admirer who is looking 2 make contact with U-find out who they R*reveal who thinks UR so special-call on 0905809458,U 447801259231 have a secret admirer who is looking 2 make contact with U-find out who they R*reveal who thinks UR so special-call on 0905809458,Smishing,smishing,conflict_needs_review,Mishra & Soni,SMS Phishing Dataset for Machine Learning and Pattern Recognition,public_baseline,False,True,False,False,generic scam-like or unclear,pass_raw_complete,traceable,,,,,,smishing,likely_smishing,conflict_needs_review,0,2,52,current_raw_complete_packet,u < > have a secret admirer who is looking 2 make contact with u find out who they r reveal who thinks ur so special call on < >
EXP-SPAM-0172,URGENT! We are trying to contact U. Todays draw shows that you have won a £2000 prize GUARANTEED. Call 09066358361 from land line. Claim Y87. Valid 12hrs only,URGENT! We are trying to contact U. Todays draw shows that you have won a £2000 prize GUARANTEED. Call 09066358361 from land line. Claim Y87. Valid 12hrs only,URGENT! We are trying to contact U. Todays draw shows that you have won a £2000 prize GUARANTEED. Call 09066358361 from land line. Claim Y87. Valid 12hrs only,spam,spam,conflict_needs_review,UCI SMS Spam Collection,SMS Spam Collection v.1,public_baseline,False,True,False,True,reward/prize,pass_raw_complete,traceable,,,,,,spam,likely_spam_not_smishing,premium_number_ad;prize_reward_ad;urgency;original_spam_label;conflict_needs_review,7,2,66,current_raw_complete_packet,urgent we are trying to contact u todays draw shows that you have won a < > prize guaranteed call < > from land line claim y87 valid 12hrs only
EXP-SPAM-0173,Collect your VALENTINE'S weekend to PARIS inc Flight & Hotel + £200 Prize guaranteed! Text: PARIS to No: 69101. www.rtf.sphosting.com,Collect your VALENTINE'S weekend to PARIS inc Flight & Hotel + £200 Prize guaranteed! Text: PARIS to No: 69101. www.rtf.sphosting.com,Collect your VALENTINE'S weekend to PARIS inc Flight & Hotel + £200 Prize guaranteed! Text: PARIS to No: 69101. www.rtf.sphosting.com,spam,spam,conflict_needs_review,UCI SMS Spam Collection,SMS Spam Collection v.1,public_baseline,True,False,False,True,reward/prize,pass_raw_complete,traceable,,,,,,spam,likely_spam_not_smishing,prize_reward_ad;link_present;original_spam_label;conflict_needs_review,5,1,56,current_raw_complete_packet,collect your valentine s weekend to paris inc flight hotel < > prize guaranteed text paris to no 69101 < >
EXP-SPAM-0174,Want a new Video Phone? 750 anytime any network mins? Half price line rental free text for 3 months? Reply or call 08000930705 for free delivery,Want a new Video Phone? 750 anytime any network mins? Half price line rental free text for 3 months? Reply or call 08000930705 for free delivery,Want a new Video Phone? 750 anytime any network mins? Half price line rental free text for 3 months? Reply or call 08000930705 for free delivery,spam,spam,conflict_needs_review,UCI SMS Spam Collection,SMS Spam Collection v.1,public_baseline,False,True,False,False,delivery-like suspicious,pass_raw_complete,traceable,,,,,,spam,likely_spam_not_smishing,promotional_offer;premium_number_ad;delivery_bait;original_spam_label;conflict_needs_review,7,3,72,current_raw_complete_packet,want a new video phone 750 anytime any network mins half price line rental free text for 3 months reply or call < > for free delivery
EXP-SPAM-0175,"449050000301 You have won a £2,000 price! To claim, call 09050000301.","449050000301 You have won a £2,000 price! To claim, call 09050000301.","449050000301 You have won a £2,000 price! To claim, call 09050000301.",spam,spam,conflict_needs_review,UCI SMS Spam Collection,SMS Spam Collection v.1,public_baseline,False,True,False,True,reward/prize,pass_raw_complete,traceable,,,,,,spam,likely_spam_not_smishing,premium_number_ad;prize_reward_ad;original_spam_label;conflict_needs_review,7,0,54,current_raw_complete_packet,< > you have won a < > price to claim call < >
EXP-SPAM-0176,"500 New Mobiles from 2004, MUST GO! Txt: NOKIA to No: 89545 & collect yours today!From ONLY £1 www.4-tc.biz 2optout 087187262701.50gbp/mtmsg18","500 New Mobiles from 2004, MUST GO! Txt: NOKIA to No: 89545 & collect yours today!From ONLY £1 www.4-tc.biz 2optout 087187262701.50gbp/mtmsg18","500 New Mobiles from 2004, MUST GO! Txt: NOKIA to No: 89545 & collect yours today!From ONLY £1 www.4-tc.biz 2optout 087187262701.50gbp/mtmsg18",spam,spam,conflict_needs_review,UCI SMS Spam Collection,SMS Spam Collection v.1,public_baseline,True,True,False,True,telecom promo,pass_raw_complete,traceable,,,,,,spam,likely_spam_not_smishing,link_present;original_spam_label;conflict_needs_review,3,1,52,current_raw_complete_packet,500 new mobiles from 2004 must go txt nokia to no 89545 collect yours today from only < > < > 2optout < > gbp mtmsg18
EXP-SPAM-0177,Dear Voucher holder Have your next meal on us. Use the following link on your pc 2 enjoy a 2 4 1 dining experiencehttp://www.vouch4me.com/etlp/dining.asp,Dear Voucher holder Have your next meal on us. Use the following link on your pc 2 enjoy a 2 4 1 dining experiencehttp://www.vouch4me.com/etlp/dining.asp,Dear Voucher holder Have your next meal on us. Use the following link on your pc 2 enjoy a 2 4 1 dining experiencehttp://www.vouch4me.com/etlp/dining.asp,spam,spam,conflict_needs_review,UCI SMS Spam Collection,SMS Spam Collection v.1,public_baseline,True,False,False,False,reward/prize,pass_raw_complete,traceable,,,,,,spam,likely_spam_not_smishing,promotional_offer;link_present;original_spam_label;conflict_needs_review,5,1,56,current_raw_complete_packet,dear voucher holder have your next meal on us use the following link on your pc 2 enjoy a 2 4 1 dining experience < >
EXP-SPAM-0178,U’ve Bin Awarded £50 to Play 4 Instant Cash. Call 08715203028 To Claim. EVERY 9th Player Wins Min £50-£500. OptOut 08718727870,U’ve Bin Awarded £50 to Play 4 Instant Cash. Call 08715203028 To Claim. EVERY 9th Player Wins Min £50-£500. OptOut 08718727870,U’ve Bin Awarded £50 to Play 4 Instant Cash. Call 08715203028 To Claim. EVERY 9th Player Wins Min £50-£500. OptOut 08718727870,spam,spam,conflict_needs_review,UCI SMS Spam Collection,SMS Spam Collection v.1,public_baseline,False,True,False,True,reward/prize,pass_raw_complete,traceable,,,,,,spam,likely_spam_not_smishing,premium_number_ad;prize_reward_ad;original_spam_label;conflict_needs_review,7,0,54,current_raw_complete_packet,u ve bin awarded < > to play 4 instant cash call < > to claim every 9th player wins min < > < > optout < >
EXP-SPAM-0179,Free Msg: Ringtone!From: http://tms. widelive.com/index. wml?id=1b6a5ecef91ff9*37819&first=true18:0430-JUL-05,Free Msg: Ringtone!From: http://tms. widelive.com/index. wml?id=1b6a5ecef91ff9*37819&first=true18:0430-JUL-05,Free Msg: Ringtone!From: http://tms. widelive.com/index. wml?id=1b6a5ecef91ff9*37819&first=true18:0430-JUL-05,spam,spam,conflict_needs_review,UCI SMS Spam Collection,SMS Spam Collection v.1,public_baseline,True,False,False,True,telecom promo,pass_raw_complete,traceable,,,,,,spam,likely_spam_not_smishing,promotional_offer;ringtone_subscription;government_bait;link_present;original_spam_label;conflict_needs_review,8,4,80,current_raw_complete_packet,free msg ringtone from < > < > wml id 1b6a5ecef91ff9 37819 first true18 0430 jul 05
EXP-SPAM-0180,Want explicit SEX in 30 secs? Ring 02073162414 now! Costs 20p/min,Want explicit SEX in 30 secs? Ring 02073162414 now! Costs 20p/min,Want explicit SEX in 30 secs? Ring 02073162414 now! Costs 20p/min,spam,spam,conflict_needs_review,UCI SMS Spam Collection,SMS Spam Collection v.1,public_baseline,False,True,False,True,adult/chat promo,pass_raw_complete,traceable,,,,,,spam,likely_spam_not_smishing,adult_chat_promo;original_spam_label;conflict_needs_review,6,0,52,current_raw_complete_packet,want explicit sex in 30 secs ring < > now costs < > min
EXP-SPAM-0181,+123 Congratulations - in this week's competition draw u have won the £1450 prize to claim just call 09050002311 b4280703. T&Cs/stop SMS 08718727868. Over 18 only 150ppm,+123 Congratulations - in this week's competition draw u have won the £1450 prize to claim just call 09050002311 b4280703. T&Cs/stop SMS 08718727868. Over 18 only 150ppm,+123 Congratulations - in this week's competition draw u have won the £1450 prize to claim just call 09050002311 b4280703. T&Cs/stop SMS 08718727868. Over 18 only 150ppm,spam,spam,conflict_needs_review,UCI SMS Spam Collection,SMS Spam Collection v.1,public_baseline,False,True,False,True,reward/prize,pass_raw_complete,traceable,,,,,,spam,likely_spam_not_smishing,premium_number_ad;prize_reward_ad;original_spam_label;conflict_needs_review,7,0,54,current_raw_complete_packet,123 congratulations in this week s competition draw u have won the < > prize to claim just call < > < > t cs stop sms < > over 18 only < > pm
EXP-SPAM-0184,U have won a nokia 6230 plus a free digital camera. This is what u get when u win our FREE auction. To take part send NOKIA to 83383 now. POBOX114/14TCR/W1 16,U have won a nokia 6230 plus a free digital camera. This is what u get when u win our FREE auction. To take part send NOKIA to 83383 now. POBOX114/14TCR/W1 16,U have won a nokia 6230 plus a free digital camera. This is what u get when u win our FREE auction. To take part send NOKIA to 83383 now. POBOX114/14TCR/W1 16,spam,spam,conflict_needs_review,UCI SMS Spam Collection,SMS Spam Collection v.1,public_baseline,False,False,False,False,reward/prize,pass_raw_complete,traceable,,,,,,spam,likely_spam_not_smishing,promotional_offer;prize_reward_ad;original_spam_label;conflict_needs_review,7,0,54,current_raw_complete_packet,u have won a nokia < > lus a free digital camera this is what u get when u win our free auction to take part send nokia to 83383 now pobox114 14tcr w1 16
EXP-SPAM-0185,This msg is for your mobile content order It has been resent as previous attempt failed due to network error Queries to customersqueries@netvision.uk.com,This msg is for your mobile content order It has been resent as previous attempt failed due to network error Queries to customersqueries@netvision.uk.com,This msg is for your mobile content order It has been resent as previous attempt failed due to network error Queries to customersqueries@netvision.uk.com,spam,spam,conflict_needs_review,UCI SMS Spam Collection,SMS Spam Collection v.1,public_baseline,True,False,False,True,telecom promo,pass_raw_complete,traceable,,,,,,spam,likely_spam_not_smishing,ringtone_subscription;original_spam_label;conflict_needs_review,6,0,52,current_raw_complete_packet,this msg is for your mobile content order it has been resent as previous attempt failed due to network error queries to customersqueries < >
EXP-SPAM-0186,URGENT! We are trying to contact U. Todays draw shows that you have won a £800 prize GUARANTEED. Call 09050001295 from land line. Claim A21. Valid 12hrs only,URGENT! We are trying to contact U. Todays draw shows that you have won a £800 prize GUARANTEED. Call 09050001295 from land line. Claim A21. Valid 12hrs only,URGENT! We are trying to contact U. Todays draw shows that you have won a £800 prize GUARANTEED. Call 09050001295 from land line. Claim A21. Valid 12hrs only,spam,spam,conflict_needs_review,UCI SMS Spam Collection,SMS Spam Collection v.1,public_baseline,False,True,False,True,reward/prize,pass_raw_complete,traceable,,,,,,spam,likely_spam_not_smishing,premium_number_ad;prize_reward_ad;urgency;original_spam_label;conflict_needs_review,7,2,66,current_raw_complete_packet,urgent we are trying to contact u todays draw shows that you have won a < > prize guaranteed call < > from land line claim a21 valid 12hrs only
EXP-SPAM-0187,You have WON a guaranteed £1000 cash or a £2000 prize. To claim yr prize call our customer service representative on 08714712379 between 10am-7pm Cost 10p,You have WON a guaranteed £1000 cash or a £2000 prize. To claim yr prize call our customer service representative on 08714712379 between 10am-7pm Cost 10p,You have WON a guaranteed £1000 cash or a £2000 prize. To claim yr prize call our customer service representative on 08714712379 between 10am-7pm Cost 10p,spam,spam,conflict_needs_review,UCI SMS Spam Collection,SMS Spam Collection v.1,public_baseline,False,True,False,True,gambling/casino/free spin,pass_raw_complete,traceable,,,,,,spam,likely_spam_not_smishing,gambling_promo;prize_reward_ad;original_spam_label;conflict_needs_review,7,0,54,current_raw_complete_packet,you have won a guaranteed < > cash or a < > prize to claim yr prize call our customer service representative on < > between 10am < > m cost < >
EXP-SPAM-0188,"As a valued customer, I am pleased to advise you that following recent review of your Mob No. you are awarded with a £1500 Bonus Prize, call 09066364589","As a valued customer, I am pleased to advise you that following recent review of your Mob No. you are awarded with a £1500 Bonus Prize, call 09066364589","As a valued customer, I am pleased to advise you that following recent review of your Mob No. you are awarded with a £1500 Bonus Prize, call 09066364589",spam,spam,conflict_needs_review,UCI SMS Spam Collection,SMS Spam Collection v.1,public_baseline,False,True,False,True,reward/prize,pass_raw_complete,traceable,,,,,,spam,likely_spam_not_smishing,premium_number_ad;prize_reward_ad;original_spam_label;conflict_needs_review,7,0,54,current_raw_complete_packet,as a valued customer i am pleased to advise you that following recent review of your mob no you are awarded with a < > bonus prize call < >
EXP-SPAM-0189,"UpgrdCentre Orange customer, you may now claim your FREE CAMERA PHONE upgrade for your loyalty. Call now on 0207 153 9153. Offer ends 26th July. T&C's apply. Opt-out available","UpgrdCentre Orange customer, you may now claim your FREE CAMERA PHONE upgrade for your loyalty. Call now on 0207 153 9153. Offer ends 26th July. T&C's apply. Opt-out available","UpgrdCentre Orange customer, you may now claim your FREE CAMERA PHONE upgrade for your loyalty. Call now on 0207 153 9153. Offer ends 26th July. T&C's apply. Opt-out available",spam,spam,conflict_needs_review,UCI SMS Spam Collection,SMS Spam Collection v.1,public_baseline,False,True,False,False,reward/prize,pass_raw_complete,traceable,,,,,,spam,likely_spam_not_smishing,promotional_offer;prize_reward_ad;original_spam_label;conflict_needs_review,7,0,54,current_raw_complete_packet,upgrdcentre orange customer you may now claim your free camera phone upgrade for your loyalty call now on < > offer ends 26th july t c s apply opt out available
EXP-SPAM-0190,We tried to contact you re your reply to our offer of 750 mins 150 textand a new video phone call 08002988890 now or reply for free delivery tomorrow,We tried to contact you re your reply to our offer of 750 mins 150 textand a new video phone call 08002988890 now or reply for free delivery tomorrow,We tried to contact you re your reply to our offer of 750 mins 150 textand a new video phone call 08002988890 now or reply for free delivery tomorrow,spam,spam,conflict_needs_review,UCI SMS Spam Collection,SMS Spam Collection v.1,public_baseline,False,True,False,False,delivery-like suspicious,pass_raw_complete,traceable,,,,,,spam,likely_spam_not_smishing,promotional_offer;premium_number_ad;delivery_bait;original_spam_label;conflict_needs_review,7,3,72,current_raw_complete_packet,we tried to contact you re your reply to our offer of 750 mins 150 textand a new video phone call < > now or reply for free delivery tomorrow
EXP-SPAM-0192,Todays Voda numbers ending 5226 are selected to receive a ?350 award. If you hava a match please call 08712300220 quoting claim code 1131 standard rates app,Todays Voda numbers ending 5226 are selected to receive a ?350 award. If you hava a match please call 08712300220 quoting claim code 1131 standard rates app,Todays Voda numbers ending 5226 are selected to receive a ?350 award. If you hava a match please call 08712300220 quoting claim code 1131 standard rates app,spam,spam,conflict_needs_review,UCI SMS Spam Collection,SMS Spam Collection v.1,public_baseline,False,True,False,True,reward/prize,pass_raw_complete,traceable,,,,,,spam,likely_spam_not_smishing,premium_number_ad;prize_reward_ad;original_spam_label;conflict_needs_review,7,0,54,current_raw_complete_packet,todays voda numbers ending 5226 are selected to receive a 350 award if you hava a match please call < > quoting claim < > standard rates app
EXP-SPAM-0193,"Thanks for your ringtone order, reference number X29. Your mobile will be charged 4.50. Should your tone not arrive please call customer services 09065989180","Thanks for your ringtone order, reference number X29. Your mobile will be charged 4.50. Should your tone not arrive please call customer services 09065989180","Thanks for your ringtone order, reference number X29. Your mobile will be charged 4.50. Should your tone not arrive please call customer services 09065989180",spam,spam,conflict_needs_review,UCI SMS Spam Collection,SMS Spam Collection v.1,public_baseline,False,True,False,False,telecom promo,pass_raw_complete,traceable,,,,,,spam,likely_spam_not_smishing,ringtone_subscription;payment_bait;original_spam_label;conflict_needs_review,6,3,70,current_raw_complete_packet,thanks for your ringtone order reference number x29 your mobile will be charged 4 50 should your tone not arrive please call customer services < >
EXP-SPAM-0194,We tried to contact you re our offer of New Video Phone 750 anytime any network mins HALF PRICE Rental camcorder call 08000930705 or reply for delivery Wed,We tried to contact you re our offer of New Video Phone 750 anytime any network mins HALF PRICE Rental camcorder call 08000930705 or reply for delivery Wed,We tried to contact you re our offer of New Video Phone 750 anytime any network mins HALF PRICE Rental camcorder call 08000930705 or reply for delivery Wed,spam,spam,conflict_needs_review,UCI SMS Spam Collection,SMS Spam Collection v.1,public_baseline,False,True,False,False,delivery-like suspicious,pass_raw_complete,traceable,,,,,,spam,likely_spam_not_smishing,promotional_offer;premium_number_ad;delivery_bait;original_spam_label;conflict_needs_review,7,3,72,current_raw_complete_packet,we tried to contact you re our offer of new video phone 750 anytime any network mins half price rental camcorder call < > or reply for delivery wed
EXP-SPAM-0195,PRIVATE! Your 2003 Account Statement for shows 800 un-redeemed S. I. M. points. Call 08719899230 Identifier Code: 41685 Expires 07/11/04,PRIVATE! Your 2003 Account Statement for shows 800 un-redeemed S. I. M. points. Call 08719899230 Identifier Code: 41685 Expires 07/11/04,PRIVATE! Your 2003 Account Statement for shows 800 un-redeemed S. I. M. points. Call 08719899230 Identifier Code: 41685 Expires 07/11/04,spam,spam,conflict_needs_review,UCI SMS Spam Collection,SMS Spam Collection v.1,public_baseline,False,True,False,False,banking/account-like suspicious,pass_raw_complete,traceable,,,,,,spam,likely_spam_not_smishing,premium_number_ad;bank_account_bait;original_spam_label;conflict_needs_review,5,3,68,current_raw_complete_packet,private your 2003 account statement for shows 800 un redeemed s i m points call < > identifier < > expires 07 11 04
EXP-SPAM-0196,URGENT! We are trying to contact you. Last weekends draw shows that you have won a £900 prize GUARANTEED. Call 09061701939. Claim code S89. Valid 12hrs only,URGENT! We are trying to contact you. Last weekends draw shows that you have won a £900 prize GUARANTEED. Call 09061701939. Claim code S89. Valid 12hrs only,URGENT! We are trying to contact you. Last weekends draw shows that you have won a £900 prize GUARANTEED. Call 09061701939. Claim code S89. Valid 12hrs only,spam,spam,conflict_needs_review,UCI SMS Spam Collection,SMS Spam Collection v.1,public_baseline,False,True,False,True,reward/prize,pass_raw_complete,traceable,,,,,,spam,likely_spam_not_smishing,premium_number_ad;prize_reward_ad;urgency;original_spam_label;conflict_needs_review,7,2,66,current_raw_complete_packet,urgent we are trying to contact you last weekends draw shows that you have won a < > prize guaranteed call < > claim code s89 valid 12hrs only
EXP-SPAM-0197,You have an important customer service announcement. Call FREEPHONE 0800 542 0825 now!,You have an important customer service announcement. Call FREEPHONE 0800 542 0825 now!,You have an important customer service announcement. Call FREEPHONE 0800 542 0825 now!,spam,spam,conflict_needs_review,UCI SMS Spam Collection,SMS Spam Collection v.1,public_baseline,False,True,False,False,promotional spam,pass_raw_complete,traceable,,,,,,spam,likely_spam_not_smishing,original_spam_label;conflict_needs_review,3,0,46,current_raw_complete_packet,you have an important customer service announcement call freephone < > now
EXP-SPAM-0198,"YOU 07801543489 are guaranteed the latests Nokia Phone, a 40GB iPod MP3 player or a £500 prize! Txt word:COLLECT to No:83355! TC-LLC NY-USA 150p/Mt msgrcvd18+","YOU 07801543489 are guaranteed the latests Nokia Phone, a 40GB iPod MP3 player or a £500 prize! Txt word:COLLECT to No:83355! TC-LLC NY-USA 150p/Mt msgrcvd18+","YOU 07801543489 are guaranteed the latests Nokia Phone, a 40GB iPod MP3 player or a £500 prize! Txt word:COLLECT to No:83355! TC-LLC NY-USA 150p/Mt msgrcvd18+",spam,spam,conflict_needs_review,UCI SMS Spam Collection,SMS Spam Collection v.1,public_baseline,False,True,False,True,reward/prize,pass_raw_complete,traceable,,,,,,spam,likely_spam_not_smishing,premium_number_ad;prize_reward_ad;original_spam_label;conflict_needs_review,7,0,54,current_raw_complete_packet,you < > are guaranteed the latests nokia phone a 40gb ipod mp < > layer or a < > prize txt word collect to no 83355 tc llc ny usa < > mt msgrcvd18
EXP-SPAM-0199,"Shop till u Drop, IS IT YOU, either 10K, 5K, £500 Cash or £100 Travel voucher, Call now, 09064011000. NTT PO Box CR01327BT fixedline Cost 150ppm mobile vary","Shop till u Drop, IS IT YOU, either 10K, 5K, £500 Cash or £100 Travel voucher, Call now, 09064011000. NTT PO Box CR01327BT fixedline Cost 150ppm mobile vary","Shop till u Drop, IS IT YOU, either 10K, 5K, £500 Cash or £100 Travel voucher, Call now, 09064011000. NTT PO Box CR01327BT fixedline Cost 150ppm mobile vary",spam,spam,conflict_needs_review,UCI SMS Spam Collection,SMS Spam Collection v.1,public_baseline,False,True,False,True,reward/prize,pass_raw_complete,traceable,,,,,,spam,likely_spam_not_smishing,promotional_offer;premium_number_ad;original_spam_label;conflict_needs_review,7,0,54,current_raw_complete_packet,shop till u drop is it you either 10k 5k < > cash or < > travel voucher call now < > ntt po box cr01327bt fixedline cost < > pm mobile vary
EXP-SPAM-0201,You have 1 new message. Call 0207-083-6089,You have 1 new message. Call 0207-083-6089,You have 1 new message. Call 0207-083-6089,spam,spam,conflict_needs_review,UCI SMS Spam Collection,SMS Spam Collection v.1,public_baseline,False,True,False,False,generic scam-like or unclear,pass_raw_complete,traceable,,,,,,spam,likely_spam_not_smishing,premium_number_ad;original_spam_label;conflict_needs_review,5,0,50,current_raw_complete_packet,you have 1 new message call < >
EXP-SPAM-0202,"Dear Voucher Holder, To claim this weeks offer, at your PC please go to http://www.wtlp.co.uk/text. Ts&Cs apply.","Dear Voucher Holder, To claim this weeks offer, at your PC please go to http://www.wtlp.co.uk/text. Ts&Cs apply.","Dear Voucher Holder, To claim this weeks offer, at your PC please go to http://www.wtlp.co.uk/text. Ts&Cs apply.",spam,spam,conflict_needs_review,UCI SMS Spam Collection,SMS Spam Collection v.1,public_baseline,True,False,False,False,reward/prize,pass_raw_complete,traceable,,,,,,spam,likely_spam_not_smishing,promotional_offer;prize_reward_ad;link_present;original_spam_label;conflict_needs_review,7,1,60,current_raw_complete_packet,dear voucher holder to claim this weeks offer at your pc please go to < > ts cs apply
EXP-SPAM-0203,"Urgent! call 09066612661 from landline. Your complementary 4* Tenerife Holiday or £10,000 cash await collection SAE T&Cs PO Box 3 WA14 2PX 150ppm 18+ Sender: Hol Offer","Urgent! call 09066612661 from landline. Your complementary 4* Tenerife Holiday or £10,000 cash await collection SAE T&Cs PO Box 3 WA14 2PX 150ppm 18+ Sender: Hol Offer","Urgent! call 09066612661 from landline. Your complementary 4* Tenerife Holiday or £10,000 cash await collection SAE T&Cs PO Box 3 WA14 2PX 150ppm 18+ Sender: Hol Offer",spam,spam,conflict_needs_review,UCI SMS Spam Collection,SMS Spam Collection v.1,public_baseline,False,True,False,True,promotional spam,pass_raw_complete,traceable,,,,,,spam,likely_spam_not_smishing,promotional_offer;premium_number_ad;urgency;original_spam_label;conflict_needs_review,7,2,66,current_raw_complete_packet,urgent call < > from landline your complementary 4 tenerife holiday or < > cash await collection sae t cs po box 3 wa14 < > x < > pm 18 sender hol offer
EXP-SPAM-0204,"YOUR CHANCE TO BE ON A REALITY FANTASY SHOW call now = 08707509020 Just 20p per min NTT Ltd, PO Box 1327 Croydon CR9 5WB 0870 is a national = rate call","YOUR CHANCE TO BE ON A REALITY FANTASY SHOW call now = 08707509020 Just 20p per min NTT Ltd, PO Box 1327 Croydon CR9 5WB 0870 is a national = rate call","YOUR CHANCE TO BE ON A REALITY FANTASY SHOW call now = 08707509020 Just 20p per min NTT Ltd, PO Box 1327 Croydon CR9 5WB 0870 is a national = rate call",spam,spam,conflict_needs_review,UCI SMS Spam Collection,SMS Spam Collection v.1,public_baseline,False,True,False,True,generic scam-like or unclear,pass_raw_complete,traceable,,,,,,spam,likely_spam_not_smishing,premium_number_ad;original_spam_label;conflict_needs_review,5,0,50,current_raw_complete_packet,your chance to be on a reality fantasy show call now < > just < > per min ntt ltd po box 1327 croydon cr9 5wb 0870 is a national rate call
EXP-SPAM-0205,WIN URGENT! Your mobile number has been awarded with a £2000 prize GUARANTEED call 09061790121 from land line. claim 3030 valid 12hrs only 150ppm,WIN URGENT! Your mobile number has been awarded with a £2000 prize GUARANTEED call 09061790121 from land line. claim 3030 valid 12hrs only 150ppm,WIN URGENT! Your mobile number has been awarded with a £2000 prize GUARANTEED call 09061790121 from land line. claim 3030 valid 12hrs only 150ppm,spam,spam,conflict_needs_review,UCI SMS Spam Collection,SMS Spam Collection v.1,public_baseline,False,True,False,True,reward/prize,pass_raw_complete,traceable,,,,,,spam,likely_spam_not_smishing,premium_number_ad;prize_reward_ad;urgency;original_spam_label;conflict_needs_review,7,2,66,current_raw_complete_packet,win urgent your mobile number has been awarded with a < > prize guaranteed call < > from land line claim 3030 valid 12hrs only < > pm
EXP-SPAM-0207,"[ usdtferc.com ] Dear Lisa, the account has been reset for you, the new login code: Av8d68 remaining value 3,834,187.78 ~~~ PkYGQ","[ usdtferc.com ] Dear Lisa, the account has been reset for you, the new login code: Av8d68 remaining value 3,834,187.78 ~~~ PkYGQ","[ <URL> ] Dear Lisa, the account has been reset for you, the new login code: Av8d68 remaining value 3,834,187.78 ~~~ PkYGQ",phishing_messages_row,smishing,excluded_from_smishing_review,SMS Phishing Dataset,wspr-ncsu/sms-phishing,raw_recovery_91k_pool,True,False,False,True,banking/account-like suspicious,pass_raw_complete,traceable,,,,,,smishing,likely_smishing,bank_account_bait;credential_or_otp_request,0,9,94,current_raw_complete_packet,< > dear lisa the account has been reset for you the new login < > remaining value 3 834 187 78 pkygq
EXP-SPAM-0208,"[ usdtherc.com ] Dear Lisa, the account has been reset for you, the new login code: LV#288 remaining value 3852487.35 ~~~~ EYkdD","[ usdtherc.com ] Dear Lisa, the account has been reset for you, the new login code: LV#288 remaining value 3852487.35 ~~~~ EYkdD","[ <URL> ] Dear Lisa, the account has been reset for you, the new login code: LV#288 remaining value <PHONE> ~~~~ EYkdD",phishing_messages_row,smishing,excluded_from_smishing_review,SMS Phishing Dataset,wspr-ncsu/sms-phishing,content_quality_replacement_91k_pool,True,True,False,True,banking/account-like suspicious,pass_raw_complete,traceable,,,,,,smishing,likely_smishing,bank_account_bait;credential_or_otp_request,0,9,94,current_raw_complete_packet,< > dear lisa the account has been reset for you the new login code lv 288 remaining value < > eykdd
EXP-SPAM-0209,"[ usdtferc.com ] Dear Lisa, the account has been reset for you, the new login code: Av8d68 remaining value 3,834,187.78 ~~~ yiCfm","[ usdtferc.com ] Dear Lisa, the account has been reset for you, the new login code: Av8d68 remaining value 3,834,187.78 ~~~ yiCfm","[ <URL> ] Dear Lisa, the account has been reset for you, the new login code: Av8d68 remaining value 3,834,187.78 ~~~ yiCfm",phishing_messages_row,smishing,excluded_from_smishing_review,SMS Phishing Dataset,wspr-ncsu/sms-phishing,raw_recovery_91k_pool,True,False,False,True,banking/account-like suspicious,pass_raw_complete,traceable,,,,,,smishing,likely_smishing,bank_account_bait;credential_or_otp_request,0,9,94,current_raw_complete_packet,< > dear lisa the account has been reset for you the new login < > remaining value 3 834 187 78 yicfm
EXP-SPAM-0210,"[ usdtferc.com ] Dear Lisa, the account has been reset for you, the new login code: LV#288 remaining value 3,852,287.99 ~~~~ peQYV","[ usdtferc.com ] Dear Lisa, the account has been reset for you, the new login code: LV#288 remaining value 3,852,287.99 ~~~~ peQYV","[ <URL> ] Dear Lisa, the account has been reset for you, the new login code: LV#288 remaining value 3,852,287.99 ~~~~ peQYV",phishing_messages_row,smishing,excluded_from_smishing_review,SMS Phishing Dataset,wspr-ncsu/sms-phishing,raw_recovery_91k_pool,True,False,False,True,banking/account-like suspicious,pass_raw_complete,traceable,,,,,,smishing,likely_smishing,bank_account_bait;credential_or_otp_request,0,9,94,current_raw_complete_packet,< > dear lisa the account has been reset for you the new login code lv 288 remaining value 3 852 287 99 peqyv
EXP-SPAM-0211,"[ usdtferc.com ] Dear Lisa, the account has been reset for you, the new login code: Av8d68 remaining value 3,834,187.78 ~~~ IyEoC","[ usdtferc.com ] Dear Lisa, the account has been reset for you, the new login code: Av8d68 remaining value 3,834,187.78 ~~~ IyEoC","[ <URL> ] Dear Lisa, the account has been reset for you, the new login code: Av8d68 remaining value 3,834,187.78 ~~~ IyEoC",phishing_messages_row,smishing,excluded_from_smishing_review,SMS Phishing Dataset,wspr-ncsu/sms-phishing,raw_recovery_91k_pool,True,False,False,True,banking/account-like suspicious,pass_raw_complete,traceable,,,,,,smishing,likely_smishing,bank_account_bait;credential_or_otp_request,0,9,94,current_raw_complete_packet,< > dear lisa the account has been reset for you the new login < > remaining value 3 834 187 78 iyeoc
EXP-SPAM-0212,"【 www.bitoim.com 】 Acc***t Login:Rom88 P****od:R66888 Asse1ts:3,953,720.95 ~~~ FKePzy","【 www.bitoim.com 】 Acc***t Login:Rom88 P****od:R66888 Asse1ts:3,953,720.95 ~~~ FKePzy","【 <URL> 】 Acc***t Login:Rom88 P****od:R66888 Asse1ts:3,953,720.95 ~~~ FKePzy",phishing_messages_row,smishing,excluded_from_smishing_review,SMS Phishing Dataset,wspr-ncsu/sms-phishing,raw_recovery_91k_pool,True,False,False,False,generic scam-like or unclear,pass_raw_complete,traceable,,,,,,smishing,likely_smishing,credential_or_otp_request;link_present,0,7,82,current_raw_complete_packet,< > acc t login rom < > od < > asse1ts 3 953 720 95 fkepzy
EXP-SPAM-0213,Police case filed against you. Settlement 19687 TK: urgent-bd.org/urgent,Police case filed against you. Settlement 19687 TK: urgent-bd.org/urgent,Police case filed against you. Settlement 19687 TK: <URL>,smish,smishing,excluded_from_smishing_review,Bengali SMS Smishing Dataset,shariul-islam/bengali-sms-smishing-dataset,raw_recovery_91k_pool,True,False,False,False,generic scam-like or unclear,pass_raw_complete,traceable,,,,,,smishing,likely_smishing,urgency,0,4,64,current_raw_complete_packet,police case filed against you settlement 19687 tk < >
EXP-SPAM-0214,"【 www.bitoim.com 】 Acc***t Login:Rom88 P****od:R66888 Asse1ts:3,953,720.95 ~~~ oisxyZ","【 www.bitoim.com 】 Acc***t Login:Rom88 P****od:R66888 Asse1ts:3,953,720.95 ~~~ oisxyZ","【 <URL> 】 Acc***t Login:Rom88 P****od:R66888 Asse1ts:3,953,720.95 ~~~ oisxyZ",phishing_messages_row,smishing,excluded_from_smishing_review,SMS Phishing Dataset,wspr-ncsu/sms-phishing,raw_recovery_91k_pool,True,False,False,False,generic scam-like or unclear,pass_raw_complete,traceable,,,,,,smishing,likely_smishing,credential_or_otp_request;link_present,0,7,82,current_raw_complete_packet,< > acc t login rom < > od < > asse1ts 3 953 720 95 oisxyz
EXP-SPAM-0215,"【 www.bitoim.com 】 Acc***t Login:Rom88 P****od:R66888 Asse1ts:3,953,720.95 ~~~ ZrnPtI","【 www.bitoim.com 】 Acc***t Login:Rom88 P****od:R66888 Asse1ts:3,953,720.95 ~~~ ZrnPtI","【 <URL> 】 Acc***t Login:Rom88 P****od:R66888 Asse1ts:3,953,720.95 ~~~ ZrnPtI",phishing_messages_row,smishing,excluded_from_smishing_review,SMS Phishing Dataset,wspr-ncsu/sms-phishing,raw_recovery_91k_pool,True,False,False,False,generic scam-like or unclear,pass_raw_complete,traceable,,,,,,smishing,likely_smishing,credential_or_otp_request;link_present,0,7,82,current_raw_complete_packet,< > acc t login rom < > od < > asse1ts 3 953 720 95 zrnpti
EXP-SPAM-0216,"【 www.bitoim.com 】 Acc***t Login:Rom88 P****od:R66888 Asse1ts:3,953,720.95 ~~~ BbndGg","【 www.bitoim.com 】 Acc***t Login:Rom88 P****od:R66888 Asse1ts:3,953,720.95 ~~~ BbndGg","【 <URL> 】 Acc***t Login:Rom88 P****od:R66888 Asse1ts:3,953,720.95 ~~~ BbndGg",phishing_messages_row,smishing,excluded_from_smishing_review,SMS Phishing Dataset,wspr-ncsu/sms-phishing,raw_recovery_91k_pool,True,False,False,False,generic scam-like or unclear,pass_raw_complete,traceable,,,,,,smishing,likely_smishing,credential_or_otp_request;link_present,0,7,82,current_raw_complete_packet,< > acc t login rom < > od < > asse1ts 3 953 720 95 bbndgg
EXP-SPAM-0217,"【 www.bitoim.com 】 Acc***t Login:Rom88 P****od:R66888 Asse1ts:3,953,720.95 ~~~ prZhSu","【 www.bitoim.com 】 Acc***t Login:Rom88 P****od:R66888 Asse1ts:3,953,720.95 ~~~ prZhSu","【 <URL> 】 Acc***t Login:Rom88 P****od:R66888 Asse1ts:3,953,720.95 ~~~ prZhSu",phishing_messages_row,smishing,excluded_from_smishing_review,SMS Phishing Dataset,wspr-ncsu/sms-phishing,raw_recovery_91k_pool,True,False,False,False,generic scam-like or unclear,pass_raw_complete,traceable,,,,,,smishing,likely_smishing,credential_or_otp_request;link_present,0,7,82,current_raw_complete_packet,< > acc t login rom < > od < > asse1ts 3 953 720 95 przhsu
EXP-SPAM-0218,Paytm Secure SMS to verify your number and login: $YzU1M2E4MTIyMmQ5NWVmNWNWjMmMTJjYThiZTg,Paytm Secure SMS to verify your number and login: $YzU1M2E4MTIyMmQ5NWVmNWNWjMmMTJjYThiZTg,Paytm Secure SMS to verify your number and login: $YzU1M2E4MTIyMmQ5NWVmNWNWjMmMTJjYThiZTg,smishing_corpus_row,smishing,excluded_from_smishing_review,Smishing-Dataset-IMC25,reportsmishing/Smishing-Dataset-IMC25,raw_recovery_91k_pool,False,False,False,True,banking/account-like suspicious,pass_raw_complete,traceable,,,,,,smishing,likely_smishing,credential_or_otp_request;verification_action,0,9,94,current_raw_complete_packet,paytm secure sms to verify your number and login yzu1m2e4mtiymmq5nwvmnwnwjmmmtjjythiztg
EXP-SPAM-0219,"[ usdtferc.com ] Dear Lisa, the account has ****een reset for you, the new login code: Av8d68 remaining value 3,834,187.78 ~~~ ywGxG","[ usdtferc.com ] Dear Lisa, the account has ****een reset for you, the new login code: Av8d68 remaining value 3,834,187.78 ~~~ ywGxG","[ <URL> ] Dear Lisa, the account has ****een reset for you, the new login code: Av8d68 remaining value 3,834,187.78 ~~~ ywGxG",phishing_messages_row,smishing,excluded_from_smishing_review,SMS Phishing Dataset,wspr-ncsu/sms-phishing,raw_recovery_91k_pool,True,False,False,True,banking/account-like suspicious,pass_raw_complete,traceable,,,,,,smishing,likely_smishing,bank_account_bait;credential_or_otp_request,0,9,94,current_raw_complete_packet,< > dear lisa the account has een reset for you the new login < > remaining value 3 834 187 78 ywgxg
EXP-SPAM-0220,"[ usdtferc.com ] Dear Lisa, the account has ****een reset for you, the new login code: LV#288 remaining value 3,852,287.99 ~~~ ksrgu","[ usdtferc.com ] Dear Lisa, the account has ****een reset for you, the new login code: LV#288 remaining value 3,852,287.99 ~~~ ksrgu","[ <URL> ] Dear Lisa, the account has ****een reset for you, the new login code: LV#288 remaining value 3,852,287.99 ~~~ ksrgu",phishing_messages_row,smishing,excluded_from_smishing_review,SMS Phishing Dataset,wspr-ncsu/sms-phishing,raw_recovery_91k_pool,True,False,False,True,banking/account-like suspicious,pass_raw_complete,traceable,,,,,,smishing,likely_smishing,bank_account_bait;credential_or_otp_request,0,9,94,current_raw_complete_packet,< > dear lisa the account has een reset for you the new login code lv 288 remaining value 3 852 287 99 ksrgu
EXP-SPAM-0221,"[ usdtferc.com ] Dear Lisa, the account has ****een reset for you, the new login code: Av8d68 remaining value 3,834,187.78 ~~~ DsELV","[ usdtferc.com ] Dear Lisa, the account has ****een reset for you, the new login code: Av8d68 remaining value 3,834,187.78 ~~~ DsELV","[ <URL> ] Dear Lisa, the account has ****een reset for you, the new login code: Av8d68 remaining value 3,834,187.78 ~~~ DsELV",phishing_messages_row,smishing,excluded_from_smishing_review,SMS Phishing Dataset,wspr-ncsu/sms-phishing,raw_recovery_91k_pool,True,False,False,True,banking/account-like suspicious,pass_raw_complete,traceable,,,,,,smishing,likely_smishing,bank_account_bait;credential_or_otp_request,0,9,94,current_raw_complete_packet,< > dear lisa the account has een reset for you the new login < > remaining value 3 834 187 78 dselv
EXP-SPAM-0222,"[ usdtferc.com ] Dear Lisa, the account has ****een reset for you, the new login code: Av8d68 remaining value 3,834,187.78 ~~~ KClmf","[ usdtferc.com ] Dear Lisa, the account has ****een reset for you, the new login code: Av8d68 remaining value 3,834,187.78 ~~~ KClmf","[ <URL> ] Dear Lisa, the account has ****een reset for you, the new login code: Av8d68 remaining value 3,834,187.78 ~~~ KClmf",phishing_messages_row,smishing,excluded_from_smishing_review,SMS Phishing Dataset,wspr-ncsu/sms-phishing,raw_recovery_91k_pool,True,False,False,True,banking/account-like suspicious,pass_raw_complete,traceable,,,,,,smishing,likely_smishing,bank_account_bait;credential_or_otp_request,0,9,94,current_raw_complete_packet,< > dear lisa the account has een reset for you the new login < > remaining value 3 834 187 78 kclmf
EXP-SPAM-0223,"[email protected] / (FirstHorizon-ID#174512) / (ONLINE-Verification),click the following link to confirm your account: http://e7.al/395","[email protected] / (FirstHorizon-ID#174512) / (ONLINE-Verification),click the following link to confirm your account: http://e7.al/395","[email protected] / (FirstHorizon-ID#174512) / (ONLINE-Verification),click the following link to confirm your account: <URL>",phishing_messages_row,smishing,excluded_from_smishing_review,SMS Phishing Dataset,wspr-ncsu/sms-phishing,raw_recovery_91k_pool,True,False,False,True,banking/account-like suspicious,pass_raw_complete,traceable,,,,,,smishing,likely_smishing,bank_account_bait;verification_action;government_bait;link_present,0,12,112,current_raw_complete_packet,email protected firsthorizon id 174512 online verification click the following link to confirm your account < >
EXP-SPAM-0224,"[ usdtferc.com ] Dear Lisa, the account has ****een reset for you, the new login code: LV#288 remaining value 3,852,287.99 ~~~ HVNHk","[ usdtferc.com ] Dear Lisa, the account has ****een reset for you, the new login code: LV#288 remaining value 3,852,287.99 ~~~ HVNHk","[ <URL> ] Dear Lisa, the account has ****een reset for you, the new login code: LV#288 remaining value 3,852,287.99 ~~~ HVNHk",phishing_messages_row,smishing,excluded_from_smishing_review,SMS Phishing Dataset,wspr-ncsu/sms-phishing,raw_recovery_91k_pool,True,False,False,True,banking/account-like suspicious,pass_raw_complete,traceable,,,,,,smishing,likely_smishing,bank_account_bait;credential_or_otp_request,0,9,94,current_raw_complete_packet,< > dear lisa the account has een reset for you the new login code lv 288 remaining value 3 852 287 99 hvnhk
EXP-SPAM-0226,"[emailÂ protected] / (FirstHorizon-ID#11174) / (ONLINE-Verification),click the following link to confirm your account: http://e7.al/387","[emailÂ protected] / (FirstHorizon-ID#11174) / (ONLINE-Verification),click the following link to confirm your account: http://e7.al/387","[emailÂ protected] / (FirstHorizon-ID#11174) / (ONLINE-Verification),click the following link to confirm your account: <URL>",smishing,smishing,excluded_from_smishing_review,SmishX,yizhu-joy/SmishX,raw_recovery_91k_pool,True,False,False,True,banking/account-like suspicious,pass_raw_complete,traceable,,,,,,smishing,likely_smishing,bank_account_bait;verification_action;government_bait;link_present,0,12,112,current_raw_complete_packet,email protected firsthorizon id 11174 online verification click the following link to confirm your account < >
EXP-SPAM-0227,"Your verification code for BaitSalam.com is: 075422
Enter this code on the web to verify your phone number.
BaitSalam","Your verification code for BaitSalam.com is: 075422
Enter this code on the web to verify your phone number.
BaitSalam",Your verification code for <URL> is: 075422 Enter this code on the web to verify your phone number. BaitSalam,phishing_messages_row,smishing,excluded_from_smishing_review,SMS Phishing Dataset,wspr-ncsu/sms-phishing,raw_recovery_91k_pool,True,False,True,False,banking/account-like suspicious,pass_raw_complete,traceable,,,,,,smishing,likely_smishing,credential_or_otp_request;verification_action,0,9,94,current_raw_complete_packet,your < > for < > is 075422 enter this code on the web to verify your phone number baitsalam
EXP-SPAM-0228,[emailÂ protected] / U-S-P-S ID 43077 / We could not find the correct info provided for your item: https://qi.lv/mwg,[emailÂ protected] / U-S-P-S ID 43077 / We could not find the correct info provided for your item: https://qi.lv/mwg,[emailÂ protected] / U-S-P-S ID 43077 / We could not find the correct info provided for your item: <URL>,smishing,smishing,excluded_from_smishing_review,SmishX,yizhu-joy/SmishX,raw_recovery_91k_pool,True,False,False,False,generic scam-like or unclear,pass_raw_complete,traceable,,,,,,smishing,likely_smishing,link_present,0,3,58,current_raw_complete_packet,email protected u s p s id 43077 we could not find the correct info provided for your item < >
EXP-SPAM-0229,"（ www.usdtmerc.com ）A**ount Login:Rom88 P***word:R66888 Avai1lable:3,873,504.37ÙŠÐТ #%@[email protected]","（ www.usdtmerc.com ）A**ount Login:Rom88 P***word:R66888 Avai1lable:3,873,504.37ÙŠÐТ #%@[email protected]","（ <URL> ）A**ount Login:Rom88 P***word:R66888 Avai1lable:3,873,504.37ÙŠÐТ #%@[email protected]",phishing_messages_row,smishing,excluded_from_smishing_review,SMS Phishing Dataset,wspr-ncsu/sms-phishing,raw_recovery_91k_pool,True,False,False,True,banking/account-like suspicious,pass_raw_complete,traceable,,,,,,smishing,likely_smishing,credential_or_otp_request;link_present,0,7,82,current_raw_complete_packet,< > a ount login rom < > word < > avai1lable 3 873 504 37 email protected
EXP-SPAM-0230,"[email protected] / (FirstHorizon-ID#48123) / (ONLINE-Verification),click the following link to confirm your account: http://e7.al/369","[email protected] / (FirstHorizon-ID#48123) / (ONLINE-Verification),click the following link to confirm your account: http://e7.al/369","[email protected] / (FirstHorizon-ID#48123) / (ONLINE-Verification),click the following link to confirm your account: <URL>",phishing_messages_row,smishing,excluded_from_smishing_review,SMS Phishing Dataset,wspr-ncsu/sms-phishing,raw_recovery_91k_pool,True,False,False,True,banking/account-like suspicious,pass_raw_complete,traceable,,,,,,smishing,likely_smishing,bank_account_bait;verification_action;government_bait;link_present,0,12,112,current_raw_complete_packet,email protected firsthorizon id 48123 online verification click the following link to confirm your account < >
EXP-SPAM-0231,Your verification code for BaitSalam.com is: 723766 Enter this code on the web to verify your phone number. BaitSalam,Your verification code for BaitSalam.com is: 723766 Enter this code on the web to verify your phone number. BaitSalam,Your verification code for <URL> is: 723766 Enter this code on the web to verify your phone number. BaitSalam,phishing_messages_row,smishing,excluded_from_smishing_review,SMS Phishing Dataset,wspr-ncsu/sms-phishing,raw_recovery_91k_pool,True,False,True,False,banking/account-like suspicious,pass_raw_complete,traceable,,,,,,smishing,likely_smishing,credential_or_otp_request;verification_action,0,9,94,current_raw_complete_packet,your < > for < > is 723766 enter this code on the web to verify your phone number baitsalam
EXP-SPAM-0232,575747   is   your   verification   code   for   app.vanillamail.net.,575747   is   your   verification   code   for   app.vanillamail.net.,575747 is your verification code for <URL>,phishing_messages_row,smishing,excluded_from_smishing_review,SMS Phishing Dataset,wspr-ncsu/sms-phishing,raw_recovery_91k_pool,True,False,True,False,banking/account-like suspicious,pass_raw_complete,traceable,,,,,,smishing,likely_smishing,verification_action,0,5,70,current_raw_complete_packet,575747 is your < > for < >
EXP-SPAM-0234,"URGENT! Dear FL1PKART Customer, We are trying to contact you. Last weekends draw shows that you w0n a Rs.5,00,000 prize GUARANTEED. Call 7044518857. Claim Code FLIP82. Valid 12hrs only.","URGENT! Dear FL1PKART Customer, We are trying to contact you. Last weekends draw shows that you w0n a Rs.5,00,000 prize GUARANTEED. Call 7044518857. Claim Code FLIP82. Valid 12hrs only.","URGENT! Dear FL1PKART Customer, We are trying to contact you. Last weekends draw shows that you w0n a Rs.5,00,000 prize GUARANTEED. Call <PHONE>. Claim Code <OTP>. Valid 12hrs only.",Smishing,smishing,excluded_from_smishing_review,Mishra & Soni,SMS Phishing Dataset for Machine Learning and Pattern Recognition,public_baseline,False,True,True,True,reward/prize,pass_raw_complete,traceable,,,,,,smishing,likely_spam_not_smishing,premium_number_ad;prize_reward_ad;urgency,4,4,72,current_raw_complete_packet,urgent dear fl < > kart customer we are trying to contact you last weekends draw shows that you w0n a < > prize guaranteed call < > claim < > valid 12hrs only
EXP-SPAM-0235,Paytm Secure SMS to verify your number and Login:MTI40TcwgZWYyM2ZmM2NjZWYwZDM1NzBhN2E5YmlwMzM=,Paytm Secure SMS to verify your number and Login:MTI40TcwgZWYyM2ZmM2NjZWYwZDM1NzBhN2E5YmlwMzM=,Paytm Secure SMS to verify your number and Login:MTI40TcwgZWYyM2ZmM2NjZWYwZDM1NzBhN2E5YmlwMzM=,smishing_corpus_row,smishing,excluded_from_smishing_review,Smishing-Dataset-IMC25,reportsmishing/Smishing-Dataset-IMC25,raw_recovery_91k_pool,False,False,False,False,banking/account-like suspicious,pass_raw_complete,traceable,,,,,,smishing,likely_smishing,credential_or_otp_request;verification_action,0,9,94,current_raw_complete_packet,paytm secure sms to verify your number and login mti40tcwgzwyym2zmm2njzwywzdm1nzbhn2e5ymlwmzm
EXP-SPAM-0237,"/ (FirstHorizon-ID#165012) / (ONLINE-Verification),click the following link to confirm your account: http://e7.al/395","/ (FirstHorizon-ID#165012) / (ONLINE-Verification),click the following link to confirm your account: http://e7.al/395","/ (FirstHorizon-ID#165012) / (ONLINE-Verification),click the following link to confirm your account: <URL>",phishing_messages_row,smishing,excluded_from_smishing_review,SMS Phishing Dataset,wspr-ncsu/sms-phishing,raw_recovery_91k_pool,True,False,False,True,banking/account-like suspicious,pass_raw_complete,traceable,,,,,,smishing,likely_smishing,bank_account_bait;verification_action;government_bait;link_present,0,12,112,current_raw_complete_packet,firsthorizon id 165012 online verification click the following link to confirm your account < >
EXP-SPAM-0238,2 MIN Survey - 100 Reward,2 MIN Survey - 100 Reward,,smishing_corpus_row,smishing,public_candidate_spam,Smishing-Dataset-IMC25,reportsmishing/Smishing-Dataset-IMC25,GitHub_dataset,False,False,False,False,reward/prize,pass_raw_complete,traceable,,,,,,smishing,unclear_review,prize_reward_ad,2,2,56,current_raw_complete_packet,2 min survey 100 reward
EXP-SPAM-0240,30k bonus for both old and new customers. Thank you for using sportybet. ... 30k bonus for both old and new customers. Thank you for using sportybet.,30k bonus for both old and new customers. Thank you for using sportybet. ... 30k bonus for both old and new customers. Thank you for using sportybet.,,smishing_corpus_row,smishing,public_candidate_spam,Smishing-Dataset-IMC25,reportsmishing/Smishing-Dataset-IMC25,GitHub_dataset,False,False,False,True,gambling/casino/free spin,pass_raw_complete,traceable,,,,,,smishing,unclear_review,gambling_promo,2,2,56,current_raw_complete_packet,30k bonus for both old and new customers thank you for using sportybet 30k bonus for both old and new customers thank you for using sportybet
EXP-SPAM-0242,"LK144650546AU The parcel is delivered abnormally, please reconfirm the address and contact information, otherwise we will return it:","LK144650546AU The parcel is delivered abnormally, please reconfirm the address and contact information, otherwise we will return it:","LK144650546AU The parcel is delivered abnormally, please reconfirm the address and contact information, otherwise we will return it:",smishing_corpus_row,smishing,weak_signal_suspicious,Smishing-Dataset-IMC25,reportsmishing/Smishing-Dataset-IMC25,raw_recovery_91k_pool,False,True,False,False,banking/account-like suspicious,pass_raw_complete,traceable,,,,,,smishing,likely_smishing,verification_action;delivery_bait,0,8,88,current_raw_complete_packet,lk < > au the parcel is delivered abnormally please reconfirm the address and contact information otherwise we will return it
EXP-SPAM-0243,"The address of your package logistics tail number 5892 is not detailed, and needs to be updated : l.ead.me/Vg8TrwQG O","The address of your package logistics tail number 5892 is not detailed, and needs to be updated : l.ead.me/Vg8TrwQG O","The address of your package logistics tail number 5892 is not detailed, and needs to be updated: <URL> O",verified_smishing,smishing,weak_signal_suspicious,SmishTank,SmishTank Dataset / Smishing Dataset I,public_baseline,True,False,False,False,delivery-like suspicious,pass_raw_complete,traceable,,,,,,smishing,likely_smishing,delivery_bait,0,5,70,current_raw_complete_packet,the address of your package logistics tail number 5892 is not detailed and needs to be updated < > o
EXP-SPAM-0244,[HMRC]: You're due a tax refund of up to 400.00GBP from HMRC. To process your application please complete your form via,[HMRC]: You're due a tax refund of up to 400.00GBP from HMRC. To process your application please complete your form via,[HMRC]: You're due a tax refund of up to 400.00GBP from HMRC. To process your application please complete your form via,smishing_corpus_row,smishing,weak_signal_suspicious,Smishing-Dataset-IMC25,reportsmishing/Smishing-Dataset-IMC25,strict_raw_replacement_91k_pool,False,False,False,True,banking/account-like suspicious,pass_raw_complete,traceable,,,,,,smishing,likely_smishing,government_bait;payment_bait,0,8,88,current_raw_complete_packet,hmrc you re due a tax refund of up to < > from hmrc to process your application please complete your form via
EXP-SPAM-0246,Your ERupee debt are now have severe overdue. The company will contact your relatives to understand the reasons for the arrears and publicize your breach of contract to the banks.,Your ERupee debt are now have severe overdue. The company will contact your relatives to understand the reasons for the arrears and publicize your breach of contract to the banks.,Your ERupee debt are now have severe overdue. The company will contact your relatives to understand the reasons for the arrears and publicize your breach of contract to the banks.,smishing_corpus_row,smishing,weak_signal_suspicious,Smishing-Dataset-IMC25,reportsmishing/Smishing-Dataset-IMC25,raw_recovery_91k_pool,False,False,False,True,banking/account-like suspicious,pass_raw_complete,traceable,,,,,,smishing,likely_smishing,bank_account_bait,0,5,70,current_raw_complete_packet,your erupee debt are now have severe overdue the company will contact your relatives to understand the reasons for the arrears and publicize your breach of contract to the banks
EXP-SPAM-0250,"Dial *213*6551# to bring smile to loved one's face, charge 82.67 daily","Dial *213*6551# to bring smile to loved one's face, charge 82.67 daily","Dial *213*6551# to bring smile to loved one's face, charge 82.67 daily",smish,smishing,weak_signal_suspicious,Bengali SMS Smishing Dataset,shariul-islam/bengali-sms-smishing-dataset,raw_recovery_91k_pool,False,False,False,False,generic scam-like or unclear,pass_raw_complete,traceable,,,,,,smishing,likely_smishing,payment_bait,0,5,70,current_raw_complete_packet,dial 213 6551 to bring smile to loved one s face charge 82 67 daily
EXP-SPAM-0251,"Package No. 368574983EE couldn't deliver due to misinformation on your street number, please follow t.ly/E3Y_QgN to make correction. Thanks","Package No. 368574983EE couldn't deliver due to misinformation on your street number, please follow t.ly/E3Y_QgN to make correction. Thanks","Package No. 368574983EE couldn't deliver due to misinformation on your street number, please follow <URL> to make correction. Thanks",verified_smishing,smishing,weak_signal_suspicious,SmishTank,SmishTank Dataset / Smishing Dataset I,public_baseline,True,True,False,False,delivery-like suspicious,pass_raw_complete,traceable,,,,,,smishing,likely_smishing,delivery_bait,0,5,70,current_raw_complete_packet,package no < > ee couldn t deliver due to misinformation on your street number please follow < > to make correction thanks
EXP-SPAM-0253,Hi Rs.5000 Welcome C...,Hi Rs.5000 Welcome C...,,smishing_corpus_row,smishing,public_candidate_spam,Smishing-Dataset-IMC25,reportsmishing/Smishing-Dataset-IMC25,GitHub_dataset,False,False,False,True,spam,pass_raw_complete,traceable,,,,,,smishing,likely_smishing,,0,2,52,current_raw_complete_packet,hi < > welcome c
EXP-SPAM-0254,Membership ID-  Please don’t bother calling or mailing to convince me otherwise or for any other reason. Just mail me confirmation that my membership is cancelled.,Membership ID-  Please don’t bother calling or mailing to convince me otherwise or for any other reason. Just mail me confirmation that my membership is cancelled.,Membership ID- Please don’t bother calling or mailing to convince me otherwise or for any other reason. Just mail me confirmation that my membership is cancelled.,smishing_corpus_row,smishing,weak_signal_suspicious,Smishing-Dataset-IMC25,reportsmishing/Smishing-Dataset-IMC25,raw_recovery_91k_pool,False,False,False,True,delivery-like suspicious,pass_raw_complete,traceable,,,,,,smishing,likely_smishing,verification_action,0,5,70,current_raw_complete_packet,membership id please don t bother calling or mailing to convince me otherwise or for any other reason just mail me confirmation that my membership is cancelled
EXP-SPAM-0255,HiGood evening have you had dinner? Come out for dinner Are You still busy Now? ;),HiGood evening have you had dinner? Come out for dinner Are You still busy Now? ;),HiGood evening have you had dinner? Come out for dinner Are You still busy Now? ;),verified_smishing,smishing,weak_signal_suspicious,SmishTank,SmishTank Dataset / Smishing Dataset I,public_baseline,False,False,False,False,generic scam-like or unclear,pass_raw_complete,traceable,,,,,,smishing,likely_smishing,,0,2,52,current_raw_complete_packet,higood evening have you had dinner come out for dinner are you still busy now
EXP-SPAM-0256,Your property ownership documents forged. Authenticate with 22000 TK: property-auth.bd/urgent,Your property ownership documents forged. Authenticate with 22000 TK: property-auth.bd/urgent,Your property ownership documents forged. Authenticate with 22000 TK: property-auth.bd/urgent,smish,smishing,weak_signal_suspicious,Bengali SMS Smishing Dataset,shariul-islam/bengali-sms-smishing-dataset,raw_recovery_91k_pool,False,False,False,True,banking/account-like suspicious,pass_raw_complete,traceable,,,,,,smishing,likely_smishing,urgency,0,4,64,current_raw_complete_packet,your property ownership documents forged authenticate with 22000 tk < >
EXP-SPAM-0257,You can earn 20 to 30 thousand per month 🌺\nContact number 01761693374 💢,You can earn 20 to 30 thousand per month 🌺\nContact number 01761693374 💢,You can earn 20 to 30 thousand per month 🌺\nContact number <PHONE> 💢,smish,smishing,weak_signal_suspicious,Bengali SMS Smishing Dataset,shariul-islam/bengali-sms-smishing-dataset,raw_recovery_91k_pool,False,True,False,False,banking/account-like suspicious,pass_raw_complete,traceable,,,,,,smishing,likely_smishing,,0,2,52,current_raw_complete_packet,you can earn 20 to 30 thousand per month ncontact number < >
EXP-SPAM-0258,Package Tracking: Your package arrived at the transit center but could not be delivered due to incomplete address information. Details:,Package Tracking: Your package arrived at the transit center but could not be delivered due to incomplete address information. Details:,Package Tracking: Your package arrived at the transit center but could not be delivered due to incomplete address information. Details:,smishing_corpus_row,smishing,weak_signal_suspicious,Smishing-Dataset-IMC25,reportsmishing/Smishing-Dataset-IMC25,raw_recovery_91k_pool,False,False,False,False,delivery-like suspicious,pass_raw_complete,traceable,,,,,,smishing,likely_smishing,delivery_bait,0,5,70,current_raw_complete_packet,package tracking your package arrived at the transit center but could not be delivered due to incomplete address information details
EXP-SPAM-0259,Walgreens: You are one of few final selections in our recent prize program & can redeem 1 of 834 rewards for a 1 min survey cpqsz.cc/DwFK192,Walgreens: You are one of few final selections in our recent prize program & can redeem 1 of 834 rewards for a 1 min survey cpqsz.cc/DwFK192,Walgreens: You are one of few final selections in our recent prize program & can redeem 1 of 834 rewards for a 1 min survey cpqsz.cc/DwFK192,verified_smishing,smishing,weak_signal_suspicious,SmishTank,SmishTank Dataset / Smishing Dataset I,public_baseline,False,False,False,False,reward/prize,pass_raw_complete,traceable,,,,,,smishing,unclear_review,prize_reward_ad,2,2,56,current_raw_complete_packet,walgreens you are one of few final selections in our recent prize program can redeem 1 of 834 rewards for a 1 min survey < >
EXP-SPAM-0261,USPS: The carrier was unable to deliver your order because the shipping information is missing a house number. Check please.,USPS: The carrier was unable to deliver your order because the shipping information is missing a house number. Check please.,USPS: The carrier was unable to deliver your order because the shipping information is missing a house number. Check please.,smishing_corpus_row,smishing,weak_signal_suspicious,Smishing-Dataset-IMC25,reportsmishing/Smishing-Dataset-IMC25,raw_recovery_91k_pool,False,False,False,False,delivery-like suspicious,pass_raw_complete,traceable,,,,,,smishing,likely_smishing,credential_or_otp_request;delivery_bait,0,9,94,current_raw_complete_packet,usps the carrier was unable to deliver your order because the shipping information is missing a house number check please
EXP-SPAM-0262,HWforSNKRTEGHINMATH SCISST You are selected join our company and wage is 8700 RS.,HWforSNKRTEGHINMATH SCISST You are selected join our company and wage is 8700 RS.,HWforSNKRTEGHINMATH SCISST You are selected join our company and wage is 8700 RS.,smishing_corpus_row,smishing,weak_signal_suspicious,Smishing-Dataset-IMC25,reportsmishing/Smishing-Dataset-IMC25,raw_recovery_91k_pool,False,False,False,True,delivery-like suspicious,pass_raw_complete,traceable,,,,,,smishing,likely_smishing,,0,2,52,current_raw_complete_packet,hwforsnkrteghinmath scisst you are selected join our company and wage is < >
EXP-SPAM-0264,Co m e to our post office to get your delivery package.,Co m e to our post office to get your delivery package.,Co m e to our post office to get your delivery package.,smishing_corpus_row,smishing,weak_signal_suspicious,Smishing-Dataset-IMC25,reportsmishing/Smishing-Dataset-IMC25,raw_recovery_91k_pool,False,False,False,False,banking/account-like suspicious,pass_raw_complete,traceable,,,,,,smishing,likely_smishing,delivery_bait,0,5,70,current_raw_complete_packet,co m e to our post office to get your delivery package
EXP-SPAM-0265,"Your DHL Shipment is waiting for delivery
Reason: due customs fees
(1.99 EUR)
Follow here:","Your DHL Shipment is waiting for delivery
Reason: due customs fees
(1.99 EUR)
Follow here:",Your DHL Shipment is waiting for delivery Reason: due customs fees (1.99 EUR) Follow here:,smishing_corpus_row,smishing,weak_signal_suspicious,Smishing-Dataset-IMC25,reportsmishing/Smishing-Dataset-IMC25,raw_recovery_91k_pool,False,False,False,True,banking/account-like suspicious,pass_raw_complete,traceable,,,,,,smishing,likely_smishing,delivery_bait,0,5,70,current_raw_complete_packet,your dhl shipment is waiting for delivery reason due customs fees < > follow here
EXP-SPAM-0267,"Your Phone No has been selected for 3.35 Crore from Global Mobile award.
for claims, send mail with Name, contact No, address and age.","Your Phone No has been selected for 3.35 Crore from Global Mobile award.
for claims, send mail with Name, contact No, address and age.","Your Phone No has been selected for 3.35 Crore from Global Mobile award. for claims, send mail with Name, contact No, address and age.",smishing_corpus_row,smishing,weak_signal_suspicious,Smishing-Dataset-IMC25,reportsmishing/Smishing-Dataset-IMC25,raw_recovery_91k_pool,False,False,False,False,reward/prize,pass_raw_complete,traceable,,,,,,smishing,unclear_review,prize_reward_ad,2,2,56,current_raw_complete_packet,your phone no has been selected for 3 35 crore from global mobile award for claims send mail with name contact no address and age
EXP-SPAM-0268,Join the SBET community and get rewarded! Stay updated and get GCash DEPOSIT BONUS!,Join the SBET community and get rewarded! Stay updated and get GCash DEPOSIT BONUS!,Join the SBET community and get rewarded! Stay updated and get GCash DEPOSIT BONUS!,smishing_corpus_row,smishing,weak_signal_suspicious,Smishing-Dataset-IMC25,reportsmishing/Smishing-Dataset-IMC25,raw_recovery_91k_pool,False,False,False,False,gambling/casino/free spin,pass_raw_complete,traceable,,,,,,smishing,likely_spam_not_smishing,gambling_promo;prize_reward_ad,4,2,60,current_raw_complete_packet,join the sbet community and get rewarded stay updated and get gcash deposit bonus
EXP-SPAM-0269,Postoffice: We tried to deliver your package but there is no postage (0.47 RAND) . Follow please the instructions here:,Postoffice: We tried to deliver your package but there is no postage (0.47 RAND) . Follow please the instructions here:,Postoffice: We tried to deliver your package but there is no postage (0.47 RAND). Follow please the instructions here:,smishing_corpus_row,smishing,weak_signal_suspicious,Smishing-Dataset-IMC25,reportsmishing/Smishing-Dataset-IMC25,raw_recovery_91k_pool,False,False,False,False,banking/account-like suspicious,pass_raw_complete,traceable,,,,,,smishing,likely_smishing,delivery_bait,0,5,70,current_raw_complete_packet,postoffice we tried to deliver your package but there is no postage 0 47 rand follow please the instructions here
EXP-SPAM-0272,.Linkt: Your order is overdue to avoid the fine charges please see,.Linkt: Your order is overdue to avoid the fine charges please see,.Linkt: Your order is overdue to avoid the fine charges please see,smishing_corpus_row,smishing,weak_signal_suspicious,Smishing-Dataset-IMC25,reportsmishing/Smishing-Dataset-IMC25,raw_recovery_91k_pool,False,False,False,False,delivery-like suspicious,pass_raw_complete,traceable,,,,,,smishing,likely_smishing,government_bait;payment_bait,0,8,88,current_raw_complete_packet,linkt your order is overdue to avoid the fine charges please see
EXP-SPAM-0273,"hi Jessie, it's been a long time since I came out, what are you doing recently?","hi Jessie, it's been a long time since I came out, what are you doing recently?","hi Jessie, it's been a long time since I came out, what are you doing recently?",verified_smishing,smishing,weak_signal_suspicious,SmishTank,SmishTank Dataset / Smishing Dataset I,public_baseline,False,False,False,False,generic scam-like or unclear,pass_raw_complete,traceable,,,,,,smishing,likely_smishing,,0,2,52,current_raw_complete_packet,hi jessie it s been a long time since i came out what are you doing recently
EXP-SPAM-0274,You have a package stuck in the sorting center due to missing address pls fill in the correct address.,You have a package stuck in the sorting center due to missing address pls fill in the correct address.,You have a package stuck in the sorting center due to missing address pls fill in the correct address.,smishing_corpus_row,smishing,weak_signal_suspicious,Smishing-Dataset-IMC25,reportsmishing/Smishing-Dataset-IMC25,raw_recovery_91k_pool,False,False,False,False,banking/account-like suspicious,pass_raw_complete,traceable,,,,,,smishing,likely_smishing,delivery_bait,0,5,70,current_raw_complete_packet,you have a package stuck in the sorting center due to missing address pls fill in the correct address
EXP-SPAM-0276,Hey Am an artist If you don't mind one of your picture could be my inspiring muse for an art project I'm working on for a client You will totally get paid for it as well as a bonus; you'll also get credits,Hey Am an artist If you don't mind one of your picture could be my inspiring muse for an art project I'm working on for a client You will totally get paid for it as well as a bonus; you'll also get credits,Hey Am an artist If you don't mind one of your picture could be my inspiring muse for an art project I'm working on for a client You will totally get paid for it as well as a bonus; you'll also get credits,verified_smishing,smishing,weak_signal_suspicious,SmishTank,SmishTank Dataset / Smishing Dataset I,public_baseline,False,False,False,False,reward/prize,pass_raw_complete,traceable,,,,,,smishing,likely_smishing,,0,2,52,current_raw_complete_packet,hey am an artist if you don t mind one of your picture could be my inspiring muse for an art project i m working on for a client you will totally get paid for it as well as a bonus you ll also get credits
EXP-SPAM-0278,"OPTUS SECURITY: Due to the OPTUS data breach, We're issuing NEW sim cards. This will not affect your services, but protect your personal information. Please book delivery here:","OPTUS SECURITY: Due to the OPTUS data breach, We're issuing NEW sim cards. This will not affect your services, but protect your personal information. Please book delivery here:","OPTUS <OTP>: Due to the OPTUS data breach, We're issuing NEW sim cards. This will not affect your services, but protect your personal information. Please book delivery here:",smishing_corpus_row,smishing,weak_signal_suspicious,Smishing-Dataset-IMC25,reportsmishing/Smishing-Dataset-IMC25,strict_raw_replacement_91k_pool,False,False,True,True,banking/account-like suspicious,pass_raw_complete,traceable,,,,,,smishing,likely_smishing,bank_account_bait;delivery_bait,0,8,88,current_raw_complete_packet,optus security due to the optus data breach we re issuing new sim cards this will not affect your services but protect your personal information please book delivery here
EXP-SPAM-0279,"Your son is in trouble, urgently send money to this number","Your son is in trouble, urgently send money to this number","Your son is in trouble, urgently send money to this number",smish,smishing,weak_signal_suspicious,Bengali SMS Smishing Dataset,shariul-islam/bengali-sms-smishing-dataset,raw_recovery_91k_pool,False,False,False,False,banking/account-like suspicious,pass_raw_complete,traceable,,,,,,smishing,likely_smishing,urgency,0,4,64,current_raw_complete_packet,your son is in trouble urgently send money to this number
EXP-SPAM-0280,Order-ID 46987 Hello. The delivery guy was at your door. We missed you. Inform us when we can come back today b806l.me/duNccdX,Order-ID 46987 Hello. The delivery guy was at your door. We missed you. Inform us when we can come back today b806l.me/duNccdX,Order-ID 46987 Hello. The delivery guy was at your door. We missed you. Inform us when we can come back today <URL>,verified_smishing,smishing,weak_signal_suspicious,SmishTank,SmishTank Dataset / Smishing Dataset I,public_baseline,True,False,False,False,delivery-like suspicious,pass_raw_complete,traceable,,,,,,smishing,likely_smishing,delivery_bait,0,5,70,current_raw_complete_packet,order id 46987 hello the delivery guy was at your door we missed you inform us when we can come back today < >
EXP-SPAM-0281,"ALERT! Avoid service interruptions by upgrading to digibank's latest app version 4.10 by 13 Jan'21 & enjoy faster, smoother experience. Upgrade:","ALERT! Avoid service interruptions by upgrading to digibank's latest app version 4.10 by 13 Jan'21 & enjoy faster, smoother experience. Upgrade:","ALERT! Avoid service interruptions by upgrading to digibank's latest app version 4.10 by 13 Jan'21 & enjoy faster, smoother experience. Upgrade:",smishing_corpus_row,smishing,weak_signal_suspicious,Smishing-Dataset-IMC25,reportsmishing/Smishing-Dataset-IMC25,raw_recovery_91k_pool,False,False,False,True,banking/account-like suspicious,pass_raw_complete,traceable,,,,,,smishing,likely_smishing,bank_account_bait,0,5,70,current_raw_complete_packet,alert avoid service interruptions by upgrading to digibank s latest app version 4 10 by 13 jan 21 enjoy faster smoother experience upgrade
EXP-SPAM-0282,CVS Customer Appreciation Week: Finish Quick Survey and Receive up to $75 in CVS Store Rewards 📦,CVS Customer Appreciation Week: Finish Quick Survey and Receive up to $75 in CVS Store Rewards 📦,CVS Customer Appreciation Week: Finish Quick Survey and Receive up to <AMOUNT> in CVS Store Rewards 📦,smishing_corpus_row,smishing,weak_signal_suspicious,Smishing-Dataset-IMC25,reportsmishing/Smishing-Dataset-IMC25,raw_recovery_91k_pool,False,False,False,True,banking/account-like suspicious,pass_raw_complete,traceable,,,,,,smishing,unclear_review,prize_reward_ad,2,2,56,current_raw_complete_packet,cvs customer appreciation week finish quick survey and receive up to < > in cvs store rewards
EXP-SPAM-0283,Don’t let smishing get on the way. This is a shortcut for SMS Phishing,Don’t let smishing get on the way. This is a shortcut for SMS Phishing,Don’t let smishing get on the way. This is a shortcut for SMS Phishing,smishing_corpus_row,smishing,weak_signal_suspicious,Smishing-Dataset-IMC25,reportsmishing/Smishing-Dataset-IMC25,strict_raw_replacement_91k_pool,False,False,False,False,delivery-like suspicious,pass_raw_complete,traceable,,,,,,smishing,likely_smishing,,0,2,52,current_raw_complete_packet,don t let smishing get on the way this is a shortcut for sms phishing
EXP-SPAM-0284,5 lakh taka loan guaranteed within 24 hours. No deposit or brokerage. Apply today. Contact: 01867546389,5 lakh taka loan guaranteed within 24 hours. No deposit or brokerage. Apply today. Contact: 01867546389,5 lakh taka loan guaranteed within 24 hours. No deposit or brokerage. Apply today. Contact: <PHONE>,smish,smishing,weak_signal_suspicious,Bengali SMS Smishing Dataset,shariul-islam/bengali-sms-smishing-dataset,raw_recovery_91k_pool,False,True,False,True,generic scam-like or unclear,pass_raw_complete,traceable,,,,,,smishing,likely_smishing,urgency,0,4,64,current_raw_complete_packet,5 lakh taka loan guaranteed within 24 hours no deposit or brokerage apply today contact < >
EXP-SPAM-0286,"The system detects an error in the calculation your tax, please complete the data for a tax refund","The system detects an error in the calculation your tax, please complete the data for a tax refund","The system detects an error in the calculation your tax, please complete the data for a tax refund",smishing_corpus_row,smishing,weak_signal_suspicious,Smishing-Dataset-IMC25,reportsmishing/Smishing-Dataset-IMC25,raw_recovery_91k_pool,False,False,False,False,generic scam-like or unclear,pass_raw_complete,traceable,,,,,,smishing,likely_smishing,government_bait;payment_bait,0,8,88,current_raw_complete_packet,the system detects an error in the calculation your tax please complete the data for a tax refund
EXP-SPAM-0290,Hrnykari1169 invited you to a date night out. respond here:,Hrnykari1169 invited you to a date night out. respond here:,Hrnykari1169 invited you to a date night out. respond here:,smishing_corpus_row,smishing,weak_signal_suspicious,Smishing-Dataset-IMC25,reportsmishing/Smishing-Dataset-IMC25,raw_recovery_91k_pool,False,False,False,False,delivery-like suspicious,pass_raw_complete,traceable,,,,,,smishing,likely_smishing,,0,2,52,current_raw_complete_packet,hrnykari1169 invited you to a date night out respond here
EXP-SPAM-0291,Medicare bill overdue 35000 TK for treatment. Patient discharge blocked: medicare-bill.bd/urgent,Medicare bill overdue 35000 TK for treatment. Patient discharge blocked: medicare-bill.bd/urgent,Medicare bill overdue 35000 TK for treatment. Patient discharge blocked: medicare-bill.bd/urgent,smish,smishing,weak_signal_suspicious,Bengali SMS Smishing Dataset,shariul-islam/bengali-sms-smishing-dataset,raw_recovery_91k_pool,False,False,False,False,banking/account-like suspicious,pass_raw_complete,traceable,,,,,,smishing,likely_smishing,account_threat;urgency;payment_bait,0,11,106,current_raw_complete_packet,medicare bill overdue 35000 tk for treatment patient discharge blocked < >
EXP-SPAM-0292,"Build a career as a registered nurse in the UK, 2-year work visa with monthly minimum. Starting salary 3 lakh taka BSB, Dhaka Please Contact Us: 01332518402, 01332518406","Build a career as a registered nurse in the UK, 2-year work visa with monthly minimum. Starting salary 3 lakh taka BSB, Dhaka Please Contact Us: 01332518402, 01332518406","Build a career as a registered nurse in the UK, 2-year work visa with monthly minimum. Starting salary 3 lakh taka BSB, Dhaka Please Contact Us: <PHONE>, <PHONE>",smish,smishing,weak_signal_suspicious,Bengali SMS Smishing Dataset,shariul-islam/bengali-sms-smishing-dataset,strict_raw_replacement_91k_pool,False,True,False,True,generic scam-like or unclear,pass_raw_complete,traceable,,,,,,smishing,likely_smishing,,0,2,52,current_raw_complete_packet,build a career as a registered nurse in the uk 2 year work visa with monthly minimum starting salary 3 lakh taka bsb dhaka please contact us < > < >
EXP-SPAM-0294,"PostOffice: Your parcel has been redirected to your local branch due to an underpayment of shipping fees, please schedule a re-delivery here:","PostOffice: Your parcel has been redirected to your local branch due to an underpayment of shipping fees, please schedule a re-delivery here:","PostOffice: Your parcel has been redirected to your local branch due to an underpayment of shipping fees, please schedule a re-delivery here:",smishing_corpus_row,smishing,weak_signal_suspicious,Smishing-Dataset-IMC25,reportsmishing/Smishing-Dataset-IMC25,raw_recovery_91k_pool,False,False,False,False,banking/account-like suspicious,pass_raw_complete,traceable,,,,,,smishing,likely_smishing,credential_or_otp_request;delivery_bait;payment_bait,0,12,112,current_raw_complete_packet,postoffice your parcel has been redirected to your local branch due to an underpayment of shipping fees please schedule a re delivery here
EXP-SPAM-0296,Earn up to $100 in Walmart Store Value. Please finish survey to earn rewards,Earn up to $100 in Walmart Store Value. Please finish survey to earn rewards,Earn up to <AMOUNT> in Walmart Store Value. Please finish survey to earn rewards,smishing_corpus_row,smishing,weak_signal_suspicious,Smishing-Dataset-IMC25,reportsmishing/Smishing-Dataset-IMC25,raw_recovery_91k_pool,False,False,False,True,delivery-like suspicious,pass_raw_complete,traceable,,,,,,smishing,unclear_review,prize_reward_ad,2,2,56,current_raw_complete_packet,earn up to < > in walmart store value please finish survey to earn rewards
EXP-SPAM-0298,"The position you APPLIED for has now become AVAILABLE, you meet all the criteria. If you still want to be interviewed Dial *120*489# s2out1.67/20s Rgrds HR.","The position you APPLIED for has now become AVAILABLE, you meet all the criteria. If you still want to be interviewed Dial *120*489# s2out1.67/20s Rgrds HR.","The position you APPLIED for has now become AVAILABLE, you meet all the criteria. If you still want to be interviewed Dial *120*489# s2out1.67/20s Rgrds HR.",smishing_corpus_row,smishing,weak_signal_suspicious,Smishing-Dataset-IMC25,reportsmishing/Smishing-Dataset-IMC25,raw_recovery_91k_pool,False,False,False,False,generic scam-like or unclear,pass_raw_complete,traceable,,,,,,smishing,likely_smishing,,0,2,52,current_raw_complete_packet,the position you applied for has now become available you meet all the criteria if you still want to be interviewed dial 120 489 s2out1 67 20s rgrds hr
EXP-SPAM-0299,[OnePlus]Dear customer your request for repair is now completed. Please find the link below to rate our services. It is essential for our improvement and your feedbacks are always treated effectively.,[OnePlus]Dear customer your request for repair is now completed. Please find the link below to rate our services. It is essential for our improvement and your feedbacks are always treated effectively.,[OnePlus]Dear customer your request for repair is now completed. Please find the link below to rate our services. It is essential for our improvement and your feedbacks are always treated effectively.,smishing_corpus_row,smishing,weak_signal_suspicious,Smishing-Dataset-IMC25,reportsmishing/Smishing-Dataset-IMC25,raw_recovery_91k_pool,False,False,False,False,banking/account-like suspicious,pass_raw_complete,traceable,,,,,,smishing,likely_smishing,,0,2,52,current_raw_complete_packet,oneplus dear customer your request for repair is now completed please find the link below to rate our services it is essential for our improvement and your feedbacks are always treated effectively
EXP-SPAM-0302,SOVA is a malware that targets banking apps to steal personal information. Do not install Apps by clicking on link or from unofficial store. -SBI ISD,SOVA is a malware that targets banking apps to steal personal information. Do not install Apps by clicking on link or from unofficial store. -SBI ISD,SOVA is a malware that targets banking apps to steal personal information. Do not install Apps by clicking on link or from unofficial store. -SBI ISD,smishing_corpus_row,smishing,weak_signal_suspicious,Smishing-Dataset-IMC25,reportsmishing/Smishing-Dataset-IMC25,raw_recovery_91k_pool,False,False,False,True,banking/account-like suspicious,pass_raw_complete,traceable,,,,,,smishing,likely_smishing,bank_account_bait,0,5,70,current_raw_complete_packet,sova is a malware that targets banking apps to steal personal information do not install apps by clicking on link or from unofficial store sbi isd
EXP-SPAM-0303,M. GCash is back on WPLUS: 100% Bonus! 77777.ykp,M. GCash is back on WPLUS: 100% Bonus! 77777.ykp,M. GCash is back on WPLUS: 100% Bonus! 77777.ykp,smishing_corpus_row,smishing,weak_signal_suspicious,Smishing-Dataset-IMC25,reportsmishing/Smishing-Dataset-IMC25,raw_recovery_91k_pool,False,False,False,False,delivery-like suspicious,pass_raw_complete,traceable,,,,,,smishing,likely_smishing,,0,2,52,current_raw_complete_packet,m gcash is back on wplus 100 bonus < >
EXP-SPAM-0305,"YOUR WHATSAPP NUMBER WON 2 CRORE 50LAKH & IPHONE IN PEPSI ICC CRICKET NEW YEAR PROMO^ SEND NAME,ADD,AGE,MOBILE NO,OCCU To;","YOUR WHATSAPP NUMBER WON 2 CRORE 50LAKH & IPHONE IN PEPSI ICC CRICKET NEW YEAR PROMO^ SEND NAME,ADD,AGE,MOBILE NO,OCCU To;","YOUR WHATSAPP NUMBER WON 2 CRORE 50LAKH & IPHONE IN PEPSI ICC CRICKET NEW YEAR PROMO^ SEND NAME,ADD,AGE,MOBILE NO,OCCU To;",smishing_corpus_row,smishing,weak_signal_suspicious,Smishing-Dataset-IMC25,reportsmishing/Smishing-Dataset-IMC25,raw_recovery_91k_pool,False,False,False,False,banking/account-like suspicious,pass_raw_complete,traceable,,,,,,smishing,likely_spam_not_smishing,promotional_offer;prize_reward_ad,4,2,60,current_raw_complete_packet,your whatsapp number won 2 crore 50lakh iphone in pepsi icc cricket new year promo send name add age mobile no occu to
EXP-SPAM-0306,We are having problems delivering your package,We are having problems delivering your package,We are having problems delivering your package,smishing_corpus_row,smishing,weak_signal_suspicious,Smishing-Dataset-IMC25,reportsmishing/Smishing-Dataset-IMC25,raw_recovery_91k_pool,False,False,False,False,banking/account-like suspicious,pass_raw_complete,traceable,,,,,,smishing,likely_smishing,delivery_bait,0,5,70,current_raw_complete_packet,we are having problems delivering your package
EXP-SPAM-0307,"Dear Customer, You have been charged Rs. 8.00","Dear Customer, You have been charged Rs. 8.00","Dear Customer, You have been charged Rs. 8.00",smishing_corpus_row,smishing,weak_signal_suspicious,Smishing-Dataset-IMC25,reportsmishing/Smishing-Dataset-IMC25,raw_recovery_91k_pool,False,False,False,True,generic scam-like or unclear,pass_raw_complete,traceable,,,,,,smishing,likely_smishing,payment_bait,0,5,70,current_raw_complete_packet,dear customer you have been charged < >
EXP-SPAM-0309,"Coach Linda, I may not have time to go to the gym this week. Sorry!","Coach Linda, I may not have time to go to the gym this week. Sorry!","Coach Linda, I may not have time to go to the gym this week. Sorry!",verified_smishing,smishing,weak_signal_suspicious,SmishTank,SmishTank Dataset / Smishing Dataset I,public_baseline,False,False,False,False,generic scam-like or unclear,pass_raw_complete,traceable,,,,,,smishing,likely_smishing,,0,2,52,current_raw_complete_packet,coach linda i may not have time to go to the gym this week sorry
EXP-SPAM-0310,"Dear friends,Offer for limited time, Tallwin life me 2500 ki id only 599/- me active kraye, Wish you join this group for information","Dear friends,Offer for limited time, Tallwin life me 2500 ki id only 599/- me active kraye, Wish you join this group for information","Dear friends,Offer for limited time, Tallwin life me 2500 ki id only 599/- me active kraye, Wish you join this group for information",smishing_corpus_row,smishing,weak_signal_suspicious,Smishing-Dataset-IMC25,reportsmishing/Smishing-Dataset-IMC25,strict_raw_replacement_91k_pool,False,False,False,False,banking/account-like suspicious,pass_raw_complete,traceable,,,,,,smishing,unclear_review,promotional_offer,2,2,56,current_raw_complete_packet,dear friends offer for limited time tallwin life me 2500 ki id only 599 me active kraye wish you join this group for information
EXP-SPAM-0313,ree entry in 2 a weekly comp for a chance to win an ipod. Txt POD to 80182 to get entry (std txt rate) T&C's apply 08452810073 for details 18+,ree entry in 2 a weekly comp for a chance to win an ipod. Txt POD to 80182 to get entry (std txt rate) T&C's apply 08452810073 for details 18+,ree entry in 2 a weekly comp for a chance to win an ipod. Txt POD to 80182 to get entry (std txt rate) T&C's apply 08452810073 for details 18+,spam,spam,needs_smishing_relabel,UCI SMS Spam Collection,SMS Spam Collection v.1,public_baseline,False,True,False,False,telecom promo,pass_raw_complete,traceable,,,,,,spam,likely_spam_not_smishing,ringtone_subscription;original_spam_label,6,0,52,current_raw_complete_packet,ree entry in 2 a weekly comp for a chance to win an ipod txt pod to 80182 to get entry std txt rate t c s apply < > for details 18
EXP-SPAM-0315,"Noida Commercial Wave Sec-18  Silver @ 11500/- PSF  Gold @ 12500/- PSF,  Logix Sec-124 @ 8200/- PSF For Best Deal Call 9711131802 /3","Noida Commercial Wave Sec-18  Silver @ 11500/- PSF  Gold @ 12500/- PSF,  Logix Sec-124 @ 8200/- PSF For Best Deal Call 9711131802 /3","Noida Commercial Wave Sec-18  Silver @ 11500/- PSF  Gold @ 12500/- PSF,  Logix Sec-124 @ 8200/- PSF For Best Deal Call 9711131802 /3",spam,spam,needs_smishing_relabel,Mishra & Soni,SMS Phishing Dataset for Machine Learning and Pattern Recognition,public_baseline,False,True,False,False,generic scam-like or unclear,pass_raw_complete,traceable,,,,,,spam,likely_spam_not_smishing,premium_number_ad;original_spam_label,5,0,50,current_raw_complete_packet,noida commercial wave sec 18 silver 11500 psf gold 12500 psf logix sec 124 8200 psf for best deal call < > 3
EXP-SPAM-0316,"Get Malaysian, European, American, Canadian visa with 100% guarantee, contact today 01765433422, no advance fee required.","Get Malaysian, European, American, Canadian visa with 100% guarantee, contact today 01765433422, no advance fee required.","Get Malaysian, European, American, Canadian visa with 100% guarantee, contact today <PHONE>, no advance fee required.",smish,smishing,weak_signal_suspicious,Bengali SMS Smishing Dataset,shariul-islam/bengali-sms-smishing-dataset,raw_recovery_91k_pool,False,True,False,True,banking/account-like suspicious,pass_raw_complete,traceable,,,,,,smishing,likely_smishing,,0,2,52,current_raw_complete_packet,get malaysian european american canadian visa with 100 guarantee contact today < > no advance fee required
EXP-SPAM-0317,You have received an MMS message. Read here: [malware url],You have received an MMS message. Read here: [malware url],You have received an MMS message. Read here: [malware url],smishing_corpus_row,smishing,weak_signal_suspicious,Smishing-Dataset-IMC25,reportsmishing/Smishing-Dataset-IMC25,raw_recovery_91k_pool,False,False,False,False,generic scam-like or unclear,pass_raw_complete,traceable,,,,,,smishing,likely_smishing,,0,2,52,current_raw_complete_packet,you have received an mms message read here malware url
EXP-SPAM-0318,"Twinks, bears, scallies, skins and jocks are calling now. Don't miss the weekend's fun. Call 08712466669 at 10p/min. 2 stop texts call 08712460324(nat rate)","Twinks, bears, scallies, skins and jocks are calling now. Don't miss the weekend's fun. Call 08712466669 at 10p/min. 2 stop texts call 08712460324(nat rate)","Twinks, bears, scallies, skins and jocks are calling now. Don't miss the weekend's fun. Call 08712466669 at 10p/min. 2 stop texts call 08712460324(nat rate)",spam,spam,needs_smishing_relabel,UCI SMS Spam Collection,SMS Spam Collection v.1,public_baseline,False,True,False,True,generic scam-like or unclear,pass_raw_complete,traceable,,,,,,spam,likely_spam_not_smishing,premium_number_ad;original_spam_label,5,0,50,current_raw_complete_packet,twinks bears scallies skins and jocks are calling now don t miss the weekend s fun call < > at < > min 2 stop texts call < > nat rate
EXP-SPAM-0319,DVLA: We have determined that you are eligible to receive a vehicle tax refund of 265.84 GBP Please submit your request via,DVLA: We have determined that you are eligible to receive a vehicle tax refund of 265.84 GBP Please submit your request via,DVLA: We have determined that you are eligible to receive a vehicle tax refund of 265.84 GBP Please submit your request via,smishing_corpus_row,smishing,weak_signal_suspicious,Smishing-Dataset-IMC25,reportsmishing/Smishing-Dataset-IMC25,strict_raw_replacement_91k_pool,False,False,False,True,banking/account-like suspicious,pass_raw_complete,traceable,,,,,,smishing,likely_smishing,government_bait;payment_bait,0,8,88,current_raw_complete_packet,dvla we have determined that you are eligible to receive a vehicle tax refund of < > please submit your request via
EXP-SPAM-0321,Your package address is wrong and we cannot deliver it to your door fill in the address so that we can deliver it on time.,Your package address is wrong and we cannot deliver it to your door fill in the address so that we can deliver it on time.,Your package address is wrong and we cannot deliver it to your door fill in the address so that we can deliver it on time.,smishing_corpus_row,smishing,weak_signal_suspicious,Smishing-Dataset-IMC25,reportsmishing/Smishing-Dataset-IMC25,raw_recovery_91k_pool,False,False,False,False,delivery-like suspicious,pass_raw_complete,traceable,,,,,,smishing,likely_smishing,delivery_bait,0,5,70,current_raw_complete_packet,your package address is wrong and we cannot deliver it to your door fill in the address so that we can deliver it on time
EXP-SPAM-0322,103 We unfortunately could not deliver your parcel today. Please redirect for dispatch: dpspst.me,103 We unfortunately could not deliver your parcel today. Please redirect for dispatch: dpspst.me,103 We unfortunately could not deliver your parcel today. Please redirect for dispatch: <URL>,phishing_messages_row,smishing,weak_signal_suspicious,SMS Phishing Dataset,wspr-ncsu/sms-phishing,raw_recovery_91k_pool,True,False,False,False,delivery-like suspicious,pass_raw_complete,traceable,,,,,,smishing,likely_smishing,delivery_bait,0,5,70,current_raw_complete_packet,103 we unfortunately could not deliver your parcel today please redirect for dispatch < >
EXP-SPAM-0323,You are shortlisted in REALME You (Win) 2nd Prize Maruti Swift Dzire Value 8.20Lac. For more Information Contact Realme Branch:,You are shortlisted in REALME You (Win) 2nd Prize Maruti Swift Dzire Value 8.20Lac. For more Information Contact Realme Branch:,You are shortlisted in REALME You (Win) 2nd Prize Maruti Swift Dzire Value 8.20Lac. For more Information Contact Realme Branch:,smishing_corpus_row,smishing,weak_signal_suspicious,Smishing-Dataset-IMC25,reportsmishing/Smishing-Dataset-IMC25,raw_recovery_91k_pool,False,False,False,False,reward/prize,pass_raw_complete,traceable,,,,,,smishing,unclear_review,prize_reward_ad,2,2,56,current_raw_complete_packet,you are shortlisted in realme you win 2nd prize maruti swift dzire value 8 20lac for more information contact realme branch
EXP-SPAM-0324,You've been in close contact with someone who has recently tested positive. Please order a test kit:,You've been in close contact with someone who has recently tested positive. Please order a test kit:,You've been in close contact with someone who has recently tested positive. Please order a test kit:,smishing_corpus_row,smishing,weak_signal_suspicious,Smishing-Dataset-IMC25,reportsmishing/Smishing-Dataset-IMC25,raw_recovery_91k_pool,False,False,False,False,unclear suspicious message,pass_raw_complete,traceable,,,,,,smishing,likely_smishing,,0,2,52,current_raw_complete_packet,you ve been in close contact with someone who has recently tested positive please order a test kit
EXP-SPAM-0326,USPostal: Your package delivery has been paused due to missing street information for the package delivery city. uspkgos.homes/D4d5t6,USPostal: Your package delivery has been paused due to missing street information for the package delivery city. uspkgos.homes/D4d5t6,USPostal: Your package delivery has been paused due to missing street information for the package delivery city. uspkgos.homes/D4d5t6,verified_smishing,smishing,weak_signal_suspicious,SmishTank,SmishTank Dataset / Smishing Dataset I,public_baseline,True,False,False,False,delivery-like suspicious,pass_raw_complete,traceable,,,,,,smishing,likely_smishing,delivery_bait,0,5,70,current_raw_complete_packet,uspostal your package delivery has been paused due to missing street information for the package delivery city < >
EXP-SPAM-0327,"Urgent recruitment:
Office assistant
Accommodation and meals provided","Urgent recruitment:
Office assistant
Accommodation and meals provided",Urgent recruitment: Office assistant Accommodation and meals provided,smish,smishing,weak_signal_suspicious,Bengali SMS Smishing Dataset,shariul-islam/bengali-sms-smishing-dataset,raw_recovery_91k_pool,False,False,False,False,unclear suspicious message,pass_raw_complete,traceable,,,,,,smishing,likely_smishing,urgency,0,4,64,current_raw_complete_packet,urgent recruitment office assistant accommodation and meals provided
EXP-SPAM-0328,Dear 983341XXXX Your A/C No 52XXX is Credited With Rs 72500/- For Details Check Now:,Dear 983341XXXX Your A/C No 52XXX is Credited With Rs 72500/- For Details Check Now:,Dear 983341XXXX Your A/C No 52XXX is Credited With <AMOUNT>/- For Details Check Now:,smishing_corpus_row,smishing,weak_signal_suspicious,Smishing-Dataset-IMC25,reportsmishing/Smishing-Dataset-IMC25,raw_recovery_91k_pool,False,False,False,True,adult/chat promo,pass_raw_complete,traceable,,,,,,smishing,likely_spam_not_smishing,adult_chat_promo,3,2,58,current_raw_complete_packet,dear < > your a c no 52xxx is credited with < > for details check now
EXP-SPAM-0329,100% home loan facility without any deposit. Approval within 24 hours. Contact: 01567546390,100% home loan facility without any deposit. Approval within 24 hours. Contact: 01567546390,100% home loan facility without any deposit. Approval within 24 hours. Contact: <PHONE>,smish,smishing,weak_signal_suspicious,Bengali SMS Smishing Dataset,shariul-islam/bengali-sms-smishing-dataset,raw_recovery_91k_pool,False,True,False,False,job/business funding offer,pass_raw_complete,traceable,,,,,,smishing,likely_smishing,urgency,0,4,64,current_raw_complete_packet,100 home loan facility without any deposit approval within 24 hours contact < >
EXP-SPAM-0331,Christmas gift! You are one of the 10 users we have selected to try to win the Apple iPad Pro (2021) + Magic Keyboard Receive Now ?? groupm.�.to/wfELH?id=2f57943 Hurry up to pick up the prize within a day!,Christmas gift! You are one of the 10 users we have selected to try to win the Apple iPad Pro (2021) + Magic Keyboard Receive Now ?? groupm.�.to/wfELH?id=2f57943 Hurry up to pick up the prize within a day!,Christmas gift! You are one of the 10 users we have selected to try to win the Apple iPad Pro (2021) + Magic Keyboard Receive Now ?? groupm.�.to/wfELH?id=2f57943 Hurry up to pick up the prize within a day!,verified_smishing,smishing,weak_signal_suspicious,SmishTank,SmishTank Dataset / Smishing Dataset I,public_baseline,False,False,False,False,reward/prize,pass_raw_complete,traceable,,,,,,smishing,unclear_review,prize_reward_ad,2,2,56,current_raw_complete_packet,christmas gift you are one of the 10 users we have selected to try to win the apple ipad pro 2021 magic keyboard receive now groupm to wfelh id 2f57943 hurry up to pick up the prize within a day
EXP-SPAM-0332,Tax audit penalty 31826 TK due immediately: urgent-bd.bd/urgent,Tax audit penalty 31826 TK due immediately: urgent-bd.bd/urgent,Tax audit penalty 31826 TK due immediately: urgent-bd.bd/urgent,smish,smishing,weak_signal_suspicious,Bengali SMS Smishing Dataset,shariul-islam/bengali-sms-smishing-dataset,raw_recovery_91k_pool,True,False,False,False,unclear suspicious message,pass_raw_complete,traceable,,,,,,smishing,likely_smishing,government_bait;urgency,0,7,82,current_raw_complete_packet,tax audit penalty 31826 tk due immediately < >
EXP-SPAM-0335,"NtxID:265569 Your-Subscriptions-will-expired-t oday,renewal-your-bills-now>:// 9qr.de/itCwLh","NtxID:265569 Your-Subscriptions-will-expired-t oday,renewal-your-bills-now>:// 9qr.de/itCwLh","NtxID:265569 Your-Subscriptions-will-expired-t oday,renewal-your-bills-now>:// 9qr.de/itCwLh",verified_smishing,smishing,weak_signal_suspicious,SmishTank,SmishTank Dataset / Smishing Dataset I,public_baseline,True,False,False,False,telecom/ringtone/subscription spam,pass_raw_complete,traceable,,,,,,smishing,likely_smishing,,0,2,52,current_raw_complete_packet,ntxid 265569 your subscriptions will expired t oday renewal your bills now> < >
EXP-SPAM-0336,"[BMO SMS] BMO has noticed unusual activities on your online banking, for more details:","[BMO SMS] BMO has noticed unusual activities on your online banking, for more details:","[BMO SMS] BMO has noticed unusual activities on your online banking, for more details:",smishing_corpus_row,smishing,weak_signal_suspicious,Smishing-Dataset-IMC25,reportsmishing/Smishing-Dataset-IMC25,raw_recovery_91k_pool,False,False,False,False,banking/account-like suspicious,pass_raw_complete,traceable,,,,,,smishing,likely_smishing,bank_account_bait,0,5,70,current_raw_complete_packet,bmo sms bmo has noticed unusual activities on your online banking for more details
EXP-SPAM-0337,HMRC have determined that you are eligible for a tax rebate of £312.38. Press the link to get started:,HMRC have determined that you are eligible for a tax rebate of £312.38. Press the link to get started:,HMRC have determined that you are eligible for a tax rebate of <AMOUNT>. Press the link to get started:,smishing_corpus_row,smishing,weak_signal_suspicious,Smishing-Dataset-IMC25,reportsmishing/Smishing-Dataset-IMC25,raw_recovery_91k_pool,False,False,False,True,unclear suspicious message,pass_raw_complete,traceable,,,,,,smishing,likely_smishing,government_bait,0,5,70,current_raw_complete_packet,hmrc have determined that you are eligible for a tax rebate of < > press the link to get started
EXP-SPAM-0338,"(CA) Grocery BFT#568008: Receive your assigned $289.00 now. Type ""A"" to transmit your grocery bonus to your selected institution.","(CA) Grocery BFT#568008: Receive your assigned $289.00 now. Type ""A"" to transmit your grocery bonus to your selected institution.","(CA) Grocery BFT#568008: Receive your assigned <AMOUNT> now. Type ""A"" to transmit your grocery bonus to your selected institution.",verified_smishing,smishing,weak_signal_suspicious,SmishTank,SmishTank Dataset / Smishing Dataset I,public_baseline,False,False,False,True,reward/prize,pass_raw_complete,traceable,,,,,,smishing,likely_smishing,,0,2,52,current_raw_complete_packet,ca grocery bft 568008 receive your assigned < > now type a to transmit your grocery bonus to your selected institution
EXP-SPAM-0339,*NAB SECURITY* Access to NAB Internet Banking has been suspended due to a recent logon from an Unknown device or location. Restore here:,*NAB SECURITY* Access to NAB Internet Banking has been suspended due to a recent logon from an Unknown device or location. Restore here:,*NAB SECURITY* Access to NAB Internet Banking has been suspended due to a recent logon from an Unknown device or location. Restore here:,smishing_corpus_row,smishing,weak_signal_suspicious,Smishing-Dataset-IMC25,reportsmishing/Smishing-Dataset-IMC25,raw_recovery_91k_pool,False,False,False,False,banking/account-like suspicious,pass_raw_complete,traceable,,,,,,smishing,likely_smishing,bank_account_bait;verification_action;account_threat,0,12,112,current_raw_complete_packet,nab security access to nab internet banking has been suspended due to a recent logon from an unknown device or location restore here
EXP-SPAM-0340,"Jessie, long time no see, how are you?","Jessie, long time no see, how are you?","Jessie, long time no see, how are you?",verified_smishing,smishing,weak_signal_suspicious,SmishTank,SmishTank Dataset / Smishing Dataset I,public_baseline,False,False,False,False,unclear suspicious message,pass_raw_complete,traceable,,,,,,smishing,likely_smishing,,0,2,52,current_raw_complete_packet,jessie long time no see how are you
EXP-SPAM-0341,Your house number is incorrect and we cannot deliver your package. Modify the address so we can arrange delivery.,Your house number is incorrect and we cannot deliver your package. Modify the address so we can arrange delivery.,Your house number is incorrect and we cannot deliver your package. Modify the address so we can arrange delivery.,smishing_corpus_row,smishing,weak_signal_suspicious,Smishing-Dataset-IMC25,reportsmishing/Smishing-Dataset-IMC25,raw_recovery_91k_pool,False,False,False,False,delivery-like suspicious,pass_raw_complete,traceable,,,,,,smishing,likely_smishing,delivery_bait,0,5,70,current_raw_complete_packet,your house number is incorrect and we cannot deliver your package modify the address so we can arrange delivery
EXP-SPAM-0343,"Congrats Dear, Your Loan Amount Of XXX999 Has Been Approved. Complete Process Now","Congrats Dear, Your Loan Amount Of XXX999 Has Been Approved. Complete Process Now","Congrats Dear, Your Loan Amount Of XXX999 Has Been Approved. Complete Process Now",smishing_corpus_row,smishing,weak_signal_suspicious,Smishing-Dataset-IMC25,reportsmishing/Smishing-Dataset-IMC25,raw_recovery_91k_pool,False,False,False,False,job/business funding offer,pass_raw_complete,traceable,,,,,,smishing,likely_spam_not_smishing,adult_chat_promo,3,2,58,current_raw_complete_packet,congrats dear your loan amount of xxx999 has been approved complete process now
EXP-SPAM-0346,I am sorry to let you know that your order has been cancelled as the seller’s partnered courier service provider could not find anyone at the delivery address to collect the package despite several attempts.,I am sorry to let you know that your order has been cancelled as the seller’s partnered courier service provider could not find anyone at the delivery address to collect the package despite several attempts.,I am sorry to let you know that your order has been cancelled as the seller’s partnered courier service provider could not find anyone at the delivery address to collect the package despite several attempts.,smishing_corpus_row,smishing,weak_signal_suspicious,Smishing-Dataset-IMC25,reportsmishing/Smishing-Dataset-IMC25,raw_recovery_91k_pool,False,False,False,False,delivery-like suspicious,pass_raw_complete,traceable,,,,,,smishing,likely_smishing,delivery_bait,0,5,70,current_raw_complete_packet,i am sorry to let you know that your order has been cancelled as the seller s partnered courier service provider could not find anyone at the delivery address to collect the package despite several attempts
EXP-SPAM-0348,Your A/C no. XXXXXXXX63839 can be credited with Rs. 30000. Enter your details & check now,Your A/C no. XXXXXXXX63839 can be credited with Rs. 30000. Enter your details & check now,Your A/C no. XXXXXXXX63839 can be credited with Rs. 30000. Enter your details & check now,smishing_corpus_row,smishing,weak_signal_suspicious,Smishing-Dataset-IMC25,reportsmishing/Smishing-Dataset-IMC25,strict_raw_replacement_91k_pool,False,False,False,True,adult/chat promo,pass_raw_complete,traceable,,,,,,smishing,likely_spam_not_smishing,adult_chat_promo,3,2,58,current_raw_complete_packet,your a c no xxxxxxxx63839 can be credited with < > enter your details check now
EXP-SPAM-0349,(BELLUpdate-REF669969) We are displeased to inform you our system has identified a data-roaming error which has lead to a system-wide overcharge.  All customer are offered a reimbursement based on your affected usage.,(BELLUpdate-REF669969) We are displeased to inform you our system has identified a data-roaming error which has lead to a system-wide overcharge.  All customer are offered a reimbursement based on your affected usage.,(BELLUpdate-REF669969) We are displeased to inform you our system has identified a data-roaming error which has lead to a system-wide overcharge. All customer are offered a reimbursement based on your affected usage.,smishing_corpus_row,smishing,weak_signal_suspicious,Smishing-Dataset-IMC25,reportsmishing/Smishing-Dataset-IMC25,raw_recovery_91k_pool,False,False,False,False,promotional spam,pass_raw_complete,traceable,,,,,,smishing,likely_smishing,payment_bait,0,5,70,current_raw_complete_packet,bellupdate < > we are displeased to inform you our system has identified a data roaming error which has lead to a system wide overcharge all customer are offered a reimbursement based on your affected usage
EXP-SPAM-0350,"Your application for 350OP per day has been reviewed. Congratulations! Time is limited, c...","Your application for 350OP per day has been reviewed. Congratulations! Time is limited, c...","Your application for 350OP per day has been reviewed. Congratulations! Time is limited, c...",smishing_corpus_row,smishing,weak_signal_suspicious,Smishing-Dataset-IMC25,reportsmishing/Smishing-Dataset-IMC25,raw_recovery_91k_pool,False,False,False,False,unclear suspicious message,pass_raw_complete,traceable,,,,,,smishing,unclear_review,premium_number_ad,2,2,56,current_raw_complete_packet,your application for 350op per day has been reviewed congratulations time is limited c
EXP-SPAM-0351,Your driving license points exceeded limit. Restore with penalty 5500 TK: license-points.bd/restore,Your driving license points exceeded limit. Restore with penalty 5500 TK: license-points.bd/restore,Your driving license points exceeded limit. Restore with penalty 5500 TK: license-points.bd/restore,smish,smishing,weak_signal_suspicious,Bengali SMS Smishing Dataset,shariul-islam/bengali-sms-smishing-dataset,raw_recovery_91k_pool,True,False,False,False,unclear suspicious message,pass_raw_complete,traceable,,,,,,smishing,likely_smishing,verification_action,0,5,70,current_raw_complete_packet,your driving license points exceeded limit restore with penalty 5500 tk < >
EXP-SPAM-0352,Amazon : Thank you for your purchase. We will inform you when its shipped. View your order and special rewards on,Amazon : Thank you for your purchase. We will inform you when its shipped. View your order and special rewards on,Amazon: Thank you for your purchase. We will inform you when its shipped. View your order and special rewards on,smishing_corpus_row,smishing,weak_signal_suspicious,Smishing-Dataset-IMC25,Gathered approved smishing 7k,gathered_approved_smishing,False,False,False,False,reward/prize,pass_raw_complete,traceable,,,,,,smishing,unclear_review,prize_reward_ad,2,2,56,current_raw_complete_packet,amazon thank you for your purchase we will inform you when its shipped view your order and special rewards on
EXP-SPAM-0353,You have an outstanding tax refund of 321.52GBP for tax year 15/16. Please fill out the following form to process your refund,You have an outstanding tax refund of 321.52GBP for tax year 15/16. Please fill out the following form to process your refund,You have an outstanding tax refund of 321.52GBP for tax year 15/16. Please fill out the following form to process your refund,smishing_corpus_row,smishing,weak_signal_suspicious,Smishing-Dataset-IMC25,reportsmishing/Smishing-Dataset-IMC25,raw_recovery_91k_pool,False,False,False,True,unclear suspicious message,pass_raw_complete,traceable,,,,,,smishing,likely_smishing,government_bait;payment_bait,0,8,88,current_raw_complete_packet,you have an outstanding tax refund of < > for tax year 15 16 please fill out the following form to process your refund
EXP-SPAM-0356,Hi mum I'm using friends phone I've smashed mine and their phones low can you message my new number please 075XXXXXX x,Hi mum I'm using friends phone I've smashed mine and their phones low can you message my new number please 075XXXXXX x,Hi mum I'm using friends phone I've smashed mine and their phones low can you message my new number please 075XXXXXX x,smishing_corpus_row,smishing,weak_signal_suspicious,Smishing-Dataset-IMC25,reportsmishing/Smishing-Dataset-IMC25,strict_raw_replacement_91k_pool,False,False,False,False,adult/chat promo,pass_raw_complete,traceable,,,,,,smishing,likely_spam_not_smishing,adult_chat_promo,3,2,58,current_raw_complete_packet,hi mum i m using friends phone i ve smashed mine and their phones low can you message my new number please 075xxxxxx x
EXP-SPAM-0357,"You can already get Internet Free Without WI-FI with Whatsapp, and it is by means of invitations, here I give you an invitation!","You can already get Internet Free Without WI-FI with Whatsapp, and it is by means of invitations, here I give you an invitation!","You can already get Internet Free Without WI-FI with Whatsapp, and it is by means of invitations, here I give you an invitation!",smishing_corpus_row,smishing,weak_signal_suspicious,Smishing-Dataset-IMC25,reportsmishing/Smishing-Dataset-IMC25,raw_recovery_91k_pool,False,False,False,False,promotional spam,pass_raw_complete,traceable,,,,,,smishing,unclear_review,promotional_offer,2,2,56,current_raw_complete_packet,you can already get internet free without wi fi with whatsapp and it is by means of invitations here i give you an invitation
EXP-SPAM-0360,Hey it’s [name] from twitter Could I ask an urgent favour please?,Hey it’s [name] from twitter Could I ask an urgent favour please?,Hey it’s [name] from twitter Could I ask an urgent favour please?,smishing_corpus_row,smishing,weak_signal_suspicious,Smishing-Dataset-IMC25,reportsmishing/Smishing-Dataset-IMC25,raw_recovery_91k_pool,False,False,False,False,unclear suspicious message,pass_raw_complete,traceable,,,,,,smishing,likely_smishing,urgency,0,4,64,current_raw_complete_packet,hey it s name from twitter could i ask an urgent favour please
EXP-SPAM-0361,You have purchased BLAZE 150MB+70 SMS + Free WhatsApp. Expiry date: 16/06/,You have purchased BLAZE 150MB+70 SMS + Free WhatsApp. Expiry date: 16/06/,You have purchased BLAZE 150MB+70 SMS + Free WhatsApp. Expiry date: 16/06/,smishing_corpus_row,smishing,weak_signal_suspicious,Smishing-Dataset-IMC25,reportsmishing/Smishing-Dataset-IMC25,raw_recovery_91k_pool,False,False,False,False,telecom/ringtone/subscription spam,pass_raw_complete,traceable,,,,,,smishing,unclear_review,promotional_offer,2,2,56,current_raw_complete_packet,you have purchased blaze 150mb 70 sms free whatsapp expiry date 16 06
EXP-SPAM-0365,"Hey Niaz, help us answer a fast survey. We will give you a free watch in return. lksr.link/9pvvbF Txt Stop to end","Hey Niaz, help us answer a fast survey. We will give you a free watch in return. lksr.link/9pvvbF Txt Stop to end","Hey Niaz, help us answer a fast survey. We will give you a free watch in return. lksr.link/9pvvbF Txt Stop to end",verified_smishing,smishing,weak_signal_suspicious,SmishTank,SmishTank Dataset / Smishing Dataset I,public_baseline,True,False,False,True,telecom/ringtone/subscription spam,pass_raw_complete,traceable,,,,,,smishing,likely_spam_not_smishing,promotional_offer;opt_out_ad,5,2,62,current_raw_complete_packet,hey niaz help us answer a fast survey we will give you a free watch in return < > txt stop to end
EXP-SPAM-0366,GOVUK: We have identified you as eligible for a discounted energy bill under the Energy Bills Support Scheme. You can apply here:,GOVUK: We have identified you as eligible for a discounted energy bill under the Energy Bills Support Scheme. You can apply here:,GOVUK: We have identified you as eligible for a discounted energy bill under the Energy Bills Support Scheme. You can apply here:,smishing_corpus_row,smishing,weak_signal_suspicious,Smishing-Dataset-IMC25,reportsmishing/Smishing-Dataset-IMC25,raw_recovery_91k_pool,False,False,False,False,promotional spam,pass_raw_complete,traceable,,,,,,smishing,unclear_review,promotional_offer,2,2,56,current_raw_complete_packet,govuk we have identified you as eligible for a discounted energy bill under the energy bills support scheme you can apply here
EXP-SPAM-0368,$&nMwDBqP}| XXXXXX68764 We need more social media assistants. Why post on social media platform for free when you could receive money for it? You can earn $170 per day. Apply now:,$&nMwDBqP}| XXXXXX68764 We need more social media assistants. Why post on social media platform for free when you could receive money for it? You can earn $170 per day. Apply now:,$&nMwDBqP}| XXXXXX68764 We need more social media assistants. Why post on social media platform for free when you could receive money for it? You can earn <AMOUNT> per day. Apply now:,smishing_corpus_row,smishing,weak_signal_suspicious,Smishing-Dataset-IMC25,reportsmishing/Smishing-Dataset-IMC25,raw_recovery_91k_pool,False,False,False,True,adult/chat promo,pass_raw_complete,traceable,,,,,,smishing,likely_spam_not_smishing,promotional_offer;adult_chat_promo,5,2,62,current_raw_complete_packet,nmwdbqp xxxxxx68764 we need more social media assistants why post on social media platform for free when you could receive money for it you can earn < > per day apply now
EXP-SPAM-0370,Money Paid Successfully ₹ 361.00 To BHOPAL SINGH From Paytm Postpaid,Money Paid Successfully ₹ 361.00 To BHOPAL SINGH From Paytm Postpaid,Money Paid Successfully ₹ 361.00 To BHOPAL SINGH From Paytm Postpaid,smishing_corpus_row,smishing,weak_signal_suspicious,Smishing-Dataset-IMC25,reportsmishing/Smishing-Dataset-IMC25,raw_recovery_91k_pool,False,False,False,False,unclear suspicious message,pass_raw_complete,traceable,,,,,,smishing,likely_smishing,,0,2,52,current_raw_complete_packet,money paid successfully 361 00 to bhopal singh from paytm postpaid
EXP-SPAM-0371,Earn TK 500–700 daily with a new SIM! Inbox for details.,Earn TK 500–700 daily with a new SIM! Inbox for details.,Earn TK 500–700 daily with a new SIM! Inbox for details.,smish,smishing,weak_signal_suspicious,Bengali SMS Smishing Dataset,shariul-islam/bengali-sms-smishing-dataset,raw_recovery_91k_pool,False,False,False,False,unclear suspicious message,pass_raw_complete,traceable,,,,,,smishing,likely_smishing,,0,2,52,current_raw_complete_packet,earn tk 500 700 daily with a new sim inbox for details
EXP-SPAM-0372,Your registered mobile number needs to be reupdate. Please reupdate here...,Your registered mobile number needs to be reupdate. Please reupdate here...,Your registered mobile number needs to be reupdate. Please reupdate here...,smishing_corpus_row,smishing,weak_signal_suspicious,Smishing-Dataset-IMC25,reportsmishing/Smishing-Dataset-IMC25,raw_recovery_91k_pool,False,False,False,False,telecom/ringtone/subscription spam,pass_raw_complete,traceable,,,,,,smishing,likely_smishing,,0,2,52,current_raw_complete_packet,your registered mobile number needs to be reupdate please reupdate here
EXP-SPAM-0373,"Hi Jim, I need a lot of precious metal raw materials for the project at hand recently, can you give me a price list?","Hi Jim, I need a lot of precious metal raw materials for the project at hand recently, can you give me a price list?","Hi Jim, I need a lot of precious metal raw materials for the project at hand recently, can you give me a price list?",verified_smishing,smishing,weak_signal_suspicious,SmishTank,SmishTank Dataset / Smishing Dataset I,public_baseline,False,False,False,False,unclear suspicious message,pass_raw_complete,traceable,,,,,,smishing,likely_smishing,,0,2,52,current_raw_complete_packet,hi jim i need a lot of precious metal raw materials for the project at hand recently can you give me a price list
EXP-SPAM-0374,"We have identified that you still have an outstanding vehicle tax refund of 61.77 GBP from an overpayment, request your refund.","We have identified that you still have an outstanding vehicle tax refund of 61.77 GBP from an overpayment, request your refund.","We have identified that you still have an outstanding vehicle tax refund of 61.77 GBP from an overpayment, request your refund.",smishing_corpus_row,smishing,weak_signal_suspicious,Smishing-Dataset-IMC25,reportsmishing/Smishing-Dataset-IMC25,raw_recovery_91k_pool,False,False,False,True,unclear suspicious message,pass_raw_complete,traceable,,,,,,smishing,likely_smishing,government_bait;payment_bait,0,8,88,current_raw_complete_packet,we have identified that you still have an outstanding vehicle tax refund of < > from an overpayment request your refund
EXP-SPAM-0375,Congratulations your PAYTM A/C No. XXXXX can be Credited upto Rs. 5000 Register now,Congratulations your PAYTM A/C No. XXXXX can be Credited upto Rs. 5000 Register now,Congratulations your PAYTM A/C No. XXXXX can be Credited upto Rs. 5000 Register now,smishing_corpus_row,smishing,weak_signal_suspicious,Smishing-Dataset-IMC25,reportsmishing/Smishing-Dataset-IMC25,raw_recovery_91k_pool,False,False,False,True,adult/chat promo,pass_raw_complete,traceable,,,,,,smishing,likely_spam_not_smishing,adult_chat_promo,3,2,58,current_raw_complete_packet,congratulations your paytm a c no xxxxx can be credited upto < > register now
EXP-SPAM-0376,Dear SBI user your SBI YONO A/c has been ...,Dear SBI user your SBI YONO A/c has been ...,Dear SBI user your SBI YONO A/c has been ...,smishing_corpus_row,smishing,weak_signal_suspicious,Smishing-Dataset-IMC25,reportsmishing/Smishing-Dataset-IMC25,raw_recovery_91k_pool,False,False,False,False,unclear suspicious message,pass_raw_complete,traceable,,,,,,smishing,likely_smishing,,0,2,52,current_raw_complete_packet,dear sbi user your sbi yono a c has been
EXP-SPAM-0377,URGENT: water bill overdue 11756 TK. Disconnection in today: emergency-gov.bd/urgent,URGENT: water bill overdue 11756 TK. Disconnection in today: emergency-gov.bd/urgent,URGENT: water bill overdue 11756 TK. Disconnection in today: emergency-gov.bd/urgent,smish,smishing,weak_signal_suspicious,Bengali SMS Smishing Dataset,shariul-islam/bengali-sms-smishing-dataset,raw_recovery_91k_pool,True,False,False,False,unclear suspicious message,pass_raw_complete,traceable,,,,,,smishing,likely_smishing,urgency,0,4,64,current_raw_complete_packet,urgent water bill overdue 11756 tk disconnection in today < >
EXP-SPAM-0378,Put A decal of FIJI WATER on your Vehicle and Receive 500USD Weekly,Put A decal of FIJI WATER on your Vehicle and Receive 500USD Weekly,Put A decal of FIJI WATER on your Vehicle and Receive 500USD Weekly,smishing_corpus_row,smishing,weak_signal_suspicious,Smishing-Dataset-IMC25,reportsmishing/Smishing-Dataset-IMC25,raw_recovery_91k_pool,False,False,False,True,unclear suspicious message,pass_raw_complete,traceable,,,,,,smishing,likely_smishing,,0,2,52,current_raw_complete_packet,put a decal of fiji water on your vehicle and receive < > weekly
EXP-SPAM-0379,[USPS] Package delivery has been suspended due to incomplete house numbers please modify the address online in time,[USPS] Package delivery has been suspended due to incomplete house numbers please modify the address online in time,[USPS] Package delivery has been suspended due to incomplete house numbers please modify the address online in time,smishing_corpus_row,smishing,weak_signal_suspicious,Smishing-Dataset-IMC25,reportsmishing/Smishing-Dataset-IMC25,raw_recovery_91k_pool,False,False,False,False,banking/account-like suspicious,pass_raw_complete,traceable,,,,,,smishing,likely_smishing,account_threat;delivery_bait,0,9,94,current_raw_complete_packet,usps package delivery has been suspended due to incomplete house numbers please modify the address online in time
EXP-SPAM-0380,"CIBC have noticed unusual activities on your online banking, for more information;","CIBC have noticed unusual activities on your online banking, for more information;","CIBC have noticed unusual activities on your online banking, for more information;",smishing_corpus_row,smishing,weak_signal_suspicious,Smishing-Dataset-IMC25,reportsmishing/Smishing-Dataset-IMC25,raw_recovery_91k_pool,False,False,False,False,banking/account-like suspicious,pass_raw_complete,traceable,,,,,,smishing,likely_smishing,bank_account_bait,0,5,70,current_raw_complete_packet,cibc have noticed unusual activities on your online banking for more information
EXP-SPAM-0382,Please do not telephone the practice for advice on self-isolation. Follow the guidance on NHS 111 online. Due to the extremely,Please do not telephone the practice for advice on self-isolation. Follow the guidance on NHS 111 online. Due to the extremely,Please do not telephone the practice for advice on self-isolation. Follow the guidance on NHS 111 online. Due to the extremely,smishing_corpus_row,smishing,weak_signal_suspicious,Smishing-Dataset-IMC25,reportsmishing/Smishing-Dataset-IMC25,strict_raw_replacement_91k_pool,False,False,False,False,unclear suspicious message,pass_raw_complete,traceable,,,,,,smishing,likely_smishing,,0,2,52,current_raw_complete_packet,please do not telephone the practice for advice on self isolation follow the guidance on nhs 111 online due to the extremely
EXP-SPAM-0383,"Hello, please submit the correct delivery address, otherwise we cannot ship.","Hello, please submit the correct delivery address, otherwise we cannot ship.","Hello, please submit the correct delivery address, otherwise we cannot ship.",smishing_corpus_row,smishing,weak_signal_suspicious,Smishing-Dataset-IMC25,reportsmishing/Smishing-Dataset-IMC25,raw_recovery_91k_pool,False,False,False,False,delivery-like suspicious,pass_raw_complete,traceable,,,,,,smishing,likely_smishing,delivery_bait,0,5,70,current_raw_complete_packet,hello please submit the correct delivery address otherwise we cannot ship
EXP-SPAM-0385,I promise this is a short but urgent message...,I promise this is a short but urgent message...,I promise this is a short but urgent message...,smishing_corpus_row,smishing,weak_signal_suspicious,Smishing-Dataset-IMC25,reportsmishing/Smishing-Dataset-IMC25,raw_recovery_91k_pool,False,False,False,False,unclear suspicious message,pass_raw_complete,traceable,,,,,,smishing,likely_smishing,urgency,0,4,64,current_raw_complete_packet,i promise this is a short but urgent message
EXP-SPAM-0386,*WESTPAC ALERT* Your Westpac Live access will be terminiNated if you do n ot amend your contact details. To restore:,*WESTPAC ALERT* Your Westpac Live access will be terminiNated if you do n ot amend your contact details. To restore:,*WESTPAC ALERT* Your Westpac Live access will be terminiNated if you do n ot amend your contact details. To restore:,smishing_corpus_row,smishing,weak_signal_suspicious,Smishing-Dataset-IMC25,reportsmishing/Smishing-Dataset-IMC25,raw_recovery_91k_pool,False,False,False,False,unclear suspicious message,pass_raw_complete,traceable,,,,,,smishing,likely_smishing,verification_action,0,5,70,current_raw_complete_packet,westpac alert your westpac live access will be termininated if you do n ot amend your contact details to restore
EXP-SPAM-0388,"FROM:USPS our companys courier couldnt make the delivery of parcel to you address at today please input again your adress at: vpmEvening49tw.4k1pkmal.in/#?.fkz2 to drive back your package regards, usps - 61BX5B","FROM:USPS our companys courier couldnt make the delivery of parcel to you address at today please input again your adress at: vpmEvening49tw.4k1pkmal.in/#?.fkz2 to drive back your package regards, usps - 61BX5B","FROM:USPS our companys courier couldnt make the delivery of parcel to you address at today please input again your adress at: vpmEvening49tw.4k1pkmal.in/#?.fkz2 to drive back your package regards, usps - 61BX5B",verified_smishing,smishing,weak_signal_suspicious,SmishTank,SmishTank Dataset / Smishing Dataset I,public_baseline,True,False,False,True,delivery-like suspicious,pass_raw_complete,traceable,,,,,,smishing,likely_smishing,delivery_bait,0,5,70,current_raw_complete_packet,from usps our companys courier couldnt make the delivery of parcel to you address at today please input again your adress at < > to drive back your package regards usps 61bx5b
EXP-SPAM-0390,"From this, after every task you will get TK1200,,, You don't need to invest any money to do this job, you can do this job for free.","From this, after every task you will get TK1200,,, You don't need to invest any money to do this job, you can do this job for free.","From this, after every task you will get TK1200,,, You don't need to invest any money to do this job, you can do this job for free.",smish,smishing,weak_signal_suspicious,Bengali SMS Smishing Dataset,shariul-islam/bengali-sms-smishing-dataset,raw_recovery_91k_pool,False,False,False,False,job/business funding offer,pass_raw_complete,traceable,,,,,,smishing,unclear_review,promotional_offer,2,2,56,current_raw_complete_packet,from this after every task you will get < > you don t need to invest any money to do this job you can do this job for free
EXP-SPAM-0391,"Our courier was unable to deliver your order, what are you going @ to do now?","Our courier was unable to deliver your order, what are you going @ to do now?","Our courier was unable to deliver your order, what are you going @ to do now?",smishing_corpus_row,smishing,weak_signal_suspicious,Smishing-Dataset-IMC25,reportsmishing/Smishing-Dataset-IMC25,raw_recovery_91k_pool,False,False,False,False,delivery-like suspicious,pass_raw_complete,traceable,,,,,,smishing,likely_smishing,delivery_bait,0,5,70,current_raw_complete_packet,our courier was unable to deliver your order what are you going to do now
EXP-SPAM-0392,NHS: You've been in close contact with a person who has contracted the Omicron variant. Please order a test kit,NHS: You've been in close contact with a person who has contracted the Omicron variant. Please order a test kit,NHS: You've been in close contact with a person who has contracted the Omicron variant. Please order a test kit,smishing_corpus_row,smishing,weak_signal_suspicious,Smishing-Dataset-IMC25,reportsmishing/Smishing-Dataset-IMC25,raw_recovery_91k_pool,False,False,False,False,unclear suspicious message,pass_raw_complete,traceable,,,,,,smishing,likely_smishing,,0,2,52,current_raw_complete_packet,nhs you ve been in close contact with a person who has contracted the omicron variant please order a test kit
EXP-SPAM-0393,Medicare: You have been in close proximity with somebody who is positive for omicron. Please immediately get a testkit now through:,Medicare: You have been in close proximity with somebody who is positive for omicron. Please immediately get a testkit now through:,Medicare: You have been in close proximity with somebody who is positive for omicron. Please immediately get a testkit now through:,smishing_corpus_row,smishing,weak_signal_suspicious,Smishing-Dataset-IMC25,reportsmishing/Smishing-Dataset-IMC25,raw_recovery_91k_pool,False,False,False,False,unclear suspicious message,pass_raw_complete,traceable,,,,,,smishing,likely_smishing,urgency,0,4,64,current_raw_complete_packet,medicare you have been in close proximity with somebody who is positive for omicron please immediately get a testkit now through
EXP-SPAM-0396,Since youre a appreciated customer of Home Depot we have a gift valued at $100 dedicated to you (Con't 2 of 2 for your time. Just acknowledge this three question survey and you'll be compensated.,Since youre a appreciated customer of Home Depot we have a gift valued at $100 dedicated to you (Con't 2 of 2 for your time. Just acknowledge this three question survey and you'll be compensated.,Since youre a appreciated customer of Home Depot we have a gift valued at <AMOUNT> dedicated to you (Con't 2 of 2 for your time. Just acknowledge this three question survey and you'll be compensated.,smishing_corpus_row,smishing,weak_signal_suspicious,Smishing-Dataset-IMC25,reportsmishing/Smishing-Dataset-IMC25,raw_recovery_91k_pool,False,False,False,True,reward/prize,pass_raw_complete,traceable,,,,,,smishing,likely_smishing,,0,2,52,current_raw_complete_packet,since youre a appreciated customer of home depot we have a gift valued at < > dedicated to you con t 2 of 2 for your time just acknowledge this three question survey and you ll be compensated
EXP-SPAM-0399,"Dear Customer, our delivery man tried delivery at your address but failed due to  House was locked. Delivery will be attempted again.","Dear Customer, our delivery man tried delivery at your address but failed due to  House was locked. Delivery will be attempted again.","Dear Customer, our delivery man tried delivery at your address but failed due to House was locked. Delivery will be attempted again.",smishing_corpus_row,smishing,weak_signal_suspicious,Smishing-Dataset-IMC25,reportsmishing/Smishing-Dataset-IMC25,raw_recovery_91k_pool,False,False,False,False,banking/account-like suspicious,pass_raw_complete,traceable,,,,,,smishing,likely_smishing,account_threat;delivery_bait,0,9,94,current_raw_complete_packet,dear customer our delivery man tried delivery at your address but failed due to house was locked delivery will be attempted again
EXP-SPAM-0400,"Walgreens: We want to choose along our few other 420 shoppers reserving 1 prize for a 60 sec survey. Offer ends in 5 hours jkigr.cc/IB5sXLZ Aug 1, 6:45 AM","Walgreens: We want to choose along our few other 420 shoppers reserving 1 prize for a 60 sec survey. Offer ends in 5 hours jkigr.cc/IB5sXLZ Aug 1, 6:45 AM","Walgreens: We want to choose along our few other 420 shoppers reserving 1 prize for a 60 sec survey. Offer ends in 5 hours jkigr.cc/IB5sXLZ Aug 1, 6:45 AM",verified_smishing,smishing,weak_signal_suspicious,SmishTank,SmishTank Dataset / Smishing Dataset I,public_baseline,True,False,False,True,reward/prize,pass_raw_complete,traceable,,,,,,smishing,likely_spam_not_smishing,promotional_offer;prize_reward_ad,4,2,60,current_raw_complete_packet,walgreens we want to choose along our few other 420 shoppers reserving < > rize for a 60 sec survey offer ends in 5 hours < > aug 1 6 45 am
EXP-SPAM-0403,Congrats! Your SBI Credit_Card Application can be approved,Congrats! Your SBI Credit_Card Application can be approved,Congrats! Your SBI Credit_Card Application can be approved,smishing_corpus_row,smishing,weak_signal_suspicious,Smishing-Dataset-IMC25,reportsmishing/Smishing-Dataset-IMC25,strict_raw_replacement_91k_pool,False,False,False,False,banking/account-like suspicious,pass_raw_complete,traceable,,,,,,smishing,likely_smishing,bank_account_bait,0,5,70,current_raw_complete_packet,congrats your sbi credit card application can be approved
EXP-SPAM-0404,"Hi, your package is / ready for pick up ->","Hi, your package is / ready for pick up ->","Hi, your package is / ready for pick up ->",smishing_corpus_row,smishing,weak_signal_suspicious,Smishing-Dataset-IMC25,reportsmishing/Smishing-Dataset-IMC25,raw_recovery_91k_pool,False,False,False,False,delivery-like suspicious,pass_raw_complete,traceable,,,,,,smishing,likely_smishing,delivery_bait,0,5,70,current_raw_complete_packet,hi your package is ready for pick up >
EXP-SPAM-0405,NHS: You have recently been in close contact with someone who has tested positive for Omicron. You need to book a PCR test kit:,NHS: You have recently been in close contact with someone who has tested positive for Omicron. You need to book a PCR test kit:,NHS: You have recently been in close contact with someone who has tested positive for Omicron. You need to book a PCR test kit:,smishing_corpus_row,smishing,weak_signal_suspicious,Smishing-Dataset-IMC25,reportsmishing/Smishing-Dataset-IMC25,raw_recovery_91k_pool,False,False,False,False,unclear suspicious message,pass_raw_complete,traceable,,,,,,smishing,likely_smishing,,0,2,52,current_raw_complete_packet,nhs you have recently been in close contact with someone who has tested positive for omicron you need to book a pcr test kit
EXP-SPAM-0407,"Hey, This will be done from your side kindly block it if you don't want SMS","Hey, This will be done from your side kindly block it if you don't want SMS","Hey, This will be done from your side kindly block it if you don't want SMS",smishing_corpus_row,smishing,weak_signal_suspicious,Smishing-Dataset-IMC25,reportsmishing/Smishing-Dataset-IMC25,raw_recovery_91k_pool,False,False,False,False,telecom/ringtone/subscription spam,pass_raw_complete,traceable,,,,,,smishing,likely_smishing,,0,2,52,current_raw_complete_packet,hey this will be done from your side kindly block it if you don t want sms
EXP-SPAM-0408,IPAYTM WE WELL HOLD AFTER SOMETIME COMPLETE YOUR PAYTM KYC PAYTM OFFICE PH,IPAYTM WE WELL HOLD AFTER SOMETIME COMPLETE YOUR PAYTM KYC PAYTM OFFICE PH,IPAYTM WE WELL HOLD AFTER SOMETIME COMPLETE YOUR PAYTM KYC PAYTM OFFICE PH,smishing_corpus_row,smishing,weak_signal_suspicious,Smishing-Dataset-IMC25,reportsmishing/Smishing-Dataset-IMC25,raw_recovery_91k_pool,False,False,False,False,unclear suspicious message,pass_raw_complete,traceable,,,,,,smishing,likely_smishing,,0,2,52,current_raw_complete_packet,ipaytm we well hold after sometime complete your paytm kyc paytm office ph
EXP-SPAM-0409,IRS_Statement_ID40AJGAT9.pdf PDF Document � 97 KB,IRS_Statement_ID40AJGAT9.pdf PDF Document � 97 KB,IRS_Statement_ID40AJGAT9.pdf PDF Document � 97 KB,verified_smishing,smishing,weak_signal_suspicious,SmishTank,SmishTank Dataset / Smishing Dataset I,public_baseline,True,False,False,False,unclear suspicious message,pass_raw_complete,traceable,,,,,,smishing,likely_smishing,government_bait,0,5,70,current_raw_complete_packet,irs statement < > pdf document 97 kb
EXP-SPAM-0410,"Prevent coronavirus by cleaning all surfaces frequently. High-contact surfaces include door handles, stair rails and tables. Take Responsibility!","Prevent coronavirus by cleaning all surfaces frequently. High-contact surfaces include door handles, stair rails and tables. Take Responsibility!","Prevent coronavirus by cleaning all surfaces frequently. High-contact surfaces include door handles, stair rails and tables. Take Responsibility!",smishing_corpus_row,smishing,weak_signal_suspicious,Smishing-Dataset-IMC25,reportsmishing/Smishing-Dataset-IMC25,raw_recovery_91k_pool,False,False,False,False,unclear suspicious message,pass_raw_complete,traceable,,,,,,smishing,likely_smishing,,0,2,52,current_raw_complete_packet,prevent coronavirus by cleaning all surfaces frequently high contact surfaces include door handles stair rails and tables take responsibility
EXP-SPAM-0411,Your AppIe-lD will be disabled for security reasons. To avoid this you can see in more detail and follow the next steps at,Your AppIe-lD will be disabled for security reasons. To avoid this you can see in more detail and follow the next steps at,Your AppIe-lD will be disabled for security reasons. To avoid this you can see in more detail and follow the next steps at,smishing_corpus_row,smishing,weak_signal_suspicious,Smishing-Dataset-IMC25,reportsmishing/Smishing-Dataset-IMC25,raw_recovery_91k_pool,False,False,False,False,unclear suspicious message,pass_raw_complete,traceable,,,,,,smishing,likely_smishing,,0,2,52,current_raw_complete_packet,your appie ld will be disabled for security reasons to avoid this you can see in more detail and follow the next steps at
EXP-SPAM-0412,"TO TRANSFER
INB Axis Asset Management Com BILL_AAMGCL Payments","TO TRANSFER
INB Axis Asset Management Com BILL_AAMGCL Payments",TO TRANSFER INB Axis Asset Management Com BILL_AAMGCL Payments,smishing_corpus_row,smishing,weak_signal_suspicious,Smishing-Dataset-IMC25,reportsmishing/Smishing-Dataset-IMC25,raw_recovery_91k_pool,False,False,False,False,unclear suspicious message,pass_raw_complete,traceable,,,,,,smishing,likely_smishing,payment_bait,0,5,70,current_raw_complete_packet,to transfer inb axis asset management com bill aamgcl payments
EXP-SPAM-0413,Immigration office requires additional documents for visa. Processing fee 8500 TK: visa-process.bd/urgent,Immigration office requires additional documents for visa. Processing fee 8500 TK: visa-process.bd/urgent,Immigration office requires additional documents for visa. Processing fee 8500 TK: visa-process.bd/urgent,smish,smishing,weak_signal_suspicious,Bengali SMS Smishing Dataset,shariul-islam/bengali-sms-smishing-dataset,raw_recovery_91k_pool,True,False,False,False,unclear suspicious message,pass_raw_complete,traceable,,,,,,smishing,likely_smishing,urgency,0,4,64,current_raw_complete_packet,immigration office requires additional documents for visa processing fee 8500 tk < >
EXP-SPAM-0415,Please send me your mobile number right away.,Please send me your mobile number right away.,Please send me your mobile number right away.,smishing_corpus_row,smishing,weak_signal_suspicious,Smishing-Dataset-IMC25,reportsmishing/Smishing-Dataset-IMC25,raw_recovery_91k_pool,False,False,False,False,telecom/ringtone/subscription spam,pass_raw_complete,traceable,,,,,,smishing,likely_smishing,,0,2,52,current_raw_complete_packet,please send me your mobile number right away
EXP-SPAM-0416,"The Canadian Revenue Agency has issued your last benefit via INTERAC(e-transfer). To deposit your funds, follow the steps below :","The Canadian Revenue Agency has issued your last benefit via INTERAC(e-transfer). To deposit your funds, follow the steps below :","The Canadian Revenue Agency has issued your last benefit via INTERAC(e-transfer). To deposit your funds, follow the steps below:",smishing_corpus_row,smishing,weak_signal_suspicious,Smishing-Dataset-IMC25,reportsmishing/Smishing-Dataset-IMC25,strict_raw_replacement_91k_pool,False,False,False,False,unclear suspicious message,pass_raw_complete,traceable,,,,,,smishing,likely_smishing,government_bait,0,5,70,current_raw_complete_packet,the canadian revenue agency has issued your last benefit via interac e transfer to deposit your funds follow the steps below
EXP-SPAM-0417,Your Macquarie online banking access has been temporarily restricted. We need you to complete our digital verification below to continue.,Your Macquarie online banking access has been temporarily restricted. We need you to complete our digital verification below to continue.,Your Macquarie online banking access has been temporarily restricted. We need you to complete our digital verification below to continue.,smishing_corpus_row,smishing,weak_signal_suspicious,Smishing-Dataset-IMC25,reportsmishing/Smishing-Dataset-IMC25,raw_recovery_91k_pool,False,False,False,False,banking/account-like suspicious,pass_raw_complete,traceable,,,,,,smishing,likely_smishing,bank_account_bait;verification_action;account_threat,0,12,112,current_raw_complete_packet,your macquarie online banking access has been temporarily restricted we need you to complete our digital < > to continue
EXP-SPAM-0420,IRS_TAX_REFUND_B2D 5T88RF9.pdf PDF Document - 83 KB,IRS_TAX_REFUND_B2D 5T88RF9.pdf PDF Document - 83 KB,IRS_TAX_REFUND_B2D 5T88RF9.pdf PDF Document - 83 KB,verified_smishing,smishing,weak_signal_suspicious,SmishTank,SmishTank Dataset / Smishing Dataset I,public_baseline,True,False,False,False,unclear suspicious message,pass_raw_complete,traceable,,,,,,smishing,likely_smishing,government_bait;payment_bait,0,8,88,current_raw_complete_packet,irs tax refund b2d < > pdf document 83 kb
EXP-SPAM-0421,"DVLA: Due to recent calculations, you overpaid us by 203.07. Please follow the link below to process your repayment","DVLA: Due to recent calculations, you overpaid us by 203.07. Please follow the link below to process your repayment","DVLA: Due to recent calculations, you overpaid us by 203.07. Please follow the link below to process your repayment",smishing_corpus_row,smishing,weak_signal_suspicious,Smishing-Dataset-IMC25,reportsmishing/Smishing-Dataset-IMC25,raw_recovery_91k_pool,False,False,False,False,unclear suspicious message,pass_raw_complete,traceable,,,,,,smishing,likely_smishing,payment_bait,0,5,70,current_raw_complete_packet,dvla due to recent calculations you overpaid us by 203 07 please follow the link below to process your repayment
EXP-SPAM-0423,Emergency: Your father hospitalized. Medical bills 35000 TK needed: hospital-emergency.bd/urgent,Emergency: Your father hospitalized. Medical bills 35000 TK needed: hospital-emergency.bd/urgent,Emergency: Your father hospitalized. Medical bills 35000 TK needed: hospital-emergency.bd/urgent,smish,smishing,weak_signal_suspicious,Bengali SMS Smishing Dataset,shariul-islam/bengali-sms-smishing-dataset,raw_recovery_91k_pool,True,False,False,False,unclear suspicious message,pass_raw_complete,traceable,,,,,,smishing,likely_smishing,urgency,0,4,64,current_raw_complete_packet,emergency your father hospitalized medical bills 35000 tk needed < >
EXP-SPAM-0426,do NOT go outside. that fucking cat just hung an anvil above your door so he can drop it on your head and squish you to be really short. be careful.,do NOT go outside. that fucking cat just hung an anvil above your door so he can drop it on your head and squish you to be really short. be careful.,do NOT go outside. that fucking cat just hung an anvil above your door so he can drop it on your head and squish you to be really short. be careful.,smishing_corpus_row,smishing,weak_signal_suspicious,Smishing-Dataset-IMC25,reportsmishing/Smishing-Dataset-IMC25,raw_recovery_91k_pool,False,False,False,False,unclear suspicious message,pass_raw_complete,traceable,,,,,,smishing,likely_smishing,,0,2,52,current_raw_complete_packet,do not go outside that fucking cat just hung an anvil above your door so he can drop it on your head and squish you to be really short be careful
EXP-SPAM-0427,I’m contesting for an ambassadorialship spot at an online influencers program can you please vote for me?🙏🏼🙏🏼,I’m contesting for an ambassadorialship spot at an online influencers program can you please vote for me?🙏🏼🙏🏼,I’m contesting for an ambassadorialship spot at an online influencers program can you please vote for me?🙏🏼🙏🏼,smishing_corpus_row,smishing,weak_signal_suspicious,Smishing-Dataset-IMC25,reportsmishing/Smishing-Dataset-IMC25,raw_recovery_91k_pool,False,False,False,False,unclear suspicious message,pass_raw_complete,traceable,,,,,,smishing,likely_smishing,,0,2,52,current_raw_complete_packet,i m contesting for an ambassadorialship spot at an online influencers program can you please vote for me
EXP-SPAM-0428,Your vehicle insurance expired. Immediate renewal required 8500 TK: auto-insurance.bd/urgent,Your vehicle insurance expired. Immediate renewal required 8500 TK: auto-insurance.bd/urgent,Your vehicle insurance expired. Immediate renewal required 8500 TK: auto-insurance.bd/urgent,smish,smishing,weak_signal_suspicious,Bengali SMS Smishing Dataset,shariul-islam/bengali-sms-smishing-dataset,raw_recovery_91k_pool,True,False,False,False,unclear suspicious message,pass_raw_complete,traceable,,,,,,smishing,likely_smishing,urgency,0,4,64,current_raw_complete_packet,your vehicle insurance expired immediate renewal required 8500 tk < >
EXP-SPAM-0429,Property mutation blocked due to fake documents. Clear with legal fee 28000 TK: mutation-legal.bd/urgent,Property mutation blocked due to fake documents. Clear with legal fee 28000 TK: mutation-legal.bd/urgent,Property mutation blocked due to fake documents. Clear with legal fee 28000 TK: mutation-legal.bd/urgent,smish,smishing,weak_signal_suspicious,Bengali SMS Smishing Dataset,shariul-islam/bengali-sms-smishing-dataset,raw_recovery_91k_pool,True,False,False,False,banking/account-like suspicious,pass_raw_complete,traceable,,,,,,smishing,likely_smishing,account_threat;urgency,0,8,88,current_raw_complete_packet,property mutation blocked due to fake documents clear with legal fee 28000 tk < >
EXP-SPAM-0430,"To earn money from home, convert your used SIM to flexiload SIM and earn 500 to 700 taka daily easily by selling offers both online and offline. If you want to convert your used SIM to flexiload SIM, inbox us. Thank you.","To earn money from home, convert your used SIM to flexiload SIM and earn 500 to 700 taka daily easily by selling offers both online and offline. If you want to convert your used SIM to flexiload SIM, inbox us. Thank you.","To earn money from home, convert your used SIM to flexiload SIM and earn 500 to 700 taka daily easily by selling offers both online and offline. If you want to convert your used SIM to flexiload SIM, inbox us. Thank you.",smish,smishing,weak_signal_suspicious,Bengali SMS Smishing Dataset,shariul-islam/bengali-sms-smishing-dataset,raw_recovery_91k_pool,False,False,False,False,promotional spam,pass_raw_complete,traceable,,,,,,smishing,likely_smishing,,0,2,52,current_raw_complete_packet,to earn money from home convert your used sim to flexiload sim and earn 500 to 700 taka daily easily by selling offers both online and offline if you want to convert your used sim to flexiload sim inbox us thank you
EXP-SPAM-0434,"Your Mobile No Have Won 4,00,00,000/-Inr From Range Rover motors Company UK' Send Name Mobile No Age Address Occupation","Your Mobile No Have Won 4,00,00,000/-Inr From Range Rover motors Company UK' Send Name Mobile No Age Address Occupation","Your Mobile No Have Won 4,00,00,000/-Inr From Range Rover motors Company UK' Send Name Mobile No Age Address Occupation",smishing_corpus_row,smishing,weak_signal_suspicious,Smishing-Dataset-IMC25,reportsmishing/Smishing-Dataset-IMC25,raw_recovery_91k_pool,False,False,False,False,reward/prize,pass_raw_complete,traceable,,,,,,smishing,unclear_review,prize_reward_ad,2,2,56,current_raw_complete_packet,your mobile no have won 4 00 00 000 inr from range rover motors company uk send name mobile no age address occupation
EXP-SPAM-0435,"Your KreditFund loan is due,please repay it on time and avoid contacting your family!","Your KreditFund loan is due,please repay it on time and avoid contacting your family!","Your KreditFund loan is due,please repay it on time and avoid contacting your family!",smishing_corpus_row,smishing,weak_signal_suspicious,Smishing-Dataset-IMC25,reportsmishing/Smishing-Dataset-IMC25,raw_recovery_91k_pool,False,False,False,False,job/business funding offer,pass_raw_complete,traceable,,,,,,smishing,likely_smishing,,0,2,52,current_raw_complete_packet,your kreditfund loan is due please repay it on time and avoid contacting your family
EXP-SPAM-0440,"Package reminder: We cannot deliver your package to door due to the incomplete house number, please fill in the address.","Package reminder: We cannot deliver your package to door due to the incomplete house number, please fill in the address.","Package reminder: We cannot deliver your package to door due to the incomplete house number, please fill in the address.",smishing_corpus_row,smishing,weak_signal_suspicious,Smishing-Dataset-IMC25,reportsmishing/Smishing-Dataset-IMC25,raw_recovery_91k_pool,False,False,False,False,delivery-like suspicious,pass_raw_complete,traceable,,,,,,smishing,likely_smishing,delivery_bait,0,5,70,current_raw_complete_packet,package reminder we cannot deliver your package to door due to the incomplete house number please fill in the address
EXP-SPAM-0441,(Your Parcel Is Cleared) Re-schedule:,(Your Parcel Is Cleared) Re-schedule:,(Your Parcel Is Cleared) Re-schedule:,smishing_corpus_row,smishing,weak_signal_suspicious,Smishing-Dataset-IMC25,Gathered approved smishing 7k,gathered_approved_smishing,False,False,False,False,delivery-like suspicious,pass_raw_complete,traceable,,,,,,smishing,likely_smishing,delivery_bait,0,5,70,current_raw_complete_packet,your parcel is cleared re schedule
EXP-SPAM-0442,The Duty of Youth is to challenge corruption,The Duty of Youth is to challenge corruption,The Duty of Youth is to challenge corruption,smishing_corpus_row,smishing,weak_signal_suspicious,Smishing-Dataset-IMC25,reportsmishing/Smishing-Dataset-IMC25,raw_recovery_91k_pool,False,False,False,False,unclear suspicious message,pass_raw_complete,traceable,,,,,,smishing,likely_smishing,,0,2,52,current_raw_complete_packet,the duty of youth is to challenge corruption
EXP-SPAM-0443,"Jack, what are your plans for tomorrow?","Jack, what are your plans for tomorrow?","Jack, what are your plans for tomorrow?",verified_smishing,smishing,weak_signal_suspicious,SmishTank,SmishTank Dataset / Smishing Dataset I,public_baseline,False,False,False,False,unclear suspicious message,pass_raw_complete,traceable,,,,,,smishing,likely_smishing,,0,2,52,current_raw_complete_packet,jack what are your plans for tomorrow
EXP-SPAM-0447,"◆ If qualified, you can earn online by teaching. Contact User-10381381741225860264.","◆ If qualified, you can earn online by teaching. Contact User-10381381741225860264.","◆ If qualified, you can earn online by teaching. Contact User-<PHONE>.",smish,smishing,weak_signal_suspicious,Bengali SMS Smishing Dataset,shariul-islam/bengali-sms-smishing-dataset,raw_recovery_91k_pool,False,True,False,False,unclear suspicious message,pass_raw_complete,traceable,,,,,,smishing,likely_smishing,,0,2,52,current_raw_complete_packet,if qualified you can earn online by teaching contact user < >
EXP-SPAM-0448,"Dear student, Congratulations on passing your secondary exam. Today you are the future of Bangladesh, we await you. Comilla City College (EIIN:134648) Kotbari, Comilla Mobile: 01781939370 01859412805","Dear student, Congratulations on passing your secondary exam. Today you are the future of Bangladesh, we await you. Comilla City College (EIIN:134648) Kotbari, Comilla Mobile: 01781939370 01859412805","Dear student, Congratulations on passing your secondary exam. Today you are the future of Bangladesh, we await you. Comilla City College (EIIN:134648) Kotbari, Comilla Mobile: <PHONE>",smish,smishing,weak_signal_suspicious,Bengali SMS Smishing Dataset,shariul-islam/bengali-sms-smishing-dataset,raw_recovery_91k_pool,False,True,False,False,telecom/ringtone/subscription spam,pass_raw_complete,traceable,,,,,,smishing,likely_smishing,,0,2,52,current_raw_complete_packet,dear student congratulations on passing your secondary exam today you are the future of bangladesh we await you comilla city college eiin 134648 kotbari comilla mobile < >
EXP-SPAM-0449,Hello. I'm Emily. Just found your house in the neighborhood and thought of reaching out to you re: a sale for it. Any interest?,Hello. I'm Emily. Just found your house in the neighborhood and thought of reaching out to you re: a sale for it. Any interest?,Hello. I'm Emily. Just found your house in the neighborhood and thought of reaching out to you re: a sale for it. Any interest?,verified_smishing,smishing,weak_signal_suspicious,SmishTank,SmishTank Dataset / Smishing Dataset I,public_baseline,False,False,False,False,promotional spam,pass_raw_complete,traceable,,,,,,smishing,unclear_review,promotional_offer,2,2,56,current_raw_complete_packet,hello i m emily just found your house in the neighborhood and thought of reaching out to you re a sale for it any interest
EXP-SPAM-0450,Land registration office requires bribe 22000 TK for quick processing: land-bribe.bd/urgent,Land registration office requires bribe 22000 TK for quick processing: land-bribe.bd/urgent,Land registration office requires bribe 22000 TK for quick processing: land-bribe.bd/urgent,smish,smishing,weak_signal_suspicious,Bengali SMS Smishing Dataset,shariul-islam/bengali-sms-smishing-dataset,raw_recovery_91k_pool,True,False,False,False,unclear suspicious message,pass_raw_complete,traceable,,,,,,smishing,likely_smishing,urgency,0,4,64,current_raw_complete_packet,land registration office requires bribe 22000 tk for quick processing < >
EXP-SPAM-0453,IRS_TAX_RE- FUND_B2D5T88RF9.pdf PDF Document � 83 KB,IRS_TAX_RE- FUND_B2D5T88RF9.pdf PDF Document � 83 KB,IRS_TAX_RE- FUND_B2D5T88RF9.pdf PDF Document � 83 KB,verified_smishing,smishing,weak_signal_suspicious,SmishTank,SmishTank Dataset / Smishing Dataset I,public_baseline,True,False,False,False,unclear suspicious message,pass_raw_complete,traceable,,,,,,smishing,likely_smishing,government_bait,0,5,70,current_raw_complete_packet,irs tax re fund < > pdf document 83 kb
EXP-SPAM-0455,Get a chance to spend a day with Mashrafe by betting on BPL. Join: xini.eu/00Qe,Get a chance to spend a day with Mashrafe by betting on BPL. Join: xini.eu/00Qe,Get a chance to spend a day with Mashrafe by betting on BPL. Join: xini.eu/00Qe,smish,smishing,weak_signal_suspicious,Bengali SMS Smishing Dataset,shariul-islam/bengali-sms-smishing-dataset,raw_recovery_91k_pool,True,False,False,False,gambling/casino/free spin,pass_raw_complete,traceable,,,,,,smishing,unclear_review,gambling_promo,2,2,56,current_raw_complete_packet,get a chance to spend a day with mashrafe by betting on bpl join < >
EXP-SPAM-0456,Police case registered against your vehicle. Settlement fee 9500 TK: police-settlement.bd/urgent Case: PS8847,Police case registered against your vehicle. Settlement fee 9500 TK: police-settlement.bd/urgent Case: PS8847,Police case registered against your vehicle. Settlement fee 9500 TK: police-settlement.bd/urgent Case: PS8847,smish,smishing,weak_signal_suspicious,Bengali SMS Smishing Dataset,shariul-islam/bengali-sms-smishing-dataset,raw_recovery_91k_pool,True,False,False,True,unclear suspicious message,pass_raw_complete,traceable,,,,,,smishing,likely_smishing,urgency,0,4,64,current_raw_complete_packet,police case registered against your vehicle settlement fee 9500 tk < > case < >
EXP-SPAM-0457,"(8 Hi Julianne long time no see, I'm Aleen, how are you doing","(8 Hi Julianne long time no see, I'm Aleen, how are you doing","(8 Hi Julianne long time no see, I'm Aleen, how are you doing",verified_smishing,smishing,weak_signal_suspicious,SmishTank,SmishTank Dataset / Smishing Dataset I,public_baseline,False,False,False,False,unclear suspicious message,pass_raw_complete,traceable,,,,,,smishing,likely_smishing,,0,2,52,current_raw_complete_packet,8 hi julianne long time no see i m aleen how are you doing
EXP-SPAM-0458,"Dear applicant, you have been selected for an interview with the center enemy leadership on Tuesday 04/05 at 9 AM @1st floor. Please contact for inquiry: 09029900659","Dear applicant, you have been selected for an interview with the center enemy leadership on Tuesday 04/05 at 9 AM @1st floor. Please contact for inquiry: 09029900659","Dear applicant, you have been selected for an interview with the center enemy leadership on Tuesday 04/05 at 9 AM @1st floor. Please contact for inquiry: <PHONE>",smish,smishing,weak_signal_suspicious,Bengali SMS Smishing Dataset,shariul-islam/bengali-sms-smishing-dataset,raw_recovery_91k_pool,False,True,False,False,unclear suspicious message,pass_raw_complete,traceable,,,,,,smishing,likely_smishing,,0,2,52,current_raw_complete_packet,dear applicant you have been selected for an interview with the center enemy leadership on tuesday 04 05 at 9 am 1st floor please contact for inquiry < >
EXP-SPAM-0459,Download the largest social gaming app to play 100+ mobile games and win cash prizes up to 25 crore taka daily.,Download the largest social gaming app to play 100+ mobile games and win cash prizes up to 25 crore taka daily.,Download the largest social gaming app to play 100+ mobile games and win cash prizes up to 25 crore taka daily.,smish,smishing,weak_signal_suspicious,Bengali SMS Smishing Dataset,shariul-islam/bengali-sms-smishing-dataset,strict_raw_replacement_91k_pool,False,False,False,False,reward/prize,pass_raw_complete,traceable,,,,,,smishing,unclear_review,prize_reward_ad,2,2,56,current_raw_complete_packet,download the largest social gaming app to play 100 mobile games and win cash prizes up to 25 crore taka daily
EXP-SPAM-0462,"🔥Already Listed🔥\n600k withdraw ✅💸\n600k = 7.8 usdt 😛\nThose who missed it still have a chance. Pepe🔥🔥 is already listed withdrawing.\nDon't delay, start mining now 🔥\nhttps://t.me/pepe_miner_game_bot?start=5825648889","🔥Already Listed🔥\n600k withdraw ✅💸\n600k = 7.8 usdt 😛\nThose who missed it still have a chance. Pepe🔥🔥 is already listed withdrawing.\nDon't delay, start mining now 🔥\nhttps://t.me/pepe_miner_game_bot?start=5825648889","🔥Already Listed🔥\n600k withdraw ✅💸\n600k = 7.8 usdt 😛\nThose who missed it still have a chance. Pepe🔥🔥 is already listed withdrawing.\nDon't delay, start mining now 🔥\nhttps://<URL>?start=<PHONE>",smish,smishing,weak_signal_suspicious,Bengali SMS Smishing Dataset,shariul-islam/bengali-sms-smishing-dataset,raw_recovery_91k_pool,True,True,False,True,unclear suspicious message,pass_raw_complete,traceable,,,,,,smishing,likely_smishing,link_present,0,3,58,current_raw_complete_packet,already listed n600k withdraw n600k < > t nthose who missed it still have a chance pepe is already listed withdrawing ndon t delay start mining now n < >
EXP-SPAM-0463,There's a home listed in your search area. Homes are moving fast! From $412 - 569 clickherenow.me/YSOHESIZ,There's a home listed in your search area. Homes are moving fast! From $412 - 569 clickherenow.me/YSOHESIZ,There's a home listed in your search area. Homes are moving fast! From <AMOUNT> - 569 <URL>,verified_smishing,smishing,weak_signal_suspicious,SmishTank,SmishTank Dataset / Smishing Dataset I,public_baseline,True,True,False,True,unclear suspicious message,pass_raw_complete,traceable,,,,,,smishing,likely_smishing,,0,2,52,current_raw_complete_packet,there s a home listed in your search area homes are moving fast from < > < >
EXP-SPAM-0464,Police verification failed for passport. Resubmit with 1800 TK: police-passport.bd/resubmit,Police verification failed for passport. Resubmit with 1800 TK: police-passport.bd/resubmit,Police verification failed for passport. Resubmit with 1800 TK: police-passport.bd/resubmit,smish,smishing,weak_signal_suspicious,Bengali SMS Smishing Dataset,shariul-islam/bengali-sms-smishing-dataset,raw_recovery_91k_pool,True,False,False,False,unclear suspicious message,pass_raw_complete,traceable,,,,,,smishing,likely_smishing,verification_action,0,5,70,current_raw_complete_packet,police < > for passport resubmit with 1800 tk < >
EXP-SPAM-0465,Your mobile number traced in criminal activity. Clear name with 15000 TK: police-clear.bd/urgent,Your mobile number traced in criminal activity. Clear name with 15000 TK: police-clear.bd/urgent,Your mobile number traced in criminal activity. Clear name with 15000 TK: police-clear.bd/urgent,smish,smishing,weak_signal_suspicious,Bengali SMS Smishing Dataset,shariul-islam/bengali-sms-smishing-dataset,raw_recovery_91k_pool,True,False,False,False,telecom/ringtone/subscription spam,pass_raw_complete,traceable,,,,,,smishing,likely_smishing,urgency,0,4,64,current_raw_complete_packet,your mobile number traced in criminal activity clear name with 15000 tk < >
EXP-SPAM-0466,Your property tax assessment increased dramatically. Appeal with fee 15000 TK: tax-appeal.bd/urgent,Your property tax assessment increased dramatically. Appeal with fee 15000 TK: tax-appeal.bd/urgent,Your property tax assessment increased dramatically. Appeal with fee 15000 TK: tax-appeal.bd/urgent,smish,smishing,weak_signal_suspicious,Bengali SMS Smishing Dataset,shariul-islam/bengali-sms-smishing-dataset,raw_recovery_91k_pool,True,False,False,False,unclear suspicious message,pass_raw_complete,traceable,,,,,,smishing,likely_smishing,government_bait;urgency,0,7,82,current_raw_complete_packet,your property tax assessment increased dramatically appeal with fee 15000 tk < >
EXP-SPAM-0468,IRS TAX REFUND MOP1QHS.pdf PDF Document • 83 KB,IRS TAX REFUND MOP1QHS.pdf PDF Document • 83 KB,IRS TAX REFUND MOP1QHS.pdf PDF Document • 83 KB,verified_smishing,smishing,weak_signal_suspicious,SmishTank,SmishTank Dataset / Smishing Dataset I,public_baseline,True,False,False,False,unclear suspicious message,pass_raw_complete,traceable,,,,,,smishing,likely_smishing,government_bait;payment_bait,0,8,88,current_raw_complete_packet,irs tax refund < > pdf document 83 kb
EXP-SPAM-0473,"Golden opportunity for unemployed youth, women, housewives, retired persons to earn a lot of money online from home in a short time","Golden opportunity for unemployed youth, women, housewives, retired persons to earn a lot of money online from home in a short time","Golden opportunity for unemployed youth, women, housewives, retired persons to earn a lot of money online from home in a short time",smish,smishing,weak_signal_suspicious,Bengali SMS Smishing Dataset,shariul-islam/bengali-sms-smishing-dataset,strict_raw_replacement_91k_pool,False,False,False,False,unclear suspicious message,pass_raw_complete,traceable,,,,,,smishing,likely_smishing,,0,2,52,current_raw_complete_packet,golden opportunity for unemployed youth women housewives retired persons to earn a lot of money online from home in a short time
EXP-SPAM-0479,Your smartphone infected with banking virus. Remove with security software 1800 TK: phone-security.bd/clean,Your smartphone infected with banking virus. Remove with security software 1800 TK: phone-security.bd/clean,Your smartphone infected with banking virus. Remove with security software 1800 TK: phone-security.bd/clean,smish,smishing,weak_signal_suspicious,Bengali SMS Smishing Dataset,shariul-islam/bengali-sms-smishing-dataset,raw_recovery_91k_pool,True,False,False,False,banking/account-like suspicious,pass_raw_complete,traceable,,,,,,smishing,likely_smishing,bank_account_bait,0,5,70,current_raw_complete_packet,your smartphone infected with banking virus remove with security software 1800 tk < >
EXP-SPAM-0480,IRS_Statement_ID1G8J62KOZ.pdf PDF Document � 224 KB,IRS_Statement_ID1G8J62KOZ.pdf PDF Document � 224 KB,IRS_Statement_ID1G8J62KOZ.pdf PDF Document � 224 KB,verified_smishing,smishing,weak_signal_suspicious,SmishTank,SmishTank Dataset / Smishing Dataset I,public_baseline,True,False,False,False,unclear suspicious message,pass_raw_complete,traceable,,,,,,smishing,likely_smishing,government_bait,0,5,70,current_raw_complete_packet,irs statement < > pdf document 224 kb
EXP-SPAM-0482,"*Work from home form filling job. *Fill 5 forms for 510TK, *Our company is hiring. *Education: Just need to read Bengali *Must have WhatsApp. *Salary: 8000-18000TK","*Work from home form filling job. *Fill 5 forms for 510TK, *Our company is hiring. *Education: Just need to read Bengali *Must have WhatsApp. *Salary: 8000-18000TK","*Work from home form filling job. *Fill 5 forms for 510TK, *Our company is hiring. *Education: Just need to read Bengali *Must have WhatsApp. *Salary: 8000-18000TK",smish,smishing,weak_signal_suspicious,Bengali SMS Smishing Dataset,shariul-islam/bengali-sms-smishing-dataset,raw_recovery_91k_pool,False,True,False,False,job/business funding offer,pass_raw_complete,traceable,,,,,,smishing,likely_smishing,,0,2,52,current_raw_complete_packet,work from home form filling job fill 5 forms for 510tk our company is hiring education just need to read bengali must have whatsapp salary < > tk
EXP-SPAM-0484,"Earn income by working online through mobile from home. #🎯 Monthly income: 20000-30000 taka. (There are opportunities for extra income, free income is also available). Monthly salary is included","Earn income by working online through mobile from home. #🎯 Monthly income: 20000-30000 taka. (There are opportunities for extra income, free income is also available). Monthly salary is included","Earn income by working online through mobile from home. #🎯 Monthly income: <PHONE> taka. (There are opportunities for extra income, free income is also available). Monthly salary is included",smish,smishing,weak_signal_suspicious,Bengali SMS Smishing Dataset,shariul-islam/bengali-sms-smishing-dataset,raw_recovery_91k_pool,False,True,False,False,telecom/ringtone/subscription spam,pass_raw_complete,traceable,,,,,,smishing,unclear_review,promotional_offer,2,2,56,current_raw_complete_packet,earn income by working online through mobile from home monthly income < > taka there are opportunities for extra income free income is also available monthly salary is included
EXP-SPAM-0486,IRS_TAX_RE-FUND_ID_#01Q F20J091.pdf PDF Document  84 KB,IRS_TAX_RE-FUND_ID_#01Q F20J091.pdf PDF Document  84 KB,IRS_TAX_RE-FUND_ID_#01Q F20J091.pdf PDF Document 84 KB,verified_smishing,smishing,weak_signal_suspicious,SmishTank,SmishTank Dataset / Smishing Dataset I,public_baseline,True,False,False,False,unclear suspicious message,pass_raw_complete,traceable,,,,,,smishing,likely_smishing,government_bait,0,5,70,current_raw_complete_packet,irs tax re fund id 01q < > pdf document 84 kb
EXP-SPAM-0488,<#> Please enter 435547 into LINE within the next 30 mins. JFOQLtyexga <#> Please enter 115086 into LINE within the next 30 mins. JFOQLtyexga 11:16,<#> Please enter 435547 into LINE within the next 30 mins. JFOQLtyexga <#> Please enter 115086 into LINE within the next 30 mins. JFOQLtyexga 11:16,<#> Please enter 435547 into LINE within the next 30 mins. JFOQLtyexga <#> Please enter 115086 into LINE within the next 30 mins. JFOQLtyexga 11:16,verified_smishing,smishing,weak_signal_suspicious,SmishTank,SmishTank Dataset / Smishing Dataset I,public_baseline,False,False,False,False,unclear suspicious message,pass_raw_complete,traceable,,,,,,smishing,likely_smishing,,0,2,52,current_raw_complete_packet,< > please enter 435547 into line within the next 30 mins jfoqltyexga < > please enter 115086 into line within the next 30 mins jfoqltyexga 11 16
EXP-SPAM-0491,Earn TK 46 lakh for free from 46 mining apps - from home with mobile,Earn TK 46 lakh for free from 46 mining apps - from home with mobile,Earn TK 46 lakh for free from 46 mining apps - from home with mobile,smish,smishing,weak_signal_suspicious,Bengali SMS Smishing Dataset,shariul-islam/bengali-sms-smishing-dataset,raw_recovery_91k_pool,False,False,False,False,telecom/ringtone/subscription spam,pass_raw_complete,traceable,,,,,,smishing,unclear_review,promotional_offer,2,2,56,current_raw_complete_packet,earn tk 46 lakh for free from 46 mining apps from home with mobile
EXP-SPAM-0492,Your driving license suspended. Reinstate with 4200 TK penalty: license-reinstate.bd/urgent,Your driving license suspended. Reinstate with 4200 TK penalty: license-reinstate.bd/urgent,Your driving license suspended. Reinstate with 4200 TK penalty: license-reinstate.bd/urgent,smish,smishing,weak_signal_suspicious,Bengali SMS Smishing Dataset,shariul-islam/bengali-sms-smishing-dataset,raw_recovery_91k_pool,True,False,False,False,banking/account-like suspicious,pass_raw_complete,traceable,,,,,,smishing,likely_smishing,account_threat;urgency,0,8,88,current_raw_complete_packet,your driving license suspended reinstate with 4200 tk penalty < >
EXP-SPAM-0495,"Your shipping order is on hold due to an incomplete street address in the shipping information. Check, please. bargainreed.info/Deut","Your shipping order is on hold due to an incomplete street address in the shipping information. Check, please. bargainreed.info/Deut","Your shipping order is on hold due to an incomplete street address in the shipping information. Check, please. <URL>",verified_smishing,smishing,weak_signal_suspicious,SmishTank,SmishTank Dataset / Smishing Dataset I,public_baseline,True,False,False,False,unclear suspicious message,pass_raw_complete,traceable,,,,,,smishing,likely_smishing,credential_or_otp_request,0,6,76,current_raw_complete_packet,your shipping order is on hold due to an incomplete street address in the shipping information check please < >
EXP-SPAM-0498,Please send money urgently for your son's problem.,Please send money urgently for your son's problem.,Please send money urgently for your son's problem.,smish,smishing,weak_signal_suspicious,Bengali SMS Smishing Dataset,shariul-islam/bengali-sms-smishing-dataset,raw_recovery_91k_pool,False,False,False,False,unclear suspicious message,pass_raw_complete,traceable,,,,,,smishing,likely_smishing,urgency,0,4,64,current_raw_complete_packet,please send money urgently for your son s problem
EXP-SPAM-0499,"I had returned to LA, thanks for your hospitality and I will let you know in advance when I am Next in San Diego.","I had returned to LA, thanks for your hospitality and I will let you know in advance when I am Next in San Diego.","I had returned to LA, thanks for your hospitality and I will let you know in advance when I am Next in San Diego.",verified_smishing,smishing,weak_signal_suspicious,SmishTank,SmishTank Dataset / Smishing Dataset I,public_baseline,False,False,False,False,unclear suspicious message,pass_raw_complete,traceable,,,,,,smishing,likely_smishing,,0,2,52,current_raw_complete_packet,i had returned to la thanks for your hospitality and i will let you know in advance when i am next in san diego
