review_id,message_for_review,message_raw,message_clean,source_label,normalized_label_before_review,candidate_reason,source_name,dataset_name,source_group,contains_url,contains_phone,contains_otp,contains_amount,suggested_category,expert_label,expert_confidence,expert_notes,reviewer_name,review_date,raw_quality_status,raw_quality_flags,raw_placeholder_detected,raw_placeholder_types,raw_length,raw_token_count,multi_message_cell_detected,duplicate_key,duplicate_status,suggested_action,replacement_needed_reason
EXP-SPAM-0168,"Hi babe its Chloe, how r u? I was smashed on saturday night, it was great! How was your weekend? U been missing me? SP <URL> Text stop to stop 150p/text","Hi babe its Chloe, how r u? I was smashed on saturday night, it was great! How was your weekend? U been missing me? SP <URL> Text stop to stop 150p/text","Hi babe its Chloe, how r u? I was smashed on saturday night, it was great! How was your weekend? U been missing me? SP <URL> Text stop to stop 150p/text",smishing,smishing,conflict_needs_review,SmishX,Gathered approved smishing 7k,gathered_approved_smishing,True,False,False,True,generic scam-like or unclear,,,,,,fail_placeholder_raw,placeholder_raw,True,<URL>,152,32,False,hi babe its chloe how r u i was smashed on saturday night it was great how was your weekend u been missing me sp <url> text stop to stop < > text,unique,replace,placeholder_raw
EXP-SPAM-0183,IMPORTANT INFORMATION 4 ORANGE USER 0796XXXXXX. TODAY IS UR LUCKY DAY!2 FIND OUT WHY LOG ONTO <URL> THERE'S A FANTASTIC PRIZEAWAITING YOU!,IMPORTANT INFORMATION 4 ORANGE USER 0796XXXXXX. TODAY IS UR LUCKY DAY!2 FIND OUT WHY LOG ONTO <URL> THERE'S A FANTASTIC PRIZEAWAITING YOU!,IMPORTANT INFORMATION 4 ORANGE USER 0796XXXXXX. TODAY IS UR LUCKY DAY!2 FIND OUT WHY LOG ONTO <URL> THERE'S A FANTASTIC PRIZEAWAITING YOU!,smishing,smishing,conflict_needs_review,SmishX,Gathered approved smishing 7k,gathered_approved_smishing,True,False,False,False,reward/prize,,,,,,fail_placeholder_raw,placeholder_raw,True,<URL>,138,24,False,important information 4 orange user 0796xxxxxx today is ur lucky day 2 find out why log onto <url> there s a fantastic prizeawaiting you,unique,replace,placeholder_raw
EXP-SPAM-0209,"New TRXE~Login || www.usdtrxe.com || Username:Rom88 P***word:R66888 Balance:3,953,395.68~~~ NrEpvA","New TRXE~Login || www.usdtrxe.com || Username:Rom88 P***word:R66888 Balance:3,953,395.68~~~ NrEpvA","New TRXE~Login || <URL> || Username:Rom88 P***word:R66888 Balance:3,953,395.68~~~ NrEpvA",phishing_messages_row,smishing,excluded_from_smishing_review,SMS Phishing Dataset,wspr-ncsu/sms-phishing,content_quality_replacement_91k_pool,True,False,False,True,generic scam-like or unclear,,,,,,review_sms_likeness,not_sms_like_artifact,False,,98,17,False,new trxe login < > username rom < > word < > balance 3 953 395 68 nrepva,unique,replace,not_sms_like_artifact
EXP-SPAM-0213,"New COIN~Login || www.usdtwtrc.com|| Username:Rom88 P***word:R66888 Balance:3,862,587.65 ~~~ rYmGq","New COIN~Login || www.usdtwtrc.com|| Username:Rom88 P***word:R66888 Balance:3,862,587.65 ~~~ rYmGq","New COIN~Login || <URL> Username:Rom88 P***word:R66888 Balance:3,862,587.65 ~~~ rYmGq",phishing_messages_row,smishing,excluded_from_smishing_review,SMS Phishing Dataset,wspr-ncsu/sms-phishing,content_quality_replacement_91k_pool,True,True,False,True,banking/account-like suspicious,,,,,,review_sms_likeness,not_sms_like_artifact,False,,98,17,False,new coin login < > username rom < > word < > balance 3 862 587 65 rymgq,unique,replace,not_sms_like_artifact
EXP-SPAM-0215,"New TRXE~Login || www.usdtrxe.com || Username:Rom88 P***word:R66888 Balance:3,953,395.68~~~ NVJXhX","New TRXE~Login || www.usdtrxe.com || Username:Rom88 P***word:R66888 Balance:3,953,395.68~~~ NVJXhX","New TRXE~Login || <URL> || Username:Rom88 P***word:R66888 Balance:3,953,395.68~~~ NVJXhX",phishing_messages_row,smishing,excluded_from_smishing_review,SMS Phishing Dataset,wspr-ncsu/sms-phishing,content_quality_replacement_91k_pool,True,False,False,True,banking/account-like suspicious,,,,,,review_sms_likeness,not_sms_like_artifact,False,,98,17,False,new trxe login < > username rom < > word < > balance 3 953 395 68 nvjxhx,unique,replace,not_sms_like_artifact
EXP-SPAM-0217,"New TRXE~Login || www.usdtrxe.com || Username:Rom88 P***word:R66888 Balance:3,953,395.68~~~ YwlWXL","New TRXE~Login || www.usdtrxe.com || Username:Rom88 P***word:R66888 Balance:3,953,395.68~~~ YwlWXL","New TRXE~Login || <URL> || Username:Rom88 P***word:R66888 Balance:3,953,395.68~~~ YwlWXL",phishing_messages_row,smishing,excluded_from_smishing_review,SMS Phishing Dataset,wspr-ncsu/sms-phishing,content_quality_replacement_91k_pool,True,False,False,True,delivery-like suspicious,,,,,,review_sms_likeness,not_sms_like_artifact,False,,98,17,False,new trxe login < > username rom < > word < > balance 3 953 395 68 ywlwxl,unique,replace,not_sms_like_artifact
EXP-SPAM-0218,"New TRXE~Login || www.usdtrxe.com || Username:Rom88 P***word:R66888 Balance:3,953,395.68~~~ AHcwEJ","New TRXE~Login || www.usdtrxe.com || Username:Rom88 P***word:R66888 Balance:3,953,395.68~~~ AHcwEJ","New TRXE~Login || <URL> || Username:Rom88 P***word:R66888 Balance:3,953,395.68~~~ AHcwEJ",phishing_messages_row,smishing,excluded_from_smishing_review,SMS Phishing Dataset,wspr-ncsu/sms-phishing,content_quality_replacement_91k_pool,True,False,False,True,delivery-like suspicious,,,,,,review_sms_likeness,not_sms_like_artifact,False,,98,17,False,new trxe login < > username rom < > word < > balance 3 953 395 68 ahcwej,unique,replace,not_sms_like_artifact
EXP-SPAM-0219,"New TRXE~Login || www.usdtrxe.com || Username:Rom88 P***word:R66888 Balance:3,953,395.68~~~ uUvQGo","New TRXE~Login || www.usdtrxe.com || Username:Rom88 P***word:R66888 Balance:3,953,395.68~~~ uUvQGo","New TRXE~Login || <URL> || Username:Rom88 P***word:R66888 Balance:3,953,395.68~~~ uUvQGo",phishing_messages_row,smishing,excluded_from_smishing_review,SMS Phishing Dataset,wspr-ncsu/sms-phishing,content_quality_replacement_91k_pool,True,False,False,True,generic scam-like or unclear,,,,,,review_sms_likeness,not_sms_like_artifact,False,,98,17,False,new trxe login < > username rom < > word < > balance 3 953 395 68 uuvqgo,unique,replace,not_sms_like_artifact
EXP-SPAM-0222,"New COIN~Login || www.usdtwtrc.com|| Username:Rom88 P***word:R66888 Balance:3,862,587.65 ~~~ acENT","New COIN~Login || www.usdtwtrc.com|| Username:Rom88 P***word:R66888 Balance:3,862,587.65 ~~~ acENT","New COIN~Login || <URL> Username:Rom88 P***word:R66888 Balance:3,862,587.65 ~~~ acENT",phishing_messages_row,smishing,excluded_from_smishing_review,SMS Phishing Dataset,wspr-ncsu/sms-phishing,content_quality_replacement_91k_pool,True,True,False,True,generic scam-like or unclear,,,,,,review_sms_likeness,not_sms_like_artifact,False,,98,17,False,new coin login < > username rom < > word < > balance 3 862 587 65 acent,unique,replace,not_sms_like_artifact
EXP-SPAM-0224,"New COIN~Login || www.usdtwtrc.com|| Username:Rom88 P***word:R66888 Balance:3,862,587.65 ~~~ vNRmu","New COIN~Login || www.usdtwtrc.com|| Username:Rom88 P***word:R66888 Balance:3,862,587.65 ~~~ vNRmu","New COIN~Login || <URL> Username:Rom88 P***word:R66888 Balance:3,862,587.65 ~~~ vNRmu",phishing_messages_row,smishing,excluded_from_smishing_review,SMS Phishing Dataset,wspr-ncsu/sms-phishing,content_quality_replacement_91k_pool,True,True,False,True,generic scam-like or unclear,,,,,,review_sms_likeness,not_sms_like_artifact,False,,98,17,False,new coin login < > username rom < > word < > balance 3 862 587 65 vnrmu,unique,replace,not_sms_like_artifact
EXP-SPAM-0226,"New COIN~Login || www.usdtwtrc.com|| Username:Rom88 P***word:R66888 Balance:3,862,587.65 ~~~ KPswX","New COIN~Login || www.usdtwtrc.com|| Username:Rom88 P***word:R66888 Balance:3,862,587.65 ~~~ KPswX","New COIN~Login || <URL> Username:Rom88 P***word:R66888 Balance:3,862,587.65 ~~~ KPswX",phishing_messages_row,smishing,excluded_from_smishing_review,SMS Phishing Dataset,wspr-ncsu/sms-phishing,content_quality_replacement_91k_pool,True,False,False,True,delivery-like suspicious,,,,,,review_sms_likeness,not_sms_like_artifact,False,,98,17,False,new coin login < > username rom < > word < > balance 3 862 587 65 kpswx,unique,replace,not_sms_like_artifact
EXP-SPAM-0227,"New COIN~Login || www.usdtwtrc.com|| Username:Rom88 P***word:R66888 Balance:3,862,587.65 ~~~ AoTXp","New COIN~Login || www.usdtwtrc.com|| Username:Rom88 P***word:R66888 Balance:3,862,587.65 ~~~ AoTXp","New COIN~Login || <URL> Username:Rom88 P***word:R66888 Balance:3,862,587.65 ~~~ AoTXp",phishing_messages_row,smishing,excluded_from_smishing_review,SMS Phishing Dataset,wspr-ncsu/sms-phishing,content_quality_replacement_91k_pool,True,False,False,True,generic scam-like or unclear,,,,,,review_sms_likeness,not_sms_like_artifact,False,,98,17,False,new coin login < > username rom < > word < > balance 3 862 587 65 aotxp,unique,replace,not_sms_like_artifact
EXP-SPAM-0237,U 2.,U 2.,U 2.,ham,ham,excluded_from_smishing_review,UCI SMS Spam Collection,SMS Spam Collection v.1,public_baseline,False,False,False,False,generic scam-like or unclear,,,,,,fail_too_short,too_short,False,,4,2,False,u 2,unique,replace,too_short
EXP-SPAM-0238,"Update TXRM L0gin || www.usdtrxm.com || Login code: trxn Total: 3,853,40.73ÙŠÐТ =【%%【","Update TXRM L0gin || www.usdtrxm.com || Login code: trxn Total: 3,853,40.73ÙŠÐТ =【%%【","Update TXRM L0gin || <URL> || Login code: trxn Total: 3,853,40.73ÙŠÐТ =【%%【",phishing_messages_row,smishing,excluded_from_smishing_review,SMS Phishing Dataset,wspr-ncsu/sms-phishing,strict_raw_replacement_91k_pool,True,False,False,True,banking/account-like suspicious,,,,,,review_sms_likeness,not_sms_like_artifact,False,,85,14,False,update txrm l0gin < > login < > total 3 853 40 73,unique,replace,not_sms_like_artifact
EXP-SPAM-0242,"New KERC L0gin || www.usdtkerc.com || You Login code: 2p7vy Total 3,880,037.54ÙŠÐТ :)/:}","New KERC L0gin || www.usdtkerc.com || You Login code: 2p7vy Total 3,880,037.54ÙŠÐТ :)/:}","New KERC L0gin || <URL> || You Login code: 2p7vy Total 3,880,037.54ÙŠÐТ :)/:}",phishing_messages_row,smishing,excluded_from_smishing_review,SMS Phishing Dataset,wspr-ncsu/sms-phishing,raw_recovery_91k_pool,True,False,False,True,banking/account-like suspicious,,,,,,review_sms_likeness,not_sms_like_artifact,False,,88,15,False,new kerc l0gin < > you login < > total 3 880 037 54,unique,replace,not_sms_like_artifact
EXP-SPAM-0243,"New TRXM L0gin || www.usdtrxm.com || You Login code: trxn Total: 3,853,40.73ÙŠÐТ [email protected](#-","New TRXM L0gin || www.usdtrxm.com || You Login code: trxn Total: 3,853,40.73ÙŠÐТ [email protected](#-","New TRXM L0gin || <URL> || You Login code: trxn Total: 3,853,40.73ÙŠÐТ [email protected](#-",phishing_messages_row,smishing,excluded_from_smishing_review,SMS Phishing Dataset,wspr-ncsu/sms-phishing,strict_raw_replacement_91k_pool,True,False,False,True,delivery-like suspicious,,,,,,review_sms_likeness,not_sms_like_artifact,False,,101,17,False,new trxm l0gin < > you login < > total 3 853 40 73 email protected,unique,replace,not_sms_like_artifact
EXP-SPAM-0244,"New VTRC L0gin || www.usdtvtrc.com || You Login code: 52889 Total: 3,880,037.54ÙŠÐТ @-]@,","New VTRC L0gin || www.usdtvtrc.com || You Login code: 52889 Total: 3,880,037.54ÙŠÐТ @-]@,","New VTRC L0gin || <URL> || You Login code: <OTP> Total: 3,880,037.54ÙŠÐТ @-]@,",phishing_messages_row,smishing,excluded_from_smishing_review,SMS Phishing Dataset,wspr-ncsu/sms-phishing,raw_recovery_91k_pool,True,False,True,True,banking/account-like suspicious,,,,,,review_sms_likeness,not_sms_like_artifact,False,,89,15,False,new vtrc l0gin < > you login < > total 3 880 037 54,unique,replace,not_sms_like_artifact
EXP-SPAM-0248,Yup,Yup,Yup,ham,ham,excluded_from_smishing_review,UCI SMS Spam Collection,SMS Spam Collection v.1,public_baseline,False,False,False,False,generic scam-like or unclear,,,,,,fail_too_short,too_short,False,,3,1,False,yup,unique,replace,too_short
EXP-SPAM-0252,"New VTRC L0gin || www.usdtvtrc.com || You Login code: 52889 Total: 3,880,037.54ÙŠÐТ [email protected]/(:","New VTRC L0gin || www.usdtvtrc.com || You Login code: 52889 Total: 3,880,037.54ÙŠÐТ [email protected]/(:","New VTRC L0gin || <URL> || You Login code: <OTP> Total: 3,880,037.54ÙŠÐТ [email protected]/(:",phishing_messages_row,smishing,excluded_from_smishing_review,SMS Phishing Dataset,wspr-ncsu/sms-phishing,raw_recovery_91k_pool,True,False,True,True,banking/account-like suspicious,,,,,,review_sms_likeness,not_sms_like_artifact,False,,104,17,False,new vtrc l0gin < > you login < > total 3 880 037 54 email protected,unique,replace,not_sms_like_artifact
EXP-SPAM-0256,"New TRXM L0gin || www.usdtrxm.com || You Login code: trxn Total: 3,937,334.72ÙŠÐТ [**/)","New TRXM L0gin || www.usdtrxm.com || You Login code: trxn Total: 3,937,334.72ÙŠÐТ [**/)","New TRXM L0gin || <URL> || You Login code: trxn Total: 3,937,334.72ÙŠÐТ [**/)",phishing_messages_row,smishing,excluded_from_smishing_review,SMS Phishing Dataset,wspr-ncsu/sms-phishing,raw_recovery_91k_pool,True,False,False,True,banking/account-like suspicious,,,,,,review_sms_likeness,not_sms_like_artifact,False,,87,15,False,new trxm l0gin < > you login < > total 3 937 334 72,unique,replace,not_sms_like_artifact
EXP-SPAM-0257,"New VTRC L0gin || www.usdtvtrc.com || You Login code: 52889 Total:: 3,936,438.26ÙŠÐТ -*【.}","New VTRC L0gin || www.usdtvtrc.com || You Login code: 52889 Total:: 3,936,438.26ÙŠÐТ -*【.}","New VTRC L0gin || <URL> || You Login code: <OTP> Total:: 3,936,438.26ÙŠÐТ -*【.}",phishing_messages_row,smishing,excluded_from_smishing_review,SMS Phishing Dataset,wspr-ncsu/sms-phishing,raw_recovery_91k_pool,True,False,True,True,banking/account-like suspicious,,,,,,review_sms_likeness,not_sms_like_artifact,False,,90,15,False,new vtrc l0gin < > you login < > total 3 936 438 26,unique,replace,not_sms_like_artifact
EXP-SPAM-0259,Hello do you need a part-time job? salary At least 100 - 300 per day. There is no application fee. Simple steps anytime anywhere <LOCATION> phone can operate over <DATE_TIME> If you are interested in this job please contact WhatsApp:+<US_BANK_NUMBER>!,Hello do you need a part-time job? salary At least 100 - 300 per day. There is no application fee. Simple steps anytime anywhere <LOCATION> phone can operate over <DATE_TIME> If you are interested in this job please contact WhatsApp:+<US_BANK_NUMBER>!,,smishing_corpus_row,smishing,public_candidate_spam,Smishing-Dataset-IMC25,reportsmishing/Smishing-Dataset-IMC25,GitHub_dataset,False,True,False,False,banking/account-like suspicious,,,,,,fail_placeholder_raw,placeholder_raw,True,<DATE_TIME>;<LOCATION>;<US_BANK_NUMBER>,251,41,False,hello do you need a part time job salary at least < > per day there is no application fee simple steps anytime anywhere <location> phone can operate over <date time> if you are interested in this job please contact whatsapp <us bank number>,unique,replace,placeholder_raw
EXP-SPAM-0260,"Dear,If you are curious about cryptocurrencies or are investing in them, BlackRock Blockchain Club will provide you with comprehensive guidance from a team of top analysts on a one-to-one basis. Over 1 million members worldwide with 20%-35% <DATE_TIME> earnings! *Click the button to join our group*Join us","Dear,If you are curious about cryptocurrencies or are investing in them, BlackRock Blockchain Club will provide you with comprehensive guidance from a team of top analysts on a one-to-one basis. Over 1 million members worldwide with 20%-35% <DATE_TIME> earnings! *Click the button to join our group*Join us",,smishing_corpus_row,smishing,public_candidate_spam,Smishing-Dataset-IMC25,reportsmishing/Smishing-Dataset-IMC25,GitHub_dataset,False,False,False,True,job/investment offer,,,,,,fail_placeholder_raw,placeholder_raw,True,<DATE_TIME>,306,52,False,dear if you are curious about cryptocurrencies or are investing in them blackrock blockchain club will provide you with comprehensive guidance from a team of top analysts on a one to one basis over 1 million members worldwide with 20 35 <date time> earnings click the button to join our group join us,unique,replace,placeholder_raw
EXP-SPAM-0261,intimate notice: <NAMED_ENTITY> live in the area and is seeking no-strings partners. Review your invite:,intimate notice: <NAMED_ENTITY> live in the area and is seeking no-strings partners. Review your invite:,,smishing_corpus_row,smishing,public_candidate_spam,Smishing-Dataset-IMC25,reportsmishing/Smishing-Dataset-IMC25,GitHub_dataset,False,False,False,True,spam,,,,,,fail_placeholder_raw,placeholder_raw,True,<NAMED_ENTITY>,104,16,False,intimate notice <named entity> live in the area and is seeking no strings partners review your invite,unique,replace,placeholder_raw
EXP-SPAM-0262,"['Hey I hope you enjoyed your weekend!\nWe had you approved for business funding in the past BIG amounts LONG terms LOW rates!\nHow much could your business use <DATE_TIME>?' ""Hi This is <NAMED_ENTITY> with SCS. We're doing 100K paying back 118K over 15 months.\nI can get you funded within <DATE_TIME> Hours.\nWhat's the best email to reach you?"" 'Hey! We had you approved in the past for business funding and our team here has been super aggressive recently!\nWe work quick and can fund your business by tomorrow!\nHow much could your business use <DATE_TIME>??']","['Hey I hope you enjoyed your weekend!\nWe had you approved for business funding in the past BIG amounts LONG terms LOW rates!\nHow much could your business use <DATE_TIME>?' ""Hi This is <NAMED_ENTITY> with SCS. We're doing 100K paying back 118K over 15 months.\nI can get you funded within <DATE_TIME> Hours.\nWhat's the best email to reach you?"" 'Hey! We had you approved in the past for business funding and our team here has been super aggressive recently!\nWe work quick and can fund your business by tomorrow!\nHow much could your business use <DATE_TIME>??']",,smishing_corpus_row,smishing,public_candidate_spam,Smishing-Dataset-IMC25,reportsmishing/Smishing-Dataset-IMC25,GitHub_dataset,False,False,False,True,spam,,,,,,fail_placeholder_raw,placeholder_raw;too_long,True,<DATE_TIME>;<NAMED_ENTITY>,565,99,False,hey i hope you enjoyed your weekend nwe had you approved for business funding in the past big amounts long terms low rates nhow much could your business use <date time> hi this is <named entity> with scs we re doing 100k paying back 118k over 15 months ni can get you funded within <date time> hours nwhat s the best email to reach you hey we had you approved in the past for business funding and our team here has been super aggressive recently nwe work quick and can fund your business by tomorrow nhow much could your business use <date time>,unique,replace,placeholder_raw;too_long
EXP-SPAM-0263,Treat your mother right for any major occasion! <NAMED_ENTITY> Ever Essence skin care is the ❤️ PERFECT choice,Treat your mother right for any major occasion! <NAMED_ENTITY> Ever Essence skin care is the ❤️ PERFECT choice,,smishing_corpus_row,smishing,public_candidate_spam,Smishing-Dataset-IMC25,reportsmishing/Smishing-Dataset-IMC25,GitHub_dataset,False,False,False,False,spam,,,,,,fail_placeholder_raw,placeholder_raw,True,<NAMED_ENTITY>,110,17,False,treat your mother right for any major occasion <named entity> ever essence skin care is the perfect choice,unique,replace,placeholder_raw
EXP-SPAM-0264,"Hello! You made a purchase in our JBStore <DATE_TIME> and by doing this entered our 2020-Draw, and you w0n a gift: <URL>","Hello! You made a purchase in our JBStore <DATE_TIME> and by doing this entered our 2020-Draw, and you w0n a gift: <URL>",,smishing_corpus_row,smishing,public_candidate_spam,Smishing-Dataset-IMC25,reportsmishing/Smishing-Dataset-IMC25,GitHub_dataset,True,False,False,False,reward/prize,,,,,,fail_placeholder_raw,placeholder_raw,True,<DATE_TIME>;<URL>,120,23,False,hello you made a purchase in our jbstore <date time> and by doing this entered our 2020 draw and you w0n a gift <url>,unique,replace,placeholder_raw
EXP-SPAM-0265,"Puffy Mattress: Achieve favorite child status this Mother's Day.

Use code <DATE_TIME> at checkout to enjoy $1,350 in Total Savings for $750 off any mattress + free $600 Luxury Sleep Bundle.

Shop Mother's Day Sale: <URL>

STOP to opt out","Puffy Mattress: Achieve favorite child status this Mother's Day.

Use code <DATE_TIME> at checkout to enjoy $1,350 in Total Savings for $750 off any mattress + free $600 Luxury Sleep Bundle.

Shop Mother's Day Sale: <URL>

STOP to opt out",,smishing_corpus_row,smishing,public_candidate_spam,Smishing-Dataset-IMC25,reportsmishing/Smishing-Dataset-IMC25,GitHub_dataset,True,False,False,True,promotional spam,,,,,,fail_placeholder_raw,placeholder_raw,True,<DATE_TIME>;<URL>,238,42,False,puffy mattress achieve favorite child status this mother s day use code <date time> at checkout to enjoy < > in total savings for < > off any mattress free < > luxury sleep bundle shop mother s day sale <url> stop to opt out,unique,replace,placeholder_raw
EXP-SPAM-0266,DEAR CUSTOMER CONGRATULATIONS IN FLIPKART COMPANY YOUR SECOND LUCKY WINNER TATA NEXON CAR CONTACT FOR=<PHONE_NUMBER> WHATSP <URL>MBER=<PHONE_NUMBER>,DEAR CUSTOMER CONGRATULATIONS IN FLIPKART COMPANY YOUR SECOND LUCKY WINNER TATA NEXON CAR CONTACT FOR=<PHONE_NUMBER> WHATSP <URL>MBER=<PHONE_NUMBER>,,smishing_corpus_row,smishing,public_candidate_spam,Smishing-Dataset-IMC25,reportsmishing/Smishing-Dataset-IMC25,GitHub_dataset,True,True,False,False,reward/prize,,,,,,fail_placeholder_raw,placeholder_raw,True,<PHONE_NUMBER>;<URL>,148,20,False,dear customer congratulations in flipkart company your second lucky winner tata nexon car contact for <phone number> whatsp <url>mber <phone number>,unique,replace,placeholder_raw
EXP-SPAM-0267,"Make 50k or less? You may qualify for fantastic ACA rates, some as low as <DATE_TIME>: <URL> hbb85K","Make 50k or less? You may qualify for fantastic ACA rates, some as low as <DATE_TIME>: <URL> hbb85K",,smishing_corpus_row,smishing,public_candidate_spam,Smishing-Dataset-IMC25,reportsmishing/Smishing-Dataset-IMC25,GitHub_dataset,True,False,False,False,spam,,,,,,fail_placeholder_raw,placeholder_raw,True,<DATE_TIME>;<URL>,99,18,False,make 50k or less you may qualify for fantastic aca rates some as low as <date time> <url> hbb85k,unique,replace,placeholder_raw
EXP-SPAM-0268,Alert: Your deposit cash is about to expire. Use it now to play 60+ Games and win upto Rs. 25 Lakhs. Play Now: <URL>,Alert: Your deposit cash is about to expire. Use it now to play 60+ Games and win upto Rs. 25 Lakhs. Play Now: <URL>,,smishing_corpus_row,smishing,public_candidate_spam,Smishing-Dataset-IMC25,reportsmishing/Smishing-Dataset-IMC25,GitHub_dataset,True,False,False,True,spam,,,,,,fail_placeholder_raw,placeholder_raw,True,<URL>,116,24,False,alert your deposit cash is about to expire use it now to play 60 games and win upto < > lakhs play now <url>,unique,replace,placeholder_raw
EXP-SPAM-0270,$100 Store Credit for Finishing Quick Walmart Survey 🎁 <URL>,$100 Store Credit for Finishing Quick Walmart Survey 🎁 <URL>,,smishing_corpus_row,smishing,public_candidate_spam,Smishing-Dataset-IMC25,reportsmishing/Smishing-Dataset-IMC25,GitHub_dataset,True,False,False,True,spam,,,,,,fail_placeholder_raw,placeholder_raw,True,<URL>,60,9,False,< > store credit for finishing quick walmart survey <url>,unique,replace,placeholder_raw
EXP-SPAM-0271,Congrat Dear sir You have selected 1st Prize TATA SAFARI IN Mega offer <DATE_TIME> club factory company. This Is Valid <DATE_TIME> For Reg.. Contact <PHONE_NUMBER> T&C,Congrat Dear sir You have selected 1st Prize TATA SAFARI IN Mega offer <DATE_TIME> club factory company. This Is Valid <DATE_TIME> For Reg.. Contact <PHONE_NUMBER> T&C,,smishing_corpus_row,smishing,public_candidate_spam,Smishing-Dataset-IMC25,reportsmishing/Smishing-Dataset-IMC25,GitHub_dataset,False,True,False,False,reward/prize,,,,,,fail_placeholder_raw,placeholder_raw,True,<DATE_TIME>;<PHONE_NUMBER>,167,27,False,congrat dear sir you have selected 1st prize tata safari in mega offer <date time> club factory company this is valid <date time> for reg contact <phone number> t c,unique,replace,placeholder_raw
EXP-SPAM-0272,I am a project manager we are recruiting a team can work from home <DATE_TIME> salary: 350-3500 consulting whats: <URL> Reply stop to opt out,I am a project manager we are recruiting a team can work from home <DATE_TIME> salary: 350-3500 consulting whats: <URL> Reply stop to opt out,,smishing_corpus_row,smishing,public_candidate_spam,Smishing-Dataset-IMC25,reportsmishing/Smishing-Dataset-IMC25,GitHub_dataset,True,True,False,False,spam,,,,,,fail_placeholder_raw,placeholder_raw,True,<DATE_TIME>;<URL>,141,26,False,i am a project manager we are recruiting a team can work from home <date time> salary < > consulting whats <url> reply stop to opt out,unique,replace,placeholder_raw
EXP-SPAM-0273,"THIS PHONE NUMBER HAS WON $450,000.00USD IN MEGAPLIER REF#1001, FOR DETAILS CONTACT MR. <NAMED_ENTITY> WITH YOUR NAME, ADDRESS AND NUMBER TO EMAIL: <EMAIL_ADDRESS>","THIS PHONE NUMBER HAS WON $450,000.00USD IN MEGAPLIER REF#1001, FOR DETAILS CONTACT MR. <NAMED_ENTITY> WITH YOUR NAME, ADDRESS AND NUMBER TO EMAIL: <EMAIL_ADDRESS>",,smishing_corpus_row,smishing,public_candidate_spam,Smishing-Dataset-IMC25,reportsmishing/Smishing-Dataset-IMC25,GitHub_dataset,False,False,False,True,reward/prize,,,,,,fail_placeholder_raw,placeholder_raw,True,<EMAIL_ADDRESS>;<NAMED_ENTITY>,163,26,False,this phone number has won < > usd in megaplier ref 1001 for details contact mr <named entity> with your name address and number to email <email address>,unique,replace,placeholder_raw
EXP-SPAM-0274,Hi Rs.5000 Welcome CASH can be yours <DATE_TIME> On <LOCATION> vs PUN Winning Amount- Rs.<US_BANK_NUMBER> (6.70Cr) Entry Fees -Rs.49 Click - <URL>,Hi Rs.5000 Welcome CASH can be yours <DATE_TIME> On <LOCATION> vs PUN Winning Amount- Rs.<US_BANK_NUMBER> (6.70Cr) Entry Fees -Rs.49 Click - <URL>,,smishing_corpus_row,smishing,public_candidate_spam,Smishing-Dataset-IMC25,reportsmishing/Smishing-Dataset-IMC25,GitHub_dataset,True,False,False,True,banking/account-like suspicious,,,,,,fail_placeholder_raw,placeholder_raw,True,<DATE_TIME>;<LOCATION>;<URL>;<US_BANK_NUMBER>,146,25,False,hi < > welcome cash can be yours <date time> on <location> vs pun winning amount rs <us bank number> 6 70cr entry fees < > click <url>,unique,replace,placeholder_raw
EXP-SPAM-0275,"Hi!!
Everyone in <LOCATION> is switching over to The Right Stuff because apps like <NAMED_ENTITY> and <NAMED_ENTITY> are stealing your money and leaving you with no matches. Download the fastest growing dating app in <LOCATION> <DATE_TIME>!!","Hi!!
Everyone in <LOCATION> is switching over to The Right Stuff because apps like <NAMED_ENTITY> and <NAMED_ENTITY> are stealing your money and leaving you with no matches. Download the fastest growing dating app in <LOCATION> <DATE_TIME>!!",,smishing_corpus_row,smishing,public_candidate_spam,Smishing-Dataset-IMC25,reportsmishing/Smishing-Dataset-IMC25,GitHub_dataset,False,False,False,False,adult/chat promo,,,,,,fail_placeholder_raw,placeholder_raw,True,<DATE_TIME>;<LOCATION>;<NAMED_ENTITY>,241,36,False,hi everyone in <location> is switching over to the right stuff because apps like <named entity> and <named entity> are stealing your money and leaving you with no matches download the fastest growing dating app in <location> <date time>,unique,replace,placeholder_raw
EXP-SPAM-0276,"Home Depot Study, Get Paid <DATE_TIME>","Home Depot Study, Get Paid <DATE_TIME>",,smishing_corpus_row,smishing,public_candidate_spam,Smishing-Dataset-IMC25,reportsmishing/Smishing-Dataset-IMC25,GitHub_dataset,False,False,False,False,spam,,,,,,fail_placeholder_raw,placeholder_raw,True,<DATE_TIME>,38,6,False,home depot study get paid <date time>,unique,replace,placeholder_raw
EXP-SPAM-0277,CONGRATULATIONS! From SAFARI-COM LIPA NA M-PESA PROMOTION! You have won <URL> claim your prize kindly call H/Office <PHONE_NUMBER> NO PAYMENT!,CONGRATULATIONS! From SAFARI-COM LIPA NA M-PESA PROMOTION! You have won <URL> claim your prize kindly call H/Office <PHONE_NUMBER> NO PAYMENT!,,smishing_corpus_row,smishing,public_candidate_spam,Smishing-Dataset-IMC25,reportsmishing/Smishing-Dataset-IMC25,GitHub_dataset,True,True,False,False,reward/prize,,,,,,fail_placeholder_raw,placeholder_raw,True,<PHONE_NUMBER>;<URL>,142,23,False,congratulations from safari com lipa na m pesa promotion you have won <url> claim your prize kindly call h office <phone number> no payment,unique,replace,placeholder_raw
EXP-SPAM-0280,Ms You have passed our review wage is <DATE_TIME><URL> InvNoDtforINRdipswithSELFRegardsMANGALPHARMACARELLP,Ms You have passed our review wage is <DATE_TIME><URL> InvNoDtforINRdipswithSELFRegardsMANGALPHARMACARELLP,,smishing_corpus_row,smishing,public_candidate_spam,Smishing-Dataset-IMC25,reportsmishing/Smishing-Dataset-IMC25,GitHub_dataset,True,False,False,False,spam,,,,,,fail_placeholder_raw,placeholder_raw,True,<DATE_TIME>;<URL>,106,11,False,ms you have passed our review wage is <date time><url> invnodtforinrdipswithselfregardsmangalpharmacarellp,unique,replace,placeholder_raw
EXP-SPAM-0281,Congratulations you are winner of MEESHO company online shopping you win lucky prize TATA SAFARI XE and amount Rs <US_DRIVER_LICENSE>.00 Registration service charges Rs Pay TR PAPER Charges Pay. Details contact for you helpline no <PHONE_NUMBER> website Rp LUC,Congratulations you are winner of MEESHO company online shopping you win lucky prize TATA SAFARI XE and amount Rs <US_DRIVER_LICENSE>.00 Registration service charges Rs Pay TR PAPER Charges Pay. Details contact for you helpline no <PHONE_NUMBER> website Rp LUC,,smishing_corpus_row,smishing,public_candidate_spam,Smishing-Dataset-IMC25,reportsmishing/Smishing-Dataset-IMC25,GitHub_dataset,False,True,False,True,reward/prize,,,,,,fail_placeholder_raw,placeholder_raw,True,<PHONE_NUMBER>;<US_DRIVER_LICENSE>,260,40,False,congratulations you are winner of meesho company online shopping you win lucky prize tata safari xe and amount rs <us driver license> 00 registration service charges rs pay tr paper charges pay details contact for you helpline no <phone number> website rp luc,unique,replace,placeholder_raw
EXP-SPAM-0282,Limit-ed TIME Only! <URL> 50 % Daily UNLI D.e.p.o.s.i.t B.o.n.u.s! the upper limit of a single b.o.n.u.s is 10000PHP,Limit-ed TIME Only! <URL> 50 % Daily UNLI D.e.p.o.s.i.t B.o.n.u.s! the upper limit of a single b.o.n.u.s is 10000PHP,,smishing_corpus_row,smishing,public_candidate_spam,Smishing-Dataset-IMC25,reportsmishing/Smishing-Dataset-IMC25,GitHub_dataset,True,False,False,True,spam,,,,,,fail_placeholder_raw,placeholder_raw,True,<URL>,116,33,False,limit ed time only <url> 50 daily unli d e p o s i t b o n u s the upper limit of a single b o n u s is < >,unique,replace,placeholder_raw
EXP-SPAM-0283,"Costco: <NAMED_ENTITY>, the  code 42003 printed on your receipt from 10 came in 2nd in our Airpods draw: <URL>","Costco: <NAMED_ENTITY>, the  code 42003 printed on your receipt from 10 came in 2nd in our Airpods draw: <URL>",,smishing_corpus_row,smishing,public_candidate_spam,Smishing-Dataset-IMC25,reportsmishing/Smishing-Dataset-IMC25,GitHub_dataset,True,False,True,False,spam,,,,,,fail_placeholder_raw,placeholder_raw,True,<NAMED_ENTITY>;<URL>,110,19,False,costco <named entity> the < > printed on your receipt from 10 came in 2nd in our airpods draw <url>,unique,replace,placeholder_raw
EXP-SPAM-0284,CASH BTST : BUY 10000 SHARES EJECTA MARKETING LTD (<US_DRIVER_LICENSE>) CMP RS 61.50 BTST TGT Rs 62.80 SL Rs 59. LONG TERM TGT Rs 120+ BUY IN BULK,CASH BTST : BUY 10000 SHARES EJECTA MARKETING LTD (<US_DRIVER_LICENSE>) CMP RS 61.50 BTST TGT Rs 62.80 SL Rs 59. LONG TERM TGT Rs 120+ BUY IN BULK,,smishing_corpus_row,smishing,public_candidate_spam,Smishing-Dataset-IMC25,reportsmishing/Smishing-Dataset-IMC25,GitHub_dataset,False,False,False,True,spam,,,,,,fail_placeholder_raw,placeholder_raw,True,<US_DRIVER_LICENSE>,146,29,False,cash btst buy 10000 shares ejecta marketing ltd <us driver license> cmp < > btst tgt < > sl < > long term tgt < > buy in bulk,unique,replace,placeholder_raw
EXP-SPAM-0285,"New, Lower Prices on all your favorite products + Free Gift on all orders

Click the link to see all new pricing
<URL>
Text STOP to unsubscribe.","New, Lower Prices on all your favorite products + Free Gift on all orders

Click the link to see all new pricing
<URL>
Text STOP to unsubscribe.",,smishing_corpus_row,smishing,public_candidate_spam,Smishing-Dataset-IMC25,reportsmishing/Smishing-Dataset-IMC25,GitHub_dataset,True,False,False,True,reward/prize,,,,,,fail_placeholder_raw,placeholder_raw,True,<URL>,144,26,False,new lower prices on all your favorite products free gift on all orders click the link to see all new pricing <url> text stop to unsubscribe,unique,replace,placeholder_raw
EXP-SPAM-0286,Do you want to make money? There is a part-time job which can be operated on a mobile phone at home and you can earn 200-300 rupees per day for <DATE_TIME> a day waiting for you to join. Reply 1 along with the link to join us asap. Hi who is this?,Do you want to make money? There is a part-time job which can be operated on a mobile phone at home and you can earn 200-300 rupees per day for <DATE_TIME> a day waiting for you to join. Reply 1 along with the link to join us asap. Hi who is this?,,smishing_corpus_row,smishing,public_candidate_spam,Smishing-Dataset-IMC25,reportsmishing/Smishing-Dataset-IMC25,GitHub_dataset,False,False,False,False,job/investment offer,,,,,,fail_placeholder_raw,placeholder_raw,True,<DATE_TIME>,247,54,False,do you want to make money there is a part time job which can be operated on a mobile phone at home and you can earn 200 300 rupees per day for <date time> a day waiting for you to join reply 1 along with the link to join us asap hi who is this,unique,replace,placeholder_raw
EXP-SPAM-0287,[Fansthese] NFL New 3D Hoodie You will Love! 50% OFF for <DATE_TIME>! Click here to get yours: <URL> (Type STOP to QUIT),[Fansthese] NFL New 3D Hoodie You will Love! 50% OFF for <DATE_TIME>! Click here to get yours: <URL> (Type STOP to QUIT),,smishing_corpus_row,smishing,public_candidate_spam,Smishing-Dataset-IMC25,reportsmishing/Smishing-Dataset-IMC25,GitHub_dataset,True,False,False,True,spam,,,,,,fail_placeholder_raw,placeholder_raw,True,<DATE_TIME>;<URL>,120,22,False,fansthese nfl new 3d hoodie you will love 50 off for <date time> click here to get yours <url> type stop to quit,unique,replace,placeholder_raw
EXP-SPAM-0288,"Your invoice for <DATE_TIME> is received. Thank you, here's our tiny reward for u: <URL>","Your invoice for <DATE_TIME> is received. Thank you, here's our tiny reward for u: <URL>",,smishing_corpus_row,smishing,public_candidate_spam,Smishing-Dataset-IMC25,reportsmishing/Smishing-Dataset-IMC25,GitHub_dataset,True,False,False,False,reward/prize,,,,,,fail_placeholder_raw,placeholder_raw,True,<DATE_TIME>;<URL>,88,16,False,your invoice for <date time> is received thank you here s our tiny reward for u <url>,unique,replace,placeholder_raw
EXP-SPAM-0289,"Hi All, bigbasket – <LOCATION>'s leading online supermarket, brings to Bbdaily at your doorstep .

Contact before downloading app- name- <NAMED_ENTITY> contact <PHONE_NUMBER>)

🏃 old customer new number offers

🏃 new customer new number offers

We have some extra offers <DATE_TIME>..
Bbdaily is a new subscription service, where we get daily delivery between 5AM to 7.00AM. 🏃

🏃 You can subscribe now.","Hi All, bigbasket – <LOCATION>'s leading online supermarket, brings to Bbdaily at your doorstep .

Contact before downloading app- name- <NAMED_ENTITY> contact <PHONE_NUMBER>)

🏃 old customer new number offers

🏃 new customer new number offers

We have some extra offers <DATE_TIME>..
Bbdaily is a new subscription service, where we get daily delivery between 5AM to 7.00AM. 🏃

🏃 You can subscribe now.",,smishing_corpus_row,smishing,public_candidate_spam,Smishing-Dataset-IMC25,reportsmishing/Smishing-Dataset-IMC25,GitHub_dataset,False,True,False,True,delivery-like suspicious,,,,,,fail_placeholder_raw,placeholder_raw;too_long,True,<DATE_TIME>;<LOCATION>;<NAMED_ENTITY>;<PHONE_NUMBER>,402,58,False,hi all bigbasket <location> s leading online supermarket brings to bbdaily at your doorstep contact before downloading app name <named entity> contact <phone number> old customer new number offers new customer new number offers we have some extra offers <date time> bbdaily is a new subscription service where we get daily delivery between 5am to 7 00am you can subscribe now,unique,replace,placeholder_raw;too_long
EXP-SPAM-0290,"CIEE Study Abroad is getting a glow-up in <LOCATION>! In <DATE_TIME>, you can study in <LOCATION>, <LOCATION>, <LOCATION>, <LOCATION>, and more. Apply for one of these cities, and you'll get a guaranteed flight voucher worth up to $1,500! Learn more: <URL>","CIEE Study Abroad is getting a glow-up in <LOCATION>! In <DATE_TIME>, you can study in <LOCATION>, <LOCATION>, <LOCATION>, <LOCATION>, and more. Apply for one of these cities, and you'll get a guaranteed flight voucher worth up to $1,500! Learn more: <URL>",,smishing_corpus_row,smishing,public_candidate_spam,Smishing-Dataset-IMC25,reportsmishing/Smishing-Dataset-IMC25,GitHub_dataset,True,False,False,True,reward/prize,,,,,,fail_placeholder_raw,placeholder_raw,True,<DATE_TIME>;<LOCATION>;<URL>,256,44,False,ciee study abroad is getting a glow up in <location> in <date time> you can study in <location> <location> <location> <location> and more apply for one of these cities and you ll get a guaranteed flight voucher worth up to < > learn more <url>,unique,replace,placeholder_raw
EXP-SPAM-0291,Alert!!:Your Mobile No is Selected as winner of £<US_DRIVER_LICENSE> on Coke Promo. Go to <URL> to claim. enter Ref: AU66725372 .helpline: <EMAIL_ADDRESS>,Alert!!:Your Mobile No is Selected as winner of £<US_DRIVER_LICENSE> on Coke Promo. Go to <URL> to claim. enter Ref: AU66725372 .helpline: <EMAIL_ADDRESS>,,smishing_corpus_row,smishing,public_candidate_spam,Smishing-Dataset-IMC25,reportsmishing/Smishing-Dataset-IMC25,GitHub_dataset,True,True,False,True,reward/prize,,,,,,fail_placeholder_raw,placeholder_raw,True,<EMAIL_ADDRESS>;<URL>;<US_DRIVER_LICENSE>,154,23,False,alert your mobile no is selected as winner of <us driver license> on coke promo go to <url> to claim enter ref au < > helpline <email address>,unique,replace,placeholder_raw
EXP-SPAM-0292,YOUR YOUR NUMBER HAVE W0N 3CRORE 65LAKH IN COCA-COLA PROM0 FOR CLAIMS SEND YOUR NAME/AGE/ADD/NUMBERS/S*X/OCCPTN/EMAIL TO:<EMAIL_ADDRESS>,YOUR YOUR NUMBER HAVE W0N 3CRORE 65LAKH IN COCA-COLA PROM0 FOR CLAIMS SEND YOUR NAME/AGE/ADD/NUMBERS/S*X/OCCPTN/EMAIL TO:<EMAIL_ADDRESS>,,smishing_corpus_row,smishing,public_candidate_spam,Smishing-Dataset-IMC25,reportsmishing/Smishing-Dataset-IMC25,GitHub_dataset,False,False,False,True,reward/prize,,,,,,fail_placeholder_raw,placeholder_raw,True,<EMAIL_ADDRESS>,136,25,False,your your number have w0n 3crore 65lakh in coca cola prom0 for claims send your name age add numbers s x occptn email to <email address>,unique,replace,placeholder_raw
EXP-SPAM-0293,"Puffy Mattress: Splurge on award-winning design & comfort with $1,350 in Total Savings for the best sleep ever.

Use code SAVE1350 at checkout for $750 off any mattress + free $600 Luxury Sleep Bundle.

Shop Now: <URL>
STOP to opt out","Puffy Mattress: Splurge on award-winning design & comfort with $1,350 in Total Savings for the best sleep ever.

Use code SAVE1350 at checkout for $750 off any mattress + free $600 Luxury Sleep Bundle.

Shop Now: <URL>
STOP to opt out",,smishing_corpus_row,smishing,public_candidate_spam,Smishing-Dataset-IMC25,reportsmishing/Smishing-Dataset-IMC25,GitHub_dataset,True,False,True,True,promotional spam,,,,,,fail_placeholder_raw,placeholder_raw,True,<URL>,234,41,False,puffy mattress splurge on award winning design comfort with < > in total savings for the best sleep ever use < > at checkout for < > off any mattress free < > luxury sleep bundle shop now <url> stop to opt out,unique,replace,placeholder_raw
EXP-SPAM-0294,"It's <NAMED_ENTITY> with <URL>
Top funders: Elder for Gov21 & <NAMED_ENTITY>
STOP to opt-out
FIND WHERE TO VOTE YES TODAY @ <URL>","It's <NAMED_ENTITY> with <URL>
Top funders: Elder for Gov21 & <NAMED_ENTITY>
STOP to opt-out
FIND WHERE TO VOTE YES TODAY @ <URL>",,smishing_corpus_row,smishing,public_candidate_spam,Smishing-Dataset-IMC25,reportsmishing/Smishing-Dataset-IMC25,GitHub_dataset,True,False,False,True,spam,,,,,,fail_placeholder_raw,placeholder_raw,True,<NAMED_ENTITY>;<URL>,129,22,False,it s <named entity> with <url> top funders elder for gov21 <named entity> stop to opt out find where to vote yes today <url>,unique,replace,placeholder_raw
EXP-SPAM-0295,"Hi Jake, Last chance to get 40% off your purchase. Valid until <DATE_TIME>. Claim your discount here:","Hi Jake, Last chance to get 40% off your purchase. Valid until <DATE_TIME>. Claim your discount here:",,smishing_corpus_row,smishing,public_candidate_spam,Smishing-Dataset-IMC25,reportsmishing/Smishing-Dataset-IMC25,GitHub_dataset,False,False,False,False,reward/prize,,,,,,fail_placeholder_raw,placeholder_raw,True,<DATE_TIME>,101,17,False,hi jake last chance to get 40 off your purchase valid until <date time> claim your discount here,unique,replace,placeholder_raw
EXP-SPAM-0296,Congratulations! <NAMED_ENTITY> has been activated at Rs.49. Enjoy Content from <NAMED_ENTITY> Klikk & 2 other apps till <DATE_TIME>. WATCHO,Congratulations! <NAMED_ENTITY> has been activated at Rs.49. Enjoy Content from <NAMED_ENTITY> Klikk & 2 other apps till <DATE_TIME>. WATCHO,,smishing_corpus_row,smishing,public_candidate_spam,Smishing-Dataset-IMC25,reportsmishing/Smishing-Dataset-IMC25,GitHub_dataset,False,False,False,True,spam,,,,,,fail_placeholder_raw,placeholder_raw,True,<DATE_TIME>;<NAMED_ENTITY>,140,19,False,congratulations <named entity> has been activated at < > enjoy content from <named entity> klikk 2 other apps till <date time> watcho,unique,replace,placeholder_raw
EXP-SPAM-0297,We miss you here at DA VIEN COFFEE! You get 20% off any drink purchase on your next visit. Reply YES to save. Exp <DATE_TIME>. Note: <NAMED_ENTITY> msgs will now be sent from this number. txt OFF to stop,We miss you here at DA VIEN COFFEE! You get 20% off any drink purchase on your next visit. Reply YES to save. Exp <DATE_TIME>. Note: <NAMED_ENTITY> msgs will now be sent from this number. txt OFF to stop,,smishing_corpus_row,smishing,public_candidate_spam,Smishing-Dataset-IMC25,reportsmishing/Smishing-Dataset-IMC25,GitHub_dataset,False,False,False,False,telecom promo,,,,,,fail_placeholder_raw,placeholder_raw,True,<DATE_TIME>;<NAMED_ENTITY>,203,39,False,we miss you here at da vien coffee you get 20 off any drink purchase on your next visit reply yes to save exp <date time> note <named entity> msgs will now be sent from this number txt off to stop,unique,replace,placeholder_raw
EXP-SPAM-0298,"Hi Thapan, CORONA SALE: FLAT 90% OFF on Rado, Rolex, Tissot LUXURY WATCHES, Bags & more. HURRY!
Visit: <URL>
OPT Out MissCall 73988XXXX207","Hi Thapan, CORONA SALE: FLAT 90% OFF on Rado, Rolex, Tissot LUXURY WATCHES, Bags & more. HURRY!
Visit: <URL>
OPT Out MissCall 73988XXXX207",,smishing_corpus_row,smishing,public_candidate_spam,Smishing-Dataset-IMC25,reportsmishing/Smishing-Dataset-IMC25,GitHub_dataset,True,False,False,False,adult/chat promo,,,,,,fail_placeholder_raw,placeholder_raw,True,<URL>,138,22,False,hi thapan corona sale flat 90 off on rado rolex tissot luxury watches bags more hurry visit <url> opt out misscall 73988xxxx207,unique,replace,placeholder_raw
EXP-SPAM-0300,"Wanna netflix and chill?
Don't weather the storm <DATE_TIME> alone. Download The Right Stuff now!","Wanna netflix and chill?
Don't weather the storm <DATE_TIME> alone. Download The Right Stuff now!",,smishing_corpus_row,smishing,public_candidate_spam,Smishing-Dataset-IMC25,reportsmishing/Smishing-Dataset-IMC25,GitHub_dataset,False,False,False,False,spam,,,,,,fail_placeholder_raw,placeholder_raw,True,<DATE_TIME>,97,16,False,wanna netflix and chill don t weather the storm <date time> alone download the right stuff now,unique,replace,placeholder_raw
EXP-SPAM-0301,did you know <NAMED_ENTITY> takes this to control her weight. <NAMED_ENTITY>,did you know <NAMED_ENTITY> takes this to control her weight. <NAMED_ENTITY>,,smishing_corpus_row,smishing,public_candidate_spam,Smishing-Dataset-IMC25,reportsmishing/Smishing-Dataset-IMC25,GitHub_dataset,False,False,False,False,spam,,,,,,fail_placeholder_raw,placeholder_raw,True,<NAMED_ENTITY>,76,11,False,did you know <named entity> takes this to control her weight <named entity>,unique,replace,placeholder_raw
EXP-SPAM-0302,Ran based on your report we can offer full coverage auto for <DATE_TIME> <URL> or text end,Ran based on your report we can offer full coverage auto for <DATE_TIME> <URL> or text end,,smishing_corpus_row,smishing,public_candidate_spam,Smishing-Dataset-IMC25,reportsmishing/Smishing-Dataset-IMC25,GitHub_dataset,True,False,False,False,promotional spam,,,,,,fail_placeholder_raw,placeholder_raw,True,<DATE_TIME>;<URL>,90,17,False,ran based on your report we can offer full coverage auto for <date time> <url> or text end,unique,replace,placeholder_raw
EXP-SPAM-0303,"Enjoy Rs.100 OFF, in addition to Rs.500 OFF on ZEE5 Premium Annual Pack! Renew NOW @ Rs.399 ONLY. <NAMED_ENTITY>!","Enjoy Rs.100 OFF, in addition to Rs.500 OFF on ZEE5 Premium Annual Pack! Renew NOW @ Rs.399 ONLY. <NAMED_ENTITY>!",,smishing_corpus_row,smishing,public_candidate_spam,Smishing-Dataset-IMC25,reportsmishing/Smishing-Dataset-IMC25,GitHub_dataset,False,False,False,True,spam,,,,,,fail_placeholder_raw,placeholder_raw,True,<NAMED_ENTITY>,113,21,False,enjoy < > off in addition to < > off on zee < > remium annual pack renew now < > only <named entity>,unique,replace,placeholder_raw
EXP-SPAM-0304,<NAMED_ENTITY> had a Heart Attack!😱 Read <URL>,<NAMED_ENTITY> had a Heart Attack!😱 Read <URL>,,smishing_corpus_row,smishing,public_candidate_spam,Smishing-Dataset-IMC25,reportsmishing/Smishing-Dataset-IMC25,GitHub_dataset,True,False,False,False,spam,,,,,,fail_placeholder_raw,placeholder_raw,True,<NAMED_ENTITY>;<URL>,46,7,False,<named entity> had a heart attack read <url>,unique,replace,placeholder_raw
EXP-SPAM-0305,Congratulations <NAMED_ENTITY>. We appreciate your wonderful feedback. Whenever we claim that increment is guaranteed we mean it. There's no risk or loss in the services we offer. Get yours boosted <DATE_TIME>. Message admin using the link below.,Congratulations <NAMED_ENTITY>. We appreciate your wonderful feedback. Whenever we claim that increment is guaranteed we mean it. There's no risk or loss in the services we offer. Get yours boosted <DATE_TIME>. Message admin using the link below.,,smishing_corpus_row,smishing,public_candidate_spam,Smishing-Dataset-IMC25,reportsmishing/Smishing-Dataset-IMC25,GitHub_dataset,False,False,False,True,reward/prize,,,,,,fail_placeholder_raw,placeholder_raw,True,<DATE_TIME>;<NAMED_ENTITY>,246,38,False,congratulations <named entity> we appreciate your wonderful feedback whenever we claim that increment is guaranteed we mean it there s no risk or loss in the services we offer get yours boosted <date time> message admin using the link below,unique,replace,placeholder_raw
EXP-SPAM-0306,Tmo-bi1: Please note here is your Holiday little surprise gift to convey our reciprocal loyalty for your outstanding payment history. Let's have <DATE_TIME>: <URL>,Tmo-bi1: Please note here is your Holiday little surprise gift to convey our reciprocal loyalty for your outstanding payment history. Let's have <DATE_TIME>: <URL>,,smishing_corpus_row,smishing,public_candidate_spam,Smishing-Dataset-IMC25,reportsmishing/Smishing-Dataset-IMC25,GitHub_dataset,True,False,False,False,reward/prize,,,,,,fail_placeholder_raw,placeholder_raw,True,<DATE_TIME>;<URL>,163,26,False,tmo bi1 please note here is your holiday little surprise gift to convey our reciprocal loyalty for your outstanding payment history let s have <date time> <url>,unique,replace,placeholder_raw
EXP-SPAM-0307,"Congratulations Dear Customer You have Won The Prize of 25,00,000/- By KBC JIO, Department Please Collect Your Prize Urgently By Follow The Company Rules and Regulations,
Lucky Draw Holder Name
Mr <NAMED_ENTITY>
Lottery No 0786UK","Congratulations Dear Customer You have Won The Prize of 25,00,000/- By KBC JIO, Department Please Collect Your Prize Urgently By Follow The Company Rules and Regulations,
Lucky Draw Holder Name
Mr <NAMED_ENTITY>
Lottery No 0786UK",,smishing_corpus_row,smishing,public_candidate_spam,Smishing-Dataset-IMC25,reportsmishing/Smishing-Dataset-IMC25,GitHub_dataset,False,False,False,False,reward/prize,,,,,,fail_placeholder_raw,placeholder_raw,True,<NAMED_ENTITY>,229,37,False,congratulations dear customer you have won the prize of 25 00 000 by kbc jio department please collect your prize urgently by follow the company rules and regulations lucky draw holder name mr <named entity> lottery no < >,unique,replace,placeholder_raw
EXP-SPAM-0308,", need extra working capital? We've got you! Get approved & funds in <DATE_TIME>!
Click to apply https://tinyurl.llc/FAtW7F STOP to end",", need extra working capital? We've got you! Get approved & funds in <DATE_TIME>!
Click to apply https://tinyurl.llc/FAtW7F STOP to end",,smishing_corpus_row,smishing,public_candidate_spam,Smishing-Dataset-IMC25,reportsmishing/Smishing-Dataset-IMC25,GitHub_dataset,True,False,False,False,spam,,,,,,fail_placeholder_raw,placeholder_raw,True,<DATE_TIME>,135,23,False,need extra working capital we ve got you get approved funds in <date time> click to apply < > stop to end,unique,replace,placeholder_raw
EXP-SPAM-0309,Every one throughout are confidentially speaking regarding <NAMED_ENTITY> sugar-coated original Gummies.(TVNVLWSUQX197),Every one throughout are confidentially speaking regarding <NAMED_ENTITY> sugar-coated original Gummies.(TVNVLWSUQX197),,smishing_corpus_row,smishing,public_candidate_spam,Smishing-Dataset-IMC25,reportsmishing/Smishing-Dataset-IMC25,GitHub_dataset,False,False,False,False,spam,,,,,,fail_placeholder_raw,placeholder_raw,True,<NAMED_ENTITY>,119,13,False,every one throughout are confidentially speaking regarding <named entity> sugar coated original gummies tvnvlwsuqx197,unique,replace,placeholder_raw
EXP-SPAM-0310,VEVOR: Don't miss our must-buy list! <DATE_TIME> updated with the best promotions and offers! Hurry!>> <URL> Reply STOP to stop,VEVOR: Don't miss our must-buy list! <DATE_TIME> updated with the best promotions and offers! Hurry!>> <URL> Reply STOP to stop,,smishing_corpus_row,smishing,public_candidate_spam,Smishing-Dataset-IMC25,reportsmishing/Smishing-Dataset-IMC25,GitHub_dataset,True,False,False,True,promotional spam,,,,,,fail_placeholder_raw,placeholder_raw,True,<DATE_TIME>;<URL>,127,22,False,vevor don t miss our must buy list <date time> updated with the best promotions and offers hurry >> <url> reply stop to stop,unique,replace,placeholder_raw
EXP-SPAM-0311,"Avoid the woke bullshit. Get on The Right Stuff, the fastest growing dating app in <LOCATION>. <URL> Reply STOP to cancel","Avoid the woke bullshit. Get on The Right Stuff, the fastest growing dating app in <LOCATION>. <URL> Reply STOP to cancel",,smishing_corpus_row,smishing,public_candidate_spam,Smishing-Dataset-IMC25,reportsmishing/Smishing-Dataset-IMC25,GitHub_dataset,True,False,False,False,adult/chat promo,,,,,,fail_placeholder_raw,placeholder_raw,True,<LOCATION>;<URL>,121,21,False,avoid the woke bullshit get on the right stuff the fastest growing dating app in <location> <url> reply stop to cancel,unique,replace,placeholder_raw
EXP-SPAM-0312,"22.7 million big <LOCATION>!
At least 34 chances to win in one game!
Replace your bicycle with a BMW
-PAGCOR Licensed-","22.7 million big <LOCATION>!
At least 34 chances to win in one game!
Replace your bicycle with a BMW
-PAGCOR Licensed-",,smishing_corpus_row,smishing,public_candidate_spam,Smishing-Dataset-IMC25,reportsmishing/Smishing-Dataset-IMC25,GitHub_dataset,False,False,False,False,spam,,,,,,fail_placeholder_raw,placeholder_raw,True,<LOCATION>,118,22,False,22 7 million big <location> at least 34 chances to win in one game replace your bicycle with a bmw pagcor licensed,unique,replace,placeholder_raw
EXP-SPAM-0313,"place our Add on your vehicle & paid seven hundred dollars wkly,
for more details ? hit 👉 <URL>","place our Add on your vehicle & paid seven hundred dollars wkly,
for more details ? hit 👉 <URL>",,smishing_corpus_row,smishing,public_candidate_spam,Smishing-Dataset-IMC25,reportsmishing/Smishing-Dataset-IMC25,GitHub_dataset,True,False,False,True,spam,,,,,,fail_placeholder_raw,placeholder_raw,True,<URL>,95,16,False,place our add on your vehicle paid seven hundred dollars wkly for more details hit <url>,unique,replace,placeholder_raw
EXP-SPAM-0314,AT&T <DATE_TIME> Give-away Winner Line : <PHONE_NUMBER>. Model: Iphone 14 Color: Purple /512<LOCATION>,AT&T <DATE_TIME> Give-away Winner Line : <PHONE_NUMBER>. Model: Iphone 14 Color: Purple /512<LOCATION>,,smishing_corpus_row,smishing,public_candidate_spam,Smishing-Dataset-IMC25,reportsmishing/Smishing-Dataset-IMC25,GitHub_dataset,False,True,False,False,reward/prize,,,,,,fail_placeholder_raw,placeholder_raw,True,<DATE_TIME>;<LOCATION>;<PHONE_NUMBER>,102,15,False,at t <date time> give away winner line <phone number> model iphone 14 color purple 512<location>,unique,replace,placeholder_raw
EXP-SPAM-0315,"Cloud mining platform: <URL>
Copy the website browser and open the registration to get $100 for free, which will be credited to the account in <DATE_TIME>. Participating in cloud mining can earn around $300-800 per day. Permanent income is guaranteed and risk-free! Invite your friends to join and get great rewards","Cloud mining platform: <URL>
Copy the website browser and open the registration to get $100 for free, which will be credited to the account in <DATE_TIME>. Participating in cloud mining can earn around $300-800 per day. Permanent income is guaranteed and risk-free! Invite your friends to join and get great rewards",,smishing_corpus_row,smishing,public_candidate_spam,Smishing-Dataset-IMC25,reportsmishing/Smishing-Dataset-IMC25,GitHub_dataset,True,False,False,True,banking/account-like suspicious,,,,,,fail_placeholder_raw,placeholder_raw,True,<DATE_TIME>;<URL>,315,53,False,cloud mining platform <url> copy the website browser and open the registration to get < > for free which will be credited to the account in <date time> participating in cloud mining can earn around < > < > er day permanent income is guaranteed and risk free invite your friends to join and get great rewards,unique,replace,placeholder_raw
EXP-SPAM-0316,"T-Mobile Deals / Congrats! Grab a chance to win prizes worth up to 100 usd, Enter Here >> <URL>","T-Mobile Deals / Congrats! Grab a chance to win prizes worth up to 100 usd, Enter Here >> <URL>",,smishing_corpus_row,smishing,public_candidate_spam,Smishing-Dataset-IMC25,reportsmishing/Smishing-Dataset-IMC25,GitHub_dataset,True,False,False,True,reward/prize,,,,,,fail_placeholder_raw,placeholder_raw,True,<URL>,95,18,False,t mobile deals congrats grab a chance to win prizes worth up to < > enter here >> <url>,unique,replace,placeholder_raw
EXP-SPAM-0317,Morrisons' <DATE_TIME> Draw results have been released <DATE_TIME>. Your Shopper ID (MRS02275) came 3rd in our list: <URL>,Morrisons' <DATE_TIME> Draw results have been released <DATE_TIME>. Your Shopper ID (MRS02275) came 3rd in our list: <URL>,,smishing_corpus_row,smishing,public_candidate_spam,Smishing-Dataset-IMC25,reportsmishing/Smishing-Dataset-IMC25,GitHub_dataset,True,False,False,True,spam,,,,,,fail_placeholder_raw,placeholder_raw,True,<DATE_TIME>;<URL>,122,18,False,morrisons <date time> draw results have been released <date time> your shopper id < > came 3rd in our list <url>,unique,replace,placeholder_raw
EXP-SPAM-0318,Thanks for your interest in ITC <URL>r one time 5 digit code is <DATE_TIME>. Click <URL> to opt out from the messaging list.,Thanks for your interest in ITC <URL>r one time 5 digit code is <DATE_TIME>. Click <URL> to opt out from the messaging list.,,smishing_corpus_row,smishing,public_candidate_spam,Smishing-Dataset-IMC25,reportsmishing/Smishing-Dataset-IMC25,GitHub_dataset,True,False,False,False,spam,,,,,,fail_placeholder_raw,placeholder_raw,True,<DATE_TIME>;<URL>,124,24,False,thanks for your interest in itc <url>r one time 5 digit code is <date time> click <url> to opt out from the messaging list,unique,replace,placeholder_raw
EXP-SPAM-0319,CONGRATULATIONS! From SAFARICOM LIPA NA M-PESA PROMOTION! You have won <URL> claim your prizekindly call H/Office <PHONE_NUMBER> NO PAYMENT!,CONGRATULATIONS! From SAFARICOM LIPA NA M-PESA PROMOTION! You have won <URL> claim your prizekindly call H/Office <PHONE_NUMBER> NO PAYMENT!,,smishing_corpus_row,smishing,public_candidate_spam,Smishing-Dataset-IMC25,reportsmishing/Smishing-Dataset-IMC25,GitHub_dataset,True,True,False,False,reward/prize,,,,,,fail_placeholder_raw,placeholder_raw,True,<PHONE_NUMBER>;<URL>,140,21,False,congratulations from safaricom lipa na m pesa promotion you have won <url> claim your prizekindly call h office <phone number> no payment,unique,replace,placeholder_raw
EXP-SPAM-0320,Y.our in.vo.ice for <URL> <NAMED_ENTITY> was <URL>d. Thanks.. <URL>'s our small pres.ent fo.r u: <NAMED_ENTITY>,Y.our in.vo.ice for <URL> <NAMED_ENTITY> was <URL>d. Thanks.. <URL>'s our small pres.ent fo.r u: <NAMED_ENTITY>,,smishing_corpus_row,smishing,public_candidate_spam,Smishing-Dataset-IMC25,reportsmishing/Smishing-Dataset-IMC25,GitHub_dataset,True,False,False,False,spam,,,,,,fail_placeholder_raw,placeholder_raw,True,<NAMED_ENTITY>;<URL>,111,22,False,< > < > for <url> <named entity> was <url>d thanks <url> s our small < > fo r u <named entity>,unique,replace,placeholder_raw
EXP-SPAM-0321,Your new phone (under <US_DRIVER_LICENSE>) is waiting! #CheckSMDeals for cool smartphone finds from Realme Vivo Nokia & more!,Your new phone (under <US_DRIVER_LICENSE>) is waiting! #CheckSMDeals for cool smartphone finds from Realme Vivo Nokia & more!,,smishing_corpus_row,smishing,public_candidate_spam,Smishing-Dataset-IMC25,reportsmishing/Smishing-Dataset-IMC25,GitHub_dataset,False,False,False,False,spam,,,,,,fail_placeholder_raw,placeholder_raw,True,<US_DRIVER_LICENSE>,125,17,False,your new phone under <us driver license> is waiting checksmdeals for cool smartphone finds from realme vivo nokia more,unique,replace,placeholder_raw
EXP-SPAM-0322,"RSVP for up to 5 free tickets
INVITATIONS ONLY COMEDY
<DATE_TIME>. 10:30pm
info/tickets: <URL>
STOP 2 END","RSVP for up to 5 free tickets
INVITATIONS ONLY COMEDY
<DATE_TIME>. 10:30pm
info/tickets: <URL>
STOP 2 END",,smishing_corpus_row,smishing,public_candidate_spam,Smishing-Dataset-IMC25,reportsmishing/Smishing-Dataset-IMC25,GitHub_dataset,True,False,False,True,promotional spam,,,,,,fail_placeholder_raw,placeholder_raw,True,<DATE_TIME>;<URL>,105,19,False,rsvp for up to 5 free tickets invitations only comedy <date time> 10 < > m info tickets <url> stop 2 end,unique,replace,placeholder_raw
EXP-SPAM-0323,AT&T <DATE_TIME> Give-away Winner Line : <US_BANK_NUMBER>. Model: Iphone 14 Color: Purple /512<LOCATION> ///<URL>,AT&T <DATE_TIME> Give-away Winner Line : <US_BANK_NUMBER>. Model: Iphone 14 Color: Purple /512<LOCATION> ///<URL>,,smishing_corpus_row,smishing,public_candidate_spam,Smishing-Dataset-IMC25,reportsmishing/Smishing-Dataset-IMC25,GitHub_dataset,True,False,False,False,banking/account-like suspicious,,,,,,fail_placeholder_raw,placeholder_raw,True,<DATE_TIME>;<LOCATION>;<URL>;<US_BANK_NUMBER>,113,16,False,at t <date time> give away winner line <us bank number> model iphone 14 color purple 512<location> <url>,unique,replace,placeholder_raw
EXP-SPAM-0324,<NAMED_ENTITY> sent you a kiss. She shared her s3xy pics with you. See now: <URL>,<NAMED_ENTITY> sent you a kiss. She shared her s3xy pics with you. See now: <URL>,,smishing_corpus_row,smishing,public_candidate_spam,Smishing-Dataset-IMC25,reportsmishing/Smishing-Dataset-IMC25,GitHub_dataset,True,False,False,False,spam,,,,,,fail_placeholder_raw,placeholder_raw,True,<NAMED_ENTITY>;<URL>,81,15,False,<named entity> sent you a kiss she shared her s3xy pics with you see now <url>,unique,replace,placeholder_raw
EXP-SPAM-0325,Hi ****** Transaction successfully done of Rs.96793 to your Rummy A/C. Click <URL>ine/1gi78o94 to withdraw it Now. ADESPL,Hi ****** Transaction successfully done of Rs.96793 to your Rummy A/C. Click <URL>ine/1gi78o94 to withdraw it Now. ADESPL,,smishing_corpus_row,smishing,public_candidate_spam,Smishing-Dataset-IMC25,reportsmishing/Smishing-Dataset-IMC25,GitHub_dataset,True,False,False,True,spam,,,,,,fail_placeholder_raw,placeholder_raw,True,<URL>,121,21,False,hi transaction successfully done of < > to your rummy a c click <url>ine 1gi78o94 to withdraw it now adespl,unique,replace,placeholder_raw
EXP-SPAM-0326,"[""Dear User you've got My11Circle for your participation on Specials. Use code Get Flat 5000 bonus cash on <DATE_TIME>"" ""Dear User You've got Specials coupon of Get Flat 5000 bonus cash on My Winnings. Click on https://t.jio/winnings-MYIPL5K to claim. T&C""]","[""Dear User you've got My11Circle for your participation on Specials. Use code Get Flat 5000 bonus cash on <DATE_TIME>"" ""Dear User You've got Specials coupon of Get Flat 5000 bonus cash on My Winnings. Click on https://t.jio/winnings-MYIPL5K to claim. T&C""]",,smishing_corpus_row,smishing,public_candidate_spam,Smishing-Dataset-IMC25,reportsmishing/Smishing-Dataset-IMC25,GitHub_dataset,True,False,False,False,gambling/casino/free spin,,,,,,fail_placeholder_raw,placeholder_raw,True,<DATE_TIME>,257,47,False,dear user you ve got my11circle for your participation on specials use code get flat 5000 bonus cash on <date time> dear user you ve got specials coupon of get flat 5000 bonus cash on my winnings click on < > to claim t c,unique,replace,placeholder_raw
EXP-SPAM-0327,"Hello.
This is a reminder
<DATE_TIME> we will go to your area.
If you need product, please send your order <DATE_TIME>
Thank you","Hello.
This is a reminder
<DATE_TIME> we will go to your area.
If you need product, please send your order <DATE_TIME>
Thank you",,smishing_corpus_row,smishing,public_candidate_spam,Smishing-Dataset-IMC25,reportsmishing/Smishing-Dataset-IMC25,GitHub_dataset,False,False,False,False,spam,,,,,,fail_placeholder_raw,placeholder_raw,True,<DATE_TIME>,128,23,False,hello this is a reminder <date time> we will go to your area if you need product please send your order <date time> thank you,unique,replace,placeholder_raw
EXP-SPAM-0328,Dear ZXXXXX Rs.5000 Welcome Bonus on My11Circle. Prize Pool - Rs. <US_BANK_NUMBER> (9.60 Cr) Entry Fees - Rs.49 Click - <URL>,Dear ZXXXXX Rs.5000 Welcome Bonus on My11Circle. Prize Pool - Rs. <US_BANK_NUMBER> (9.60 Cr) Entry Fees - Rs.49 Click - <URL>,,smishing_corpus_row,smishing,public_candidate_spam,Smishing-Dataset-IMC25,reportsmishing/Smishing-Dataset-IMC25,GitHub_dataset,True,False,False,True,banking/account-like suspicious,,,,,,fail_placeholder_raw,placeholder_raw,True,<URL>;<US_BANK_NUMBER>,125,21,False,dear zxxxxx < > welcome bonus on my11circle prize pool rs <us bank number> 9 60 cr entry fees < > click <url>,unique,replace,placeholder_raw
EXP-SPAM-0329,"Hi! My name is <NAMED_ENTITY>. This is an important message from the PCH Prize Patrol team. Signed and approved by the Sweet Stakes Audit Bureau. Congratulations on being a first-place winner from our grand promotion. Did you check your mailbox or your email? Your confirmation number is 7711. Please contact our prize patrol team at your earliest convenience to make preparations for prize delivery. At <PHONE_NUMBER>. I repeat, <PHONE_NUMBER>. Congratulations once more! Thanks again!","Hi! My name is <NAMED_ENTITY>. This is an important message from the PCH Prize Patrol team. Signed and approved by the Sweet Stakes Audit Bureau. Congratulations on being a first-place winner from our grand promotion. Did you check your mailbox or your email? Your confirmation number is 7711. Please contact our prize patrol team at your earliest convenience to make preparations for prize delivery. At <PHONE_NUMBER>. I repeat, <PHONE_NUMBER>. Congratulations once more! Thanks again!",,smishing_corpus_row,smishing,public_candidate_spam,Smishing-Dataset-IMC25,reportsmishing/Smishing-Dataset-IMC25,GitHub_dataset,False,True,False,True,delivery-like suspicious,,,,,,fail_placeholder_raw,placeholder_raw;too_long,True,<NAMED_ENTITY>;<PHONE_NUMBER>,486,75,False,hi my name is <named entity> this is an important message from the pch prize patrol team signed and approved by the sweet stakes audit bureau congratulations on being a first place winner from our grand promotion did you check your mailbox or your email your confirmation number is 7711 please contact our prize patrol team at your earliest convenience to make preparations for prize delivery at <phone number> i repeat <phone number> congratulations once more thanks again,unique,replace,placeholder_raw;too_long
EXP-SPAM-0330,So you're just going to leave and not say anything? Your DIAMOND status will expire! Click HERE to fix: <URL>,So you're just going to leave and not say anything? Your DIAMOND status will expire! Click HERE to fix: <URL>,,smishing_corpus_row,smishing,public_candidate_spam,Smishing-Dataset-IMC25,reportsmishing/Smishing-Dataset-IMC25,GitHub_dataset,True,False,False,False,spam,,,,,,fail_placeholder_raw,placeholder_raw,True,<URL>,109,21,False,so you re just going to leave and not say anything your diamond status will expire click here to fix <url>,unique,replace,placeholder_raw
EXP-SPAM-0331,Are you voting Claim your 10000 Naira Bola <NAMED_ENTITY> Presidential Campaign Funds APPLY NOW,Are you voting Claim your 10000 Naira Bola <NAMED_ENTITY> Presidential Campaign Funds APPLY NOW,,smishing_corpus_row,smishing,public_candidate_spam,Smishing-Dataset-IMC25,reportsmishing/Smishing-Dataset-IMC25,GitHub_dataset,False,False,False,False,reward/prize,,,,,,fail_placeholder_raw,placeholder_raw,True,<NAMED_ENTITY>,95,14,False,are you voting claim your 10000 naira bola <named entity> presidential campaign funds apply now,unique,replace,placeholder_raw
EXP-SPAM-0332,BUY BNKNFTY 43700PE FOR ENTRY TGT AND SL CL/WP <NAMED_ENTITY>,BUY BNKNFTY 43700PE FOR ENTRY TGT AND SL CL/WP <NAMED_ENTITY>,,smishing_corpus_row,smishing,public_candidate_spam,Smishing-Dataset-IMC25,reportsmishing/Smishing-Dataset-IMC25,GitHub_dataset,False,False,False,False,spam,,,,,,fail_placeholder_raw,placeholder_raw,True,<NAMED_ENTITY>,61,11,False,buy bnknfty < > for entry tgt and sl cl wp <named entity>,unique,replace,placeholder_raw
EXP-SPAM-0333,<NAMED_ENTITY> unlocked her bare pix! Use this code <DATE_TIME> to access now: <URL>,<NAMED_ENTITY> unlocked her bare pix! Use this code <DATE_TIME> to access now: <URL>,,smishing_corpus_row,smishing,public_candidate_spam,Smishing-Dataset-IMC25,reportsmishing/Smishing-Dataset-IMC25,GitHub_dataset,True,False,False,False,banking/account-like suspicious,,,,,,fail_placeholder_raw,placeholder_raw,True,<DATE_TIME>;<NAMED_ENTITY>;<URL>,84,13,False,<named entity> unlocked her bare pix use this code <date time> to access now <url>,unique,replace,placeholder_raw
EXP-SPAM-0334,"Stupid [redacted], Last 1 hr Left to Activate your Tpp Wholesale Pty 90% Off Animated Video Deal. Click Here <DATE_TIME> to Activate Now & Grow Sales by 1000%","Stupid [redacted], Last 1 hr Left to Activate your Tpp Wholesale Pty 90% Off Animated Video Deal. Click Here <DATE_TIME> to Activate Now & Grow Sales by 1000%",,smishing_corpus_row,smishing,public_candidate_spam,Smishing-Dataset-IMC25,reportsmishing/Smishing-Dataset-IMC25,GitHub_dataset,False,False,False,False,promotional spam,,,,,,fail_placeholder_raw,placeholder_raw,True,<DATE_TIME>,158,27,False,stupid redacted last 1 hr left to activate your tpp wholesale pty 90 off animated video deal click here <date time> to activate now grow sales by 1000,unique,replace,placeholder_raw
EXP-SPAM-0335,Take our survey: <URL>,Take our survey: <URL>,,smishing_corpus_row,smishing,public_candidate_spam,Smishing-Dataset-IMC25,reportsmishing/Smishing-Dataset-IMC25,GitHub_dataset,True,False,False,False,spam,,,,,,fail_placeholder_raw,placeholder_raw,True,<URL>,22,4,False,take our survey <url>,unique,replace,placeholder_raw
EXP-SPAM-0336,SHRI KRISHNA PRASADAM LTD ( BSE CODE- <US_DRIVER_LICENSE> ) MAKE HIGH EVERY DAY. TODAY HIGH 36.30 DON'T MISS IT >>>> BUY 5000 QTY OF SKP @ 36.30 FOR 100% SURE TGT 46,SHRI KRISHNA PRASADAM LTD ( BSE CODE- <US_DRIVER_LICENSE> ) MAKE HIGH EVERY DAY. TODAY HIGH 36.30 DON'T MISS IT >>>> BUY 5000 QTY OF SKP @ 36.30 FOR 100% SURE TGT 46,,smishing_corpus_row,smishing,public_candidate_spam,Smishing-Dataset-IMC25,reportsmishing/Smishing-Dataset-IMC25,GitHub_dataset,False,False,False,False,spam,,,,,,fail_placeholder_raw,placeholder_raw,True,<US_DRIVER_LICENSE>,165,31,False,shri krishna prasadam ltd bse code <us driver license> make high every day today high 36 30 don t miss it >>>> buy 5000 qty of skp 36 30 for 100 sure tgt 46,unique,replace,placeholder_raw
EXP-SPAM-0337,"Hi HR manager <DATE_TIME> you are selected for Part/Full time JOB. Now you can daily upto Rs.20,000 for more add me on <URL> . SVNC","Hi HR manager <DATE_TIME> you are selected for Part/Full time JOB. Now you can daily upto Rs.20,000 for more add me on <URL> . SVNC",,smishing_corpus_row,smishing,public_candidate_spam,Smishing-Dataset-IMC25,reportsmishing/Smishing-Dataset-IMC25,GitHub_dataset,True,False,False,True,job/investment offer,,,,,,fail_placeholder_raw,placeholder_raw,True,<DATE_TIME>;<URL>,131,27,False,hi hr manager <date time> you are selected for part full time job now you can daily upto < > for more add me on <url> svnc,unique,replace,placeholder_raw
EXP-SPAM-0338,Cheer up! A new WalmartReward awaits! : Expires <DATE_TIME> at <DATE_TIME>:  <URL> pflduowi ...,Cheer up! A new WalmartReward awaits! : Expires <DATE_TIME> at <DATE_TIME>:  <URL> pflduowi ...,,smishing_corpus_row,smishing,public_candidate_spam,Smishing-Dataset-IMC25,reportsmishing/Smishing-Dataset-IMC25,GitHub_dataset,True,False,False,False,reward/prize,,,,,,fail_placeholder_raw,placeholder_raw,True,<DATE_TIME>;<URL>,95,12,False,cheer up a new walmartreward awaits expires <date time> at <date time> <url> pflduowi,unique,replace,placeholder_raw
EXP-SPAM-0339,<NAMED_ENTITY> your fortune with the Fortune Tree slot game on SUGARPLAY! Get BONUS!,<NAMED_ENTITY> your fortune with the Fortune Tree slot game on SUGARPLAY! Get BONUS!,,smishing_corpus_row,smishing,public_candidate_spam,Smishing-Dataset-IMC25,reportsmishing/Smishing-Dataset-IMC25,GitHub_dataset,False,False,False,False,reward/prize,,,,,,fail_placeholder_raw,placeholder_raw,True,<NAMED_ENTITY>,84,13,False,<named entity> your fortune with the fortune tree slot game on sugarplay get bonus,unique,replace,placeholder_raw
EXP-SPAM-0340,Betway. Congratulations! You have won a <US_DRIVER_LICENSE> Free Bet Betway Voucher. Your voucher pin is: 6*****. Redeem at,Betway. Congratulations! You have won a <US_DRIVER_LICENSE> Free Bet Betway Voucher. Your voucher pin is: 6*****. Redeem at,,smishing_corpus_row,smishing,public_candidate_spam,Smishing-Dataset-IMC25,reportsmishing/Smishing-Dataset-IMC25,GitHub_dataset,False,False,True,False,gambling/casino/free spin,,,,,,fail_placeholder_raw,placeholder_raw,True,<US_DRIVER_LICENSE>,123,18,False,betway congratulations you have won a <us driver license> free bet betway voucher your voucher pin is 6 redeem at,unique,replace,placeholder_raw
EXP-SPAM-0341,LAST CHANCE to win a Samsung Freestyle Projector! Sign up & activate your FREE Lionsgate Play access at <URL> to earn a raffle entry!,LAST CHANCE to win a Samsung Freestyle Projector! Sign up & activate your FREE Lionsgate Play access at <URL> to earn a raffle entry!,,smishing_corpus_row,smishing,public_candidate_spam,Smishing-Dataset-IMC25,reportsmishing/Smishing-Dataset-IMC25,GitHub_dataset,True,False,False,False,job/investment offer,,,,,,fail_placeholder_raw,placeholder_raw,True,<URL>,133,23,False,last chance to win a samsung freestyle projector sign up activate your free lionsgate play access at <url> to earn a raffle entry,unique,replace,placeholder_raw
EXP-SPAM-0342,"BUY 10000 QTY NECCLTD <US_DRIVER_LICENSE> AB0VE 96 INTRADAY TGT 97, 150+ IN <DATE_TIME>
BIGGEST IMENSE ON BUDGET ON THIS SCRIPT
PRICE GO UP 10% EVERY WEEK
<URL>","BUY 10000 QTY NECCLTD <US_DRIVER_LICENSE> AB0VE 96 INTRADAY TGT 97, 150+ IN <DATE_TIME>
BIGGEST IMENSE ON BUDGET ON THIS SCRIPT
PRICE GO UP 10% EVERY WEEK
<URL>",,smishing_corpus_row,smishing,public_candidate_spam,Smishing-Dataset-IMC25,reportsmishing/Smishing-Dataset-IMC25,GitHub_dataset,True,False,False,False,spam,,,,,,fail_placeholder_raw,placeholder_raw,True,<DATE_TIME>;<URL>;<US_DRIVER_LICENSE>,160,27,False,buy 10000 qty neccltd <us driver license> ab0ve 96 intraday tgt 97 150 in <date time> biggest imense on budget on this script price go up 10 every week <url>,unique,replace,placeholder_raw
EXP-SPAM-0343,Hi 👋. Transaction successfully done of Rs.96793 to your Rummy A/C. Click <URL>ine/1gi78o94 to withdraw it Now. ADSPL,Hi 👋. Transaction successfully done of Rs.96793 to your Rummy A/C. Click <URL>ine/1gi78o94 to withdraw it Now. ADSPL,,smishing_corpus_row,smishing,public_candidate_spam,Smishing-Dataset-IMC25,reportsmishing/Smishing-Dataset-IMC25,GitHub_dataset,True,False,False,True,spam,,,,,,fail_placeholder_raw,placeholder_raw,True,<URL>,116,21,False,hi transaction successfully done of < > to your rummy a c click <url>ine 1gi78o94 to withdraw it now adspl,unique,replace,placeholder_raw
EXP-SPAM-0344,<ADV>Singtel Mo4U. You're selected to receive a FREE $1052 Beauty Gift Set from dorra! Redeem NOW @ <URL> T&Cs <NRP> UNSUB to opt out>,<ADV>Singtel Mo4U. You're selected to receive a FREE $1052 Beauty Gift Set from dorra! Redeem NOW @ <URL> T&Cs <NRP> UNSUB to opt out>,,smishing_corpus_row,smishing,public_candidate_spam,Smishing-Dataset-IMC25,reportsmishing/Smishing-Dataset-IMC25,GitHub_dataset,True,False,False,True,reward/prize,,,,,,fail_placeholder_raw,placeholder_raw,True,<ADV>;<NRP>;<URL>,134,26,False,<adv>singtel mo4u you re selected to receive a free < > beauty gift set from dorra redeem now <url> t cs <nrp> unsub to opt out>,unique,replace,placeholder_raw
EXP-SPAM-0345,"Try Our New Belly Fat Buster for No Cost!

Lose 15 lbs in <DATE_TIME> or Pay Nothing!","Try Our New Belly Fat Buster for No Cost!

Lose 15 lbs in <DATE_TIME> or Pay Nothing!",,smishing_corpus_row,smishing,public_candidate_spam,Smishing-Dataset-IMC25,reportsmishing/Smishing-Dataset-IMC25,GitHub_dataset,False,False,False,False,spam,,,,,,fail_placeholder_raw,placeholder_raw,True,<DATE_TIME>,85,17,False,try our new belly fat buster for no cost lose 15 lbs in <date time> or pay nothing,unique,replace,placeholder_raw
EXP-SPAM-0346,Suprise!!! <URL>,Suprise!!! <URL>,,smishing_corpus_row,smishing,public_candidate_spam,Smishing-Dataset-IMC25,reportsmishing/Smishing-Dataset-IMC25,GitHub_dataset,True,False,False,False,spam,,,,,,fail_placeholder_raw,placeholder_raw;too_short,True,<URL>,16,2,False,suprise <url>,unique,replace,placeholder_raw;too_short
EXP-SPAM-0347,"Knock <URL>'s FLAT 500 CASHBACK
This Diwali @ Fantastic Friday Sale
Don't Wait Now. Shop & Apply <US_DRIVER_LICENSE>","Knock <URL>'s FLAT 500 CASHBACK
This Diwali @ Fantastic Friday Sale
Don't Wait Now. Shop & Apply <US_DRIVER_LICENSE>",,smishing_corpus_row,smishing,public_candidate_spam,Smishing-Dataset-IMC25,reportsmishing/Smishing-Dataset-IMC25,GitHub_dataset,True,False,False,False,promotional spam,,,,,,fail_placeholder_raw,placeholder_raw,True,<URL>;<US_DRIVER_LICENSE>,116,18,False,knock <url> s flat 500 cashback this diwali fantastic friday sale don t wait now shop apply <us driver license>,unique,replace,placeholder_raw
EXP-SPAM-0348,CVS: We are inviting you as one of the 637 customers who can claim 1 prize for filling a quick survey. Reward ends in <DATE_TIME> <URL>,CVS: We are inviting you as one of the 637 customers who can claim 1 prize for filling a quick survey. Reward ends in <DATE_TIME> <URL>,,smishing_corpus_row,smishing,public_candidate_spam,Smishing-Dataset-IMC25,reportsmishing/Smishing-Dataset-IMC25,GitHub_dataset,True,False,False,True,reward/prize,,,,,,fail_placeholder_raw,placeholder_raw,True,<DATE_TIME>;<URL>,135,26,False,cvs we are inviting you as one of the 637 customers who can claim < > rize for filling a quick survey reward ends in <date time> <url>,unique,replace,placeholder_raw
EXP-SPAM-0349,<LOCATION> invoi.ce for <URL>t m.onth was received. T.hank yo.u! here's a surprise gift fo.r y.ou: <URL>,<LOCATION> invoi.ce for <URL>t m.onth was received. T.hank yo.u! here's a surprise gift fo.r y.ou: <URL>,,smishing_corpus_row,smishing,public_candidate_spam,Smishing-Dataset-IMC25,reportsmishing/Smishing-Dataset-IMC25,GitHub_dataset,True,False,False,False,reward/prize,,,,,,fail_placeholder_raw,placeholder_raw,True,<LOCATION>;<URL>,104,24,False,<location> < > for <url>t < > was received < > yo u here s a surprise gift fo r < > <url>,unique,replace,placeholder_raw
EXP-SPAM-0350,Congratulations! On <DATE_TIME> you participated in survey-lottery competition. You finished 2nd! See what you won,Congratulations! On <DATE_TIME> you participated in survey-lottery competition. You finished 2nd! See what you won,,smishing_corpus_row,smishing,public_candidate_spam,Smishing-Dataset-IMC25,reportsmishing/Smishing-Dataset-IMC25,GitHub_dataset,False,False,False,False,reward/prize,,,,,,fail_placeholder_raw,placeholder_raw,True,<DATE_TIME>,114,16,False,congratulations on <date time> you participated in survey lottery competition you finished 2nd see what you won,unique,replace,placeholder_raw
EXP-SPAM-0351,Welcome to Loopback Rewards! Tap the following link to download our mobile app! <URL> Reply STOP to OPT OUT,Welcome to Loopback Rewards! Tap the following link to download our mobile app! <URL> Reply STOP to OPT OUT,,smishing_corpus_row,smishing,public_candidate_spam,Smishing-Dataset-IMC25,reportsmishing/Smishing-Dataset-IMC25,GitHub_dataset,True,False,False,False,reward/prize,,,,,,fail_placeholder_raw,placeholder_raw,True,<URL>,107,19,False,welcome to loopback rewards tap the following link to download our mobile app <url> reply stop to opt out,unique,replace,placeholder_raw
EXP-SPAM-0352,It's <NAMED_ENTITY> again Office: <PHONE_NUMBER> It appears you may be eligible for compensation on your Injury. Can you give me a quick call please? - STOP to STOP,It's <NAMED_ENTITY> again Office: <PHONE_NUMBER> It appears you may be eligible for compensation on your Injury. Can you give me a quick call please? - STOP to STOP,,smishing_corpus_row,smishing,public_candidate_spam,Smishing-Dataset-IMC25,reportsmishing/Smishing-Dataset-IMC25,GitHub_dataset,False,True,False,True,spam,,,,,,fail_placeholder_raw,placeholder_raw,True,<NAMED_ENTITY>;<PHONE_NUMBER>,164,28,False,it s <named entity> again office <phone number> it appears you may be eligible for compensation on your injury can you give me a quick call please stop to stop,unique,replace,placeholder_raw
EXP-SPAM-0353,Use Code iphone10 for: Additional Discount 10% on iPhone. Offer is valid <DATE_TIME> only Hurry Up!,Use Code iphone10 for: Additional Discount 10% on iPhone. Offer is valid <DATE_TIME> only Hurry Up!,,smishing_corpus_row,smishing,public_candidate_spam,Smishing-Dataset-IMC25,reportsmishing/Smishing-Dataset-IMC25,GitHub_dataset,False,False,True,False,promotional spam,,,,,,fail_placeholder_raw,placeholder_raw,True,<DATE_TIME>,99,16,False,use < > for additional discount 10 on iphone offer is valid <date time> only hurry up,unique,replace,placeholder_raw
EXP-SPAM-0354,"Your mobile number has won 450,000 and iPhone 12 in the ICC Cricket 2022 Kindly send your name,phone number,address to this email: <EMAIL_ADDRESS>","Your mobile number has won 450,000 and iPhone 12 in the ICC Cricket 2022 Kindly send your name,phone number,address to this email: <EMAIL_ADDRESS>",,smishing_corpus_row,smishing,public_candidate_spam,Smishing-Dataset-IMC25,reportsmishing/Smishing-Dataset-IMC25,GitHub_dataset,False,False,False,False,reward/prize,,,,,,fail_placeholder_raw,placeholder_raw,True,<EMAIL_ADDRESS>,146,26,False,your mobile number has won 450 000 and iphone 12 in the icc cricket 2022 kindly send your name phone number address to this email <email address>,unique,replace,placeholder_raw
EXP-SPAM-0357,CVS WEEKENDWINNER available credit:  $500. Start Shopping TODAY https<IP_ADDRESS>,CVS WEEKENDWINNER available credit:  $500. Start Shopping TODAY https<IP_ADDRESS>,,smishing_corpus_row,smishing,public_candidate_spam,Smishing-Dataset-IMC25,reportsmishing/Smishing-Dataset-IMC25,GitHub_dataset,False,False,False,True,reward/prize,,,,,,fail_placeholder_raw,placeholder_raw,True,<IP_ADDRESS>,81,10,False,cvs weekendwinner available credit < > start shopping today https<ip address>,unique,replace,placeholder_raw
EXP-SPAM-0360,"110006200329213538002096563501|200109081129puid436916784@<URL>sportypay|<US_BANK_NUMBER>|null|paystack
Ref:110006200329213538002096563501","110006200329213538002096563501|200109081129puid436916784@<URL>sportypay|<US_BANK_NUMBER>|null|paystack
Ref:110006200329213538002096563501",,smishing_corpus_row,smishing,public_candidate_spam,Smishing-Dataset-IMC25,reportsmishing/Smishing-Dataset-IMC25,GitHub_dataset,True,True,False,False,banking/account-like suspicious,,,,,,fail_placeholder_raw,placeholder_raw;not_sms_like_artifact,True,<URL>;<US_BANK_NUMBER>,137,9,False,< > < > puid < > <url>sportypay <us bank number> null paystack ref < >,unique,replace,placeholder_raw;not_sms_like_artifact
EXP-SPAM-0363,"Dear <PHONE_NUMBER>, You Are Selected for Amazon Gift Card Worth Upto Rs. 5000 on enrollment: <URL> MMQ445","Dear <PHONE_NUMBER>, You Are Selected for Amazon Gift Card Worth Upto Rs. 5000 on enrollment: <URL> MMQ445",,smishing_corpus_row,smishing,public_candidate_spam,Smishing-Dataset-IMC25,reportsmishing/Smishing-Dataset-IMC25,GitHub_dataset,True,True,False,True,banking/account-like suspicious,,,,,,fail_placeholder_raw,placeholder_raw,True,<PHONE_NUMBER>;<URL>,106,17,False,dear <phone number> you are selected for amazon gift card worth upto < > on enrollment <url> mmq445,unique,replace,placeholder_raw
EXP-SPAM-0364,(MEESHO company)Dear Customer You are winner of Meesho company online shopping . You win 2nd prize (Tata nexon) Four wheeler Car marketing amount Rs-<US_DRIVER_LICENSE>/- <DATE_TIME> Registration service <URL>.1950/-deposit. Contact no:- <UK_NHS>. GM no=<PHONE_NUMBER>,(MEESHO company)Dear Customer You are winner of Meesho company online shopping . You win 2nd prize (Tata nexon) Four wheeler Car marketing amount Rs-<US_DRIVER_LICENSE>/- <DATE_TIME> Registration service <URL>.1950/-deposit. Contact no:- <UK_NHS>. GM no=<PHONE_NUMBER>,,smishing_corpus_row,smishing,public_candidate_spam,Smishing-Dataset-IMC25,reportsmishing/Smishing-Dataset-IMC25,GitHub_dataset,True,True,False,True,reward/prize,,,,,,fail_placeholder_raw,placeholder_raw,True,<DATE_TIME>;<PHONE_NUMBER>;<UK_NHS>;<URL>;<US_DRIVER_LICENSE>,268,37,False,meesho company dear customer you are winner of meesho company online shopping you win 2nd prize tata nexon four wheeler car marketing amount rs <us driver license> <date time> registration service <url> 1950 deposit contact no <uk nhs> gm no <phone number>,unique,replace,placeholder_raw
EXP-SPAM-0365,Last Call To Get This <DATE_TIME>'s Deals! <DATE_TIME>: <URL> reply STOP to opt out,Last Call To Get This <DATE_TIME>'s Deals! <DATE_TIME>: <URL> reply STOP to opt out,,smishing_corpus_row,smishing,public_candidate_spam,Smishing-Dataset-IMC25,reportsmishing/Smishing-Dataset-IMC25,GitHub_dataset,True,False,False,False,spam,,,,,,fail_placeholder_raw,placeholder_raw,True,<DATE_TIME>;<URL>,83,15,False,last call to get this <date time> s deals <date time> <url> reply stop to opt out,unique,replace,placeholder_raw
EXP-SPAM-0367,Dear C V S Shopper! Youve been randomly selected to answer a very short survey. You'll be paid for your time . <URL>ory/KI5AudhL,Dear C V S Shopper! Youve been randomly selected to answer a very short survey. You'll be paid for your time . <URL>ory/KI5AudhL,,smishing_corpus_row,smishing,public_candidate_spam,Smishing-Dataset-IMC25,reportsmishing/Smishing-Dataset-IMC25,GitHub_dataset,True,False,False,False,delivery-like suspicious,,,,,,fail_placeholder_raw,placeholder_raw,True,<URL>,128,25,False,dear c v s shopper youve been randomly selected to answer a very short survey you ll be paid for your time <url>ory ki5audhl,unique,replace,placeholder_raw
EXP-SPAM-0372,"<NAMED_ENTITY> girls
<NAMED_ENTITY> night 5000 hyd
Nude video cal 500
sri
<NAMED_ENTITY>
Jassi
bavani
mouni
puja
<NAMED_ENTITY> nmbrs","<NAMED_ENTITY> girls
<NAMED_ENTITY> night 5000 hyd
Nude video cal 500
sri
<NAMED_ENTITY>
Jassi
bavani
mouni
puja
<NAMED_ENTITY> nmbrs",,smishing_corpus_row,smishing,public_candidate_spam,Smishing-Dataset-IMC25,reportsmishing/Smishing-Dataset-IMC25,GitHub_dataset,False,False,False,True,spam,,,,,,fail_placeholder_raw,placeholder_raw,True,<NAMED_ENTITY>,133,18,False,<named entity> girls <named entity> night 5000 hyd nude video cal 500 sri <named entity> jassi bavani mouni puja <named entity> nmbrs,unique,replace,placeholder_raw
EXP-SPAM-0374,We pay $650 <DATE_TIME> to vehicle owners who help us advertise our brand (Pro Active Pest Control) with their respective vehicle's exterior part. Click here to read more and apply,We pay $650 <DATE_TIME> to vehicle owners who help us advertise our brand (Pro Active Pest Control) with their respective vehicle's exterior part. Click here to read more and apply,,smishing_corpus_row,smishing,public_candidate_spam,Smishing-Dataset-IMC25,reportsmishing/Smishing-Dataset-IMC25,GitHub_dataset,False,False,False,True,spam,,,,,,fail_placeholder_raw,placeholder_raw,True,<DATE_TIME>,180,31,False,we pay < > <date time> to vehicle owners who help us advertise our brand pro active pest control with their respective vehicle s exterior part click here to read more and apply,unique,replace,placeholder_raw
EXP-SPAM-0375,TWICE 5TH WORLD TOUR 'READY TO BE' Verified Fan Onsale in <LOCATION> on <DATE_TIME>! Get tix <DATE_TIME> PT at <URL> Login with <EMAIL_ADDRESS> and use access code: HSK7EZG,TWICE 5TH WORLD TOUR 'READY TO BE' Verified Fan Onsale in <LOCATION> on <DATE_TIME>! Get tix <DATE_TIME> PT at <URL> Login with <EMAIL_ADDRESS> and use access code: HSK7EZG,,smishing_corpus_row,smishing,public_candidate_spam,Smishing-Dataset-IMC25,reportsmishing/Smishing-Dataset-IMC25,GitHub_dataset,True,False,True,False,promotional spam,,,,,,fail_placeholder_raw,placeholder_raw,True,<DATE_TIME>;<EMAIL_ADDRESS>;<LOCATION>;<URL>,172,28,False,twice 5th world tour ready to be verified fan onsale in <location> on <date time> get tix <date time> pt at <url> login with <email address> and use access < >,unique,replace,placeholder_raw
EXP-SPAM-0376,Congratulation you have become a winner in the 1st prize Tata safari storme by online <URL>is valid for one <URL> no:-<PHONE_NUMBER> T&C. <URL>,Congratulation you have become a winner in the 1st prize Tata safari storme by online <URL>is valid for one <URL> no:-<PHONE_NUMBER> T&C. <URL>,,smishing_corpus_row,smishing,public_candidate_spam,Smishing-Dataset-IMC25,reportsmishing/Smishing-Dataset-IMC25,GitHub_dataset,True,True,False,False,reward/prize,,,,,,fail_placeholder_raw,placeholder_raw,True,<PHONE_NUMBER>;<URL>,143,26,False,congratulation you have become a winner in the 1st prize tata safari storme by online <url>is valid for one <url> no <phone number> t c <url>,unique,replace,placeholder_raw
EXP-SPAM-0377,Buy 1000 Qty of Bombay Rayon Fashions Ltd (<US_DRIVER_LICENSE>) At CMP Target Rs 250+. Time horizon 7 Days.,Buy 1000 Qty of Bombay Rayon Fashions Ltd (<US_DRIVER_LICENSE>) At CMP Target Rs 250+. Time horizon 7 Days.,,smishing_corpus_row,smishing,public_candidate_spam,Smishing-Dataset-IMC25,reportsmishing/Smishing-Dataset-IMC25,GitHub_dataset,False,False,False,True,spam,,,,,,fail_placeholder_raw,placeholder_raw,True,<US_DRIVER_LICENSE>,107,18,False,buy 1000 qty of bombay rayon fashions ltd <us driver license> at cmp target < > time horizon 7 days,unique,replace,placeholder_raw
EXP-SPAM-0381,Your approval has been issued for the SBA self-employed only Medical Coverage. 50% less than market plans. Don't wait Call <PHONE_NUMBER>. Reply Stop to end,Your approval has been issued for the SBA self-employed only Medical Coverage. 50% less than market plans. Don't wait Call <PHONE_NUMBER>. Reply Stop to end,,smishing_corpus_row,smishing,public_candidate_spam,Smishing-Dataset-IMC25,reportsmishing/Smishing-Dataset-IMC25,GitHub_dataset,False,True,False,False,spam,,,,,,fail_placeholder_raw,placeholder_raw,True,<PHONE_NUMBER>,156,27,False,your approval has been issued for the sba self employed only medical coverage 50 less than market plans don t wait call <phone number> reply stop to end,unique,replace,placeholder_raw
EXP-SPAM-0385,Dear customer you have won a prize <US_DRIVER_LICENSE> Two Hundred thousand Riyal from <LOCATION> so very happy great congratulations this is promotional lucky draw for the Happy New Year so you can contact us on this number of 00996B,Dear customer you have won a prize <US_DRIVER_LICENSE> Two Hundred thousand Riyal from <LOCATION> so very happy great congratulations this is promotional lucky draw for the Happy New Year so you can contact us on this number of 00996B,,smishing_corpus_row,smishing,public_candidate_spam,Smishing-Dataset-IMC25,reportsmishing/Smishing-Dataset-IMC25,GitHub_dataset,False,False,False,False,reward/prize,,,,,,fail_placeholder_raw,placeholder_raw,True,<LOCATION>;<US_DRIVER_LICENSE>,234,39,False,dear customer you have won a prize <us driver license> two hundred thousand riyal from <location> so very happy great congratulations this is promotional lucky draw for the happy new year so you can contact us on this number of < >,unique,replace,placeholder_raw
EXP-SPAM-0386,"Hey <NAMED_ENTITY>, help us answer a fast survey.
We will give you a free watch in return.
<URL>
Txt Stop to end","Hey <NAMED_ENTITY>, help us answer a fast survey.
We will give you a free watch in return.
<URL>
Txt Stop to end",,smishing_corpus_row,smishing,public_candidate_spam,Smishing-Dataset-IMC25,reportsmishing/Smishing-Dataset-IMC25,GitHub_dataset,True,False,False,False,telecom promo,,,,,,fail_placeholder_raw,placeholder_raw,True,<NAMED_ENTITY>;<URL>,112,22,False,hey <named entity> help us answer a fast survey we will give you a free watch in return <url> txt stop to end,unique,replace,placeholder_raw
EXP-SPAM-0387,"You have been selected for a FREE $1,000 Bestbuy Giftcard! Enter Code: ""FREE415"" at <URL> to get yours now. Only 121 left! txt out to remove","You have been selected for a FREE $1,000 Bestbuy Giftcard! Enter Code: ""FREE415"" at <URL> to get yours now. Only 121 left! txt out to remove",,smishing_corpus_row,smishing,public_candidate_spam,Smishing-Dataset-IMC25,reportsmishing/Smishing-Dataset-IMC25,GitHub_dataset,True,False,False,True,banking/account-like suspicious,,,,,,fail_placeholder_raw,placeholder_raw,True,<URL>,140,27,False,you have been selected for a free < > bestbuy giftcard enter code free415 at <url> to get yours now only 121 left txt out to remove,unique,replace,placeholder_raw
EXP-SPAM-0388,"<NAMED_ENTITY>, Free Rs. 8850 welcome bonus can be credited to your <NAMED_ENTITY> account. Download Now & Claim: <URL>","<NAMED_ENTITY>, Free Rs. 8850 welcome bonus can be credited to your <NAMED_ENTITY> account. Download Now & Claim: <URL>",,smishing_corpus_row,smishing,public_candidate_spam,Smishing-Dataset-IMC25,reportsmishing/Smishing-Dataset-IMC25,GitHub_dataset,True,False,False,True,banking/account-like suspicious,,,,,,fail_placeholder_raw,placeholder_raw,True,<NAMED_ENTITY>;<URL>,119,17,False,<named entity> free < > welcome bonus can be credited to your <named entity> account download now claim <url>,unique,replace,placeholder_raw
EXP-SPAM-0389,5576@getcash.hello <URL>,5576@getcash.hello <URL>,,smishing_corpus_row,smishing,public_candidate_spam,Smishing-Dataset-IMC25,reportsmishing/Smishing-Dataset-IMC25,GitHub_dataset,True,False,False,False,spam,,,,,,fail_placeholder_raw,placeholder_raw,True,<URL>,24,4,False,5576 < > <url>,unique,replace,placeholder_raw
EXP-SPAM-0396,Read more info regarding your <NAMED_ENTITY>  There is a donation for you from <NAMED_ENTITY> and <NAMED_ENTITY> for a total sum of £<US_DRIVER_LICENSE>.00 GBP equivalent to $<US_DRIVER_LICENSE>.00 USD.  You are to provide your Ref No JJT0019058 to authenticate you are the legit Beneficiary of the Donation and ensure you don't share your Ref No with anyone and keep it strictly confidential.  Reply from your Personal Email address WITH your Ref No (JJT0019058) and MOBILE NO to <NAMED_ENTITY> and <NAMED_ENTITY> Email address below for further information.,Read more info regarding your <NAMED_ENTITY>  There is a donation for you from <NAMED_ENTITY> and <NAMED_ENTITY> for a total sum of £<US_DRIVER_LICENSE>.00 GBP equivalent to $<US_DRIVER_LICENSE>.00 USD.  You are to provide your Ref No JJT0019058 to authenticate you are the legit Beneficiary of the Donation and ensure you don't share your Ref No with anyone and keep it strictly confidential.  Reply from your Personal Email address WITH your Ref No (JJT0019058) and MOBILE NO to <NAMED_ENTITY> and <NAMED_ENTITY> Email address below for further information.,,smishing_corpus_row,smishing,public_candidate_spam,Smishing-Dataset-IMC25,reportsmishing/Smishing-Dataset-IMC25,GitHub_dataset,False,False,False,True,telecom promo,,,,,,fail_placeholder_raw,placeholder_raw;too_long,True,<NAMED_ENTITY>;<US_DRIVER_LICENSE>,559,87,False,read more info regarding your <named entity> there is a donation for you from <named entity> and <named entity> for a total sum of <us driver license> < > equivalent to <us driver license> < > you are to provide your ref no < > to authenticate you are the legit beneficiary of the donation and ensure you don t share your ref no with anyone and keep it strictly confidential reply from your personal email address with your ref no < > and mobile no to <named entity> and <named entity> email address below for further information,unique,replace,placeholder_raw;too_long
EXP-SPAM-0397,Hi <PHONE_NUMBER> Transaction successfully done of Rs.96793 to your Rummy A/C. Click <URL>ine/15a187!94 to withdraw it Now.,Hi <PHONE_NUMBER> Transaction successfully done of Rs.96793 to your Rummy A/C. Click <URL>ine/15a187!94 to withdraw it Now.,,smishing_corpus_row,smishing,public_candidate_spam,Smishing-Dataset-IMC25,reportsmishing/Smishing-Dataset-IMC25,GitHub_dataset,True,True,False,True,spam,,,,,,fail_placeholder_raw,placeholder_raw,True,<PHONE_NUMBER>;<URL>,123,22,False,hi <phone number> transaction successfully done of < > to your rummy a c click <url>ine 15a187 94 to withdraw it now,unique,replace,placeholder_raw
EXP-SPAM-0400,Hello Amazon has invited you to work part-time from home. Make £50 - £300 a day on your phone and get paid on <DATE_TIME>. Simple tasks can be done anywhere anytime. Add My Whatsapp now: <PHONE_NUMBER> Sign up or click the link below to sign up <URL> I limited numbers,Hello Amazon has invited you to work part-time from home. Make £50 - £300 a day on your phone and get paid on <DATE_TIME>. Simple tasks can be done anywhere anytime. Add My Whatsapp now: <PHONE_NUMBER> Sign up or click the link below to sign up <URL> I limited numbers,,smishing_corpus_row,smishing,public_candidate_spam,Smishing-Dataset-IMC25,reportsmishing/Smishing-Dataset-IMC25,GitHub_dataset,True,True,False,True,spam,,,,,,fail_placeholder_raw,placeholder_raw,True,<DATE_TIME>;<PHONE_NUMBER>;<URL>,268,50,False,hello amazon has invited you to work part time from home make < > < > a day on your phone and get paid on <date time> simple tasks can be done anywhere anytime add my whatsapp now <phone number> sign up or click the link below to sign up <url> i limited numbers,unique,replace,placeholder_raw
EXP-SPAM-0405,Dear User Kindly visit <URL> for booking of your FREE Jio Fiber. JIO FIBER,Dear User Kindly visit <URL> for booking of your FREE Jio Fiber. JIO FIBER,,smishing_corpus_row,smishing,public_candidate_spam,Smishing-Dataset-IMC25,reportsmishing/Smishing-Dataset-IMC25,GitHub_dataset,True,False,False,False,promotional spam,,,,,,fail_placeholder_raw,placeholder_raw,True,<URL>,74,14,False,dear user kindly visit <url> for booking of your free jio fiber jio fiber,unique,replace,placeholder_raw
EXP-SPAM-0406,Paying high for calls to <LOCATION>? Calls to <LOCATION> are now only at <DATE_TIME> through Slickcall. Download now: <URL> Text STOP to cancel,Paying high for calls to <LOCATION>? Calls to <LOCATION> are now only at <DATE_TIME> through Slickcall. Download now: <URL> Text STOP to cancel,,smishing_corpus_row,smishing,public_candidate_spam,Smishing-Dataset-IMC25,reportsmishing/Smishing-Dataset-IMC25,GitHub_dataset,True,False,False,False,spam,,,,,,fail_placeholder_raw,placeholder_raw,True,<DATE_TIME>;<LOCATION>;<URL>,143,23,False,paying high for calls to <location> calls to <location> are now only at <date time> through slickcall download now <url> text stop to cancel,unique,replace,placeholder_raw
EXP-SPAM-0407,<DATE_TIME> For $100 Gift From Home Depot,<DATE_TIME> For $100 Gift From Home Depot,,smishing_corpus_row,smishing,public_candidate_spam,Smishing-Dataset-IMC25,reportsmishing/Smishing-Dataset-IMC25,GitHub_dataset,False,False,False,True,reward/prize,,,,,,fail_placeholder_raw,placeholder_raw,True,<DATE_TIME>,41,7,False,<date time> for < > gift from home depot,unique,replace,placeholder_raw
EXP-SPAM-0410,"NEW Mixed Case: Try The Full Freedom Range At Over £30 Off + FREE DELIVERY!
Claim Now: <URL>
Opt-Out: <URL>","NEW Mixed Case: Try The Full Freedom Range At Over £30 Off + FREE DELIVERY!
Claim Now: <URL>
Opt-Out: <URL>",,smishing_corpus_row,smishing,public_candidate_spam,Smishing-Dataset-IMC25,reportsmishing/Smishing-Dataset-IMC25,GitHub_dataset,True,False,False,True,delivery-like suspicious,,,,,,fail_placeholder_raw,placeholder_raw,True,<URL>,107,20,False,new mixed case try the full freedom range at over < > off free delivery claim now <url> opt out <url>,unique,replace,placeholder_raw
EXP-SPAM-0411,"This is the Novel Coronavirus insurance service based on the current outbreak. The premium for COVID-19 insurance is $1,000. If you are diagnosed with <NAMED_ENTITY>, you can get a lump sum of $30,000. In the case of home isolation or hospital isolation, you can get $300 per day for <DATE_TIME> to consult","This is the Novel Coronavirus insurance service based on the current outbreak. The premium for COVID-19 insurance is $1,000. If you are diagnosed with <NAMED_ENTITY>, you can get a lump sum of $30,000. In the case of home isolation or hospital isolation, you can get $300 per day for <DATE_TIME> to consult",,smishing_corpus_row,smishing,public_candidate_spam,Smishing-Dataset-IMC25,reportsmishing/Smishing-Dataset-IMC25,GitHub_dataset,False,False,False,True,spam,,,,,,fail_placeholder_raw,placeholder_raw,True,<DATE_TIME>;<NAMED_ENTITY>,306,55,False,this is the novel coronavirus insurance service based on the current outbreak the premium for covid 19 insurance is < > if you are diagnosed with <named entity> you can get a lump sum of < > in the case of home isolation or hospital isolation you can get < > per day for <date time> to consult,unique,replace,placeholder_raw
EXP-SPAM-0413,"RPC - If you ever drank the water, with-in 500 miles of <LOCATION>, <LOCATION>, You're receiving 85,405k - Call <PHONE_NUMBER> <DATE_TIME>. STOP to end","RPC - If you ever drank the water, with-in 500 miles of <LOCATION>, <LOCATION>, You're receiving 85,405k - Call <PHONE_NUMBER> <DATE_TIME>. STOP to end",,smishing_corpus_row,smishing,public_candidate_spam,Smishing-Dataset-IMC25,reportsmishing/Smishing-Dataset-IMC25,GitHub_dataset,False,True,False,False,spam,,,,,,fail_placeholder_raw,placeholder_raw,True,<DATE_TIME>;<LOCATION>;<PHONE_NUMBER>,151,25,False,rpc if you ever drank the water with in 500 miles of <location> <location> you re receiving 85 405k call <phone number> <date time> stop to end,unique,replace,placeholder_raw
EXP-SPAM-0416,You.r in.voice fo.r last <URL> is re.ceived. Thank.s <URL>e's our <URL>tle present f.or u: aUDk4C0m/Mrz178duBF,You.r in.voice fo.r last <URL> is re.ceived. Thank.s <URL>e's our <URL>tle present f.or u: aUDk4C0m/Mrz178duBF,,smishing_corpus_row,smishing,public_candidate_spam,Smishing-Dataset-IMC25,reportsmishing/Smishing-Dataset-IMC25,GitHub_dataset,True,False,False,False,spam,,,,,,fail_placeholder_raw,placeholder_raw,True,<URL>,110,25,False,you r < > fo r last <url> is < > thank s <url>e s our <url>tle present < > u audk4c0m mrz178dubf,unique,replace,placeholder_raw
EXP-SPAM-0417,"HONOR 9N 4+64<LOCATION>
Grab the #BeautyAllAround phone at just INR 9999. Hurry!","HONOR 9N 4+64<LOCATION>
Grab the #BeautyAllAround phone at just INR 9999. Hurry!",,smishing_corpus_row,smishing,public_candidate_spam,Smishing-Dataset-IMC25,reportsmishing/Smishing-Dataset-IMC25,GitHub_dataset,False,False,False,False,spam,,,,,,fail_placeholder_raw,placeholder_raw,True,<LOCATION>,80,14,False,honor 9n 4 64<location> grab the beautyallaround phone at just inr 9999 hurry,unique,replace,placeholder_raw
EXP-SPAM-0421,"*sniff sniff* ACHOO!!

Can you feel it? Spring is almost here.

Wyze Air Purifier cleans a whopping 12,000 cubic feet of air <DATE_TIME>. That means a healthier home and fewer allergens for your family .

Shop now  & breathe easy >> <LOCATION>

P.S. Just a reminder, friend! Reply STOP to stop receiving messages from us at any time.","*sniff sniff* ACHOO!!

Can you feel it? Spring is almost here.

Wyze Air Purifier cleans a whopping 12,000 cubic feet of air <DATE_TIME>. That means a healthier home and fewer allergens for your family .

Shop now  & breathe easy >> <LOCATION>

P.S. Just a reminder, friend! Reply STOP to stop receiving messages from us at any time.",,smishing_corpus_row,smishing,public_candidate_spam,Smishing-Dataset-IMC25,reportsmishing/Smishing-Dataset-IMC25,GitHub_dataset,False,False,False,False,spam,,,,,,fail_placeholder_raw,placeholder_raw;too_long,True,<DATE_TIME>;<LOCATION>,333,57,False,sniff sniff achoo can you feel it spring is almost here wyze air purifier cleans a whopping 12 000 cubic feet of air <date time> that means a healthier home and fewer allergens for your family shop now breathe easy >> <location> p s just a reminder friend reply stop to stop receiving messages from us at any time,unique,replace,placeholder_raw;too_long
EXP-SPAM-0422,Dear  <US_DRIVER_LICENSE> Welcome Bonus on MynCircle PUW vs KOL Prize Pool - Rs <US_BANK_NUMBER> (8.95 Crores) Entry Fees - Rs49 Click - <URL>  Dear <US_DRIVER_LICENSE> Bonus to be credited on MynCircle HYD vs PUW Prize Pool - <US_BANK_NUMBER> (6.70 Cr) Entry Fees - Rs49 Click - <URL>,Dear  <US_DRIVER_LICENSE> Welcome Bonus on MynCircle PUW vs KOL Prize Pool - Rs <US_BANK_NUMBER> (8.95 Crores) Entry Fees - Rs49 Click - <URL>  Dear <US_DRIVER_LICENSE> Bonus to be credited on MynCircle HYD vs PUW Prize Pool - <US_BANK_NUMBER> (6.70 Cr) Entry Fees - Rs49 Click - <URL>,,smishing_corpus_row,smishing,public_candidate_spam,Smishing-Dataset-IMC25,reportsmishing/Smishing-Dataset-IMC25,GitHub_dataset,True,False,False,True,banking/account-like suspicious,,,,,,fail_placeholder_raw,placeholder_raw,True,<URL>;<US_BANK_NUMBER>;<US_DRIVER_LICENSE>,285,43,False,dear <us driver license> welcome bonus on myncircle puw vs kol prize pool rs <us bank number> 8 95 crores entry fees < > click <url> dear <us driver license> bonus to be credited on myncircle hyd vs puw prize pool <us bank number> 6 70 cr entry fees < > click <url>,unique,replace,placeholder_raw
EXP-SPAM-0424,THANKS FOR YOUR SUPPORT IN THE PRESIDENTIAL ELECTION YOU HAVE RECEIVED #75000 FROM Excellency <NAMED_ENTITY> tinubu CALL <PHONE_NUMBER> TO CLAIM.,THANKS FOR YOUR SUPPORT IN THE PRESIDENTIAL ELECTION YOU HAVE RECEIVED #75000 FROM Excellency <NAMED_ENTITY> tinubu CALL <PHONE_NUMBER> TO CLAIM.,,smishing_corpus_row,smishing,public_candidate_spam,Smishing-Dataset-IMC25,reportsmishing/Smishing-Dataset-IMC25,GitHub_dataset,False,True,False,False,reward/prize,,,,,,fail_placeholder_raw,placeholder_raw,True,<NAMED_ENTITY>;<PHONE_NUMBER>,145,20,False,thanks for your support in the presidential election you have received 75000 from excellency <named entity> tinubu call <phone number> to claim,unique,replace,placeholder_raw
EXP-SPAM-0425,You got a local fl!ng request from <NAMED_ENTITY>. Respond here:,You got a local fl!ng request from <NAMED_ENTITY>. Respond here:,,smishing_corpus_row,smishing,public_candidate_spam,Smishing-Dataset-IMC25,reportsmishing/Smishing-Dataset-IMC25,GitHub_dataset,False,False,False,False,spam,,,,,,fail_placeholder_raw,placeholder_raw,True,<NAMED_ENTITY>,64,11,False,you got a local fl ng request from <named entity> respond here,unique,replace,placeholder_raw
EXP-SPAM-0426,RK GLOBAL RECOMMENDATION - BUY SUNSTAR REALTY DEVELOPMENT LTD. (BSE Code : <US_DRIVER_LICENSE>) @ 17.05 TGT 26 SL <PHONE_NUMBER> TIME HORIZON 15 DAYS. Minimum Trade Quantity 11500,RK GLOBAL RECOMMENDATION - BUY SUNSTAR REALTY DEVELOPMENT LTD. (BSE Code : <US_DRIVER_LICENSE>) @ 17.05 TGT 26 SL <PHONE_NUMBER> TIME HORIZON 15 DAYS. Minimum Trade Quantity 11500,,smishing_corpus_row,smishing,public_candidate_spam,Smishing-Dataset-IMC25,reportsmishing/Smishing-Dataset-IMC25,GitHub_dataset,False,True,False,False,spam,,,,,,fail_placeholder_raw,placeholder_raw,True,<PHONE_NUMBER>;<US_DRIVER_LICENSE>,179,25,False,rk global recommendation buy sunstar realty development ltd bse code <us driver license> 17 05 tgt 26 sl <phone number> time horizon 15 days minimum trade quantity 11500,unique,replace,placeholder_raw
EXP-SPAM-0428,Dear  Rs.5000 BONUS CASH FOR YOU. GUJ vs KOL & HYD vs PJB <US_DRIVER_LICENSE> on My11Circle 2nd Prize - Rs.1CRORE + Grand 1st Prize! Join Now - <URL>,Dear  Rs.5000 BONUS CASH FOR YOU. GUJ vs KOL & HYD vs PJB <US_DRIVER_LICENSE> on My11Circle 2nd Prize - Rs.1CRORE + Grand 1st Prize! Join Now - <URL>,,smishing_corpus_row,smishing,public_candidate_spam,Smishing-Dataset-IMC25,reportsmishing/Smishing-Dataset-IMC25,GitHub_dataset,True,False,False,True,gambling/casino/free spin,,,,,,fail_placeholder_raw,placeholder_raw,True,<URL>;<US_DRIVER_LICENSE>,149,26,False,dear < > bonus cash for you guj vs kol hyd vs pjb <us driver license> on my11circle 2nd prize < > crore grand 1st prize join now <url>,unique,replace,placeholder_raw
EXP-SPAM-0429,"Cash in for FREE via <LOCATION> <DATE_TIME>! Promo is available on <DATE_TIME>, <DATE_TIME> and <DATE_TIME>. T&Cs: <URL>","Cash in for FREE via <LOCATION> <DATE_TIME>! Promo is available on <DATE_TIME>, <DATE_TIME> and <DATE_TIME>. T&Cs: <URL>",,smishing_corpus_row,smishing,public_candidate_spam,Smishing-Dataset-IMC25,reportsmishing/Smishing-Dataset-IMC25,GitHub_dataset,True,False,False,False,promotional spam,,,,,,fail_placeholder_raw,placeholder_raw,True,<DATE_TIME>;<LOCATION>;<URL>,120,18,False,cash in for free via <location> <date time> promo is available on <date time> <date time> and <date time> t cs <url>,unique,replace,placeholder_raw
EXP-SPAM-0430,Hi XXXXX Transaction Successfully done of <NAMED_ENTITY> to your Rummy account on date 15 Feb Withdraw it now.,Hi XXXXX Transaction Successfully done of <NAMED_ENTITY> to your Rummy account on date 15 Feb Withdraw it now.,,smishing_corpus_row,smishing,public_candidate_spam,Smishing-Dataset-IMC25,reportsmishing/Smishing-Dataset-IMC25,GitHub_dataset,False,False,False,False,banking/account-like suspicious,,,,,,fail_placeholder_raw,placeholder_raw,True,<NAMED_ENTITY>,110,18,False,hi xxxxx transaction successfully done of <named entity> to your rummy account on date 15 feb withdraw it now,unique,replace,placeholder_raw
EXP-SPAM-0434,"OTC
20% off entire store
Valid for <DATE_TIME> only

#1 voted store
<URL>
Reply STOP to end.","OTC
20% off entire store
Valid for <DATE_TIME> only

#1 voted store
<URL>
Reply STOP to end.",,smishing_corpus_row,smishing,public_candidate_spam,Smishing-Dataset-IMC25,reportsmishing/Smishing-Dataset-IMC25,GitHub_dataset,True,False,False,False,spam,,,,,,fail_placeholder_raw,placeholder_raw,True,<DATE_TIME>;<URL>,92,17,False,otc 20 off entire store valid for <date time> only 1 voted store <url> reply stop to end,unique,replace,placeholder_raw
EXP-SPAM-0436,We apologize for the erroneous message that you won N1m in the Mega Draw. Please ignore but you can still win as the promo ends <DATE_TIME>. Enquire on <DATE_TIME>,We apologize for the erroneous message that you won N1m in the Mega Draw. Please ignore but you can still win as the promo ends <DATE_TIME>. Enquire on <DATE_TIME>,,smishing_corpus_row,smishing,public_candidate_spam,Smishing-Dataset-IMC25,reportsmishing/Smishing-Dataset-IMC25,GitHub_dataset,False,False,False,False,reward/prize,,,,,,fail_placeholder_raw,placeholder_raw,True,<DATE_TIME>,163,29,False,we apologize for the erroneous message that you won n1m in the mega draw please ignore but you can still win as the promo ends <date time> enquire on <date time>,unique,replace,placeholder_raw
EXP-SPAM-0438,Hi Did you still need funding? We're doing deals <DATE_TIME> funding. What's best email?,Hi Did you still need funding? We're doing deals <DATE_TIME> funding. What's best email?,,smishing_corpus_row,smishing,public_candidate_spam,Smishing-Dataset-IMC25,reportsmishing/Smishing-Dataset-IMC25,GitHub_dataset,False,False,False,False,spam,,,,,,fail_placeholder_raw,placeholder_raw,True,<DATE_TIME>,88,16,False,hi did you still need funding we re doing deals <date time> funding what s best email,unique,replace,placeholder_raw
EXP-SPAM-0439,Hello [redacted] Transaction successfully done of Rs.99860/- into Your Rummy Account on <DATE_TIME>. Withdraw it now.,Hello [redacted] Transaction successfully done of Rs.99860/- into Your Rummy Account on <DATE_TIME>. Withdraw it now.,,smishing_corpus_row,smishing,public_candidate_spam,Smishing-Dataset-IMC25,reportsmishing/Smishing-Dataset-IMC25,GitHub_dataset,False,False,False,True,banking/account-like suspicious,,,,,,fail_placeholder_raw,placeholder_raw,True,<DATE_TIME>,117,17,False,hello redacted transaction successfully done of < > into your rummy account on <date time> withdraw it now,unique,replace,placeholder_raw
EXP-SPAM-0440,"'Welcome to <DATE_TIME> alerts' to Cancel future texts, please reply Stop. Welcome message, strategy and rules: <URL>","'Welcome to <DATE_TIME> alerts' to Cancel future texts, please reply Stop. Welcome message, strategy and rules: <URL>",,smishing_corpus_row,smishing,public_candidate_spam,Smishing-Dataset-IMC25,reportsmishing/Smishing-Dataset-IMC25,GitHub_dataset,True,False,False,False,spam,,,,,,fail_placeholder_raw,placeholder_raw,True,<DATE_TIME>;<URL>,117,17,False,welcome to <date time> alerts to cancel future texts please reply stop welcome message strategy and rules <url>,unique,replace,placeholder_raw
EXP-SPAM-0446,"CONGRATULATIONS You are lucky winner in my <NRP> online shopping. your prize Tata saffari storm four wheeler Luxury car.& car marketing value ammount 12,80,000=00 Your Cupon no:-90508 Myntra General manager <NAMED_ENTITY> My contact no-7547002727T&C apply.","CONGRATULATIONS You are lucky winner in my <NRP> online shopping. your prize Tata saffari storm four wheeler Luxury car.& car marketing value ammount 12,80,000=00 Your Cupon no:-90508 Myntra General manager <NAMED_ENTITY> My contact no-7547002727T&C apply.",,smishing_corpus_row,smishing,public_candidate_spam,Smishing-Dataset-IMC25,reportsmishing/Smishing-Dataset-IMC25,GitHub_dataset,False,True,False,False,reward/prize,,,,,,fail_placeholder_raw,placeholder_raw,True,<NAMED_ENTITY>;<NRP>,256,41,False,congratulations you are lucky winner in my <nrp> online shopping your prize tata saffari storm four wheeler luxury car car marketing value ammount 12 80 000 00 your cupon no 90508 myntra general manager <named entity> my contact no < > t c apply,unique,replace,placeholder_raw
EXP-SPAM-0449,Last reminder! The iPad Pro you won from <DATE_TIME> Giveaway was not yet claimed! Claim it here <URL> D You got <DATE_TIME> left!,Last reminder! The iPad Pro you won from <DATE_TIME> Giveaway was not yet claimed! Claim it here <URL> D You got <DATE_TIME> left!,,smishing_corpus_row,smishing,public_candidate_spam,Smishing-Dataset-IMC25,reportsmishing/Smishing-Dataset-IMC25,GitHub_dataset,True,False,False,False,reward/prize,,,,,,fail_placeholder_raw,placeholder_raw,True,<DATE_TIME>;<URL>,130,23,False,last reminder the ipad pro you won from <date time> giveaway was not yet claimed claim it here <url> d you got <date time> left,unique,replace,placeholder_raw
EXP-SPAM-0451,"Dear User, Your phone has been getting too many spam texts. Eradicate them now here >> <URL>","Dear User, Your phone has been getting too many spam texts. Eradicate them now here >> <URL>",,smishing_corpus_row,smishing,public_candidate_spam,Smishing-Dataset-IMC25,reportsmishing/Smishing-Dataset-IMC25,GitHub_dataset,True,False,False,False,spam,,,,,,fail_placeholder_raw,placeholder_raw,True,<URL>,92,16,False,dear user your phone has been getting too many spam texts eradicate them now here >> <url>,unique,replace,placeholder_raw
EXP-SPAM-0452,"SPAMMERS, do you need the best tools to deliver high quality results for your spam? Spam friendly services running smooth as ever
Muni-hosting(.)com - FastFlux hosting services for your anonymous hosting
Thesmsbandits(.)com - Your spam friendly <LOCATION>, BTC top ups providing high delivery rates
Message me for a discount on your first purchase of web hosting from us","SPAMMERS, do you need the best tools to deliver high quality results for your spam? Spam friendly services running smooth as ever
Muni-hosting(.)com - FastFlux hosting services for your anonymous hosting
Thesmsbandits(.)com - Your spam friendly <LOCATION>, BTC top ups providing high delivery rates
Message me for a discount on your first purchase of web hosting from us",,smishing_corpus_row,smishing,public_candidate_spam,Smishing-Dataset-IMC25,reportsmishing/Smishing-Dataset-IMC25,GitHub_dataset,False,False,False,True,delivery-like suspicious,,,,,,fail_placeholder_raw,placeholder_raw;too_long,True,<LOCATION>,370,59,False,spammers do you need the best tools to deliver high quality results for your spam spam friendly services running smooth as ever muni hosting com fastflux hosting services for your anonymous hosting thesmsbandits com your spam friendly <location> btc top ups providing high delivery rates message me for a discount on your first purchase of web hosting from us,unique,replace,placeholder_raw;too_long
EXP-SPAM-0456,"We offer you 50% Bonus on your <DATE_TIME> Recharge. To avail, download JumiaOne app & login with your <NAMED_ENTITY> credentials here <URL> Expires <DATE_TIME> !!!","We offer you 50% Bonus on your <DATE_TIME> Recharge. To avail, download JumiaOne app & login with your <NAMED_ENTITY> credentials here <URL> Expires <DATE_TIME> !!!",,smishing_corpus_row,smishing,public_candidate_spam,Smishing-Dataset-IMC25,reportsmishing/Smishing-Dataset-IMC25,GitHub_dataset,True,False,False,False,reward/prize,,,,,,fail_placeholder_raw,placeholder_raw,True,<DATE_TIME>;<NAMED_ENTITY>;<URL>,164,23,False,we offer you 50 bonus on your <date time> recharge to avail download jumiaone app login with your <named entity> credentials here <url> expires <date time>,unique,replace,placeholder_raw
EXP-SPAM-0459,GapIncRewards: Reply Y to confirm consent to recurring autodialed promo msgs to this # & Terms: <URL> Consent not required 4 purch. Msg&DataRatesMayAply,GapIncRewards: Reply Y to confirm consent to recurring autodialed promo msgs to this # & Terms: <URL> Consent not required 4 purch. Msg&DataRatesMayAply,,smishing_corpus_row,smishing,public_candidate_spam,Smishing-Dataset-IMC25,reportsmishing/Smishing-Dataset-IMC25,GitHub_dataset,True,False,False,False,reward/prize,,,,,,fail_placeholder_raw,placeholder_raw,True,<URL>,152,22,False,gapincrewards reply y to confirm consent to recurring autodialed promo msgs to this terms <url> consent not required < > urch msg dataratesmayaply,unique,replace,placeholder_raw
EXP-SPAM-0460,"Confirmed: , you've obtained this Woolworths gift card as a thank you. <URL> to receive","Confirmed: , you've obtained this Woolworths gift card as a thank you. <URL> to receive",,smishing_corpus_row,smishing,public_candidate_spam,Smishing-Dataset-IMC25,reportsmishing/Smishing-Dataset-IMC25,GitHub_dataset,True,False,False,False,banking/account-like suspicious,,,,,,fail_placeholder_raw,placeholder_raw,True,<URL>,87,15,False,confirmed you ve obtained this woolworths gift card as a thank you <url> to receive,unique,replace,placeholder_raw
EXP-SPAM-0463,Congratulation you have become a winner in the 1st prize by Meesho company. this valid for <DATE_TIME>. please contact <LOCATION> T&C Apply,Congratulation you have become a winner in the 1st prize by Meesho company. this valid for <DATE_TIME>. please contact <LOCATION> T&C Apply,,smishing_corpus_row,smishing,public_candidate_spam,Smishing-Dataset-IMC25,reportsmishing/Smishing-Dataset-IMC25,GitHub_dataset,False,False,False,False,reward/prize,,,,,,fail_placeholder_raw,placeholder_raw,True,<DATE_TIME>;<LOCATION>,139,23,False,congratulation you have become a winner in the 1st prize by meesho company this valid for <date time> please contact <location> t c apply,unique,replace,placeholder_raw
EXP-SPAM-0464,"Your Mobile No has been gifted the sum of £1,230,000.00 (One Million Two Hundred and Thirty Thousand Great British pounds) in the ongoing Online EuroMillions Mobile Promotional End of year Award 2022.

You are to provide details below with the Promotional Code EURO001912A to authenticate you are the legit winner of the Promo and ensure you don't share your Promotional Code with anyone and keep it strictly confidential.

Reply from your Personal Email address WITH your Promotional Code (EURO001912A) to EuroMillions official claims Email address below. Claims Email: <EMAIL_ADDRESS>","Your Mobile No has been gifted the sum of £1,230,000.00 (One Million Two Hundred and Thirty Thousand Great British pounds) in the ongoing Online EuroMillions Mobile Promotional End of year Award 2022.

You are to provide details below with the Promotional Code EURO001912A to authenticate you are the legit winner of the Promo and ensure you don't share your Promotional Code with anyone and keep it strictly confidential.

Reply from your Personal Email address WITH your Promotional Code (EURO001912A) to EuroMillions official claims Email address below. Claims Email: <EMAIL_ADDRESS>",,smishing_corpus_row,smishing,public_candidate_spam,Smishing-Dataset-IMC25,reportsmishing/Smishing-Dataset-IMC25,GitHub_dataset,False,False,True,True,reward/prize,,,,,,fail_placeholder_raw,placeholder_raw;too_long,True,<EMAIL_ADDRESS>,586,93,False,your mobile no has been gifted the sum of < > one million two hundred and thirty thousand great british pounds in the ongoing online euromillions mobile promotional end of year award 2022 you are to provide details below with the promotional code euro001912a to authenticate you are the legit winner of the promo and ensure you don t share your promotional < > anyone and keep it strictly confidential reply from your personal email address with your promotional code euro001912a to euromillions official claims email address below claims email <email address>,unique,replace,placeholder_raw;too_long
EXP-SPAM-0465,The Airtel Mega offer is still on! Get a MiFi for just <US_DRIVER_LICENSE> + up to 125<LOCATION> bonus or MiFi +up to 150<LOCATION> bonus @ <US_DRIVER_LICENSE>. Visit our Airtel Shop at 86 Etagbor Road Calabar. Offer valid while stock lasts,The Airtel Mega offer is still on! Get a MiFi for just <US_DRIVER_LICENSE> + up to 125<LOCATION> bonus or MiFi +up to 150<LOCATION> bonus @ <US_DRIVER_LICENSE>. Visit our Airtel Shop at 86 Etagbor Road Calabar. Offer valid while stock lasts,,smishing_corpus_row,smishing,public_candidate_spam,Smishing-Dataset-IMC25,reportsmishing/Smishing-Dataset-IMC25,GitHub_dataset,False,False,False,False,reward/prize,,,,,,fail_placeholder_raw,placeholder_raw,True,<LOCATION>;<US_DRIVER_LICENSE>,240,40,False,the airtel mega offer is still on get a mifi for just <us driver license> up to 125<location> bonus or mifi up to 150<location> bonus <us driver license> visit our airtel shop at 86 etagbor road calabar offer valid while stock lasts,unique,replace,placeholder_raw
EXP-SPAM-0466,"CALL OR TEXT ME ON <NAMED_ENTITY> AT THIS NUMBER, <PHONE_NUMBER>, TO CLAIM YOUR WON WINNINGS OF 1 MILLION DOLLARS.","CALL OR TEXT ME ON <NAMED_ENTITY> AT THIS NUMBER, <PHONE_NUMBER>, TO CLAIM YOUR WON WINNINGS OF 1 MILLION DOLLARS.",,smishing_corpus_row,smishing,public_candidate_spam,Smishing-Dataset-IMC25,reportsmishing/Smishing-Dataset-IMC25,GitHub_dataset,False,True,False,True,reward/prize,,,,,,fail_placeholder_raw,placeholder_raw,True,<NAMED_ENTITY>;<PHONE_NUMBER>,114,19,False,call or text me on <named entity> at this number <phone number> to claim your won winnings of 1 million dollars,unique,replace,placeholder_raw
EXP-SPAM-0469,"Hey, Do you want to know what you can do with 25 AUD for free? Go to <URL> Good luck","Hey, Do you want to know what you can do with 25 AUD for free? Go to <URL> Good luck",,smishing_corpus_row,smishing,public_candidate_spam,Smishing-Dataset-IMC25,reportsmishing/Smishing-Dataset-IMC25,GitHub_dataset,True,False,False,False,promotional spam,,,,,,fail_placeholder_raw,placeholder_raw,True,<URL>,84,20,False,hey do you want to know what you can do with 25 aud for free go to <url> good luck,unique,replace,placeholder_raw
EXP-SPAM-0472,My name is <NAMED_ENTITY> from  Kinnect company LTD  If you know how to follow our page then send me a screenshot  I can give you 3 pages to follow if you want then once you received the money you decide if you want to continue or not. we will pay you 150 rs for 3 follow our pages. Are you interested?  <DATE_TIME> is enough to complete the tasks After that you will get 150 RS immediately you really want to earn money you can be earning <DATE_TIME> to 4000 rs <DATE_TIME>.  If we don’t pay you within <DATE_TIME> you can  unfollow all the page.,My name is <NAMED_ENTITY> from  Kinnect company LTD  If you know how to follow our page then send me a screenshot  I can give you 3 pages to follow if you want then once you received the money you decide if you want to continue or not. we will pay you 150 rs for 3 follow our pages. Are you interested?  <DATE_TIME> is enough to complete the tasks After that you will get 150 RS immediately you really want to earn money you can be earning <DATE_TIME> to 4000 rs <DATE_TIME>.  If we don’t pay you within <DATE_TIME> you can  unfollow all the page.,,smishing_corpus_row,smishing,public_candidate_spam,Smishing-Dataset-IMC25,reportsmishing/Smishing-Dataset-IMC25,GitHub_dataset,False,False,False,True,job/investment offer,,,,,,fail_placeholder_raw,placeholder_raw;too_long;not_sms_like_artifact,True,<DATE_TIME>;<NAMED_ENTITY>,547,105,False,my name is <named entity> from kinnect company ltd if you know how to follow our page then send me a screenshot i can give you < > ages to follow if you want then once you received the money you decide if you want to continue or not we will pay you < > for 3 follow our pages are you interested <date time> is enough to complete the tasks after that you will get < > immediately you really want to earn money you can be earning <date time> to < > <date time> if we don t pay you within <date time> you can unfollow all the page,unique,replace,placeholder_raw;too_long;not_sms_like_artifact
EXP-SPAM-0473,"Dear User,
You have won our <DATE_TIME> prize, please call us to claim it before we give it to someone else: <URL>
STOP TO OPTOUT","Dear User,
You have won our <DATE_TIME> prize, please call us to claim it before we give it to someone else: <URL>
STOP TO OPTOUT",,smishing_corpus_row,smishing,public_candidate_spam,Smishing-Dataset-IMC25,reportsmishing/Smishing-Dataset-IMC25,GitHub_dataset,True,False,False,False,reward/prize,,,,,,fail_placeholder_raw,placeholder_raw,True,<DATE_TIME>;<URL>,129,25,False,dear user you have won our <date time> prize please call us to claim it before we give it to someone else <url> stop to optout,unique,replace,placeholder_raw
EXP-SPAM-0476,"BUY 10000 SHARE OF ""<NAMED_ENTITY>"" (BSE CODE:-<US_DRIVER_LICENSE>) AT @ 10.76, Target : 20 + BACK TO BACK UPPER CIRCUIT SMALL COMPANY BUT HUGE PROFIT","BUY 10000 SHARE OF ""<NAMED_ENTITY>"" (BSE CODE:-<US_DRIVER_LICENSE>) AT @ 10.76, Target : 20 + BACK TO BACK UPPER CIRCUIT SMALL COMPANY BUT HUGE PROFIT",,smishing_corpus_row,smishing,public_candidate_spam,Smishing-Dataset-IMC25,reportsmishing/Smishing-Dataset-IMC25,GitHub_dataset,False,False,False,False,spam,,,,,,fail_placeholder_raw,placeholder_raw,True,<NAMED_ENTITY>;<US_DRIVER_LICENSE>,150,23,False,buy 10000 share of <named entity> bse code <us driver license> at 10 76 target 20 back to back upper circuit small company but huge profit,unique,replace,placeholder_raw
EXP-SPAM-0478,Hay <UK_NHS> Transaction successfully done of Rs.96793 to your Rummy A/C. Click <URL> to withdraw it Now.,Hay <UK_NHS> Transaction successfully done of Rs.96793 to your Rummy A/C. Click <URL> to withdraw it Now.,,smishing_corpus_row,smishing,public_candidate_spam,Smishing-Dataset-IMC25,reportsmishing/Smishing-Dataset-IMC25,GitHub_dataset,True,False,False,True,spam,,,,,,fail_placeholder_raw,placeholder_raw,True,<UK_NHS>;<URL>,105,19,False,hay <uk nhs> transaction successfully done of < > to your rummy a c click <url> to withdraw it now,unique,replace,placeholder_raw
EXP-SPAM-0481,Awuf4U Bonus Acc: Dial *559*14# Amt: <US_DRIVER_LICENSE>.00 Bundle: <US_DRIVER_LICENSE> for 2GB + FREE 4<LOCATION> for <LOCATION>,Awuf4U Bonus Acc: Dial *559*14# Amt: <US_DRIVER_LICENSE>.00 Bundle: <US_DRIVER_LICENSE> for 2GB + FREE 4<LOCATION> for <LOCATION>,,smishing_corpus_row,smishing,public_candidate_spam,Smishing-Dataset-IMC25,reportsmishing/Smishing-Dataset-IMC25,GitHub_dataset,False,False,False,False,reward/prize,,,,,,fail_placeholder_raw,placeholder_raw,True,<LOCATION>;<US_DRIVER_LICENSE>,129,18,False,awuf4u bonus acc dial 559 14 amt <us driver license> 00 bundle <us driver license> for 2gb free 4<location> for <location>,unique,replace,placeholder_raw
EXP-SPAM-0484,<NAMED_ENTITY>: You're the first to know! We've had some extra times open up <DATE_TIME>.  <DATE_TIME> Book now at,<NAMED_ENTITY>: You're the first to know! We've had some extra times open up <DATE_TIME>.  <DATE_TIME> Book now at,,smishing_corpus_row,smishing,public_candidate_spam,Smishing-Dataset-IMC25,reportsmishing/Smishing-Dataset-IMC25,GitHub_dataset,False,False,False,True,spam,,,,,,fail_placeholder_raw,placeholder_raw,True,<DATE_TIME>;<NAMED_ENTITY>,114,20,False,<named entity> you re the first to know we ve had some extra times open up <date time> <date time> book now at,unique,replace,placeholder_raw
EXP-SPAM-0485,Deposit 25 and get 150 to play with right away. Fast cashouts  Start here <URL>,Deposit 25 and get 150 to play with right away. Fast cashouts  Start here <URL>,,smishing_corpus_row,smishing,public_candidate_spam,Smishing-Dataset-IMC25,reportsmishing/Smishing-Dataset-IMC25,GitHub_dataset,True,False,False,False,spam,,,,,,fail_placeholder_raw,placeholder_raw,True,<URL>,79,15,False,deposit 25 and get 150 to play with right away fast cashouts start here <url>,unique,replace,placeholder_raw
EXP-SPAM-0492,Your payment fo.r Jul.y is receiv.ed. <URL>k you! thi.s is a littl.e loyalty <URL>nt for you.:,Your payment fo.r Jul.y is receiv.ed. <URL>k you! thi.s is a littl.e loyalty <URL>nt for you.:,,smishing_corpus_row,smishing,public_candidate_spam,Smishing-Dataset-IMC25,reportsmishing/Smishing-Dataset-IMC25,GitHub_dataset,True,False,False,False,spam,,,,,,fail_placeholder_raw,placeholder_raw,True,<URL>,94,23,False,your payment fo r jul y is < > <url>k you thi s is a littl e loyalty <url>nt for you,unique,replace,placeholder_raw
EXP-SPAM-0493,Dear Customer Congratulations! Special <NAMED_ENTITY> Offer on Joy meshoo COMPANY. Our Lucky Customers use ONLINE SHOPPING to Win exciting prize like Maruti Dzire CAR worth INR <US_DRIVER_LICENSE>.00/-. Registration Fee as low as INR 3000/-. Call to Book - <PHONE_NUMBER> <NAMED_ENTITY> or Visit: Thank You!,Dear Customer Congratulations! Special <NAMED_ENTITY> Offer on Joy meshoo COMPANY. Our Lucky Customers use ONLINE SHOPPING to Win exciting prize like Maruti Dzire CAR worth INR <US_DRIVER_LICENSE>.00/-. Registration Fee as low as INR 3000/-. Call to Book - <PHONE_NUMBER> <NAMED_ENTITY> or Visit: Thank You!,,smishing_corpus_row,smishing,public_candidate_spam,Smishing-Dataset-IMC25,reportsmishing/Smishing-Dataset-IMC25,GitHub_dataset,False,True,False,True,reward/prize,,,,,,fail_placeholder_raw,placeholder_raw,True,<NAMED_ENTITY>;<PHONE_NUMBER>;<US_DRIVER_LICENSE>,307,44,False,dear customer congratulations special <named entity> offer on joy meshoo company our lucky customers use online shopping to win exciting prize like maruti dzire car worth inr <us driver license> 00 registration fee as low as inr 3000 call to book <phone number> <named entity> or visit thank you,unique,replace,placeholder_raw
EXP-SPAM-0495,"Dream big, invest wisely, and watch your wealth grow. <URL>","Dream big, invest wisely, and watch your wealth grow. <URL>",,smishing_corpus_row,smishing,public_candidate_spam,Smishing-Dataset-IMC25,reportsmishing/Smishing-Dataset-IMC25,GitHub_dataset,True,False,False,False,spam,,,,,,fail_placeholder_raw,placeholder_raw,True,<URL>,59,10,False,dream big invest wisely and watch your wealth grow <url>,unique,replace,placeholder_raw
EXP-SPAM-0496,SHOCKING NEWS: <NAMED_ENTITY><URL>,SHOCKING NEWS: <NAMED_ENTITY><URL>,,smishing_corpus_row,smishing,public_candidate_spam,Smishing-Dataset-IMC25,reportsmishing/Smishing-Dataset-IMC25,GitHub_dataset,True,False,False,False,spam,,,,,,fail_placeholder_raw,placeholder_raw,True,<NAMED_ENTITY>;<URL>,34,4,False,shocking news <named entity><url>,unique,replace,placeholder_raw
EXP-SPAM-0497,Congrats!You have received rs 15 Paytm Cash. Use code CK6CPGPCZDCE at <URL> to redeem. Send 2 more codes to get a chance to win Rs. 1 lakh Paytm Cash.,Congrats!You have received rs 15 Paytm Cash. Use code CK6CPGPCZDCE at <URL> to redeem. Send 2 more codes to get a chance to win Rs. 1 lakh Paytm Cash.,,smishing_corpus_row,smishing,public_candidate_spam,Smishing-Dataset-IMC25,reportsmishing/Smishing-Dataset-IMC25,GitHub_dataset,True,False,False,True,spam,,,,,,fail_placeholder_raw,placeholder_raw,True,<URL>,150,30,False,congrats you have received < > paytm cash use code ck6cpgpczdce at <url> to redeem send 2 more codes to get a chance to win < > lakh paytm cash,unique,replace,placeholder_raw
EXP-SPAM-0498,"Congratulations, Win Real Money by Playing Rummy online <US_DRIVER_LICENSE> Welcome Bonus Win Real Cash Withdraw Directly to Your Bank","Congratulations, Win Real Money by Playing Rummy online <US_DRIVER_LICENSE> Welcome Bonus Win Real Cash Withdraw Directly to Your Bank",,smishing_corpus_row,smishing,public_candidate_spam,Smishing-Dataset-IMC25,reportsmishing/Smishing-Dataset-IMC25,GitHub_dataset,False,False,False,False,banking/account-like suspicious,,,,,,fail_placeholder_raw,placeholder_raw,True,<US_DRIVER_LICENSE>,134,19,False,congratulations win real money by playing rummy online <us driver license> welcome bonus win real cash withdraw directly to your bank,unique,replace,placeholder_raw
EXP-SPAM-0500,"Club Mahindra Holidays Invite You & Family Our Venue @ <LOCATION>. GMDC House, Opp-Hill Garden, Bhuj - Mirjapar Highway, <LOCATION>, <LOCATION>, <LOCATION> <US_DRIVER_LICENSE>.

Date-27th <DATE_TIME>.
Once You Reach
Call On : <UK_NHS>.

Your Entry Code CM-HS.","Club Mahindra Holidays Invite You & Family Our Venue @ <LOCATION>. GMDC House, Opp-Hill Garden, Bhuj - Mirjapar Highway, <LOCATION>, <LOCATION>, <LOCATION> <US_DRIVER_LICENSE>.

Date-27th <DATE_TIME>.
Once You Reach
Call On : <UK_NHS>.

Your Entry Code CM-HS.",,smishing_corpus_row,smishing,public_candidate_spam,Smishing-Dataset-IMC25,reportsmishing/Smishing-Dataset-IMC25,GitHub_dataset,False,False,True,False,spam,,,,,,fail_placeholder_raw,placeholder_raw,True,<DATE_TIME>;<LOCATION>;<UK_NHS>;<US_DRIVER_LICENSE>,259,35,False,club mahindra holidays invite you family our venue <location> gmdc house opp hill garden bhuj mirjapar highway <location> <location> <location> <us driver license> date 27th <date time> once you reach call on <uk nhs> your entry < >,unique,replace,placeholder_raw
