unified_id,source_name,dataset_name,source_group,source_row_id,message_text,source_label,normalized_label,label_status,review_status,contains_url,contains_email,contains_phone,source_file,notes,normalized_text_key,duplicate_cluster_id,duplicate_cluster_size,is_dedup_representative,duplicate_cluster_sources,duplicate_cluster_labels,message_raw,message_clean,raw_text_available,raw_text_status,cleaning_status,redaction_detected_in_raw,raw_lookup_status,raw_lookup_notes,replacement_status,replacement_candidate_id,original_replaced_unified_id,final_dataset_eligible,exclusion_reason
gathered_smishx_smishing_0134,SmishX,Gathered approved smishing 7k,gathered_approved_smishing,smishx_smishing_0134,"FRM:Unit-VJKXU SUBJ:CS_ID: <PHONE> MSG: Your shipment <OTP> could not be delivered. To reschedule, continue below:<URL>",smishing,smishing,accepted,approved,false,false,false,data\final\approved_smishing_messages.csv,original_source=SmishX; scam_category=other; strict-clean approved gathered smishing row.,frm unit vjkxu subj cs id <phone> msg your shipment <otp> could not be delivered to reschedule continue below <url>,,1,true,SmishX,smishing,"FRM:Unit-VJKXU SUBJ:CS_ID: 106109122 MSG: Your shipment 55511 could not be delivered. To reschedule, continue below:https://lnkd.in/eZXKcEdF","FRM:Unit-VJKXU SUBJ:CS_ID: <PHONE> MSG: Your shipment 55511 could not be delivered. To reschedule, continue below:<URL>",True,original_unredacted,cleaned_from_raw,False,found_in_source_archive,Selected gathered final `message_raw` as the least-redacted available text.,excluded_duplicate_raw_available,,gathered_smishx_smishing_0134,False,duplicate_against_raw_required_dataset
gathered_smishx_smishing_0249,SmishX,Gathered approved smishing 7k,gathered_approved_smishing,smishx_smishing_0249,Welcome to Paytm payment bank your re verification done successful in your wallet get <OTP> cashback click in link and login your paytm <URL>,smishing,smishing,accepted,approved,false,false,false,data\final\approved_smishing_messages.csv,original_source=SmishX; scam_category=other; strict-clean approved gathered smishing row.,welcome to paytm payment bank your re verification done successful in your wallet get <otp> cashback click in link and login your paytm <url>,,1,true,SmishX,smishing,Welcome to Paytm payment bank your re verification done successful in your wallet get 1205 cashback click in link and login your paytm http://7e4d6417.ngrok.io/paytm,Welcome to Paytm payment bank your re verification done successful in your wallet get 1205 cashback click in link and login your paytm <URL>,True,original_unredacted,cleaned_from_raw,False,found_in_source_archive,Selected gathered final `message_raw` as the least-redacted available text.,excluded_duplicate_raw_available,,gathered_smishx_smishing_0249,False,duplicate_against_raw_required_dataset
gathered_imc25_english_smish_00007,Smishing-Dataset-IMC25,Gathered approved smishing 7k,gathered_approved_smishing,imc25_english_smish_00007,"Apple: We have detected unusual activity on your account and suspended it due to security reasons, visit <URL>",smishing_corpus_row,smishing,accepted,approved,false,false,false,data\final\approved_smishing_messages.csv,original_source=Smishing-Dataset-IMC25; scam_category=others; strict-clean approved gathered smishing row.,apple we have detected unusual activity on your account and suspended it due to security reasons visit <url>,,1,true,Smishing-Dataset-IMC25,smishing,"Apple: We have detected unusual activity on your account and suspended it due to security reasons, visit https://apple-","Apple: We have detected unusual activity on your account and suspended it due to security reasons, visit <URL>",True,original_unredacted,cleaned_from_raw,False,found_in_source_archive,Selected gathered final `message_raw` as the least-redacted available text.,excluded_duplicate_raw_available,,gathered_imc25_english_smish_00007,False,duplicate_against_raw_required_dataset
gathered_imc25_english_smish_00371,Smishing-Dataset-IMC25,Gathered approved smishing 7k,gathered_approved_smishing,imc25_english_smish_00371,"Your card has been charged $268.00 for the shipping of your MAOSHINE 24"" Caged Ceiling Fan with Lights. Call assistance at <PHONE> on 05/May/<OTP>",smishing_corpus_row,smishing,accepted,approved,false,false,false,data\final\approved_smishing_messages.csv,original_source=Smishing-Dataset-IMC25; scam_category=others; strict-clean approved gathered smishing row.,your card has been charged <num> 00 for the shipping of your maoshine 24 caged ceiling fan with lights call assistance at <phone> on 05 may <otp>,,1,true,Smishing-Dataset-IMC25,smishing,"Your card has been charged $268.00 for the shipping of your MAOSHINE 24"" Caged Ceiling Fan with Lights. Call assistance at 1-888-123-4567 on 05/May/2023","Your card has been charged <AMOUNT> for the shipping of your MAOSHINE 24"" Caged Ceiling Fan with Lights. Call assistance at <PHONE> on 05/May/2023",True,original_unredacted,cleaned_from_raw,False,found_in_source_archive,Selected gathered final `message_raw` as the least-redacted available text.,excluded_duplicate_raw_available,,gathered_imc25_english_smish_00371,False,duplicate_against_raw_required_dataset
gathered_imc25_english_smish_01759,Smishing-Dataset-IMC25,Gathered approved smishing 7k,gathered_approved_smishing,imc25_english_smish_01759,"Hello, Welcome to our group ,You can learn how to earn $<PHONE> perday . Click and join us,",smishing_corpus_row,smishing,accepted,approved,false,false,false,data\final\approved_smishing_messages.csv,original_source=Smishing-Dataset-IMC25; scam_category=spam; strict-clean approved gathered smishing row.,hello welcome to our group you can learn how to earn <phone> perday click and join us,,1,true,Smishing-Dataset-IMC25,smishing,"Hello, Welcome to our group ,You can learn how to earn $600 -1000 perday . Click and join us,","Hello, Welcome to our group ,You can learn how to earn <AMOUNT> -1000 perday. Click and join us,",True,original_unredacted,cleaned_from_raw,False,found_in_source_archive,Selected gathered final `message_raw` as the least-redacted available text.,excluded_duplicate_raw_available,,gathered_imc25_english_smish_01759,False,duplicate_against_raw_required_dataset
gathered_imc25_english_smish_02039,Smishing-Dataset-IMC25,Gathered approved smishing 7k,gathered_approved_smishing,imc25_english_smish_02039,Fox News wants to Thank YOU for Reading our Publications. Claim your $100 GIFT for being a Loyal User. http,smishing_corpus_row,smishing,accepted,approved,false,false,false,data\final\approved_smishing_messages.csv,original_source=Smishing-Dataset-IMC25; scam_category=spam; strict-clean approved gathered smishing row.,fox news wants to thank you for reading our publications claim your <num> gift for being a loyal user http,,1,true,Smishing-Dataset-IMC25,smishing,Fox News wants to Thank YOU for Reading our Publications. Claim your $100 GIFT for being a Loyal User. http,Fox News wants to Thank YOU for Reading our Publications. Claim your <AMOUNT> GIFT for being a Loyal User. http,True,original_unredacted,cleaned_from_raw,False,found_in_source_archive,Selected gathered final `message_raw` as the least-redacted available text.,excluded_duplicate_raw_available,,gathered_imc25_english_smish_02039,False,duplicate_against_raw_required_dataset
gathered_imc25_english_smish_02049,Smishing-Dataset-IMC25,Gathered approved smishing 7k,gathered_approved_smishing,imc25_english_smish_02049,"My dear. You are invited to j0in the ""B1tc0in"" analysis gr0up and get $500- $5K per day. Click the link to j0in. https",smishing_corpus_row,smishing,accepted,approved,false,false,false,data\final\approved_smishing_messages.csv,original_source=Smishing-Dataset-IMC25; scam_category=spam; strict-clean approved gathered smishing row.,my dear you are invited to j0in the b1tc0in analysis gr0up and get <num> 5k per day click the link to j0in https,,1,true,Smishing-Dataset-IMC25,smishing,"My dear. You are invited to j0in the ""B1tc0in"" analysis gr0up and get $500- $5K per day. Click the link to j0in. https","My dear. You are invited to j0in the ""B1tc0in"" analysis gr0up and get <AMOUNT>- <AMOUNT>K per day. Click the link to j0in. https",True,original_unredacted,cleaned_from_raw,False,found_in_source_archive,Selected gathered final `message_raw` as the least-redacted available text.,excluded_duplicate_raw_available,,gathered_imc25_english_smish_02049,False,duplicate_against_raw_required_dataset
gathered_imc25_english_smish_02080,Smishing-Dataset-IMC25,Gathered approved smishing 7k,gathered_approved_smishing,imc25_english_smish_02080,Recent activity may have affected your FB Payment method so you need to update it here https,smishing_corpus_row,smishing,accepted,approved,false,false,false,data\final\approved_smishing_messages.csv,original_source=Smishing-Dataset-IMC25; scam_category=others; strict-clean approved gathered smishing row.,recent activity may have affected your fb payment method so you need to update it here https,,1,true,Smishing-Dataset-IMC25,smishing,Recent activity may have affected your FB Payment method so you need to update it here https,Recent activity may have affected your FB Payment method so you need to update it here https,True,original_unredacted,cleaned_from_raw,False,found_in_source_archive,Selected gathered final `message_raw` as the least-redacted available text.,excluded_duplicate_raw_available,,gathered_imc25_english_smish_02080,False,duplicate_against_raw_required_dataset
gathered_imc25_english_smish_02120,Smishing-Dataset-IMC25,Gathered approved smishing 7k,gathered_approved_smishing,imc25_english_smish_02120,BDO ALERT Your online access is suspended momentarily. To reactivate register your device.,smishing_corpus_row,smishing,accepted,approved,false,false,false,data\final\approved_smishing_messages.csv,original_source=Smishing-Dataset-IMC25; scam_category=banking; strict-clean approved gathered smishing row.,bdo alert your online access is suspended momentarily to reactivate register your device,,1,true,Smishing-Dataset-IMC25,smishing,BDO ALERT Your online access is suspended momentarily. To reactivate register your device.,BDO ALERT Your online access is suspended momentarily. To reactivate register your device.,True,original_unredacted,cleaned_from_raw,False,found_in_source_archive,Selected gathered final `message_raw` as the least-redacted available text.,excluded_duplicate_raw_available,,gathered_imc25_english_smish_02120,False,duplicate_against_raw_required_dataset
gathered_imc25_english_smish_02132,Smishing-Dataset-IMC25,Gathered approved smishing 7k,gathered_approved_smishing,imc25_english_smish_02132,Dear Customer SBI Account is Blocked. Please click the link to update your PAN number. RADHT,smishing_corpus_row,smishing,accepted,approved,false,false,false,data\final\approved_smishing_messages.csv,original_source=Smishing-Dataset-IMC25; scam_category=banking; strict-clean approved gathered smishing row.,dear customer sbi account is blocked please click the link to update your pan number radht,,1,true,Smishing-Dataset-IMC25,smishing,Dear Customer SBI Account is Blocked. Please click the link to update your PAN number. RADHT,Dear Customer SBI Account is Blocked. Please click the link to update your PAN number. RADHT,True,original_unredacted,cleaned_from_raw,False,found_in_source_archive,Selected gathered final `message_raw` as the least-redacted available text.,excluded_duplicate_raw_available,,gathered_imc25_english_smish_02132,False,duplicate_against_raw_required_dataset
gathered_imc25_english_smish_02135,Smishing-Dataset-IMC25,Gathered approved smishing 7k,gathered_approved_smishing,imc25_english_smish_02135,Your account will be revoked. In order to update your (C.B.A) security settings you need to verify your account.,smishing_corpus_row,smishing,accepted,approved,false,false,false,data\final\approved_smishing_messages.csv,original_source=Smishing-Dataset-IMC25; scam_category=banking; strict-clean approved gathered smishing row.,your account will be revoked in order to update your c b a security settings you need to verify your account,,1,true,Smishing-Dataset-IMC25,smishing,Your account will be revoked. In order to update your (C.B.A) security settings you need to verify your account.,Your account will be revoked. In order to update your (C.B.A) security settings you need to verify your account.,True,original_unredacted,cleaned_from_raw,False,found_in_source_archive,Selected gathered final `message_raw` as the least-redacted available text.,excluded_duplicate_raw_available,,gathered_imc25_english_smish_02135,False,duplicate_against_raw_required_dataset
gathered_imc25_english_smish_02144,Smishing-Dataset-IMC25,Gathered approved smishing 7k,gathered_approved_smishing,imc25_english_smish_02144,Dear Customer your vehicle toll payment is pending. Failure to pay may result in fines. Click here <EMAIL_ADDRESS> to pay now and avoid penalties. Please enter your personal information including name address and credit card details to complete the payment. Thank you for your cooperation.,smishing_corpus_row,smishing,accepted,approved,false,false,false,data\final\approved_smishing_messages.csv,original_source=Smishing-Dataset-IMC25; scam_category=others; strict-clean approved gathered smishing row.,dear customer your vehicle toll payment is pending failure to pay may result in fines click here <email address> to pay now and avoid penalties please enter your personal information including name address and credit card details to complete the payment thank you for your cooperation,,1,true,Smishing-Dataset-IMC25,smishing,Dear Customer your vehicle toll payment is pending. Failure to pay may result in fines. Click here <EMAIL_ADDRESS> to pay now and avoid penalties.  Please enter your personal information including name address and credit card details to complete the payment.  Thank you for your cooperation.,Dear Customer your vehicle toll payment is pending. Failure to pay may result in fines. Click here <EMAIL_ADDRESS> to pay now and avoid penalties. Please enter your personal information including name address and credit card details to complete the payment. Thank you for your cooperation.,True,original_unredacted,cleaned_from_raw,False,found_in_source_archive,Selected gathered final `message_raw` as the least-redacted available text.,excluded_duplicate_raw_available,,gathered_imc25_english_smish_02144,False,duplicate_against_raw_required_dataset
gathered_imc25_english_smish_02146,Smishing-Dataset-IMC25,Gathered approved smishing 7k,gathered_approved_smishing,imc25_english_smish_02146,UPS: DARYN Apple order is delivery to [REDACTED] delivery fee of required to deliver package. Pay delay [REDACTED],smishing_corpus_row,smishing,accepted,approved,false,false,false,data\final\approved_smishing_messages.csv,original_source=Smishing-Dataset-IMC25; scam_category=delivery; strict-clean approved gathered smishing row.,ups daryn apple order is delivery to redacted delivery fee of required to deliver package pay delay redacted,,1,true,Smishing-Dataset-IMC25,smishing,UPS: DARYN Apple order is delivery to [REDACTED] delivery fee of required to deliver package. Pay delay [REDACTED],UPS: DARYN Apple order is delivery to [REDACTED] delivery fee of required to deliver package. Pay delay [REDACTED],True,original_unredacted,cleaned_from_raw,False,found_in_source_archive,Selected gathered final `message_raw` as the least-redacted available text.,excluded_duplicate_raw_available,,gathered_imc25_english_smish_02146,False,duplicate_against_raw_required_dataset
gathered_imc25_english_smish_02148,Smishing-Dataset-IMC25,Gathered approved smishing 7k,gathered_approved_smishing,imc25_english_smish_02148,Due to address problems your package will be returned to the sorting center please update a valid and correct shipping address:,smishing_corpus_row,smishing,accepted,approved,false,false,false,data\final\approved_smishing_messages.csv,original_source=Smishing-Dataset-IMC25; scam_category=delivery; strict-clean approved gathered smishing row.,due to address problems your package will be returned to the sorting center please update a valid and correct shipping address,,1,true,Smishing-Dataset-IMC25,smishing,Due to address problems your package will be returned to the sorting center please update a valid and correct shipping address:,Due to address problems your package will be returned to the sorting center please update a valid and correct shipping address:,True,original_unredacted,cleaned_from_raw,False,found_in_source_archive,Selected gathered final `message_raw` as the least-redacted available text.,excluded_duplicate_raw_available,,gathered_imc25_english_smish_02148,False,duplicate_against_raw_required_dataset
gathered_imc25_english_smish_02197,Smishing-Dataset-IMC25,Gathered approved smishing 7k,gathered_approved_smishing,imc25_english_smish_02197,Union: Hello credit union account has been put on a hold please verify your account:,smishing_corpus_row,smishing,accepted,approved,false,false,false,data\final\approved_smishing_messages.csv,original_source=Smishing-Dataset-IMC25; scam_category=banking; strict-clean approved gathered smishing row.,union hello credit union account has been put on a hold please verify your account,,1,true,Smishing-Dataset-IMC25,smishing,Union: Hello credit union account has been put on a hold please verify your account:,Union: Hello credit union account has been put on a hold please verify your account:,True,original_unredacted,cleaned_from_raw,False,found_in_source_archive,Selected gathered final `message_raw` as the least-redacted available text.,excluded_duplicate_raw_available,,gathered_imc25_english_smish_02197,False,duplicate_against_raw_required_dataset
gathered_imc25_english_smish_02270,Smishing-Dataset-IMC25,Gathered approved smishing 7k,gathered_approved_smishing,imc25_english_smish_02270,Dear Customer Your SBI YONO Account has been BLOCKED please update your PAN CARD Number click here link,smishing_corpus_row,smishing,accepted,approved,false,false,false,data\final\approved_smishing_messages.csv,original_source=Smishing-Dataset-IMC25; scam_category=banking; strict-clean approved gathered smishing row.,dear customer your sbi yono account has been blocked please update your pan card number click here link,,1,true,Smishing-Dataset-IMC25,smishing,Dear Customer Your SBI YONO Account has been BLOCKED please update your PAN CARD Number click here link,Dear Customer Your SBI YONO Account has been BLOCKED please update your PAN CARD Number click here link,True,original_unredacted,cleaned_from_raw,False,found_in_source_archive,Selected gathered final `message_raw` as the least-redacted available text.,excluded_duplicate_raw_available,,gathered_imc25_english_smish_02270,False,duplicate_against_raw_required_dataset
gathered_imc25_english_smish_02278,Smishing-Dataset-IMC25,Gathered approved smishing 7k,gathered_approved_smishing,imc25_english_smish_02278,Your debit card has been restricted due to suspicious activity. Please visit:,smishing_corpus_row,smishing,accepted,approved,false,false,false,data\final\approved_smishing_messages.csv,original_source=Smishing-Dataset-IMC25; scam_category=banking; strict-clean approved gathered smishing row.,your debit card has been restricted due to suspicious activity please visit,,1,true,Smishing-Dataset-IMC25,smishing,Your debit card has been restricted due to suspicious activity. Please visit:,Your debit card has been restricted due to suspicious activity. Please visit:,True,original_unredacted,cleaned_from_raw,False,found_in_source_archive,Selected gathered final `message_raw` as the least-redacted available text.,excluded_duplicate_raw_available,,gathered_imc25_english_smish_02278,False,duplicate_against_raw_required_dataset
gathered_imc25_english_smish_02289,Smishing-Dataset-IMC25,Gathered approved smishing 7k,gathered_approved_smishing,imc25_english_smish_02289,Dear customer Your SBI BANK account has been blocked. Please update your KYC in click here link -,smishing_corpus_row,smishing,accepted,approved,false,false,false,data\final\approved_smishing_messages.csv,original_source=Smishing-Dataset-IMC25; scam_category=banking; strict-clean approved gathered smishing row.,dear customer your sbi bank account has been blocked please update your kyc in click here link,dup_000688,2,true,Smishing-Dataset-IMC25,smishing,Dear customer Your SBI BANK account has been blocked. Please update your KYC in click here link -,Dear customer Your SBI BANK account has been blocked. Please update your KYC in click here link -,True,original_unredacted,cleaned_from_raw,False,found_in_source_archive,Selected gathered final `message_raw` as the least-redacted available text.,excluded_duplicate_raw_available,,gathered_imc25_english_smish_02289,False,duplicate_against_raw_required_dataset
gathered_imc25_english_smish_02291,Smishing-Dataset-IMC25,Gathered approved smishing 7k,gathered_approved_smishing,imc25_english_smish_02291,Post: We attempted to deliver your parcel on 30/03 at 11:00am but our courier wasn't able to deliver to redeliver please visit:,smishing_corpus_row,smishing,accepted,approved,false,false,false,data\final\approved_smishing_messages.csv,original_source=Smishing-Dataset-IMC25; scam_category=delivery; strict-clean approved gathered smishing row.,post we attempted to deliver your parcel on 30 03 at 11 00am but our courier wasn t able to deliver to redeliver please visit,,1,true,Smishing-Dataset-IMC25,smishing,Post: We attempted to deliver your parcel on 30/03 at 11:00am but our courier wasn't able to deliver to redeliver please visit:,Post: We attempted to deliver your parcel on 30/03 at 11:00am but our courier wasn't able to deliver to redeliver please visit:,True,original_unredacted,cleaned_from_raw,False,found_in_source_archive,Selected gathered final `message_raw` as the least-redacted available text.,excluded_duplicate_raw_available,,gathered_imc25_english_smish_02291,False,duplicate_against_raw_required_dataset
gathered_imc25_english_smish_02301,Smishing-Dataset-IMC25,Gathered approved smishing 7k,gathered_approved_smishing,imc25_english_smish_02301,We cannot delivery your parcel please update your info at,smishing_corpus_row,smishing,accepted,approved,false,false,false,data\final\approved_smishing_messages.csv,original_source=Smishing-Dataset-IMC25; scam_category=delivery; strict-clean approved gathered smishing row.,we cannot delivery your parcel please update your info at,,1,true,Smishing-Dataset-IMC25,smishing,We cannot delivery your parcel please update your info at,We cannot delivery your parcel please update your info at,True,original_unredacted,cleaned_from_raw,False,found_in_source_archive,Selected gathered final `message_raw` as the least-redacted available text.,excluded_duplicate_raw_available,,gathered_imc25_english_smish_02301,False,duplicate_against_raw_required_dataset
gathered_imc25_english_smish_02321,Smishing-Dataset-IMC25,Gathered approved smishing 7k,gathered_approved_smishing,imc25_english_smish_02321,Dear User Your SBI Y0N0 ACCOUNT will be suspended please update your PAN CARD IMMEDIATELY click here link Thank you SBI..,smishing_corpus_row,smishing,accepted,approved,false,false,false,data\final\approved_smishing_messages.csv,original_source=Smishing-Dataset-IMC25; scam_category=banking; strict-clean approved gathered smishing row.,dear user your sbi y0n0 account will be suspended please update your pan card immediately click here link thank you sbi,dup_000725,2,true,Smishing-Dataset-IMC25,smishing,Dear User Your SBI Y0N0 ACCOUNT will be suspended please update your PAN CARD IMMEDIATELY click here link Thank you SBI..,Dear User Your SBI Y0N0 ACCOUNT will be suspended please update your PAN CARD IMMEDIATELY click here link Thank you SBI..,True,original_unredacted,cleaned_from_raw,False,found_in_source_archive,Selected gathered final `message_raw` as the least-redacted available text.,excluded_duplicate_raw_available,,gathered_imc25_english_smish_02321,False,duplicate_against_raw_required_dataset
gathered_imc25_english_smish_02368,Smishing-Dataset-IMC25,Gathered approved smishing 7k,gathered_approved_smishing,imc25_english_smish_02368,Dear Customer Your HDFC Account has Been Blocked Today Please Update Your PAN CARD,smishing_corpus_row,smishing,accepted,approved,false,false,false,data\final\approved_smishing_messages.csv,original_source=Smishing-Dataset-IMC25; scam_category=banking; strict-clean approved gathered smishing row.,dear customer your hdfc account has been blocked today please update your pan card,,1,true,Smishing-Dataset-IMC25,smishing,Dear Customer Your HDFC Account has Been Blocked Today Please Update Your PAN CARD,Dear Customer Your HDFC Account has Been Blocked Today Please Update Your PAN CARD,True,original_unredacted,cleaned_from_raw,False,found_in_source_archive,Selected gathered final `message_raw` as the least-redacted available text.,excluded_duplicate_raw_available,,gathered_imc25_english_smish_02368,False,duplicate_against_raw_required_dataset
gathered_imc25_english_smish_02376,Smishing-Dataset-IMC25,Gathered approved smishing 7k,gathered_approved_smishing,imc25_english_smish_02376,Dear customer your SBI account has been block please update pancard immediately click here,smishing_corpus_row,smishing,accepted,approved,false,false,false,data\final\approved_smishing_messages.csv,original_source=Smishing-Dataset-IMC25; scam_category=banking; strict-clean approved gathered smishing row.,dear customer your sbi account has been block please update pancard immediately click here,,1,true,Smishing-Dataset-IMC25,smishing,Dear customer your SBI account has been block please update pancard immediately click here,Dear customer your SBI account has been block please update pancard immediately click here,True,original_unredacted,cleaned_from_raw,False,found_in_source_archive,Selected gathered final `message_raw` as the least-redacted available text.,excluded_duplicate_raw_available,,gathered_imc25_english_smish_02376,False,duplicate_against_raw_required_dataset
gathered_imc25_english_smish_02393,Smishing-Dataset-IMC25,Gathered approved smishing 7k,gathered_approved_smishing,imc25_english_smish_02393,Dear SBI user your SBI YONO Account has been blocked please update your PAN CARD click here login your net banking update your PAN number,smishing_corpus_row,smishing,accepted,approved,false,false,false,data\final\approved_smishing_messages.csv,original_source=Smishing-Dataset-IMC25; scam_category=banking; strict-clean approved gathered smishing row.,dear sbi user your sbi yono account has been blocked please update your pan card click here login your net banking update your pan number,,1,true,Smishing-Dataset-IMC25,smishing,Dear SBI user your SBI YONO Account has been blocked please update your PAN CARD click here login your net banking update your PAN number,Dear SBI user your SBI YONO Account has been blocked please update your PAN CARD click here login your net banking update your PAN number,True,original_unredacted,cleaned_from_raw,False,found_in_source_archive,Selected gathered final `message_raw` as the least-redacted available text.,excluded_duplicate_raw_available,,gathered_imc25_english_smish_02393,False,duplicate_against_raw_required_dataset
gathered_imc25_english_smish_02401,Smishing-Dataset-IMC25,Gathered approved smishing 7k,gathered_approved_smishing,imc25_english_smish_02401,Dear Customer Your ATM Card Has Been Blocked By State Bank Due To Non Verification Yet If you Want To Keep Using Your ATM CARD Us:Call me..,smishing_corpus_row,smishing,accepted,approved,false,false,false,data\final\approved_smishing_messages.csv,original_source=Smishing-Dataset-IMC25; scam_category=banking; strict-clean approved gathered smishing row.,dear customer your atm card has been blocked by state bank due to non verification yet if you want to keep using your atm card us call me,,1,true,Smishing-Dataset-IMC25,smishing,Dear Customer Your ATM Card Has Been Blocked By State Bank Due To Non Verification Yet If you Want To Keep Using Your ATM CARD Us:Call me..,Dear Customer Your ATM Card Has Been Blocked By State Bank Due To Non Verification Yet If you Want To Keep Using Your ATM CARD Us:Call me..,True,original_unredacted,cleaned_from_raw,False,found_in_source_archive,Selected gathered final `message_raw` as the least-redacted available text.,excluded_duplicate_raw_available,,gathered_imc25_english_smish_02401,False,duplicate_against_raw_required_dataset
gathered_imc25_english_smish_02402,Smishing-Dataset-IMC25,Gathered approved smishing 7k,gathered_approved_smishing,imc25_english_smish_02402,ACT NOW! Your Business Account will soon be suspended. Click this link to prevent action.,smishing_corpus_row,smishing,accepted,approved,false,false,false,data\final\approved_smishing_messages.csv,original_source=Smishing-Dataset-IMC25; scam_category=others; strict-clean approved gathered smishing row.,act now your business account will soon be suspended click this link to prevent action,,1,true,Smishing-Dataset-IMC25,smishing,ACT NOW! Your Business Account will soon be suspended. Click this link to prevent action.,ACT NOW! Your Business Account will soon be suspended. Click this link to prevent action.,True,original_unredacted,cleaned_from_raw,False,found_in_source_archive,Selected gathered final `message_raw` as the least-redacted available text.,excluded_duplicate_raw_available,,gathered_imc25_english_smish_02402,False,duplicate_against_raw_required_dataset
gathered_imc25_english_smish_02409,Smishing-Dataset-IMC25,Gathered approved smishing 7k,gathered_approved_smishing,imc25_english_smish_02409,D H L : Your parcel is still awaiting processing. Please confirm delivery charges.,smishing_corpus_row,smishing,accepted,approved,false,false,false,data\final\approved_smishing_messages.csv,original_source=Smishing-Dataset-IMC25; scam_category=delivery; strict-clean approved gathered smishing row.,d h l your parcel is still awaiting processing please confirm delivery charges,,1,true,Smishing-Dataset-IMC25,smishing,D H L : Your parcel is still awaiting processing. Please confirm delivery charges.,D H L: Your parcel is still awaiting processing. Please confirm delivery charges.,True,original_unredacted,cleaned_from_raw,False,found_in_source_archive,Selected gathered final `message_raw` as the least-redacted available text.,excluded_duplicate_raw_available,,gathered_imc25_english_smish_02409,False,duplicate_against_raw_required_dataset
gathered_imc25_english_smish_02452,Smishing-Dataset-IMC25,Gathered approved smishing 7k,gathered_approved_smishing,imc25_english_smish_02452,Dear Customer Your SBI Account is disabled. Please click the link to update your PAN Number,smishing_corpus_row,smishing,accepted,approved,false,false,false,data\final\approved_smishing_messages.csv,original_source=Smishing-Dataset-IMC25; scam_category=banking; strict-clean approved gathered smishing row.,dear customer your sbi account is disabled please click the link to update your pan number,,1,true,Smishing-Dataset-IMC25,smishing,Dear Customer Your SBI Account is disabled. Please click the link to update your PAN Number,Dear Customer Your SBI Account is disabled. Please click the link to update your PAN Number,True,original_unredacted,cleaned_from_raw,False,found_in_source_archive,Selected gathered final `message_raw` as the least-redacted available text.,excluded_duplicate_raw_available,,gathered_imc25_english_smish_02452,False,duplicate_against_raw_required_dataset
gathered_imc25_english_smish_02455,Smishing-Dataset-IMC25,Gathered approved smishing 7k,gathered_approved_smishing,imc25_english_smish_02455,Greetings from:GCash AdvisoryGet ready to start your GCash Prepaid sim registration to avoid account blocking click here:,smishing_corpus_row,smishing,accepted,approved,false,false,false,data\final\approved_smishing_messages.csv,original_source=Smishing-Dataset-IMC25; scam_category=telecom; strict-clean approved gathered smishing row.,greetings from gcash advisoryget ready to start your gcash prepaid sim registration to avoid account blocking click here,,1,true,Smishing-Dataset-IMC25,smishing,Greetings from:GCash AdvisoryGet ready to start your GCash Prepaid sim registration to avoid account blocking click here:,Greetings from:GCash AdvisoryGet ready to start your GCash Prepaid sim registration to avoid account blocking click here:,True,original_unredacted,cleaned_from_raw,False,found_in_source_archive,Selected gathered final `message_raw` as the least-redacted available text.,excluded_duplicate_raw_available,,gathered_imc25_english_smish_02455,False,duplicate_against_raw_required_dataset
gathered_imc25_english_smish_02457,Smishing-Dataset-IMC25,Gathered approved smishing 7k,gathered_approved_smishing,imc25_english_smish_02457,Dear_CUSTOMER YOUR State_Bank.YONO ACCOUNT Will be CLOSE TODAY Due TO Incom-plete kyc plz Update YOUR PAN-NO0online 0pen The Link_,smishing_corpus_row,smishing,accepted,approved,false,false,false,data\final\approved_smishing_messages.csv,original_source=Smishing-Dataset-IMC25; scam_category=banking; strict-clean approved gathered smishing row.,dear customer your state bank yono account will be close today due to incom plete kyc plz update your pan no0online 0pen the link,,1,true,Smishing-Dataset-IMC25,smishing,Dear_CUSTOMER YOUR State_Bank.YONO ACCOUNT Will be CLOSE TODAY Due TO Incom-plete kyc plz Update YOUR PAN-NO0online 0pen The Link_,Dear_CUSTOMER YOUR State_Bank.YONO ACCOUNT Will be CLOSE TODAY Due TO Incom-plete kyc plz Update YOUR PAN-NO0online 0pen The Link_,True,original_unredacted,cleaned_from_raw,False,found_in_source_archive,Selected gathered final `message_raw` as the least-redacted available text.,excluded_duplicate_raw_available,,gathered_imc25_english_smish_02457,False,duplicate_against_raw_required_dataset
gathered_imc25_english_smish_02480,Smishing-Dataset-IMC25,Gathered approved smishing 7k,gathered_approved_smishing,imc25_english_smish_02480,Please follow this link <URL>,smishing_corpus_row,smishing,accepted,approved,false,false,false,data\final\approved_smishing_messages.csv,original_source=Smishing-Dataset-IMC25; scam_category=others; strict-clean approved gathered smishing row.,please follow this link <url>,,1,true,Smishing-Dataset-IMC25,smishing,Please follow this link www....,Please follow this link <URL>,True,original_unredacted,cleaned_from_raw,False,found_in_source_archive,Selected gathered final `message_raw` as the least-redacted available text.,excluded_duplicate_raw_available,,gathered_imc25_english_smish_02480,False,duplicate_against_raw_required_dataset
gathered_imc25_english_smish_02494,Smishing-Dataset-IMC25,Gathered approved smishing 7k,gathered_approved_smishing,imc25_english_smish_02494,Dear User Your SBI YONO A-C will be Suspended please update your PAN IMMEDIATELY Click here link,smishing_corpus_row,smishing,accepted,approved,false,false,false,data\final\approved_smishing_messages.csv,original_source=Smishing-Dataset-IMC25; scam_category=banking; strict-clean approved gathered smishing row.,dear user your sbi yono a c will be suspended please update your pan immediately click here link,,1,true,Smishing-Dataset-IMC25,smishing,Dear User Your SBI YONO A-C will be Suspended please update your PAN  IMMEDIATELY Click here link,Dear User Your SBI YONO A-C will be Suspended please update your PAN IMMEDIATELY Click here link,True,original_unredacted,cleaned_from_raw,False,found_in_source_archive,Selected gathered final `message_raw` as the least-redacted available text.,excluded_duplicate_raw_available,,gathered_imc25_english_smish_02494,False,duplicate_against_raw_required_dataset
gathered_imc25_english_smish_02501,Smishing-Dataset-IMC25,Gathered approved smishing 7k,gathered_approved_smishing,imc25_english_smish_02501,Its mum I left my phone at home and at the petrol station with the wrong card. Can you send me 250. BSB: 633-123 ACC: <US_BANK_NUMBER>. Pay you back when i get home x,smishing_corpus_row,smishing,accepted,approved,false,false,false,data\final\approved_smishing_messages.csv,original_source=Smishing-Dataset-IMC25; scam_category=hey mum/dad; strict-clean approved gathered smishing row.,its mum i left my phone at home and at the petrol station with the wrong card can you send me <num> bsb <num> <num> acc <us bank number> pay you back when i get home x,,1,true,Smishing-Dataset-IMC25,smishing,Its mum I left my phone at home and at the petrol station with the wrong card. Can you send me 250. BSB: 633-123 ACC: <US_BANK_NUMBER>. Pay you back when i get home x,Its mum I left my phone at home and at the petrol station with the wrong card. Can you send me 250. BSB: 633-123 ACC: <US_BANK_NUMBER>. Pay you back when i get home x,True,original_unredacted,cleaned_from_raw,False,found_in_source_archive,Selected gathered final `message_raw` as the least-redacted available text.,excluded_duplicate_raw_available,,gathered_imc25_english_smish_02501,False,duplicate_against_raw_required_dataset
gathered_imc25_english_smish_02542,Smishing-Dataset-IMC25,Gathered approved smishing 7k,gathered_approved_smishing,imc25_english_smish_02542,Dear SBI User Your SBI YONO Account will be Blocked Today Please Update your PANCARD Number Click here,smishing_corpus_row,smishing,accepted,approved,false,false,false,data\final\approved_smishing_messages.csv,original_source=Smishing-Dataset-IMC25; scam_category=banking; strict-clean approved gathered smishing row.,dear sbi user your sbi yono account will be blocked today please update your pancard number click here,,1,true,Smishing-Dataset-IMC25,smishing,Dear SBI User Your SBI YONO Account will be Blocked Today Please Update your PANCARD Number Click here,Dear SBI User Your SBI YONO Account will be Blocked Today Please Update your PANCARD Number Click here,True,original_unredacted,cleaned_from_raw,False,found_in_source_archive,Selected gathered final `message_raw` as the least-redacted available text.,excluded_duplicate_raw_available,,gathered_imc25_english_smish_02542,False,duplicate_against_raw_required_dataset
gathered_imc25_english_smish_02620,Smishing-Dataset-IMC25,Gathered approved smishing 7k,gathered_approved_smishing,imc25_english_smish_02620,Dear User Your SBI YONO ACCOUNT will be suspended please update your PAN CARD IMMEDIATELY click here link..,smishing_corpus_row,smishing,accepted,approved,false,false,false,data\final\approved_smishing_messages.csv,original_source=Smishing-Dataset-IMC25; scam_category=banking; strict-clean approved gathered smishing row.,dear user your sbi yono account will be suspended please update your pan card immediately click here link,,1,true,Smishing-Dataset-IMC25,smishing,Dear User Your SBI YONO ACCOUNT will be suspended please update your PAN CARD IMMEDIATELY click here link..,Dear User Your SBI YONO ACCOUNT will be suspended please update your PAN CARD IMMEDIATELY click here link..,True,original_unredacted,cleaned_from_raw,False,found_in_source_archive,Selected gathered final `message_raw` as the least-redacted available text.,excluded_duplicate_raw_available,,gathered_imc25_english_smish_02620,False,duplicate_against_raw_required_dataset
gathered_imc25_english_smish_02622,Smishing-Dataset-IMC25,Gathered approved smishing 7k,gathered_approved_smishing,imc25_english_smish_02622,Coinbase: Your 2-step verification settings have been changed. Coinbase: Your request to update the 2-step verification settings was unsuccessful please contact support immediately to resolve this issue.,smishing_corpus_row,smishing,accepted,approved,false,false,false,data\final\approved_smishing_messages.csv,original_source=Smishing-Dataset-IMC25; scam_category=banking; strict-clean approved gathered smishing row.,coinbase your 2 step verification settings have been changed coinbase your request to update the 2 step verification settings was unsuccessful please contact support immediately to resolve this issue,,1,true,Smishing-Dataset-IMC25,smishing,Coinbase: Your 2-step verification settings have been changed.  Coinbase: Your request to update the 2-step verification settings was unsuccessful please contact support immediately to resolve this issue.,Coinbase: Your 2-step verification settings have been changed. Coinbase: Your request to update the 2-step verification settings was unsuccessful please contact support immediately to resolve this issue.,True,original_unredacted,cleaned_from_raw,False,found_in_source_archive,Selected gathered final `message_raw` as the least-redacted available text.,excluded_duplicate_raw_available,,gathered_imc25_english_smish_02622,False,duplicate_against_raw_required_dataset
gathered_imc25_english_smish_02638,Smishing-Dataset-IMC25,Gathered approved smishing 7k,gathered_approved_smishing,imc25_english_smish_02638,Your Account has been accessed and requires verification. Please visit this link:,smishing_corpus_row,smishing,accepted,approved,false,false,false,data\final\approved_smishing_messages.csv,original_source=Smishing-Dataset-IMC25; scam_category=banking; strict-clean approved gathered smishing row.,your account has been accessed and requires verification please visit this link,,1,true,Smishing-Dataset-IMC25,smishing,Your Account has been accessed and requires verification. Please visit this link:,Your Account has been accessed and requires verification. Please visit this link:,True,original_unredacted,cleaned_from_raw,False,found_in_source_archive,Selected gathered final `message_raw` as the least-redacted available text.,excluded_duplicate_raw_available,,gathered_imc25_english_smish_02638,False,duplicate_against_raw_required_dataset
gathered_imc25_english_smish_02655,Smishing-Dataset-IMC25,Gathered approved smishing 7k,gathered_approved_smishing,imc25_english_smish_02655,Due to the wrong delivery address of your package the delivery of the package has been suspended please update in time:,smishing_corpus_row,smishing,accepted,approved,false,false,false,data\final\approved_smishing_messages.csv,original_source=Smishing-Dataset-IMC25; scam_category=delivery; strict-clean approved gathered smishing row.,due to the wrong delivery address of your package the delivery of the package has been suspended please update in time,,1,true,Smishing-Dataset-IMC25,smishing,Due to the wrong delivery address of your package the delivery of the package has been suspended please update in time:,Due to the wrong delivery address of your package the delivery of the package has been suspended please update in time:,True,original_unredacted,cleaned_from_raw,False,found_in_source_archive,Selected gathered final `message_raw` as the least-redacted available text.,excluded_duplicate_raw_available,,gathered_imc25_english_smish_02655,False,duplicate_against_raw_required_dataset
gathered_imc25_english_smish_02690,Smishing-Dataset-IMC25,Gathered approved smishing 7k,gathered_approved_smishing,imc25_english_smish_02690,Dear HDFC User your HDFC Bank Account will be block. Today Please update your PAN Card Number Click here link. Thanku HDFC,smishing_corpus_row,smishing,accepted,approved,false,false,false,data\final\approved_smishing_messages.csv,original_source=Smishing-Dataset-IMC25; scam_category=banking; strict-clean approved gathered smishing row.,dear hdfc user your hdfc bank account will be block today please update your pan card number click here link thanku hdfc,,1,true,Smishing-Dataset-IMC25,smishing,Dear HDFC User your HDFC Bank Account will be block. Today Please update your PAN Card Number Click here link. Thanku HDFC,Dear HDFC User your HDFC Bank Account will be block. Today Please update your PAN Card Number Click here link. Thanku HDFC,True,original_unredacted,cleaned_from_raw,False,found_in_source_archive,Selected gathered final `message_raw` as the least-redacted available text.,excluded_duplicate_raw_available,,gathered_imc25_english_smish_02690,False,duplicate_against_raw_required_dataset
gathered_imc25_english_smish_02692,Smishing-Dataset-IMC25,Gathered approved smishing 7k,gathered_approved_smishing,imc25_english_smish_02692,Our system flagged a recent deposit that was transferred to your wallet. You are required to clarify this deposit on our secure website so you can continue to use your wallet for crypto transactions. Visit our website and sign in with your account recovery phrase to get started with the clarification of your deposit.,smishing_corpus_row,smishing,accepted,approved,false,false,false,data\final\approved_smishing_messages.csv,original_source=Smishing-Dataset-IMC25; scam_category=others; strict-clean approved gathered smishing row.,our system flagged a recent deposit that was transferred to your wallet you are required to clarify this deposit on our secure website so you can continue to use your wallet for crypto transactions visit our website and sign in with your account recovery phrase to get started with the clarification of your deposit,,1,true,Smishing-Dataset-IMC25,smishing,Our system flagged a recent deposit that was transferred to your wallet. You are required to clarify this deposit on our secure website so you can continue to use your wallet for crypto transactions. Visit our website and sign in with your account recovery phrase to get started with the clarification of your deposit.,Our system flagged a recent deposit that was transferred to your wallet. You are required to clarify this deposit on our secure website so you can continue to use your wallet for crypto transactions. Visit our website and sign in with your account recovery phrase to get started with the clarification of your deposit.,True,original_unredacted,cleaned_from_raw,False,found_in_source_archive,Selected gathered final `message_raw` as the least-redacted available text.,excluded_duplicate_raw_available,,gathered_imc25_english_smish_02692,False,duplicate_against_raw_required_dataset
gathered_imc25_english_smish_02703,Smishing-Dataset-IMC25,Gathered approved smishing 7k,gathered_approved_smishing,imc25_english_smish_02703,Dear Customer Your HDFC Bank Account has been Blocked To-day Please Update Your PAN CARD,smishing_corpus_row,smishing,accepted,approved,false,false,false,data\final\approved_smishing_messages.csv,original_source=Smishing-Dataset-IMC25; scam_category=banking; strict-clean approved gathered smishing row.,dear customer your hdfc bank account has been blocked to day please update your pan card,,1,true,Smishing-Dataset-IMC25,smishing,Dear Customer Your HDFC Bank Account has been Blocked To-day Please Update Your PAN CARD,Dear Customer Your HDFC Bank Account has been Blocked To-day Please Update Your PAN CARD,True,original_unredacted,cleaned_from_raw,False,found_in_source_archive,Selected gathered final `message_raw` as the least-redacted available text.,excluded_duplicate_raw_available,,gathered_imc25_english_smish_02703,False,duplicate_against_raw_required_dataset
gathered_imc25_english_smish_02712,Smishing-Dataset-IMC25,Gathered approved smishing 7k,gathered_approved_smishing,imc25_english_smish_02712,Hi INR <US_DRIVER_LICENSE> was successfully credited to your A/c No xxxx62733. Verify your detail to get the amount in your bank a/c,smishing_corpus_row,smishing,accepted,approved,false,false,false,data\final\approved_smishing_messages.csv,original_source=Smishing-Dataset-IMC25; scam_category=banking; strict-clean approved gathered smishing row.,hi inr <us driver license> was successfully credited to your a c no xxxx62733 verify your detail to get the amount in your bank a c,,1,true,Smishing-Dataset-IMC25,smishing,Hi INR <US_DRIVER_LICENSE> was successfully credited to your A/c No xxxx62733. Verify your detail to get the amount in your bank a/c,Hi INR <US_DRIVER_LICENSE> was successfully credited to your A/c No xxxx62733. Verify your detail to get the amount in your bank a/c,True,original_unredacted,cleaned_from_raw,False,found_in_source_archive,Selected gathered final `message_raw` as the least-redacted available text.,excluded_duplicate_raw_available,,gathered_imc25_english_smish_02712,False,duplicate_against_raw_required_dataset
gathered_imc25_english_smish_02724,Smishing-Dataset-IMC25,Gathered approved smishing 7k,gathered_approved_smishing,imc25_english_smish_02724,Dear SBI Yono Users Your A/ C will be Blocked Today Please Click on The link to Update Your Pan card,smishing_corpus_row,smishing,accepted,approved,false,false,false,data\final\approved_smishing_messages.csv,original_source=Smishing-Dataset-IMC25; scam_category=banking; strict-clean approved gathered smishing row.,dear sbi yono users your a c will be blocked today please click on the link to update your pan card,,1,true,Smishing-Dataset-IMC25,smishing,Dear  SBI Yono Users Your A/ C will be  Blocked Today Please Click on The link to Update Your Pan card,Dear SBI Yono Users Your A/ C will be Blocked Today Please Click on The link to Update Your Pan card,True,original_unredacted,cleaned_from_raw,False,found_in_source_archive,Selected gathered final `message_raw` as the least-redacted available text.,excluded_duplicate_raw_available,,gathered_imc25_english_smish_02724,False,duplicate_against_raw_required_dataset
gathered_imc25_english_smish_02757,Smishing-Dataset-IMC25,Gathered approved smishing 7k,gathered_approved_smishing,imc25_english_smish_02757,USPS: the scheduled delivery for the package <US_BANK_NUMBER> qt changed. Please confirm here:,smishing_corpus_row,smishing,accepted,approved,false,false,false,data\final\approved_smishing_messages.csv,original_source=Smishing-Dataset-IMC25; scam_category=delivery; strict-clean approved gathered smishing row.,usps the scheduled delivery for the package <us bank number> qt changed please confirm here,,1,true,Smishing-Dataset-IMC25,smishing,USPS: the scheduled delivery for the package <US_BANK_NUMBER> qt changed. Please confirm here:,USPS: the scheduled delivery for the package <US_BANK_NUMBER> qt changed. Please confirm here:,True,original_unredacted,cleaned_from_raw,False,found_in_source_archive,Selected gathered final `message_raw` as the least-redacted available text.,excluded_duplicate_raw_available,,gathered_imc25_english_smish_02757,False,duplicate_against_raw_required_dataset
gathered_imc25_english_smish_02762,Smishing-Dataset-IMC25,Gathered approved smishing 7k,gathered_approved_smishing,imc25_english_smish_02762,Congratulations Your number/ had won PHP750000.00) 2nd winner From: KOPIKO MAGKA PERA 4 DTI# <OTP>'S 20. To claim just text your NAME: AGE: ADD: Work: Thank you!,smishing_corpus_row,smishing,accepted,approved,false,false,false,data\final\approved_smishing_messages.csv,original_source=Smishing-Dataset-IMC25; scam_category=spam; strict-clean approved gathered smishing row.,congratulations your number had won php750000 00 2nd winner from kopiko magka pera 4 dti <otp> s 20 to claim just text your name age add work thank you,,1,true,Smishing-Dataset-IMC25,smishing,Congratulations Your number/ had won PHP750000.00) 2nd winner From: KOPIKO MAGKA PERA 4 DTI# 5261'S 20. To claim just text your NAME: AGE: ADD: Work: Thank you!,Congratulations Your number/ had won <AMOUNT>) 2nd winner From: KOPIKO MAGKA PERA 4 DTI# 5261'S 20. To claim just text your NAME: AGE: ADD: Work: Thank you!,True,original_unredacted,cleaned_from_raw,False,found_in_source_archive,Selected gathered final `message_raw` as the least-redacted available text.,excluded_duplicate_raw_available,,gathered_imc25_english_smish_02762,False,duplicate_against_raw_required_dataset
gathered_imc25_english_smish_02839,Smishing-Dataset-IMC25,Gathered approved smishing 7k,gathered_approved_smishing,imc25_english_smish_02839,Dear customer your SBI account has been block please update pancard immediately click hear,smishing_corpus_row,smishing,accepted,approved,false,false,false,data\final\approved_smishing_messages.csv,original_source=Smishing-Dataset-IMC25; scam_category=banking; strict-clean approved gathered smishing row.,dear customer your sbi account has been block please update pancard immediately click hear,,1,true,Smishing-Dataset-IMC25,smishing,Dear customer your SBI account has been block please update pancard immediately click hear,Dear customer your SBI account has been block please update pancard immediately click hear,True,original_unredacted,cleaned_from_raw,False,found_in_source_archive,Selected gathered final `message_raw` as the least-redacted available text.,excluded_duplicate_raw_available,,gathered_imc25_english_smish_02839,False,duplicate_against_raw_required_dataset
gathered_imc25_english_smish_02906,Smishing-Dataset-IMC25,Gathered approved smishing 7k,gathered_approved_smishing,imc25_english_smish_02906,Dear Customer Your SBI YONO A/C Will Be Blocked Today Please Update Your PAN Card Click Here Link,smishing_corpus_row,smishing,accepted,approved,false,false,false,data\final\approved_smishing_messages.csv,original_source=Smishing-Dataset-IMC25; scam_category=banking; strict-clean approved gathered smishing row.,dear customer your sbi yono a c will be blocked today please update your pan card click here link,,1,true,Smishing-Dataset-IMC25,smishing,Dear Customer Your SBI YONO A/C Will Be Blocked Today Please Update Your PAN Card Click Here Link,Dear Customer Your SBI YONO A/C Will Be Blocked Today Please Update Your PAN Card Click Here Link,True,original_unredacted,cleaned_from_raw,False,found_in_source_archive,Selected gathered final `message_raw` as the least-redacted available text.,excluded_duplicate_raw_available,,gathered_imc25_english_smish_02906,False,duplicate_against_raw_required_dataset
gathered_imc25_english_smish_02915,Smishing-Dataset-IMC25,Gathered approved smishing 7k,gathered_approved_smishing,imc25_english_smish_02915,I’m at the petrol station and bought the wrong card with me. Can you please send me 150. I will pay you back when i get home. BSB - 062-948 Acc - <US_BANK_NUMBER>,smishing_corpus_row,smishing,accepted,approved,false,false,false,data\final\approved_smishing_messages.csv,original_source=Smishing-Dataset-IMC25; scam_category=others; strict-clean approved gathered smishing row.,i m at the petrol station and bought the wrong card with me can you please send me <num> i will pay you back when i get home bsb <num> <num> acc <us bank number>,,1,true,Smishing-Dataset-IMC25,smishing,I’m at the petrol station and bought the wrong card with me. Can you please send me 150. I will pay you back when i get home. BSB - 062-948 Acc - <US_BANK_NUMBER>,I’m at the petrol station and bought the wrong card with me. Can you please send me 150. I will pay you back when i get home. BSB - 062-948 Acc - <US_BANK_NUMBER>,True,original_unredacted,cleaned_from_raw,False,found_in_source_archive,Selected gathered final `message_raw` as the least-redacted available text.,excluded_duplicate_raw_available,,gathered_imc25_english_smish_02915,False,duplicate_against_raw_required_dataset
gathered_imc25_english_smish_02918,Smishing-Dataset-IMC25,Gathered approved smishing 7k,gathered_approved_smishing,imc25_english_smish_02918,I am at Woolworths and brought my old debit by mistake! Can you please transfer me 825 I will give it back as soon as I get back. BSB 670-864 ACC <PHONE>.,smishing_corpus_row,smishing,accepted,approved,false,false,false,data\final\approved_smishing_messages.csv,original_source=Smishing-Dataset-IMC25; scam_category=others; strict-clean approved gathered smishing row.,i am at woolworths and brought my old debit by mistake can you please transfer me <num> i will give it back as soon as i get back bsb <num> <num> acc <phone>,,1,true,Smishing-Dataset-IMC25,smishing,I am at Woolworths and brought my old debit by mistake! Can you please transfer me 825 I will give it back as soon as I get back. BSB 670-864 ACC 2019-0264.,I am at Woolworths and brought my old debit by mistake! Can you please transfer me 825 I will give it back as soon as I get back. BSB 670-864 ACC <PHONE>.,True,original_unredacted,cleaned_from_raw,False,found_in_source_archive,Selected gathered final `message_raw` as the least-redacted available text.,excluded_duplicate_raw_available,,gathered_imc25_english_smish_02918,False,duplicate_against_raw_required_dataset
gathered_imc25_english_smish_02942,Smishing-Dataset-IMC25,Gathered approved smishing 7k,gathered_approved_smishing,imc25_english_smish_02942,Dear Customer Your SBI Yono Account is disabled. Please click the link to update your PAN Number. Link,smishing_corpus_row,smishing,accepted,approved,false,false,false,data\final\approved_smishing_messages.csv,original_source=Smishing-Dataset-IMC25; scam_category=banking; strict-clean approved gathered smishing row.,dear customer your sbi yono account is disabled please click the link to update your pan number link,,1,true,Smishing-Dataset-IMC25,smishing,Dear Customer Your SBI Yono Account is disabled. Please click the link to update your PAN Number. Link,Dear Customer Your SBI Yono Account is disabled. Please click the link to update your PAN Number. Link,True,original_unredacted,cleaned_from_raw,False,found_in_source_archive,Selected gathered final `message_raw` as the least-redacted available text.,excluded_duplicate_raw_available,,gathered_imc25_english_smish_02942,False,duplicate_against_raw_required_dataset
gathered_imc25_english_smish_02978,Smishing-Dataset-IMC25,Gathered approved smishing 7k,gathered_approved_smishing,imc25_english_smish_02978,Dear User Your SBI YONO A-C will be suspended please update your PANCARD IMMEDIATELY click here link,smishing_corpus_row,smishing,accepted,approved,false,false,false,data\final\approved_smishing_messages.csv,original_source=Smishing-Dataset-IMC25; scam_category=banking; strict-clean approved gathered smishing row.,dear user your sbi yono a c will be suspended please update your pancard immediately click here link,,1,true,Smishing-Dataset-IMC25,smishing,Dear User Your SBI YONO A-C will be suspended please update your PANCARD IMMEDIATELY click here link,Dear User Your SBI YONO A-C will be suspended please update your PANCARD IMMEDIATELY click here link,True,original_unredacted,cleaned_from_raw,False,found_in_source_archive,Selected gathered final `message_raw` as the least-redacted available text.,excluded_duplicate_raw_available,,gathered_imc25_english_smish_02978,False,duplicate_against_raw_required_dataset
gathered_imc25_english_smish_03009,Smishing-Dataset-IMC25,Gathered approved smishing 7k,gathered_approved_smishing,imc25_english_smish_03009,Your SBI Account is blocked update PAN number. Please update it at the earliest using the following link shntcode/YSP7x6 to prevent service interruptions. NAGH,smishing_corpus_row,smishing,accepted,approved,false,false,false,data\final\approved_smishing_messages.csv,original_source=Smishing-Dataset-IMC25; scam_category=banking; strict-clean approved gathered smishing row.,your sbi account is blocked update pan number please update it at the earliest using the following link shntcode ysp7x6 to prevent service interruptions nagh,,1,true,Smishing-Dataset-IMC25,smishing,Your SBI Account is blocked update PAN number. Please update it at the earliest using the following link shntcode/YSP7x6 to prevent service interruptions. NAGH,Your SBI Account is blocked update PAN number. Please update it at the earliest using the following link shntcode/YSP7x6 to prevent service interruptions. NAGH,True,original_unredacted,cleaned_from_raw,False,found_in_source_archive,Selected gathered final `message_raw` as the least-redacted available text.,excluded_duplicate_raw_available,,gathered_imc25_english_smish_03009,False,duplicate_against_raw_required_dataset
gathered_imc25_english_smish_03017,Smishing-Dataset-IMC25,Gathered approved smishing 7k,gathered_approved_smishing,imc25_english_smish_03017,I'm at Woolworths and brought the wrong card with me! Can you please urgently send me $700 I will pay you back when I get home. BSB: 670- ACC: <OTP>,smishing_corpus_row,smishing,accepted,approved,false,false,false,data\final\approved_smishing_messages.csv,original_source=Smishing-Dataset-IMC25; scam_category=others; strict-clean approved gathered smishing row.,i m at woolworths and brought the wrong card with me can you please urgently send me <num> i will pay you back when i get home bsb <num> acc <otp>,,1,true,Smishing-Dataset-IMC25,smishing,I'm at Woolworths and brought the wrong card with me! Can you please urgently send me $700 I will pay you back when I get home. BSB: 670- ACC: 1857,I'm at Woolworths and brought the wrong card with me! Can you please urgently send me <AMOUNT> I will pay you back when I get home. BSB: 670- ACC: 1857,True,original_unredacted,cleaned_from_raw,False,found_in_source_archive,Selected gathered final `message_raw` as the least-redacted available text.,excluded_duplicate_raw_available,,gathered_imc25_english_smish_03017,False,duplicate_against_raw_required_dataset
gathered_imc25_english_smish_03020,Smishing-Dataset-IMC25,Gathered approved smishing 7k,gathered_approved_smishing,imc25_english_smish_03020,Dear Customer Your HDFC A/C has been blocked Today Please Update Your PAN CARD,smishing_corpus_row,smishing,accepted,approved,false,false,false,data\final\approved_smishing_messages.csv,original_source=Smishing-Dataset-IMC25; scam_category=banking; strict-clean approved gathered smishing row.,dear customer your hdfc a c has been blocked today please update your pan card,,1,true,Smishing-Dataset-IMC25,smishing,Dear Customer Your HDFC A/C has been blocked Today Please Update Your PAN CARD,Dear Customer Your HDFC A/C has been blocked Today Please Update Your PAN CARD,True,original_unredacted,cleaned_from_raw,False,found_in_source_archive,Selected gathered final `message_raw` as the least-redacted available text.,excluded_duplicate_raw_available,,gathered_imc25_english_smish_03020,False,duplicate_against_raw_required_dataset
gathered_imc25_english_smish_03036,Smishing-Dataset-IMC25,Gathered approved smishing 7k,gathered_approved_smishing,imc25_english_smish_03036,due to a lack of complete address information we have been unable to deliver your parcel. currently your parcel is being stored in our depot. click here to reschedule delivery.,smishing_corpus_row,smishing,accepted,approved,false,false,false,data\final\approved_smishing_messages.csv,original_source=Smishing-Dataset-IMC25; scam_category=delivery; strict-clean approved gathered smishing row.,due to a lack of complete address information we have been unable to deliver your parcel currently your parcel is being stored in our depot click here to reschedule delivery,,1,true,Smishing-Dataset-IMC25,smishing,due to a lack of complete address information we have been unable to deliver your parcel. currently your parcel is being stored in our depot. click here to reschedule delivery.,due to a lack of complete address information we have been unable to deliver your parcel. currently your parcel is being stored in our depot. click here to reschedule delivery.,True,original_unredacted,cleaned_from_raw,False,found_in_source_archive,Selected gathered final `message_raw` as the least-redacted available text.,excluded_duplicate_raw_available,,gathered_imc25_english_smish_03036,False,duplicate_against_raw_required_dataset
gathered_imc25_english_smish_03088,Smishing-Dataset-IMC25,Gathered approved smishing 7k,gathered_approved_smishing,imc25_english_smish_03088,Dear SBI account holder your account will be Blocked please update your PANCARD click here Link,smishing_corpus_row,smishing,accepted,approved,false,false,false,data\final\approved_smishing_messages.csv,original_source=Smishing-Dataset-IMC25; scam_category=banking; strict-clean approved gathered smishing row.,dear sbi account holder your account will be blocked please update your pancard click here link,,1,true,Smishing-Dataset-IMC25,smishing,Dear SBI account holder your account will be Blocked please update your PANCARD click here Link,Dear SBI account holder your account will be Blocked please update your PANCARD click here Link,True,original_unredacted,cleaned_from_raw,False,found_in_source_archive,Selected gathered final `message_raw` as the least-redacted available text.,excluded_duplicate_raw_available,,gathered_imc25_english_smish_03088,False,duplicate_against_raw_required_dataset
gathered_imc25_english_smish_03091,Smishing-Dataset-IMC25,Gathered approved smishing 7k,gathered_approved_smishing,imc25_english_smish_03091,Dear SBI Yono Users Your A/C will be Suspended Please Click on The link to Update Your Pan card,smishing_corpus_row,smishing,accepted,approved,false,false,false,data\final\approved_smishing_messages.csv,original_source=Smishing-Dataset-IMC25; scam_category=banking; strict-clean approved gathered smishing row.,dear sbi yono users your a c will be suspended please click on the link to update your pan card,,1,true,Smishing-Dataset-IMC25,smishing,Dear  SBI Yono Users Your A/C will be Suspended Please Click on The link to Update Your Pan card,Dear SBI Yono Users Your A/C will be Suspended Please Click on The link to Update Your Pan card,True,original_unredacted,cleaned_from_raw,False,found_in_source_archive,Selected gathered final `message_raw` as the least-redacted available text.,excluded_duplicate_raw_available,,gathered_imc25_english_smish_03091,False,duplicate_against_raw_required_dataset
gathered_imc25_english_smish_03134,Smishing-Dataset-IMC25,Gathered approved smishing 7k,gathered_approved_smishing,imc25_english_smish_03134,We have identified unusual activity on your account. Please log in via this link to secure your account.,smishing_corpus_row,smishing,accepted,approved,false,false,false,data\final\approved_smishing_messages.csv,original_source=Smishing-Dataset-IMC25; scam_category=banking; strict-clean approved gathered smishing row.,we have identified unusual activity on your account please log in via this link to secure your account,,1,true,Smishing-Dataset-IMC25,smishing,We have identified unusual activity on your account. Please log in via this link to secure your account.,We have identified unusual activity on your account. Please log in via this link to secure your account.,True,original_unredacted,cleaned_from_raw,False,found_in_source_archive,Selected gathered final `message_raw` as the least-redacted available text.,excluded_duplicate_raw_available,,gathered_imc25_english_smish_03134,False,duplicate_against_raw_required_dataset
gathered_imc25_english_smish_03147,Smishing-Dataset-IMC25,Gathered approved smishing 7k,gathered_approved_smishing,imc25_english_smish_03147,Dear Customer to confirm your mobile number for ICICI bank Credit Card Application Please enter the verification code <US_DRIVER_LICENSE> in your application form.,smishing_corpus_row,smishing,accepted,approved,false,false,false,data\final\approved_smishing_messages.csv,original_source=Smishing-Dataset-IMC25; scam_category=banking; strict-clean approved gathered smishing row.,dear customer to confirm your mobile number for icici bank credit card application please enter the verification code <us driver license> in your application form,,1,true,Smishing-Dataset-IMC25,smishing,Dear Customer to confirm your mobile number for ICICI bank Credit Card Application Please enter the verification code <US_DRIVER_LICENSE> in your application form.,Dear Customer to confirm your mobile number for ICICI bank Credit Card Application Please enter the verification code <US_DRIVER_LICENSE> in your application form.,True,original_unredacted,cleaned_from_raw,False,found_in_source_archive,Selected gathered final `message_raw` as the least-redacted available text.,excluded_duplicate_raw_available,,gathered_imc25_english_smish_03147,False,duplicate_against_raw_required_dataset
gathered_imc25_english_smish_03151,Smishing-Dataset-IMC25,Gathered approved smishing 7k,gathered_approved_smishing,imc25_english_smish_03151,Order Update: Please give the Cancellation code <OTP> for order SF561595932FPL to the partner ONLY when they are at the doorstep - Shadowfax,smishing_corpus_row,smishing,accepted,approved,false,false,false,data\final\approved_smishing_messages.csv,original_source=Smishing-Dataset-IMC25; scam_category=delivery; strict-clean approved gathered smishing row.,order update please give the cancellation code <otp> for order sf561595932fpl to the partner only when they are at the doorstep shadowfax,,1,true,Smishing-Dataset-IMC25,smishing,Order Update: Please give the Cancellation code 2566 for order SF561595932FPL to the partner ONLY when they are at the doorstep - Shadowfax,Order Update: Please give the Cancellation code <OTP> for order SF561595932FPL to the partner ONLY when they are at the doorstep - Shadowfax,True,original_unredacted,cleaned_from_raw,False,found_in_source_archive,Selected gathered final `message_raw` as the least-redacted available text.,excluded_duplicate_raw_available,,gathered_imc25_english_smish_03151,False,duplicate_against_raw_required_dataset
gathered_imc25_english_smish_03165,Smishing-Dataset-IMC25,Gathered approved smishing 7k,gathered_approved_smishing,imc25_english_smish_03165,<LOCATION>: Your last payment didn't go through. To avoid disconnection visit...,smishing_corpus_row,smishing,accepted,approved,false,false,false,data\final\approved_smishing_messages.csv,original_source=Smishing-Dataset-IMC25; scam_category=telecom; strict-clean approved gathered smishing row.,<location> your last payment didn t go through to avoid disconnection visit,,1,true,Smishing-Dataset-IMC25,smishing,<LOCATION>: Your last payment didn't go through. To avoid disconnection visit...,<LOCATION>: Your last payment didn't go through. To avoid disconnection visit...,True,original_unredacted,cleaned_from_raw,False,found_in_source_archive,Selected gathered final `message_raw` as the least-redacted available text.,excluded_duplicate_raw_available,,gathered_imc25_english_smish_03165,False,duplicate_against_raw_required_dataset
gathered_imc25_english_smish_03169,Smishing-Dataset-IMC25,Gathered approved smishing 7k,gathered_approved_smishing,imc25_english_smish_03169,SMS Alert Fee-<PHONE>,smishing_corpus_row,smishing,accepted,approved,false,false,false,data\final\approved_smishing_messages.csv,original_source=Smishing-Dataset-IMC25; scam_category=others; strict-clean approved gathered smishing row.,sms alert fee <phone>,,1,true,Smishing-Dataset-IMC25,smishing,SMS Alert Fee-24 03-23 04 2023,SMS Alert Fee-<PHONE>,True,original_unredacted,cleaned_from_raw,False,found_in_source_archive,Selected gathered final `message_raw` as the least-redacted available text.,excluded_duplicate_raw_available,,gathered_imc25_english_smish_03169,False,duplicate_against_raw_required_dataset
gathered_imc25_english_smish_03175,Smishing-Dataset-IMC25,Gathered approved smishing 7k,gathered_approved_smishing,imc25_english_smish_03175,DEAR Sbi Yono Users Your A/C will be suspended Please Click on the link to update your Pan card number,smishing_corpus_row,smishing,accepted,approved,false,false,false,data\final\approved_smishing_messages.csv,original_source=Smishing-Dataset-IMC25; scam_category=banking; strict-clean approved gathered smishing row.,dear sbi yono users your a c will be suspended please click on the link to update your pan card number,,1,true,Smishing-Dataset-IMC25,smishing,DEAR Sbi Yono Users Your A/C will be suspended Please Click on the link to update your Pan card number,DEAR Sbi Yono Users Your A/C will be suspended Please Click on the link to update your Pan card number,True,original_unredacted,cleaned_from_raw,False,found_in_source_archive,Selected gathered final `message_raw` as the least-redacted available text.,excluded_duplicate_raw_available,,gathered_imc25_english_smish_03175,False,duplicate_against_raw_required_dataset
gathered_imc25_english_smish_03177,Smishing-Dataset-IMC25,Gathered approved smishing 7k,gathered_approved_smishing,imc25_english_smish_03177,Dear User Your SBI Y0N0 A-C will be suspended please update your PANCARD IMMEDIATELY click here.,smishing_corpus_row,smishing,accepted,approved,false,false,false,data\final\approved_smishing_messages.csv,original_source=Smishing-Dataset-IMC25; scam_category=banking; strict-clean approved gathered smishing row.,dear user your sbi y0n0 a c will be suspended please update your pancard immediately click here,,1,true,Smishing-Dataset-IMC25,smishing,Dear User Your SBI Y0N0 A-C will be suspended please update your PANCARD IMMEDIATELY click here.,Dear User Your SBI Y0N0 A-C will be suspended please update your PANCARD IMMEDIATELY click here.,True,original_unredacted,cleaned_from_raw,False,found_in_source_archive,Selected gathered final `message_raw` as the least-redacted available text.,excluded_duplicate_raw_available,,gathered_imc25_english_smish_03177,False,duplicate_against_raw_required_dataset
gathered_imc25_english_smish_03222,Smishing-Dataset-IMC25,Gathered approved smishing 7k,gathered_approved_smishing,imc25_english_smish_03222,USPS: Your package will be returned due to missing address details. Please update the address in time: <URL>,smishing_corpus_row,smishing,accepted,approved,false,false,false,data\final\approved_smishing_messages.csv,original_source=Smishing-Dataset-IMC25; scam_category=delivery; strict-clean approved gathered smishing row.,usps your package will be returned due to missing address details please update the address in time <url>,,1,true,Smishing-Dataset-IMC25,smishing,USPS: Your package will be returned due to missing address details. Please update the address in time: http://receiptincorrectkh4e.,USPS: Your package will be returned due to missing address details. Please update the address in time: <URL>,True,original_unredacted,cleaned_from_raw,False,found_in_source_archive,Selected gathered final `message_raw` as the least-redacted available text.,excluded_duplicate_raw_available,,gathered_imc25_english_smish_03222,False,duplicate_against_raw_required_dataset
gathered_imc25_english_smish_03288,Smishing-Dataset-IMC25,Gathered approved smishing 7k,gathered_approved_smishing,imc25_english_smish_03288,Emirates Post: Your parcel has been stopped from delivery please update the address as soon as possible.,smishing_corpus_row,smishing,accepted,approved,false,false,false,data\final\approved_smishing_messages.csv,original_source=Smishing-Dataset-IMC25; scam_category=delivery; strict-clean approved gathered smishing row.,emirates post your parcel has been stopped from delivery please update the address as soon as possible,,1,true,Smishing-Dataset-IMC25,smishing,Emirates Post: Your parcel has been stopped from delivery please update the address as soon as possible.,Emirates Post: Your parcel has been stopped from delivery please update the address as soon as possible.,True,original_unredacted,cleaned_from_raw,False,found_in_source_archive,Selected gathered final `message_raw` as the least-redacted available text.,excluded_duplicate_raw_available,,gathered_imc25_english_smish_03288,False,duplicate_against_raw_required_dataset
gathered_imc25_english_smish_03300,Smishing-Dataset-IMC25,Gathered approved smishing 7k,gathered_approved_smishing,imc25_english_smish_03300,Dear Customer Your HDFC Bank Account has been Suspended please Update Your Document visit your HDFC website Click her to Update by NetBanking,smishing_corpus_row,smishing,accepted,approved,false,false,false,data\final\approved_smishing_messages.csv,original_source=Smishing-Dataset-IMC25; scam_category=banking; strict-clean approved gathered smishing row.,dear customer your hdfc bank account has been suspended please update your document visit your hdfc website click her to update by netbanking,,1,true,Smishing-Dataset-IMC25,smishing,Dear Customer Your HDFC Bank Account has been Suspended please Update Your Document visit your HDFC website Click her to Update by NetBanking,Dear Customer Your HDFC Bank Account has been Suspended please Update Your Document visit your HDFC website Click her to Update by NetBanking,True,original_unredacted,cleaned_from_raw,False,found_in_source_archive,Selected gathered final `message_raw` as the least-redacted available text.,excluded_duplicate_raw_available,,gathered_imc25_english_smish_03300,False,duplicate_against_raw_required_dataset
gathered_imc25_english_smish_03311,Smishing-Dataset-IMC25,Gathered approved smishing 7k,gathered_approved_smishing,imc25_english_smish_03311,CONGRATULATIONS! You are the winner of our sweepstakes. Click the link below to claim your prize:,smishing_corpus_row,smishing,accepted,approved,false,false,false,data\final\approved_smishing_messages.csv,original_source=Smishing-Dataset-IMC25; scam_category=spam; strict-clean approved gathered smishing row.,congratulations you are the winner of our sweepstakes click the link below to claim your prize,,1,true,Smishing-Dataset-IMC25,smishing,CONGRATULATIONS! You are the winner of our sweepstakes. Click the link below to claim your prize:,CONGRATULATIONS! You are the winner of our sweepstakes. Click the link below to claim your prize:,True,original_unredacted,cleaned_from_raw,False,found_in_source_archive,Selected gathered final `message_raw` as the least-redacted available text.,excluded_duplicate_raw_available,,gathered_imc25_english_smish_03311,False,duplicate_against_raw_required_dataset
gathered_imc25_english_smish_03359,Smishing-Dataset-IMC25,Gathered approved smishing 7k,gathered_approved_smishing,imc25_english_smish_03359,BDO NOTICE Your BDO Account is on-hold due to security purposes kindly verify here:,smishing_corpus_row,smishing,accepted,approved,false,false,false,data\final\approved_smishing_messages.csv,original_source=Smishing-Dataset-IMC25; scam_category=banking; strict-clean approved gathered smishing row.,bdo notice your bdo account is on hold due to security purposes kindly verify here,,1,true,Smishing-Dataset-IMC25,smishing,BDO NOTICE Your BDO Account is on-hold due to security purposes kindly verify here:,BDO NOTICE Your BDO Account is on-hold due to security purposes kindly verify here:,True,original_unredacted,cleaned_from_raw,False,found_in_source_archive,Selected gathered final `message_raw` as the least-redacted available text.,excluded_duplicate_raw_available,,gathered_imc25_english_smish_03359,False,duplicate_against_raw_required_dataset
gathered_imc25_english_smish_03408,Smishing-Dataset-IMC25,Gathered approved smishing 7k,gathered_approved_smishing,imc25_english_smish_03408,CONGRATULATIONS! Yes! You are the Congratulated Draw. Dear Customer You Have This Type Of Prizes <US_DRIVER_LICENSE>/- Rs. Your Prize Confirmation Just Call Now,smishing_corpus_row,smishing,accepted,approved,false,false,false,data\final\approved_smishing_messages.csv,original_source=Smishing-Dataset-IMC25; scam_category=spam; strict-clean approved gathered smishing row.,congratulations yes you are the congratulated draw dear customer you have this type of prizes <us driver license> rs your prize confirmation just call now,,1,true,Smishing-Dataset-IMC25,smishing,CONGRATULATIONS! Yes! You are the Congratulated Draw. Dear Customer You Have This Type Of Prizes <US_DRIVER_LICENSE>/- Rs. Your Prize Confirmation Just Call Now,CONGRATULATIONS! Yes! You are the Congratulated Draw. Dear Customer You Have This Type Of Prizes <US_DRIVER_LICENSE>/- Rs. Your Prize Confirmation Just Call Now,True,original_unredacted,cleaned_from_raw,False,found_in_source_archive,Selected gathered final `message_raw` as the least-redacted available text.,excluded_duplicate_raw_available,,gathered_imc25_english_smish_03408,False,duplicate_against_raw_required_dataset
gathered_imc25_english_smish_03411,Smishing-Dataset-IMC25,Gathered approved smishing 7k,gathered_approved_smishing,imc25_english_smish_03411,Dear Customer Your SBI Yono Account validity is expired. Please click the link to update your your PAN. Link – <URL>,smishing_corpus_row,smishing,accepted,approved,false,false,false,data\final\approved_smishing_messages.csv,original_source=Smishing-Dataset-IMC25; scam_category=banking; strict-clean approved gathered smishing row.,dear customer your sbi yono account validity is expired please click the link to update your your pan link <url>,,1,true,Smishing-Dataset-IMC25,smishing,Dear Customer Your SBI Yono Account validity is expired. Please click the link to update your your PAN. Link – http://..._de,Dear Customer Your SBI Yono Account validity is expired. Please click the link to update your your PAN. Link – <URL>,True,original_unredacted,cleaned_from_raw,False,found_in_source_archive,Selected gathered final `message_raw` as the least-redacted available text.,excluded_duplicate_raw_available,,gathered_imc25_english_smish_03411,False,duplicate_against_raw_required_dataset
gathered_imc25_english_smish_03412,Smishing-Dataset-IMC25,Gathered approved smishing 7k,gathered_approved_smishing,imc25_english_smish_03412,Dear customer your hdfc Bank account will be suspended Please click on the link to update your pan card,smishing_corpus_row,smishing,accepted,approved,false,false,false,data\final\approved_smishing_messages.csv,original_source=Smishing-Dataset-IMC25; scam_category=banking; strict-clean approved gathered smishing row.,dear customer your hdfc bank account will be suspended please click on the link to update your pan card,,1,true,Smishing-Dataset-IMC25,smishing,Dear customer your hdfc Bank account will be suspended Please click on the link to update your pan card,Dear customer your hdfc Bank account will be suspended Please click on the link to update your pan card,True,original_unredacted,cleaned_from_raw,False,found_in_source_archive,Selected gathered final `message_raw` as the least-redacted available text.,excluded_duplicate_raw_available,,gathered_imc25_english_smish_03412,False,duplicate_against_raw_required_dataset
gathered_imc25_english_smish_03433,Smishing-Dataset-IMC25,Gathered approved smishing 7k,gathered_approved_smishing,imc25_english_smish_03433,A new payee was added to your CommBank account. Not you? Visit:,smishing_corpus_row,smishing,accepted,approved,false,false,false,data\final\approved_smishing_messages.csv,original_source=Smishing-Dataset-IMC25; scam_category=banking; strict-clean approved gathered smishing row.,a new payee was added to your commbank account not you visit,,1,true,Smishing-Dataset-IMC25,smishing,A new payee was added to your CommBank account. Not you? Visit:,A new payee was added to your CommBank account. Not you? Visit:,True,original_unredacted,cleaned_from_raw,False,found_in_source_archive,Selected gathered final `message_raw` as the least-redacted available text.,excluded_duplicate_raw_available,,gathered_imc25_english_smish_03433,False,duplicate_against_raw_required_dataset
gathered_imc25_english_smish_03469,Smishing-Dataset-IMC25,Gathered approved smishing 7k,gathered_approved_smishing,imc25_english_smish_03469,BSNL KYC UPDATE(<PHONE>).pdf,smishing_corpus_row,smishing,accepted,approved,false,false,false,data\final\approved_smishing_messages.csv,original_source=Smishing-Dataset-IMC25; scam_category=telecom; strict-clean approved gathered smishing row.,bsnl kyc update <phone> pdf,,1,true,Smishing-Dataset-IMC25,smishing,BSNL KYC UPDATE(2)(2)(3)(1).pdf,BSNL KYC UPDATE(<PHONE>).pdf,True,original_unredacted,cleaned_from_raw,False,found_in_source_archive,Selected gathered final `message_raw` as the least-redacted available text.,excluded_duplicate_raw_available,,gathered_imc25_english_smish_03469,False,duplicate_against_raw_required_dataset
gathered_imc25_english_smish_03527,Smishing-Dataset-IMC25,Gathered approved smishing 7k,gathered_approved_smishing,imc25_english_smish_03527,Alert Dear Customer Your ICICI BANK Account has been blocked Today Please Remember to Update Your Account/PAN Card details using this Malicious fake android (apk) file.,smishing_corpus_row,smishing,accepted,approved,false,false,false,data\final\approved_smishing_messages.csv,original_source=Smishing-Dataset-IMC25; scam_category=banking; strict-clean approved gathered smishing row.,alert dear customer your icici bank account has been blocked today please remember to update your account pan card details using this malicious fake android apk file,,1,true,Smishing-Dataset-IMC25,smishing,Alert Dear Customer Your ICICI BANK Account has been blocked Today Please Remember to Update Your Account/PAN Card details using this Malicious fake android (apk) file.,Alert Dear Customer Your ICICI BANK Account has been blocked Today Please Remember to Update Your Account/PAN Card details using this Malicious fake android (apk) file.,True,original_unredacted,cleaned_from_raw,False,found_in_source_archive,Selected gathered final `message_raw` as the least-redacted available text.,excluded_duplicate_raw_available,,gathered_imc25_english_smish_03527,False,duplicate_against_raw_required_dataset
gathered_imc25_english_smish_03531,Smishing-Dataset-IMC25,Gathered approved smishing 7k,gathered_approved_smishing,imc25_english_smish_03531,Hello your credit union account has been placed on hold please verify your account below,smishing_corpus_row,smishing,accepted,approved,false,false,false,data\final\approved_smishing_messages.csv,original_source=Smishing-Dataset-IMC25; scam_category=banking; strict-clean approved gathered smishing row.,hello your credit union account has been placed on hold please verify your account below,,1,true,Smishing-Dataset-IMC25,smishing,Hello your credit union account has been placed on hold please verify your account below,Hello your credit union account has been placed on hold please verify your account below,True,original_unredacted,cleaned_from_raw,False,found_in_source_archive,Selected gathered final `message_raw` as the least-redacted available text.,excluded_duplicate_raw_available,,gathered_imc25_english_smish_03531,False,duplicate_against_raw_required_dataset
gathered_imc25_english_smish_03552,Smishing-Dataset-IMC25,Gathered approved smishing 7k,gathered_approved_smishing,imc25_english_smish_03552,USPS service: Package was delayed due to incomplete door number. Reply to[ 1 ] pleas...,smishing_corpus_row,smishing,accepted,approved,false,false,false,data\final\approved_smishing_messages.csv,original_source=Smishing-Dataset-IMC25; scam_category=delivery; strict-clean approved gathered smishing row.,usps service package was delayed due to incomplete door number reply to 1 pleas,,1,true,Smishing-Dataset-IMC25,smishing,USPS service: Package was delayed due to incomplete door number. Reply to[ 1 ] pleas...,USPS service: Package was delayed due to incomplete door number. Reply to[ 1 ] pleas...,True,original_unredacted,cleaned_from_raw,False,found_in_source_archive,Selected gathered final `message_raw` as the least-redacted available text.,excluded_duplicate_raw_available,,gathered_imc25_english_smish_03552,False,duplicate_against_raw_required_dataset
gathered_imc25_english_smish_03617,Smishing-Dataset-IMC25,Gathered approved smishing 7k,gathered_approved_smishing,imc25_english_smish_03617,Dear HDFC User Your HDFC NetBanking will be Suspended Today Please click on the link and update your PAN No.,smishing_corpus_row,smishing,accepted,approved,false,false,false,data\final\approved_smishing_messages.csv,original_source=Smishing-Dataset-IMC25; scam_category=banking; strict-clean approved gathered smishing row.,dear hdfc user your hdfc netbanking will be suspended today please click on the link and update your pan no,,1,true,Smishing-Dataset-IMC25,smishing,Dear HDFC User Your HDFC NetBanking will be Suspended Today Please click on the link and update your PAN No.,Dear HDFC User Your HDFC NetBanking will be Suspended Today Please click on the link and update your PAN No.,True,original_unredacted,cleaned_from_raw,False,found_in_source_archive,Selected gathered final `message_raw` as the least-redacted available text.,excluded_duplicate_raw_available,,gathered_imc25_english_smish_03617,False,duplicate_against_raw_required_dataset
gathered_imc25_english_smish_03622,Smishing-Dataset-IMC25,Gathered approved smishing 7k,gathered_approved_smishing,imc25_english_smish_03622,Applepay: Dear user due to the recent data upgrade and maintenance apple pay wishes to serve you better you are required to validate your apple pay information to avoid closure click below to validate your information,smishing_corpus_row,smishing,accepted,approved,false,false,false,data\final\approved_smishing_messages.csv,original_source=Smishing-Dataset-IMC25; scam_category=banking; strict-clean approved gathered smishing row.,applepay dear user due to the recent data upgrade and maintenance apple pay wishes to serve you better you are required to validate your apple pay information to avoid closure click below to validate your information,,1,true,Smishing-Dataset-IMC25,smishing,Applepay: Dear user due to the recent data upgrade and maintenance apple pay wishes to serve you better you are required to validate your apple pay information to avoid closure click below to validate your information,Applepay: Dear user due to the recent data upgrade and maintenance apple pay wishes to serve you better you are required to validate your apple pay information to avoid closure click below to validate your information,True,original_unredacted,cleaned_from_raw,False,found_in_source_archive,Selected gathered final `message_raw` as the least-redacted available text.,excluded_duplicate_raw_available,,gathered_imc25_english_smish_03622,False,duplicate_against_raw_required_dataset
gathered_imc25_english_smish_03637,Smishing-Dataset-IMC25,Gathered approved smishing 7k,gathered_approved_smishing,imc25_english_smish_03637,Dear User You’ve earned <LOCATION> <OTP> bonus cash on Specials. Click on <URL> to claim your coupon! T&C Team JioCoupon,smishing_corpus_row,smishing,accepted,approved,false,false,false,data\final\approved_smishing_messages.csv,original_source=Smishing-Dataset-IMC25; scam_category=spam; strict-clean approved gathered smishing row.,dear user you ve earned <location> <otp> bonus cash on specials click on <url> to claim your coupon t c team jiocoupon,,1,true,Smishing-Dataset-IMC25,smishing,Dear User You’ve earned <LOCATION> 5000 bonus cash on Specials. Click on https://t.jio/winnings-MYIPL5K to claim your coupon! T&C Team JioCoupon,Dear User You’ve earned <LOCATION> 5000 bonus cash on Specials. Click on <URL> to claim your coupon! T&C Team JioCoupon,True,original_unredacted,cleaned_from_raw,False,found_in_source_archive,Selected gathered final `message_raw` as the least-redacted available text.,excluded_duplicate_raw_available,,gathered_imc25_english_smish_03637,False,duplicate_against_raw_required_dataset
gathered_imc25_english_smish_03659,Smishing-Dataset-IMC25,Gathered approved smishing 7k,gathered_approved_smishing,imc25_english_smish_03659,Hello your credit union account has been placed on hold please verify your account follow <URL>,smishing_corpus_row,smishing,accepted,approved,false,false,false,data\final\approved_smishing_messages.csv,original_source=Smishing-Dataset-IMC25; scam_category=banking; strict-clean approved gathered smishing row.,hello your credit union account has been placed on hold please verify your account follow <url>,,1,true,Smishing-Dataset-IMC25,smishing,Hello your credit union account has been placed on hold please verify your account follow https://continue1/online/,Hello your credit union account has been placed on hold please verify your account follow <URL>,True,original_unredacted,cleaned_from_raw,False,found_in_source_archive,Selected gathered final `message_raw` as the least-redacted available text.,excluded_duplicate_raw_available,,gathered_imc25_english_smish_03659,False,duplicate_against_raw_required_dataset
gathered_imc25_english_smish_03662,Smishing-Dataset-IMC25,Gathered approved smishing 7k,gathered_approved_smishing,imc25_english_smish_03662,Dear User Your SBI YON0 A-C will be Suspended please update your PAN CARD IMMEDIATELY Click here link,smishing_corpus_row,smishing,accepted,approved,false,false,false,data\final\approved_smishing_messages.csv,original_source=Smishing-Dataset-IMC25; scam_category=banking; strict-clean approved gathered smishing row.,dear user your sbi yon0 a c will be suspended please update your pan card immediately click here link,,1,true,Smishing-Dataset-IMC25,smishing,Dear User Your SBI YON0 A-C will be Suspended please update your PAN CARD IMMEDIATELY Click here link,Dear User Your SBI YON0 A-C will be Suspended please update your PAN CARD IMMEDIATELY Click here link,True,original_unredacted,cleaned_from_raw,False,found_in_source_archive,Selected gathered final `message_raw` as the least-redacted available text.,excluded_duplicate_raw_available,,gathered_imc25_english_smish_03662,False,duplicate_against_raw_required_dataset
gathered_imc25_english_smish_03689,Smishing-Dataset-IMC25,Gathered approved smishing 7k,gathered_approved_smishing,imc25_english_smish_03689,Dear customer your SBI account has been block please update pancard immediately click hear SBI TEAM,smishing_corpus_row,smishing,accepted,approved,false,false,false,data\final\approved_smishing_messages.csv,original_source=Smishing-Dataset-IMC25; scam_category=banking; strict-clean approved gathered smishing row.,dear customer your sbi account has been block please update pancard immediately click hear sbi team,,1,true,Smishing-Dataset-IMC25,smishing,Dear customer your SBI account has been block please update pancard immediately click hear SBI TEAM,Dear customer your SBI account has been block please update pancard immediately click hear SBI TEAM,True,original_unredacted,cleaned_from_raw,False,found_in_source_archive,Selected gathered final `message_raw` as the least-redacted available text.,excluded_duplicate_raw_available,,gathered_imc25_english_smish_03689,False,duplicate_against_raw_required_dataset
gathered_imc25_english_smish_03696,Smishing-Dataset-IMC25,Gathered approved smishing 7k,gathered_approved_smishing,imc25_english_smish_03696,We are having trouble delivering your package due to an incorrect address. Please update your address details to avoid your package will be returned to the seller.,smishing_corpus_row,smishing,accepted,approved,false,false,false,data\final\approved_smishing_messages.csv,original_source=Smishing-Dataset-IMC25; scam_category=delivery; strict-clean approved gathered smishing row.,we are having trouble delivering your package due to an incorrect address please update your address details to avoid your package will be returned to the seller,,1,true,Smishing-Dataset-IMC25,smishing,We are having trouble delivering your package due to an incorrect address. Please update your address details to avoid your package will be returned to the seller.,We are having trouble delivering your package due to an incorrect address. Please update your address details to avoid your package will be returned to the seller.,True,original_unredacted,cleaned_from_raw,False,found_in_source_archive,Selected gathered final `message_raw` as the least-redacted available text.,excluded_duplicate_raw_available,,gathered_imc25_english_smish_03696,False,duplicate_against_raw_required_dataset
gathered_imc25_english_smish_03699,Smishing-Dataset-IMC25,Gathered approved smishing 7k,gathered_approved_smishing,imc25_english_smish_03699,RM0 CIMB BANK:RM 5.88 was charged to your Debit Card on 25-05-23 at FACEBK *T26C7S7. Pls call the no. at the back of your card for any enquiry,smishing_corpus_row,smishing,accepted,approved,false,false,false,data\final\approved_smishing_messages.csv,original_source=Smishing-Dataset-IMC25; scam_category=banking; strict-clean approved gathered smishing row.,rm0 cimb bank rm 5 88 was charged to your debit card on <num> at facebk t26c7s7 pls call the no at the back of your card for any enquiry,,1,true,Smishing-Dataset-IMC25,smishing,RM0 CIMB BANK:RM  5.88 was charged to your Debit Card on 25-05-23 at FACEBK *T26C7S7. Pls call the no. at the back of your card for any enquiry,RM0 CIMB BANK:RM 5.88 was charged to your Debit Card on 25-05-23 at FACEBK *T26C7S7. Pls call the no. at the back of your card for any enquiry,True,original_unredacted,cleaned_from_raw,False,found_in_source_archive,Selected gathered final `message_raw` as the least-redacted available text.,excluded_duplicate_raw_available,,gathered_imc25_english_smish_03699,False,duplicate_against_raw_required_dataset
gathered_imc25_english_smish_03732,Smishing-Dataset-IMC25,Gathered approved smishing 7k,gathered_approved_smishing,imc25_english_smish_03732,Your bank account has been placed on hold. Call XXX-XXX-XXXX free to resolve now,smishing_corpus_row,smishing,accepted,approved,false,false,false,data\final\approved_smishing_messages.csv,original_source=Smishing-Dataset-IMC25; scam_category=banking; strict-clean approved gathered smishing row.,your bank account has been placed on hold call xxx xxx xxxx free to resolve now,,1,true,Smishing-Dataset-IMC25,smishing,Your bank account has been placed on hold. Call XXX-XXX-XXXX free to resolve now,Your bank account has been placed on hold. Call XXX-XXX-XXXX free to resolve now,True,original_unredacted,cleaned_from_raw,False,found_in_source_archive,Selected gathered final `message_raw` as the least-redacted available text.,excluded_duplicate_raw_available,,gathered_imc25_english_smish_03732,False,duplicate_against_raw_required_dataset
gathered_imc25_english_smish_03734,Smishing-Dataset-IMC25,Gathered approved smishing 7k,gathered_approved_smishing,imc25_english_smish_03734,Credit Union: Hello your credit union account has been placed on a hold please verify your account:,smishing_corpus_row,smishing,accepted,approved,false,false,false,data\final\approved_smishing_messages.csv,original_source=Smishing-Dataset-IMC25; scam_category=banking; strict-clean approved gathered smishing row.,credit union hello your credit union account has been placed on a hold please verify your account,,1,true,Smishing-Dataset-IMC25,smishing,Credit Union: Hello your credit union account has been placed on a hold please verify your account:,Credit Union: Hello your credit union account has been placed on a hold please verify your account:,True,original_unredacted,cleaned_from_raw,False,found_in_source_archive,Selected gathered final `message_raw` as the least-redacted available text.,excluded_duplicate_raw_available,,gathered_imc25_english_smish_03734,False,duplicate_against_raw_required_dataset
gathered_imc25_english_smish_03748,Smishing-Dataset-IMC25,Gathered approved smishing 7k,gathered_approved_smishing,imc25_english_smish_03748,Your KYC has been updated success-fully and you will get <OTP> cashback in your wallet. To get the cashback click here to the link,smishing_corpus_row,smishing,accepted,approved,false,false,false,data\final\approved_smishing_messages.csv,original_source=Smishing-Dataset-IMC25; scam_category=banking; strict-clean approved gathered smishing row.,your kyc has been updated success fully and you will get <otp> cashback in your wallet to get the cashback click here to the link,,1,true,Smishing-Dataset-IMC25,smishing,Your KYC has been updated success-fully and you will get 1205 cashback in your wallet. To get the cashback click here to the link,Your KYC has been updated success-fully and you will get 1205 cashback in your wallet. To get the cashback click here to the link,True,original_unredacted,cleaned_from_raw,False,found_in_source_archive,Selected gathered final `message_raw` as the least-redacted available text.,excluded_duplicate_raw_available,,gathered_imc25_english_smish_03748,False,duplicate_against_raw_required_dataset
gathered_imc25_english_smish_03790,Smishing-Dataset-IMC25,Gathered approved smishing 7k,gathered_approved_smishing,imc25_english_smish_03790,Dear User Your SBI Y0N0 ACCOUNT will be suspended please update your PAN CARD IMMEDIATELY click here link..,smishing_corpus_row,smishing,accepted,approved,false,false,false,data\final\approved_smishing_messages.csv,original_source=Smishing-Dataset-IMC25; scam_category=banking; strict-clean approved gathered smishing row.,dear user your sbi y0n0 account will be suspended please update your pan card immediately click here link,,1,true,Smishing-Dataset-IMC25,smishing,Dear User Your SBI Y0N0 ACCOUNT will be suspended please update your PAN CARD IMMEDIATELY click here link..,Dear User Your SBI Y0N0 ACCOUNT will be suspended please update your PAN CARD IMMEDIATELY click here link..,True,original_unredacted,cleaned_from_raw,False,found_in_source_archive,Selected gathered final `message_raw` as the least-redacted available text.,excluded_duplicate_raw_available,,gathered_imc25_english_smish_03790,False,duplicate_against_raw_required_dataset
gathered_imc25_english_smish_03825,Smishing-Dataset-IMC25,Gathered approved smishing 7k,gathered_approved_smishing,imc25_english_smish_03825,Dear Customer you are ATM Card Has Bein Block BY State Bank Due To Non Verification yet If you Want To Keep Using Your ATM CARD Us:Call Me..,smishing_corpus_row,smishing,accepted,approved,false,false,false,data\final\approved_smishing_messages.csv,original_source=Smishing-Dataset-IMC25; scam_category=banking; strict-clean approved gathered smishing row.,dear customer you are atm card has bein block by state bank due to non verification yet if you want to keep using your atm card us call me,,1,true,Smishing-Dataset-IMC25,smishing,Dear Customer you are ATM Card Has Bein Block BY State Bank Due To Non Verification yet If you Want To Keep Using Your ATM CARD Us:Call Me..,Dear Customer you are ATM Card Has Bein Block BY State Bank Due To Non Verification yet If you Want To Keep Using Your ATM CARD Us:Call Me..,True,original_unredacted,cleaned_from_raw,False,found_in_source_archive,Selected gathered final `message_raw` as the least-redacted available text.,excluded_duplicate_raw_available,,gathered_imc25_english_smish_03825,False,duplicate_against_raw_required_dataset
gathered_imc25_english_smish_03833,Smishing-Dataset-IMC25,Gathered approved smishing 7k,gathered_approved_smishing,imc25_english_smish_03833,The phone number attached to your account has been recently removed from your account and a different phone number has been added. If you did not make this phone change please reply that I did not make this message. Thanks Twitter Support,smishing_corpus_row,smishing,accepted,approved,false,false,false,data\final\approved_smishing_messages.csv,original_source=Smishing-Dataset-IMC25; scam_category=others; strict-clean approved gathered smishing row.,the phone number attached to your account has been recently removed from your account and a different phone number has been added if you did not make this phone change please reply that i did not make this message thanks twitter support,,1,true,Smishing-Dataset-IMC25,smishing,The phone number attached to your account has been recently removed from your account and a different phone number has been added. If you did not make this phone change please reply that I did not make this message.  Thanks Twitter Support,The phone number attached to your account has been recently removed from your account and a different phone number has been added. If you did not make this phone change please reply that I did not make this message. Thanks Twitter Support,True,original_unredacted,cleaned_from_raw,False,found_in_source_archive,Selected gathered final `message_raw` as the least-redacted available text.,excluded_duplicate_raw_available,,gathered_imc25_english_smish_03833,False,duplicate_against_raw_required_dataset
gathered_imc25_english_smish_03839,Smishing-Dataset-IMC25,Gathered approved smishing 7k,gathered_approved_smishing,imc25_english_smish_03839,myGov: Your income return of $<OTP>.34 could not be processed due to insufficient information supplied please update immediately at,smishing_corpus_row,smishing,accepted,approved,false,false,false,data\final\approved_smishing_messages.csv,original_source=Smishing-Dataset-IMC25; scam_category=government; strict-clean approved gathered smishing row.,mygov your income return of <otp> 34 could not be processed due to insufficient information supplied please update immediately at,,1,true,Smishing-Dataset-IMC25,smishing,myGov: Your income return of $1800.34 could not be processed due to insufficient information supplied please update immediately at,myGov: Your income return of <AMOUNT> could not be processed due to insufficient information supplied please update immediately at,True,original_unredacted,cleaned_from_raw,False,found_in_source_archive,Selected gathered final `message_raw` as the least-redacted available text.,excluded_duplicate_raw_available,,gathered_imc25_english_smish_03839,False,duplicate_against_raw_required_dataset
gathered_imc25_english_smish_03854,Smishing-Dataset-IMC25,Gathered approved smishing 7k,gathered_approved_smishing,imc25_english_smish_03854,Your customer your SBI Account is disabled. Please update your PAN number using the following link short gy/y7l43k to avoid any disruptions. NAGH,smishing_corpus_row,smishing,accepted,approved,false,false,false,data\final\approved_smishing_messages.csv,original_source=Smishing-Dataset-IMC25; scam_category=banking; strict-clean approved gathered smishing row.,your customer your sbi account is disabled please update your pan number using the following link short gy y7l43k to avoid any disruptions nagh,,1,true,Smishing-Dataset-IMC25,smishing,Your customer your SBI Account is disabled. Please update your PAN number using the following link short gy/y7l43k to avoid any disruptions. NAGH,Your customer your SBI Account is disabled. Please update your PAN number using the following link short gy/y7l43k to avoid any disruptions. NAGH,True,original_unredacted,cleaned_from_raw,False,found_in_source_archive,Selected gathered final `message_raw` as the least-redacted available text.,excluded_duplicate_raw_available,,gathered_imc25_english_smish_03854,False,duplicate_against_raw_required_dataset
gathered_imc25_english_smish_03860,Smishing-Dataset-IMC25,Gathered approved smishing 7k,gathered_approved_smishing,imc25_english_smish_03860,Dear User Your SBI YONO A-C will be suspended please update your PANC...,smishing_corpus_row,smishing,accepted,approved,false,false,false,data\final\approved_smishing_messages.csv,original_source=Smishing-Dataset-IMC25; scam_category=banking; strict-clean approved gathered smishing row.,dear user your sbi yono a c will be suspended please update your panc,,1,true,Smishing-Dataset-IMC25,smishing,Dear User Your SBI YONO A-C will be suspended please update your PANC...,Dear User Your SBI YONO A-C will be suspended please update your PANC...,True,original_unredacted,cleaned_from_raw,False,found_in_source_archive,Selected gathered final `message_raw` as the least-redacted available text.,excluded_duplicate_raw_available,,gathered_imc25_english_smish_03860,False,duplicate_against_raw_required_dataset
gathered_imc25_english_smish_03863,Smishing-Dataset-IMC25,Gathered approved smishing 7k,gathered_approved_smishing,imc25_english_smish_03863,Dear hdfc user your account has been suspande please update your pan card,smishing_corpus_row,smishing,accepted,approved,false,false,false,data\final\approved_smishing_messages.csv,original_source=Smishing-Dataset-IMC25; scam_category=banking; strict-clean approved gathered smishing row.,dear hdfc user your account has been suspande please update your pan card,,1,true,Smishing-Dataset-IMC25,smishing,Dear hdfc user your account has been suspande please update your pan card,Dear hdfc user your account has been suspande please update your pan card,True,original_unredacted,cleaned_from_raw,False,found_in_source_archive,Selected gathered final `message_raw` as the least-redacted available text.,excluded_duplicate_raw_available,,gathered_imc25_english_smish_03863,False,duplicate_against_raw_required_dataset
gathered_imc25_english_smish_03876,Smishing-Dataset-IMC25,Gathered approved smishing 7k,gathered_approved_smishing,imc25_english_smish_03876,I'm at Woolworths and brought the wrong card with me. Can you please transfer me 350 I will pay you back when I get home. Thanks BSB: 812-812 ACC: <PHONE>,smishing_corpus_row,smishing,accepted,approved,false,false,false,data\final\approved_smishing_messages.csv,original_source=Smishing-Dataset-IMC25; scam_category=others; strict-clean approved gathered smishing row.,i m at woolworths and brought the wrong card with me can you please transfer me <num> i will pay you back when i get home thanks bsb <num> <num> acc <phone>,,1,true,Smishing-Dataset-IMC25,smishing,I'm at Woolworths and brought the wrong card with me. Can you please transfer me 350 I will pay you back when I get home. Thanks BSB: 812-812 ACC: 101-035-331,I'm at Woolworths and brought the wrong card with me. Can you please transfer me 350 I will pay you back when I get home. Thanks BSB: 812-812 ACC: <PHONE>,True,original_unredacted,cleaned_from_raw,False,found_in_source_archive,Selected gathered final `message_raw` as the least-redacted available text.,excluded_duplicate_raw_available,,gathered_imc25_english_smish_03876,False,duplicate_against_raw_required_dataset
gathered_imc25_english_smish_03923,Smishing-Dataset-IMC25,Gathered approved smishing 7k,gathered_approved_smishing,imc25_english_smish_03923,Dear Customer Your SBI Account will be block please update your PANCARD immediately complete your KYC click here.,smishing_corpus_row,smishing,accepted,approved,false,false,false,data\final\approved_smishing_messages.csv,original_source=Smishing-Dataset-IMC25; scam_category=banking; strict-clean approved gathered smishing row.,dear customer your sbi account will be block please update your pancard immediately complete your kyc click here,,1,true,Smishing-Dataset-IMC25,smishing,Dear Customer Your SBI Account will be block please update your PANCARD immediately complete your KYC click here.,Dear Customer Your SBI Account will be block please update your PANCARD immediately complete your KYC click here.,True,original_unredacted,cleaned_from_raw,False,found_in_source_archive,Selected gathered final `message_raw` as the least-redacted available text.,excluded_duplicate_raw_available,,gathered_imc25_english_smish_03923,False,duplicate_against_raw_required_dataset
gathered_imc25_english_smish_03939,Smishing-Dataset-IMC25,Gathered approved smishing 7k,gathered_approved_smishing,imc25_english_smish_03939,eFlow: Your eFlow account will be disabled due to failure to accept the new update. To accept Please visit:,smishing_corpus_row,smishing,accepted,approved,false,false,false,data\final\approved_smishing_messages.csv,original_source=Smishing-Dataset-IMC25; scam_category=others; strict-clean approved gathered smishing row.,eflow your eflow account will be disabled due to failure to accept the new update to accept please visit,,1,true,Smishing-Dataset-IMC25,smishing,eFlow: Your eFlow account will be disabled due to failure to accept the new update. To accept Please visit:,eFlow: Your eFlow account will be disabled due to failure to accept the new update. To accept Please visit:,True,original_unredacted,cleaned_from_raw,False,found_in_source_archive,Selected gathered final `message_raw` as the least-redacted available text.,excluded_duplicate_raw_available,,gathered_imc25_english_smish_03939,False,duplicate_against_raw_required_dataset
gathered_imc25_english_smish_03992,Smishing-Dataset-IMC25,Gathered approved smishing 7k,gathered_approved_smishing,imc25_english_smish_03992,Dear user your HDFC Account is blocked pls update PAN CARD Click here link-,smishing_corpus_row,smishing,accepted,approved,false,false,false,data\final\approved_smishing_messages.csv,original_source=Smishing-Dataset-IMC25; scam_category=banking; strict-clean approved gathered smishing row.,dear user your hdfc account is blocked pls update pan card click here link,,1,true,Smishing-Dataset-IMC25,smishing,Dear user your HDFC Account is blocked pls update PAN CARD Click here link-,Dear user your HDFC Account is blocked pls update PAN CARD Click here link-,True,original_unredacted,cleaned_from_raw,False,found_in_source_archive,Selected gathered final `message_raw` as the least-redacted available text.,excluded_duplicate_raw_available,,gathered_imc25_english_smish_03992,False,duplicate_against_raw_required_dataset
gathered_imc25_english_smish_04008,Smishing-Dataset-IMC25,Gathered approved smishing 7k,gathered_approved_smishing,imc25_english_smish_04008,Dear Customer Your SBI Yono Account is on hold. Please click the link to update your PAN Number. Link,smishing_corpus_row,smishing,accepted,approved,false,false,false,data\final\approved_smishing_messages.csv,original_source=Smishing-Dataset-IMC25; scam_category=banking; strict-clean approved gathered smishing row.,dear customer your sbi yono account is on hold please click the link to update your pan number link,,1,true,Smishing-Dataset-IMC25,smishing,Dear Customer Your SBI Yono Account is on hold. Please click the link to update your PAN Number. Link,Dear Customer Your SBI Yono Account is on hold. Please click the link to update your PAN Number. Link,True,original_unredacted,cleaned_from_raw,False,found_in_source_archive,Selected gathered final `message_raw` as the least-redacted available text.,excluded_duplicate_raw_available,,gathered_imc25_english_smish_04008,False,duplicate_against_raw_required_dataset
gathered_imc25_english_smish_04014,Smishing-Dataset-IMC25,Gathered approved smishing 7k,gathered_approved_smishing,imc25_english_smish_04014,Well done! you have just been gifted a token of (<OTP>) from our empowerment scheme. To claim reward kindly send a valid proof of identification BVN and Last 6 digits of your ATM card. our client care representative will attend to you shortly.,smishing_corpus_row,smishing,accepted,approved,false,false,false,data\final\approved_smishing_messages.csv,original_source=Smishing-Dataset-IMC25; scam_category=spam; strict-clean approved gathered smishing row.,well done you have just been gifted a token of <otp> from our empowerment scheme to claim reward kindly send a valid proof of identification bvn and last 6 digits of your atm card our client care representative will attend to you shortly,,1,true,Smishing-Dataset-IMC25,smishing,Well done! you have just been gifted a token of (75000) from our empowerment scheme. To claim reward kindly send a valid proof of identification BVN and Last 6 digits of your ATM card. our client care representative will attend to you shortly.,Well done! you have just been gifted a token of (75000) from our empowerment scheme. To claim reward kindly send a valid proof of identification BVN and Last 6 digits of your ATM card. our client care representative will attend to you shortly.,True,original_unredacted,cleaned_from_raw,False,found_in_source_archive,Selected gathered final `message_raw` as the least-redacted available text.,excluded_duplicate_raw_available,,gathered_imc25_english_smish_04014,False,duplicate_against_raw_required_dataset
gathered_imc25_english_smish_04015,Smishing-Dataset-IMC25,Gathered approved smishing 7k,gathered_approved_smishing,imc25_english_smish_04015,You have received a refund of 276.29 to deposit in your account click in the link below,smishing_corpus_row,smishing,accepted,approved,false,false,false,data\final\approved_smishing_messages.csv,original_source=Smishing-Dataset-IMC25; scam_category=banking; strict-clean approved gathered smishing row.,you have received a refund of <num> 29 to deposit in your account click in the link below,,1,true,Smishing-Dataset-IMC25,smishing,You have received a refund of 276.29 to deposit in your account click in the link below,You have received a refund of 276.29 to deposit in your account click in the link below,True,original_unredacted,cleaned_from_raw,False,found_in_source_archive,Selected gathered final `message_raw` as the least-redacted available text.,excluded_duplicate_raw_available,,gathered_imc25_english_smish_04015,False,duplicate_against_raw_required_dataset
gathered_imc25_english_smish_04017,Smishing-Dataset-IMC25,Gathered approved smishing 7k,gathered_approved_smishing,imc25_english_smish_04017,Dear Customer Your SBI Yono Account is disabled. Please click the Link to update your PAN Number.,smishing_corpus_row,smishing,accepted,approved,false,false,false,data\final\approved_smishing_messages.csv,original_source=Smishing-Dataset-IMC25; scam_category=banking; strict-clean approved gathered smishing row.,dear customer your sbi yono account is disabled please click the link to update your pan number,,1,true,Smishing-Dataset-IMC25,smishing,Dear Customer Your SBI Yono Account is disabled. Please click the Link to update your PAN Number.,Dear Customer Your SBI Yono Account is disabled. Please click the Link to update your PAN Number.,True,original_unredacted,cleaned_from_raw,False,found_in_source_archive,Selected gathered final `message_raw` as the least-redacted available text.,excluded_duplicate_raw_available,,gathered_imc25_english_smish_04017,False,duplicate_against_raw_required_dataset
gathered_imc25_english_smish_04049,Smishing-Dataset-IMC25,Gathered approved smishing 7k,gathered_approved_smishing,imc25_english_smish_04049,Dear Customers your HDFC Netbanking Account will be blocked .Today please Update your PAN Please visit the link,smishing_corpus_row,smishing,accepted,approved,false,false,false,data\final\approved_smishing_messages.csv,original_source=Smishing-Dataset-IMC25; scam_category=banking; strict-clean approved gathered smishing row.,dear customers your hdfc netbanking account will be blocked today please update your pan please visit the link,,1,true,Smishing-Dataset-IMC25,smishing,Dear Customers your HDFC Netbanking Account will be blocked .Today please Update your PAN Please visit the link,Dear Customers your HDFC Netbanking Account will be blocked .Today please Update your PAN Please visit the link,True,original_unredacted,cleaned_from_raw,False,found_in_source_archive,Selected gathered final `message_raw` as the least-redacted available text.,excluded_duplicate_raw_available,,gathered_imc25_english_smish_04049,False,duplicate_against_raw_required_dataset
gathered_imc25_english_smish_04092,Smishing-Dataset-IMC25,Gathered approved smishing 7k,gathered_approved_smishing,imc25_english_smish_04092,"WELLS FARGO: A transaction of $<OTP>.89 at WALMART#928 in <LOCATION> CA on debit 4**** reference-(<US_DRIVER_LICENSE>) Reply ""YES"" to approve Not you? reply ""CANCEL"" and follow the link to cancel",smishing_corpus_row,smishing,accepted,approved,false,false,false,data\final\approved_smishing_messages.csv,original_source=Smishing-Dataset-IMC25; scam_category=banking; strict-clean approved gathered smishing row.,wells fargo a transaction of <otp> 89 at walmart <num> in <location> ca on debit 4 reference <us driver license> reply yes to approve not you reply cancel and follow the link to cancel,,1,true,Smishing-Dataset-IMC25,smishing,"WELLS FARGO: A transaction of $1178.89 at WALMART#928 in <LOCATION> CA on debit 4**** reference-(<US_DRIVER_LICENSE>) Reply ""YES"" to approve Not you? reply ""CANCEL"" and follow the link to cancel","WELLS FARGO: A transaction of <AMOUNT> at WALMART#928 in <LOCATION> CA on debit 4**** reference-(<US_DRIVER_LICENSE>) Reply ""YES"" to approve Not you? reply ""CANCEL"" and follow the link to cancel",True,original_unredacted,cleaned_from_raw,False,found_in_source_archive,Selected gathered final `message_raw` as the least-redacted available text.,excluded_duplicate_raw_available,,gathered_imc25_english_smish_04092,False,duplicate_against_raw_required_dataset
gathered_imc25_english_smish_04097,Smishing-Dataset-IMC25,Gathered approved smishing 7k,gathered_approved_smishing,imc25_english_smish_04097,I'm at the train station and bought the wrong card with me. Can you please send me 800 I will pay you back when I get home. BSB - 084-961 ACC - <PHONE>.,smishing_corpus_row,smishing,accepted,approved,false,false,false,data\final\approved_smishing_messages.csv,original_source=Smishing-Dataset-IMC25; scam_category=others; strict-clean approved gathered smishing row.,i m at the train station and bought the wrong card with me can you please send me <num> i will pay you back when i get home bsb <num> <num> acc <phone>,,1,true,Smishing-Dataset-IMC25,smishing,I'm at the train station and bought the wrong card with me. Can you please send me 800 I will pay you back when I get home. BSB - 084-961 ACC - 77-935-2877.,I'm at the train station and bought the wrong card with me. Can you please send me 800 I will pay you back when I get home. BSB - 084-961 ACC - <PHONE>.,True,original_unredacted,cleaned_from_raw,False,found_in_source_archive,Selected gathered final `message_raw` as the least-redacted available text.,excluded_duplicate_raw_available,,gathered_imc25_english_smish_04097,False,duplicate_against_raw_required_dataset
gathered_imc25_english_smish_04105,Smishing-Dataset-IMC25,Gathered approved smishing 7k,gathered_approved_smishing,imc25_english_smish_04105,Dear SBI YONO User your account will be blocked please update your PAN CARD immediately given via link,smishing_corpus_row,smishing,accepted,approved,false,false,false,data\final\approved_smishing_messages.csv,original_source=Smishing-Dataset-IMC25; scam_category=banking; strict-clean approved gathered smishing row.,dear sbi yono user your account will be blocked please update your pan card immediately given via link,,1,true,Smishing-Dataset-IMC25,smishing,Dear SBI YONO User your account will be blocked please update your PAN CARD immediately given via link,Dear SBI YONO User your account will be blocked please update your PAN CARD immediately given via link,True,original_unredacted,cleaned_from_raw,False,found_in_source_archive,Selected gathered final `message_raw` as the least-redacted available text.,excluded_duplicate_raw_available,,gathered_imc25_english_smish_04105,False,duplicate_against_raw_required_dataset
gathered_imc25_english_smish_04108,Smishing-Dataset-IMC25,Gathered approved smishing 7k,gathered_approved_smishing,imc25_english_smish_04108,Dear Customer your Paytm KYC has been suspended. Please update your Paytm Video KYC click here link -,smishing_corpus_row,smishing,accepted,approved,false,false,false,data\final\approved_smishing_messages.csv,original_source=Smishing-Dataset-IMC25; scam_category=banking; strict-clean approved gathered smishing row.,dear customer your paytm kyc has been suspended please update your paytm video kyc click here link,,1,true,Smishing-Dataset-IMC25,smishing,Dear Customer your Paytm KYC has been suspended. Please update your Paytm Video KYC click here link -,Dear Customer your Paytm KYC has been suspended. Please update your Paytm Video KYC click here link -,True,original_unredacted,cleaned_from_raw,False,found_in_source_archive,Selected gathered final `message_raw` as the least-redacted available text.,excluded_duplicate_raw_available,,gathered_imc25_english_smish_04108,False,duplicate_against_raw_required_dataset
gathered_imc25_english_smish_04132,Smishing-Dataset-IMC25,Gathered approved smishing 7k,gathered_approved_smishing,imc25_english_smish_04132,Dear User Your HDFC A/C has been blocked plz update your PAN Card Install apps/HDFCKYC.apk,smishing_corpus_row,smishing,accepted,approved,false,false,false,data\final\approved_smishing_messages.csv,original_source=Smishing-Dataset-IMC25; scam_category=banking; strict-clean approved gathered smishing row.,dear user your hdfc a c has been blocked plz update your pan card install apps hdfckyc apk,,1,true,Smishing-Dataset-IMC25,smishing,Dear User Your HDFC A/C has been blocked plz update your PAN Card Install apps/HDFCKYC.apk,Dear User Your HDFC A/C has been blocked plz update your PAN Card Install apps/HDFCKYC.apk,True,original_unredacted,cleaned_from_raw,False,found_in_source_archive,Selected gathered final `message_raw` as the least-redacted available text.,excluded_duplicate_raw_available,,gathered_imc25_english_smish_04132,False,duplicate_against_raw_required_dataset
gathered_imc25_english_smish_04169,Smishing-Dataset-IMC25,Gathered approved smishing 7k,gathered_approved_smishing,imc25_english_smish_04169,Dear SBI Customer Your SBI yono. A/ c-will be Suspended Today Update Your PANCard number-Click here website,smishing_corpus_row,smishing,accepted,approved,false,false,false,data\final\approved_smishing_messages.csv,original_source=Smishing-Dataset-IMC25; scam_category=banking; strict-clean approved gathered smishing row.,dear sbi customer your sbi yono a c will be suspended today update your pancard number click here website,,1,true,Smishing-Dataset-IMC25,smishing,Dear SBI Customer  Your SBI yono. A/ c-will be Suspended Today Update Your PANCard number-Click here website,Dear SBI Customer Your SBI yono. A/ c-will be Suspended Today Update Your PANCard number-Click here website,True,original_unredacted,cleaned_from_raw,False,found_in_source_archive,Selected gathered final `message_raw` as the least-redacted available text.,excluded_duplicate_raw_available,,gathered_imc25_english_smish_04169,False,duplicate_against_raw_required_dataset
gathered_imc25_english_smish_04192,Smishing-Dataset-IMC25,Gathered approved smishing 7k,gathered_approved_smishing,imc25_english_smish_04192,Dear Valued Customer You are kindly reminded to receive a call from Ecobank Contact Center to update your records of your <LOCATION> card and any of your bank card to get you validated on our newly improved maintenance of the mobile application system if you have not already done so. Be informed that,smishing_corpus_row,smishing,accepted,approved,false,false,false,data\final\approved_smishing_messages.csv,original_source=Smishing-Dataset-IMC25; scam_category=banking; strict-clean approved gathered smishing row.,dear valued customer you are kindly reminded to receive a call from ecobank contact center to update your records of your <location> card and any of your bank card to get you validated on our newly improved maintenance of the mobile application system if you have not already done so be informed that,,1,true,Smishing-Dataset-IMC25,smishing,Dear Valued Customer You are kindly reminded to receive a call from Ecobank Contact Center to update your records of your <LOCATION> card and any of your bank card to get you validated on our newly improved maintenance of the mobile application system if you have not already done so. Be informed that,Dear Valued Customer You are kindly reminded to receive a call from Ecobank Contact Center to update your records of your <LOCATION> card and any of your bank card to get you validated on our newly improved maintenance of the mobile application system if you have not already done so. Be informed that,True,original_unredacted,cleaned_from_raw,False,found_in_source_archive,Selected gathered final `message_raw` as the least-redacted available text.,excluded_duplicate_raw_available,,gathered_imc25_english_smish_04192,False,duplicate_against_raw_required_dataset
gathered_imc25_english_smish_04202,Smishing-Dataset-IMC25,Gathered approved smishing 7k,gathered_approved_smishing,imc25_english_smish_04202,Dear Customer Your S.B.I Account disabled. Please click the link to update your PAN CARD Click here,smishing_corpus_row,smishing,accepted,approved,false,false,false,data\final\approved_smishing_messages.csv,original_source=Smishing-Dataset-IMC25; scam_category=banking; strict-clean approved gathered smishing row.,dear customer your s b i account disabled please click the link to update your pan card click here,,1,true,Smishing-Dataset-IMC25,smishing,Dear Customer Your S.B.I Account disabled. Please click the link to update your PAN CARD Click here,Dear Customer Your S.B.I Account disabled. Please click the link to update your PAN CARD Click here,True,original_unredacted,cleaned_from_raw,False,found_in_source_archive,Selected gathered final `message_raw` as the least-redacted available text.,excluded_duplicate_raw_available,,gathered_imc25_english_smish_04202,False,duplicate_against_raw_required_dataset
gathered_imc25_english_smish_04204,Smishing-Dataset-IMC25,Gathered approved smishing 7k,gathered_approved_smishing,imc25_english_smish_04204,Dear Customer SBI Account is Blocked. Please click the link to update your PAN,smishing_corpus_row,smishing,accepted,approved,false,false,false,data\final\approved_smishing_messages.csv,original_source=Smishing-Dataset-IMC25; scam_category=banking; strict-clean approved gathered smishing row.,dear customer sbi account is blocked please click the link to update your pan,,1,true,Smishing-Dataset-IMC25,smishing,Dear Customer SBI Account is Blocked. Please click the link to update your PAN,Dear Customer SBI Account is Blocked. Please click the link to update your PAN,True,original_unredacted,cleaned_from_raw,False,found_in_source_archive,Selected gathered final `message_raw` as the least-redacted available text.,excluded_duplicate_raw_available,,gathered_imc25_english_smish_04204,False,duplicate_against_raw_required_dataset
gathered_imc25_english_smish_04248,Smishing-Dataset-IMC25,Gathered approved smishing 7k,gathered_approved_smishing,imc25_english_smish_04248,Dear Customer Your HDFC Account is disabled. Please click the link to update your PAN Number. Click Link.,smishing_corpus_row,smishing,accepted,approved,false,false,false,data\final\approved_smishing_messages.csv,original_source=Smishing-Dataset-IMC25; scam_category=banking; strict-clean approved gathered smishing row.,dear customer your hdfc account is disabled please click the link to update your pan number click link,,1,true,Smishing-Dataset-IMC25,smishing,Dear Customer Your HDFC Account is disabled. Please click the link to update your PAN Number. Click Link.,Dear Customer Your HDFC Account is disabled. Please click the link to update your PAN Number. Click Link.,True,original_unredacted,cleaned_from_raw,False,found_in_source_archive,Selected gathered final `message_raw` as the least-redacted available text.,excluded_duplicate_raw_available,,gathered_imc25_english_smish_04248,False,duplicate_against_raw_required_dataset
gathered_imc25_english_smish_04315,Smishing-Dataset-IMC25,Gathered approved smishing 7k,gathered_approved_smishing,imc25_english_smish_04315,We have detected suspicious activity on your account. Please verify via the secure link <URL> to prevent account lockout.,smishing_corpus_row,smishing,accepted,approved,false,false,false,data\final\approved_smishing_messages.csv,original_source=Smishing-Dataset-IMC25; scam_category=banking; strict-clean approved gathered smishing row.,we have detected suspicious activity on your account please verify via the secure link <url> to prevent account lockout,,1,true,Smishing-Dataset-IMC25,smishing,We have detected suspicious activity on your account. Please verify via the secure link http://<IP_ADDRESS> to prevent account lockout.,We have detected suspicious activity on your account. Please verify via the secure link http://<IP_ADDRESS> to prevent account lockout.,True,original_unredacted,cleaned_from_raw,False,found_in_source_archive,Selected gathered final `message_raw` as the least-redacted available text.,excluded_duplicate_raw_available,,gathered_imc25_english_smish_04315,False,duplicate_against_raw_required_dataset
gathered_imc25_english_smish_04320,Smishing-Dataset-IMC25,Gathered approved smishing 7k,gathered_approved_smishing,imc25_english_smish_04320,I'm at Woolworths and bought the wrong card with me. Can you please send me 390 I will pay you back when i get home. BSB - <US_DRIVER_LICENSE> ACC - <US_BANK_NUMBER>,smishing_corpus_row,smishing,accepted,approved,false,false,false,data\final\approved_smishing_messages.csv,original_source=Smishing-Dataset-IMC25; scam_category=others; strict-clean approved gathered smishing row.,i m at woolworths and bought the wrong card with me can you please send me <num> i will pay you back when i get home bsb <us driver license> acc <us bank number>,,1,true,Smishing-Dataset-IMC25,smishing,I'm at Woolworths and bought the wrong card with me. Can you please send me 390 I will pay you back when i get home. BSB - <US_DRIVER_LICENSE> ACC - <US_BANK_NUMBER>,I'm at Woolworths and bought the wrong card with me. Can you please send me 390 I will pay you back when i get home. BSB - <US_DRIVER_LICENSE> ACC - <US_BANK_NUMBER>,True,original_unredacted,cleaned_from_raw,False,found_in_source_archive,Selected gathered final `message_raw` as the least-redacted available text.,excluded_duplicate_raw_available,,gathered_imc25_english_smish_04320,False,duplicate_against_raw_required_dataset
gathered_imc25_english_smish_04352,Smishing-Dataset-IMC25,Gathered approved smishing 7k,gathered_approved_smishing,imc25_english_smish_04352,Your shipment requires a delivery fee. proceed to pay now to avoid delivery delay Visit:,smishing_corpus_row,smishing,accepted,approved,false,false,false,data\final\approved_smishing_messages.csv,original_source=Smishing-Dataset-IMC25; scam_category=delivery; strict-clean approved gathered smishing row.,your shipment requires a delivery fee proceed to pay now to avoid delivery delay visit,,1,true,Smishing-Dataset-IMC25,smishing,Your shipment requires a delivery fee. proceed to pay now to avoid delivery delay Visit:,Your shipment requires a delivery fee. proceed to pay now to avoid delivery delay Visit:,True,original_unredacted,cleaned_from_raw,False,found_in_source_archive,Selected gathered final `message_raw` as the least-redacted available text.,excluded_duplicate_raw_available,,gathered_imc25_english_smish_04352,False,duplicate_against_raw_required_dataset
gathered_imc25_english_smish_04362,Smishing-Dataset-IMC25,Gathered approved smishing 7k,gathered_approved_smishing,imc25_english_smish_04362,We recently sent you an email about voice security - it includes some key points we need you to agree to. If you're happy with these and you'd like to remain opted in please reply 'YES'. If we don't hear from you or you reply NO - we'll remove your voice pattern and opt you out. Your Barclays team.,smishing_corpus_row,smishing,accepted,approved,false,false,false,data\final\approved_smishing_messages.csv,original_source=Smishing-Dataset-IMC25; scam_category=banking; strict-clean approved gathered smishing row.,we recently sent you an email about voice security it includes some key points we need you to agree to if you re happy with these and you d like to remain opted in please reply yes if we don t hear from you or you reply no we ll remove your voice pattern and opt you out your barclays team,,1,true,Smishing-Dataset-IMC25,smishing,We recently sent you an email about voice security - it includes some key points we need you to agree to. If you're happy with these and you'd like to remain opted in please reply 'YES'. If we don't hear from you or you reply NO - we'll remove your voice pattern and opt you out. Your Barclays team.,We recently sent you an email about voice security - it includes some key points we need you to agree to. If you're happy with these and you'd like to remain opted in please reply 'YES'. If we don't hear from you or you reply NO - we'll remove your voice pattern and opt you out. Your Barclays team.,True,original_unredacted,cleaned_from_raw,False,found_in_source_archive,Selected gathered final `message_raw` as the least-redacted available text.,excluded_duplicate_raw_available,,gathered_imc25_english_smish_04362,False,duplicate_against_raw_required_dataset
gathered_imc25_english_smish_04386,Smishing-Dataset-IMC25,Gathered approved smishing 7k,gathered_approved_smishing,imc25_english_smish_04386,Dear SBI user your SBI Account will be Block Today Please click on the link and update your PAN no. immiedately-,smishing_corpus_row,smishing,accepted,approved,false,false,false,data\final\approved_smishing_messages.csv,original_source=Smishing-Dataset-IMC25; scam_category=banking; strict-clean approved gathered smishing row.,dear sbi user your sbi account will be block today please click on the link and update your pan no immiedately,,1,true,Smishing-Dataset-IMC25,smishing,Dear SBI user your SBI Account will be Block Today Please click on the link and update your PAN no. immiedately-,Dear SBI user your SBI Account will be Block Today Please click on the link and update your PAN no. immiedately-,True,original_unredacted,cleaned_from_raw,False,found_in_source_archive,Selected gathered final `message_raw` as the least-redacted available text.,excluded_duplicate_raw_available,,gathered_imc25_english_smish_04386,False,duplicate_against_raw_required_dataset
gathered_imc25_english_smish_04406,Smishing-Dataset-IMC25,Gathered approved smishing 7k,gathered_approved_smishing,imc25_english_smish_04406,Your UnionBank Account was blocked due to 3 unsuccessful login attempts. you may unblock your profile by going to:,smishing_corpus_row,smishing,accepted,approved,false,false,false,data\final\approved_smishing_messages.csv,original_source=Smishing-Dataset-IMC25; scam_category=banking; strict-clean approved gathered smishing row.,your unionbank account was blocked due to 3 unsuccessful login attempts you may unblock your profile by going to,,1,true,Smishing-Dataset-IMC25,smishing,Your UnionBank Account was blocked due to 3 unsuccessful login attempts. you may unblock your profile by going to:,Your UnionBank Account was blocked due to 3 unsuccessful login attempts. you may unblock your profile by going to:,True,original_unredacted,cleaned_from_raw,False,found_in_source_archive,Selected gathered final `message_raw` as the least-redacted available text.,excluded_duplicate_raw_available,,gathered_imc25_english_smish_04406,False,duplicate_against_raw_required_dataset
gathered_imc25_english_smish_04457,Smishing-Dataset-IMC25,Gathered approved smishing 7k,gathered_approved_smishing,imc25_english_smish_04457,Hello mum My phone doesnt work so im using a spare. I need to talk to you urgently. The bank have locked my account and i need to pay a debt. But i only have data so please message me on whatsapp on <US_BANK_NUMBER>,smishing_corpus_row,smishing,accepted,approved,false,false,false,data\final\approved_smishing_messages.csv,original_source=Smishing-Dataset-IMC25; scam_category=hey mum/dad; strict-clean approved gathered smishing row.,hello mum my phone doesnt work so im using a spare i need to talk to you urgently the bank have locked my account and i need to pay a debt but i only have data so please message me on whatsapp on <us bank number>,,1,true,Smishing-Dataset-IMC25,smishing,Hello mum My phone doesnt work so im using a spare. I need to talk to you urgently. The bank have locked my account and i need to pay a debt. But i only have data so please message me on whatsapp on <US_BANK_NUMBER>,Hello mum My phone doesnt work so im using a spare. I need to talk to you urgently. The bank have locked my account and i need to pay a debt. But i only have data so please message me on whatsapp on <US_BANK_NUMBER>,True,original_unredacted,cleaned_from_raw,False,found_in_source_archive,Selected gathered final `message_raw` as the least-redacted available text.,excluded_duplicate_raw_available,,gathered_imc25_english_smish_04457,False,duplicate_against_raw_required_dataset
gathered_imc25_english_smish_04474,Smishing-Dataset-IMC25,Gathered approved smishing 7k,gathered_approved_smishing,imc25_english_smish_04474,Dear User Your SBI YONO A/C Will Be Blocked please Update Your PAN card immediately Click on link,smishing_corpus_row,smishing,accepted,approved,false,false,false,data\final\approved_smishing_messages.csv,original_source=Smishing-Dataset-IMC25; scam_category=banking; strict-clean approved gathered smishing row.,dear user your sbi yono a c will be blocked please update your pan card immediately click on link,,1,true,Smishing-Dataset-IMC25,smishing,Dear User Your SBI YONO A/C Will Be Blocked please Update Your PAN card immediately Click on link,Dear User Your SBI YONO A/C Will Be Blocked please Update Your PAN card immediately Click on link,True,original_unredacted,cleaned_from_raw,False,found_in_source_archive,Selected gathered final `message_raw` as the least-redacted available text.,excluded_duplicate_raw_available,,gathered_imc25_english_smish_04474,False,duplicate_against_raw_required_dataset
gathered_imc25_english_smish_04488,Smishing-Dataset-IMC25,Gathered approved smishing 7k,gathered_approved_smishing,imc25_english_smish_04488,Your Account has been suspended and requires verification. Please click this link.,smishing_corpus_row,smishing,accepted,approved,false,false,false,data\final\approved_smishing_messages.csv,original_source=Smishing-Dataset-IMC25; scam_category=banking; strict-clean approved gathered smishing row.,your account has been suspended and requires verification please click this link,,1,true,Smishing-Dataset-IMC25,smishing,Your Account has been suspended and requires verification. Please click this link.,Your Account has been suspended and requires verification. Please click this link.,True,original_unredacted,cleaned_from_raw,False,found_in_source_archive,Selected gathered final `message_raw` as the least-redacted available text.,excluded_duplicate_raw_available,,gathered_imc25_english_smish_04488,False,duplicate_against_raw_required_dataset
gathered_imc25_english_smish_04539,Smishing-Dataset-IMC25,Gathered approved smishing 7k,gathered_approved_smishing,imc25_english_smish_04539,Pay: You have a bill that will be overdue and incur a penalty. Please check and complete the payment! [<URL>,smishing_corpus_row,smishing,accepted,approved,false,false,false,data\final\approved_smishing_messages.csv,original_source=Smishing-Dataset-IMC25; scam_category=others; strict-clean approved gathered smishing row.,pay you have a bill that will be overdue and incur a penalty please check and complete the payment <url>,,1,true,Smishing-Dataset-IMC25,smishing,Pay: You have a bill that will be overdue and incur a penalty. Please check and complete the payment! [http://s1TROd.w],Pay: You have a bill that will be overdue and incur a penalty. Please check and complete the payment! [<URL>,True,original_unredacted,cleaned_from_raw,False,found_in_source_archive,Selected gathered final `message_raw` as the least-redacted available text.,excluded_duplicate_raw_available,,gathered_imc25_english_smish_04539,False,duplicate_against_raw_required_dataset
gathered_imc25_english_smish_04573,Smishing-Dataset-IMC25,Gathered approved smishing 7k,gathered_approved_smishing,imc25_english_smish_04573,Good News! Dear ... we were trying to reach you regarding an exciting HSBC Credit Card Offer. Please Reply with SMSCARD on ... to avail your offer and we will be glad to get in touch with you. You can also call us at ...,smishing_corpus_row,smishing,accepted,approved,false,false,false,data\final\approved_smishing_messages.csv,original_source=Smishing-Dataset-IMC25; scam_category=banking; strict-clean approved gathered smishing row.,good news dear we were trying to reach you regarding an exciting hsbc credit card offer please reply with smscard on to avail your offer and we will be glad to get in touch with you you can also call us at,,1,true,Smishing-Dataset-IMC25,smishing,Good News! Dear ... we were trying to reach you regarding an exciting HSBC Credit Card Offer. Please Reply with SMSCARD on ... to avail your offer and we will be glad to get in touch with you. You can also call us at ...,Good News! Dear ... we were trying to reach you regarding an exciting HSBC Credit Card Offer. Please Reply with SMSCARD on ... to avail your offer and we will be glad to get in touch with you. You can also call us at ...,True,original_unredacted,cleaned_from_raw,False,found_in_source_archive,Selected gathered final `message_raw` as the least-redacted available text.,excluded_duplicate_raw_available,,gathered_imc25_english_smish_04573,False,duplicate_against_raw_required_dataset
gathered_imc25_english_smish_04607,Smishing-Dataset-IMC25,Gathered approved smishing 7k,gathered_approved_smishing,imc25_english_smish_04607,Credit Union: Hello your credit union account has been placed on a hold for our new security update Verify your account:,smishing_corpus_row,smishing,accepted,approved,false,false,false,data\final\approved_smishing_messages.csv,original_source=Smishing-Dataset-IMC25; scam_category=banking; strict-clean approved gathered smishing row.,credit union hello your credit union account has been placed on a hold for our new security update verify your account,,1,true,Smishing-Dataset-IMC25,smishing,Credit Union: Hello your credit union account has been placed on a hold for our new security update Verify your account:,Credit Union: Hello your credit union account has been placed on a hold for our new security update Verify your account:,True,original_unredacted,cleaned_from_raw,False,found_in_source_archive,Selected gathered final `message_raw` as the least-redacted available text.,excluded_duplicate_raw_available,,gathered_imc25_english_smish_04607,False,duplicate_against_raw_required_dataset
gathered_imc25_english_smish_04612,Smishing-Dataset-IMC25,Gathered approved smishing 7k,gathered_approved_smishing,imc25_english_smish_04612,Citi Bank AU: A new device has been registered to your Online Banking. If you do not recognise this activity please visit us at:,smishing_corpus_row,smishing,accepted,approved,false,false,false,data\final\approved_smishing_messages.csv,original_source=Smishing-Dataset-IMC25; scam_category=banking; strict-clean approved gathered smishing row.,citi bank au a new device has been registered to your online banking if you do not recognise this activity please visit us at,,1,true,Smishing-Dataset-IMC25,smishing,Citi Bank AU: A new device has been registered to your Online Banking. If you do not recognise this activity please visit us at:,Citi Bank AU: A new device has been registered to your Online Banking. If you do not recognise this activity please visit us at:,True,original_unredacted,cleaned_from_raw,False,found_in_source_archive,Selected gathered final `message_raw` as the least-redacted available text.,excluded_duplicate_raw_available,,gathered_imc25_english_smish_04612,False,duplicate_against_raw_required_dataset
gathered_imc25_english_smish_04618,Smishing-Dataset-IMC25,Gathered approved smishing 7k,gathered_approved_smishing,imc25_english_smish_04618,The IRS will never initiate contact with you by email text or social media regarding a bill or tax refund.,smishing_corpus_row,smishing,accepted,approved,false,false,false,data\final\approved_smishing_messages.csv,original_source=Smishing-Dataset-IMC25; scam_category=government; strict-clean approved gathered smishing row.,the irs will never initiate contact with you by email text or social media regarding a bill or tax refund,,1,true,Smishing-Dataset-IMC25,smishing,The IRS will never initiate contact with you by email text or social media regarding a bill or tax refund.,The IRS will never initiate contact with you by email text or social media regarding a bill or tax refund.,True,original_unredacted,cleaned_from_raw,False,found_in_source_archive,Selected gathered final `message_raw` as the least-redacted available text.,excluded_duplicate_raw_available,,gathered_imc25_english_smish_04618,False,duplicate_against_raw_required_dataset
gathered_imc25_english_smish_04647,Smishing-Dataset-IMC25,Gathered approved smishing 7k,gathered_approved_smishing,imc25_english_smish_04647,Dear SBI customer your account has been BLOCKED due to KYC is pending. Immediately call to BANK <US_BANK_NUMBER> and open your account Thank you SBI,smishing_corpus_row,smishing,accepted,approved,false,false,false,data\final\approved_smishing_messages.csv,original_source=Smishing-Dataset-IMC25; scam_category=banking; strict-clean approved gathered smishing row.,dear sbi customer your account has been blocked due to kyc is pending immediately call to bank <us bank number> and open your account thank you sbi,,1,true,Smishing-Dataset-IMC25,smishing,Dear SBI customer your account has been BLOCKED due to KYC is pending. Immediately call to BANK <US_BANK_NUMBER> and open your account Thank you SBI,Dear SBI customer your account has been BLOCKED due to KYC is pending. Immediately call to BANK <US_BANK_NUMBER> and open your account Thank you SBI,True,original_unredacted,cleaned_from_raw,False,found_in_source_archive,Selected gathered final `message_raw` as the least-redacted available text.,excluded_duplicate_raw_available,,gathered_imc25_english_smish_04647,False,duplicate_against_raw_required_dataset
gathered_imc25_english_smish_04711,Smishing-Dataset-IMC25,Gathered approved smishing 7k,gathered_approved_smishing,imc25_english_smish_04711,Dear SBI user your SBI Account will be Block Today Please click on the link and update your PAN no. immediately-,smishing_corpus_row,smishing,accepted,approved,false,false,false,data\final\approved_smishing_messages.csv,original_source=Smishing-Dataset-IMC25; scam_category=banking; strict-clean approved gathered smishing row.,dear sbi user your sbi account will be block today please click on the link and update your pan no immediately,,1,true,Smishing-Dataset-IMC25,smishing,Dear SBI user your SBI Account will be Block Today Please click on the link and update your PAN no. immediately-,Dear SBI user your SBI Account will be Block Today Please click on the link and update your PAN no. immediately-,True,original_unredacted,cleaned_from_raw,False,found_in_source_archive,Selected gathered final `message_raw` as the least-redacted available text.,excluded_duplicate_raw_available,,gathered_imc25_english_smish_04711,False,duplicate_against_raw_required_dataset
gathered_imc25_english_smish_04728,Smishing-Dataset-IMC25,Gathered approved smishing 7k,gathered_approved_smishing,imc25_english_smish_04728,Dear Customer GREAT NEWS! You're Pre-Approved for Credit Up to Rs. 1 Lakh* Sign Up for Flipkart Pay Later & Get Rs. 100* Gift Card.,smishing_corpus_row,smishing,accepted,approved,false,false,false,data\final\approved_smishing_messages.csv,original_source=Smishing-Dataset-IMC25; scam_category=others; strict-clean approved gathered smishing row.,dear customer great news you re pre approved for credit up to rs 1 lakh sign up for flipkart pay later get rs <num> gift card,,1,true,Smishing-Dataset-IMC25,smishing,Dear Customer GREAT NEWS! You're Pre-Approved for Credit Up to Rs. 1 Lakh* Sign Up for Flipkart Pay Later & Get Rs. 100* Gift Card.,Dear Customer GREAT NEWS! You're Pre-Approved for Credit Up to Rs. 1 Lakh* Sign Up for Flipkart Pay Later & Get Rs. 100* Gift Card.,True,original_unredacted,cleaned_from_raw,False,found_in_source_archive,Selected gathered final `message_raw` as the least-redacted available text.,excluded_duplicate_raw_available,,gathered_imc25_english_smish_04728,False,duplicate_against_raw_required_dataset
gathered_imc25_english_smish_04806,Smishing-Dataset-IMC25,Gathered approved smishing 7k,gathered_approved_smishing,imc25_english_smish_04806,Your login for Paytm App has started. Do not share SMS with OTP/Code to anyone...,smishing_corpus_row,smishing,accepted,approved,false,false,false,data\final\approved_smishing_messages.csv,original_source=Smishing-Dataset-IMC25; scam_category=banking; strict-clean approved gathered smishing row.,your login for paytm app has started do not share sms with otp code to anyone,,1,true,Smishing-Dataset-IMC25,smishing,Your login for Paytm App has started. Do not share SMS with OTP/Code to anyone...,Your login for Paytm App has started. Do not share SMS with OTP/Code to anyone...,True,original_unredacted,cleaned_from_raw,False,found_in_source_archive,Selected gathered final `message_raw` as the least-redacted available text.,excluded_duplicate_raw_available,,gathered_imc25_english_smish_04806,False,duplicate_against_raw_required_dataset
gathered_imc25_english_smish_04821,Smishing-Dataset-IMC25,Gathered approved smishing 7k,gathered_approved_smishing,imc25_english_smish_04821,Canada Post: You missed your delivery. Your parcel was returned to our post office. A delivery reschedule is required. text Y to reschedule your delivery,smishing_corpus_row,smishing,accepted,approved,false,false,false,data\final\approved_smishing_messages.csv,original_source=Smishing-Dataset-IMC25; scam_category=delivery; strict-clean approved gathered smishing row.,canada post you missed your delivery your parcel was returned to our post office a delivery reschedule is required text y to reschedule your delivery,,1,true,Smishing-Dataset-IMC25,smishing,Canada Post: You missed your delivery. Your parcel was returned to our post office. A delivery reschedule is required. text Y to reschedule your delivery,Canada Post: You missed your delivery. Your parcel was returned to our post office. A delivery reschedule is required. text Y to reschedule your delivery,True,original_unredacted,cleaned_from_raw,False,found_in_source_archive,Selected gathered final `message_raw` as the least-redacted available text.,excluded_duplicate_raw_available,,gathered_imc25_english_smish_04821,False,duplicate_against_raw_required_dataset
gathered_imc25_english_smish_04868,Smishing-Dataset-IMC25,Gathered approved smishing 7k,gathered_approved_smishing,imc25_english_smish_04868,Attention! This is to inform you that the IncomeDept has officially concluded the TaxAudit. You are due for an overdue refund of <OTP>.49 rs but one of your details is incorrect please follow below to crosscheck and apply accordingly Ensure you fill accurate details. Click the link beneath and submit a refund request.,smishing_corpus_row,smishing,accepted,approved,false,false,false,data\final\approved_smishing_messages.csv,original_source=Smishing-Dataset-IMC25; scam_category=government; strict-clean approved gathered smishing row.,attention this is to inform you that the incomedept has officially concluded the taxaudit you are due for an overdue refund of <otp> 49 rs but one of your details is incorrect please follow below to crosscheck and apply accordingly ensure you fill accurate details click the link beneath and submit a refund request,,1,true,Smishing-Dataset-IMC25,smishing,Attention! This is to inform you that the IncomeDept has officially concluded the TaxAudit. You are due for an overdue refund of 40199.49 rs but one of your details is incorrect please follow below to crosscheck and apply accordingly Ensure you fill accurate details.  Click the link beneath and submit a refund request.,Attention! This is to inform you that the IncomeDept has officially concluded the TaxAudit. You are due for an overdue refund of 40199.49 rs but one of your details is incorrect please follow below to crosscheck and apply accordingly Ensure you fill accurate details. Click the link beneath and submit a refund request.,True,original_unredacted,cleaned_from_raw,False,found_in_source_archive,Selected gathered final `message_raw` as the least-redacted available text.,excluded_duplicate_raw_available,,gathered_imc25_english_smish_04868,False,duplicate_against_raw_required_dataset
gathered_imc25_english_smish_04915,Smishing-Dataset-IMC25,Gathered approved smishing 7k,gathered_approved_smishing,imc25_english_smish_04915,Dear User Your SBI YONO A-C will be suspended please update your PANCARD IMMEDIATELY click here.,smishing_corpus_row,smishing,accepted,approved,false,false,false,data\final\approved_smishing_messages.csv,original_source=Smishing-Dataset-IMC25; scam_category=banking; strict-clean approved gathered smishing row.,dear user your sbi yono a c will be suspended please update your pancard immediately click here,,1,true,Smishing-Dataset-IMC25,smishing,Dear User Your SBI YONO A-C will be suspended please update your PANCARD IMMEDIATELY click here.,Dear User Your SBI YONO A-C will be suspended please update your PANCARD IMMEDIATELY click here.,True,original_unredacted,cleaned_from_raw,False,found_in_source_archive,Selected gathered final `message_raw` as the least-redacted available text.,excluded_duplicate_raw_available,,gathered_imc25_english_smish_04915,False,duplicate_against_raw_required_dataset
gathered_imc25_english_smish_04922,Smishing-Dataset-IMC25,Gathered approved smishing 7k,gathered_approved_smishing,imc25_english_smish_04922,Message from HDFC Bank : Dear AKHILESH KUMAR MISHRA Get Accidental /Disability cover of Rs. 2 Lakhs for premium at Rs. 20 per annum through Pradhan Mantri Suraksha Bima Yojana Government Scheme. If you are interested please click the link,smishing_corpus_row,smishing,accepted,approved,false,false,false,data\final\approved_smishing_messages.csv,original_source=Smishing-Dataset-IMC25; scam_category=banking; strict-clean approved gathered smishing row.,message from hdfc bank dear akhilesh kumar mishra get accidental disability cover of rs 2 lakhs for premium at rs 20 per annum through pradhan mantri suraksha bima yojana government scheme if you are interested please click the link,,1,true,Smishing-Dataset-IMC25,smishing,Message from HDFC Bank : Dear AKHILESH KUMAR MISHRA Get Accidental /Disability cover of Rs. 2 Lakhs for premium at Rs. 20 per annum through Pradhan Mantri Suraksha Bima Yojana Government Scheme. If you are interested please click the link,Message from HDFC Bank: Dear AKHILESH KUMAR MISHRA Get Accidental /Disability cover of Rs. 2 Lakhs for premium at Rs. 20 per annum through Pradhan Mantri Suraksha Bima Yojana Government Scheme. If you are interested please click the link,True,original_unredacted,cleaned_from_raw,False,found_in_source_archive,Selected gathered final `message_raw` as the least-redacted available text.,excluded_duplicate_raw_available,,gathered_imc25_english_smish_04922,False,duplicate_against_raw_required_dataset
gathered_imc25_english_smish_04924,Smishing-Dataset-IMC25,Gathered approved smishing 7k,gathered_approved_smishing,imc25_english_smish_04924,Your package cannot be delivered due to a missing address you can update your address online and request a new delivery,smishing_corpus_row,smishing,accepted,approved,false,false,false,data\final\approved_smishing_messages.csv,original_source=Smishing-Dataset-IMC25; scam_category=delivery; strict-clean approved gathered smishing row.,your package cannot be delivered due to a missing address you can update your address online and request a new delivery,,1,true,Smishing-Dataset-IMC25,smishing,Your package cannot be delivered due to a missing address you can update your address online and request a new delivery,Your package cannot be delivered due to a missing address you can update your address online and request a new delivery,True,original_unredacted,cleaned_from_raw,False,found_in_source_archive,Selected gathered final `message_raw` as the least-redacted available text.,excluded_duplicate_raw_available,,gathered_imc25_english_smish_04924,False,duplicate_against_raw_required_dataset
gathered_imc25_english_smish_04942,Smishing-Dataset-IMC25,Gathered approved smishing 7k,gathered_approved_smishing,imc25_english_smish_04942,YOUR HDFC ACCOUNT HAS BEEN SUSPENDED DUE TO NON SUBMISSION OF YOUR KYC CLICK THE BELOW LINK TO UPDATE YOUR PAN NUMBER,smishing_corpus_row,smishing,accepted,approved,false,false,false,data\final\approved_smishing_messages.csv,original_source=Smishing-Dataset-IMC25; scam_category=banking; strict-clean approved gathered smishing row.,your hdfc account has been suspended due to non submission of your kyc click the below link to update your pan number,,1,true,Smishing-Dataset-IMC25,smishing,YOUR HDFC ACCOUNT HAS BEEN SUSPENDED DUE TO NON SUBMISSION OF YOUR KYC CLICK THE BELOW LINK TO UPDATE YOUR PAN NUMBER,YOUR HDFC ACCOUNT HAS BEEN SUSPENDED DUE TO NON SUBMISSION OF YOUR KYC CLICK THE BELOW LINK TO UPDATE YOUR PAN NUMBER,True,original_unredacted,cleaned_from_raw,False,found_in_source_archive,Selected gathered final `message_raw` as the least-redacted available text.,excluded_duplicate_raw_available,,gathered_imc25_english_smish_04942,False,duplicate_against_raw_required_dataset
gathered_imc25_english_smish_04943,Smishing-Dataset-IMC25,Gathered approved smishing 7k,gathered_approved_smishing,imc25_english_smish_04943,Dear HDFC user Your HDFC NetBanking Account will be blocked Today Please click on the link and update your PAN CARD number immediately.,smishing_corpus_row,smishing,accepted,approved,false,false,false,data\final\approved_smishing_messages.csv,original_source=Smishing-Dataset-IMC25; scam_category=banking; strict-clean approved gathered smishing row.,dear hdfc user your hdfc netbanking account will be blocked today please click on the link and update your pan card number immediately,,1,true,Smishing-Dataset-IMC25,smishing,Dear HDFC user Your HDFC NetBanking Account will be blocked Today Please click on the link and update your PAN CARD number immediately.,Dear HDFC user Your HDFC NetBanking Account will be blocked Today Please click on the link and update your PAN CARD number immediately.,True,original_unredacted,cleaned_from_raw,False,found_in_source_archive,Selected gathered final `message_raw` as the least-redacted available text.,excluded_duplicate_raw_available,,gathered_imc25_english_smish_04943,False,duplicate_against_raw_required_dataset
gathered_imc25_english_smish_04962,Smishing-Dataset-IMC25,Gathered approved smishing 7k,gathered_approved_smishing,imc25_english_smish_04962,Congratulations Your number/ had won PHP750000.00) 2nd winner From: KOPIKO MAGKA PERA 4 DTI# 5261S'20. To claim just text your NAME: AGE: ADD: Work: Thank you!,smishing_corpus_row,smishing,accepted,approved,false,false,false,data\final\approved_smishing_messages.csv,original_source=Smishing-Dataset-IMC25; scam_category=spam; strict-clean approved gathered smishing row.,congratulations your number had won php750000 00 2nd winner from kopiko magka pera 4 dti 5261s 20 to claim just text your name age add work thank you,,1,true,Smishing-Dataset-IMC25,smishing,Congratulations Your number/ had won PHP750000.00) 2nd winner From: KOPIKO MAGKA PERA 4 DTI# 5261S'20. To claim just text your NAME: AGE: ADD: Work: Thank you!,Congratulations Your number/ had won <AMOUNT>) 2nd winner From: KOPIKO MAGKA PERA 4 DTI# 5261S'20. To claim just text your NAME: AGE: ADD: Work: Thank you!,True,original_unredacted,cleaned_from_raw,False,found_in_source_archive,Selected gathered final `message_raw` as the least-redacted available text.,excluded_duplicate_raw_available,,gathered_imc25_english_smish_04962,False,duplicate_against_raw_required_dataset
gathered_imc25_english_smish_05030,Smishing-Dataset-IMC25,Gathered approved smishing 7k,gathered_approved_smishing,imc25_english_smish_05030,Time is running out! Your Vodafone points (<OTP> points) will expire soon Visit vodofa ... to redeem your Rewards points and enjoy great offers,smishing_corpus_row,smishing,accepted,approved,false,false,false,data\final\approved_smishing_messages.csv,original_source=Smishing-Dataset-IMC25; scam_category=telecom; strict-clean approved gathered smishing row.,time is running out your vodafone points <otp> points will expire soon visit vodofa to redeem your rewards points and enjoy great offers,,1,true,Smishing-Dataset-IMC25,smishing,Time is running out! Your Vodafone points (5131 points) will expire soon Visit vodofa ...   to redeem your Rewards points and enjoy great offers,Time is running out! Your Vodafone points (5131 points) will expire soon Visit vodofa ... to redeem your Rewards points and enjoy great offers,True,original_unredacted,cleaned_from_raw,False,found_in_source_archive,Selected gathered final `message_raw` as the least-redacted available text.,excluded_duplicate_raw_available,,gathered_imc25_english_smish_05030,False,duplicate_against_raw_required_dataset
gathered_imc25_english_smish_05059,Smishing-Dataset-IMC25,Gathered approved smishing 7k,gathered_approved_smishing,imc25_english_smish_05059,Scotiabank security system has detected some unusual activity. Please verify your identity in order to avoid suspension.,smishing_corpus_row,smishing,accepted,approved,false,false,false,data\final\approved_smishing_messages.csv,original_source=Smishing-Dataset-IMC25; scam_category=banking; strict-clean approved gathered smishing row.,scotiabank security system has detected some unusual activity please verify your identity in order to avoid suspension,,1,true,Smishing-Dataset-IMC25,smishing,Scotiabank security system has detected some unusual activity. Please verify your identity in order to avoid suspension.,Scotiabank security system has detected some unusual activity. Please verify your identity in order to avoid suspension.,True,original_unredacted,cleaned_from_raw,False,found_in_source_archive,Selected gathered final `message_raw` as the least-redacted available text.,excluded_duplicate_raw_available,,gathered_imc25_english_smish_05059,False,duplicate_against_raw_required_dataset
gathered_imc25_english_smish_05199,Smishing-Dataset-IMC25,Gathered approved smishing 7k,gathered_approved_smishing,imc25_english_smish_05199,DEAR SBI YONO USER Your A/C will be Suspended todey update PANCARD for KYC varify Your account for login With Net banking click,smishing_corpus_row,smishing,accepted,approved,false,false,false,data\final\approved_smishing_messages.csv,original_source=Smishing-Dataset-IMC25; scam_category=banking; strict-clean approved gathered smishing row.,dear sbi yono user your a c will be suspended todey update pancard for kyc varify your account for login with net banking click,,1,true,Smishing-Dataset-IMC25,smishing,DEAR SBI YONO USER Your A/C will be Suspended todey update PANCARD for KYC varify Your account for login With Net banking click,DEAR SBI YONO USER Your A/C will be Suspended todey update PANCARD for KYC varify Your account for login With Net banking click,True,original_unredacted,cleaned_from_raw,False,found_in_source_archive,Selected gathered final `message_raw` as the least-redacted available text.,excluded_duplicate_raw_available,,gathered_imc25_english_smish_05199,False,duplicate_against_raw_required_dataset
gathered_imc25_english_smish_05218,Smishing-Dataset-IMC25,Gathered approved smishing 7k,gathered_approved_smishing,imc25_english_smish_05218,You have successfully added your A/c no. XX to Google Pay UPI app - Axis Bank,smishing_corpus_row,smishing,accepted,approved,false,false,false,data\final\approved_smishing_messages.csv,original_source=Smishing-Dataset-IMC25; scam_category=banking; strict-clean approved gathered smishing row.,you have successfully added your a c no xx to google pay upi app axis bank,,1,true,Smishing-Dataset-IMC25,smishing,You have successfully added your A/c no. XX to Google Pay UPI app - Axis Bank,You have successfully added your A/c no. XX to Google Pay UPI app - Axis Bank,True,original_unredacted,cleaned_from_raw,False,found_in_source_archive,Selected gathered final `message_raw` as the least-redacted available text.,excluded_duplicate_raw_available,,gathered_imc25_english_smish_05218,False,duplicate_against_raw_required_dataset
gathered_imc25_english_smish_05221,Smishing-Dataset-IMC25,Gathered approved smishing 7k,gathered_approved_smishing,imc25_english_smish_05221,Dear HDFC User Your HDFC NetBanking will be Blocked Today Please update your PAN Card no click here link.,smishing_corpus_row,smishing,accepted,approved,false,false,false,data\final\approved_smishing_messages.csv,original_source=Smishing-Dataset-IMC25; scam_category=banking; strict-clean approved gathered smishing row.,dear hdfc user your hdfc netbanking will be blocked today please update your pan card no click here link,,1,true,Smishing-Dataset-IMC25,smishing,Dear HDFC User Your HDFC NetBanking will be Blocked Today Please update your PAN Card no click here link.,Dear HDFC User Your HDFC NetBanking will be Blocked Today Please update your PAN Card no click here link.,True,original_unredacted,cleaned_from_raw,False,found_in_source_archive,Selected gathered final `message_raw` as the least-redacted available text.,excluded_duplicate_raw_available,,gathered_imc25_english_smish_05221,False,duplicate_against_raw_required_dataset
gathered_imc25_english_smish_05232,Smishing-Dataset-IMC25,Gathered approved smishing 7k,gathered_approved_smishing,imc25_english_smish_05232,Dear User Your HDFC NetBanking will be Suspended Today Please update your PAN Card No Click here Link,smishing_corpus_row,smishing,accepted,approved,false,false,false,data\final\approved_smishing_messages.csv,original_source=Smishing-Dataset-IMC25; scam_category=banking; strict-clean approved gathered smishing row.,dear user your hdfc netbanking will be suspended today please update your pan card no click here link,,1,true,Smishing-Dataset-IMC25,smishing,Dear User Your HDFC NetBanking will be Suspended Today Please update your PAN Card No Click here Link,Dear User Your HDFC NetBanking will be Suspended Today Please update your PAN Card No Click here Link,True,original_unredacted,cleaned_from_raw,False,found_in_source_archive,Selected gathered final `message_raw` as the least-redacted available text.,excluded_duplicate_raw_available,,gathered_imc25_english_smish_05232,False,duplicate_against_raw_required_dataset
gathered_imc25_english_smish_05242,Smishing-Dataset-IMC25,Gathered approved smishing 7k,gathered_approved_smishing,imc25_english_smish_05242,Please Verify Your Identity The ability to buy or sell digital currency has been disabled on your account until we can further verify your identity. In order to re-enable buying and selling please verify your identity by providing a valid ID document.,smishing_corpus_row,smishing,accepted,approved,false,false,false,data\final\approved_smishing_messages.csv,original_source=Smishing-Dataset-IMC25; scam_category=banking; strict-clean approved gathered smishing row.,please verify your identity the ability to buy or sell digital currency has been disabled on your account until we can further verify your identity in order to re enable buying and selling please verify your identity by providing a valid id document,,1,true,Smishing-Dataset-IMC25,smishing,Please Verify Your Identity  The ability to buy or sell digital currency has been disabled on your account until we can further verify your identity. In order to re-enable buying and selling please verify your identity by providing a valid ID document.,Please Verify Your Identity The ability to buy or sell digital currency has been disabled on your account until we can further verify your identity. In order to re-enable buying and selling please verify your identity by providing a valid ID document.,True,original_unredacted,cleaned_from_raw,False,found_in_source_archive,Selected gathered final `message_raw` as the least-redacted available text.,excluded_duplicate_raw_available,,gathered_imc25_english_smish_05242,False,duplicate_against_raw_required_dataset
gathered_imc25_english_smish_05253,Smishing-Dataset-IMC25,Gathered approved smishing 7k,gathered_approved_smishing,imc25_english_smish_05253,Hi SBI Customer Your account is temporarily locked due to suspicious activity. Please click to follow the instructions.,smishing_corpus_row,smishing,accepted,approved,false,false,false,data\final\approved_smishing_messages.csv,original_source=Smishing-Dataset-IMC25; scam_category=banking; strict-clean approved gathered smishing row.,hi sbi customer your account is temporarily locked due to suspicious activity please click to follow the instructions,,1,true,Smishing-Dataset-IMC25,smishing,Hi SBI Customer Your account is temporarily locked due to suspicious activity. Please click to follow the instructions.,Hi SBI Customer Your account is temporarily locked due to suspicious activity. Please click to follow the instructions.,True,original_unredacted,cleaned_from_raw,False,found_in_source_archive,Selected gathered final `message_raw` as the least-redacted available text.,excluded_duplicate_raw_available,,gathered_imc25_english_smish_05253,False,duplicate_against_raw_required_dataset
gathered_imc25_english_smish_05302,Smishing-Dataset-IMC25,Gathered approved smishing 7k,gathered_approved_smishing,imc25_english_smish_05302,We need to update your account to avoid error and delayed transactions using GCash Kindly Fill-up first Full-Name: GCash Number: Birth Date: Email:,smishing_corpus_row,smishing,accepted,approved,false,false,false,data\final\approved_smishing_messages.csv,original_source=Smishing-Dataset-IMC25; scam_category=banking; strict-clean approved gathered smishing row.,we need to update your account to avoid error and delayed transactions using gcash kindly fill up first full name gcash number birth date email,,1,true,Smishing-Dataset-IMC25,smishing,We need to update your account to avoid error and delayed transactions using GCash  Kindly Fill-up first Full-Name: GCash Number: Birth Date: Email:,We need to update your account to avoid error and delayed transactions using GCash Kindly Fill-up first Full-Name: GCash Number: Birth Date: Email:,True,original_unredacted,cleaned_from_raw,False,found_in_source_archive,Selected gathered final `message_raw` as the least-redacted available text.,excluded_duplicate_raw_available,,gathered_imc25_english_smish_05302,False,duplicate_against_raw_required_dataset
gathered_imc25_english_smish_05326,Smishing-Dataset-IMC25,Gathered approved smishing 7k,gathered_approved_smishing,imc25_english_smish_05326,You have a package and we are unable to deliver it due to incorrect information. Please update your shipping details to facilitate delivery. You will be charged for redelivery. Please click on the link below to make changes.,smishing_corpus_row,smishing,accepted,approved,false,false,false,data\final\approved_smishing_messages.csv,original_source=Smishing-Dataset-IMC25; scam_category=delivery; strict-clean approved gathered smishing row.,you have a package and we are unable to deliver it due to incorrect information please update your shipping details to facilitate delivery you will be charged for redelivery please click on the link below to make changes,,1,true,Smishing-Dataset-IMC25,smishing,You have a package and we are unable to deliver it due to incorrect information. Please update your shipping details to facilitate delivery. You will be charged for redelivery. Please click on the link below to make changes.,You have a package and we are unable to deliver it due to incorrect information. Please update your shipping details to facilitate delivery. You will be charged for redelivery. Please click on the link below to make changes.,True,original_unredacted,cleaned_from_raw,False,found_in_source_archive,Selected gathered final `message_raw` as the least-redacted available text.,excluded_duplicate_raw_available,,gathered_imc25_english_smish_05326,False,duplicate_against_raw_required_dataset
gathered_imc25_english_smish_05344,Smishing-Dataset-IMC25,Gathered approved smishing 7k,gathered_approved_smishing,imc25_english_smish_05344,Dear SBI Customer your ACCOUNT has been BLOCKED due to KYC pending immediately Call to Bank <US_BANK_NUMBER> to Open your Account thank you SBI,smishing_corpus_row,smishing,accepted,approved,false,false,false,data\final\approved_smishing_messages.csv,original_source=Smishing-Dataset-IMC25; scam_category=banking; strict-clean approved gathered smishing row.,dear sbi customer your account has been blocked due to kyc pending immediately call to bank <us bank number> to open your account thank you sbi,,1,true,Smishing-Dataset-IMC25,smishing,Dear SBI Customer your ACCOUNT has been BLOCKED due to KYC pending immediately Call to  Bank <US_BANK_NUMBER> to Open your Account thank you SBI,Dear SBI Customer your ACCOUNT has been BLOCKED due to KYC pending immediately Call to Bank <US_BANK_NUMBER> to Open your Account thank you SBI,True,original_unredacted,cleaned_from_raw,False,found_in_source_archive,Selected gathered final `message_raw` as the least-redacted available text.,excluded_duplicate_raw_available,,gathered_imc25_english_smish_05344,False,duplicate_against_raw_required_dataset
gathered_imc25_english_smish_05346,Smishing-Dataset-IMC25,Gathered approved smishing 7k,gathered_approved_smishing,imc25_english_smish_05346,The Airtel Mega offer is still on! Get a MiFi for just <US_DRIVER_LICENSE> + up to 125<LOCATION> bonus or MiFi +up to 150<LOCATION> bonus @ <US_DRIVER_LICENSE>. Visit our Airtel Shop at 86 Etagbor Road Calabar. Offer valid while stock lasts,smishing_corpus_row,smishing,accepted,approved,false,false,false,data\final\approved_smishing_messages.csv,original_source=Smishing-Dataset-IMC25; scam_category=spam; strict-clean approved gathered smishing row.,the airtel mega offer is still on get a mifi for just <us driver license> up to <num><location> bonus or mifi up to <num><location> bonus <us driver license> visit our airtel shop at 86 etagbor road calabar offer valid while stock lasts,,1,true,Smishing-Dataset-IMC25,smishing,The Airtel Mega offer is still on! Get a MiFi for just <US_DRIVER_LICENSE> + up to 125<LOCATION> bonus or MiFi +up to 150<LOCATION> bonus @ <US_DRIVER_LICENSE>. Visit our Airtel Shop at 86 Etagbor Road Calabar. Offer valid while stock lasts,The Airtel Mega offer is still on! Get a MiFi for just <US_DRIVER_LICENSE> + up to 125<LOCATION> bonus or MiFi +up to 150<LOCATION> bonus @ <US_DRIVER_LICENSE>. Visit our Airtel Shop at 86 Etagbor Road Calabar. Offer valid while stock lasts,True,original_unredacted,cleaned_from_raw,False,found_in_source_archive,Selected gathered final `message_raw` as the least-redacted available text.,excluded_duplicate_raw_available,,gathered_imc25_english_smish_05346,False,duplicate_against_raw_required_dataset
gathered_imc25_english_smish_05357,Smishing-Dataset-IMC25,Gathered approved smishing 7k,gathered_approved_smishing,imc25_english_smish_05357,There is a problem with your bank account. Click the link below to update your information. You've won! Click the link below to claim your prize. The IRS is trying to reach you regarding an urgent matter that needs.,smishing_corpus_row,smishing,accepted,approved,false,false,false,data\final\approved_smishing_messages.csv,original_source=Smishing-Dataset-IMC25; scam_category=others; strict-clean approved gathered smishing row.,there is a problem with your bank account click the link below to update your information you ve won click the link below to claim your prize the irs is trying to reach you regarding an urgent matter that needs,,1,true,Smishing-Dataset-IMC25,smishing,There is a problem with your bank account. Click the link below to update your information. You've won! Click the link below to claim your prize. The IRS is trying to reach you regarding an urgent matter that needs.,There is a problem with your bank account. Click the link below to update your information. You've won! Click the link below to claim your prize. The IRS is trying to reach you regarding an urgent matter that needs.,True,original_unredacted,cleaned_from_raw,False,found_in_source_archive,Selected gathered final `message_raw` as the least-redacted available text.,excluded_duplicate_raw_available,,gathered_imc25_english_smish_05357,False,duplicate_against_raw_required_dataset
gathered_imc25_english_smish_05359,Smishing-Dataset-IMC25,Gathered approved smishing 7k,gathered_approved_smishing,imc25_english_smish_05359,Dear customer your MYBank account will be suspended soon. Click here to update your KYC now,smishing_corpus_row,smishing,accepted,approved,false,false,false,data\final\approved_smishing_messages.csv,original_source=Smishing-Dataset-IMC25; scam_category=banking; strict-clean approved gathered smishing row.,dear customer your mybank account will be suspended soon click here to update your kyc now,,1,true,Smishing-Dataset-IMC25,smishing,Dear customer your MYBank account will be suspended soon. Click here to update your KYC now,Dear customer your MYBank account will be suspended soon. Click here to update your KYC now,True,original_unredacted,cleaned_from_raw,False,found_in_source_archive,Selected gathered final `message_raw` as the least-redacted available text.,excluded_duplicate_raw_available,,gathered_imc25_english_smish_05359,False,duplicate_against_raw_required_dataset
gathered_imc25_english_smish_05384,Smishing-Dataset-IMC25,Gathered approved smishing 7k,gathered_approved_smishing,imc25_english_smish_05384,Dear Taxpayer your income tax refund of Rs.<OTP> has been approved and your bank a/c will be credited shortly. Do kindly verify your a/c no 8XXXXXXXX8911. If the same is incorrect quickly follow the link below to update your bank record on file.,smishing_corpus_row,smishing,accepted,approved,false,false,false,data\final\approved_smishing_messages.csv,original_source=Smishing-Dataset-IMC25; scam_category=government; strict-clean approved gathered smishing row.,dear taxpayer your income tax refund of rs <otp> has been approved and your bank a c will be credited shortly do kindly verify your a c no 8xxxxxxxx8911 if the same is incorrect quickly follow the link below to update your bank record on file,,1,true,Smishing-Dataset-IMC25,smishing,Dear Taxpayer your income tax refund of Rs.24812 has been approved and your bank a/c will be credited shortly. Do kindly verify your a/c no 8XXXXXXXX8911. If the same is incorrect quickly follow the link below to update your bank record on file.,Dear Taxpayer your income tax refund of Rs.24812 has been approved and your bank a/c will be credited shortly. Do kindly verify your a/c no 8XXXXXXXX8911. If the same is incorrect quickly follow the link below to update your bank record on file.,True,original_unredacted,cleaned_from_raw,False,found_in_source_archive,Selected gathered final `message_raw` as the least-redacted available text.,excluded_duplicate_raw_available,,gathered_imc25_english_smish_05384,False,duplicate_against_raw_required_dataset
gathered_imc25_english_smish_05405,Smishing-Dataset-IMC25,Gathered approved smishing 7k,gathered_approved_smishing,imc25_english_smish_05405,<US_DRIVER_LICENSE> is the verification code to log in to your Flipkart account. Please DO NOT SHARE THIS ...,smishing_corpus_row,smishing,accepted,approved,false,false,false,data\final\approved_smishing_messages.csv,original_source=Smishing-Dataset-IMC25; scam_category=others; strict-clean approved gathered smishing row.,<us driver license> is the verification code to log in to your flipkart account please do not share this,,1,true,Smishing-Dataset-IMC25,smishing,<US_DRIVER_LICENSE> is the verification code to log in to your Flipkart account. Please DO NOT SHARE THIS ...,<US_DRIVER_LICENSE> is the verification code to log in to your Flipkart account. Please DO NOT SHARE THIS ...,True,original_unredacted,cleaned_from_raw,False,found_in_source_archive,Selected gathered final `message_raw` as the least-redacted available text.,excluded_duplicate_raw_available,,gathered_imc25_english_smish_05405,False,duplicate_against_raw_required_dataset
gathered_imc25_english_smish_05413,Smishing-Dataset-IMC25,Gathered approved smishing 7k,gathered_approved_smishing,imc25_english_smish_05413,Dear SBI User Your SBI YONO Account will be Blocked Today Please Update your PANCARD Number Click here link,smishing_corpus_row,smishing,accepted,approved,false,false,false,data\final\approved_smishing_messages.csv,original_source=Smishing-Dataset-IMC25; scam_category=banking; strict-clean approved gathered smishing row.,dear sbi user your sbi yono account will be blocked today please update your pancard number click here link,,1,true,Smishing-Dataset-IMC25,smishing,Dear SBI User Your SBI YONO Account will be Blocked Today Please Update your PANCARD Number Click here link,Dear SBI User Your SBI YONO Account will be Blocked Today Please Update your PANCARD Number Click here link,True,original_unredacted,cleaned_from_raw,False,found_in_source_archive,Selected gathered final `message_raw` as the least-redacted available text.,excluded_duplicate_raw_available,,gathered_imc25_english_smish_05413,False,duplicate_against_raw_required_dataset
gathered_imc25_english_smish_05440,Smishing-Dataset-IMC25,Gathered approved smishing 7k,gathered_approved_smishing,imc25_english_smish_05440,YOUR NUMBER HAS WON <PHONE> AND IPHONE 14 FROM WORLD OIL FOUNDATION RELIEF FUND KINDLY SEND YOUR NAME AGE NUMBER ADDRESS TO OUR MAIL: <EMAIL_ADDRESS>,smishing_corpus_row,smishing,accepted,approved,false,false,false,data\final\approved_smishing_messages.csv,original_source=Smishing-Dataset-IMC25; scam_category=spam; strict-clean approved gathered smishing row.,your number has won <phone> and iphone 14 from world oil foundation relief fund kindly send your name age number address to our mail <email address>,,1,true,Smishing-Dataset-IMC25,smishing,YOUR NUMBER HAS WON 365.00.000 AND IPHONE 14 FROM WORLD OIL FOUNDATION RELIEF FUND KINDLY SEND YOUR NAME AGE NUMBER ADDRESS TO OUR MAIL: <EMAIL_ADDRESS>,YOUR NUMBER HAS WON <PHONE> AND IPHONE 14 FROM WORLD OIL FOUNDATION RELIEF FUND KINDLY SEND YOUR NAME AGE NUMBER ADDRESS TO OUR MAIL: <EMAIL_ADDRESS>,True,original_unredacted,cleaned_from_raw,False,found_in_source_archive,Selected gathered final `message_raw` as the least-redacted available text.,excluded_duplicate_raw_available,,gathered_imc25_english_smish_05440,False,duplicate_against_raw_required_dataset
gathered_imc25_english_smish_05455,Smishing-Dataset-IMC25,Gathered approved smishing 7k,gathered_approved_smishing,imc25_english_smish_05455,USPS-You have an online package can not be delivered due to address error please promptly click to modify the address re-delivery click,smishing_corpus_row,smishing,accepted,approved,false,false,false,data\final\approved_smishing_messages.csv,original_source=Smishing-Dataset-IMC25; scam_category=delivery; strict-clean approved gathered smishing row.,usps you have an online package can not be delivered due to address error please promptly click to modify the address re delivery click,,1,true,Smishing-Dataset-IMC25,smishing,USPS-You have an online package can not be delivered due to address error please promptly click to modify the address re-delivery click,USPS-You have an online package can not be delivered due to address error please promptly click to modify the address re-delivery click,True,original_unredacted,cleaned_from_raw,False,found_in_source_archive,Selected gathered final `message_raw` as the least-redacted available text.,excluded_duplicate_raw_available,,gathered_imc25_english_smish_05455,False,duplicate_against_raw_required_dataset
gathered_imc25_english_smish_05462,Smishing-Dataset-IMC25,Gathered approved smishing 7k,gathered_approved_smishing,imc25_english_smish_05462,LINKT: Your recent automatic top-up was declined. To prevent account closure please update your payment method.,smishing_corpus_row,smishing,accepted,approved,false,false,false,data\final\approved_smishing_messages.csv,original_source=Smishing-Dataset-IMC25; scam_category=others; strict-clean approved gathered smishing row.,linkt your recent automatic top up was declined to prevent account closure please update your payment method,,1,true,Smishing-Dataset-IMC25,smishing,LINKT: Your recent automatic top-up was declined. To prevent account closure please update your payment method.,LINKT: Your recent automatic top-up was declined. To prevent account closure please update your payment method.,True,original_unredacted,cleaned_from_raw,False,found_in_source_archive,Selected gathered final `message_raw` as the least-redacted available text.,excluded_duplicate_raw_available,,gathered_imc25_english_smish_05462,False,duplicate_against_raw_required_dataset
gathered_imc25_english_smish_05575,Smishing-Dataset-IMC25,Gathered approved smishing 7k,gathered_approved_smishing,imc25_english_smish_05575,Dear SBI Customer Your yono Account has been blocked Today Please updated Your PANCARD&Number click here link.,smishing_corpus_row,smishing,accepted,approved,false,false,false,data\final\approved_smishing_messages.csv,original_source=Smishing-Dataset-IMC25; scam_category=banking; strict-clean approved gathered smishing row.,dear sbi customer your yono account has been blocked today please updated your pancard number click here link,,1,true,Smishing-Dataset-IMC25,smishing,Dear SBI Customer Your yono Account has been blocked Today Please updated Your PANCARD&Number click here link.,Dear SBI Customer Your yono Account has been blocked Today Please updated Your PANCARD&Number click here link.,True,original_unredacted,cleaned_from_raw,False,found_in_source_archive,Selected gathered final `message_raw` as the least-redacted available text.,excluded_duplicate_raw_available,,gathered_imc25_english_smish_05575,False,duplicate_against_raw_required_dataset
gathered_imc25_english_smish_05581,Smishing-Dataset-IMC25,Gathered approved smishing 7k,gathered_approved_smishing,imc25_english_smish_05581,Dear Customer Your HDFC Bank Account has been Blocked Today Please Update Your PAN CARD,smishing_corpus_row,smishing,accepted,approved,false,false,false,data\final\approved_smishing_messages.csv,original_source=Smishing-Dataset-IMC25; scam_category=banking; strict-clean approved gathered smishing row.,dear customer your hdfc bank account has been blocked today please update your pan card,,1,true,Smishing-Dataset-IMC25,smishing,Dear Customer Your HDFC Bank Account has been Blocked Today Please Update Your PAN CARD,Dear Customer Your HDFC Bank Account has been Blocked Today Please Update Your PAN CARD,True,original_unredacted,cleaned_from_raw,False,found_in_source_archive,Selected gathered final `message_raw` as the least-redacted available text.,excluded_duplicate_raw_available,,gathered_imc25_english_smish_05581,False,duplicate_against_raw_required_dataset
gathered_imc25_english_smish_05585,Smishing-Dataset-IMC25,Gathered approved smishing 7k,gathered_approved_smishing,imc25_english_smish_05585,Credit Union: Hello your credit union account has been placed on hold please verify your account below,smishing_corpus_row,smishing,accepted,approved,false,false,false,data\final\approved_smishing_messages.csv,original_source=Smishing-Dataset-IMC25; scam_category=banking; strict-clean approved gathered smishing row.,credit union hello your credit union account has been placed on hold please verify your account below,,1,true,Smishing-Dataset-IMC25,smishing,Credit Union: Hello your credit union account has been placed on hold please verify your account below,Credit Union: Hello your credit union account has been placed on hold please verify your account below,True,original_unredacted,cleaned_from_raw,False,found_in_source_archive,Selected gathered final `message_raw` as the least-redacted available text.,excluded_duplicate_raw_available,,gathered_imc25_english_smish_05585,False,duplicate_against_raw_required_dataset
gathered_imc25_english_smish_05629,Smishing-Dataset-IMC25,Gathered approved smishing 7k,gathered_approved_smishing,imc25_english_smish_05629,ATO Notice: We need to verify the claims in your recent <PHONE> kindly verify your amendment via the myGov link,smishing_corpus_row,smishing,accepted,approved,false,false,false,data\final\approved_smishing_messages.csv,original_source=Smishing-Dataset-IMC25; scam_category=government; strict-clean approved gathered smishing row.,ato notice we need to verify the claims in your recent <phone> kindly verify your amendment via the mygov link,,1,true,Smishing-Dataset-IMC25,smishing,ATO Notice: We need to verify the claims in your recent 2020 2021 2022 kindly verify your amendment via the myGov link,ATO Notice: We need to verify the claims in your recent <PHONE> kindly verify your amendment via the myGov link,True,original_unredacted,cleaned_from_raw,False,found_in_source_archive,Selected gathered final `message_raw` as the least-redacted available text.,excluded_duplicate_raw_available,,gathered_imc25_english_smish_05629,False,duplicate_against_raw_required_dataset
gathered_imc25_english_smish_05630,Smishing-Dataset-IMC25,Gathered approved smishing 7k,gathered_approved_smishing,imc25_english_smish_05630,Your SBI Account is blocked update PAN number. Please update it at the earliest using the following...,smishing_corpus_row,smishing,accepted,approved,false,false,false,data\final\approved_smishing_messages.csv,original_source=Smishing-Dataset-IMC25; scam_category=banking; strict-clean approved gathered smishing row.,your sbi account is blocked update pan number please update it at the earliest using the following,,1,true,Smishing-Dataset-IMC25,smishing,Your SBI Account is blocked update PAN number. Please update it at the earliest using the following...,Your SBI Account is blocked update PAN number. Please update it at the earliest using the following...,True,original_unredacted,cleaned_from_raw,False,found_in_source_archive,Selected gathered final `message_raw` as the least-redacted available text.,excluded_duplicate_raw_available,,gathered_imc25_english_smish_05630,False,duplicate_against_raw_required_dataset
gathered_imc25_english_smish_05685,Smishing-Dataset-IMC25,Gathered approved smishing 7k,gathered_approved_smishing,imc25_english_smish_05685,myGov; Claim your newly paid tax return. click here,smishing_corpus_row,smishing,accepted,approved,false,false,false,data\final\approved_smishing_messages.csv,original_source=Smishing-Dataset-IMC25; scam_category=government; strict-clean approved gathered smishing row.,mygov claim your newly paid tax return click here,,1,true,Smishing-Dataset-IMC25,smishing,myGov; Claim your newly paid tax return. click here,myGov; Claim your newly paid tax return. click here,True,original_unredacted,cleaned_from_raw,False,found_in_source_archive,Selected gathered final `message_raw` as the least-redacted available text.,excluded_duplicate_raw_available,,gathered_imc25_english_smish_05685,False,duplicate_against_raw_required_dataset
gathered_imc25_english_smish_05705,Smishing-Dataset-IMC25,Gathered approved smishing 7k,gathered_approved_smishing,imc25_english_smish_05705,DPD : Your parcel is being held at your local depot please update your details to proceed,smishing_corpus_row,smishing,accepted,approved,false,false,false,data\final\approved_smishing_messages.csv,original_source=Smishing-Dataset-IMC25; scam_category=delivery; strict-clean approved gathered smishing row.,dpd your parcel is being held at your local depot please update your details to proceed,,1,true,Smishing-Dataset-IMC25,smishing,DPD : Your parcel is being held at your local depot please update your details to proceed,DPD: Your parcel is being held at your local depot please update your details to proceed,True,original_unredacted,cleaned_from_raw,False,found_in_source_archive,Selected gathered final `message_raw` as the least-redacted available text.,excluded_duplicate_raw_available,,gathered_imc25_english_smish_05705,False,duplicate_against_raw_required_dataset
gathered_imc25_english_smish_05731,Smishing-Dataset-IMC25,Gathered approved smishing 7k,gathered_approved_smishing,imc25_english_smish_05731,Dear Customer your SBI BANK ACCOUNT Will Suspend Re-verify KYC Updated your ACCOUNT follow the link <URL> sbibank Team Thank you,smishing_corpus_row,smishing,accepted,approved,false,false,false,data\final\approved_smishing_messages.csv,original_source=Smishing-Dataset-IMC25; scam_category=banking; strict-clean approved gathered smishing row.,dear customer your sbi bank account will suspend re verify kyc updated your account follow the link <url> sbibank team thank you,,1,true,Smishing-Dataset-IMC25,smishing,Dear Customer your SBI BANK ACCOUNT Will Suspend Re-verify KYC Updated your ACCOUNT follow the link http://<IP_ADDRESS>/sbi sbibank Team Thank you,Dear Customer your SBI BANK ACCOUNT Will Suspend Re-verify KYC Updated your ACCOUNT follow the link http://<IP_ADDRESS>/sbi sbibank Team Thank you,True,original_unredacted,cleaned_from_raw,False,found_in_source_archive,Selected gathered final `message_raw` as the least-redacted available text.,excluded_duplicate_raw_available,,gathered_imc25_english_smish_05731,False,duplicate_against_raw_required_dataset
gathered_imc25_english_smish_05769,Smishing-Dataset-IMC25,Gathered approved smishing 7k,gathered_approved_smishing,imc25_english_smish_05769,GCASH: Your account is temporarily on-hold due to security purposes. Kindly verify here,smishing_corpus_row,smishing,accepted,approved,false,false,false,data\final\approved_smishing_messages.csv,original_source=Smishing-Dataset-IMC25; scam_category=banking; strict-clean approved gathered smishing row.,gcash your account is temporarily on hold due to security purposes kindly verify here,,1,true,Smishing-Dataset-IMC25,smishing,GCASH: Your account is temporarily on-hold due to security purposes. Kindly verify here,GCASH: Your account is temporarily on-hold due to security purposes. Kindly verify here,True,original_unredacted,cleaned_from_raw,False,found_in_source_archive,Selected gathered final `message_raw` as the least-redacted available text.,excluded_duplicate_raw_available,,gathered_imc25_english_smish_05769,False,duplicate_against_raw_required_dataset
gathered_imc25_english_smish_05812,Smishing-Dataset-IMC25,Gathered approved smishing 7k,gathered_approved_smishing,imc25_english_smish_05812,Your credit union account has been placed on a hold for security update please verify your account immediately:,smishing_corpus_row,smishing,accepted,approved,false,false,false,data\final\approved_smishing_messages.csv,original_source=Smishing-Dataset-IMC25; scam_category=banking; strict-clean approved gathered smishing row.,your credit union account has been placed on a hold for security update please verify your account immediately,,1,true,Smishing-Dataset-IMC25,smishing,Your credit union account has been placed on a hold for security update please verify your account immediately:,Your credit union account has been placed on a hold for security update please verify your account immediately:,True,original_unredacted,cleaned_from_raw,False,found_in_source_archive,Selected gathered final `message_raw` as the least-redacted available text.,excluded_duplicate_raw_available,,gathered_imc25_english_smish_05812,False,duplicate_against_raw_required_dataset
gathered_imc25_english_smish_05842,Smishing-Dataset-IMC25,Gathered approved smishing 7k,gathered_approved_smishing,imc25_english_smish_05842,DHL : The delivery of your package <US_BANK_NUMBER> is currently blocked at the customs center. Please note the shipping costs. Visit :,smishing_corpus_row,smishing,accepted,approved,false,false,false,data\final\approved_smishing_messages.csv,original_source=Smishing-Dataset-IMC25; scam_category=delivery; strict-clean approved gathered smishing row.,dhl the delivery of your package <us bank number> is currently blocked at the customs center please note the shipping costs visit,,1,true,Smishing-Dataset-IMC25,smishing,DHL : The delivery of your package <US_BANK_NUMBER> is currently blocked at the customs center. Please note the shipping costs. Visit :,DHL: The delivery of your package <US_BANK_NUMBER> is currently blocked at the customs center. Please note the shipping costs. Visit:,True,original_unredacted,cleaned_from_raw,False,found_in_source_archive,Selected gathered final `message_raw` as the least-redacted available text.,excluded_duplicate_raw_available,,gathered_imc25_english_smish_05842,False,duplicate_against_raw_required_dataset
gathered_imc25_english_smish_05935,Smishing-Dataset-IMC25,Gathered approved smishing 7k,gathered_approved_smishing,imc25_english_smish_05935,You must enter your details to update your package with DPC.,smishing_corpus_row,smishing,accepted,approved,false,false,false,data\final\approved_smishing_messages.csv,original_source=Smishing-Dataset-IMC25; scam_category=delivery; strict-clean approved gathered smishing row.,you must enter your details to update your package with dpc,,1,true,Smishing-Dataset-IMC25,smishing,You must enter your details to update your package with DPC.,You must enter your details to update your package with DPC.,True,original_unredacted,cleaned_from_raw,False,found_in_source_archive,Selected gathered final `message_raw` as the least-redacted available text.,excluded_duplicate_raw_available,,gathered_imc25_english_smish_05935,False,duplicate_against_raw_required_dataset
gathered_imc25_english_smish_05963,Smishing-Dataset-IMC25,Gathered approved smishing 7k,gathered_approved_smishing,imc25_english_smish_05963,Congratulations! You have won <OTP>$. To receive your prize you need to prove your identity by sending us your personal details. Please send credit card number and CVV number to verify your identity ASAP!,smishing_corpus_row,smishing,accepted,approved,false,false,false,data\final\approved_smishing_messages.csv,original_source=Smishing-Dataset-IMC25; scam_category=spam; strict-clean approved gathered smishing row.,congratulations you have won <otp> to receive your prize you need to prove your identity by sending us your personal details please send credit card number and cvv number to verify your identity asap,,1,true,Smishing-Dataset-IMC25,smishing,Congratulations! You have won 10000$. To receive your prize you need to prove your identity by sending us your personal details.  Please send credit card number and CVV number to verify your identity ASAP!,Congratulations! You have won 10000$. To receive your prize you need to prove your identity by sending us your personal details. Please send credit card number and CVV number to verify your identity ASAP!,True,original_unredacted,cleaned_from_raw,False,found_in_source_archive,Selected gathered final `message_raw` as the least-redacted available text.,excluded_duplicate_raw_available,,gathered_imc25_english_smish_05963,False,duplicate_against_raw_required_dataset
gathered_imc25_english_smish_06049,Smishing-Dataset-IMC25,Gathered approved smishing 7k,gathered_approved_smishing,imc25_english_smish_06049,"You have been selected for a FREE $<OTP> Besybuy Giftcard!! Reply ""YES"" to claim your prize to get yours now. Only 43 left! Txt out to remove.",smishing_corpus_row,smishing,accepted,approved,false,false,false,data\final\approved_smishing_messages.csv,original_source=Smishing-Dataset-IMC25; scam_category=spam; strict-clean approved gathered smishing row.,you have been selected for a free <otp> besybuy giftcard reply yes to claim your prize to get yours now only 43 left txt out to remove,,1,true,Smishing-Dataset-IMC25,smishing,"You have been selected for a FREE $1000 Besybuy Giftcard!! Reply ""YES"" to claim your prize to get yours now. Only 43 left! Txt out to remove.","You have been selected for a FREE <AMOUNT> Besybuy Giftcard!! Reply ""YES"" to claim your prize to get yours now. Only 43 left! Txt out to remove.",True,original_unredacted,cleaned_from_raw,False,found_in_source_archive,Selected gathered final `message_raw` as the least-redacted available text.,excluded_duplicate_raw_available,,gathered_imc25_english_smish_06049,False,duplicate_against_raw_required_dataset
gathered_imc25_english_smish_06152,Smishing-Dataset-IMC25,Gathered approved smishing 7k,gathered_approved_smishing,imc25_english_smish_06152,______ is the verification code to log in to your Flipkart account. DO NOT share this code <OTP> anyone including Flipkart delivery agents. Df9YrqIZHWd,smishing_corpus_row,smishing,accepted,approved,false,false,false,data\final\approved_smishing_messages.csv,original_source=Smishing-Dataset-IMC25; scam_category=others; strict-clean approved gathered smishing row.,is the verification code to log in to your flipkart account do not share this code <otp> anyone including flipkart delivery agents df9yrqizhwd,,1,true,Smishing-Dataset-IMC25,smishing,______ is the verification code to log in to your Flipkart account. DO NOT share this code with anyone including Flipkart delivery agents. Df9YrqIZHWd,______ is the verification code to log in to your Flipkart account. DO NOT share this code with anyone including Flipkart delivery agents. Df9YrqIZHWd,True,original_unredacted,cleaned_from_raw,False,found_in_source_archive,Selected gathered final `message_raw` as the least-redacted available text.,excluded_duplicate_raw_available,,gathered_imc25_english_smish_06152,False,duplicate_against_raw_required_dataset
gathered_imc25_english_smish_06197,Smishing-Dataset-IMC25,Gathered approved smishing 7k,gathered_approved_smishing,imc25_english_smish_06197,AUSPOST: Delivery attempt unsuccessful. Your item is stored at the post office. Schedule redelivery by monitoring your package at,smishing_corpus_row,smishing,accepted,approved,false,false,false,data\final\approved_smishing_messages.csv,original_source=Smishing-Dataset-IMC25; scam_category=delivery; strict-clean approved gathered smishing row.,auspost delivery attempt unsuccessful your item is stored at the post office schedule redelivery by monitoring your package at,,1,true,Smishing-Dataset-IMC25,smishing,AUSPOST: Delivery attempt unsuccessful. Your item is stored at the post office. Schedule redelivery by monitoring your package at,AUSPOST: Delivery attempt unsuccessful. Your item is stored at the post office. Schedule redelivery by monitoring your package at,True,original_unredacted,cleaned_from_raw,False,found_in_source_archive,Selected gathered final `message_raw` as the least-redacted available text.,excluded_duplicate_raw_available,,gathered_imc25_english_smish_06197,False,duplicate_against_raw_required_dataset
gathered_imc25_english_smish_06319,Smishing-Dataset-IMC25,Gathered approved smishing 7k,gathered_approved_smishing,imc25_english_smish_06319,CDSL-Click on link to verify Margin Pledge/Funding Txns setup from Demat A/C * and generate OTP,smishing_corpus_row,smishing,accepted,approved,false,false,false,data\final\approved_smishing_messages.csv,original_source=Smishing-Dataset-IMC25; scam_category=banking; strict-clean approved gathered smishing row.,cdsl click on link to verify margin pledge funding txns setup from demat a c and generate otp,,1,true,Smishing-Dataset-IMC25,smishing,CDSL-Click on link to verify Margin Pledge/Funding Txns setup from Demat A/C * and generate OTP,CDSL-Click on link to verify Margin Pledge/Funding Txns setup from Demat A/C * and generate OTP,True,original_unredacted,cleaned_from_raw,False,found_in_source_archive,Selected gathered final `message_raw` as the least-redacted available text.,excluded_duplicate_raw_available,,gathered_imc25_english_smish_06319,False,duplicate_against_raw_required_dataset
gathered_imc25_english_smish_06337,Smishing-Dataset-IMC25,Gathered approved smishing 7k,gathered_approved_smishing,imc25_english_smish_06337,HMRC Refund: You have an outstanding Tax Refund of £312.39 from <OTP> to <OTP>. Click the link below to claim your Tax Refund:,smishing_corpus_row,smishing,accepted,approved,false,false,false,data\final\approved_smishing_messages.csv,original_source=Smishing-Dataset-IMC25; scam_category=government; strict-clean approved gathered smishing row.,hmrc refund you have an outstanding tax refund of <num> 39 from <otp> to <otp> click the link below to claim your tax refund,,1,true,Smishing-Dataset-IMC25,smishing,HMRC Refund: You have an outstanding Tax Refund of £312.39 from 2022 to 2023. Click the link below to claim your Tax Refund:,HMRC Refund: You have an outstanding Tax Refund of <AMOUNT> from 2022 to 2023. Click the link below to claim your Tax Refund:,True,original_unredacted,cleaned_from_raw,False,found_in_source_archive,Selected gathered final `message_raw` as the least-redacted available text.,excluded_duplicate_raw_available,,gathered_imc25_english_smish_06337,False,duplicate_against_raw_required_dataset
gathered_imc25_english_smish_06338,Smishing-Dataset-IMC25,Gathered approved smishing 7k,gathered_approved_smishing,imc25_english_smish_06338,Dear Customer to confirm your mobile number for ICICI bank Credit Card ApplicationPlease enter the verification code <US_DRIVER_LICENSE> in your application form.,smishing_corpus_row,smishing,accepted,approved,false,false,false,data\final\approved_smishing_messages.csv,original_source=Smishing-Dataset-IMC25; scam_category=banking; strict-clean approved gathered smishing row.,dear customer to confirm your mobile number for icici bank credit card applicationplease enter the verification code <us driver license> in your application form,,1,true,Smishing-Dataset-IMC25,smishing,Dear Customer to confirm your mobile number for ICICI bank Credit Card ApplicationPlease enter the verification code <US_DRIVER_LICENSE> in your application form.,Dear Customer to confirm your mobile number for ICICI bank Credit Card ApplicationPlease enter the verification code <US_DRIVER_LICENSE> in your application form.,True,original_unredacted,cleaned_from_raw,False,found_in_source_archive,Selected gathered final `message_raw` as the least-redacted available text.,excluded_duplicate_raw_available,,gathered_imc25_english_smish_06338,False,duplicate_against_raw_required_dataset
gathered_imc25_english_smish_06425,Smishing-Dataset-IMC25,Gathered approved smishing 7k,gathered_approved_smishing,imc25_english_smish_06425,Dear Customer Your HDFC Account is disabled. Please click the link to update your PAN Number,smishing_corpus_row,smishing,accepted,approved,false,false,false,data\final\approved_smishing_messages.csv,original_source=Smishing-Dataset-IMC25; scam_category=banking; strict-clean approved gathered smishing row.,dear customer your hdfc account is disabled please click the link to update your pan number,,1,true,Smishing-Dataset-IMC25,smishing,Dear Customer Your HDFC Account is disabled. Please click the link to update your PAN Number,Dear Customer Your HDFC Account is disabled. Please click the link to update your PAN Number,True,original_unredacted,cleaned_from_raw,False,found_in_source_archive,Selected gathered final `message_raw` as the least-redacted available text.,excluded_duplicate_raw_available,,gathered_imc25_english_smish_06425,False,duplicate_against_raw_required_dataset
gathered_imc25_english_smish_06472,Smishing-Dataset-IMC25,Gathered approved smishing 7k,gathered_approved_smishing,imc25_english_smish_06472,Package update: Your package is on hold because the address provided is incomplete. Resubmit your address.,smishing_corpus_row,smishing,accepted,approved,false,false,false,data\final\approved_smishing_messages.csv,original_source=Smishing-Dataset-IMC25; scam_category=delivery; strict-clean approved gathered smishing row.,package update your package is on hold because the address provided is incomplete resubmit your address,,1,true,Smishing-Dataset-IMC25,smishing,Package update: Your package is on hold because the address provided is incomplete. Resubmit your address.,Package update: Your package is on hold because the address provided is incomplete. Resubmit your address.,True,original_unredacted,cleaned_from_raw,False,found_in_source_archive,Selected gathered final `message_raw` as the least-redacted available text.,excluded_duplicate_raw_available,,gathered_imc25_english_smish_06472,False,duplicate_against_raw_required_dataset
gathered_imc25_english_smish_06524,Smishing-Dataset-IMC25,Gathered approved smishing 7k,gathered_approved_smishing,imc25_english_smish_06524,60% of the cash is on Bengals +4 @ +1 @ ****. You have a $<OTP> comp to bet Super Bowl 56. Claim w/code <OTP> now> as3[b].ly/SUPER56 Reply STOP to Opt Out,smishing_corpus_row,smishing,accepted,approved,false,false,false,data\final\approved_smishing_messages.csv,original_source=Smishing-Dataset-IMC25; scam_category=spam; strict-clean approved gathered smishing row.,60 of the cash is on bengals 4 1 you have a <otp> comp to bet super bowl 56 claim w code <otp> now> as3 b ly super56 reply stop to opt out,,1,true,Smishing-Dataset-IMC25,smishing,60% of the cash is on Bengals +4 @ +1 @ ****. You have a $1000 comp to bet Super Bowl 56. Claim w/code SUPER56 now> as3[b].ly/SUPER56 Reply STOP to Opt Out,60% of the cash is on Bengals +4 @ +1 @ ****. You have a <AMOUNT> comp to bet Super Bowl 56. Claim w/code <OTP> now> as3[b].ly/SUPER56 Reply STOP to Opt Out,True,original_unredacted,cleaned_from_raw,False,found_in_source_archive,Selected gathered final `message_raw` as the least-redacted available text.,excluded_duplicate_raw_available,,gathered_imc25_english_smish_06524,False,duplicate_against_raw_required_dataset
gathered_imc25_english_smish_06591,Smishing-Dataset-IMC25,Gathered approved smishing 7k,gathered_approved_smishing,imc25_english_smish_06591,Dear Guest <OTP> is Your OTP For VLAY SALES. Please Verify To Proceed Further.,smishing_corpus_row,smishing,accepted,approved,false,false,false,data\final\approved_smishing_messages.csv,original_source=Smishing-Dataset-IMC25; scam_category=others; strict-clean approved gathered smishing row.,dear guest <otp> is your otp for vlay sales please verify to proceed further,,1,true,Smishing-Dataset-IMC25,smishing,Dear Guest 45621 is Your OTP For VLAY SALES. Please Verify To Proceed Further.,Dear Guest 45621 is Your OTP For VLAY SALES. Please Verify To Proceed Further.,True,original_unredacted,cleaned_from_raw,False,found_in_source_archive,Selected gathered final `message_raw` as the least-redacted available text.,excluded_duplicate_raw_available,,gathered_imc25_english_smish_06591,False,duplicate_against_raw_required_dataset
gathered_imc25_english_smish_06607,Smishing-Dataset-IMC25,Gathered approved smishing 7k,gathered_approved_smishing,imc25_english_smish_06607,Your KYC has been updated successfully and you will get <OTP> cashback in your wallet. To get the cashback click here to the link,smishing_corpus_row,smishing,accepted,approved,false,false,false,data\final\approved_smishing_messages.csv,original_source=Smishing-Dataset-IMC25; scam_category=banking; strict-clean approved gathered smishing row.,your kyc has been updated successfully and you will get <otp> cashback in your wallet to get the cashback click here to the link,,1,true,Smishing-Dataset-IMC25,smishing,Your KYC has been updated successfully and you will get 1205 cashback in your wallet. To get the cashback click here to the link,Your KYC has been updated successfully and you will get 1205 cashback in your wallet. To get the cashback click here to the link,True,original_unredacted,cleaned_from_raw,False,found_in_source_archive,Selected gathered final `message_raw` as the least-redacted available text.,excluded_duplicate_raw_available,,gathered_imc25_english_smish_06607,False,duplicate_against_raw_required_dataset
gathered_imc25_english_smish_06679,Smishing-Dataset-IMC25,Gathered approved smishing 7k,gathered_approved_smishing,imc25_english_smish_06679,BDO ALERT Your BDO Account is on-hold due to security purposes kindly verify here:,smishing_corpus_row,smishing,accepted,approved,false,false,false,data\final\approved_smishing_messages.csv,original_source=Smishing-Dataset-IMC25; scam_category=banking; strict-clean approved gathered smishing row.,bdo alert your bdo account is on hold due to security purposes kindly verify here,,1,true,Smishing-Dataset-IMC25,smishing,BDO ALERT Your BDO Account is on-hold due to security purposes kindly verify here:,BDO ALERT Your BDO Account is on-hold due to security purposes kindly verify here:,True,original_unredacted,cleaned_from_raw,False,found_in_source_archive,Selected gathered final `message_raw` as the least-redacted available text.,excluded_duplicate_raw_available,,gathered_imc25_english_smish_06679,False,duplicate_against_raw_required_dataset
gathered_imc25_english_smish_06738,Smishing-Dataset-IMC25,Gathered approved smishing 7k,gathered_approved_smishing,imc25_english_smish_06738,I'm at Woolworths and brought the wrong card with me. Can you please send me 200 I will pay you back when i get home. BSB - <US_DRIVER_LICENSE> Acc - <US_BANK_NUMBER>,smishing_corpus_row,smishing,accepted,approved,false,false,false,data\final\approved_smishing_messages.csv,original_source=Smishing-Dataset-IMC25; scam_category=others; strict-clean approved gathered smishing row.,i m at woolworths and brought the wrong card with me can you please send me <num> i will pay you back when i get home bsb <us driver license> acc <us bank number>,,1,true,Smishing-Dataset-IMC25,smishing,I'm at Woolworths and brought the wrong card with me. Can you please send me 200 I will pay you back when i get home. BSB - <US_DRIVER_LICENSE> Acc - <US_BANK_NUMBER>,I'm at Woolworths and brought the wrong card with me. Can you please send me 200 I will pay you back when i get home. BSB - <US_DRIVER_LICENSE> Acc - <US_BANK_NUMBER>,True,original_unredacted,cleaned_from_raw,False,found_in_source_archive,Selected gathered final `message_raw` as the least-redacted available text.,excluded_duplicate_raw_available,,gathered_imc25_english_smish_06738,False,duplicate_against_raw_required_dataset
gathered_imc25_english_smish_06981,Smishing-Dataset-IMC25,Gathered approved smishing 7k,gathered_approved_smishing,imc25_english_smish_06981,Dear Customer Your PayTm A-C K Y C has been Suspended. Please Re-verify your K Y C follow the link and Update -,smishing_corpus_row,smishing,accepted,approved,false,false,false,data\final\approved_smishing_messages.csv,original_source=Smishing-Dataset-IMC25; scam_category=banking; strict-clean approved gathered smishing row.,dear customer your paytm a c k y c has been suspended please re verify your k y c follow the link and update,,1,true,Smishing-Dataset-IMC25,smishing,Dear Customer Your PayTm A-C K Y C has been Suspended. Please Re-verify your K Y C follow the link and Update -,Dear Customer Your PayTm A-C K Y C has been Suspended. Please Re-verify your K Y C follow the link and Update -,True,original_unredacted,cleaned_from_raw,False,found_in_source_archive,Selected gathered final `message_raw` as the least-redacted available text.,excluded_duplicate_raw_available,,gathered_imc25_english_smish_06981,False,duplicate_against_raw_required_dataset
gathered_imc25_english_smish_06986,Smishing-Dataset-IMC25,Gathered approved smishing 7k,gathered_approved_smishing,imc25_english_smish_06986,Dear user your SBI YONO Account 881 is a blocked due to irregular activity. Please verify your PAN CARD Number through your SUNBM ID BERM.,smishing_corpus_row,smishing,accepted,approved,false,false,false,data\final\approved_smishing_messages.csv,original_source=Smishing-Dataset-IMC25; scam_category=banking; strict-clean approved gathered smishing row.,dear user your sbi yono account <num> is a blocked due to irregular activity please verify your pan card number through your sunbm id berm,,1,true,Smishing-Dataset-IMC25,smishing,Dear user your SBI YONO Account 881 is a blocked due to irregular activity. Please verify your PAN CARD Number through your SUNBM ID BERM.,Dear user your SBI YONO Account 881 is a blocked due to irregular activity. Please verify your PAN CARD Number through your SUNBM ID BERM.,True,original_unredacted,cleaned_from_raw,False,found_in_source_archive,Selected gathered final `message_raw` as the least-redacted available text.,excluded_duplicate_raw_available,,gathered_imc25_english_smish_06986,False,duplicate_against_raw_required_dataset
gathered_imc25_english_smish_07132,Smishing-Dataset-IMC25,Gathered approved smishing 7k,gathered_approved_smishing,imc25_english_smish_07132,Union: Hello credit union has been placed on a hold please confirm your account:,smishing_corpus_row,smishing,accepted,approved,false,false,false,data\final\approved_smishing_messages.csv,original_source=Smishing-Dataset-IMC25; scam_category=banking; strict-clean approved gathered smishing row.,union hello credit union has been placed on a hold please confirm your account,,1,true,Smishing-Dataset-IMC25,smishing,Union: Hello credit union has been placed on a hold please confirm your account:,Union: Hello credit union has been placed on a hold please confirm your account:,True,original_unredacted,cleaned_from_raw,False,found_in_source_archive,Selected gathered final `message_raw` as the least-redacted available text.,excluded_duplicate_raw_available,,gathered_imc25_english_smish_07132,False,duplicate_against_raw_required_dataset
gathered_imc25_english_smish_07145,Smishing-Dataset-IMC25,Gathered approved smishing 7k,gathered_approved_smishing,imc25_english_smish_07145,Your new statement for credit card ending <OTP> is ready to view please sign in to Online Banking for further details.,smishing_corpus_row,smishing,accepted,approved,false,false,false,data\final\approved_smishing_messages.csv,original_source=Smishing-Dataset-IMC25; scam_category=banking; strict-clean approved gathered smishing row.,your new statement for credit card ending <otp> is ready to view please sign in to online banking for further details,,1,true,Smishing-Dataset-IMC25,smishing,Your new statement for credit card ending 4023 is ready to view please sign in to Online Banking for further details.,Your new statement for credit card ending 4023 is ready to view please sign in to Online Banking for further details.,True,original_unredacted,cleaned_from_raw,False,found_in_source_archive,Selected gathered final `message_raw` as the least-redacted available text.,excluded_duplicate_raw_available,,gathered_imc25_english_smish_07145,False,duplicate_against_raw_required_dataset
gathered_imc25_english_smish_07251,Smishing-Dataset-IMC25,Gathered approved smishing 7k,gathered_approved_smishing,imc25_english_smish_07251,Hancock Whitney Bank Fraud Alert: Did you just initiate a transaction on your card ending in <OTP>? Reply YES to confirm or NO to STOP it. Our Dial 4 Help for help.,smishing_corpus_row,smishing,accepted,approved,false,false,false,data\final\approved_smishing_messages.csv,original_source=Smishing-Dataset-IMC25; scam_category=banking; strict-clean approved gathered smishing row.,hancock whitney bank fraud alert did you just initiate a transaction on your card ending in <otp> reply yes to confirm or no to stop it our dial 4 help for help,,1,true,Smishing-Dataset-IMC25,smishing,Hancock Whitney Bank Fraud Alert: Did you just initiate a transaction on your card ending in 1234? Reply YES to confirm or NO to STOP it. Our Dial 4 Help for help.,Hancock Whitney Bank Fraud Alert: Did you just initiate a transaction on your card ending in 1234? Reply YES to confirm or NO to STOP it. Our Dial 4 Help for help.,True,original_unredacted,cleaned_from_raw,False,found_in_source_archive,Selected gathered final `message_raw` as the least-redacted available text.,excluded_duplicate_raw_available,,gathered_imc25_english_smish_07251,False,duplicate_against_raw_required_dataset
gathered_imc25_english_smish_07262,Smishing-Dataset-IMC25,Gathered approved smishing 7k,gathered_approved_smishing,imc25_english_smish_07262,Dear user your SBI YONO Account will be blocked. Please click the link to update your PAN CARD Number/submit your SUNDRY IT RETURN.,smishing_corpus_row,smishing,accepted,approved,false,false,false,data\final\approved_smishing_messages.csv,original_source=Smishing-Dataset-IMC25; scam_category=banking; strict-clean approved gathered smishing row.,dear user your sbi yono account will be blocked please click the link to update your pan card number submit your sundry it return,,1,true,Smishing-Dataset-IMC25,smishing,Dear user your SBI YONO Account will be blocked. Please click the link to update your PAN CARD Number/submit your SUNDRY IT RETURN.,Dear user your SBI YONO Account will be blocked. Please click the link to update your PAN CARD Number/submit your SUNDRY IT RETURN.,True,original_unredacted,cleaned_from_raw,False,found_in_source_archive,Selected gathered final `message_raw` as the least-redacted available text.,excluded_duplicate_raw_available,,gathered_imc25_english_smish_07262,False,duplicate_against_raw_required_dataset
gathered_imc25_english_smish_07285,Smishing-Dataset-IMC25,Gathered approved smishing 7k,gathered_approved_smishing,imc25_english_smish_07285,Hi SBI Customer Your account is temporarily locked due to suspicious activity. Please click the link below to follow instructions.,smishing_corpus_row,smishing,accepted,approved,false,false,false,data\final\approved_smishing_messages.csv,original_source=Smishing-Dataset-IMC25; scam_category=banking; strict-clean approved gathered smishing row.,hi sbi customer your account is temporarily locked due to suspicious activity please click the link below to follow instructions,,1,true,Smishing-Dataset-IMC25,smishing,Hi SBI Customer Your account is temporarily locked due to suspicious activity. Please click the link below to follow instructions.,Hi SBI Customer Your account is temporarily locked due to suspicious activity. Please click the link below to follow instructions.,True,original_unredacted,cleaned_from_raw,False,found_in_source_archive,Selected gathered final `message_raw` as the least-redacted available text.,excluded_duplicate_raw_available,,gathered_imc25_english_smish_07285,False,duplicate_against_raw_required_dataset
gathered_imc25_english_smish_07329,Smishing-Dataset-IMC25,Gathered approved smishing 7k,gathered_approved_smishing,imc25_english_smish_07329,Dear User You've got Specials coupon of Get Flat <OTP> bonus cash on My Winnings. Click on <URL> to claim. T&C,smishing_corpus_row,smishing,accepted,approved,false,false,false,data\final\approved_smishing_messages.csv,original_source=Smishing-Dataset-IMC25; scam_category=spam; strict-clean approved gathered smishing row.,dear user you ve got specials coupon of get flat <otp> bonus cash on my winnings click on <url> to claim t c,,1,true,Smishing-Dataset-IMC25,smishing,Dear User You've got Specials coupon of Get Flat 5000 bonus cash on My Winnings. Click on https://t.jio/winnings-MYIPL5K to claim. T&C,Dear User You've got Specials coupon of Get Flat 5000 bonus cash on My Winnings. Click on <URL> to claim. T&C,True,original_unredacted,cleaned_from_raw,False,found_in_source_archive,Selected gathered final `message_raw` as the least-redacted available text.,excluded_duplicate_raw_available,,gathered_imc25_english_smish_07329,False,duplicate_against_raw_required_dataset
gathered_imc25_english_smish_07386,Smishing-Dataset-IMC25,Gathered approved smishing 7k,gathered_approved_smishing,imc25_english_smish_07386,Your Apple ID has been locked. We have locked your Apple ID because our service has detected two unauthorized devices. To unlock your account you required verify your Apple ID . Click the link below to unlock your Apple ID.,smishing_corpus_row,smishing,accepted,approved,false,false,false,data\final\approved_smishing_messages.csv,original_source=Smishing-Dataset-IMC25; scam_category=others; strict-clean approved gathered smishing row.,your apple id has been locked we have locked your apple id because our service has detected two unauthorized devices to unlock your account you required verify your apple id click the link below to unlock your apple id,,1,true,Smishing-Dataset-IMC25,smishing,Your Apple ID has been locked. We have locked your Apple ID because our service has detected two unauthorized devices. To unlock your account you required verify your Apple ID . Click the link below to unlock your Apple ID.,Your Apple ID has been locked. We have locked your Apple ID because our service has detected two unauthorized devices. To unlock your account you required verify your Apple ID. Click the link below to unlock your Apple ID.,True,original_unredacted,cleaned_from_raw,False,found_in_source_archive,Selected gathered final `message_raw` as the least-redacted available text.,excluded_duplicate_raw_available,,gathered_imc25_english_smish_07386,False,duplicate_against_raw_required_dataset
gathered_imc25_english_smish_07532,Smishing-Dataset-IMC25,Gathered approved smishing 7k,gathered_approved_smishing,imc25_english_smish_07532,Dear Customer your HDFC NET-BANKING Account Will be Blocked Today Please Update,smishing_corpus_row,smishing,accepted,approved,false,false,false,data\final\approved_smishing_messages.csv,original_source=Smishing-Dataset-IMC25; scam_category=banking; strict-clean approved gathered smishing row.,dear customer your hdfc net banking account will be blocked today please update,,1,true,Smishing-Dataset-IMC25,smishing,Dear Customer your HDFC NET-BANKING Account Will be Blocked Today Please Update,Dear Customer your HDFC NET-BANKING Account Will be Blocked Today Please Update,True,original_unredacted,cleaned_from_raw,False,found_in_source_archive,Selected gathered final `message_raw` as the least-redacted available text.,excluded_duplicate_raw_available,,gathered_imc25_english_smish_07532,False,duplicate_against_raw_required_dataset
gathered_imc25_english_smish_07565,Smishing-Dataset-IMC25,Gathered approved smishing 7k,gathered_approved_smishing,imc25_english_smish_07565,From <EMAIL_ADDRESS> to <EMAIL_ADDRESS> Please be advised that due to REPUBLIC ACT NO. <OTP>. We need to confirm your mobile number to LANDBANK access. We are hoping for your cooperation for us to make your account secure and safe on our end.,smishing_corpus_row,smishing,accepted,approved,false,false,false,data\final\approved_smishing_messages.csv,original_source=Smishing-Dataset-IMC25; scam_category=banking; strict-clean approved gathered smishing row.,from <email address> to <email address> please be advised that due to republic act no <otp> we need to confirm your mobile number to landbank access we are hoping for your cooperation for us to make your account secure and safe on our end,,1,true,Smishing-Dataset-IMC25,smishing,From <EMAIL_ADDRESS> to <EMAIL_ADDRESS> Please be advised that due to REPUBLIC ACT NO. 11934. We need to confirm your mobile number to LANDBANK access. We are hoping for your cooperation for us to make your account secure and safe on our end.,From <EMAIL_ADDRESS> to <EMAIL_ADDRESS> Please be advised that due to REPUBLIC ACT NO. 11934. We need to confirm your mobile number to LANDBANK access. We are hoping for your cooperation for us to make your account secure and safe on our end.,True,original_unredacted,cleaned_from_raw,False,found_in_source_archive,Selected gathered final `message_raw` as the least-redacted available text.,excluded_duplicate_raw_available,,gathered_imc25_english_smish_07565,False,duplicate_against_raw_required_dataset
gathered_imc25_english_smish_07624,Smishing-Dataset-IMC25,Gathered approved smishing 7k,gathered_approved_smishing,imc25_english_smish_07624,"""INSTANT CASH"" Swipe your *Credit Card @ 2% Get Spot *Credit To your Account Immediately No add on charges Call us @",smishing_corpus_row,smishing,accepted,approved,false,false,false,data\final\approved_smishing_messages.csv,original_source=Smishing-Dataset-IMC25; scam_category=spam; strict-clean approved gathered smishing row.,instant cash swipe your credit card 2 get spot credit to your account immediately no add on charges call us,,1,true,Smishing-Dataset-IMC25,smishing,"""INSTANT CASH"" Swipe your *Credit Card @ 2% Get Spot *Credit To your Account Immediately No add on charges Call us @","""INSTANT CASH"" Swipe your *Credit Card @ 2% Get Spot *Credit To your Account Immediately No add on charges Call us @",True,original_unredacted,cleaned_from_raw,False,found_in_source_archive,Selected gathered final `message_raw` as the least-redacted available text.,excluded_duplicate_raw_available,,gathered_imc25_english_smish_07624,False,duplicate_against_raw_required_dataset
gathered_imc25_english_smish_07644,Smishing-Dataset-IMC25,Gathered approved smishing 7k,gathered_approved_smishing,imc25_english_smish_07644,Dear HDFC User Your HDFC NetBanking has been blocked. Please update your PAN card number immediately. click here -,smishing_corpus_row,smishing,accepted,approved,false,false,false,data\final\approved_smishing_messages.csv,original_source=Smishing-Dataset-IMC25; scam_category=banking; strict-clean approved gathered smishing row.,dear hdfc user your hdfc netbanking has been blocked please update your pan card number immediately click here,,1,true,Smishing-Dataset-IMC25,smishing,Dear HDFC User Your HDFC NetBanking has been blocked. Please update your PAN card number immediately. click here -,Dear HDFC User Your HDFC NetBanking has been blocked. Please update your PAN card number immediately. click here -,True,original_unredacted,cleaned_from_raw,False,found_in_source_archive,Selected gathered final `message_raw` as the least-redacted available text.,excluded_duplicate_raw_available,,gathered_imc25_english_smish_07644,False,duplicate_against_raw_required_dataset
gathered_imc25_english_smish_07652,Smishing-Dataset-IMC25,Gathered approved smishing 7k,gathered_approved_smishing,imc25_english_smish_07652,Dear HDFC Customer Your HDFC Account has been Blocked Due to KYC please Update Pan-Card by link,smishing_corpus_row,smishing,accepted,approved,false,false,false,data\final\approved_smishing_messages.csv,original_source=Smishing-Dataset-IMC25; scam_category=banking; strict-clean approved gathered smishing row.,dear hdfc customer your hdfc account has been blocked due to kyc please update pan card by link,,1,true,Smishing-Dataset-IMC25,smishing,Dear HDFC Customer Your HDFC Account has been Blocked Due to KYC please Update Pan-Card by link,Dear HDFC Customer Your HDFC Account has been Blocked Due to KYC please Update Pan-Card by link,True,original_unredacted,cleaned_from_raw,False,found_in_source_archive,Selected gathered final `message_raw` as the least-redacted available text.,excluded_duplicate_raw_available,,gathered_imc25_english_smish_07652,False,duplicate_against_raw_required_dataset
gathered_imc25_english_smish_07721,Smishing-Dataset-IMC25,Gathered approved smishing 7k,gathered_approved_smishing,imc25_english_smish_07721,Dear Customer your H.D.F.C NET BANKING! Account Will be Suspended! Today Please Update Your PAN CARD Click here to link,smishing_corpus_row,smishing,accepted,approved,false,false,false,data\final\approved_smishing_messages.csv,original_source=Smishing-Dataset-IMC25; scam_category=banking; strict-clean approved gathered smishing row.,dear customer your h d f c net banking account will be suspended today please update your pan card click here to link,,1,true,Smishing-Dataset-IMC25,smishing,Dear Customer your H.D.F.C NET BANKING! Account Will be Suspended! Today Please Update Your PAN CARD Click here to link,Dear Customer your H.D.F.C NET BANKING! Account Will be Suspended! Today Please Update Your PAN CARD Click here to link,True,original_unredacted,cleaned_from_raw,False,found_in_source_archive,Selected gathered final `message_raw` as the least-redacted available text.,excluded_duplicate_raw_available,,gathered_imc25_english_smish_07721,False,duplicate_against_raw_required_dataset
gathered_imc25_english_smish_07725,Smishing-Dataset-IMC25,Gathered approved smishing 7k,gathered_approved_smishing,imc25_english_smish_07725,Sorry we could not complete your request to update the phone number linked to your <LOCATION> account. Please call customer care @<US_BANK_NUMBER>,smishing_corpus_row,smishing,accepted,approved,false,false,false,data\final\approved_smishing_messages.csv,original_source=Smishing-Dataset-IMC25; scam_category=banking; strict-clean approved gathered smishing row.,sorry we could not complete your request to update the phone number linked to your <location> account please call customer care <us bank number>,,1,true,Smishing-Dataset-IMC25,smishing,Sorry we could not complete your request to update the phone number linked to your <LOCATION> account. Please call customer care @<US_BANK_NUMBER>,Sorry we could not complete your request to update the phone number linked to your <LOCATION> account. Please call customer care @<US_BANK_NUMBER>,True,original_unredacted,cleaned_from_raw,False,found_in_source_archive,Selected gathered final `message_raw` as the least-redacted available text.,excluded_duplicate_raw_available,,gathered_imc25_english_smish_07725,False,duplicate_against_raw_required_dataset
gathered_imc25_english_smish_07735,Smishing-Dataset-IMC25,Gathered approved smishing 7k,gathered_approved_smishing,imc25_english_smish_07735,Dear Account Holder As per your request for HDFC Bank Imperia Premium Banking programme please click here to share your consent - TnC,smishing_corpus_row,smishing,accepted,approved,false,false,false,data\final\approved_smishing_messages.csv,original_source=Smishing-Dataset-IMC25; scam_category=banking; strict-clean approved gathered smishing row.,dear account holder as per your request for hdfc bank imperia premium banking programme please click here to share your consent tnc,,1,true,Smishing-Dataset-IMC25,smishing,Dear Account Holder As per your request for HDFC Bank Imperia Premium Banking programme please click here to share your consent - TnC,Dear Account Holder As per your request for HDFC Bank Imperia Premium Banking programme please click here to share your consent - TnC,True,original_unredacted,cleaned_from_raw,False,found_in_source_archive,Selected gathered final `message_raw` as the least-redacted available text.,excluded_duplicate_raw_available,,gathered_imc25_english_smish_07735,False,duplicate_against_raw_required_dataset
gathered_imc25_english_smish_07750,Smishing-Dataset-IMC25,Gathered approved smishing 7k,gathered_approved_smishing,imc25_english_smish_07750,Dear customer Your HDFC BANK account has been blocked. Please update your KYC in click,smishing_corpus_row,smishing,accepted,approved,false,false,false,data\final\approved_smishing_messages.csv,original_source=Smishing-Dataset-IMC25; scam_category=banking; strict-clean approved gathered smishing row.,dear customer your hdfc bank account has been blocked please update your kyc in click,,1,true,Smishing-Dataset-IMC25,smishing,Dear customer Your HDFC BANK account has been blocked. Please update your KYC in click,Dear customer Your HDFC BANK account has been blocked. Please update your KYC in click,True,original_unredacted,cleaned_from_raw,False,found_in_source_archive,Selected gathered final `message_raw` as the least-redacted available text.,excluded_duplicate_raw_available,,gathered_imc25_english_smish_07750,False,duplicate_against_raw_required_dataset
gathered_imc25_english_smish_07776,Smishing-Dataset-IMC25,Gathered approved smishing 7k,gathered_approved_smishing,imc25_english_smish_07776,Dear Customer your HDFC Netbanking Account will be blocked .Today please Update your PAN Please visit the link,smishing_corpus_row,smishing,accepted,approved,false,false,false,data\final\approved_smishing_messages.csv,original_source=Smishing-Dataset-IMC25; scam_category=banking; strict-clean approved gathered smishing row.,dear customer your hdfc netbanking account will be blocked today please update your pan please visit the link,,1,true,Smishing-Dataset-IMC25,smishing,Dear Customer your HDFC Netbanking Account will be blocked .Today please Update your PAN Please visit the link,Dear Customer your HDFC Netbanking Account will be blocked .Today please Update your PAN Please visit the link,True,original_unredacted,cleaned_from_raw,False,found_in_source_archive,Selected gathered final `message_raw` as the least-redacted available text.,excluded_duplicate_raw_available,,gathered_imc25_english_smish_07776,False,duplicate_against_raw_required_dataset
gathered_imc25_english_smish_07793,Smishing-Dataset-IMC25,Gathered approved smishing 7k,gathered_approved_smishing,imc25_english_smish_07793,Dear customer Your HDFC BANK account has been blocked. Please update your KYC in click here link -,smishing_corpus_row,smishing,accepted,approved,false,false,false,data\final\approved_smishing_messages.csv,original_source=Smishing-Dataset-IMC25; scam_category=banking; strict-clean approved gathered smishing row.,dear customer your hdfc bank account has been blocked please update your kyc in click here link,,1,true,Smishing-Dataset-IMC25,smishing,Dear customer Your HDFC BANK account has been blocked. Please update your KYC in click here link -,Dear customer Your HDFC BANK account has been blocked. Please update your KYC in click here link -,True,original_unredacted,cleaned_from_raw,False,found_in_source_archive,Selected gathered final `message_raw` as the least-redacted available text.,excluded_duplicate_raw_available,,gathered_imc25_english_smish_07793,False,duplicate_against_raw_required_dataset
gathered_imc25_english_smish_07820,Smishing-Dataset-IMC25,Gathered approved smishing 7k,gathered_approved_smishing,imc25_english_smish_07820,Unusual Activity in your Apple-ID. Update your Account to protect your personal information.,smishing_corpus_row,smishing,accepted,approved,false,false,false,data\final\approved_smishing_messages.csv,original_source=Smishing-Dataset-IMC25; scam_category=others; strict-clean approved gathered smishing row.,unusual activity in your apple id update your account to protect your personal information,,1,true,Smishing-Dataset-IMC25,smishing,Unusual Activity in your Apple-ID. Update your Account to protect your personal information.,Unusual Activity in your Apple-ID. Update your Account to protect your personal information.,True,original_unredacted,cleaned_from_raw,False,found_in_source_archive,Selected gathered final `message_raw` as the least-redacted available text.,excluded_duplicate_raw_available,,gathered_imc25_english_smish_07820,False,duplicate_against_raw_required_dataset
gathered_imc25_english_smish_07822,Smishing-Dataset-IMC25,Gathered approved smishing 7k,gathered_approved_smishing,imc25_english_smish_07822,Dear customer Your SBI BANK account has been blocked. Please update your KYC in cl...,smishing_corpus_row,smishing,accepted,approved,false,false,false,data\final\approved_smishing_messages.csv,original_source=Smishing-Dataset-IMC25; scam_category=banking; strict-clean approved gathered smishing row.,dear customer your sbi bank account has been blocked please update your kyc in cl,,1,true,Smishing-Dataset-IMC25,smishing,Dear customer Your SBI BANK account has been blocked. Please update your KYC in cl...,Dear customer Your SBI BANK account has been blocked. Please update your KYC in cl...,True,original_unredacted,cleaned_from_raw,False,found_in_source_archive,Selected gathered final `message_raw` as the least-redacted available text.,excluded_duplicate_raw_available,,gathered_imc25_english_smish_07822,False,duplicate_against_raw_required_dataset
gathered_imc25_english_smish_07824,Smishing-Dataset-IMC25,Gathered approved smishing 7k,gathered_approved_smishing,imc25_english_smish_07824,Dear Customer\nYour SBI Yono Account is disabled.\nPlease click the link to update your PAN Number.\nLink,smishing_corpus_row,smishing,accepted,approved,false,false,false,data\final\approved_smishing_messages.csv,original_source=Smishing-Dataset-IMC25; scam_category=banking; strict-clean approved gathered smishing row.,dear customer nyour sbi yono account is disabled nplease click the link to update your pan number nlink,,1,true,Smishing-Dataset-IMC25,smishing,Dear Customer\nYour SBI Yono Account is disabled.\nPlease click the link to update your PAN Number.\nLink,Dear Customer\nYour SBI Yono Account is disabled.\nPlease click the link to update your PAN Number.\nLink,True,original_unredacted,cleaned_from_raw,False,found_in_source_archive,Selected gathered final `message_raw` as the least-redacted available text.,excluded_duplicate_raw_available,,gathered_imc25_english_smish_07824,False,duplicate_against_raw_required_dataset
gathered_imc25_english_smish_07830,Smishing-Dataset-IMC25,Gathered approved smishing 7k,gathered_approved_smishing,imc25_english_smish_07830,Hi SBI Customer. Your account is temporarily locked due to suspicious activity. Please click [url removed] and follow the instructions. RADHT,smishing_corpus_row,smishing,accepted,approved,false,false,false,data\final\approved_smishing_messages.csv,original_source=Smishing-Dataset-IMC25; scam_category=banking; strict-clean approved gathered smishing row.,hi sbi customer your account is temporarily locked due to suspicious activity please click url removed and follow the instructions radht,,1,true,Smishing-Dataset-IMC25,smishing,Hi SBI Customer. Your account is temporarily locked due to suspicious activity. Please click [url removed] and follow the instructions. RADHT,Hi SBI Customer. Your account is temporarily locked due to suspicious activity. Please click [url removed] and follow the instructions. RADHT,True,original_unredacted,cleaned_from_raw,False,found_in_source_archive,Selected gathered final `message_raw` as the least-redacted available text.,excluded_duplicate_raw_available,,gathered_imc25_english_smish_07830,False,duplicate_against_raw_required_dataset
gathered_imc25_english_smish_07849,Smishing-Dataset-IMC25,Gathered approved smishing 7k,gathered_approved_smishing,imc25_english_smish_07849,Dear HDFC user Your HDFC NetBanking Account will be blocked Today Please click on...,smishing_corpus_row,smishing,accepted,approved,false,false,false,data\final\approved_smishing_messages.csv,original_source=Smishing-Dataset-IMC25; scam_category=banking; strict-clean approved gathered smishing row.,dear hdfc user your hdfc netbanking account will be blocked today please click on,,1,true,Smishing-Dataset-IMC25,smishing,Dear HDFC user Your HDFC NetBanking Account will be blocked Today Please click on...,Dear HDFC user Your HDFC NetBanking Account will be blocked Today Please click on...,True,original_unredacted,cleaned_from_raw,False,found_in_source_archive,Selected gathered final `message_raw` as the least-redacted available text.,excluded_duplicate_raw_available,,gathered_imc25_english_smish_07849,False,duplicate_against_raw_required_dataset
gathered_imc25_english_smish_07853,Smishing-Dataset-IMC25,Gathered approved smishing 7k,gathered_approved_smishing,imc25_english_smish_07853,Pay_Fast: A payment was sent to you via PayFast ZA. Follow <URL>,smishing_corpus_row,smishing,accepted,approved,false,false,false,data\final\approved_smishing_messages.csv,original_source=Smishing-Dataset-IMC25; scam_category=banking; strict-clean approved gathered smishing row.,pay fast a payment was sent to you via payfast za follow <url>,,1,true,Smishing-Dataset-IMC25,smishing,Pay_Fast: A payment was sent to you via PayFast ZA. Follow https://...,Pay_Fast: A payment was sent to you via PayFast ZA. Follow <URL>,True,original_unredacted,cleaned_from_raw,False,found_in_source_archive,Selected gathered final `message_raw` as the least-redacted available text.,excluded_duplicate_raw_available,,gathered_imc25_english_smish_07853,False,duplicate_against_raw_required_dataset
gathered_imc25_english_smish_07855,Smishing-Dataset-IMC25,Gathered approved smishing 7k,gathered_approved_smishing,imc25_english_smish_07855,Pay_Fast: A payment was sent from PayFast follow the link http...,smishing_corpus_row,smishing,accepted,approved,false,false,false,data\final\approved_smishing_messages.csv,original_source=Smishing-Dataset-IMC25; scam_category=banking; strict-clean approved gathered smishing row.,pay fast a payment was sent from payfast follow the link http,,1,true,Smishing-Dataset-IMC25,smishing,Pay_Fast: A payment was sent from PayFast follow the link http...,Pay_Fast: A payment was sent from PayFast follow the link http...,True,original_unredacted,cleaned_from_raw,False,found_in_source_archive,Selected gathered final `message_raw` as the least-redacted available text.,excluded_duplicate_raw_available,,gathered_imc25_english_smish_07855,False,duplicate_against_raw_required_dataset
gathered_imc25_english_smish_07904,Smishing-Dataset-IMC25,Gathered approved smishing 7k,gathered_approved_smishing,imc25_english_smish_07904,our package cannot be delivered due to a missing address you can update your address online and request a new delivery,smishing_corpus_row,smishing,accepted,approved,false,false,false,data\final\approved_smishing_messages.csv,original_source=Smishing-Dataset-IMC25; scam_category=delivery; strict-clean approved gathered smishing row.,our package cannot be delivered due to a missing address you can update your address online and request a new delivery,,1,true,Smishing-Dataset-IMC25,smishing,our package cannot be delivered due to a missing address you can update your address online and request a new delivery,our package cannot be delivered due to a missing address you can update your address online and request a new delivery,True,original_unredacted,cleaned_from_raw,False,found_in_source_archive,Selected gathered final `message_raw` as the least-redacted available text.,excluded_duplicate_raw_available,,gathered_imc25_english_smish_07904,False,duplicate_against_raw_required_dataset
gathered_imc25_english_smish_07958,Smishing-Dataset-IMC25,Gathered approved smishing 7k,gathered_approved_smishing,imc25_english_smish_07958,Dear customer your YONO SBI account will be block. Please update...,smishing_corpus_row,smishing,accepted,approved,false,false,false,data\final\approved_smishing_messages.csv,original_source=Smishing-Dataset-IMC25; scam_category=banking; strict-clean approved gathered smishing row.,dear customer your yono sbi account will be block please update,,1,true,Smishing-Dataset-IMC25,smishing,Dear customer your YONO SBI account will be block. Please update...,Dear customer your YONO SBI account will be block. Please update...,True,original_unredacted,cleaned_from_raw,False,found_in_source_archive,Selected gathered final `message_raw` as the least-redacted available text.,excluded_duplicate_raw_available,,gathered_imc25_english_smish_07958,False,duplicate_against_raw_required_dataset
gathered_imc25_english_smish_07980,Smishing-Dataset-IMC25,Gathered approved smishing 7k,gathered_approved_smishing,imc25_english_smish_07980,"Your <LOCATION> online banking has been suspended due to security verifications, sign in below to verify your profile :",smishing_corpus_row,smishing,accepted,approved,false,false,false,data\final\approved_smishing_messages.csv,original_source=Smishing-Dataset-IMC25; scam_category=banking; strict-clean approved gathered smishing row.,your <location> online banking has been suspended due to security verifications sign in below to verify your profile,,1,true,Smishing-Dataset-IMC25,smishing,"Your <LOCATION> online banking has been suspended due to security verifications, sign in below to verify your profile :","Your <LOCATION> online banking has been suspended due to security verifications, sign in below to verify your profile:",True,original_unredacted,cleaned_from_raw,False,found_in_source_archive,Selected gathered final `message_raw` as the least-redacted available text.,excluded_duplicate_raw_available,,gathered_imc25_english_smish_07980,False,duplicate_against_raw_required_dataset
gathered_imc25_english_smish_07984,Smishing-Dataset-IMC25,Gathered approved smishing 7k,gathered_approved_smishing,imc25_english_smish_07984,We have identified an unusual login attempt on your online banking. Log in via the secure link to avoid account suspension.,smishing_corpus_row,smishing,accepted,approved,false,false,false,data\final\approved_smishing_messages.csv,original_source=Smishing-Dataset-IMC25; scam_category=banking; strict-clean approved gathered smishing row.,we have identified an unusual login attempt on your online banking log in via the secure link to avoid account suspension,,1,true,Smishing-Dataset-IMC25,smishing,We have identified an unusual login attempt on your online banking. Log in via the secure link to avoid account suspension.,We have identified an unusual login attempt on your online banking. Log in via the secure link to avoid account suspension.,True,original_unredacted,cleaned_from_raw,False,found_in_source_archive,Selected gathered final `message_raw` as the least-redacted available text.,excluded_duplicate_raw_available,,gathered_imc25_english_smish_07984,False,duplicate_against_raw_required_dataset
gathered_imc25_english_smish_07985,Smishing-Dataset-IMC25,Gathered approved smishing 7k,gathered_approved_smishing,imc25_english_smish_07985,We have identified some unusual activity on your Online Banking. Log In via the secure link <URL> to avoid account suspension.,smishing_corpus_row,smishing,accepted,approved,false,false,false,data\final\approved_smishing_messages.csv,original_source=Smishing-Dataset-IMC25; scam_category=banking; strict-clean approved gathered smishing row.,we have identified some unusual activity on your online banking log in via the secure link <url> to avoid account suspension,,1,true,Smishing-Dataset-IMC25,smishing,We have identified some unusual activity on your Online Banking. Log In via the secure link http://<IP_ADDRESS>/personal to avoid account suspension.,We have identified some unusual activity on your Online Banking. Log In via the secure link http://<IP_ADDRESS>/personal to avoid account suspension.,True,original_unredacted,cleaned_from_raw,False,found_in_source_archive,Selected gathered final `message_raw` as the least-redacted available text.,excluded_duplicate_raw_available,,gathered_imc25_english_smish_07985,False,duplicate_against_raw_required_dataset
gathered_imc25_english_smish_07990,Smishing-Dataset-IMC25,Gathered approved smishing 7k,gathered_approved_smishing,imc25_english_smish_07990,"Commonwealth Bank Alert: Dear customer, You're required to verify your personal information to avoid restriction being placed on your account. Please follow the link to update your details.",smishing_corpus_row,smishing,accepted,approved,false,false,false,data\final\approved_smishing_messages.csv,original_source=Smishing-Dataset-IMC25; scam_category=banking; strict-clean approved gathered smishing row.,commonwealth bank alert dear customer you re required to verify your personal information to avoid restriction being placed on your account please follow the link to update your details,,1,true,Smishing-Dataset-IMC25,smishing,"Commonwealth Bank Alert: Dear customer, You're required to verify your personal information to avoid restriction being placed on your account. Please follow the link to update your details.","Commonwealth Bank Alert: Dear customer, You're required to verify your personal information to avoid restriction being placed on your account. Please follow the link to update your details.",True,original_unredacted,cleaned_from_raw,False,found_in_source_archive,Selected gathered final `message_raw` as the least-redacted available text.,excluded_duplicate_raw_available,,gathered_imc25_english_smish_07990,False,duplicate_against_raw_required_dataset
gathered_imc25_english_smish_07999,Smishing-Dataset-IMC25,Gathered approved smishing 7k,gathered_approved_smishing,imc25_english_smish_07999,"Your <LOCATION> bank account has been suspended due to security verifications, sign in below to verify your profile :",smishing_corpus_row,smishing,accepted,approved,false,false,false,data\final\approved_smishing_messages.csv,original_source=Smishing-Dataset-IMC25; scam_category=banking; strict-clean approved gathered smishing row.,your <location> bank account has been suspended due to security verifications sign in below to verify your profile,,1,true,Smishing-Dataset-IMC25,smishing,"Your <LOCATION> bank account has been suspended due to security verifications, sign in below to verify your profile :","Your <LOCATION> bank account has been suspended due to security verifications, sign in below to verify your profile:",True,original_unredacted,cleaned_from_raw,False,found_in_source_archive,Selected gathered final `message_raw` as the least-redacted available text.,excluded_duplicate_raw_available,,gathered_imc25_english_smish_07999,False,duplicate_against_raw_required_dataset
gathered_imc25_english_smish_08001,Smishing-Dataset-IMC25,Gathered approved smishing 7k,gathered_approved_smishing,imc25_english_smish_08001,"DEAR CUSTOMER,CBN OF NIGERIA HAS BLOCKED YOUR ATM DEBIT CARD due TO YOUR INCOMPLETE BVN REGISTRATION CALL OUR CUSTOMER CARE ON <US_BANK_NUMBER>",smishing_corpus_row,smishing,accepted,approved,false,false,false,data\final\approved_smishing_messages.csv,original_source=Smishing-Dataset-IMC25; scam_category=banking; strict-clean approved gathered smishing row.,dear customer cbn of nigeria has blocked your atm debit card due to your incomplete bvn registration call our customer care on <us bank number>,,1,true,Smishing-Dataset-IMC25,smishing,"DEAR CUSTOMER,CBN OF NIGERIA HAS BLOCKED YOUR ATM DEBIT CARD due TO YOUR INCOMPLETE BVN REGISTRATION CALL OUR CUSTOMER CARE ON <US_BANK_NUMBER>","DEAR CUSTOMER,CBN OF NIGERIA HAS BLOCKED YOUR ATM DEBIT CARD due TO YOUR INCOMPLETE BVN REGISTRATION CALL OUR CUSTOMER CARE ON <US_BANK_NUMBER>",True,original_unredacted,cleaned_from_raw,False,found_in_source_archive,Selected gathered final `message_raw` as the least-redacted available text.,excluded_duplicate_raw_available,,gathered_imc25_english_smish_08001,False,duplicate_against_raw_required_dataset
gathered_imc25_english_smish_08006,Smishing-Dataset-IMC25,Gathered approved smishing 7k,gathered_approved_smishing,imc25_english_smish_08006,<LOCATION>: Unusual device has been detected. We've temporarily locked your account. Verify now,smishing_corpus_row,smishing,accepted,approved,false,false,false,data\final\approved_smishing_messages.csv,original_source=Smishing-Dataset-IMC25; scam_category=banking; strict-clean approved gathered smishing row.,<location> unusual device has been detected we ve temporarily locked your account verify now,,1,true,Smishing-Dataset-IMC25,smishing,<LOCATION>: Unusual device has been detected. We've temporarily locked your account. Verify now,<LOCATION>: Unusual device has been detected. We've temporarily locked your account. Verify now,True,original_unredacted,cleaned_from_raw,False,found_in_source_archive,Selected gathered final `message_raw` as the least-redacted available text.,excluded_duplicate_raw_available,,gathered_imc25_english_smish_08006,False,duplicate_against_raw_required_dataset
gathered_imc25_english_smish_08010,Smishing-Dataset-IMC25,Gathered approved smishing 7k,gathered_approved_smishing,imc25_english_smish_08010,"CommBank Update:Dear Customer, We recommend you verify and reconfirm accurately your login details and Personal Verification Questions, and answers for an update. It's important that you complete both section 1 & 2 Click link below.",smishing_corpus_row,smishing,accepted,approved,false,false,false,data\final\approved_smishing_messages.csv,original_source=Smishing-Dataset-IMC25; scam_category=banking; strict-clean approved gathered smishing row.,commbank update dear customer we recommend you verify and reconfirm accurately your login details and personal verification questions and answers for an update it s important that you complete both section 1 2 click link below,,1,true,Smishing-Dataset-IMC25,smishing,"CommBank Update:Dear Customer,
We recommend you verify and reconfirm accurately your login details and Personal Verification Questions, and answers for an update. It's important that you complete both section 1 & 2 Click link below.","CommBank Update:Dear Customer, We recommend you verify and reconfirm accurately your login details and Personal Verification Questions, and answers for an update. It's important that you complete both section 1 & 2 Click link below.",True,original_unredacted,cleaned_from_raw,False,found_in_source_archive,Selected gathered final `message_raw` as the least-redacted available text.,excluded_duplicate_raw_available,,gathered_imc25_english_smish_08010,False,duplicate_against_raw_required_dataset
gathered_imc25_english_smish_08011,Smishing-Dataset-IMC25,Gathered approved smishing 7k,gathered_approved_smishing,imc25_english_smish_08011,"(RBS) System detected unusual login attempts on your account. Please verify account to avoid suspension, visit the secure link.",smishing_corpus_row,smishing,accepted,approved,false,false,false,data\final\approved_smishing_messages.csv,original_source=Smishing-Dataset-IMC25; scam_category=banking; strict-clean approved gathered smishing row.,rbs system detected unusual login attempts on your account please verify account to avoid suspension visit the secure link,,1,true,Smishing-Dataset-IMC25,smishing,"(RBS) System detected unusual login attempts on your account. Please verify account to avoid suspension, visit the secure link.","(RBS) System detected unusual login attempts on your account. Please verify account to avoid suspension, visit the secure link.",True,original_unredacted,cleaned_from_raw,False,found_in_source_archive,Selected gathered final `message_raw` as the least-redacted available text.,excluded_duplicate_raw_available,,gathered_imc25_english_smish_08011,False,duplicate_against_raw_required_dataset
gathered_imc25_english_smish_08014,Smishing-Dataset-IMC25,Gathered approved smishing 7k,gathered_approved_smishing,imc25_english_smish_08014,Your <LOCATION> account has been suspended. Click here for re-verify your data: <IP_ADDRESS>,smishing_corpus_row,smishing,accepted,approved,false,false,false,data\final\approved_smishing_messages.csv,original_source=Smishing-Dataset-IMC25; scam_category=banking; strict-clean approved gathered smishing row.,your <location> account has been suspended click here for re verify your data <ip address>,,1,true,Smishing-Dataset-IMC25,smishing,Your <LOCATION> account has been suspended. Click here for re-verify your data: <IP_ADDRESS>,Your <LOCATION> account has been suspended. Click here for re-verify your data: <IP_ADDRESS>,True,original_unredacted,cleaned_from_raw,False,found_in_source_archive,Selected gathered final `message_raw` as the least-redacted available text.,excluded_duplicate_raw_available,,gathered_imc25_english_smish_08014,False,duplicate_against_raw_required_dataset
gathered_imc25_english_smish_08015,Smishing-Dataset-IMC25,Gathered approved smishing 7k,gathered_approved_smishing,imc25_english_smish_08015,"Update:Dear ANZ Customer, We recommend you update your Online Banking details and reconfirm (PVQ) Personal Verification Questions and answer you have in file with us. Click link below.",smishing_corpus_row,smishing,accepted,approved,false,false,false,data\final\approved_smishing_messages.csv,original_source=Smishing-Dataset-IMC25; scam_category=banking; strict-clean approved gathered smishing row.,update dear anz customer we recommend you update your online banking details and reconfirm pvq personal verification questions and answer you have in file with us click link below,,1,true,Smishing-Dataset-IMC25,smishing,"Update:Dear ANZ Customer, We recommend you update your Online Banking details and reconfirm (PVQ) Personal Verification Questions and answer you have in file with us. Click link below.","Update:Dear ANZ Customer, We recommend you update your Online Banking details and reconfirm (PVQ) Personal Verification Questions and answer you have in file with us. Click link below.",True,original_unredacted,cleaned_from_raw,False,found_in_source_archive,Selected gathered final `message_raw` as the least-redacted available text.,excluded_duplicate_raw_available,,gathered_imc25_english_smish_08015,False,duplicate_against_raw_required_dataset
gathered_imc25_english_smish_08019,Smishing-Dataset-IMC25,Gathered approved smishing 7k,gathered_approved_smishing,imc25_english_smish_08019,Our security team have tried to contact you regarding your online account. Login via the secure link <URL> to avoid account suspension.,smishing_corpus_row,smishing,accepted,approved,false,false,false,data\final\approved_smishing_messages.csv,original_source=Smishing-Dataset-IMC25; scam_category=banking; strict-clean approved gathered smishing row.,our security team have tried to contact you regarding your online account login via the secure link <url> to avoid account suspension,,1,true,Smishing-Dataset-IMC25,smishing,Our security team have tried to contact you regarding your online account. Login via the secure link http://<IP_ADDRESS>/personal to avoid account suspension.,Our security team have tried to contact you regarding your online account. Login via the secure link http://<IP_ADDRESS>/personal to avoid account suspension.,True,original_unredacted,cleaned_from_raw,False,found_in_source_archive,Selected gathered final `message_raw` as the least-redacted available text.,excluded_duplicate_raw_available,,gathered_imc25_english_smish_08019,False,duplicate_against_raw_required_dataset
gathered_imc25_english_smish_08021,Smishing-Dataset-IMC25,Gathered approved smishing 7k,gathered_approved_smishing,imc25_english_smish_08021,There was an error processing your credit card: a duplicate transaction of AUD 441.58 has been submitted. Unauthorised? Click here,smishing_corpus_row,smishing,accepted,approved,false,false,false,data\final\approved_smishing_messages.csv,original_source=Smishing-Dataset-IMC25; scam_category=banking; strict-clean approved gathered smishing row.,there was an error processing your credit card a duplicate transaction of aud <num> 58 has been submitted unauthorised click here,,1,true,Smishing-Dataset-IMC25,smishing,There was an error processing your credit card: a duplicate transaction of AUD 441.58 has been submitted. Unauthorised? Click here,There was an error processing your credit card: a duplicate transaction of AUD 441.58 has been submitted. Unauthorised? Click here,True,original_unredacted,cleaned_from_raw,False,found_in_source_archive,Selected gathered final `message_raw` as the least-redacted available text.,excluded_duplicate_raw_available,,gathered_imc25_english_smish_08021,False,duplicate_against_raw_required_dataset
gathered_imc25_english_smish_08024,Smishing-Dataset-IMC25,Gathered approved smishing 7k,gathered_approved_smishing,imc25_english_smish_08024,"We temporarily suspended your BMO account for security issues, follow the link below to confirm your identity",smishing_corpus_row,smishing,accepted,approved,false,false,false,data\final\approved_smishing_messages.csv,original_source=Smishing-Dataset-IMC25; scam_category=banking; strict-clean approved gathered smishing row.,we temporarily suspended your bmo account for security issues follow the link below to confirm your identity,,1,true,Smishing-Dataset-IMC25,smishing,"We temporarily suspended your BMO account for security issues, follow the link below to confirm your identity","We temporarily suspended your BMO account for security issues, follow the link below to confirm your identity",True,original_unredacted,cleaned_from_raw,False,found_in_source_archive,Selected gathered final `message_raw` as the least-redacted available text.,excluded_duplicate_raw_available,,gathered_imc25_english_smish_08024,False,duplicate_against_raw_required_dataset
gathered_imc25_english_smish_08039,Smishing-Dataset-IMC25,Gathered approved smishing 7k,gathered_approved_smishing,imc25_english_smish_08039,Your BOI online access has been locked for security reasons. Confirm your details below,smishing_corpus_row,smishing,accepted,approved,false,false,false,data\final\approved_smishing_messages.csv,original_source=Smishing-Dataset-IMC25; scam_category=banking; strict-clean approved gathered smishing row.,your boi online access has been locked for security reasons confirm your details below,,1,true,Smishing-Dataset-IMC25,smishing,Your BOI online access has been locked for security reasons. Confirm your details below,Your BOI online access has been locked for security reasons. Confirm your details below,True,original_unredacted,cleaned_from_raw,False,found_in_source_archive,Selected gathered final `message_raw` as the least-redacted available text.,excluded_duplicate_raw_available,,gathered_imc25_english_smish_08039,False,duplicate_against_raw_required_dataset
gathered_imc25_english_smish_08043,Smishing-Dataset-IMC25,Gathered approved smishing 7k,gathered_approved_smishing,imc25_english_smish_08043,We regret to inform you that your NAB card is now locked. To unlock please update security details at,smishing_corpus_row,smishing,accepted,approved,false,false,false,data\final\approved_smishing_messages.csv,original_source=Smishing-Dataset-IMC25; scam_category=banking; strict-clean approved gathered smishing row.,we regret to inform you that your nab card is now locked to unlock please update security details at,,1,true,Smishing-Dataset-IMC25,smishing,We regret to inform you that your NAB card is now locked. To unlock please update security details at,We regret to inform you that your NAB card is now locked. To unlock please update security details at,True,original_unredacted,cleaned_from_raw,False,found_in_source_archive,Selected gathered final `message_raw` as the least-redacted available text.,excluded_duplicate_raw_available,,gathered_imc25_english_smish_08043,False,duplicate_against_raw_required_dataset
gathered_imc25_english_smish_08047,Smishing-Dataset-IMC25,Gathered approved smishing 7k,gathered_approved_smishing,imc25_english_smish_08047,"Dear zebpay customer, your sell bitcoin order #<OTP> of 1,000.00 INR is processed If you don't wish to receive SMS from this senderID click on the link",smishing_corpus_row,smishing,accepted,approved,false,false,false,data\final\approved_smishing_messages.csv,original_source=Smishing-Dataset-IMC25; scam_category=banking; strict-clean approved gathered smishing row.,dear zebpay customer your sell bitcoin order <otp> of 1 <num> 00 inr is processed if you don t wish to receive sms from this senderid click on the link,,1,true,Smishing-Dataset-IMC25,smishing,"Dear zebpay customer, your sell bitcoin order #24440 of 1,000.00 INR is processed
If you don't wish to receive SMS from this senderID click on the link","Dear zebpay customer, your sell bitcoin order #24440 of 1,000.00 INR is processed If you don't wish to receive SMS from this senderID click on the link",True,original_unredacted,cleaned_from_raw,False,found_in_source_archive,Selected gathered final `message_raw` as the least-redacted available text.,excluded_duplicate_raw_available,,gathered_imc25_english_smish_08047,False,duplicate_against_raw_required_dataset
gathered_imc25_english_smish_08053,Smishing-Dataset-IMC25,Gathered approved smishing 7k,gathered_approved_smishing,imc25_english_smish_08053,"URGENT - Dear NAB Customer, Please review and update your NAB account to avoid suspension :",smishing_corpus_row,smishing,accepted,approved,false,false,false,data\final\approved_smishing_messages.csv,original_source=Smishing-Dataset-IMC25; scam_category=banking; strict-clean approved gathered smishing row.,urgent dear nab customer please review and update your nab account to avoid suspension,,1,true,Smishing-Dataset-IMC25,smishing,"URGENT - Dear NAB Customer, Please review and update your NAB account to avoid suspension :","URGENT - Dear NAB Customer, Please review and update your NAB account to avoid suspension:",True,original_unredacted,cleaned_from_raw,False,found_in_source_archive,Selected gathered final `message_raw` as the least-redacted available text.,excluded_duplicate_raw_available,,gathered_imc25_english_smish_08053,False,duplicate_against_raw_required_dataset
gathered_imc25_english_smish_08061,Smishing-Dataset-IMC25,Gathered approved smishing 7k,gathered_approved_smishing,imc25_english_smish_08061,Your <LOCATION> account has been suspended. Click here for re-verify your data:,smishing_corpus_row,smishing,accepted,approved,false,false,false,data\final\approved_smishing_messages.csv,original_source=Smishing-Dataset-IMC25; scam_category=banking; strict-clean approved gathered smishing row.,your <location> account has been suspended click here for re verify your data,,1,true,Smishing-Dataset-IMC25,smishing,Your <LOCATION> account has been suspended. Click here for re-verify your data:,Your <LOCATION> account has been suspended. Click here for re-verify your data:,True,original_unredacted,cleaned_from_raw,False,found_in_source_archive,Selected gathered final `message_raw` as the least-redacted available text.,excluded_duplicate_raw_available,,gathered_imc25_english_smish_08061,False,duplicate_against_raw_required_dataset
gathered_imc25_english_smish_08066,Smishing-Dataset-IMC25,Gathered approved smishing 7k,gathered_approved_smishing,imc25_english_smish_08066,Bank Of Montreal Your bank account is now suspended for security updates. Please Login to verify your account.,smishing_corpus_row,smishing,accepted,approved,false,false,false,data\final\approved_smishing_messages.csv,original_source=Smishing-Dataset-IMC25; scam_category=banking; strict-clean approved gathered smishing row.,bank of montreal your bank account is now suspended for security updates please login to verify your account,,1,true,Smishing-Dataset-IMC25,smishing,"Bank Of Montreal
Your bank account is now suspended for security updates.
Please Login to verify your account.",Bank Of Montreal Your bank account is now suspended for security updates. Please Login to verify your account.,True,original_unredacted,cleaned_from_raw,False,found_in_source_archive,Selected gathered final `message_raw` as the least-redacted available text.,excluded_duplicate_raw_available,,gathered_imc25_english_smish_08066,False,duplicate_against_raw_required_dataset
gathered_imc25_english_smish_08067,Smishing-Dataset-IMC25,Gathered approved smishing 7k,gathered_approved_smishing,imc25_english_smish_08067,"Update:Dear CommBank Customer, We recommend you verify and reconfirm accurately your login details and Personal Verification Questions, and answers for an update. It's important that you complete both section 1 & 2 Click link below.",smishing_corpus_row,smishing,accepted,approved,false,false,false,data\final\approved_smishing_messages.csv,original_source=Smishing-Dataset-IMC25; scam_category=banking; strict-clean approved gathered smishing row.,update dear commbank customer we recommend you verify and reconfirm accurately your login details and personal verification questions and answers for an update it s important that you complete both section 1 2 click link below,,1,true,Smishing-Dataset-IMC25,smishing,"Update:Dear CommBank Customer,
We recommend you verify and reconfirm accurately your login details and Personal Verification Questions, and answers for an update. It's important that you complete both section 1 & 2 Click link below.","Update:Dear CommBank Customer, We recommend you verify and reconfirm accurately your login details and Personal Verification Questions, and answers for an update. It's important that you complete both section 1 & 2 Click link below.",True,original_unredacted,cleaned_from_raw,False,found_in_source_archive,Selected gathered final `message_raw` as the least-redacted available text.,excluded_duplicate_raw_available,,gathered_imc25_english_smish_08067,False,duplicate_against_raw_required_dataset
gathered_imc25_english_smish_08069,Smishing-Dataset-IMC25,Gathered approved smishing 7k,gathered_approved_smishing,imc25_english_smish_08069,Commonwealth bank: Your account is locked. Unlock it manually,smishing_corpus_row,smishing,accepted,approved,false,false,false,data\final\approved_smishing_messages.csv,original_source=Smishing-Dataset-IMC25; scam_category=banking; strict-clean approved gathered smishing row.,commonwealth bank your account is locked unlock it manually,,1,true,Smishing-Dataset-IMC25,smishing,Commonwealth bank: Your account is locked. Unlock it manually,Commonwealth bank: Your account is locked. Unlock it manually,True,original_unredacted,cleaned_from_raw,False,found_in_source_archive,Selected gathered final `message_raw` as the least-redacted available text.,excluded_duplicate_raw_available,,gathered_imc25_english_smish_08069,False,duplicate_against_raw_required_dataset
gathered_imc25_english_smish_08076,Smishing-Dataset-IMC25,Gathered approved smishing 7k,gathered_approved_smishing,imc25_english_smish_08076,Your PayPal has been locked as a result of too many unsuccessful sign in attempts. Click the link to restore access immediately.,smishing_corpus_row,smishing,accepted,approved,false,false,false,data\final\approved_smishing_messages.csv,original_source=Smishing-Dataset-IMC25; scam_category=banking; strict-clean approved gathered smishing row.,your paypal has been locked as a result of too many unsuccessful sign in attempts click the link to restore access immediately,,1,true,Smishing-Dataset-IMC25,smishing,Your PayPal has been locked as a result of too many unsuccessful sign in attempts. Click the link to restore access immediately.,Your PayPal has been locked as a result of too many unsuccessful sign in attempts. Click the link to restore access immediately.,True,original_unredacted,cleaned_from_raw,False,found_in_source_archive,Selected gathered final `message_raw` as the least-redacted available text.,excluded_duplicate_raw_available,,gathered_imc25_english_smish_08076,False,duplicate_against_raw_required_dataset
gathered_imc25_english_smish_08080,Smishing-Dataset-IMC25,Gathered approved smishing 7k,gathered_approved_smishing,imc25_english_smish_08080,Act Now Alert We have detected some unusual activities on your card Verify below,smishing_corpus_row,smishing,accepted,approved,false,false,false,data\final\approved_smishing_messages.csv,original_source=Smishing-Dataset-IMC25; scam_category=banking; strict-clean approved gathered smishing row.,act now alert we have detected some unusual activities on your card verify below,,1,true,Smishing-Dataset-IMC25,smishing,"Act Now Alert
We have detected some unusual activities on your card
Verify below",Act Now Alert We have detected some unusual activities on your card Verify below,True,original_unredacted,cleaned_from_raw,False,found_in_source_archive,Selected gathered final `message_raw` as the least-redacted available text.,excluded_duplicate_raw_available,,gathered_imc25_english_smish_08080,False,duplicate_against_raw_required_dataset
gathered_imc25_english_smish_08084,Smishing-Dataset-IMC25,Gathered approved smishing 7k,gathered_approved_smishing,imc25_english_smish_08084,"CommBank Update:Dear Customer, We recommend you verify and reconfirm accurately your login credentials and Personal Verification Questions and answers for an update. It's important that you complete both section 1 & 2 Click link below.",smishing_corpus_row,smishing,accepted,approved,false,false,false,data\final\approved_smishing_messages.csv,original_source=Smishing-Dataset-IMC25; scam_category=banking; strict-clean approved gathered smishing row.,commbank update dear customer we recommend you verify and reconfirm accurately your login credentials and personal verification questions and answers for an update it s important that you complete both section 1 2 click link below,,1,true,Smishing-Dataset-IMC25,smishing,"CommBank Update:Dear Customer, We recommend you verify and reconfirm accurately your login credentials and Personal Verification Questions and answers for an update. It's important that you complete both section 1 & 2 Click link below.","CommBank Update:Dear Customer, We recommend you verify and reconfirm accurately your login credentials and Personal Verification Questions and answers for an update. It's important that you complete both section 1 & 2 Click link below.",True,original_unredacted,cleaned_from_raw,False,found_in_source_archive,Selected gathered final `message_raw` as the least-redacted available text.,excluded_duplicate_raw_available,,gathered_imc25_english_smish_08084,False,duplicate_against_raw_required_dataset
gathered_imc25_english_smish_08093,Smishing-Dataset-IMC25,Gathered approved smishing 7k,gathered_approved_smishing,imc25_english_smish_08093,Your NAB account has been suspended. Click here for re-verify your data:,smishing_corpus_row,smishing,accepted,approved,false,false,false,data\final\approved_smishing_messages.csv,original_source=Smishing-Dataset-IMC25; scam_category=banking; strict-clean approved gathered smishing row.,your nab account has been suspended click here for re verify your data,,1,true,Smishing-Dataset-IMC25,smishing,Your NAB account has been suspended. Click here for re-verify your data:,Your NAB account has been suspended. Click here for re-verify your data:,True,original_unredacted,cleaned_from_raw,False,found_in_source_archive,Selected gathered final `message_raw` as the least-redacted available text.,excluded_duplicate_raw_available,,gathered_imc25_english_smish_08093,False,duplicate_against_raw_required_dataset
gathered_imc25_english_smish_08108,Smishing-Dataset-IMC25,Gathered approved smishing 7k,gathered_approved_smishing,imc25_english_smish_08108,"(Natwest) System detected unusual login attempts on your account. Please verify account to avoid suspension, visit the secure link.",smishing_corpus_row,smishing,accepted,approved,false,false,false,data\final\approved_smishing_messages.csv,original_source=Smishing-Dataset-IMC25; scam_category=banking; strict-clean approved gathered smishing row.,natwest system detected unusual login attempts on your account please verify account to avoid suspension visit the secure link,,1,true,Smishing-Dataset-IMC25,smishing,"(Natwest) System detected unusual login attempts on your account. Please verify account to avoid suspension, visit the secure link.","(Natwest) System detected unusual login attempts on your account. Please verify account to avoid suspension, visit the secure link.",True,original_unredacted,cleaned_from_raw,False,found_in_source_archive,Selected gathered final `message_raw` as the least-redacted available text.,excluded_duplicate_raw_available,,gathered_imc25_english_smish_08108,False,duplicate_against_raw_required_dataset
gathered_imc25_english_smish_08114,Smishing-Dataset-IMC25,Gathered approved smishing 7k,gathered_approved_smishing,imc25_english_smish_08114,"*CIBC* Your CIBC bank card starting with ""<OTP>"" has been suspended due to security verifications please login below to fix the problem.",smishing_corpus_row,smishing,accepted,approved,false,false,false,data\final\approved_smishing_messages.csv,original_source=Smishing-Dataset-IMC25; scam_category=banking; strict-clean approved gathered smishing row.,cibc your cibc bank card starting with <otp> has been suspended due to security verifications please login below to fix the problem,,1,true,Smishing-Dataset-IMC25,smishing,"*CIBC* Your CIBC bank card starting with ""4506"" has been suspended due to security verifications please login below to fix the problem.","*CIBC* Your CIBC bank card starting with ""4506"" has been suspended due to security verifications please login below to fix the problem.",True,original_unredacted,cleaned_from_raw,False,found_in_source_archive,Selected gathered final `message_raw` as the least-redacted available text.,excluded_duplicate_raw_available,,gathered_imc25_english_smish_08114,False,duplicate_against_raw_required_dataset
gathered_imc25_english_smish_08115,Smishing-Dataset-IMC25,Gathered approved smishing 7k,gathered_approved_smishing,imc25_english_smish_08115,Your RBC online banking has been suspended due to security verifications. Sign in below to verify your account :,smishing_corpus_row,smishing,accepted,approved,false,false,false,data\final\approved_smishing_messages.csv,original_source=Smishing-Dataset-IMC25; scam_category=banking; strict-clean approved gathered smishing row.,your rbc online banking has been suspended due to security verifications sign in below to verify your account,,1,true,Smishing-Dataset-IMC25,smishing,"Your RBC online banking has been suspended due to security verifications.
Sign in below to verify your account :",Your RBC online banking has been suspended due to security verifications. Sign in below to verify your account:,True,original_unredacted,cleaned_from_raw,False,found_in_source_archive,Selected gathered final `message_raw` as the least-redacted available text.,excluded_duplicate_raw_available,,gathered_imc25_english_smish_08115,False,duplicate_against_raw_required_dataset
gathered_imc25_english_smish_08120,Smishing-Dataset-IMC25,Gathered approved smishing 7k,gathered_approved_smishing,imc25_english_smish_08120,Your bank account has been suspended. Click this link for details:,smishing_corpus_row,smishing,accepted,approved,false,false,false,data\final\approved_smishing_messages.csv,original_source=Smishing-Dataset-IMC25; scam_category=banking; strict-clean approved gathered smishing row.,your bank account has been suspended click this link for details,,1,true,Smishing-Dataset-IMC25,smishing,Your bank account has been suspended. Click this link for details:,Your bank account has been suspended. Click this link for details:,True,original_unredacted,cleaned_from_raw,False,found_in_source_archive,Selected gathered final `message_raw` as the least-redacted available text.,excluded_duplicate_raw_available,,gathered_imc25_english_smish_08120,False,duplicate_against_raw_required_dataset
gathered_imc25_english_smish_08126,Smishing-Dataset-IMC25,Gathered approved smishing 7k,gathered_approved_smishing,imc25_english_smish_08126,"Update:Dear CommBank Customer, We recommend you verify and reconfirm accurately your login credentials and Personal Verification Questions and answers for an update. It's important that you complete both section 1 & 2 Click link below.",smishing_corpus_row,smishing,accepted,approved,false,false,false,data\final\approved_smishing_messages.csv,original_source=Smishing-Dataset-IMC25; scam_category=banking; strict-clean approved gathered smishing row.,update dear commbank customer we recommend you verify and reconfirm accurately your login credentials and personal verification questions and answers for an update it s important that you complete both section 1 2 click link below,,1,true,Smishing-Dataset-IMC25,smishing,"Update:Dear CommBank Customer, We recommend you verify and reconfirm accurately your login credentials and Personal Verification Questions and answers for an update. It's important that you complete both section 1 & 2 Click link below.","Update:Dear CommBank Customer, We recommend you verify and reconfirm accurately your login credentials and Personal Verification Questions and answers for an update. It's important that you complete both section 1 & 2 Click link below.",True,original_unredacted,cleaned_from_raw,False,found_in_source_archive,Selected gathered final `message_raw` as the least-redacted available text.,excluded_duplicate_raw_available,,gathered_imc25_english_smish_08126,False,duplicate_against_raw_required_dataset
gathered_imc25_english_smish_08140,Smishing-Dataset-IMC25,Gathered approved smishing 7k,gathered_approved_smishing,imc25_english_smish_08140,NAB: The account may be suspended. Click for details.,smishing_corpus_row,smishing,accepted,approved,false,false,false,data\final\approved_smishing_messages.csv,original_source=Smishing-Dataset-IMC25; scam_category=banking; strict-clean approved gathered smishing row.,nab the account may be suspended click for details,,1,true,Smishing-Dataset-IMC25,smishing,NAB: The account may be suspended. Click for details.,NAB: The account may be suspended. Click for details.,True,original_unredacted,cleaned_from_raw,False,found_in_source_archive,Selected gathered final `message_raw` as the least-redacted available text.,excluded_duplicate_raw_available,,gathered_imc25_english_smish_08140,False,duplicate_against_raw_required_dataset
gathered_imc25_english_smish_08146,Smishing-Dataset-IMC25,Gathered approved smishing 7k,gathered_approved_smishing,imc25_english_smish_08146,"ALERT Dear Customer, CENTRAL BANK OF NIGERIA HAS BLOCKED YOUR ATM DEBIT CARD DUE TO INCOMPLETE BVN REGISTRATION. CALL OUR HELP",smishing_corpus_row,smishing,accepted,approved,false,false,false,data\final\approved_smishing_messages.csv,original_source=Smishing-Dataset-IMC25; scam_category=banking; strict-clean approved gathered smishing row.,alert dear customer central bank of nigeria has blocked your atm debit card due to incomplete bvn registration call our help,,1,true,Smishing-Dataset-IMC25,smishing,"ALERT Dear Customer, CENTRAL BANK OF NIGERIA HAS BLOCKED YOUR ATM DEBIT CARD DUE TO INCOMPLETE BVN REGISTRATION. CALL OUR HELP","ALERT Dear Customer, CENTRAL BANK OF NIGERIA HAS BLOCKED YOUR ATM DEBIT CARD DUE TO INCOMPLETE BVN REGISTRATION. CALL OUR HELP",True,original_unredacted,cleaned_from_raw,False,found_in_source_archive,Selected gathered final `message_raw` as the least-redacted available text.,excluded_duplicate_raw_available,,gathered_imc25_english_smish_08146,False,duplicate_against_raw_required_dataset
gathered_imc25_english_smish_08161,Smishing-Dataset-IMC25,Gathered approved smishing 7k,gathered_approved_smishing,imc25_english_smish_08161,"Commonwealth Bank:Dear customer, Due to recent update on our servers, You're required to verify your personal information to avoid restriction being placed on your acount. Please follow the verification link to update your details.",smishing_corpus_row,smishing,accepted,approved,false,false,false,data\final\approved_smishing_messages.csv,original_source=Smishing-Dataset-IMC25; scam_category=banking; strict-clean approved gathered smishing row.,commonwealth bank dear customer due to recent update on our servers you re required to verify your personal information to avoid restriction being placed on your acount please follow the verification link to update your details,,1,true,Smishing-Dataset-IMC25,smishing,"Commonwealth Bank:Dear customer, Due to recent update on our servers, You're required to verify your personal information to avoid restriction being placed on your acount. Please follow the verification link to update your details.","Commonwealth Bank:Dear customer, Due to recent update on our servers, You're required to verify your personal information to avoid restriction being placed on your acount. Please follow the verification link to update your details.",True,original_unredacted,cleaned_from_raw,False,found_in_source_archive,Selected gathered final `message_raw` as the least-redacted available text.,excluded_duplicate_raw_available,,gathered_imc25_english_smish_08161,False,duplicate_against_raw_required_dataset
gathered_imc25_english_smish_08163,Smishing-Dataset-IMC25,Gathered approved smishing 7k,gathered_approved_smishing,imc25_english_smish_08163,Your NAB account has been blocked for unusual activity. Verify your account to avoid suspension.,smishing_corpus_row,smishing,accepted,approved,false,false,false,data\final\approved_smishing_messages.csv,original_source=Smishing-Dataset-IMC25; scam_category=banking; strict-clean approved gathered smishing row.,your nab account has been blocked for unusual activity verify your account to avoid suspension,,1,true,Smishing-Dataset-IMC25,smishing,Your NAB account has been blocked for unusual activity. Verify your account to avoid suspension.,Your NAB account has been blocked for unusual activity. Verify your account to avoid suspension.,True,original_unredacted,cleaned_from_raw,False,found_in_source_archive,Selected gathered final `message_raw` as the least-redacted available text.,excluded_duplicate_raw_available,,gathered_imc25_english_smish_08163,False,duplicate_against_raw_required_dataset
gathered_imc25_english_smish_08169,Smishing-Dataset-IMC25,Gathered approved smishing 7k,gathered_approved_smishing,imc25_english_smish_08169,"Dear BMO Client, your account has been disabled. We ask you to confirm your personal verification questions.",smishing_corpus_row,smishing,accepted,approved,false,false,false,data\final\approved_smishing_messages.csv,original_source=Smishing-Dataset-IMC25; scam_category=banking; strict-clean approved gathered smishing row.,dear bmo client your account has been disabled we ask you to confirm your personal verification questions,,1,true,Smishing-Dataset-IMC25,smishing,"Dear BMO Client, your account has been disabled. We ask you to confirm your personal verification questions.","Dear BMO Client, your account has been disabled. We ask you to confirm your personal verification questions.",True,original_unredacted,cleaned_from_raw,False,found_in_source_archive,Selected gathered final `message_raw` as the least-redacted available text.,excluded_duplicate_raw_available,,gathered_imc25_english_smish_08169,False,duplicate_against_raw_required_dataset
gathered_imc25_english_smish_08176,Smishing-Dataset-IMC25,Gathered approved smishing 7k,gathered_approved_smishing,imc25_english_smish_08176,"National Australia Bank:Dear customer, Due to recent upgrade on our servers, You're required to verify your personal information to avoid restriction being placed on your account.",smishing_corpus_row,smishing,accepted,approved,false,false,false,data\final\approved_smishing_messages.csv,original_source=Smishing-Dataset-IMC25; scam_category=banking; strict-clean approved gathered smishing row.,national australia bank dear customer due to recent upgrade on our servers you re required to verify your personal information to avoid restriction being placed on your account,,1,true,Smishing-Dataset-IMC25,smishing,"National Australia Bank:Dear customer, Due to recent upgrade on our servers, You're required to verify your personal information to avoid restriction being placed on your account.","National Australia Bank:Dear customer, Due to recent upgrade on our servers, You're required to verify your personal information to avoid restriction being placed on your account.",True,original_unredacted,cleaned_from_raw,False,found_in_source_archive,Selected gathered final `message_raw` as the least-redacted available text.,excluded_duplicate_raw_available,,gathered_imc25_english_smish_08176,False,duplicate_against_raw_required_dataset
gathered_imc25_english_smish_08181,Smishing-Dataset-IMC25,Gathered approved smishing 7k,gathered_approved_smishing,imc25_english_smish_08181,(BOA) Your account is limited. Please follow the link to securely update your personal information:,smishing_corpus_row,smishing,accepted,approved,false,false,false,data\final\approved_smishing_messages.csv,original_source=Smishing-Dataset-IMC25; scam_category=banking; strict-clean approved gathered smishing row.,boa your account is limited please follow the link to securely update your personal information,dup_000437,2,true,Smishing-Dataset-IMC25,smishing,(BOA) Your account is limited. Please follow the link to securely update your personal information:,(BOA) Your account is limited. Please follow the link to securely update your personal information:,True,original_unredacted,cleaned_from_raw,False,found_in_source_archive,Selected gathered final `message_raw` as the least-redacted available text.,excluded_duplicate_raw_available,,gathered_imc25_english_smish_08181,False,duplicate_against_raw_required_dataset
gathered_imc25_english_smish_08195,Smishing-Dataset-IMC25,Gathered approved smishing 7k,gathered_approved_smishing,imc25_english_smish_08195,I work with Lombard Bank. Can i trust you with a business worth $35.9 million? reply ONLY to my email <EMAIL_ADDRESS>,smishing_corpus_row,smishing,accepted,approved,false,false,false,data\final\approved_smishing_messages.csv,original_source=Smishing-Dataset-IMC25; scam_category=banking; strict-clean approved gathered smishing row.,i work with lombard bank can i trust you with a business worth 35 9 million reply only to my email <email address>,,1,true,Smishing-Dataset-IMC25,smishing,I work with Lombard Bank. Can i trust you with a business worth $35.9 million? reply ONLY to my email <EMAIL_ADDRESS>,I work with Lombard Bank. Can i trust you with a business worth <AMOUNT> million? reply ONLY to my email <EMAIL_ADDRESS>,True,original_unredacted,cleaned_from_raw,False,found_in_source_archive,Selected gathered final `message_raw` as the least-redacted available text.,excluded_duplicate_raw_available,,gathered_imc25_english_smish_08195,False,duplicate_against_raw_required_dataset
gathered_imc25_english_smish_08201,Smishing-Dataset-IMC25,Gathered approved smishing 7k,gathered_approved_smishing,imc25_english_smish_08201,Your PayPal has been temporarily locked. You have 36H to confirm the account information or your account will be closed:,smishing_corpus_row,smishing,accepted,approved,false,false,false,data\final\approved_smishing_messages.csv,original_source=Smishing-Dataset-IMC25; scam_category=banking; strict-clean approved gathered smishing row.,your paypal has been temporarily locked you have 36h to confirm the account information or your account will be closed,,1,true,Smishing-Dataset-IMC25,smishing,Your PayPal has been temporarily locked. You have 36H to confirm the account information or your account will be closed:,Your PayPal has been temporarily locked. You have 36H to confirm the account information or your account will be closed:,True,original_unredacted,cleaned_from_raw,False,found_in_source_archive,Selected gathered final `message_raw` as the least-redacted available text.,excluded_duplicate_raw_available,,gathered_imc25_english_smish_08201,False,duplicate_against_raw_required_dataset
gathered_imc25_english_smish_08209,Smishing-Dataset-IMC25,Gathered approved smishing 7k,gathered_approved_smishing,imc25_english_smish_08209,Your ANZ account has been suspended. Click here for re-verify your data:,smishing_corpus_row,smishing,accepted,approved,false,false,false,data\final\approved_smishing_messages.csv,original_source=Smishing-Dataset-IMC25; scam_category=banking; strict-clean approved gathered smishing row.,your anz account has been suspended click here for re verify your data,,1,true,Smishing-Dataset-IMC25,smishing,Your ANZ account has been suspended. Click here for re-verify your data:,Your ANZ account has been suspended. Click here for re-verify your data:,True,original_unredacted,cleaned_from_raw,False,found_in_source_archive,Selected gathered final `message_raw` as the least-redacted available text.,excluded_duplicate_raw_available,,gathered_imc25_english_smish_08209,False,duplicate_against_raw_required_dataset
gathered_imc25_english_smish_08210,Smishing-Dataset-IMC25,Gathered approved smishing 7k,gathered_approved_smishing,imc25_english_smish_08210,Our security team have tried to contact you regarding your online account. Log In via the secure link <URL> to avoid account suspension.,smishing_corpus_row,smishing,accepted,approved,false,false,false,data\final\approved_smishing_messages.csv,original_source=Smishing-Dataset-IMC25; scam_category=banking; strict-clean approved gathered smishing row.,our security team have tried to contact you regarding your online account log in via the secure link <url> to avoid account suspension,,1,true,Smishing-Dataset-IMC25,smishing,Our security team have tried to contact you regarding your online account. Log In via the secure link http://<IP_ADDRESS>/LOGSUK to avoid account suspension.,Our security team have tried to contact you regarding your online account. Log In via the secure link http://<IP_ADDRESS>/LOGSUK to avoid account suspension.,True,original_unredacted,cleaned_from_raw,False,found_in_source_archive,Selected gathered final `message_raw` as the least-redacted available text.,excluded_duplicate_raw_available,,gathered_imc25_english_smish_08210,False,duplicate_against_raw_required_dataset
gathered_imc25_english_smish_08283,Smishing-Dataset-IMC25,Gathered approved smishing 7k,gathered_approved_smishing,imc25_english_smish_08283,Dear BMO member Unknown device connection have placed your account on hold until verification please confirm your account.,smishing_corpus_row,smishing,accepted,approved,false,false,false,data\final\approved_smishing_messages.csv,original_source=Smishing-Dataset-IMC25; scam_category=banking; strict-clean approved gathered smishing row.,dear bmo member unknown device connection have placed your account on hold until verification please confirm your account,,1,true,Smishing-Dataset-IMC25,smishing,"Dear BMO member
Unknown device connection have placed your account on hold until verification please confirm your account.",Dear BMO member Unknown device connection have placed your account on hold until verification please confirm your account.,True,original_unredacted,cleaned_from_raw,False,found_in_source_archive,Selected gathered final `message_raw` as the least-redacted available text.,excluded_duplicate_raw_available,,gathered_imc25_english_smish_08283,False,duplicate_against_raw_required_dataset
gathered_imc25_english_smish_08303,Smishing-Dataset-IMC25,Gathered approved smishing 7k,gathered_approved_smishing,imc25_english_smish_08303,"Your online banking has been disabled, please visit your local branch or reactivate visit the secure link: <URL>",smishing_corpus_row,smishing,accepted,approved,false,false,false,data\final\approved_smishing_messages.csv,original_source=Smishing-Dataset-IMC25; scam_category=banking; strict-clean approved gathered smishing row.,your online banking has been disabled please visit your local branch or reactivate visit the secure link <url>,,1,true,Smishing-Dataset-IMC25,smishing,"Your online banking has been disabled, please visit your local branch or reactivate visit the secure link: http://<IP_ADDRESS>/","Your online banking has been disabled, please visit your local branch or reactivate visit the secure link: http://<IP_ADDRESS>/",True,original_unredacted,cleaned_from_raw,False,found_in_source_archive,Selected gathered final `message_raw` as the least-redacted available text.,excluded_duplicate_raw_available,,gathered_imc25_english_smish_08303,False,duplicate_against_raw_required_dataset
gathered_imc25_english_smish_08309,Smishing-Dataset-IMC25,Gathered approved smishing 7k,gathered_approved_smishing,imc25_english_smish_08309,Standard Bank: Congratulations on your recent travel related purchase. Please visit our website to see your card travel benefits. T's and C's apply,smishing_corpus_row,smishing,accepted,approved,false,false,false,data\final\approved_smishing_messages.csv,original_source=Smishing-Dataset-IMC25; scam_category=banking; strict-clean approved gathered smishing row.,standard bank congratulations on your recent travel related purchase please visit our website to see your card travel benefits t s and c s apply,,1,true,Smishing-Dataset-IMC25,smishing,Standard Bank: Congratulations on your recent travel related purchase. Please visit our website to see your card travel benefits. T's and C's apply,Standard Bank: Congratulations on your recent travel related purchase. Please visit our website to see your card travel benefits. T's and C's apply,True,original_unredacted,cleaned_from_raw,False,found_in_source_archive,Selected gathered final `message_raw` as the least-redacted available text.,excluded_duplicate_raw_available,,gathered_imc25_english_smish_08309,False,duplicate_against_raw_required_dataset
gathered_imc25_english_smish_08315,Smishing-Dataset-IMC25,Gathered approved smishing 7k,gathered_approved_smishing,imc25_english_smish_08315,Received Rs.<OTP> from T**** (90XXXX1819) in your Paytm Wallet. Wallet txn id: <US_BANK_NUMBER>. Scan QR code to Pay-Win 100% Cashback Received Rs.<OTP> from T**** (90XXXX1819) in your Paytm Wallet. Wallet txn id: <US_BANK_NUMBER>. Scan QR code to Pay-Win 100% Cashback,smishing_corpus_row,smishing,accepted,approved,false,false,false,data\final\approved_smishing_messages.csv,original_source=Smishing-Dataset-IMC25; scam_category=banking; strict-clean approved gathered smishing row.,received rs <otp> from t 90xxxx1819 in your paytm wallet wallet txn id <us bank number> scan qr code to pay win <num> cashback received rs <otp> from t 90xxxx1819 in your paytm wallet wallet txn id <us bank number> scan qr code to pay win <num> cashback,,1,true,Smishing-Dataset-IMC25,smishing,"Received Rs.8000 from T**** (90XXXX1819) in your Paytm Wallet. Wallet txn id: <US_BANK_NUMBER>. Scan QR code to Pay-Win 100% Cashback
Received Rs.8000 from T**** (90XXXX1819) in your Paytm Wallet. Wallet txn id: <US_BANK_NUMBER>. Scan QR code to Pay-Win 100% Cashback",Received Rs.8000 from T**** (90XXXX1819) in your Paytm Wallet. Wallet txn id: <US_BANK_NUMBER>. Scan QR code to Pay-Win 100% Cashback Received Rs.8000 from T**** (90XXXX1819) in your Paytm Wallet. Wallet txn id: <US_BANK_NUMBER>. Scan QR code to Pay-Win 100% Cashback,True,original_unredacted,cleaned_from_raw,False,found_in_source_archive,Selected gathered final `message_raw` as the least-redacted available text.,excluded_duplicate_raw_available,,gathered_imc25_english_smish_08315,False,duplicate_against_raw_required_dataset
gathered_imc25_english_smish_08318,Smishing-Dataset-IMC25,Gathered approved smishing 7k,gathered_approved_smishing,imc25_english_smish_08318,"Your online banking has been locked, please visit your local branch or reactivate by visiting the secure link <URL>",smishing_corpus_row,smishing,accepted,approved,false,false,false,data\final\approved_smishing_messages.csv,original_source=Smishing-Dataset-IMC25; scam_category=banking; strict-clean approved gathered smishing row.,your online banking has been locked please visit your local branch or reactivate by visiting the secure link <url>,,1,true,Smishing-Dataset-IMC25,smishing,"Your online banking has been locked, please visit your local branch or reactivate by visiting the secure link http://<IP_ADDRESS>","Your online banking has been locked, please visit your local branch or reactivate by visiting the secure link http://<IP_ADDRESS>",True,original_unredacted,cleaned_from_raw,False,found_in_source_archive,Selected gathered final `message_raw` as the least-redacted available text.,excluded_duplicate_raw_available,,gathered_imc25_english_smish_08318,False,duplicate_against_raw_required_dataset
gathered_imc25_english_smish_08319,Smishing-Dataset-IMC25,Gathered approved smishing 7k,gathered_approved_smishing,imc25_english_smish_08319,"Your online banking has been suspended, please visit a branch or reactivate immediately via the secure link <URL>",smishing_corpus_row,smishing,accepted,approved,false,false,false,data\final\approved_smishing_messages.csv,original_source=Smishing-Dataset-IMC25; scam_category=banking; strict-clean approved gathered smishing row.,your online banking has been suspended please visit a branch or reactivate immediately via the secure link <url>,,1,true,Smishing-Dataset-IMC25,smishing,"Your online banking has been suspended, please visit a branch or reactivate immediately via the secure link http://<IP_ADDRESS>/","Your online banking has been suspended, please visit a branch or reactivate immediately via the secure link http://<IP_ADDRESS>/",True,original_unredacted,cleaned_from_raw,False,found_in_source_archive,Selected gathered final `message_raw` as the least-redacted available text.,excluded_duplicate_raw_available,,gathered_imc25_english_smish_08319,False,duplicate_against_raw_required_dataset
gathered_imc25_english_smish_08320,Smishing-Dataset-IMC25,Gathered approved smishing 7k,gathered_approved_smishing,imc25_english_smish_08320,We have identified some unusual activity on your Online Banking. Log In via the secure link <URL> to avoid acct suspension.,smishing_corpus_row,smishing,accepted,approved,false,false,false,data\final\approved_smishing_messages.csv,original_source=Smishing-Dataset-IMC25; scam_category=banking; strict-clean approved gathered smishing row.,we have identified some unusual activity on your online banking log in via the secure link <url> to avoid acct suspension,,1,true,Smishing-Dataset-IMC25,smishing,We have identified some unusual activity on your Online Banking. Log In via the secure link http://<IP_ADDRESS> to avoid acct suspension.,We have identified some unusual activity on your Online Banking. Log In via the secure link http://<IP_ADDRESS> to avoid acct suspension.,True,original_unredacted,cleaned_from_raw,False,found_in_source_archive,Selected gathered final `message_raw` as the least-redacted available text.,excluded_duplicate_raw_available,,gathered_imc25_english_smish_08320,False,duplicate_against_raw_required_dataset
gathered_imc25_english_smish_08330,Smishing-Dataset-IMC25,Gathered approved smishing 7k,gathered_approved_smishing,imc25_english_smish_08330,Your account has been temporarily suspended due to 3 incorrect login attempts. Visit the secure link to reactivate.,smishing_corpus_row,smishing,accepted,approved,false,false,false,data\final\approved_smishing_messages.csv,original_source=Smishing-Dataset-IMC25; scam_category=banking; strict-clean approved gathered smishing row.,your account has been temporarily suspended due to 3 incorrect login attempts visit the secure link to reactivate,,1,true,Smishing-Dataset-IMC25,smishing,Your account has been temporarily suspended due to 3 incorrect login attempts. Visit the secure link to reactivate.,Your account has been temporarily suspended due to 3 incorrect login attempts. Visit the secure link to reactivate.,True,original_unredacted,cleaned_from_raw,False,found_in_source_archive,Selected gathered final `message_raw` as the least-redacted available text.,excluded_duplicate_raw_available,,gathered_imc25_english_smish_08330,False,duplicate_against_raw_required_dataset
gathered_imc25_english_smish_08335,Smishing-Dataset-IMC25,Gathered approved smishing 7k,gathered_approved_smishing,imc25_english_smish_08335,PayPal: Your account has been restricted due to an unknown device attempting to login. Please confirm your device to further use your account here,smishing_corpus_row,smishing,accepted,approved,false,false,false,data\final\approved_smishing_messages.csv,original_source=Smishing-Dataset-IMC25; scam_category=banking; strict-clean approved gathered smishing row.,paypal your account has been restricted due to an unknown device attempting to login please confirm your device to further use your account here,,1,true,Smishing-Dataset-IMC25,smishing,PayPal: Your account has been restricted due to an unknown device attempting to login. Please confirm your device to further use your account here,PayPal: Your account has been restricted due to an unknown device attempting to login. Please confirm your device to further use your account here,True,original_unredacted,cleaned_from_raw,False,found_in_source_archive,Selected gathered final `message_raw` as the least-redacted available text.,excluded_duplicate_raw_available,,gathered_imc25_english_smish_08335,False,duplicate_against_raw_required_dataset
gathered_imc25_english_smish_08343,Smishing-Dataset-IMC25,Gathered approved smishing 7k,gathered_approved_smishing,imc25_english_smish_08343,"Suspicious credit card activity is noted. Please confirm your personal data, otherwise we will be forced to block it.",smishing_corpus_row,smishing,accepted,approved,false,false,false,data\final\approved_smishing_messages.csv,original_source=Smishing-Dataset-IMC25; scam_category=banking; strict-clean approved gathered smishing row.,suspicious credit card activity is noted please confirm your personal data otherwise we will be forced to block it,,1,true,Smishing-Dataset-IMC25,smishing,"Suspicious credit card activity is noted. Please confirm your personal data, otherwise we will be forced to block it.","Suspicious credit card activity is noted. Please confirm your personal data, otherwise we will be forced to block it.",True,original_unredacted,cleaned_from_raw,False,found_in_source_archive,Selected gathered final `message_raw` as the least-redacted available text.,excluded_duplicate_raw_available,,gathered_imc25_english_smish_08343,False,duplicate_against_raw_required_dataset
gathered_imc25_english_smish_08356,Smishing-Dataset-IMC25,Gathered approved smishing 7k,gathered_approved_smishing,imc25_english_smish_08356,"Dear User,your paytm account is locked Ticket : #<UK_NHS> For This Reason : - Fake Transaction . - KYC ISSUE. - Unauthorized Login For Instant verification",smishing_corpus_row,smishing,accepted,approved,false,false,false,data\final\approved_smishing_messages.csv,original_source=Smishing-Dataset-IMC25; scam_category=banking; strict-clean approved gathered smishing row.,dear user your paytm account is locked ticket <uk nhs> for this reason fake transaction kyc issue unauthorized login for instant verification,,1,true,Smishing-Dataset-IMC25,smishing,"Dear User,your paytm account is locked
Ticket : #<UK_NHS>
For This Reason :
- Fake Transaction .
- KYC ISSUE.
- Unauthorized Login
For Instant verification","Dear User,your paytm account is locked Ticket: #<UK_NHS> For This Reason: - Fake Transaction. - KYC ISSUE. - Unauthorized Login For Instant verification",True,original_unredacted,cleaned_from_raw,False,found_in_source_archive,Selected gathered final `message_raw` as the least-redacted available text.,excluded_duplicate_raw_available,,gathered_imc25_english_smish_08356,False,duplicate_against_raw_required_dataset
gathered_imc25_english_smish_08394,Smishing-Dataset-IMC25,Gathered approved smishing 7k,gathered_approved_smishing,imc25_english_smish_08394,"We have tried to contact you about your Internet Banking account, we have limited your account due to recent activity. Visit the secure <URL> link",smishing_corpus_row,smishing,accepted,approved,false,false,false,data\final\approved_smishing_messages.csv,original_source=Smishing-Dataset-IMC25; scam_category=banking; strict-clean approved gathered smishing row.,we have tried to contact you about your internet banking account we have limited your account due to recent activity visit the secure <url> link,,1,true,Smishing-Dataset-IMC25,smishing,"We have tried to contact you about your Internet Banking account, we have limited your account due to recent activity. Visit the secure http://<IP_ADDRESS> link","We have tried to contact you about your Internet Banking account, we have limited your account due to recent activity. Visit the secure http://<IP_ADDRESS> link",True,original_unredacted,cleaned_from_raw,False,found_in_source_archive,Selected gathered final `message_raw` as the least-redacted available text.,excluded_duplicate_raw_available,,gathered_imc25_english_smish_08394,False,duplicate_against_raw_required_dataset
gathered_imc25_english_smish_08401,Smishing-Dataset-IMC25,Gathered approved smishing 7k,gathered_approved_smishing,imc25_english_smish_08401,"Dear Card member, we would like to confirm that the transaction disputed by you on your Citi credit card has not yet been billed to your account. We will track this, and take appropriate action once it is submitted. Thank you for your kind patience and cooperation.",smishing_corpus_row,smishing,accepted,approved,false,false,false,data\final\approved_smishing_messages.csv,original_source=Smishing-Dataset-IMC25; scam_category=banking; strict-clean approved gathered smishing row.,dear card member we would like to confirm that the transaction disputed by you on your citi credit card has not yet been billed to your account we will track this and take appropriate action once it is submitted thank you for your kind patience and cooperation,,1,true,Smishing-Dataset-IMC25,smishing,"Dear Card member, we would like to confirm that the transaction disputed by you on your Citi credit card has not yet been billed to your account. We will track this, and take appropriate action once it is submitted. Thank you for your kind patience and cooperation.","Dear Card member, we would like to confirm that the transaction disputed by you on your Citi credit card has not yet been billed to your account. We will track this, and take appropriate action once it is submitted. Thank you for your kind patience and cooperation.",True,original_unredacted,cleaned_from_raw,False,found_in_source_archive,Selected gathered final `message_raw` as the least-redacted available text.,excluded_duplicate_raw_available,,gathered_imc25_english_smish_08401,False,duplicate_against_raw_required_dataset
gathered_imc25_english_smish_08409,Smishing-Dataset-IMC25,Gathered approved smishing 7k,gathered_approved_smishing,imc25_english_smish_08409,"Your account is suspended, log in to the account for verification.",smishing_corpus_row,smishing,accepted,approved,false,false,false,data\final\approved_smishing_messages.csv,original_source=Smishing-Dataset-IMC25; scam_category=banking; strict-clean approved gathered smishing row.,your account is suspended log in to the account for verification,,1,true,Smishing-Dataset-IMC25,smishing,"Your account is suspended, log in to the account for verification.","Your account is suspended, log in to the account for verification.",True,original_unredacted,cleaned_from_raw,False,found_in_source_archive,Selected gathered final `message_raw` as the least-redacted available text.,excluded_duplicate_raw_available,,gathered_imc25_english_smish_08409,False,duplicate_against_raw_required_dataset
gathered_imc25_english_smish_08418,Smishing-Dataset-IMC25,Gathered approved smishing 7k,gathered_approved_smishing,imc25_english_smish_08418,"We suspect someone is Logged into your Paypal without your knowledge, Confirm your identity and change password",smishing_corpus_row,smishing,accepted,approved,false,false,false,data\final\approved_smishing_messages.csv,original_source=Smishing-Dataset-IMC25; scam_category=banking; strict-clean approved gathered smishing row.,we suspect someone is logged into your paypal without your knowledge confirm your identity and change password,,1,true,Smishing-Dataset-IMC25,smishing,"We suspect someone is Logged into your Paypal without your knowledge, Confirm your identity and change password","We suspect someone is Logged into your Paypal without your knowledge, Confirm your identity and change password",True,original_unredacted,cleaned_from_raw,False,found_in_source_archive,Selected gathered final `message_raw` as the least-redacted available text.,excluded_duplicate_raw_available,,gathered_imc25_english_smish_08418,False,duplicate_against_raw_required_dataset
gathered_imc25_english_smish_08420,Smishing-Dataset-IMC25,Gathered approved smishing 7k,gathered_approved_smishing,imc25_english_smish_08420,ALERT: Our systems have detected unusual activity on your online account. Login via the secure link <URL> to avoid account suspension.,smishing_corpus_row,smishing,accepted,approved,false,false,false,data\final\approved_smishing_messages.csv,original_source=Smishing-Dataset-IMC25; scam_category=banking; strict-clean approved gathered smishing row.,alert our systems have detected unusual activity on your online account login via the secure link <url> to avoid account suspension,,1,true,Smishing-Dataset-IMC25,smishing,ALERT: Our systems have detected unusual activity on your online account. Login via the secure link http://<IP_ADDRESS> to avoid account suspension.,ALERT: Our systems have detected unusual activity on your online account. Login via the secure link http://<IP_ADDRESS> to avoid account suspension.,True,original_unredacted,cleaned_from_raw,False,found_in_source_archive,Selected gathered final `message_raw` as the least-redacted available text.,excluded_duplicate_raw_available,,gathered_imc25_english_smish_08420,False,duplicate_against_raw_required_dataset
gathered_imc25_english_smish_08432,Smishing-Dataset-IMC25,Gathered approved smishing 7k,gathered_approved_smishing,imc25_english_smish_08432,PB Guardian Alert on card <OTP> at JANE DOE DDS PC for $453.00. Reply DDAER7NO if unauthorized. Reply STOP to cancel alerts.,smishing_corpus_row,smishing,accepted,approved,false,false,false,data\final\approved_smishing_messages.csv,original_source=Smishing-Dataset-IMC25; scam_category=banking; strict-clean approved gathered smishing row.,pb guardian alert on card <otp> at jane doe dds pc for <num> 00 reply ddaer7no if unauthorized reply stop to cancel alerts,,1,true,Smishing-Dataset-IMC25,smishing,PB Guardian Alert on card 8975 at JANE DOE DDS PC for $453.00. Reply DDAER7NO if unauthorized. Reply STOP to cancel alerts.,PB Guardian Alert on card 8975 at JANE DOE DDS PC for <AMOUNT>. Reply DDAER7NO if unauthorized. Reply STOP to cancel alerts.,True,original_unredacted,cleaned_from_raw,False,found_in_source_archive,Selected gathered final `message_raw` as the least-redacted available text.,excluded_duplicate_raw_available,,gathered_imc25_english_smish_08432,False,duplicate_against_raw_required_dataset
gathered_imc25_english_smish_08472,Smishing-Dataset-IMC25,Gathered approved smishing 7k,gathered_approved_smishing,imc25_english_smish_08472,"You have a refund of £180 for your argos card, please confirm your details to activate your refund",smishing_corpus_row,smishing,accepted,approved,false,false,false,data\final\approved_smishing_messages.csv,original_source=Smishing-Dataset-IMC25; scam_category=banking; strict-clean approved gathered smishing row.,you have a refund of <num> for your argos card please confirm your details to activate your refund,,1,true,Smishing-Dataset-IMC25,smishing,"You have a refund of £180 for your argos card, please confirm your details to activate your refund","You have a refund of <AMOUNT> for your argos card, please confirm your details to activate your refund",True,original_unredacted,cleaned_from_raw,False,found_in_source_archive,Selected gathered final `message_raw` as the least-redacted available text.,excluded_duplicate_raw_available,,gathered_imc25_english_smish_08472,False,duplicate_against_raw_required_dataset
gathered_imc25_english_smish_08475,Smishing-Dataset-IMC25,Gathered approved smishing 7k,gathered_approved_smishing,imc25_english_smish_08475,"Hi, it's Capital One. Did you just try to make this purchase with your card ending in <OTP>? Text back ""yes"" or ""no"" to let us know. GREYHOUND LINES CNP $219.35 Please respond to help protect your account. Thanks!",smishing_corpus_row,smishing,accepted,approved,false,false,false,data\final\approved_smishing_messages.csv,original_source=Smishing-Dataset-IMC25; scam_category=banking; strict-clean approved gathered smishing row.,hi it s capital one did you just try to make this purchase with your card ending in <otp> text back yes or no to let us know greyhound lines cnp <num> 35 please respond to help protect your account thanks,,1,true,Smishing-Dataset-IMC25,smishing,"Hi, it's Capital One.
Did you just try to make this purchase with your card ending in 2710? Text back ""yes"" or ""no"" to let us know.

GREYHOUND LINES CNP
$219.35
Please respond to help protect your account. Thanks!","Hi, it's Capital One. Did you just try to make this purchase with your card ending in 2710? Text back ""yes"" or ""no"" to let us know. GREYHOUND LINES CNP <AMOUNT> Please respond to help protect your account. Thanks!",True,original_unredacted,cleaned_from_raw,False,found_in_source_archive,Selected gathered final `message_raw` as the least-redacted available text.,excluded_duplicate_raw_available,,gathered_imc25_english_smish_08475,False,duplicate_against_raw_required_dataset
gathered_imc25_english_smish_08514,Smishing-Dataset-IMC25,Gathered approved smishing 7k,gathered_approved_smishing,imc25_english_smish_08514,Your HSBC account has been restricted in order to safeguard your information please login to verify & update your account,smishing_corpus_row,smishing,accepted,approved,false,false,false,data\final\approved_smishing_messages.csv,original_source=Smishing-Dataset-IMC25; scam_category=banking; strict-clean approved gathered smishing row.,your hsbc account has been restricted in order to safeguard your information please login to verify update your account,,1,true,Smishing-Dataset-IMC25,smishing,Your HSBC account has been restricted in order to safeguard your information please login to verify & update your account,Your HSBC account has been restricted in order to safeguard your information please login to verify & update your account,True,original_unredacted,cleaned_from_raw,False,found_in_source_archive,Selected gathered final `message_raw` as the least-redacted available text.,excluded_duplicate_raw_available,,gathered_imc25_english_smish_08514,False,duplicate_against_raw_required_dataset
gathered_imc25_english_smish_08539,Smishing-Dataset-IMC25,Gathered approved smishing 7k,gathered_approved_smishing,imc25_english_smish_08539,RMO Your Maybank account has been suspended. Click here for re-verify your data.,smishing_corpus_row,smishing,accepted,approved,false,false,false,data\final\approved_smishing_messages.csv,original_source=Smishing-Dataset-IMC25; scam_category=banking; strict-clean approved gathered smishing row.,rmo your maybank account has been suspended click here for re verify your data,,1,true,Smishing-Dataset-IMC25,smishing,RMO Your Maybank account has been suspended. Click here for re-verify your data.,RMO Your Maybank account has been suspended. Click here for re-verify your data.,True,original_unredacted,cleaned_from_raw,False,found_in_source_archive,Selected gathered final `message_raw` as the least-redacted available text.,excluded_duplicate_raw_available,,gathered_imc25_english_smish_08539,False,duplicate_against_raw_required_dataset
gathered_imc25_english_smish_08568,Smishing-Dataset-IMC25,Gathered approved smishing 7k,gathered_approved_smishing,imc25_english_smish_08568,PayPal: You sent a payment for 150.04 GBP to WebAct. If you didn't authenticate this transaction click here to cancel,smishing_corpus_row,smishing,accepted,approved,false,false,false,data\final\approved_smishing_messages.csv,original_source=Smishing-Dataset-IMC25; scam_category=banking; strict-clean approved gathered smishing row.,paypal you sent a payment for <num> 04 gbp to webact if you didn t authenticate this transaction click here to cancel,,1,true,Smishing-Dataset-IMC25,smishing,PayPal: You sent a payment for 150.04 GBP to WebAct. If you didn't authenticate this transaction click here to cancel,PayPal: You sent a payment for 150.04 GBP to WebAct. If you didn't authenticate this transaction click here to cancel,True,original_unredacted,cleaned_from_raw,False,found_in_source_archive,Selected gathered final `message_raw` as the least-redacted available text.,excluded_duplicate_raw_available,,gathered_imc25_english_smish_08568,False,duplicate_against_raw_required_dataset
gathered_imc25_english_smish_08586,Smishing-Dataset-IMC25,Gathered approved smishing 7k,gathered_approved_smishing,imc25_english_smish_08586,TD Canada Trust - Account temporarily blocked from online use. For more details visit:,smishing_corpus_row,smishing,accepted,approved,false,false,false,data\final\approved_smishing_messages.csv,original_source=Smishing-Dataset-IMC25; scam_category=banking; strict-clean approved gathered smishing row.,td canada trust account temporarily blocked from online use for more details visit,,1,true,Smishing-Dataset-IMC25,smishing,TD Canada Trust - Account temporarily blocked from online use. For more details visit:,TD Canada Trust - Account temporarily blocked from online use. For more details visit:,True,original_unredacted,cleaned_from_raw,False,found_in_source_archive,Selected gathered final `message_raw` as the least-redacted available text.,excluded_duplicate_raw_available,,gathered_imc25_english_smish_08586,False,duplicate_against_raw_required_dataset
gathered_imc25_english_smish_08587,Smishing-Dataset-IMC25,Gathered approved smishing 7k,gathered_approved_smishing,imc25_english_smish_08587,Your westpac account has been temporary locked. To restore visit,smishing_corpus_row,smishing,accepted,approved,false,false,false,data\final\approved_smishing_messages.csv,original_source=Smishing-Dataset-IMC25; scam_category=banking; strict-clean approved gathered smishing row.,your westpac account has been temporary locked to restore visit,,1,true,Smishing-Dataset-IMC25,smishing,Your westpac account has been temporary locked. To restore visit,Your westpac account has been temporary locked. To restore visit,True,original_unredacted,cleaned_from_raw,False,found_in_source_archive,Selected gathered final `message_raw` as the least-redacted available text.,excluded_duplicate_raw_available,,gathered_imc25_english_smish_08587,False,duplicate_against_raw_required_dataset
gathered_imc25_english_smish_08588,Smishing-Dataset-IMC25,Gathered approved smishing 7k,gathered_approved_smishing,imc25_english_smish_08588,"Let’s take care of this right away. We temporarily locked your card to help keep your account safe. Sign in below to find out how to report any purchases you didn’t authorize (including this one), and then we’ll send you a new card. FYI, any unauthorized",smishing_corpus_row,smishing,accepted,approved,false,false,false,data\final\approved_smishing_messages.csv,original_source=Smishing-Dataset-IMC25; scam_category=banking; strict-clean approved gathered smishing row.,let s take care of this right away we temporarily locked your card to help keep your account safe sign in below to find out how to report any purchases you didn t authorize including this one and then we ll send you a new card fyi any unauthorized,,1,true,Smishing-Dataset-IMC25,smishing,"Let’s take care of this right away. We temporarily locked your card to help keep your account safe. Sign in below to find out how to report any purchases you didn’t authorize (including this one), and then we’ll send you a new card. FYI, any unauthorized","Let’s take care of this right away. We temporarily locked your card to help keep your account safe. Sign in below to find out how to report any purchases you didn’t authorize (including this one), and then we’ll send you a new card. FYI, any unauthorized",True,original_unredacted,cleaned_from_raw,False,found_in_source_archive,Selected gathered final `message_raw` as the least-redacted available text.,excluded_duplicate_raw_available,,gathered_imc25_english_smish_08588,False,duplicate_against_raw_required_dataset
gathered_imc25_english_smish_08592,Smishing-Dataset-IMC25,Gathered approved smishing 7k,gathered_approved_smishing,imc25_english_smish_08592,Your HSBC account has been locked due to exceeded failed login attempts. To unlock your account visit,smishing_corpus_row,smishing,accepted,approved,false,false,false,data\final\approved_smishing_messages.csv,original_source=Smishing-Dataset-IMC25; scam_category=banking; strict-clean approved gathered smishing row.,your hsbc account has been locked due to exceeded failed login attempts to unlock your account visit,,1,true,Smishing-Dataset-IMC25,smishing,Your HSBC account has been locked due to exceeded failed login attempts. To unlock your account visit,Your HSBC account has been locked due to exceeded failed login attempts. To unlock your account visit,True,original_unredacted,cleaned_from_raw,False,found_in_source_archive,Selected gathered final `message_raw` as the least-redacted available text.,excluded_duplicate_raw_available,,gathered_imc25_english_smish_08592,False,duplicate_against_raw_required_dataset
gathered_imc25_english_smish_08625,Smishing-Dataset-IMC25,Gathered approved smishing 7k,gathered_approved_smishing,imc25_english_smish_08625,"Unusual credit card activity is noted. Please confirm your personal data, otherwise we will be forced to block it.",smishing_corpus_row,smishing,accepted,approved,false,false,false,data\final\approved_smishing_messages.csv,original_source=Smishing-Dataset-IMC25; scam_category=banking; strict-clean approved gathered smishing row.,unusual credit card activity is noted please confirm your personal data otherwise we will be forced to block it,,1,true,Smishing-Dataset-IMC25,smishing,"Unusual credit card activity is noted. Please confirm your personal data, otherwise we will be forced to block it.","Unusual credit card activity is noted. Please confirm your personal data, otherwise we will be forced to block it.",True,original_unredacted,cleaned_from_raw,False,found_in_source_archive,Selected gathered final `message_raw` as the least-redacted available text.,excluded_duplicate_raw_available,,gathered_imc25_english_smish_08625,False,duplicate_against_raw_required_dataset
gathered_imc25_english_smish_08638,Smishing-Dataset-IMC25,Gathered approved smishing 7k,gathered_approved_smishing,imc25_english_smish_08638,(Wells Fargo Update) We regret to inform you that your Wells Fargo account is suspended. Update your personal information at,smishing_corpus_row,smishing,accepted,approved,false,false,false,data\final\approved_smishing_messages.csv,original_source=Smishing-Dataset-IMC25; scam_category=banking; strict-clean approved gathered smishing row.,wells fargo update we regret to inform you that your wells fargo account is suspended update your personal information at,,1,true,Smishing-Dataset-IMC25,smishing,(Wells Fargo Update) We regret to inform you that your Wells Fargo account is suspended. Update your personal information at,(Wells Fargo Update) We regret to inform you that your Wells Fargo account is suspended. Update your personal information at,True,original_unredacted,cleaned_from_raw,False,found_in_source_archive,Selected gathered final `message_raw` as the least-redacted available text.,excluded_duplicate_raw_available,,gathered_imc25_english_smish_08638,False,duplicate_against_raw_required_dataset
gathered_imc25_english_smish_08670,Smishing-Dataset-IMC25,Gathered approved smishing 7k,gathered_approved_smishing,imc25_english_smish_08670,We have limited your PayPal Services due to suspicious activity. Help us serve you better by taking a moment to verify your details at,smishing_corpus_row,smishing,accepted,approved,false,false,false,data\final\approved_smishing_messages.csv,original_source=Smishing-Dataset-IMC25; scam_category=banking; strict-clean approved gathered smishing row.,we have limited your paypal services due to suspicious activity help us serve you better by taking a moment to verify your details at,,1,true,Smishing-Dataset-IMC25,smishing,"We have limited your PayPal Services due to suspicious activity.
Help us serve you better by taking a moment to verify your details at",We have limited your PayPal Services due to suspicious activity. Help us serve you better by taking a moment to verify your details at,True,original_unredacted,cleaned_from_raw,False,found_in_source_archive,Selected gathered final `message_raw` as the least-redacted available text.,excluded_duplicate_raw_available,,gathered_imc25_english_smish_08670,False,duplicate_against_raw_required_dataset
gathered_imc25_english_smish_08671,Smishing-Dataset-IMC25,Gathered approved smishing 7k,gathered_approved_smishing,imc25_english_smish_08671,"Your KYC has been updated successfully in <LOCATION> wallet, you will get <OTP> cashback in ytpour wallet, To get cashback click here Link",smishing_corpus_row,smishing,accepted,approved,false,false,false,data\final\approved_smishing_messages.csv,original_source=Smishing-Dataset-IMC25; scam_category=banking; strict-clean approved gathered smishing row.,your kyc has been updated successfully in <location> wallet you will get <otp> cashback in ytpour wallet to get cashback click here link,,1,true,Smishing-Dataset-IMC25,smishing,"Your KYC has been updated successfully in <LOCATION> wallet, you will get 1205 cashback in ytpour wallet, To get cashback click here Link","Your KYC has been updated successfully in <LOCATION> wallet, you will get 1205 cashback in ytpour wallet, To get cashback click here Link",True,original_unredacted,cleaned_from_raw,False,found_in_source_archive,Selected gathered final `message_raw` as the least-redacted available text.,excluded_duplicate_raw_available,,gathered_imc25_english_smish_08671,False,duplicate_against_raw_required_dataset
gathered_imc25_english_smish_08677,Smishing-Dataset-IMC25,Gathered approved smishing 7k,gathered_approved_smishing,imc25_english_smish_08677,(ALERT) Your access to Scotia OnLine and Mobile Banking services has been suspended. Please visit,smishing_corpus_row,smishing,accepted,approved,false,false,false,data\final\approved_smishing_messages.csv,original_source=Smishing-Dataset-IMC25; scam_category=banking; strict-clean approved gathered smishing row.,alert your access to scotia online and mobile banking services has been suspended please visit,,1,true,Smishing-Dataset-IMC25,smishing,(ALERT) Your access to Scotia OnLine and Mobile Banking services has been suspended. Please visit,(ALERT) Your access to Scotia OnLine and Mobile Banking services has been suspended. Please visit,True,original_unredacted,cleaned_from_raw,False,found_in_source_archive,Selected gathered final `message_raw` as the least-redacted available text.,excluded_duplicate_raw_available,,gathered_imc25_english_smish_08677,False,duplicate_against_raw_required_dataset
gathered_imc25_english_smish_08678,Smishing-Dataset-IMC25,Gathered approved smishing 7k,gathered_approved_smishing,imc25_english_smish_08678,"Standard Bank: Dear Mr Nzimande, to date we have not yet received proof of your vehicle insurance. In terms of your finance agreement, we will now insure your vehicle on your behalf. Your car will only be covered from receipt of the first premium. Call us on <PHONE> for any queries. Std call rates apply.",smishing_corpus_row,smishing,accepted,approved,false,false,false,data\final\approved_smishing_messages.csv,original_source=Smishing-Dataset-IMC25; scam_category=banking; strict-clean approved gathered smishing row.,standard bank dear mr nzimande to date we have not yet received proof of your vehicle insurance in terms of your finance agreement we will now insure your vehicle on your behalf your car will only be covered from receipt of the first premium call us on <phone> for any queries std call rates apply,,1,true,Smishing-Dataset-IMC25,smishing,"Standard Bank: Dear Mr Nzimande, to date we have not yet received proof of your vehicle insurance. In terms of your finance agreement, we will now insure your vehicle on your behalf. Your car will only be covered from receipt of the first premium. Call us on 0860 555 781 for any queries. Std call rates apply.","Standard Bank: Dear Mr Nzimande, to date we have not yet received proof of your vehicle insurance. In terms of your finance agreement, we will now insure your vehicle on your behalf. Your car will only be covered from receipt of the first premium. Call us on <PHONE> for any queries. Std call rates apply.",True,original_unredacted,cleaned_from_raw,False,found_in_source_archive,Selected gathered final `message_raw` as the least-redacted available text.,excluded_duplicate_raw_available,,gathered_imc25_english_smish_08678,False,duplicate_against_raw_required_dataset
gathered_imc25_english_smish_08683,Smishing-Dataset-IMC25,Gathered approved smishing 7k,gathered_approved_smishing,imc25_english_smish_08683,"Your account has been locked. To restore access please visit your local branch, or reactivate now by visiting <URL>",smishing_corpus_row,smishing,accepted,approved,false,false,false,data\final\approved_smishing_messages.csv,original_source=Smishing-Dataset-IMC25; scam_category=banking; strict-clean approved gathered smishing row.,your account has been locked to restore access please visit your local branch or reactivate now by visiting <url>,,1,true,Smishing-Dataset-IMC25,smishing,"Your account has been locked. To restore access please visit your local branch, or reactivate now by visiting http://<IP_ADDRESS>","Your account has been locked. To restore access please visit your local branch, or reactivate now by visiting http://<IP_ADDRESS>",True,original_unredacted,cleaned_from_raw,False,found_in_source_archive,Selected gathered final `message_raw` as the least-redacted available text.,excluded_duplicate_raw_available,,gathered_imc25_english_smish_08683,False,duplicate_against_raw_required_dataset
gathered_imc25_english_smish_08688,Smishing-Dataset-IMC25,Gathered approved smishing 7k,gathered_approved_smishing,imc25_english_smish_08688,Your kyc has been updated successfully in paytm wallet <OTP> you cashback click link,smishing_corpus_row,smishing,accepted,approved,false,false,false,data\final\approved_smishing_messages.csv,original_source=Smishing-Dataset-IMC25; scam_category=banking; strict-clean approved gathered smishing row.,your kyc has been updated successfully in paytm wallet <otp> you cashback click link,,1,true,Smishing-Dataset-IMC25,smishing,Your kyc has been updated successfully in paytm wallet 1000 you cashback click link,Your kyc has been updated successfully in paytm wallet 1000 you cashback click link,True,original_unredacted,cleaned_from_raw,False,found_in_source_archive,Selected gathered final `message_raw` as the least-redacted available text.,excluded_duplicate_raw_available,,gathered_imc25_english_smish_08688,False,duplicate_against_raw_required_dataset
gathered_imc25_english_smish_08689,Smishing-Dataset-IMC25,Gathered approved smishing 7k,gathered_approved_smishing,imc25_english_smish_08689,"Rs.<US_DRIVER_LICENSE>, Account Transfer Is Approved For You, Complete Few Details To Get Money In Account. Easy Approvals, Click here To Get",smishing_corpus_row,smishing,accepted,approved,false,false,false,data\final\approved_smishing_messages.csv,original_source=Smishing-Dataset-IMC25; scam_category=banking; strict-clean approved gathered smishing row.,rs <us driver license> account transfer is approved for you complete few details to get money in account easy approvals click here to get,,1,true,Smishing-Dataset-IMC25,smishing,"Rs.<US_DRIVER_LICENSE>, Account Transfer Is Approved For You, Complete Few Details To Get Money In Account. Easy Approvals, Click here To Get","Rs.<US_DRIVER_LICENSE>, Account Transfer Is Approved For You, Complete Few Details To Get Money In Account. Easy Approvals, Click here To Get",True,original_unredacted,cleaned_from_raw,False,found_in_source_archive,Selected gathered final `message_raw` as the least-redacted available text.,excluded_duplicate_raw_available,,gathered_imc25_english_smish_08689,False,duplicate_against_raw_required_dataset
gathered_imc25_english_smish_08690,Smishing-Dataset-IMC25,Gathered approved smishing 7k,gathered_approved_smishing,imc25_english_smish_08690,Dear Customer your ATM card has been blocked Because you have not update yet If you want to keep using your ATM card please call our number as05238226303,smishing_corpus_row,smishing,accepted,approved,false,false,false,data\final\approved_smishing_messages.csv,original_source=Smishing-Dataset-IMC25; scam_category=banking; strict-clean approved gathered smishing row.,dear customer your atm card has been blocked because you have not update yet if you want to keep using your atm card please call our number as05238226303,,1,true,Smishing-Dataset-IMC25,smishing,Dear Customer your ATM card has been blocked Because you have not update yet If you want to keep using your ATM card please call our number as05238226303,Dear Customer your ATM card has been blocked Because you have not update yet If you want to keep using your ATM card please call our number as05238226303,True,original_unredacted,cleaned_from_raw,False,found_in_source_archive,Selected gathered final `message_raw` as the least-redacted available text.,excluded_duplicate_raw_available,,gathered_imc25_english_smish_08690,False,duplicate_against_raw_required_dataset
gathered_imc25_english_smish_08698,Smishing-Dataset-IMC25,Gathered approved smishing 7k,gathered_approved_smishing,imc25_english_smish_08698,"Your KYC has been updated success-fully in your <LOCATION> wallet, you will get <OTP> cashback. To get cashback click here link",smishing_corpus_row,smishing,accepted,approved,false,false,false,data\final\approved_smishing_messages.csv,original_source=Smishing-Dataset-IMC25; scam_category=banking; strict-clean approved gathered smishing row.,your kyc has been updated success fully in your <location> wallet you will get <otp> cashback to get cashback click here link,,1,true,Smishing-Dataset-IMC25,smishing,"Your KYC has been updated success-fully in your <LOCATION> wallet, you will get 1100 cashback. To get cashback click here link","Your KYC has been updated success-fully in your <LOCATION> wallet, you will get 1100 cashback. To get cashback click here link",True,original_unredacted,cleaned_from_raw,False,found_in_source_archive,Selected gathered final `message_raw` as the least-redacted available text.,excluded_duplicate_raw_available,,gathered_imc25_english_smish_08698,False,duplicate_against_raw_required_dataset
gathered_imc25_english_smish_08701,Smishing-Dataset-IMC25,Gathered approved smishing 7k,gathered_approved_smishing,imc25_english_smish_08701,"Hello, MOBIKWIK has requested money on your Google Pay UPI app. On approving, Rs. <OTP>.00 will be debited from your account.",smishing_corpus_row,smishing,accepted,approved,false,false,false,data\final\approved_smishing_messages.csv,original_source=Smishing-Dataset-IMC25; scam_category=banking; strict-clean approved gathered smishing row.,hello mobikwik has requested money on your google pay upi app on approving rs <otp> 00 will be debited from your account,,1,true,Smishing-Dataset-IMC25,smishing,"Hello, MOBIKWIK has requested money on your Google Pay UPI app. On approving, Rs. 5000.00 will be debited from your account.","Hello, MOBIKWIK has requested money on your Google Pay UPI app. On approving, Rs. 5000.00 will be debited from your account.",True,original_unredacted,cleaned_from_raw,False,found_in_source_archive,Selected gathered final `message_raw` as the least-redacted available text.,excluded_duplicate_raw_available,,gathered_imc25_english_smish_08701,False,duplicate_against_raw_required_dataset
gathered_imc25_english_smish_08723,Smishing-Dataset-IMC25,Gathered approved smishing 7k,gathered_approved_smishing,imc25_english_smish_08723,Your account and ATM card has been closed if you do not call then you have to pay money a bank so just call that number,smishing_corpus_row,smishing,accepted,approved,false,false,false,data\final\approved_smishing_messages.csv,original_source=Smishing-Dataset-IMC25; scam_category=banking; strict-clean approved gathered smishing row.,your account and atm card has been closed if you do not call then you have to pay money a bank so just call that number,,1,true,Smishing-Dataset-IMC25,smishing,Your account and ATM card has been closed if you do not call then you have to pay money a bank so just call that number,Your account and ATM card has been closed if you do not call then you have to pay money a bank so just call that number,True,original_unredacted,cleaned_from_raw,False,found_in_source_archive,Selected gathered final `message_raw` as the least-redacted available text.,excluded_duplicate_raw_available,,gathered_imc25_english_smish_08723,False,duplicate_against_raw_required_dataset
gathered_imc25_english_smish_08739,Smishing-Dataset-IMC25,Gathered approved smishing 7k,gathered_approved_smishing,imc25_english_smish_08739,"Your KYC has been updated successfully in <LOCATION> wallet, you will get <OTP> cashback in your wallet, To get cashback click here Link",smishing_corpus_row,smishing,accepted,approved,false,false,false,data\final\approved_smishing_messages.csv,original_source=Smishing-Dataset-IMC25; scam_category=banking; strict-clean approved gathered smishing row.,your kyc has been updated successfully in <location> wallet you will get <otp> cashback in your wallet to get cashback click here link,,1,true,Smishing-Dataset-IMC25,smishing,"Your KYC has been updated successfully in <LOCATION> wallet, you will get 1100 cashback in your wallet, To get cashback click here Link","Your KYC has been updated successfully in <LOCATION> wallet, you will get 1100 cashback in your wallet, To get cashback click here Link",True,original_unredacted,cleaned_from_raw,False,found_in_source_archive,Selected gathered final `message_raw` as the least-redacted available text.,excluded_duplicate_raw_available,,gathered_imc25_english_smish_08739,False,duplicate_against_raw_required_dataset
gathered_imc25_english_smish_08740,Smishing-Dataset-IMC25,Gathered approved smishing 7k,gathered_approved_smishing,imc25_english_smish_08740,Hey there! We need to verify your Revolut account.,smishing_corpus_row,smishing,accepted,approved,false,false,false,data\final\approved_smishing_messages.csv,original_source=Smishing-Dataset-IMC25; scam_category=banking; strict-clean approved gathered smishing row.,hey there we need to verify your revolut account,,1,true,Smishing-Dataset-IMC25,smishing,Hey there! We need to verify your Revolut account.,Hey there! We need to verify your Revolut account.,True,original_unredacted,cleaned_from_raw,False,found_in_source_archive,Selected gathered final `message_raw` as the least-redacted available text.,excluded_duplicate_raw_available,,gathered_imc25_english_smish_08740,False,duplicate_against_raw_required_dataset
gathered_imc25_english_smish_08766,Smishing-Dataset-IMC25,Gathered approved smishing 7k,gathered_approved_smishing,imc25_english_smish_08766,Dear Client your card has BEEn BLOCKED Because you hAVE NOT UPDATE If You want TO kEEP using Your ATM Card please call our,smishing_corpus_row,smishing,accepted,approved,false,false,false,data\final\approved_smishing_messages.csv,original_source=Smishing-Dataset-IMC25; scam_category=banking; strict-clean approved gathered smishing row.,dear client your card has been blocked because you have not update if you want to keep using your atm card please call our,,1,true,Smishing-Dataset-IMC25,smishing,Dear Client your card has BEEn BLOCKED Because you hAVE NOT UPDATE If You want TO kEEP using Your ATM Card please call our,Dear Client your card has BEEn BLOCKED Because you hAVE NOT UPDATE If You want TO kEEP using Your ATM Card please call our,True,original_unredacted,cleaned_from_raw,False,found_in_source_archive,Selected gathered final `message_raw` as the least-redacted available text.,excluded_duplicate_raw_available,,gathered_imc25_english_smish_08766,False,duplicate_against_raw_required_dataset
gathered_imc25_english_smish_08777,Smishing-Dataset-IMC25,Gathered approved smishing 7k,gathered_approved_smishing,imc25_english_smish_08777,"Barclays Support: our security team has tried to contact you regarding your online Banking, Please verify your details.",smishing_corpus_row,smishing,accepted,approved,false,false,false,data\final\approved_smishing_messages.csv,original_source=Smishing-Dataset-IMC25; scam_category=banking; strict-clean approved gathered smishing row.,barclays support our security team has tried to contact you regarding your online banking please verify your details,,1,true,Smishing-Dataset-IMC25,smishing,"Barclays Support: our security team has tried to contact you regarding your online Banking, Please verify your details.","Barclays Support: our security team has tried to contact you regarding your online Banking, Please verify your details.",True,original_unredacted,cleaned_from_raw,False,found_in_source_archive,Selected gathered final `message_raw` as the least-redacted available text.,excluded_duplicate_raw_available,,gathered_imc25_english_smish_08777,False,duplicate_against_raw_required_dataset
gathered_imc25_english_smish_08779,Smishing-Dataset-IMC25,Gathered approved smishing 7k,gathered_approved_smishing,imc25_english_smish_08779,"Your Chase account is suspended temporarily due to multiple incorrect login attempts. To restore this accounts access, click here.",smishing_corpus_row,smishing,accepted,approved,false,false,false,data\final\approved_smishing_messages.csv,original_source=Smishing-Dataset-IMC25; scam_category=banking; strict-clean approved gathered smishing row.,your chase account is suspended temporarily due to multiple incorrect login attempts to restore this accounts access click here,,1,true,Smishing-Dataset-IMC25,smishing,"Your Chase account is suspended temporarily due to multiple incorrect login attempts. To restore this accounts access, click here.","Your Chase account is suspended temporarily due to multiple incorrect login attempts. To restore this accounts access, click here.",True,original_unredacted,cleaned_from_raw,False,found_in_source_archive,Selected gathered final `message_raw` as the least-redacted available text.,excluded_duplicate_raw_available,,gathered_imc25_english_smish_08779,False,duplicate_against_raw_required_dataset
gathered_imc25_english_smish_08785,Smishing-Dataset-IMC25,Gathered approved smishing 7k,gathered_approved_smishing,imc25_english_smish_08785,Dear customer your ATM card has 'been blo'cked if you want to update contact us this is number,smishing_corpus_row,smishing,accepted,approved,false,false,false,data\final\approved_smishing_messages.csv,original_source=Smishing-Dataset-IMC25; scam_category=banking; strict-clean approved gathered smishing row.,dear customer your atm card has been blo cked if you want to update contact us this is number,,1,true,Smishing-Dataset-IMC25,smishing,Dear customer your ATM card has 'been blo'cked if you want to update contact us this is number,Dear customer your ATM card has 'been blo'cked if you want to update contact us this is number,True,original_unredacted,cleaned_from_raw,False,found_in_source_archive,Selected gathered final `message_raw` as the least-redacted available text.,excluded_duplicate_raw_available,,gathered_imc25_english_smish_08785,False,duplicate_against_raw_required_dataset
gathered_imc25_english_smish_08790,Smishing-Dataset-IMC25,Gathered approved smishing 7k,gathered_approved_smishing,imc25_english_smish_08790,Welcome to paytm payment bank your kyc done successful in your wallet get <OTP> kyc cashback click in link and login your paytm,smishing_corpus_row,smishing,accepted,approved,false,false,false,data\final\approved_smishing_messages.csv,original_source=Smishing-Dataset-IMC25; scam_category=banking; strict-clean approved gathered smishing row.,welcome to paytm payment bank your kyc done successful in your wallet get <otp> kyc cashback click in link and login your paytm,,1,true,Smishing-Dataset-IMC25,smishing,Welcome to paytm payment bank your kyc done successful in your wallet get 1000 kyc cashback click in link and login your paytm,Welcome to paytm payment bank your kyc done successful in your wallet get 1000 kyc cashback click in link and login your paytm,True,original_unredacted,cleaned_from_raw,False,found_in_source_archive,Selected gathered final `message_raw` as the least-redacted available text.,excluded_duplicate_raw_available,,gathered_imc25_english_smish_08790,False,duplicate_against_raw_required_dataset
gathered_imc25_english_smish_08796,Smishing-Dataset-IMC25,Gathered approved smishing 7k,gathered_approved_smishing,imc25_english_smish_08796,Welcome to Paytm payment bank your re verification done successful in your wallet get 700 verify cashback click in link and login your paytm,smishing_corpus_row,smishing,accepted,approved,false,false,false,data\final\approved_smishing_messages.csv,original_source=Smishing-Dataset-IMC25; scam_category=banking; strict-clean approved gathered smishing row.,welcome to paytm payment bank your re verification done successful in your wallet get <num> verify cashback click in link and login your paytm,,1,true,Smishing-Dataset-IMC25,smishing,Welcome to Paytm payment bank your re verification done successful in your wallet get 700 verify cashback click in link and login your paytm,Welcome to Paytm payment bank your re verification done successful in your wallet get 700 verify cashback click in link and login your paytm,True,original_unredacted,cleaned_from_raw,False,found_in_source_archive,Selected gathered final `message_raw` as the least-redacted available text.,excluded_duplicate_raw_available,,gathered_imc25_english_smish_08796,False,duplicate_against_raw_required_dataset
gathered_imc25_english_smish_08800,Smishing-Dataset-IMC25,Gathered approved smishing 7k,gathered_approved_smishing,imc25_english_smish_08800,Paytm payment bank re verification secure login link https:,smishing_corpus_row,smishing,accepted,approved,false,false,false,data\final\approved_smishing_messages.csv,original_source=Smishing-Dataset-IMC25; scam_category=banking; strict-clean approved gathered smishing row.,paytm payment bank re verification secure login link https,,1,true,Smishing-Dataset-IMC25,smishing,Paytm payment bank re verification secure login link https:,Paytm payment bank re verification secure login link https:,True,original_unredacted,cleaned_from_raw,False,found_in_source_archive,Selected gathered final `message_raw` as the least-redacted available text.,excluded_duplicate_raw_available,,gathered_imc25_english_smish_08800,False,duplicate_against_raw_required_dataset
gathered_imc25_english_smish_08817,Smishing-Dataset-IMC25,Gathered approved smishing 7k,gathered_approved_smishing,imc25_english_smish_08817,We noticed some suspicious activity on your NAB account. Please verify it's you. Follow,smishing_corpus_row,smishing,accepted,approved,false,false,false,data\final\approved_smishing_messages.csv,original_source=Smishing-Dataset-IMC25; scam_category=banking; strict-clean approved gathered smishing row.,we noticed some suspicious activity on your nab account please verify it s you follow,,1,true,Smishing-Dataset-IMC25,smishing,We noticed some suspicious activity on your NAB account. Please verify it's you. Follow,We noticed some suspicious activity on your NAB account. Please verify it's you. Follow,True,original_unredacted,cleaned_from_raw,False,found_in_source_archive,Selected gathered final `message_raw` as the least-redacted available text.,excluded_duplicate_raw_available,,gathered_imc25_english_smish_08817,False,duplicate_against_raw_required_dataset
gathered_imc25_english_smish_08824,Smishing-Dataset-IMC25,Gathered approved smishing 7k,gathered_approved_smishing,imc25_english_smish_08824,"Dear customer your ATM,, card has been blo'cked if you want to update contact us this is number Direct Dial :",smishing_corpus_row,smishing,accepted,approved,false,false,false,data\final\approved_smishing_messages.csv,original_source=Smishing-Dataset-IMC25; scam_category=banking; strict-clean approved gathered smishing row.,dear customer your atm card has been blo cked if you want to update contact us this is number direct dial,,1,true,Smishing-Dataset-IMC25,smishing,"Dear customer your ATM,, card has been blo'cked if you want to update contact us this is number Direct Dial :","Dear customer your ATM,, card has been blo'cked if you want to update contact us this is number Direct Dial:",True,original_unredacted,cleaned_from_raw,False,found_in_source_archive,Selected gathered final `message_raw` as the least-redacted available text.,excluded_duplicate_raw_available,,gathered_imc25_english_smish_08824,False,duplicate_against_raw_required_dataset
gathered_imc25_english_smish_08855,Smishing-Dataset-IMC25,Gathered approved smishing 7k,gathered_approved_smishing,imc25_english_smish_08855,"Dear Customer, An incoming payment of MYR 5,500 has been placed on hold due to a RESTRICTION on your rakayat online account. Click here to specify restrictions and update your records with us. Best Regards, Bank Rakyat.",smishing_corpus_row,smishing,accepted,approved,false,false,false,data\final\approved_smishing_messages.csv,original_source=Smishing-Dataset-IMC25; scam_category=banking; strict-clean approved gathered smishing row.,dear customer an incoming payment of myr 5 <num> has been placed on hold due to a restriction on your rakayat online account click here to specify restrictions and update your records with us best regards bank rakyat,,1,true,Smishing-Dataset-IMC25,smishing,"Dear Customer,
An incoming payment of MYR 5,500 has been placed on hold due to a RESTRICTION on your rakayat online account.
Click here to specify restrictions and update your records with us.
Best Regards,
Bank Rakyat.","Dear Customer, An incoming payment of MYR 5,500 has been placed on hold due to a RESTRICTION on your rakayat online account. Click here to specify restrictions and update your records with us. Best Regards, Bank Rakyat.",True,original_unredacted,cleaned_from_raw,False,found_in_source_archive,Selected gathered final `message_raw` as the least-redacted available text.,excluded_duplicate_raw_available,,gathered_imc25_english_smish_08855,False,duplicate_against_raw_required_dataset
gathered_imc25_english_smish_08859,Smishing-Dataset-IMC25,Gathered approved smishing 7k,gathered_approved_smishing,imc25_english_smish_08859,"HSBC Fraud Alert: Possible unauthorised transactions on card ending ***139.99GBP 21THREE CLOTHING COMPA. If you made all transactions reply Y, otherwise reply N.",smishing_corpus_row,smishing,accepted,approved,false,false,false,data\final\approved_smishing_messages.csv,original_source=Smishing-Dataset-IMC25; scam_category=banking; strict-clean approved gathered smishing row.,hsbc fraud alert possible unauthorised transactions on card ending <num> 99gbp 21three clothing compa if you made all transactions reply y otherwise reply n,,1,true,Smishing-Dataset-IMC25,smishing,"HSBC Fraud Alert: Possible unauthorised transactions on card ending ***139.99GBP 21THREE CLOTHING COMPA. If you made all transactions reply Y, otherwise reply N.","HSBC Fraud Alert: Possible unauthorised transactions on card ending ***139.99GBP 21THREE CLOTHING COMPA. If you made all transactions reply Y, otherwise reply N.",True,original_unredacted,cleaned_from_raw,False,found_in_source_archive,Selected gathered final `message_raw` as the least-redacted available text.,excluded_duplicate_raw_available,,gathered_imc25_english_smish_08859,False,duplicate_against_raw_required_dataset
gathered_imc25_english_smish_08860,Smishing-Dataset-IMC25,Gathered approved smishing 7k,gathered_approved_smishing,imc25_english_smish_08860,Your Newcastle Permanent ID has been locked for security reasons Please Login and verify your identity.,smishing_corpus_row,smishing,accepted,approved,false,false,false,data\final\approved_smishing_messages.csv,original_source=Smishing-Dataset-IMC25; scam_category=banking; strict-clean approved gathered smishing row.,your newcastle permanent id has been locked for security reasons please login and verify your identity,,1,true,Smishing-Dataset-IMC25,smishing,Your Newcastle Permanent ID has been locked for security reasons Please Login and verify your identity.,Your Newcastle Permanent ID has been locked for security reasons Please Login and verify your identity.,True,original_unredacted,cleaned_from_raw,False,found_in_source_archive,Selected gathered final `message_raw` as the least-redacted available text.,excluded_duplicate_raw_available,,gathered_imc25_english_smish_08860,False,duplicate_against_raw_required_dataset
gathered_imc25_english_smish_08873,Smishing-Dataset-IMC25,Gathered approved smishing 7k,gathered_approved_smishing,imc25_english_smish_08873,PayPal: Your account has been suspended due to security reasons. In order to reinstate your account follow the link to confirm your details:,smishing_corpus_row,smishing,accepted,approved,false,false,false,data\final\approved_smishing_messages.csv,original_source=Smishing-Dataset-IMC25; scam_category=banking; strict-clean approved gathered smishing row.,paypal your account has been suspended due to security reasons in order to reinstate your account follow the link to confirm your details,,1,true,Smishing-Dataset-IMC25,smishing,PayPal: Your account has been suspended due to security reasons. In order to reinstate your account follow the link to confirm your details:,PayPal: Your account has been suspended due to security reasons. In order to reinstate your account follow the link to confirm your details:,True,original_unredacted,cleaned_from_raw,False,found_in_source_archive,Selected gathered final `message_raw` as the least-redacted available text.,excluded_duplicate_raw_available,,gathered_imc25_english_smish_08873,False,duplicate_against_raw_required_dataset
gathered_imc25_english_smish_08878,Smishing-Dataset-IMC25,Gathered approved smishing 7k,gathered_approved_smishing,imc25_english_smish_08878,This is a fraud alert from HSBC. We need to verify recent transactions. Shortly you will receive a message from <US_BANK_NUMBER> with directions on how to respond. We may decline your card until we have a response. Standard network charges apply.,smishing_corpus_row,smishing,accepted,approved,false,false,false,data\final\approved_smishing_messages.csv,original_source=Smishing-Dataset-IMC25; scam_category=banking; strict-clean approved gathered smishing row.,this is a fraud alert from hsbc we need to verify recent transactions shortly you will receive a message from <us bank number> with directions on how to respond we may decline your card until we have a response standard network charges apply,,1,true,Smishing-Dataset-IMC25,smishing,This is a fraud alert from HSBC. We need to verify recent transactions. Shortly you will receive a message from <US_BANK_NUMBER> with directions on how to respond. We may decline your card until we have a response. Standard network charges apply.,This is a fraud alert from HSBC. We need to verify recent transactions. Shortly you will receive a message from <US_BANK_NUMBER> with directions on how to respond. We may decline your card until we have a response. Standard network charges apply.,True,original_unredacted,cleaned_from_raw,False,found_in_source_archive,Selected gathered final `message_raw` as the least-redacted available text.,excluded_duplicate_raw_available,,gathered_imc25_english_smish_08878,False,duplicate_against_raw_required_dataset
gathered_imc25_english_smish_08940,Smishing-Dataset-IMC25,Gathered approved smishing 7k,gathered_approved_smishing,imc25_english_smish_08940,Welcome to Paytm payment bank your kyc verification done successful in your wallet get <OTP> cashback click link approved by RBI,smishing_corpus_row,smishing,accepted,approved,false,false,false,data\final\approved_smishing_messages.csv,original_source=Smishing-Dataset-IMC25; scam_category=banking; strict-clean approved gathered smishing row.,welcome to paytm payment bank your kyc verification done successful in your wallet get <otp> cashback click link approved by rbi,,1,true,Smishing-Dataset-IMC25,smishing,Welcome to Paytm payment bank your kyc verification done successful in your wallet get 1210 cashback click link approved by RBI,Welcome to Paytm payment bank your kyc verification done successful in your wallet get 1210 cashback click link approved by RBI,True,original_unredacted,cleaned_from_raw,False,found_in_source_archive,Selected gathered final `message_raw` as the least-redacted available text.,excluded_duplicate_raw_available,,gathered_imc25_english_smish_08940,False,duplicate_against_raw_required_dataset
gathered_imc25_english_smish_08943,Smishing-Dataset-IMC25,Gathered approved smishing 7k,gathered_approved_smishing,imc25_english_smish_08943,Dear Mr Heslop Administration Order Absa Bank. Kindly contact Red Admin on <UK_NHS> or <EMAIL_ADDRESS> to confirm that you are currently under Administration as well as the name of your Administrator. Thank you.,smishing_corpus_row,smishing,accepted,approved,false,false,false,data\final\approved_smishing_messages.csv,original_source=Smishing-Dataset-IMC25; scam_category=banking; strict-clean approved gathered smishing row.,dear mr heslop administration order absa bank kindly contact red admin on <uk nhs> or <email address> to confirm that you are currently under administration as well as the name of your administrator thank you,,1,true,Smishing-Dataset-IMC25,smishing,Dear Mr Heslop Administration Order Absa Bank. Kindly contact Red Admin on <UK_NHS> or <EMAIL_ADDRESS> to confirm that you are currently under Administration as well as the name of your Administrator. Thank you.,Dear Mr Heslop Administration Order Absa Bank. Kindly contact Red Admin on <UK_NHS> or <EMAIL_ADDRESS> to confirm that you are currently under Administration as well as the name of your Administrator. Thank you.,True,original_unredacted,cleaned_from_raw,False,found_in_source_archive,Selected gathered final `message_raw` as the least-redacted available text.,excluded_duplicate_raw_available,,gathered_imc25_english_smish_08943,False,duplicate_against_raw_required_dataset
gathered_imc25_english_smish_08962,Smishing-Dataset-IMC25,Gathered approved smishing 7k,gathered_approved_smishing,imc25_english_smish_08962,"ALERTS, Your A,T,M is blocked because of security reason call our number to unblock your card.",smishing_corpus_row,smishing,accepted,approved,false,false,false,data\final\approved_smishing_messages.csv,original_source=Smishing-Dataset-IMC25; scam_category=banking; strict-clean approved gathered smishing row.,alerts your a t m is blocked because of security reason call our number to unblock your card,,1,true,Smishing-Dataset-IMC25,smishing,"ALERTS, Your A,T,M is blocked because of security reason call our number to unblock your card.","ALERTS, Your A,T,M is blocked because of security reason call our number to unblock your card.",True,original_unredacted,cleaned_from_raw,False,found_in_source_archive,Selected gathered final `message_raw` as the least-redacted available text.,excluded_duplicate_raw_available,,gathered_imc25_english_smish_08962,False,duplicate_against_raw_required_dataset
gathered_imc25_english_smish_08967,Smishing-Dataset-IMC25,Gathered approved smishing 7k,gathered_approved_smishing,imc25_english_smish_08967,Your HSBC Online Banking has been disabled for security reasons. Please authenticate at <URL> to unlock.,smishing_corpus_row,smishing,accepted,approved,false,false,false,data\final\approved_smishing_messages.csv,original_source=Smishing-Dataset-IMC25; scam_category=banking; strict-clean approved gathered smishing row.,your hsbc online banking has been disabled for security reasons please authenticate at <url> to unlock,,1,true,Smishing-Dataset-IMC25,smishing,Your HSBC Online Banking has been disabled for security reasons. Please authenticate at http://<IP_ADDRESS>/ to unlock.,Your HSBC Online Banking has been disabled for security reasons. Please authenticate at http://<IP_ADDRESS>/ to unlock.,True,original_unredacted,cleaned_from_raw,False,found_in_source_archive,Selected gathered final `message_raw` as the least-redacted available text.,excluded_duplicate_raw_available,,gathered_imc25_english_smish_08967,False,duplicate_against_raw_required_dataset
gathered_imc25_english_smish_09010,Smishing-Dataset-IMC25,Gathered approved smishing 7k,gathered_approved_smishing,imc25_english_smish_09010,Wells Login Suspended. Please restore your access!,smishing_corpus_row,smishing,accepted,approved,false,false,false,data\final\approved_smishing_messages.csv,original_source=Smishing-Dataset-IMC25; scam_category=banking; strict-clean approved gathered smishing row.,wells login suspended please restore your access,,1,true,Smishing-Dataset-IMC25,smishing,Wells Login Suspended. Please restore your access!,Wells Login Suspended. Please restore your access!,True,original_unredacted,cleaned_from_raw,False,found_in_source_archive,Selected gathered final `message_raw` as the least-redacted available text.,excluded_duplicate_raw_available,,gathered_imc25_english_smish_09010,False,duplicate_against_raw_required_dataset
gathered_imc25_english_smish_09034,Smishing-Dataset-IMC25,Gathered approved smishing 7k,gathered_approved_smishing,imc25_english_smish_09034,Dear Customer your ATM Card Has been BLOCKED because you Have ot update yet If you want to keep using your ATM card please Call Our Number <UK_NHS>,smishing_corpus_row,smishing,accepted,approved,false,false,false,data\final\approved_smishing_messages.csv,original_source=Smishing-Dataset-IMC25; scam_category=banking; strict-clean approved gathered smishing row.,dear customer your atm card has been blocked because you have ot update yet if you want to keep using your atm card please call our number <uk nhs>,,1,true,Smishing-Dataset-IMC25,smishing,Dear Customer your ATM Card Has been BLOCKED because  you Have ot update yet If you want to keep using your ATM card please Call Our Number <UK_NHS>,Dear Customer your ATM Card Has been BLOCKED because you Have ot update yet If you want to keep using your ATM card please Call Our Number <UK_NHS>,True,original_unredacted,cleaned_from_raw,False,found_in_source_archive,Selected gathered final `message_raw` as the least-redacted available text.,excluded_duplicate_raw_available,,gathered_imc25_english_smish_09034,False,duplicate_against_raw_required_dataset
gathered_imc25_english_smish_09062,Smishing-Dataset-IMC25,Gathered approved smishing 7k,gathered_approved_smishing,imc25_english_smish_09062,"We tried to contact you regarding your online Banking, Please verify your account details.",smishing_corpus_row,smishing,accepted,approved,false,false,false,data\final\approved_smishing_messages.csv,original_source=Smishing-Dataset-IMC25; scam_category=banking; strict-clean approved gathered smishing row.,we tried to contact you regarding your online banking please verify your account details,,1,true,Smishing-Dataset-IMC25,smishing,"We tried to contact you regarding your online Banking, Please verify your account details.","We tried to contact you regarding your online Banking, Please verify your account details.",True,original_unredacted,cleaned_from_raw,False,found_in_source_archive,Selected gathered final `message_raw` as the least-redacted available text.,excluded_duplicate_raw_available,,gathered_imc25_english_smish_09062,False,duplicate_against_raw_required_dataset
gathered_imc25_english_smish_09097,Smishing-Dataset-IMC25,Gathered approved smishing 7k,gathered_approved_smishing,imc25_english_smish_09097,"Your internet banking has been disabled for security reasons, Please visit your local branch or unlock at <URL>",smishing_corpus_row,smishing,accepted,approved,false,false,false,data\final\approved_smishing_messages.csv,original_source=Smishing-Dataset-IMC25; scam_category=banking; strict-clean approved gathered smishing row.,your internet banking has been disabled for security reasons please visit your local branch or unlock at <url>,,1,true,Smishing-Dataset-IMC25,smishing,"Your internet banking has been disabled for security reasons, Please visit your local branch or unlock at http://<IP_ADDRESS>","Your internet banking has been disabled for security reasons, Please visit your local branch or unlock at http://<IP_ADDRESS>",True,original_unredacted,cleaned_from_raw,False,found_in_source_archive,Selected gathered final `message_raw` as the least-redacted available text.,excluded_duplicate_raw_available,,gathered_imc25_english_smish_09097,False,duplicate_against_raw_required_dataset
gathered_imc25_english_smish_09112,Smishing-Dataset-IMC25,Gathered approved smishing 7k,gathered_approved_smishing,imc25_english_smish_09112,Your request for upgrade to Full KYC wallet for mobile no. XXXXXXX1777 has been rejected. Please verify your details and try again.,smishing_corpus_row,smishing,accepted,approved,false,false,false,data\final\approved_smishing_messages.csv,original_source=Smishing-Dataset-IMC25; scam_category=banking; strict-clean approved gathered smishing row.,your request for upgrade to full kyc wallet for mobile no xxxxxxx1777 has been rejected please verify your details and try again,,1,true,Smishing-Dataset-IMC25,smishing,Your request for upgrade to Full KYC wallet for mobile no. XXXXXXX1777 has been rejected. Please verify your details and try again.,Your request for upgrade to Full KYC wallet for mobile no. XXXXXXX1777 has been rejected. Please verify your details and try again.,True,original_unredacted,cleaned_from_raw,False,found_in_source_archive,Selected gathered final `message_raw` as the least-redacted available text.,excluded_duplicate_raw_available,,gathered_imc25_english_smish_09112,False,duplicate_against_raw_required_dataset
gathered_imc25_english_smish_09127,Smishing-Dataset-IMC25,Gathered approved smishing 7k,gathered_approved_smishing,imc25_english_smish_09127,Your Internet Banking has been disabled for security reasons. To unlock your account please visit the secure link: <URL>,smishing_corpus_row,smishing,accepted,approved,false,false,false,data\final\approved_smishing_messages.csv,original_source=Smishing-Dataset-IMC25; scam_category=banking; strict-clean approved gathered smishing row.,your internet banking has been disabled for security reasons to unlock your account please visit the secure link <url>,,1,true,Smishing-Dataset-IMC25,smishing,Your Internet Banking has been disabled for security reasons. To unlock your account please visit the secure link: http://<IP_ADDRESS>/,Your Internet Banking has been disabled for security reasons. To unlock your account please visit the secure link: http://<IP_ADDRESS>/,True,original_unredacted,cleaned_from_raw,False,found_in_source_archive,Selected gathered final `message_raw` as the least-redacted available text.,excluded_duplicate_raw_available,,gathered_imc25_english_smish_09127,False,duplicate_against_raw_required_dataset
gathered_imc25_english_smish_09138,Smishing-Dataset-IMC25,Gathered approved smishing 7k,gathered_approved_smishing,imc25_english_smish_09138,ANZ Account Locked. Click the button below to unlock your account,smishing_corpus_row,smishing,accepted,approved,false,false,false,data\final\approved_smishing_messages.csv,original_source=Smishing-Dataset-IMC25; scam_category=banking; strict-clean approved gathered smishing row.,anz account locked click the button below to unlock your account,,1,true,Smishing-Dataset-IMC25,smishing,ANZ Account Locked. Click the button below to unlock your account,ANZ Account Locked. Click the button below to unlock your account,True,original_unredacted,cleaned_from_raw,False,found_in_source_archive,Selected gathered final `message_raw` as the least-redacted available text.,excluded_duplicate_raw_available,,gathered_imc25_english_smish_09138,False,duplicate_against_raw_required_dataset
gathered_imc25_english_smish_09158,Smishing-Dataset-IMC25,Gathered approved smishing 7k,gathered_approved_smishing,imc25_english_smish_09158,"Hello, Santaji here HDFC BANK Personal loan department. You having preapproval personal loan offer. If you having requirements call me this number. Thanks nd regard",smishing_corpus_row,smishing,accepted,approved,false,false,false,data\final\approved_smishing_messages.csv,original_source=Smishing-Dataset-IMC25; scam_category=banking; strict-clean approved gathered smishing row.,hello santaji here hdfc bank personal loan department you having preapproval personal loan offer if you having requirements call me this number thanks nd regard,,1,true,Smishing-Dataset-IMC25,smishing,"Hello,
Santaji here HDFC BANK
Personal loan department.

You having preapproval personal loan offer.

If you having requirements call me this number.

Thanks nd regard","Hello, Santaji here HDFC BANK Personal loan department. You having preapproval personal loan offer. If you having requirements call me this number. Thanks nd regard",True,original_unredacted,cleaned_from_raw,False,found_in_source_archive,Selected gathered final `message_raw` as the least-redacted available text.,excluded_duplicate_raw_available,,gathered_imc25_english_smish_09158,False,duplicate_against_raw_required_dataset
gathered_imc25_english_smish_09165,Smishing-Dataset-IMC25,Gathered approved smishing 7k,gathered_approved_smishing,imc25_english_smish_09165,"PAYTMKYC Dear Customer,Your PaytmKyc100%not update doing KYC quickly otherwise your <NRP> will be suspended, Contact <NRP> office",smishing_corpus_row,smishing,accepted,approved,false,false,false,data\final\approved_smishing_messages.csv,original_source=Smishing-Dataset-IMC25; scam_category=banking; strict-clean approved gathered smishing row.,paytmkyc dear customer your paytmkyc100 not update doing kyc quickly otherwise your <nrp> will be suspended contact <nrp> office,,1,true,Smishing-Dataset-IMC25,smishing,"PAYTMKYC Dear Customer,Your PaytmKyc100%not update doing KYC quickly otherwise your <NRP> will be suspended, Contact <NRP> office","PAYTMKYC Dear Customer,Your PaytmKyc100%not update doing KYC quickly otherwise your <NRP> will be suspended, Contact <NRP> office",True,original_unredacted,cleaned_from_raw,False,found_in_source_archive,Selected gathered final `message_raw` as the least-redacted available text.,excluded_duplicate_raw_available,,gathered_imc25_english_smish_09165,False,duplicate_against_raw_required_dataset
gathered_imc25_english_smish_09203,Smishing-Dataset-IMC25,Gathered approved smishing 7k,gathered_approved_smishing,imc25_english_smish_09203,"We are in the process of increasing your limit by £<OTP>.00, but would like you to confirm you agree with this decision. We could not confirm the address associated with your Argos account. In order to continue using your account please confirm your address at",smishing_corpus_row,smishing,accepted,approved,false,false,false,data\final\approved_smishing_messages.csv,original_source=Smishing-Dataset-IMC25; scam_category=banking; strict-clean approved gathered smishing row.,we are in the process of increasing your limit by <otp> 00 but would like you to confirm you agree with this decision we could not confirm the address associated with your argos account in order to continue using your account please confirm your address at,,1,true,Smishing-Dataset-IMC25,smishing,"We are in the process of increasing your limit by £1000.00, but would like you to confirm you agree with this decision.

We could not confirm the address associated with your Argos account. In order to continue using your account please confirm your address at","We are in the process of increasing your limit by <AMOUNT>, but would like you to confirm you agree with this decision. We could not confirm the address associated with your Argos account. In order to continue using your account please confirm your address at",True,original_unredacted,cleaned_from_raw,False,found_in_source_archive,Selected gathered final `message_raw` as the least-redacted available text.,excluded_duplicate_raw_available,,gathered_imc25_english_smish_09203,False,duplicate_against_raw_required_dataset
gathered_imc25_english_smish_09207,Smishing-Dataset-IMC25,Gathered approved smishing 7k,gathered_approved_smishing,imc25_english_smish_09207,Your PayPal has been frozen because we are unable to validate your account information. Please login to verify your account:,smishing_corpus_row,smishing,accepted,approved,false,false,false,data\final\approved_smishing_messages.csv,original_source=Smishing-Dataset-IMC25; scam_category=banking; strict-clean approved gathered smishing row.,your paypal has been frozen because we are unable to validate your account information please login to verify your account,,1,true,Smishing-Dataset-IMC25,smishing,Your PayPal has been frozen because we are unable to validate your account information. Please login to verify your account:,Your PayPal has been frozen because we are unable to validate your account information. Please login to verify your account:,True,original_unredacted,cleaned_from_raw,False,found_in_source_archive,Selected gathered final `message_raw` as the least-redacted available text.,excluded_duplicate_raw_available,,gathered_imc25_english_smish_09207,False,duplicate_against_raw_required_dataset
gathered_imc25_english_smish_09210,Smishing-Dataset-IMC25,Gathered approved smishing 7k,gathered_approved_smishing,imc25_english_smish_09210,There may be irregular spending habits on your debit card please verify your latest charges by following your unique link :,smishing_corpus_row,smishing,accepted,approved,false,false,false,data\final\approved_smishing_messages.csv,original_source=Smishing-Dataset-IMC25; scam_category=banking; strict-clean approved gathered smishing row.,there may be irregular spending habits on your debit card please verify your latest charges by following your unique link,,1,true,Smishing-Dataset-IMC25,smishing,There may be irregular spending habits on your debit card please verify your latest charges by following your unique link :,There may be irregular spending habits on your debit card please verify your latest charges by following your unique link:,True,original_unredacted,cleaned_from_raw,False,found_in_source_archive,Selected gathered final `message_raw` as the least-redacted available text.,excluded_duplicate_raw_available,,gathered_imc25_english_smish_09210,False,duplicate_against_raw_required_dataset
gathered_imc25_english_smish_09213,Smishing-Dataset-IMC25,Gathered approved smishing 7k,gathered_approved_smishing,imc25_english_smish_09213,"Dear KAUSHAL INAMDAR, HDFC BANK LTD has requested payment for INR <OTP>.00 Tap on the link below to pay",smishing_corpus_row,smishing,accepted,approved,false,false,false,data\final\approved_smishing_messages.csv,original_source=Smishing-Dataset-IMC25; scam_category=banking; strict-clean approved gathered smishing row.,dear kaushal inamdar hdfc bank ltd has requested payment for inr <otp> 00 tap on the link below to pay,,1,true,Smishing-Dataset-IMC25,smishing,"Dear KAUSHAL INAMDAR, HDFC BANK LTD has requested payment for INR 3250.00 Tap on the link below to pay","Dear KAUSHAL INAMDAR, HDFC BANK LTD has requested payment for INR 3250.00 Tap on the link below to pay",True,original_unredacted,cleaned_from_raw,False,found_in_source_archive,Selected gathered final `message_raw` as the least-redacted available text.,excluded_duplicate_raw_available,,gathered_imc25_english_smish_09213,False,duplicate_against_raw_required_dataset
gathered_imc25_english_smish_09221,Smishing-Dataset-IMC25,Gathered approved smishing 7k,gathered_approved_smishing,imc25_english_smish_09221,To keep your bunq account active please verify your contact details.,smishing_corpus_row,smishing,accepted,approved,false,false,false,data\final\approved_smishing_messages.csv,original_source=Smishing-Dataset-IMC25; scam_category=banking; strict-clean approved gathered smishing row.,to keep your bunq account active please verify your contact details,,1,true,Smishing-Dataset-IMC25,smishing,To keep your bunq account active please verify your contact details.,To keep your bunq account active please verify your contact details.,True,original_unredacted,cleaned_from_raw,False,found_in_source_archive,Selected gathered final `message_raw` as the least-redacted available text.,excluded_duplicate_raw_available,,gathered_imc25_english_smish_09221,False,duplicate_against_raw_required_dataset
gathered_imc25_english_smish_09223,Smishing-Dataset-IMC25,Gathered approved smishing 7k,gathered_approved_smishing,imc25_english_smish_09223,Your Online Banking has been disabled for security reasons. Please authenticate at <URL> to unlock.,smishing_corpus_row,smishing,accepted,approved,false,false,false,data\final\approved_smishing_messages.csv,original_source=Smishing-Dataset-IMC25; scam_category=banking; strict-clean approved gathered smishing row.,your online banking has been disabled for security reasons please authenticate at <url> to unlock,,1,true,Smishing-Dataset-IMC25,smishing,Your Online Banking has been disabled for security reasons. Please authenticate at http://<IP_ADDRESS>/ to unlock.,Your Online Banking has been disabled for security reasons. Please authenticate at http://<IP_ADDRESS>/ to unlock.,True,original_unredacted,cleaned_from_raw,False,found_in_source_archive,Selected gathered final `message_raw` as the least-redacted available text.,excluded_duplicate_raw_available,,gathered_imc25_english_smish_09223,False,duplicate_against_raw_required_dataset
gathered_imc25_english_smish_09225,Smishing-Dataset-IMC25,Gathered approved smishing 7k,gathered_approved_smishing,imc25_english_smish_09225,"Dear Customer, You are currently listed to receive SMS / Calls on promotions from IDFC FIRST Bank Ltd. To Opt Out please give a missed call to <US_BANK_NUMBER>.",smishing_corpus_row,smishing,accepted,approved,false,false,false,data\final\approved_smishing_messages.csv,original_source=Smishing-Dataset-IMC25; scam_category=banking; strict-clean approved gathered smishing row.,dear customer you are currently listed to receive sms calls on promotions from idfc first bank ltd to opt out please give a missed call to <us bank number>,,1,true,Smishing-Dataset-IMC25,smishing,"Dear Customer, You are currently listed to receive SMS / Calls on promotions from IDFC FIRST Bank Ltd. To Opt Out please give a missed call to <US_BANK_NUMBER>.","Dear Customer, You are currently listed to receive SMS / Calls on promotions from IDFC FIRST Bank Ltd. To Opt Out please give a missed call to <US_BANK_NUMBER>.",True,original_unredacted,cleaned_from_raw,False,found_in_source_archive,Selected gathered final `message_raw` as the least-redacted available text.,excluded_duplicate_raw_available,,gathered_imc25_english_smish_09225,False,duplicate_against_raw_required_dataset
gathered_imc25_english_smish_09229,Smishing-Dataset-IMC25,Gathered approved smishing 7k,gathered_approved_smishing,imc25_english_smish_09229,Welcome to PayTM your KYC done successful your wallet get <OTP> rupees kyc cashback in wallet click in link and login your,smishing_corpus_row,smishing,accepted,approved,false,false,false,data\final\approved_smishing_messages.csv,original_source=Smishing-Dataset-IMC25; scam_category=banking; strict-clean approved gathered smishing row.,welcome to paytm your kyc done successful your wallet get <otp> rupees kyc cashback in wallet click in link and login your,,1,true,Smishing-Dataset-IMC25,smishing,Welcome to PayTM your KYC done successful your wallet get 1205 rupees kyc cashback in wallet click in link and login your,Welcome to PayTM your KYC done successful your wallet get 1205 rupees kyc cashback in wallet click in link and login your,True,original_unredacted,cleaned_from_raw,False,found_in_source_archive,Selected gathered final `message_raw` as the least-redacted available text.,excluded_duplicate_raw_available,,gathered_imc25_english_smish_09229,False,duplicate_against_raw_required_dataset
gathered_imc25_english_smish_09239,Smishing-Dataset-IMC25,Gathered approved smishing 7k,gathered_approved_smishing,imc25_english_smish_09239,Welcome to Paytm payment bank your re verification done successful in your wallet get <OTP> cashback click in link and login your paytm,smishing_corpus_row,smishing,accepted,approved,false,false,false,data\final\approved_smishing_messages.csv,original_source=Smishing-Dataset-IMC25; scam_category=banking; strict-clean approved gathered smishing row.,welcome to paytm payment bank your re verification done successful in your wallet get <otp> cashback click in link and login your paytm,,1,true,Smishing-Dataset-IMC25,smishing,Welcome to Paytm payment bank your re verification done successful in your wallet get 1205 cashback click in link and login your paytm,Welcome to Paytm payment bank your re verification done successful in your wallet get 1205 cashback click in link and login your paytm,True,original_unredacted,cleaned_from_raw,False,found_in_source_archive,Selected gathered final `message_raw` as the least-redacted available text.,excluded_duplicate_raw_available,,gathered_imc25_english_smish_09239,False,duplicate_against_raw_required_dataset
gathered_imc25_english_smish_09242,Smishing-Dataset-IMC25,Gathered approved smishing 7k,gathered_approved_smishing,imc25_english_smish_09242,"Dear Customer, Your ATM Card Temporarily Has Been BLOCKED. Because Still You Did not Update According NEW Rules if You want to activate Please call US <US_BANK_NUMBER>",smishing_corpus_row,smishing,accepted,approved,false,false,false,data\final\approved_smishing_messages.csv,original_source=Smishing-Dataset-IMC25; scam_category=banking; strict-clean approved gathered smishing row.,dear customer your atm card temporarily has been blocked because still you did not update according new rules if you want to activate please call us <us bank number>,,1,true,Smishing-Dataset-IMC25,smishing,"Dear Customer, Your ATM Card Temporarily Has Been BLOCKED. Because Still You Did not Update According NEW Rules if You want to activate Please call US <US_BANK_NUMBER>","Dear Customer, Your ATM Card Temporarily Has Been BLOCKED. Because Still You Did not Update According NEW Rules if You want to activate Please call US <US_BANK_NUMBER>",True,original_unredacted,cleaned_from_raw,False,found_in_source_archive,Selected gathered final `message_raw` as the least-redacted available text.,excluded_duplicate_raw_available,,gathered_imc25_english_smish_09242,False,duplicate_against_raw_required_dataset
gathered_imc25_english_smish_09250,Smishing-Dataset-IMC25,Gathered approved smishing 7k,gathered_approved_smishing,imc25_english_smish_09250,"Unusual credit card activity. Confirm your personal data, otherwise we will be forced to block it.",smishing_corpus_row,smishing,accepted,approved,false,false,false,data\final\approved_smishing_messages.csv,original_source=Smishing-Dataset-IMC25; scam_category=banking; strict-clean approved gathered smishing row.,unusual credit card activity confirm your personal data otherwise we will be forced to block it,,1,true,Smishing-Dataset-IMC25,smishing,"Unusual credit card activity. Confirm your personal data, otherwise we will be forced to block it.","Unusual credit card activity. Confirm your personal data, otherwise we will be forced to block it.",True,original_unredacted,cleaned_from_raw,False,found_in_source_archive,Selected gathered final `message_raw` as the least-redacted available text.,excluded_duplicate_raw_available,,gathered_imc25_english_smish_09250,False,duplicate_against_raw_required_dataset
gathered_imc25_english_smish_09259,Smishing-Dataset-IMC25,Gathered approved smishing 7k,gathered_approved_smishing,imc25_english_smish_09259,"Your KYC has been updated successfully in your <LOCATION> wallet, you will get <OTP> cashback. To get cashback click here link",smishing_corpus_row,smishing,accepted,approved,false,false,false,data\final\approved_smishing_messages.csv,original_source=Smishing-Dataset-IMC25; scam_category=banking; strict-clean approved gathered smishing row.,your kyc has been updated successfully in your <location> wallet you will get <otp> cashback to get cashback click here link,,1,true,Smishing-Dataset-IMC25,smishing,"Your KYC has been updated successfully in your <LOCATION> wallet, you will get 1100 cashback. To get cashback click here link","Your KYC has been updated successfully in your <LOCATION> wallet, you will get 1100 cashback. To get cashback click here link",True,original_unredacted,cleaned_from_raw,False,found_in_source_archive,Selected gathered final `message_raw` as the least-redacted available text.,excluded_duplicate_raw_available,,gathered_imc25_english_smish_09259,False,duplicate_against_raw_required_dataset
gathered_imc25_english_smish_09270,Smishing-Dataset-IMC25,Gathered approved smishing 7k,gathered_approved_smishing,imc25_english_smish_09270,Unusual credit card activity is noted. Unlock your account manually.,smishing_corpus_row,smishing,accepted,approved,false,false,false,data\final\approved_smishing_messages.csv,original_source=Smishing-Dataset-IMC25; scam_category=banking; strict-clean approved gathered smishing row.,unusual credit card activity is noted unlock your account manually,,1,true,Smishing-Dataset-IMC25,smishing,Unusual credit card activity is noted. Unlock your account manually.,Unusual credit card activity is noted. Unlock your account manually.,True,original_unredacted,cleaned_from_raw,False,found_in_source_archive,Selected gathered final `message_raw` as the least-redacted available text.,excluded_duplicate_raw_available,,gathered_imc25_english_smish_09270,False,duplicate_against_raw_required_dataset
gathered_imc25_english_smish_09293,Smishing-Dataset-IMC25,Gathered approved smishing 7k,gathered_approved_smishing,imc25_english_smish_09293,"Dear Customer, Your ATM Card Temporarily Has Been SUSPENDED Because Still You Did not Update According NEW Rules if you want to activate Please call US <US_BANK_NUMBER>",smishing_corpus_row,smishing,accepted,approved,false,false,false,data\final\approved_smishing_messages.csv,original_source=Smishing-Dataset-IMC25; scam_category=banking; strict-clean approved gathered smishing row.,dear customer your atm card temporarily has been suspended because still you did not update according new rules if you want to activate please call us <us bank number>,,1,true,Smishing-Dataset-IMC25,smishing,"Dear Customer, Your ATM Card Temporarily Has Been SUSPENDED Because Still You Did not Update According NEW Rules if you want to activate Please call US <US_BANK_NUMBER>","Dear Customer, Your ATM Card Temporarily Has Been SUSPENDED Because Still You Did not Update According NEW Rules if you want to activate Please call US <US_BANK_NUMBER>",True,original_unredacted,cleaned_from_raw,False,found_in_source_archive,Selected gathered final `message_raw` as the least-redacted available text.,excluded_duplicate_raw_available,,gathered_imc25_english_smish_09293,False,duplicate_against_raw_required_dataset
gathered_imc25_english_smish_09296,Smishing-Dataset-IMC25,Gathered approved smishing 7k,gathered_approved_smishing,imc25_english_smish_09296,Welcome to Paytm payment Bank youre verification done successfully in <LOCATION> wallet you will get <OTP> cashback in your wallet to get click here link.,smishing_corpus_row,smishing,accepted,approved,false,false,false,data\final\approved_smishing_messages.csv,original_source=Smishing-Dataset-IMC25; scam_category=banking; strict-clean approved gathered smishing row.,welcome to paytm payment bank youre verification done successfully in <location> wallet you will get <otp> cashback in your wallet to get click here link,,1,true,Smishing-Dataset-IMC25,smishing,Welcome to Paytm payment Bank youre verification done successfully in <LOCATION> wallet you will get 1205 cashback in your wallet to get click here link.,Welcome to Paytm payment Bank youre verification done successfully in <LOCATION> wallet you will get 1205 cashback in your wallet to get click here link.,True,original_unredacted,cleaned_from_raw,False,found_in_source_archive,Selected gathered final `message_raw` as the least-redacted available text.,excluded_duplicate_raw_available,,gathered_imc25_english_smish_09296,False,duplicate_against_raw_required_dataset
gathered_imc25_english_smish_09331,Smishing-Dataset-IMC25,Gathered approved smishing 7k,gathered_approved_smishing,imc25_english_smish_09331,Royal Bank of Canada security monitoring systems have detected unusual activity with your account. Please confirm your information below to avoid any disruption of your services.,smishing_corpus_row,smishing,accepted,approved,false,false,false,data\final\approved_smishing_messages.csv,original_source=Smishing-Dataset-IMC25; scam_category=banking; strict-clean approved gathered smishing row.,royal bank of canada security monitoring systems have detected unusual activity with your account please confirm your information below to avoid any disruption of your services,,1,true,Smishing-Dataset-IMC25,smishing,Royal Bank of Canada security monitoring systems have detected unusual activity with your account. Please confirm your information below to avoid any disruption of your services.,Royal Bank of Canada security monitoring systems have detected unusual activity with your account. Please confirm your information below to avoid any disruption of your services.,True,original_unredacted,cleaned_from_raw,False,found_in_source_archive,Selected gathered final `message_raw` as the least-redacted available text.,excluded_duplicate_raw_available,,gathered_imc25_english_smish_09331,False,duplicate_against_raw_required_dataset
gathered_imc25_english_smish_09340,Smishing-Dataset-IMC25,Gathered approved smishing 7k,gathered_approved_smishing,imc25_english_smish_09340,You will shortly receive an SMS from Lloyds Bank to confirm recent activity on your card ending 6,smishing_corpus_row,smishing,accepted,approved,false,false,false,data\final\approved_smishing_messages.csv,original_source=Smishing-Dataset-IMC25; scam_category=banking; strict-clean approved gathered smishing row.,you will shortly receive an sms from lloyds bank to confirm recent activity on your card ending 6,,1,true,Smishing-Dataset-IMC25,smishing,You will shortly receive an SMS from Lloyds Bank to confirm recent activity on your card ending 6,You will shortly receive an SMS from Lloyds Bank to confirm recent activity on your card ending 6,True,original_unredacted,cleaned_from_raw,False,found_in_source_archive,Selected gathered final `message_raw` as the least-redacted available text.,excluded_duplicate_raw_available,,gathered_imc25_english_smish_09340,False,duplicate_against_raw_required_dataset
gathered_imc25_english_smish_09359,Smishing-Dataset-IMC25,Gathered approved smishing 7k,gathered_approved_smishing,imc25_english_smish_09359,"Your PayPaI account has been limited. We have found suspicious activity on your last transaction. At this time, you won't be able to : • Send Payment • Withdraw Funds Login to your PayPaI account and take the steps requested.",smishing_corpus_row,smishing,accepted,approved,false,false,false,data\final\approved_smishing_messages.csv,original_source=Smishing-Dataset-IMC25; scam_category=banking; strict-clean approved gathered smishing row.,your paypai account has been limited we have found suspicious activity on your last transaction at this time you won t be able to send payment withdraw funds login to your paypai account and take the steps requested,,1,true,Smishing-Dataset-IMC25,smishing,"Your PayPaI account has been limited. We have found suspicious activity on your last transaction. At this time, you won't be able to : • Send Payment • Withdraw Funds Login to your PayPaI account and take the steps requested.","Your PayPaI account has been limited. We have found suspicious activity on your last transaction. At this time, you won't be able to: • Send Payment • Withdraw Funds Login to your PayPaI account and take the steps requested.",True,original_unredacted,cleaned_from_raw,False,found_in_source_archive,Selected gathered final `message_raw` as the least-redacted available text.,excluded_duplicate_raw_available,,gathered_imc25_english_smish_09359,False,duplicate_against_raw_required_dataset
gathered_imc25_english_smish_09412,Smishing-Dataset-IMC25,Gathered approved smishing 7k,gathered_approved_smishing,imc25_english_smish_09412,"Dear customer your kotak Mahindra Bank account has been suspended please update your KYC (10 mint,s ) click here link",smishing_corpus_row,smishing,accepted,approved,false,false,false,data\final\approved_smishing_messages.csv,original_source=Smishing-Dataset-IMC25; scam_category=banking; strict-clean approved gathered smishing row.,dear customer your kotak mahindra bank account has been suspended please update your kyc 10 mint s click here link,,1,true,Smishing-Dataset-IMC25,smishing,"Dear customer your kotak Mahindra Bank account has been suspended please update your KYC (10 mint,s ) click here link","Dear customer your kotak Mahindra Bank account has been suspended please update your KYC (10 mint,s ) click here link",True,original_unredacted,cleaned_from_raw,False,found_in_source_archive,Selected gathered final `message_raw` as the least-redacted available text.,excluded_duplicate_raw_available,,gathered_imc25_english_smish_09412,False,duplicate_against_raw_required_dataset
gathered_imc25_english_smish_09413,Smishing-Dataset-IMC25,Gathered approved smishing 7k,gathered_approved_smishing,imc25_english_smish_09413,Invoice: <US_BANK_NUMBER> Retailer Id:<US_DRIVER_LICENSE> You have purchased fertilizers from Kajekar Ca Bank At Pandavaraka. Product @ Qty.: <PHONE> @ <LOCATION>) <NRP>) @ 7.0(45 Kg Bag) 10-26-26 @ 8.0(50 Kg Bag) Total Amount(Rs.): <OTP>.0 Subsidy to be borne by the Govt. on behalf of farmer(Rs.):<PHONE>,smishing_corpus_row,smishing,accepted,approved,false,false,false,data\final\approved_smishing_messages.csv,original_source=Smishing-Dataset-IMC25; scam_category=banking; strict-clean approved gathered smishing row.,invoice <us bank number> retailer id <us driver license> you have purchased fertilizers from kajekar ca bank at pandavaraka product qty <phone> <location> <nrp> 7 0 45 kg bag <num> 8 0 50 kg bag total amount rs <otp> 0 subsidy to be borne by the govt on behalf of farmer rs <phone>,,1,true,Smishing-Dataset-IMC25,smishing,"Invoice:
<US_BANK_NUMBER>
Retailer Id:<US_DRIVER_LICENSE>
You have purchased fertilizers from Kajekar Ca Bank At Pandavaraka.
Product @ Qty.: 
20-20-0-13 @ <LOCATION>)
<NRP>) @ 7.0(45 Kg Bag)
10-26-26 @ 8.0(50 Kg Bag)
Total Amount(Rs.): 16142.0
Subsidy to be borne by the Govt. on behalf of farmer(Rs.):11016.415",Invoice: <US_BANK_NUMBER> Retailer Id:<US_DRIVER_LICENSE> You have purchased fertilizers from Kajekar Ca Bank At Pandavaraka. Product @ Qty.: <PHONE> @ <LOCATION>) <NRP>) @ 7.0(45 Kg Bag) 10-26-26 @ 8.0(50 Kg Bag) Total Amount(Rs.): 16142.0 Subsidy to be borne by the Govt. on behalf of farmer(Rs.):<PHONE>,True,original_unredacted,cleaned_from_raw,False,found_in_source_archive,Selected gathered final `message_raw` as the least-redacted available text.,excluded_duplicate_raw_available,,gathered_imc25_english_smish_09413,False,duplicate_against_raw_required_dataset
gathered_imc25_english_smish_09457,Smishing-Dataset-IMC25,Gathered approved smishing 7k,gathered_approved_smishing,imc25_english_smish_09457,UPDATE: Your Loan Amount for Rs.<OTP> Is Successfully Approved. Check Your Loan Status Here,smishing_corpus_row,smishing,accepted,approved,false,false,false,data\final\approved_smishing_messages.csv,original_source=Smishing-Dataset-IMC25; scam_category=banking; strict-clean approved gathered smishing row.,update your loan amount for rs <otp> is successfully approved check your loan status here,,1,true,Smishing-Dataset-IMC25,smishing,UPDATE: Your Loan Amount for Rs.15000 Is Successfully Approved. Check Your Loan Status Here,UPDATE: Your Loan Amount for Rs.15000 Is Successfully Approved. Check Your Loan Status Here,True,original_unredacted,cleaned_from_raw,False,found_in_source_archive,Selected gathered final `message_raw` as the least-redacted available text.,excluded_duplicate_raw_available,,gathered_imc25_english_smish_09457,False,duplicate_against_raw_required_dataset
gathered_imc25_english_smish_09482,Smishing-Dataset-IMC25,Gathered approved smishing 7k,gathered_approved_smishing,imc25_english_smish_09482,Dear customer your kotak Mahindra bank account has been suspended update your account 10 min click here link update your account,smishing_corpus_row,smishing,accepted,approved,false,false,false,data\final\approved_smishing_messages.csv,original_source=Smishing-Dataset-IMC25; scam_category=banking; strict-clean approved gathered smishing row.,dear customer your kotak mahindra bank account has been suspended update your account 10 min click here link update your account,,1,true,Smishing-Dataset-IMC25,smishing,Dear customer your kotak Mahindra bank account has been suspended update your account 10 min click here link update your account,Dear customer your kotak Mahindra bank account has been suspended update your account 10 min click here link update your account,True,original_unredacted,cleaned_from_raw,False,found_in_source_archive,Selected gathered final `message_raw` as the least-redacted available text.,excluded_duplicate_raw_available,,gathered_imc25_english_smish_09482,False,duplicate_against_raw_required_dataset
gathered_imc25_english_smish_09486,Smishing-Dataset-IMC25,Gathered approved smishing 7k,gathered_approved_smishing,imc25_english_smish_09486,Dear Customer Your Pay T MAccount has been suspended due to suspicious activities. call us <US_BANK_NUMBER> immediately. Your account will be blocked within24 hrs.,smishing_corpus_row,smishing,accepted,approved,false,false,false,data\final\approved_smishing_messages.csv,original_source=Smishing-Dataset-IMC25; scam_category=banking; strict-clean approved gathered smishing row.,dear customer your pay t maccount has been suspended due to suspicious activities call us <us bank number> immediately your account will be blocked within24 hrs,,1,true,Smishing-Dataset-IMC25,smishing,"Dear Customer
Your Pay T MAccount has been suspended due to suspicious activities.
call us <US_BANK_NUMBER> immediately. Your account will be blocked within24 hrs.",Dear Customer Your Pay T MAccount has been suspended due to suspicious activities. call us <US_BANK_NUMBER> immediately. Your account will be blocked within24 hrs.,True,original_unredacted,cleaned_from_raw,False,found_in_source_archive,Selected gathered final `message_raw` as the least-redacted available text.,excluded_duplicate_raw_available,,gathered_imc25_english_smish_09486,False,duplicate_against_raw_required_dataset
gathered_imc25_english_smish_09496,Smishing-Dataset-IMC25,Gathered approved smishing 7k,gathered_approved_smishing,imc25_english_smish_09496,"Hello! Good news: We have a new business loan product by Access Bank, for people like you! To learn more, please first answer our brief survey. The text messages will be of no cost to you and you will get NGN 100 airtime if you answer all the questions. Continue? 1: YES 2: NO 3: STOP",smishing_corpus_row,smishing,accepted,approved,false,false,false,data\final\approved_smishing_messages.csv,original_source=Smishing-Dataset-IMC25; scam_category=banking; strict-clean approved gathered smishing row.,hello good news we have a new business loan product by access bank for people like you to learn more please first answer our brief survey the text messages will be of no cost to you and you will get ngn <num> airtime if you answer all the questions continue 1 yes 2 no 3 stop,,1,true,Smishing-Dataset-IMC25,smishing,"Hello! Good news: We have a new business loan product by Access Bank, for people like you! To learn more, please first answer our brief survey. The text messages will be of no cost to you and you will get NGN 100 airtime if you answer all the questions. Continue? 1: YES 2: NO 3: STOP","Hello! Good news: We have a new business loan product by Access Bank, for people like you! To learn more, please first answer our brief survey. The text messages will be of no cost to you and you will get NGN 100 airtime if you answer all the questions. Continue? 1: YES 2: NO 3: STOP",True,original_unredacted,cleaned_from_raw,False,found_in_source_archive,Selected gathered final `message_raw` as the least-redacted available text.,excluded_duplicate_raw_available,,gathered_imc25_english_smish_09496,False,duplicate_against_raw_required_dataset
gathered_imc25_english_smish_09518,Smishing-Dataset-IMC25,Gathered approved smishing 7k,gathered_approved_smishing,imc25_english_smish_09518,Account Update: Rs.<US_DRIVER_LICENSE>/- Has Been Disbursed To Your Bank A/c Complete Process :,smishing_corpus_row,smishing,accepted,approved,false,false,false,data\final\approved_smishing_messages.csv,original_source=Smishing-Dataset-IMC25; scam_category=banking; strict-clean approved gathered smishing row.,account update rs <us driver license> has been disbursed to your bank a c complete process,,1,true,Smishing-Dataset-IMC25,smishing,"Account Update: Rs.<US_DRIVER_LICENSE>/- Has Been Disbursed To Your Bank A/c
Complete Process :",Account Update: Rs.<US_DRIVER_LICENSE>/- Has Been Disbursed To Your Bank A/c Complete Process:,True,original_unredacted,cleaned_from_raw,False,found_in_source_archive,Selected gathered final `message_raw` as the least-redacted available text.,excluded_duplicate_raw_available,,gathered_imc25_english_smish_09518,False,duplicate_against_raw_required_dataset
gathered_imc25_english_smish_09532,Smishing-Dataset-IMC25,Gathered approved smishing 7k,gathered_approved_smishing,imc25_english_smish_09532,"Dear Customer, Your debit card has been blocked. To activate your card, call <US_BANK_NUMBER>",smishing_corpus_row,smishing,accepted,approved,false,false,false,data\final\approved_smishing_messages.csv,original_source=Smishing-Dataset-IMC25; scam_category=banking; strict-clean approved gathered smishing row.,dear customer your debit card has been blocked to activate your card call <us bank number>,,1,true,Smishing-Dataset-IMC25,smishing,"Dear Customer, Your debit card has been blocked. To activate your card, call <US_BANK_NUMBER>","Dear Customer, Your debit card has been blocked. To activate your card, call <US_BANK_NUMBER>",True,original_unredacted,cleaned_from_raw,False,found_in_source_archive,Selected gathered final `message_raw` as the least-redacted available text.,excluded_duplicate_raw_available,,gathered_imc25_english_smish_09532,False,duplicate_against_raw_required_dataset
gathered_imc25_english_smish_09577,Smishing-Dataset-IMC25,Gathered approved smishing 7k,gathered_approved_smishing,imc25_english_smish_09577,Due to the new rules we need you to verify your bank account details. Please click here <URL> to verify your details.,smishing_corpus_row,smishing,accepted,approved,false,false,false,data\final\approved_smishing_messages.csv,original_source=Smishing-Dataset-IMC25; scam_category=banking; strict-clean approved gathered smishing row.,due to the new rules we need you to verify your bank account details please click here <url> to verify your details,,1,true,Smishing-Dataset-IMC25,smishing,"Due to the new rules we need you to verify your bank account details.
Please click here http://urlunkn... to verify your details.",Due to the new rules we need you to verify your bank account details. Please click here <URL> to verify your details.,True,original_unredacted,cleaned_from_raw,False,found_in_source_archive,Selected gathered final `message_raw` as the least-redacted available text.,excluded_duplicate_raw_available,,gathered_imc25_english_smish_09577,False,duplicate_against_raw_required_dataset
gathered_imc25_english_smish_09587,Smishing-Dataset-IMC25,Gathered approved smishing 7k,gathered_approved_smishing,imc25_english_smish_09587,if you want keep using your A T M card click here for update,smishing_corpus_row,smishing,accepted,approved,false,false,false,data\final\approved_smishing_messages.csv,original_source=Smishing-Dataset-IMC25; scam_category=banking; strict-clean approved gathered smishing row.,if you want keep using your a t m card click here for update,,1,true,Smishing-Dataset-IMC25,smishing,if you want keep using your A T M card click here for update,if you want keep using your A T M card click here for update,True,original_unredacted,cleaned_from_raw,False,found_in_source_archive,Selected gathered final `message_raw` as the least-redacted available text.,excluded_duplicate_raw_available,,gathered_imc25_english_smish_09587,False,duplicate_against_raw_required_dataset
gathered_imc25_english_smish_09640,Smishing-Dataset-IMC25,Gathered approved smishing 7k,gathered_approved_smishing,imc25_english_smish_09640,"Your account will be debited from your account. Please confirm if this transaction was made by you by replying Yes or No. Replying with Yes will NOT cause the payment to debit your account. We appreciate your response to our recent message. If necessary, we will call you shortly. Thank you and goodbye.",smishing_corpus_row,smishing,accepted,approved,false,false,false,data\final\approved_smishing_messages.csv,original_source=Smishing-Dataset-IMC25; scam_category=banking; strict-clean approved gathered smishing row.,your account will be debited from your account please confirm if this transaction was made by you by replying yes or no replying with yes will not cause the payment to debit your account we appreciate your response to our recent message if necessary we will call you shortly thank you and goodbye,,1,true,Smishing-Dataset-IMC25,smishing,"Your account will be debited from your account. Please confirm if this transaction was made by you by replying Yes or No. Replying with Yes will NOT cause the payment to debit your account.

We appreciate your response to our recent message. If necessary, we will call you shortly. Thank you and goodbye.","Your account will be debited from your account. Please confirm if this transaction was made by you by replying Yes or No. Replying with Yes will NOT cause the payment to debit your account. We appreciate your response to our recent message. If necessary, we will call you shortly. Thank you and goodbye.",True,original_unredacted,cleaned_from_raw,False,found_in_source_archive,Selected gathered final `message_raw` as the least-redacted available text.,excluded_duplicate_raw_available,,gathered_imc25_english_smish_09640,False,duplicate_against_raw_required_dataset
gathered_imc25_english_smish_09644,Smishing-Dataset-IMC25,Gathered approved smishing 7k,gathered_approved_smishing,imc25_english_smish_09644,Dear PAYTM Customer Your Paytm KYC has expired Plz call customer care No <UK_NHS> immediately for more details. Your account will block after some time PAYTM.,smishing_corpus_row,smishing,accepted,approved,false,false,false,data\final\approved_smishing_messages.csv,original_source=Smishing-Dataset-IMC25; scam_category=banking; strict-clean approved gathered smishing row.,dear paytm customer your paytm kyc has expired plz call customer care no <uk nhs> immediately for more details your account will block after some time paytm,,1,true,Smishing-Dataset-IMC25,smishing,Dear PAYTM Customer Your Paytm KYC has expired Plz call customer care No <UK_NHS> immediately for more details. Your account will block after some time PAYTM.,Dear PAYTM Customer Your Paytm KYC has expired Plz call customer care No <UK_NHS> immediately for more details. Your account will block after some time PAYTM.,True,original_unredacted,cleaned_from_raw,False,found_in_source_archive,Selected gathered final `message_raw` as the least-redacted available text.,excluded_duplicate_raw_available,,gathered_imc25_english_smish_09644,False,duplicate_against_raw_required_dataset
gathered_imc25_english_smish_09655,Smishing-Dataset-IMC25,Gathered approved smishing 7k,gathered_approved_smishing,imc25_english_smish_09655,"HSBC UK : A new device was authenticated on your account as of 16/11. If this was NOT you, please visit :",smishing_corpus_row,smishing,accepted,approved,false,false,false,data\final\approved_smishing_messages.csv,original_source=Smishing-Dataset-IMC25; scam_category=banking; strict-clean approved gathered smishing row.,hsbc uk a new device was authenticated on your account as of 16 11 if this was not you please visit,,1,true,Smishing-Dataset-IMC25,smishing,"HSBC UK : A new device was authenticated on your account as of 16/11. If this was NOT you, please visit :","HSBC UK: A new device was authenticated on your account as of 16/11. If this was NOT you, please visit:",True,original_unredacted,cleaned_from_raw,False,found_in_source_archive,Selected gathered final `message_raw` as the least-redacted available text.,excluded_duplicate_raw_available,,gathered_imc25_english_smish_09655,False,duplicate_against_raw_required_dataset
gathered_imc25_english_smish_09665,Smishing-Dataset-IMC25,Gathered approved smishing 7k,gathered_approved_smishing,imc25_english_smish_09665,HSBC ALERT: A payment was made from your account from a new location. Action is needed to confirm or cancel the transaction,smishing_corpus_row,smishing,accepted,approved,false,false,false,data\final\approved_smishing_messages.csv,original_source=Smishing-Dataset-IMC25; scam_category=banking; strict-clean approved gathered smishing row.,hsbc alert a payment was made from your account from a new location action is needed to confirm or cancel the transaction,,1,true,Smishing-Dataset-IMC25,smishing,HSBC ALERT: A payment was made from your account from a new location. Action is needed to confirm or cancel the transaction,HSBC ALERT: A payment was made from your account from a new location. Action is needed to confirm or cancel the transaction,True,original_unredacted,cleaned_from_raw,False,found_in_source_archive,Selected gathered final `message_raw` as the least-redacted available text.,excluded_duplicate_raw_available,,gathered_imc25_english_smish_09665,False,duplicate_against_raw_required_dataset
gathered_imc25_english_smish_09676,Smishing-Dataset-IMC25,Gathered approved smishing 7k,gathered_approved_smishing,imc25_english_smish_09676,HSBC: A payment was made from your account from a new location. Action is needed to confirm or cancel the transaction,smishing_corpus_row,smishing,accepted,approved,false,false,false,data\final\approved_smishing_messages.csv,original_source=Smishing-Dataset-IMC25; scam_category=banking; strict-clean approved gathered smishing row.,hsbc a payment was made from your account from a new location action is needed to confirm or cancel the transaction,,1,true,Smishing-Dataset-IMC25,smishing,HSBC: A payment was made from your account from a new location. Action is needed to confirm or cancel the transaction,HSBC: A payment was made from your account from a new location. Action is needed to confirm or cancel the transaction,True,original_unredacted,cleaned_from_raw,False,found_in_source_archive,Selected gathered final `message_raw` as the least-redacted available text.,excluded_duplicate_raw_available,,gathered_imc25_english_smish_09676,False,duplicate_against_raw_required_dataset
gathered_imc25_english_smish_09681,Smishing-Dataset-IMC25,Gathered approved smishing 7k,gathered_approved_smishing,imc25_english_smish_09681,*WESTPAC ALERT* We have detected a lo g on from an unusual device or location. You will need to upgrade the security of your Westpac Live profile or your access will be terminaTed. Visit,smishing_corpus_row,smishing,accepted,approved,false,false,false,data\final\approved_smishing_messages.csv,original_source=Smishing-Dataset-IMC25; scam_category=banking; strict-clean approved gathered smishing row.,westpac alert we have detected a lo g on from an unusual device or location you will need to upgrade the security of your westpac live profile or your access will be terminated visit,,1,true,Smishing-Dataset-IMC25,smishing,*WESTPAC ALERT* We have detected a lo g on from an unusual device or location. You will need to upgrade the security of your Westpac Live profile or your access will be terminaTed. Visit,*WESTPAC ALERT* We have detected a lo g on from an unusual device or location. You will need to upgrade the security of your Westpac Live profile or your access will be terminaTed. Visit,True,original_unredacted,cleaned_from_raw,False,found_in_source_archive,Selected gathered final `message_raw` as the least-redacted available text.,excluded_duplicate_raw_available,,gathered_imc25_english_smish_09681,False,duplicate_against_raw_required_dataset
gathered_imc25_english_smish_09723,Smishing-Dataset-IMC25,Gathered approved smishing 7k,gathered_approved_smishing,imc25_english_smish_09723,Your DBS Debit Card ending <OTP> has been unused for some time for online/contactless/international transactions. To prevent misuse we've disabled these features. To enable click,smishing_corpus_row,smishing,accepted,approved,false,false,false,data\final\approved_smishing_messages.csv,original_source=Smishing-Dataset-IMC25; scam_category=banking; strict-clean approved gathered smishing row.,your dbs debit card ending <otp> has been unused for some time for online contactless international transactions to prevent misuse we ve disabled these features to enable click,,1,true,Smishing-Dataset-IMC25,smishing,Your DBS Debit Card ending 6463 has been unused for some time for online/contactless/international transactions. To prevent misuse we've disabled these features. To enable click,Your DBS Debit Card ending 6463 has been unused for some time for online/contactless/international transactions. To prevent misuse we've disabled these features. To enable click,True,original_unredacted,cleaned_from_raw,False,found_in_source_archive,Selected gathered final `message_raw` as the least-redacted available text.,excluded_duplicate_raw_available,,gathered_imc25_english_smish_09723,False,duplicate_against_raw_required_dataset
gathered_imc25_english_smish_09728,Smishing-Dataset-IMC25,Gathered approved smishing 7k,gathered_approved_smishing,imc25_english_smish_09728,"HSBC SECURITY ALERT: A payment was attempted from a new device. If this was not you, please login to <NRP>",smishing_corpus_row,smishing,accepted,approved,false,false,false,data\final\approved_smishing_messages.csv,original_source=Smishing-Dataset-IMC25; scam_category=banking; strict-clean approved gathered smishing row.,hsbc security alert a payment was attempted from a new device if this was not you please login to <nrp>,,1,true,Smishing-Dataset-IMC25,smishing,"HSBC SECURITY ALERT: A payment was attempted from a new device. If this was not you, please login to <NRP>","HSBC <OTP> <OTP>: A payment was attempted from a new device. If this was not you, please login to <NRP>",True,original_unredacted,cleaned_from_raw,False,found_in_source_archive,Selected gathered final `message_raw` as the least-redacted available text.,excluded_duplicate_raw_available,,gathered_imc25_english_smish_09728,False,duplicate_against_raw_required_dataset
gathered_imc25_english_smish_09800,Smishing-Dataset-IMC25,Gathered approved smishing 7k,gathered_approved_smishing,imc25_english_smish_09800,"LLOYDS BANK: You have successfully paired a NEW DEVICE on 19/11 at 15:35PM. If this was NOT you, visit:",smishing_corpus_row,smishing,accepted,approved,false,false,false,data\final\approved_smishing_messages.csv,original_source=Smishing-Dataset-IMC25; scam_category=banking; strict-clean approved gathered smishing row.,lloyds bank you have successfully paired a new device on 19 11 at 15 35pm if this was not you visit,,1,true,Smishing-Dataset-IMC25,smishing,"LLOYDS BANK: You have successfully paired a NEW DEVICE on 19/11 at 15:35PM. If this was NOT you, visit:","LLOYDS BANK: You have successfully paired a NEW DEVICE on 19/11 at 15:35PM. If this was NOT you, visit:",True,original_unredacted,cleaned_from_raw,False,found_in_source_archive,Selected gathered final `message_raw` as the least-redacted available text.,excluded_duplicate_raw_available,,gathered_imc25_english_smish_09800,False,duplicate_against_raw_required_dataset
gathered_imc25_english_smish_09875,Smishing-Dataset-IMC25,Gathered approved smishing 7k,gathered_approved_smishing,imc25_english_smish_09875,PayPal:We think there may have been a security breach on your account. Follow the link to confirm the transactions,smishing_corpus_row,smishing,accepted,approved,false,false,false,data\final\approved_smishing_messages.csv,original_source=Smishing-Dataset-IMC25; scam_category=banking; strict-clean approved gathered smishing row.,paypal we think there may have been a security breach on your account follow the link to confirm the transactions,,1,true,Smishing-Dataset-IMC25,smishing,PayPal:We think there may have been a security breach on your account. Follow the link to confirm the transactions,PayPal:We think there may have been a security breach on your account. Follow the link to confirm the transactions,True,original_unredacted,cleaned_from_raw,False,found_in_source_archive,Selected gathered final `message_raw` as the least-redacted available text.,excluded_duplicate_raw_available,,gathered_imc25_english_smish_09875,False,duplicate_against_raw_required_dataset
gathered_imc25_english_smish_09888,Smishing-Dataset-IMC25,Gathered approved smishing 7k,gathered_approved_smishing,imc25_english_smish_09888,Dear customer your [REDACTED] account has been suspended update your account 10 min click here link update your account,smishing_corpus_row,smishing,accepted,approved,false,false,false,data\final\approved_smishing_messages.csv,original_source=Smishing-Dataset-IMC25; scam_category=banking; strict-clean approved gathered smishing row.,dear customer your redacted account has been suspended update your account 10 min click here link update your account,,1,true,Smishing-Dataset-IMC25,smishing,Dear customer your [REDACTED] account has been suspended update your account 10 min click here link update your account,Dear customer your [REDACTED] account has been suspended update your account 10 min click here link update your account,True,original_unredacted,cleaned_from_raw,False,found_in_source_archive,Selected gathered final `message_raw` as the least-redacted available text.,excluded_duplicate_raw_available,,gathered_imc25_english_smish_09888,False,duplicate_against_raw_required_dataset
gathered_imc25_english_smish_09892,Smishing-Dataset-IMC25,Gathered approved smishing 7k,gathered_approved_smishing,imc25_english_smish_09892,"COINS PASSWORD UPDATE verification code:***. Do not share with anyone. If you did not make this request, contact Coins support immediately.",smishing_corpus_row,smishing,accepted,approved,false,false,false,data\final\approved_smishing_messages.csv,original_source=Smishing-Dataset-IMC25; scam_category=banking; strict-clean approved gathered smishing row.,coins password update verification code do not share with anyone if you did not make this request contact coins support immediately,,1,true,Smishing-Dataset-IMC25,smishing,"COINS PASSWORD UPDATE verification code:***. Do not share with anyone. If you did not make this request, contact Coins support immediately.","COINS PASSWORD UPDATE verification code:***. Do not share with anyone. If you did not make this request, contact Coins support immediately.",True,original_unredacted,cleaned_from_raw,False,found_in_source_archive,Selected gathered final `message_raw` as the least-redacted available text.,excluded_duplicate_raw_available,,gathered_imc25_english_smish_09892,False,duplicate_against_raw_required_dataset
gathered_imc25_english_smish_09928,Smishing-Dataset-IMC25,Gathered approved smishing 7k,gathered_approved_smishing,imc25_english_smish_09928,Dear KOTAK MAHINDRA Customer Your KYC has expired. your account will Hold plz call customer care no <US_BANK_NUMBER> immediately for more details.,smishing_corpus_row,smishing,accepted,approved,false,false,false,data\final\approved_smishing_messages.csv,original_source=Smishing-Dataset-IMC25; scam_category=banking; strict-clean approved gathered smishing row.,dear kotak mahindra customer your kyc has expired your account will hold plz call customer care no <us bank number> immediately for more details,,1,true,Smishing-Dataset-IMC25,smishing,Dear KOTAK MAHINDRA Customer Your KYC has expired. your account will Hold plz call customer care no <US_BANK_NUMBER> immediately for more details.,Dear KOTAK MAHINDRA Customer Your KYC has expired. your account will Hold plz call customer care no <US_BANK_NUMBER> immediately for more details.,True,original_unredacted,cleaned_from_raw,False,found_in_source_archive,Selected gathered final `message_raw` as the least-redacted available text.,excluded_duplicate_raw_available,,gathered_imc25_english_smish_09928,False,duplicate_against_raw_required_dataset
gathered_imc25_english_smish_09992,Smishing-Dataset-IMC25,Gathered approved smishing 7k,gathered_approved_smishing,imc25_english_smish_09992,"Dear Customer your ATM Debit Card has been temporarily suspended, to get it updated, please call this number/ <NRP>",smishing_corpus_row,smishing,accepted,approved,false,false,false,data\final\approved_smishing_messages.csv,original_source=Smishing-Dataset-IMC25; scam_category=banking; strict-clean approved gathered smishing row.,dear customer your atm debit card has been temporarily suspended to get it updated please call this number <nrp>,,1,true,Smishing-Dataset-IMC25,smishing,"Dear Customer your ATM Debit Card has been temporarily suspended, to get it updated, please call this number/ <NRP>","Dear Customer your ATM Debit Card has been temporarily suspended, to get it updated, please call this number/ <NRP>",True,original_unredacted,cleaned_from_raw,False,found_in_source_archive,Selected gathered final `message_raw` as the least-redacted available text.,excluded_duplicate_raw_available,,gathered_imc25_english_smish_09992,False,duplicate_against_raw_required_dataset
gathered_imc25_english_smish_10035,Smishing-Dataset-IMC25,Gathered approved smishing 7k,gathered_approved_smishing,imc25_english_smish_10035,"<US_DRIVER_LICENSE> is your One Time Password for online purchase, Amex card ending <OTP>, if not requested call the number on back of card.",smishing_corpus_row,smishing,accepted,approved,false,false,false,data\final\approved_smishing_messages.csv,original_source=Smishing-Dataset-IMC25; scam_category=banking; strict-clean approved gathered smishing row.,<us driver license> is your one time password for online purchase amex card ending <otp> if not requested call the number on back of card,,1,true,Smishing-Dataset-IMC25,smishing,"<US_DRIVER_LICENSE> is your One Time Password for online purchase, Amex card ending 31006, if not requested call the number on back of card.","<US_DRIVER_LICENSE> is your One Time Password for online purchase, Amex card ending 31006, if not requested call the number on back of card.",True,original_unredacted,cleaned_from_raw,False,found_in_source_archive,Selected gathered final `message_raw` as the least-redacted available text.,excluded_duplicate_raw_available,,gathered_imc25_english_smish_10035,False,duplicate_against_raw_required_dataset
gathered_imc25_english_smish_10036,Smishing-Dataset-IMC25,Gathered approved smishing 7k,gathered_approved_smishing,imc25_english_smish_10036,"HSBC UK : Payee MRS S RALEEM has been added to your account via mobile banking. If you don't recognize this, please visit :",smishing_corpus_row,smishing,accepted,approved,false,false,false,data\final\approved_smishing_messages.csv,original_source=Smishing-Dataset-IMC25; scam_category=banking; strict-clean approved gathered smishing row.,hsbc uk payee mrs s raleem has been added to your account via mobile banking if you don t recognize this please visit,,1,true,Smishing-Dataset-IMC25,smishing,"HSBC UK : Payee MRS S RALEEM has been added to your account via mobile banking. If you don't recognize this, please visit :","HSBC UK: Payee MRS S RALEEM has been added to your account via mobile banking. If you don't recognize this, please visit:",True,original_unredacted,cleaned_from_raw,False,found_in_source_archive,Selected gathered final `message_raw` as the least-redacted available text.,excluded_duplicate_raw_available,,gathered_imc25_english_smish_10036,False,duplicate_against_raw_required_dataset
gathered_imc25_english_smish_10056,Smishing-Dataset-IMC25,Gathered approved smishing 7k,gathered_approved_smishing,imc25_english_smish_10056,Your statement is ready for you to view online. Please follow the link to securely update your personal bank details:,smishing_corpus_row,smishing,accepted,approved,false,false,false,data\final\approved_smishing_messages.csv,original_source=Smishing-Dataset-IMC25; scam_category=banking; strict-clean approved gathered smishing row.,your statement is ready for you to view online please follow the link to securely update your personal bank details,,1,true,Smishing-Dataset-IMC25,smishing,Your statement is ready for you to view online. Please follow the link to securely update your personal bank details:,Your statement is ready for you to view online. Please follow the link to securely update your personal bank details:,True,original_unredacted,cleaned_from_raw,False,found_in_source_archive,Selected gathered final `message_raw` as the least-redacted available text.,excluded_duplicate_raw_available,,gathered_imc25_english_smish_10056,False,duplicate_against_raw_required_dataset
gathered_imc25_english_smish_10077,Smishing-Dataset-IMC25,Gathered approved smishing 7k,gathered_approved_smishing,imc25_english_smish_10077,Dear SBI Customer Your SBI Saving Account & Debit Card Will Be BLOCK Some Today Because Your KYC Not Uploaded In Your Bank Account To Reactivate Your ATM Card Please Submit Your Full KYC By Visiting The Link Below,smishing_corpus_row,smishing,accepted,approved,false,false,false,data\final\approved_smishing_messages.csv,original_source=Smishing-Dataset-IMC25; scam_category=banking; strict-clean approved gathered smishing row.,dear sbi customer your sbi saving account debit card will be block some today because your kyc not uploaded in your bank account to reactivate your atm card please submit your full kyc by visiting the link below,,1,true,Smishing-Dataset-IMC25,smishing,Dear SBI Customer Your SBI Saving Account & Debit Card Will Be BLOCK Some Today Because Your KYC Not Uploaded In Your Bank Account To Reactivate Your ATM Card Please Submit Your Full KYC By Visiting The Link Below,Dear SBI Customer Your SBI Saving Account & Debit Card Will Be BLOCK Some Today Because Your KYC Not Uploaded In Your Bank Account To Reactivate Your ATM Card Please Submit Your Full KYC By Visiting The Link Below,True,original_unredacted,cleaned_from_raw,False,found_in_source_archive,Selected gathered final `message_raw` as the least-redacted available text.,excluded_duplicate_raw_available,,gathered_imc25_english_smish_10077,False,duplicate_against_raw_required_dataset
gathered_imc25_english_smish_10112,Smishing-Dataset-IMC25,Gathered approved smishing 7k,gathered_approved_smishing,imc25_english_smish_10112,PayPal Notification. Your account has been temporarily susrended due to failed login attemrts. Please confirm your details at :,smishing_corpus_row,smishing,accepted,approved,false,false,false,data\final\approved_smishing_messages.csv,original_source=Smishing-Dataset-IMC25; scam_category=banking; strict-clean approved gathered smishing row.,paypal notification your account has been temporarily susrended due to failed login attemrts please confirm your details at,,1,true,Smishing-Dataset-IMC25,smishing,"PayPal Notification.
Your account has been temporarily susrended due to failed login attemrts. Please confirm your details at :",PayPal Notification. Your account has been temporarily susrended due to failed login attemrts. Please confirm your details at:,True,original_unredacted,cleaned_from_raw,False,found_in_source_archive,Selected gathered final `message_raw` as the least-redacted available text.,excluded_duplicate_raw_available,,gathered_imc25_english_smish_10112,False,duplicate_against_raw_required_dataset
gathered_imc25_english_smish_10115,Smishing-Dataset-IMC25,Gathered approved smishing 7k,gathered_approved_smishing,imc25_english_smish_10115,"Hi We received a request asking for changes to your self-managed super fund (SMSF) THE TRUSTEE FOR SUPERANNUATION FUND. Based on this, we have made changes to your SMSF account. If you know about these changes, you don't need to do anything else. If you want more information, visit",smishing_corpus_row,smishing,accepted,approved,false,false,false,data\final\approved_smishing_messages.csv,original_source=Smishing-Dataset-IMC25; scam_category=banking; strict-clean approved gathered smishing row.,hi we received a request asking for changes to your self managed super fund smsf the trustee for superannuation fund based on this we have made changes to your smsf account if you know about these changes you don t need to do anything else if you want more information visit,,1,true,Smishing-Dataset-IMC25,smishing,"Hi 

We received a request asking for changes to your self-managed super fund (SMSF) THE TRUSTEE FOR SUPERANNUATION FUND. Based on this, we have made changes to your SMSF account. If you know about these changes, you don't need to do anything else. If you want more information, visit","Hi We received a request asking for changes to your self-managed super fund (SMSF) THE TRUSTEE FOR SUPERANNUATION FUND. Based on this, we have made changes to your SMSF account. If you know about these changes, you don't need to do anything else. If you want more information, visit",True,original_unredacted,cleaned_from_raw,False,found_in_source_archive,Selected gathered final `message_raw` as the least-redacted available text.,excluded_duplicate_raw_available,,gathered_imc25_english_smish_10115,False,duplicate_against_raw_required_dataset
gathered_imc25_english_smish_10143,Smishing-Dataset-IMC25,Gathered approved smishing 7k,gathered_approved_smishing,imc25_english_smish_10143,K.Y.C Has Been Expired Call immediately For Verification A/c Will Be Blocked Within 24hr PAYTM OFFICE PH,smishing_corpus_row,smishing,accepted,approved,false,false,false,data\final\approved_smishing_messages.csv,original_source=Smishing-Dataset-IMC25; scam_category=banking; strict-clean approved gathered smishing row.,k y c has been expired call immediately for verification a c will be blocked within 24hr paytm office ph,,1,true,Smishing-Dataset-IMC25,smishing,"K.Y.C Has Been Expired
Call immediately For Verification
A/c Will Be Blocked Within 24hr
PAYTM OFFICE PH",K.Y.C Has Been Expired Call immediately For Verification A/c Will Be Blocked Within 24hr PAYTM OFFICE PH,True,original_unredacted,cleaned_from_raw,False,found_in_source_archive,Selected gathered final `message_raw` as the least-redacted available text.,excluded_duplicate_raw_available,,gathered_imc25_english_smish_10143,False,duplicate_against_raw_required_dataset
gathered_imc25_english_smish_10226,Smishing-Dataset-IMC25,Gathered approved smishing 7k,gathered_approved_smishing,imc25_english_smish_10226,This is for As Covid-19 is spreading we have locked your debit card for safety. Please sign in to regain use:,smishing_corpus_row,smishing,accepted,approved,false,false,false,data\final\approved_smishing_messages.csv,original_source=Smishing-Dataset-IMC25; scam_category=banking; strict-clean approved gathered smishing row.,this is for as covid 19 is spreading we have locked your debit card for safety please sign in to regain use,,1,true,Smishing-Dataset-IMC25,smishing,"This is for

As Covid-19 is spreading we have locked your debit card for safety. Please sign in to regain use:",This is for As Covid-19 is spreading we have locked your debit card for safety. Please sign in to regain use:,True,original_unredacted,cleaned_from_raw,False,found_in_source_archive,Selected gathered final `message_raw` as the least-redacted available text.,excluded_duplicate_raw_available,,gathered_imc25_english_smish_10226,False,duplicate_against_raw_required_dataset
gathered_imc25_english_smish_10229,Smishing-Dataset-IMC25,Gathered approved smishing 7k,gathered_approved_smishing,imc25_english_smish_10229,"Scotiabank security system has detected some unusual activity. Therefore, please verify your identity to avoid suspension.",smishing_corpus_row,smishing,accepted,approved,false,false,false,data\final\approved_smishing_messages.csv,original_source=Smishing-Dataset-IMC25; scam_category=banking; strict-clean approved gathered smishing row.,scotiabank security system has detected some unusual activity therefore please verify your identity to avoid suspension,,1,true,Smishing-Dataset-IMC25,smishing,"Scotiabank security system has detected some unusual activity. Therefore, please verify your identity to avoid suspension.","Scotiabank security system has detected some unusual activity. Therefore, please verify your identity to avoid suspension.",True,original_unredacted,cleaned_from_raw,False,found_in_source_archive,Selected gathered final `message_raw` as the least-redacted available text.,excluded_duplicate_raw_available,,gathered_imc25_english_smish_10229,False,duplicate_against_raw_required_dataset
gathered_imc25_english_smish_10240,Smishing-Dataset-IMC25,Gathered approved smishing 7k,gathered_approved_smishing,imc25_english_smish_10240,Your account has been suspended and requires verification. Please follow the link or visit the nearest branch.,smishing_corpus_row,smishing,accepted,approved,false,false,false,data\final\approved_smishing_messages.csv,original_source=Smishing-Dataset-IMC25; scam_category=banking; strict-clean approved gathered smishing row.,your account has been suspended and requires verification please follow the link or visit the nearest branch,,1,true,Smishing-Dataset-IMC25,smishing,Your account has been suspended and requires verification. Please follow the link or visit the nearest branch.,Your account has been suspended and requires verification. Please follow the link or visit the nearest branch.,True,original_unredacted,cleaned_from_raw,False,found_in_source_archive,Selected gathered final `message_raw` as the least-redacted available text.,excluded_duplicate_raw_available,,gathered_imc25_english_smish_10240,False,duplicate_against_raw_required_dataset
gathered_imc25_english_smish_10249,Smishing-Dataset-IMC25,Gathered approved smishing 7k,gathered_approved_smishing,imc25_english_smish_10249,We noticed an unauthorised login on your 365 account. If this was not you tap on the link below to validate your details,smishing_corpus_row,smishing,accepted,approved,false,false,false,data\final\approved_smishing_messages.csv,original_source=Smishing-Dataset-IMC25; scam_category=banking; strict-clean approved gathered smishing row.,we noticed an unauthorised login on your <num> account if this was not you tap on the link below to validate your details,,1,true,Smishing-Dataset-IMC25,smishing,We noticed an unauthorised login on your 365 account. If this was not you tap on the link below to validate your details,We noticed an unauthorised login on your 365 account. If this was not you tap on the link below to validate your details,True,original_unredacted,cleaned_from_raw,False,found_in_source_archive,Selected gathered final `message_raw` as the least-redacted available text.,excluded_duplicate_raw_available,,gathered_imc25_english_smish_10249,False,duplicate_against_raw_required_dataset
gathered_imc25_english_smish_10276,Smishing-Dataset-IMC25,Gathered approved smishing 7k,gathered_approved_smishing,imc25_english_smish_10276,RBC Royal Bank Alert: Your services are suspended for security maintenance. Please verify your information to activate your account.,smishing_corpus_row,smishing,accepted,approved,false,false,false,data\final\approved_smishing_messages.csv,original_source=Smishing-Dataset-IMC25; scam_category=banking; strict-clean approved gathered smishing row.,rbc royal bank alert your services are suspended for security maintenance please verify your information to activate your account,,1,true,Smishing-Dataset-IMC25,smishing,RBC Royal Bank Alert: Your services are suspended for security maintenance. Please verify your information to activate your account.,RBC Royal Bank Alert: Your services are suspended for security maintenance. Please verify your information to activate your account.,True,original_unredacted,cleaned_from_raw,False,found_in_source_archive,Selected gathered final `message_raw` as the least-redacted available text.,excluded_duplicate_raw_available,,gathered_imc25_english_smish_10276,False,duplicate_against_raw_required_dataset
gathered_imc25_english_smish_10290,Smishing-Dataset-IMC25,Gathered approved smishing 7k,gathered_approved_smishing,imc25_english_smish_10290,"ALERT! Your Debit Card has been suspended. To reactivate your account, visit:",smishing_corpus_row,smishing,accepted,approved,false,false,false,data\final\approved_smishing_messages.csv,original_source=Smishing-Dataset-IMC25; scam_category=banking; strict-clean approved gathered smishing row.,alert your debit card has been suspended to reactivate your account visit,,1,true,Smishing-Dataset-IMC25,smishing,"ALERT! Your Debit Card has been suspended. To reactivate your account, visit:","ALERT! Your Debit Card has been suspended. To reactivate your account, visit:",True,original_unredacted,cleaned_from_raw,False,found_in_source_archive,Selected gathered final `message_raw` as the least-redacted available text.,excluded_duplicate_raw_available,,gathered_imc25_english_smish_10290,False,duplicate_against_raw_required_dataset
gathered_imc25_english_smish_10311,Smishing-Dataset-IMC25,Gathered approved smishing 7k,gathered_approved_smishing,imc25_english_smish_10311,"PayPal Fraud Alert: Are you trying to pay 99,99 EUR? If yes, reply 1. If no, reply 2. Msg & Data rates apply.",smishing_corpus_row,smishing,accepted,approved,false,false,false,data\final\approved_smishing_messages.csv,original_source=Smishing-Dataset-IMC25; scam_category=banking; strict-clean approved gathered smishing row.,paypal fraud alert are you trying to pay 99 99 eur if yes reply 1 if no reply 2 msg data rates apply,,1,true,Smishing-Dataset-IMC25,smishing,"PayPal Fraud Alert: Are you trying to pay 99,99 EUR? If yes, reply 1. If no, reply 2. Msg & Data rates apply.","PayPal Fraud Alert: Are you trying to pay 99,99 EUR? If yes, reply 1. If no, reply 2. Msg & Data rates apply.",True,original_unredacted,cleaned_from_raw,False,found_in_source_archive,Selected gathered final `message_raw` as the least-redacted available text.,excluded_duplicate_raw_available,,gathered_imc25_english_smish_10311,False,duplicate_against_raw_required_dataset
gathered_imc25_english_smish_10327,Smishing-Dataset-IMC25,Gathered approved smishing 7k,gathered_approved_smishing,imc25_english_smish_10327,PAYPAL: Your account has been limited due to a failure to confirm details. Restore account now.,smishing_corpus_row,smishing,accepted,approved,false,false,false,data\final\approved_smishing_messages.csv,original_source=Smishing-Dataset-IMC25; scam_category=banking; strict-clean approved gathered smishing row.,paypal your account has been limited due to a failure to confirm details restore account now,,1,true,Smishing-Dataset-IMC25,smishing,PAYPAL: Your account has been limited due to a failure to confirm details. Restore account now.,PAYPAL: Your account has been limited due to a failure to confirm details. Restore account now.,True,original_unredacted,cleaned_from_raw,False,found_in_source_archive,Selected gathered final `message_raw` as the least-redacted available text.,excluded_duplicate_raw_available,,gathered_imc25_english_smish_10327,False,duplicate_against_raw_required_dataset
gathered_imc25_english_smish_10396,Smishing-Dataset-IMC25,Gathered approved smishing 7k,gathered_approved_smishing,imc25_english_smish_10396,"Dear Customer, Claim on your Motor insurance Policy no.OG-<PHONE>-<US_DRIVER_LICENSE> of your WAGON <NRP> has been successfully intimated. Team MIBPL",smishing_corpus_row,smishing,accepted,approved,false,false,false,data\final\approved_smishing_messages.csv,original_source=Smishing-Dataset-IMC25; scam_category=banking; strict-clean approved gathered smishing row.,dear customer claim on your motor insurance policy no og <phone> <us driver license> of your wagon <nrp> has been successfully intimated team mibpl,,1,true,Smishing-Dataset-IMC25,smishing,"Dear Customer,

Claim on your Motor insurance Policy no.OG-21-9910-1801-<US_DRIVER_LICENSE>  of your WAGON <NRP>
has been
successfully intimated.

Team MIBPL","Dear Customer, Claim on your Motor insurance Policy no.OG-<PHONE>-<US_DRIVER_LICENSE> of your WAGON <NRP> has been successfully intimated. Team MIBPL",True,original_unredacted,cleaned_from_raw,False,found_in_source_archive,Selected gathered final `message_raw` as the least-redacted available text.,excluded_duplicate_raw_available,,gathered_imc25_english_smish_10396,False,duplicate_against_raw_required_dataset
gathered_imc25_english_smish_10430,Smishing-Dataset-IMC25,Gathered approved smishing 7k,gathered_approved_smishing,imc25_english_smish_10430,We confirm receipt of the on-line payment made via PayTM for Rs 600 against Refill Booking No:,smishing_corpus_row,smishing,accepted,approved,false,false,false,data\final\approved_smishing_messages.csv,original_source=Smishing-Dataset-IMC25; scam_category=banking; strict-clean approved gathered smishing row.,we confirm receipt of the on line payment made via paytm for rs <num> against refill booking no,,1,true,Smishing-Dataset-IMC25,smishing,We confirm receipt of the on-line payment made via PayTM for Rs 600 against Refill Booking No:,We confirm receipt of the on-line payment made via PayTM for <AMOUNT> against Refill Booking No:,True,original_unredacted,cleaned_from_raw,False,found_in_source_archive,Selected gathered final `message_raw` as the least-redacted available text.,excluded_duplicate_raw_available,,gathered_imc25_english_smish_10430,False,duplicate_against_raw_required_dataset
gathered_imc25_english_smish_10479,Smishing-Dataset-IMC25,Gathered approved smishing 7k,gathered_approved_smishing,imc25_english_smish_10479,"Dear Customer,your ATM Card has been blocked, because you did not update it yet. If you want to activate your ATM Card, please contact with us at <US_BANK_NUMBER>",smishing_corpus_row,smishing,accepted,approved,false,false,false,data\final\approved_smishing_messages.csv,original_source=Smishing-Dataset-IMC25; scam_category=banking; strict-clean approved gathered smishing row.,dear customer your atm card has been blocked because you did not update it yet if you want to activate your atm card please contact with us at <us bank number>,,1,true,Smishing-Dataset-IMC25,smishing,"Dear Customer,your ATM Card has been blocked, because you did not update it yet. If you want to activate your ATM Card, please contact with us at <US_BANK_NUMBER>","Dear Customer,your ATM Card has been blocked, because you did not update it yet. If you want to activate your ATM Card, please contact with us at <US_BANK_NUMBER>",True,original_unredacted,cleaned_from_raw,False,found_in_source_archive,Selected gathered final `message_raw` as the least-redacted available text.,excluded_duplicate_raw_available,,gathered_imc25_english_smish_10479,False,duplicate_against_raw_required_dataset
gathered_imc25_english_smish_10494,Smishing-Dataset-IMC25,Gathered approved smishing 7k,gathered_approved_smishing,imc25_english_smish_10494,Your Bajaj Finserv RBL Bank Credit Card ending <OTP> has been enrolled into moratorium and is temporarily blocked. You are required to clear minimum amount due of Rs. 652.51 to activate your Card. For details visit.,smishing_corpus_row,smishing,accepted,approved,false,false,false,data\final\approved_smishing_messages.csv,original_source=Smishing-Dataset-IMC25; scam_category=banking; strict-clean approved gathered smishing row.,your bajaj finserv rbl bank credit card ending <otp> has been enrolled into moratorium and is temporarily blocked you are required to clear minimum amount due of rs <num> 51 to activate your card for details visit,,1,true,Smishing-Dataset-IMC25,smishing,Your Bajaj Finserv RBL Bank Credit Card ending 5474 has been enrolled into moratorium and is temporarily blocked. You are required to clear minimum amount due of Rs. 652.51 to activate your Card. For details visit.,Your Bajaj Finserv RBL Bank Credit Card ending 5474 has been enrolled into moratorium and is temporarily blocked. You are required to clear minimum amount due of Rs. 652.51 to activate your Card. For details visit.,True,original_unredacted,cleaned_from_raw,False,found_in_source_archive,Selected gathered final `message_raw` as the least-redacted available text.,excluded_duplicate_raw_available,,gathered_imc25_english_smish_10494,False,duplicate_against_raw_required_dataset
gathered_imc25_english_smish_10495,Smishing-Dataset-IMC25,Gathered approved smishing 7k,gathered_approved_smishing,imc25_english_smish_10495,"Dear customer, Your BOB BANK atm card will be blocked. please contact us immediately and update your document. Office Ph. <US_BANK_NUMBER> Thank u",smishing_corpus_row,smishing,accepted,approved,false,false,false,data\final\approved_smishing_messages.csv,original_source=Smishing-Dataset-IMC25; scam_category=banking; strict-clean approved gathered smishing row.,dear customer your bob bank atm card will be blocked please contact us immediately and update your document office ph <us bank number> thank u,,1,true,Smishing-Dataset-IMC25,smishing,"Dear customer,
Your BOB BANK atm card will be blocked. please contact us immediately and update your document.
Office Ph. <US_BANK_NUMBER>
Thank u","Dear customer, Your BOB BANK atm card will be blocked. please contact us immediately and update your document. Office Ph. <US_BANK_NUMBER> Thank u",True,original_unredacted,cleaned_from_raw,False,found_in_source_archive,Selected gathered final `message_raw` as the least-redacted available text.,excluded_duplicate_raw_available,,gathered_imc25_english_smish_10495,False,duplicate_against_raw_required_dataset
gathered_imc25_english_smish_10496,Smishing-Dataset-IMC25,Gathered approved smishing 7k,gathered_approved_smishing,imc25_english_smish_10496,"HSBC: A payment was attempted from a new device. If this was not you, please visit:",smishing_corpus_row,smishing,accepted,approved,false,false,false,data\final\approved_smishing_messages.csv,original_source=Smishing-Dataset-IMC25; scam_category=banking; strict-clean approved gathered smishing row.,hsbc a payment was attempted from a new device if this was not you please visit,,1,true,Smishing-Dataset-IMC25,smishing,"HSBC: A payment was attempted from a new device. If this was not you, please visit:","HSBC: A payment was attempted from a new device. If this was not you, please visit:",True,original_unredacted,cleaned_from_raw,False,found_in_source_archive,Selected gathered final `message_raw` as the least-redacted available text.,excluded_duplicate_raw_available,,gathered_imc25_english_smish_10496,False,duplicate_against_raw_required_dataset
gathered_imc25_english_smish_10524,Smishing-Dataset-IMC25,Gathered approved smishing 7k,gathered_approved_smishing,imc25_english_smish_10524,"Hi 988xxxxxXX, Just open a zero balance Kotak 811 A/c now Get 1 ticket free when you buy 1 PVR movie ticket using Kotak debit card",smishing_corpus_row,smishing,accepted,approved,false,false,false,data\final\approved_smishing_messages.csv,original_source=Smishing-Dataset-IMC25; scam_category=banking; strict-clean approved gathered smishing row.,hi 988xxxxxxx just open a zero balance kotak <num> a c now get 1 ticket free when you buy 1 pvr movie ticket using kotak debit card,,1,true,Smishing-Dataset-IMC25,smishing,"Hi 988xxxxxXX,
Just open a zero balance Kotak 811 A/c now
Get 1 ticket free when you buy 1 PVR movie ticket using Kotak debit card","Hi 988xxxxxXX, Just open a zero balance Kotak 811 A/c now Get 1 ticket free when you buy 1 PVR movie ticket using Kotak debit card",True,original_unredacted,cleaned_from_raw,False,found_in_source_archive,Selected gathered final `message_raw` as the least-redacted available text.,excluded_duplicate_raw_available,,gathered_imc25_english_smish_10524,False,duplicate_against_raw_required_dataset
gathered_imc25_english_smish_10540,Smishing-Dataset-IMC25,Gathered approved smishing 7k,gathered_approved_smishing,imc25_english_smish_10540,"Argoscard here, we are closing accounts that is yet to migrate onto the new platform. Update your account to keep it active.",smishing_corpus_row,smishing,accepted,approved,false,false,false,data\final\approved_smishing_messages.csv,original_source=Smishing-Dataset-IMC25; scam_category=banking; strict-clean approved gathered smishing row.,argoscard here we are closing accounts that is yet to migrate onto the new platform update your account to keep it active,,1,true,Smishing-Dataset-IMC25,smishing,"Argoscard here, we are closing accounts that is yet to migrate onto the new platform. Update your account to keep it active.","Argoscard here, we are closing accounts that is yet to migrate onto the new platform. Update your account to keep it active.",True,original_unredacted,cleaned_from_raw,False,found_in_source_archive,Selected gathered final `message_raw` as the least-redacted available text.,excluded_duplicate_raw_available,,gathered_imc25_english_smish_10540,False,duplicate_against_raw_required_dataset
gathered_imc25_english_smish_10555,Smishing-Dataset-IMC25,Gathered approved smishing 7k,gathered_approved_smishing,imc25_english_smish_10555,"Ur registration for SBI Pay has started. If it's not u, plz report to ur bank immediately. DON'T SHARE ur card details/OTP/CVV to avoid any financial loss.",smishing_corpus_row,smishing,accepted,approved,false,false,false,data\final\approved_smishing_messages.csv,original_source=Smishing-Dataset-IMC25; scam_category=banking; strict-clean approved gathered smishing row.,ur registration for sbi pay has started if it s not u plz report to ur bank immediately don t share ur card details otp cvv to avoid any financial loss,,1,true,Smishing-Dataset-IMC25,smishing,"Ur registration for SBI Pay has started. If it's not u, plz report to ur bank immediately. DON'T SHARE ur card details/OTP/CVV to avoid any financial loss.","Ur registration for SBI Pay has started. If it's not u, plz report to ur bank immediately. DON'T SHARE ur card details/OTP/CVV to avoid any financial loss.",True,original_unredacted,cleaned_from_raw,False,found_in_source_archive,Selected gathered final `message_raw` as the least-redacted available text.,excluded_duplicate_raw_available,,gathered_imc25_english_smish_10555,False,duplicate_against_raw_required_dataset
gathered_imc25_english_smish_10582,Smishing-Dataset-IMC25,Gathered approved smishing 7k,gathered_approved_smishing,imc25_english_smish_10582,"On 21/12, there has been a new charge to your account that needs additional details. To review visit",smishing_corpus_row,smishing,accepted,approved,false,false,false,data\final\approved_smishing_messages.csv,original_source=Smishing-Dataset-IMC25; scam_category=banking; strict-clean approved gathered smishing row.,on 21 12 there has been a new charge to your account that needs additional details to review visit,,1,true,Smishing-Dataset-IMC25,smishing,"On 21/12, there has been a new charge to your account that needs additional details. To review visit","On 21/12, there has been a new charge to your account that needs additional details. To review visit",True,original_unredacted,cleaned_from_raw,False,found_in_source_archive,Selected gathered final `message_raw` as the least-redacted available text.,excluded_duplicate_raw_available,,gathered_imc25_english_smish_10582,False,duplicate_against_raw_required_dataset
gathered_imc25_english_smish_10613,Smishing-Dataset-IMC25,Gathered approved smishing 7k,gathered_approved_smishing,imc25_english_smish_10613,Your optimum Pc account is now inactive. To avoid losing your savings : Confirm your account remains active :,smishing_corpus_row,smishing,accepted,approved,false,false,false,data\final\approved_smishing_messages.csv,original_source=Smishing-Dataset-IMC25; scam_category=banking; strict-clean approved gathered smishing row.,your optimum pc account is now inactive to avoid losing your savings confirm your account remains active,,1,true,Smishing-Dataset-IMC25,smishing,Your optimum Pc account is now inactive. To avoid losing your savings : Confirm your account remains active :,Your optimum Pc account is now inactive. To avoid losing your savings: Confirm your account remains active:,True,original_unredacted,cleaned_from_raw,False,found_in_source_archive,Selected gathered final `message_raw` as the least-redacted available text.,excluded_duplicate_raw_available,,gathered_imc25_english_smish_10613,False,duplicate_against_raw_required_dataset
gathered_imc25_english_smish_10631,Smishing-Dataset-IMC25,Gathered approved smishing 7k,gathered_approved_smishing,imc25_english_smish_10631,PayPal - Your account has been locked Please click on the link below to restore your access:,smishing_corpus_row,smishing,accepted,approved,false,false,false,data\final\approved_smishing_messages.csv,original_source=Smishing-Dataset-IMC25; scam_category=banking; strict-clean approved gathered smishing row.,paypal your account has been locked please click on the link below to restore your access,,1,true,Smishing-Dataset-IMC25,smishing,PayPal - Your account has been locked Please click on the link below to restore your access:,PayPal - Your account has been locked Please click on the link below to restore your access:,True,original_unredacted,cleaned_from_raw,False,found_in_source_archive,Selected gathered final `message_raw` as the least-redacted available text.,excluded_duplicate_raw_available,,gathered_imc25_english_smish_10631,False,duplicate_against_raw_required_dataset
gathered_imc25_english_smish_10640,Smishing-Dataset-IMC25,Gathered approved smishing 7k,gathered_approved_smishing,imc25_english_smish_10640,Dear customer your wallet kyc verification done successful get your cashback activated Rs <OTP> receive click here link and login your paytm.,smishing_corpus_row,smishing,accepted,approved,false,false,false,data\final\approved_smishing_messages.csv,original_source=Smishing-Dataset-IMC25; scam_category=banking; strict-clean approved gathered smishing row.,dear customer your wallet kyc verification done successful get your cashback activated rs <otp> receive click here link and login your paytm,,1,true,Smishing-Dataset-IMC25,smishing,Dear customer your wallet kyc verification done successful  get your cashback activated Rs 1205 receive click here link and login your paytm.,Dear customer your wallet kyc verification done successful get your cashback activated <AMOUNT> receive click here link and login your paytm.,True,original_unredacted,cleaned_from_raw,False,found_in_source_archive,Selected gathered final `message_raw` as the least-redacted available text.,excluded_duplicate_raw_available,,gathered_imc25_english_smish_10640,False,duplicate_against_raw_required_dataset
gathered_imc25_english_smish_10681,Smishing-Dataset-IMC25,Gathered approved smishing 7k,gathered_approved_smishing,imc25_english_smish_10681,"PayPal: A new device just signed into your account, if this was not you please follow our secure link and unlock your account now:",smishing_corpus_row,smishing,accepted,approved,false,false,false,data\final\approved_smishing_messages.csv,original_source=Smishing-Dataset-IMC25; scam_category=banking; strict-clean approved gathered smishing row.,paypal a new device just signed into your account if this was not you please follow our secure link and unlock your account now,,1,true,Smishing-Dataset-IMC25,smishing,"PayPal: A new device just signed into your account, if this was not you please follow our secure link and unlock your account now:","PayPal: A new device just signed into your account, if this was not you please follow our secure link and unlock your account now:",True,original_unredacted,cleaned_from_raw,False,found_in_source_archive,Selected gathered final `message_raw` as the least-redacted available text.,excluded_duplicate_raw_available,,gathered_imc25_english_smish_10681,False,duplicate_against_raw_required_dataset
gathered_imc25_english_smish_10756,Smishing-Dataset-IMC25,Gathered approved smishing 7k,gathered_approved_smishing,imc25_english_smish_10756,"PayPal : We've permanently limited your account, please click link below to verify",smishing_corpus_row,smishing,accepted,approved,false,false,false,data\final\approved_smishing_messages.csv,original_source=Smishing-Dataset-IMC25; scam_category=banking; strict-clean approved gathered smishing row.,paypal we ve permanently limited your account please click link below to verify,,1,true,Smishing-Dataset-IMC25,smishing,"PayPal : We've permanently limited your account, please click link below to verify","PayPal: We've permanently limited your account, please click link below to verify",True,original_unredacted,cleaned_from_raw,False,found_in_source_archive,Selected gathered final `message_raw` as the least-redacted available text.,excluded_duplicate_raw_available,,gathered_imc25_english_smish_10756,False,duplicate_against_raw_required_dataset
gathered_imc25_english_smish_10759,Smishing-Dataset-IMC25,Gathered approved smishing 7k,gathered_approved_smishing,imc25_english_smish_10759,Chase-Alerts: We have put hold on your account. Verify your account credentials to continue using our services follow :,smishing_corpus_row,smishing,accepted,approved,false,false,false,data\final\approved_smishing_messages.csv,original_source=Smishing-Dataset-IMC25; scam_category=banking; strict-clean approved gathered smishing row.,chase alerts we have put hold on your account verify your account credentials to continue using our services follow,,1,true,Smishing-Dataset-IMC25,smishing,Chase-Alerts: We have put hold on your account. Verify your account credentials to continue using our services follow :,Chase-Alerts: We have put hold on your account. Verify your account credentials to continue using our services follow:,True,original_unredacted,cleaned_from_raw,False,found_in_source_archive,Selected gathered final `message_raw` as the least-redacted available text.,excluded_duplicate_raw_available,,gathered_imc25_english_smish_10759,False,duplicate_against_raw_required_dataset
gathered_imc25_english_smish_10772,Smishing-Dataset-IMC25,Gathered approved smishing 7k,gathered_approved_smishing,imc25_english_smish_10772,Dear customer your paytm wallet KYC has been suspended to verify your KYC click in link and log in your paytm,smishing_corpus_row,smishing,accepted,approved,false,false,false,data\final\approved_smishing_messages.csv,original_source=Smishing-Dataset-IMC25; scam_category=banking; strict-clean approved gathered smishing row.,dear customer your paytm wallet kyc has been suspended to verify your kyc click in link and log in your paytm,,1,true,Smishing-Dataset-IMC25,smishing,Dear customer your paytm wallet KYC has been suspended to verify your KYC click in link and log in your paytm,Dear customer your paytm wallet KYC has been suspended to verify your KYC click in link and log in your paytm,True,original_unredacted,cleaned_from_raw,False,found_in_source_archive,Selected gathered final `message_raw` as the least-redacted available text.,excluded_duplicate_raw_available,,gathered_imc25_english_smish_10772,False,duplicate_against_raw_required_dataset
gathered_imc25_english_smish_10787,Smishing-Dataset-IMC25,Gathered approved smishing 7k,gathered_approved_smishing,imc25_english_smish_10787,Dear SBI user your SBI YONO A/c has been blocked. please update your PAN CARD click here to login your net banking update your PAN no,smishing_corpus_row,smishing,accepted,approved,false,false,false,data\final\approved_smishing_messages.csv,original_source=Smishing-Dataset-IMC25; scam_category=banking; strict-clean approved gathered smishing row.,dear sbi user your sbi yono a c has been blocked please update your pan card click here to login your net banking update your pan no,,1,true,Smishing-Dataset-IMC25,smishing,Dear SBI user your SBI YONO A/c has been blocked. please update your PAN CARD click here to login your net banking update your PAN no,Dear SBI user your SBI YONO A/c has been blocked. please update your PAN CARD click here to login your net banking update your PAN no,True,original_unredacted,cleaned_from_raw,False,found_in_source_archive,Selected gathered final `message_raw` as the least-redacted available text.,excluded_duplicate_raw_available,,gathered_imc25_english_smish_10787,False,duplicate_against_raw_required_dataset
gathered_imc25_english_smish_10793,Smishing-Dataset-IMC25,Gathered approved smishing 7k,gathered_approved_smishing,imc25_english_smish_10793,Dear customer Your SBI Bank Account has been Blocked Plz Update your Document visit SBI website Click here to Update by Net Banking,smishing_corpus_row,smishing,accepted,approved,false,false,false,data\final\approved_smishing_messages.csv,original_source=Smishing-Dataset-IMC25; scam_category=banking; strict-clean approved gathered smishing row.,dear customer your sbi bank account has been blocked plz update your document visit sbi website click here to update by net banking,,1,true,Smishing-Dataset-IMC25,smishing,Dear customer Your SBI Bank Account has been Blocked Plz Update your Document visit SBI website Click here to Update by Net Banking,Dear customer Your SBI Bank Account has been Blocked Plz Update your Document visit SBI website Click here to Update by Net Banking,True,original_unredacted,cleaned_from_raw,False,found_in_source_archive,Selected gathered final `message_raw` as the least-redacted available text.,excluded_duplicate_raw_available,,gathered_imc25_english_smish_10793,False,duplicate_against_raw_required_dataset
gathered_imc25_english_smish_10831,Smishing-Dataset-IMC25,Gathered approved smishing 7k,gathered_approved_smishing,imc25_english_smish_10831,Dear SBI user your SBI YONO Account has been blocked please login,smishing_corpus_row,smishing,accepted,approved,false,false,false,data\final\approved_smishing_messages.csv,original_source=Smishing-Dataset-IMC25; scam_category=banking; strict-clean approved gathered smishing row.,dear sbi user your sbi yono account has been blocked please login,,1,true,Smishing-Dataset-IMC25,smishing,Dear SBI user your SBI YONO Account has been blocked please login,Dear SBI user your SBI YONO Account has been blocked please login,True,original_unredacted,cleaned_from_raw,False,found_in_source_archive,Selected gathered final `message_raw` as the least-redacted available text.,excluded_duplicate_raw_available,,gathered_imc25_english_smish_10831,False,duplicate_against_raw_required_dataset
gathered_imc25_english_smish_10832,Smishing-Dataset-IMC25,Gathered approved smishing 7k,gathered_approved_smishing,imc25_english_smish_10832,"Your Canadia account has been logged in. To protect your rights, please verify to update the access device",smishing_corpus_row,smishing,accepted,approved,false,false,false,data\final\approved_smishing_messages.csv,original_source=Smishing-Dataset-IMC25; scam_category=banking; strict-clean approved gathered smishing row.,your canadia account has been logged in to protect your rights please verify to update the access device,,1,true,Smishing-Dataset-IMC25,smishing,"Your Canadia account has been logged in. To protect your rights, please verify to update the access device","Your Canadia account has been logged in. To protect your rights, please verify to update the access device",True,original_unredacted,cleaned_from_raw,False,found_in_source_archive,Selected gathered final `message_raw` as the least-redacted available text.,excluded_duplicate_raw_available,,gathered_imc25_english_smish_10832,False,duplicate_against_raw_required_dataset
gathered_imc25_english_smish_10837,Smishing-Dataset-IMC25,Gathered approved smishing 7k,gathered_approved_smishing,imc25_english_smish_10837,"Your H.B.L%Card Has Been BLOCKED, because You Have Not Update Yet For Card Activation Please Visit Website",smishing_corpus_row,smishing,accepted,approved,false,false,false,data\final\approved_smishing_messages.csv,original_source=Smishing-Dataset-IMC25; scam_category=banking; strict-clean approved gathered smishing row.,your h b l card has been blocked because you have not update yet for card activation please visit website,,1,true,Smishing-Dataset-IMC25,smishing,"Your H.B.L%Card Has Been BLOCKED, because You Have Not Update Yet For Card Activation Please Visit Website","Your H.B.L%Card Has Been BLOCKED, because You Have Not Update Yet For Card Activation Please Visit Website",True,original_unredacted,cleaned_from_raw,False,found_in_source_archive,Selected gathered final `message_raw` as the least-redacted available text.,excluded_duplicate_raw_available,,gathered_imc25_english_smish_10837,False,duplicate_against_raw_required_dataset
gathered_imc25_english_smish_10892,Smishing-Dataset-IMC25,Gathered approved smishing 7k,gathered_approved_smishing,imc25_english_smish_10892,"Dear customer, Your SBI account has been blocked. Please update your KYC in click here link -",smishing_corpus_row,smishing,accepted,approved,false,false,false,data\final\approved_smishing_messages.csv,original_source=Smishing-Dataset-IMC25; scam_category=banking; strict-clean approved gathered smishing row.,dear customer your sbi account has been blocked please update your kyc in click here link,,1,true,Smishing-Dataset-IMC25,smishing,"Dear customer, Your SBI account has been blocked. Please update your KYC in click here link -","Dear customer, Your SBI account has been blocked. Please update your KYC in click here link -",True,original_unredacted,cleaned_from_raw,False,found_in_source_archive,Selected gathered final `message_raw` as the least-redacted available text.,excluded_duplicate_raw_available,,gathered_imc25_english_smish_10892,False,duplicate_against_raw_required_dataset
gathered_imc25_english_smish_10900,Smishing-Dataset-IMC25,Gathered approved smishing 7k,gathered_approved_smishing,imc25_english_smish_10900,"We have temporarily limited access to your BOI online due to failed login attempts, to re-authenticate visit:",smishing_corpus_row,smishing,accepted,approved,false,false,false,data\final\approved_smishing_messages.csv,original_source=Smishing-Dataset-IMC25; scam_category=banking; strict-clean approved gathered smishing row.,we have temporarily limited access to your boi online due to failed login attempts to re authenticate visit,,1,true,Smishing-Dataset-IMC25,smishing,"We have temporarily limited access to your BOI online due to failed login attempts, to re-authenticate visit:","We have temporarily limited access to your BOI online due to failed login attempts, to re-authenticate visit:",True,original_unredacted,cleaned_from_raw,False,found_in_source_archive,Selected gathered final `message_raw` as the least-redacted available text.,excluded_duplicate_raw_available,,gathered_imc25_english_smish_10900,False,duplicate_against_raw_required_dataset
gathered_imc25_english_smish_10902,Smishing-Dataset-IMC25,Gathered approved smishing 7k,gathered_approved_smishing,imc25_english_smish_10902,Dear SBI user your SBI YONO Account has been blocked please visit here for PAN CARD click here to login your PAN number: <URL>,smishing_corpus_row,smishing,accepted,approved,false,false,false,data\final\approved_smishing_messages.csv,original_source=Smishing-Dataset-IMC25; scam_category=banking; strict-clean approved gathered smishing row.,dear sbi user your sbi yono account has been blocked please visit here for pan card click here to login your pan number <url>,,1,true,Smishing-Dataset-IMC25,smishing,Dear SBI user your SBI YONO Account has been blocked please visit here for PAN CARD click here to login your PAN number: https://g2ltAWC2,Dear SBI user your SBI YONO Account has been blocked please visit here for PAN CARD click here to login your PAN number: <URL>,True,original_unredacted,cleaned_from_raw,False,found_in_source_archive,Selected gathered final `message_raw` as the least-redacted available text.,excluded_duplicate_raw_available,,gathered_imc25_english_smish_10902,False,duplicate_against_raw_required_dataset
gathered_imc25_english_smish_10906,Smishing-Dataset-IMC25,Gathered approved smishing 7k,gathered_approved_smishing,imc25_english_smish_10906,Dear Customer Your SBI BANK Account KYC has been expired please update your account verification link click here to link,smishing_corpus_row,smishing,accepted,approved,false,false,false,data\final\approved_smishing_messages.csv,original_source=Smishing-Dataset-IMC25; scam_category=banking; strict-clean approved gathered smishing row.,dear customer your sbi bank account kyc has been expired please update your account verification link click here to link,,1,true,Smishing-Dataset-IMC25,smishing,Dear Customer Your SBI BANK Account KYC has been expired please update your account verification link click here to link,Dear Customer Your SBI BANK Account KYC has been expired please update your account verification link click here to link,True,original_unredacted,cleaned_from_raw,False,found_in_source_archive,Selected gathered final `message_raw` as the least-redacted available text.,excluded_duplicate_raw_available,,gathered_imc25_english_smish_10906,False,duplicate_against_raw_required_dataset
gathered_imc25_english_smish_10947,Smishing-Dataset-IMC25,Gathered approved smishing 7k,gathered_approved_smishing,imc25_english_smish_10947,Dear customer your SBI Net Banking account has been blocked please check your A/C details click here to login your net banking,smishing_corpus_row,smishing,accepted,approved,false,false,false,data\final\approved_smishing_messages.csv,original_source=Smishing-Dataset-IMC25; scam_category=banking; strict-clean approved gathered smishing row.,dear customer your sbi net banking account has been blocked please check your a c details click here to login your net banking,,1,true,Smishing-Dataset-IMC25,smishing,Dear customer your SBI Net Banking account has been blocked please check your A/C details click here to login your net banking,Dear customer your SBI Net Banking account has been blocked please check your A/C details click here to login your net banking,True,original_unredacted,cleaned_from_raw,False,found_in_source_archive,Selected gathered final `message_raw` as the least-redacted available text.,excluded_duplicate_raw_available,,gathered_imc25_english_smish_10947,False,duplicate_against_raw_required_dataset
gathered_imc25_english_smish_10953,Smishing-Dataset-IMC25,Gathered approved smishing 7k,gathered_approved_smishing,imc25_english_smish_10953,Dear customer your Paytm wallet KYC has been suspended please update your KYC click link and activate your Paytm wallet,smishing_corpus_row,smishing,accepted,approved,false,false,false,data\final\approved_smishing_messages.csv,original_source=Smishing-Dataset-IMC25; scam_category=banking; strict-clean approved gathered smishing row.,dear customer your paytm wallet kyc has been suspended please update your kyc click link and activate your paytm wallet,,1,true,Smishing-Dataset-IMC25,smishing,Dear customer your Paytm wallet KYC has been suspended please update your KYC click link and activate your Paytm wallet,Dear customer your Paytm wallet KYC has been suspended please update your KYC click link and activate your Paytm wallet,True,original_unredacted,cleaned_from_raw,False,found_in_source_archive,Selected gathered final `message_raw` as the least-redacted available text.,excluded_duplicate_raw_available,,gathered_imc25_english_smish_10953,False,duplicate_against_raw_required_dataset
gathered_imc25_english_smish_10962,Smishing-Dataset-IMC25,Gathered approved smishing 7k,gathered_approved_smishing,imc25_english_smish_10962,Dear Customer your SBI Net banking account will be Suspended update your document's immediately click here,smishing_corpus_row,smishing,accepted,approved,false,false,false,data\final\approved_smishing_messages.csv,original_source=Smishing-Dataset-IMC25; scam_category=banking; strict-clean approved gathered smishing row.,dear customer your sbi net banking account will be suspended update your document s immediately click here,,1,true,Smishing-Dataset-IMC25,smishing,Dear Customer your SBI Net banking account will be Suspended update your document's immediately click here,Dear Customer your SBI Net banking account will be Suspended update your document's immediately click here,True,original_unredacted,cleaned_from_raw,False,found_in_source_archive,Selected gathered final `message_raw` as the least-redacted available text.,excluded_duplicate_raw_available,,gathered_imc25_english_smish_10962,False,duplicate_against_raw_required_dataset
gathered_imc25_english_smish_10973,Smishing-Dataset-IMC25,Gathered approved smishing 7k,gathered_approved_smishing,imc25_english_smish_10973,"(ALERT) Your Credit Card has been temporarily suspended. To unlock your account, click here",smishing_corpus_row,smishing,accepted,approved,false,false,false,data\final\approved_smishing_messages.csv,original_source=Smishing-Dataset-IMC25; scam_category=banking; strict-clean approved gathered smishing row.,alert your credit card has been temporarily suspended to unlock your account click here,,1,true,Smishing-Dataset-IMC25,smishing,"(ALERT) Your Credit Card has been temporarily suspended. To unlock your account, click here","(ALERT) Your Credit Card has been temporarily suspended. To unlock your account, click here",True,original_unredacted,cleaned_from_raw,False,found_in_source_archive,Selected gathered final `message_raw` as the least-redacted available text.,excluded_duplicate_raw_available,,gathered_imc25_english_smish_10973,False,duplicate_against_raw_required_dataset
gathered_imc25_english_smish_10996,Smishing-Dataset-IMC25,Gathered approved smishing 7k,gathered_approved_smishing,imc25_english_smish_10996,PayPal: We have limited your account due to safety concerns. Please visit <URL> before we are forced to suspend services.,smishing_corpus_row,smishing,accepted,approved,false,false,false,data\final\approved_smishing_messages.csv,original_source=Smishing-Dataset-IMC25; scam_category=banking; strict-clean approved gathered smishing row.,paypal we have limited your account due to safety concerns please visit <url> before we are forced to suspend services,,1,true,Smishing-Dataset-IMC25,smishing,PayPal: We have limited your account due to safety concerns. Please visit https://paypal-resolution- before we are forced to suspend services.,PayPal: We have limited your account due to safety concerns. Please visit <URL> before we are forced to suspend services.,True,original_unredacted,cleaned_from_raw,False,found_in_source_archive,Selected gathered final `message_raw` as the least-redacted available text.,excluded_duplicate_raw_available,,gathered_imc25_english_smish_10996,False,duplicate_against_raw_required_dataset
gathered_imc25_english_smish_11002,Smishing-Dataset-IMC25,Gathered approved smishing 7k,gathered_approved_smishing,imc25_english_smish_11002,Dear customer your SBI A/ C has been Suspended. please update your KYC Click here link submit your details,smishing_corpus_row,smishing,accepted,approved,false,false,false,data\final\approved_smishing_messages.csv,original_source=Smishing-Dataset-IMC25; scam_category=banking; strict-clean approved gathered smishing row.,dear customer your sbi a c has been suspended please update your kyc click here link submit your details,,1,true,Smishing-Dataset-IMC25,smishing,Dear customer your SBI A/ C has been Suspended. please update your KYC Click here link submit your details,Dear customer your SBI A/ C has been Suspended. please update your KYC Click here link submit your details,True,original_unredacted,cleaned_from_raw,False,found_in_source_archive,Selected gathered final `message_raw` as the least-redacted available text.,excluded_duplicate_raw_available,,gathered_imc25_english_smish_11002,False,duplicate_against_raw_required_dataset
gathered_imc25_english_smish_11014,Smishing-Dataset-IMC25,Gathered approved smishing 7k,gathered_approved_smishing,imc25_english_smish_11014,Dear customer your SBI Bank account has been suspended for KYC please complete your KYC 10 min immediately click here link,smishing_corpus_row,smishing,accepted,approved,false,false,false,data\final\approved_smishing_messages.csv,original_source=Smishing-Dataset-IMC25; scam_category=banking; strict-clean approved gathered smishing row.,dear customer your sbi bank account has been suspended for kyc please complete your kyc 10 min immediately click here link,,1,true,Smishing-Dataset-IMC25,smishing,Dear customer your SBI Bank account has been suspended for KYC please complete your KYC 10 min immediately click here link,Dear customer your SBI Bank account has been suspended for KYC please complete your KYC 10 min immediately click here link,True,original_unredacted,cleaned_from_raw,False,found_in_source_archive,Selected gathered final `message_raw` as the least-redacted available text.,excluded_duplicate_raw_available,,gathered_imc25_english_smish_11014,False,duplicate_against_raw_required_dataset
gathered_imc25_english_smish_11035,Smishing-Dataset-IMC25,Gathered approved smishing 7k,gathered_approved_smishing,imc25_english_smish_11035,"Dear Card Member, this is to confirm that your HDFCBank credit card ending ****<OTP> has been blocked for security.",smishing_corpus_row,smishing,accepted,approved,false,false,false,data\final\approved_smishing_messages.csv,original_source=Smishing-Dataset-IMC25; scam_category=banking; strict-clean approved gathered smishing row.,dear card member this is to confirm that your hdfcbank credit card ending <otp> has been blocked for security,,1,true,Smishing-Dataset-IMC25,smishing,"Dear Card Member, this is to confirm that your HDFCBank credit card ending ****3525 has been blocked for security.","Dear Card Member, this is to confirm that your HDFCBank credit card ending ****3525 has been blocked for security.",True,original_unredacted,cleaned_from_raw,False,found_in_source_archive,Selected gathered final `message_raw` as the least-redacted available text.,excluded_duplicate_raw_available,,gathered_imc25_english_smish_11035,False,duplicate_against_raw_required_dataset
gathered_imc25_english_smish_11039,Smishing-Dataset-IMC25,Gathered approved smishing 7k,gathered_approved_smishing,imc25_english_smish_11039,Dear Customer your Kotak Mahindra Bank A/C will be suspended please Updated your KYC Immediately (10 mint's ) Click Here Link,smishing_corpus_row,smishing,accepted,approved,false,false,false,data\final\approved_smishing_messages.csv,original_source=Smishing-Dataset-IMC25; scam_category=banking; strict-clean approved gathered smishing row.,dear customer your kotak mahindra bank a c will be suspended please updated your kyc immediately 10 mint s click here link,,1,true,Smishing-Dataset-IMC25,smishing,Dear Customer your Kotak Mahindra Bank A/C will be suspended please Updated your KYC Immediately (10 mint's ) Click Here Link,Dear Customer your Kotak Mahindra Bank A/C will be suspended please Updated your KYC Immediately (10 mint's ) Click Here Link,True,original_unredacted,cleaned_from_raw,False,found_in_source_archive,Selected gathered final `message_raw` as the least-redacted available text.,excluded_duplicate_raw_available,,gathered_imc25_english_smish_11039,False,duplicate_against_raw_required_dataset
gathered_imc25_english_smish_11046,Smishing-Dataset-IMC25,Gathered approved smishing 7k,gathered_approved_smishing,imc25_english_smish_11046,Dear SBI customer your account has been blocked due to KYC is pending. Please call our executive at Service <US_BANK_NUMBER> to Thank you,smishing_corpus_row,smishing,accepted,approved,false,false,false,data\final\approved_smishing_messages.csv,original_source=Smishing-Dataset-IMC25; scam_category=banking; strict-clean approved gathered smishing row.,dear sbi customer your account has been blocked due to kyc is pending please call our executive at service <us bank number> to thank you,,1,true,Smishing-Dataset-IMC25,smishing,Dear SBI customer your account has been blocked due to KYC is pending. Please call our executive at Service <US_BANK_NUMBER> to Thank you,Dear SBI customer your account has been blocked due to KYC is pending. Please call our executive at Service <US_BANK_NUMBER> to Thank you,True,original_unredacted,cleaned_from_raw,False,found_in_source_archive,Selected gathered final `message_raw` as the least-redacted available text.,excluded_duplicate_raw_available,,gathered_imc25_english_smish_11046,False,duplicate_against_raw_required_dataset
gathered_imc25_english_smish_11124,Smishing-Dataset-IMC25,Gathered approved smishing 7k,gathered_approved_smishing,imc25_english_smish_11124,LLOYDS: You have successfully paired a NEW DEVICE to your account. Recognise this? If NOT Visit: <NRP>,smishing_corpus_row,smishing,accepted,approved,false,false,false,data\final\approved_smishing_messages.csv,original_source=Smishing-Dataset-IMC25; scam_category=banking; strict-clean approved gathered smishing row.,lloyds you have successfully paired a new device to your account recognise this if not visit <nrp>,,1,true,Smishing-Dataset-IMC25,smishing,LLOYDS: You have successfully paired a NEW DEVICE to your account. Recognise this? If NOT Visit: <NRP>,LLOYDS: You have successfully paired a NEW DEVICE to your account. Recognise this? If NOT Visit: <NRP>,True,original_unredacted,cleaned_from_raw,False,found_in_source_archive,Selected gathered final `message_raw` as the least-redacted available text.,excluded_duplicate_raw_available,,gathered_imc25_english_smish_11124,False,duplicate_against_raw_required_dataset
gathered_imc25_english_smish_11132,Smishing-Dataset-IMC25,Gathered approved smishing 7k,gathered_approved_smishing,imc25_english_smish_11132,Dear SBI user your SBI YONO Account has been blocked please clear your PAN CARD click here to login your PAN number: <LOCATION>,smishing_corpus_row,smishing,accepted,approved,false,false,false,data\final\approved_smishing_messages.csv,original_source=Smishing-Dataset-IMC25; scam_category=banking; strict-clean approved gathered smishing row.,dear sbi user your sbi yono account has been blocked please clear your pan card click here to login your pan number <location>,,1,true,Smishing-Dataset-IMC25,smishing,Dear SBI user your SBI YONO Account has been blocked please clear your PAN CARD click here to login your PAN number: <LOCATION>,Dear SBI user your SBI YONO Account has been blocked please clear your PAN CARD click here to login your PAN number: <LOCATION>,True,original_unredacted,cleaned_from_raw,False,found_in_source_archive,Selected gathered final `message_raw` as the least-redacted available text.,excluded_duplicate_raw_available,,gathered_imc25_english_smish_11132,False,duplicate_against_raw_required_dataset
gathered_imc25_english_smish_11135,Smishing-Dataset-IMC25,Gathered approved smishing 7k,gathered_approved_smishing,imc25_english_smish_11135,Dear SBI user your SBI YONO Account has been blocked please click here to login your PAN CARD click here to login your PAN number: <URL>,smishing_corpus_row,smishing,accepted,approved,false,false,false,data\final\approved_smishing_messages.csv,original_source=Smishing-Dataset-IMC25; scam_category=banking; strict-clean approved gathered smishing row.,dear sbi user your sbi yono account has been blocked please click here to login your pan card click here to login your pan number <url>,,1,true,Smishing-Dataset-IMC25,smishing,"Dear SBI user your SBI YONO Account has been blocked please click here to login your PAN CARD
click here to login your PAN number: https://gdtAwcZ",Dear SBI user your SBI YONO Account has been blocked please click here to login your PAN CARD click here to login your PAN number: <URL>,True,original_unredacted,cleaned_from_raw,False,found_in_source_archive,Selected gathered final `message_raw` as the least-redacted available text.,excluded_duplicate_raw_available,,gathered_imc25_english_smish_11135,False,duplicate_against_raw_required_dataset
gathered_imc25_english_smish_11136,Smishing-Dataset-IMC25,Gathered approved smishing 7k,gathered_approved_smishing,imc25_english_smish_11136,BDO ADVISORY : Account on hold please verify here if your number is still active,smishing_corpus_row,smishing,accepted,approved,false,false,false,data\final\approved_smishing_messages.csv,original_source=Smishing-Dataset-IMC25; scam_category=banking; strict-clean approved gathered smishing row.,bdo advisory account on hold please verify here if your number is still active,,1,true,Smishing-Dataset-IMC25,smishing,BDO ADVISORY : Account on hold please verify here if your number is still active,BDO ADVISORY: Account on hold please verify here if your number is still active,True,original_unredacted,cleaned_from_raw,False,found_in_source_archive,Selected gathered final `message_raw` as the least-redacted available text.,excluded_duplicate_raw_available,,gathered_imc25_english_smish_11136,False,duplicate_against_raw_required_dataset
gathered_imc25_english_smish_11143,Smishing-Dataset-IMC25,Gathered approved smishing 7k,gathered_approved_smishing,imc25_english_smish_11143,"Dear Customer, Your ATM Card has been suspended BY POSB DBS. Because you didn't Update yet. if you want to activate please call at. <US_BANK_NUMBER>",smishing_corpus_row,smishing,accepted,approved,false,false,false,data\final\approved_smishing_messages.csv,original_source=Smishing-Dataset-IMC25; scam_category=banking; strict-clean approved gathered smishing row.,dear customer your atm card has been suspended by posb dbs because you didn t update yet if you want to activate please call at <us bank number>,,1,true,Smishing-Dataset-IMC25,smishing,"Dear Customer, Your ATM Card has been suspended BY POSB DBS. Because you didn't Update yet. if you want to activate please call at. <US_BANK_NUMBER>","Dear Customer, Your ATM Card has been suspended BY POSB DBS. Because you didn't Update yet. if you want to activate please call at. <US_BANK_NUMBER>",True,original_unredacted,cleaned_from_raw,False,found_in_source_archive,Selected gathered final `message_raw` as the least-redacted available text.,excluded_duplicate_raw_available,,gathered_imc25_english_smish_11143,False,duplicate_against_raw_required_dataset
gathered_imc25_english_smish_11157,Smishing-Dataset-IMC25,Gathered approved smishing 7k,gathered_approved_smishing,imc25_english_smish_11157,"Dear, Customer Your State Bank of india Account Will be Suspended! Please Re KYC Verification Update Click here link <URL>",smishing_corpus_row,smishing,accepted,approved,false,false,false,data\final\approved_smishing_messages.csv,original_source=Smishing-Dataset-IMC25; scam_category=banking; strict-clean approved gathered smishing row.,dear customer your state bank of india account will be suspended please re kyc verification update click here link <url>,,1,true,Smishing-Dataset-IMC25,smishing,"Dear, Customer Your State Bank of india  Account Will be Suspended! Please Re KYC Verification Update Click here link http://<IP_ADDRESS>/sbionline","Dear, Customer Your State Bank of india Account Will be Suspended! Please Re KYC Verification Update Click here link http://<IP_ADDRESS>/sbionline",True,original_unredacted,cleaned_from_raw,False,found_in_source_archive,Selected gathered final `message_raw` as the least-redacted available text.,excluded_duplicate_raw_available,,gathered_imc25_english_smish_11157,False,duplicate_against_raw_required_dataset
gathered_imc25_english_smish_11167,Smishing-Dataset-IMC25,Gathered approved smishing 7k,gathered_approved_smishing,imc25_english_smish_11167,Dear SBI user your SBI YONO Account has been blocked please follow the instructions to unlock your PAN CARD click here to login your PAN number: <URL>,smishing_corpus_row,smishing,accepted,approved,false,false,false,data\final\approved_smishing_messages.csv,original_source=Smishing-Dataset-IMC25; scam_category=banking; strict-clean approved gathered smishing row.,dear sbi user your sbi yono account has been blocked please follow the instructions to unlock your pan card click here to login your pan number <url>,,1,true,Smishing-Dataset-IMC25,smishing,Dear SBI user your SBI YONO Account has been blocked please follow the instructions to unlock your PAN CARD click here to login your PAN number: https://g6tATwzC,Dear SBI user your SBI YONO Account has been blocked please follow the instructions to unlock your PAN CARD click here to login your PAN number: <URL>,True,original_unredacted,cleaned_from_raw,False,found_in_source_archive,Selected gathered final `message_raw` as the least-redacted available text.,excluded_duplicate_raw_available,,gathered_imc25_english_smish_11167,False,duplicate_against_raw_required_dataset
gathered_imc25_english_smish_11195,Smishing-Dataset-IMC25,Gathered approved smishing 7k,gathered_approved_smishing,imc25_english_smish_11195,"Dear Customer, your bank's current account has been compromised, please click the following link to secure your account now",smishing_corpus_row,smishing,accepted,approved,false,false,false,data\final\approved_smishing_messages.csv,original_source=Smishing-Dataset-IMC25; scam_category=banking; strict-clean approved gathered smishing row.,dear customer your bank s current account has been compromised please click the following link to secure your account now,,1,true,Smishing-Dataset-IMC25,smishing,"Dear Customer, your bank's current account has been compromised, please click the following link to secure your account now","Dear Customer, your bank's current account has been compromised, please click the following link to secure your account now",True,original_unredacted,cleaned_from_raw,False,found_in_source_archive,Selected gathered final `message_raw` as the least-redacted available text.,excluded_duplicate_raw_available,,gathered_imc25_english_smish_11195,False,duplicate_against_raw_required_dataset
gathered_imc25_english_smish_11212,Smishing-Dataset-IMC25,Gathered approved smishing 7k,gathered_approved_smishing,imc25_english_smish_11212,"Due to new Revolut ESC Law Regulations, your account must be updated. Please visit <LOCATION> to continue.",smishing_corpus_row,smishing,accepted,approved,false,false,false,data\final\approved_smishing_messages.csv,original_source=Smishing-Dataset-IMC25; scam_category=banking; strict-clean approved gathered smishing row.,due to new revolut esc law regulations your account must be updated please visit <location> to continue,,1,true,Smishing-Dataset-IMC25,smishing,"Due to new Revolut ESC Law Regulations, your account must be updated. Please visit <LOCATION> to continue.","Due to new Revolut ESC Law Regulations, your account must be updated. Please visit <LOCATION> to continue.",True,original_unredacted,cleaned_from_raw,False,found_in_source_archive,Selected gathered final `message_raw` as the least-redacted available text.,excluded_duplicate_raw_available,,gathered_imc25_english_smish_11212,False,duplicate_against_raw_required_dataset
gathered_imc25_english_smish_11222,Smishing-Dataset-IMC25,Gathered approved smishing 7k,gathered_approved_smishing,imc25_english_smish_11222,Greetings from RBL Bank! Hi! We tried calling for closure of your Bajaj Finserv RBL Bank SuperCard (<US_DRIVER_LICENSE>). We will try to call you again.,smishing_corpus_row,smishing,accepted,approved,false,false,false,data\final\approved_smishing_messages.csv,original_source=Smishing-Dataset-IMC25; scam_category=banking; strict-clean approved gathered smishing row.,greetings from rbl bank hi we tried calling for closure of your bajaj finserv rbl bank supercard <us driver license> we will try to call you again,,1,true,Smishing-Dataset-IMC25,smishing,Greetings from RBL Bank! Hi! We tried calling for closure of your Bajaj Finserv RBL Bank SuperCard (<US_DRIVER_LICENSE>). We will try to call you again.,Greetings from RBL Bank! Hi! We tried calling for closure of your Bajaj Finserv RBL Bank SuperCard (<US_DRIVER_LICENSE>). We will try to call you again.,True,original_unredacted,cleaned_from_raw,False,found_in_source_archive,Selected gathered final `message_raw` as the least-redacted available text.,excluded_duplicate_raw_available,,gathered_imc25_english_smish_11222,False,duplicate_against_raw_required_dataset
gathered_imc25_english_smish_11246,Smishing-Dataset-IMC25,Gathered approved smishing 7k,gathered_approved_smishing,imc25_english_smish_11246,"Dear, Customer Your SBI A/C has been suspended. Please update your KYC immediately. Click here website,",smishing_corpus_row,smishing,accepted,approved,false,false,false,data\final\approved_smishing_messages.csv,original_source=Smishing-Dataset-IMC25; scam_category=banking; strict-clean approved gathered smishing row.,dear customer your sbi a c has been suspended please update your kyc immediately click here website,,1,true,Smishing-Dataset-IMC25,smishing,"Dear, Customer Your SBI A/C has been suspended. Please update your KYC immediately. Click here website,","Dear, Customer Your SBI A/C has been suspended. Please update your KYC immediately. Click here website,",True,original_unredacted,cleaned_from_raw,False,found_in_source_archive,Selected gathered final `message_raw` as the least-redacted available text.,excluded_duplicate_raw_available,,gathered_imc25_english_smish_11246,False,duplicate_against_raw_required_dataset
gathered_imc25_english_smish_11262,Smishing-Dataset-IMC25,Gathered approved smishing 7k,gathered_approved_smishing,imc25_english_smish_11262,Your AIB visa card has been used in an online transaction. Not you? Visit as soon as as possible.,smishing_corpus_row,smishing,accepted,approved,false,false,false,data\final\approved_smishing_messages.csv,original_source=Smishing-Dataset-IMC25; scam_category=banking; strict-clean approved gathered smishing row.,your aib visa card has been used in an online transaction not you visit as soon as as possible,,1,true,Smishing-Dataset-IMC25,smishing,Your AIB visa card has been used in an online transaction. Not you? Visit as soon as as possible.,Your AIB visa card has been used in an online transaction. Not you? Visit as soon as as possible.,True,original_unredacted,cleaned_from_raw,False,found_in_source_archive,Selected gathered final `message_raw` as the least-redacted available text.,excluded_duplicate_raw_available,,gathered_imc25_english_smish_11262,False,duplicate_against_raw_required_dataset
gathered_imc25_english_smish_11268,Smishing-Dataset-IMC25,Gathered approved smishing 7k,gathered_approved_smishing,imc25_english_smish_11268,Dear A/c Holder Your SBI Bank Documents has expired A/ c will be Blocked your updete Document by Net Banking visit,smishing_corpus_row,smishing,accepted,approved,false,false,false,data\final\approved_smishing_messages.csv,original_source=Smishing-Dataset-IMC25; scam_category=banking; strict-clean approved gathered smishing row.,dear a c holder your sbi bank documents has expired a c will be blocked your updete document by net banking visit,,1,true,Smishing-Dataset-IMC25,smishing,Dear A/c Holder Your SBI Bank Documents has expired A/ c will be Blocked your updete Document by Net Banking visit,Dear A/c Holder Your SBI Bank Documents has expired A/ c will be Blocked your updete Document by Net Banking visit,True,original_unredacted,cleaned_from_raw,False,found_in_source_archive,Selected gathered final `message_raw` as the least-redacted available text.,excluded_duplicate_raw_available,,gathered_imc25_english_smish_11268,False,duplicate_against_raw_required_dataset
gathered_imc25_english_smish_11292,Smishing-Dataset-IMC25,Gathered approved smishing 7k,gathered_approved_smishing,imc25_english_smish_11292,"SANTANDER: Unusual activity on your account detected, a new payment to RUBY DAVIES, please URGENTLY Confirm or Cancel here:",smishing_corpus_row,smishing,accepted,approved,false,false,false,data\final\approved_smishing_messages.csv,original_source=Smishing-Dataset-IMC25; scam_category=banking; strict-clean approved gathered smishing row.,santander unusual activity on your account detected a new payment to ruby davies please urgently confirm or cancel here,,1,true,Smishing-Dataset-IMC25,smishing,"SANTANDER: Unusual activity on your account detected, a new payment to RUBY DAVIES, please URGENTLY Confirm or Cancel here:","SANTANDER: Unusual activity on your account detected, a new payment to RUBY DAVIES, please URGENTLY Confirm or Cancel here:",True,original_unredacted,cleaned_from_raw,False,found_in_source_archive,Selected gathered final `message_raw` as the least-redacted available text.,excluded_duplicate_raw_available,,gathered_imc25_english_smish_11292,False,duplicate_against_raw_required_dataset
gathered_imc25_english_smish_11325,Smishing-Dataset-IMC25,Gathered approved smishing 7k,gathered_approved_smishing,imc25_english_smish_11325,Your Citi Credit Card No. YCPTXXXXXX8795 has been Dispatched with Rs. <OTP> Cashback. Confirm Details Now:-,smishing_corpus_row,smishing,accepted,approved,false,false,false,data\final\approved_smishing_messages.csv,original_source=Smishing-Dataset-IMC25; scam_category=banking; strict-clean approved gathered smishing row.,your citi credit card no ycptxxxxxx8795 has been dispatched with rs <otp> cashback confirm details now,,1,true,Smishing-Dataset-IMC25,smishing,Your Citi Credit Card No. YCPTXXXXXX8795 has been Dispatched with Rs. 1000 Cashback. Confirm Details Now:-,Your Citi Credit Card No. YCPTXXXXXX8795 has been Dispatched with Rs. 1000 Cashback. Confirm Details Now:-,True,original_unredacted,cleaned_from_raw,False,found_in_source_archive,Selected gathered final `message_raw` as the least-redacted available text.,excluded_duplicate_raw_available,,gathered_imc25_english_smish_11325,False,duplicate_against_raw_required_dataset
gathered_imc25_english_smish_11366,Smishing-Dataset-IMC25,Gathered approved smishing 7k,gathered_approved_smishing,imc25_english_smish_11366,Welcome to kotak mahindra bank for Re-update your kotak KYC follow the link immediately,smishing_corpus_row,smishing,accepted,approved,false,false,false,data\final\approved_smishing_messages.csv,original_source=Smishing-Dataset-IMC25; scam_category=banking; strict-clean approved gathered smishing row.,welcome to kotak mahindra bank for re update your kotak kyc follow the link immediately,,1,true,Smishing-Dataset-IMC25,smishing,Welcome to kotak mahindra bank for Re-update your kotak KYC follow the link immediately,Welcome to kotak mahindra bank for Re-update your kotak KYC follow the link immediately,True,original_unredacted,cleaned_from_raw,False,found_in_source_archive,Selected gathered final `message_raw` as the least-redacted available text.,excluded_duplicate_raw_available,,gathered_imc25_english_smish_11366,False,duplicate_against_raw_required_dataset
gathered_imc25_english_smish_11369,Smishing-Dataset-IMC25,Gathered approved smishing 7k,gathered_approved_smishing,imc25_english_smish_11369,Dear customer your SBI A/C has been suspended please KYC update With PAN CARD click here to login your net banking update,smishing_corpus_row,smishing,accepted,approved,false,false,false,data\final\approved_smishing_messages.csv,original_source=Smishing-Dataset-IMC25; scam_category=banking; strict-clean approved gathered smishing row.,dear customer your sbi a c has been suspended please kyc update with pan card click here to login your net banking update,,1,true,Smishing-Dataset-IMC25,smishing,Dear customer your SBI A/C has been suspended please KYC update With PAN CARD click here to login your net banking update,Dear customer your SBI A/C has been suspended please KYC update With PAN CARD click here to login your net banking update,True,original_unredacted,cleaned_from_raw,False,found_in_source_archive,Selected gathered final `message_raw` as the least-redacted available text.,excluded_duplicate_raw_available,,gathered_imc25_english_smish_11369,False,duplicate_against_raw_required_dataset
gathered_imc25_english_smish_11434,Smishing-Dataset-IMC25,Gathered approved smishing 7k,gathered_approved_smishing,imc25_english_smish_11434,Beware ! <OTP> F to be withdrawn from your account! Enter your PIN <OTP> to confirm this transaction No <US_BANK_NUMBER> initiated by ZOA ALPHONSINE,smishing_corpus_row,smishing,accepted,approved,false,false,false,data\final\approved_smishing_messages.csv,original_source=Smishing-Dataset-IMC25; scam_category=banking; strict-clean approved gathered smishing row.,beware <otp> f to be withdrawn from your account enter your pin <otp> to confirm this transaction no <us bank number> initiated by zoa alphonsine,,1,true,Smishing-Dataset-IMC25,smishing,Beware ! 90000 F to be withdrawn from your account! Enter your PIN code to confirm this transaction No <US_BANK_NUMBER> initiated by ZOA ALPHONSINE,Beware! 90000 F to be withdrawn from your account! Enter your PIN code to confirm this transaction No <US_BANK_NUMBER> initiated by ZOA ALPHONSINE,True,original_unredacted,cleaned_from_raw,False,found_in_source_archive,Selected gathered final `message_raw` as the least-redacted available text.,excluded_duplicate_raw_available,,gathered_imc25_english_smish_11434,False,duplicate_against_raw_required_dataset
gathered_imc25_english_smish_11447,Smishing-Dataset-IMC25,Gathered approved smishing 7k,gathered_approved_smishing,imc25_english_smish_11447,Dear Customer Your SBI YONO A/C has been suspended Please update your PAN card Via given link,smishing_corpus_row,smishing,accepted,approved,false,false,false,data\final\approved_smishing_messages.csv,original_source=Smishing-Dataset-IMC25; scam_category=banking; strict-clean approved gathered smishing row.,dear customer your sbi yono a c has been suspended please update your pan card via given link,,1,true,Smishing-Dataset-IMC25,smishing,Dear Customer Your SBI YONO A/C has been suspended Please update your PAN card Via given link,Dear Customer Your SBI YONO A/C has been suspended Please update your PAN card Via given link,True,original_unredacted,cleaned_from_raw,False,found_in_source_archive,Selected gathered final `message_raw` as the least-redacted available text.,excluded_duplicate_raw_available,,gathered_imc25_english_smish_11447,False,duplicate_against_raw_required_dataset
gathered_imc25_english_smish_11454,Smishing-Dataset-IMC25,Gathered approved smishing 7k,gathered_approved_smishing,imc25_english_smish_11454,Dear A/c holder Your SBI Bank Account has been put on HOLD Plz Update your Document visit SBI website,smishing_corpus_row,smishing,accepted,approved,false,false,false,data\final\approved_smishing_messages.csv,original_source=Smishing-Dataset-IMC25; scam_category=banking; strict-clean approved gathered smishing row.,dear a c holder your sbi bank account has been put on hold plz update your document visit sbi website,,1,true,Smishing-Dataset-IMC25,smishing,Dear A/c holder Your SBI Bank Account has been put on HOLD Plz Update your Document visit SBI website,Dear A/c holder Your SBI Bank Account has been put on HOLD Plz Update your Document visit SBI website,True,original_unredacted,cleaned_from_raw,False,found_in_source_archive,Selected gathered final `message_raw` as the least-redacted available text.,excluded_duplicate_raw_available,,gathered_imc25_english_smish_11454,False,duplicate_against_raw_required_dataset
gathered_imc25_english_smish_11521,Smishing-Dataset-IMC25,Gathered approved smishing 7k,gathered_approved_smishing,imc25_english_smish_11521,Dear Customer your STATE BANK A/ C has been Suspended. please Update your KYC Immediately click here link,smishing_corpus_row,smishing,accepted,approved,false,false,false,data\final\approved_smishing_messages.csv,original_source=Smishing-Dataset-IMC25; scam_category=banking; strict-clean approved gathered smishing row.,dear customer your state bank a c has been suspended please update your kyc immediately click here link,,1,true,Smishing-Dataset-IMC25,smishing,Dear Customer your STATE BANK A/ C has been Suspended. please Update your KYC Immediately click here link,Dear Customer your STATE BANK A/ C has been Suspended. please Update your KYC Immediately click here link,True,original_unredacted,cleaned_from_raw,False,found_in_source_archive,Selected gathered final `message_raw` as the least-redacted available text.,excluded_duplicate_raw_available,,gathered_imc25_english_smish_11521,False,duplicate_against_raw_required_dataset
gathered_imc25_english_smish_11561,Smishing-Dataset-IMC25,Gathered approved smishing 7k,gathered_approved_smishing,imc25_english_smish_11561,Dear SBI user your SBI YONO Account has been blocked please urgent activate your PAN CARD click here to login your PAN number: <NRP>,smishing_corpus_row,smishing,accepted,approved,false,false,false,data\final\approved_smishing_messages.csv,original_source=Smishing-Dataset-IMC25; scam_category=banking; strict-clean approved gathered smishing row.,dear sbi user your sbi yono account has been blocked please urgent activate your pan card click here to login your pan number <nrp>,,1,true,Smishing-Dataset-IMC25,smishing,Dear SBI user your SBI YONO Account has been blocked please urgent activate your PAN CARD click here to login your PAN number: <NRP>,Dear SBI user your SBI YONO Account has been blocked please urgent activate your PAN CARD click here to login your PAN number: <NRP>,True,original_unredacted,cleaned_from_raw,False,found_in_source_archive,Selected gathered final `message_raw` as the least-redacted available text.,excluded_duplicate_raw_available,,gathered_imc25_english_smish_11561,False,duplicate_against_raw_required_dataset
gathered_imc25_english_smish_11586,Smishing-Dataset-IMC25,Gathered approved smishing 7k,gathered_approved_smishing,imc25_english_smish_11586,Dear Customer your Kotak Mahindra Bank account has been suspended for KYC Please update your account 10 min click here link,smishing_corpus_row,smishing,accepted,approved,false,false,false,data\final\approved_smishing_messages.csv,original_source=Smishing-Dataset-IMC25; scam_category=banking; strict-clean approved gathered smishing row.,dear customer your kotak mahindra bank account has been suspended for kyc please update your account 10 min click here link,,1,true,Smishing-Dataset-IMC25,smishing,Dear Customer your Kotak Mahindra Bank account has been suspended for KYC Please update your account 10 min click here link,Dear Customer your Kotak Mahindra Bank account has been suspended for KYC Please update your account 10 min click here link,True,original_unredacted,cleaned_from_raw,False,found_in_source_archive,Selected gathered final `message_raw` as the least-redacted available text.,excluded_duplicate_raw_available,,gathered_imc25_english_smish_11586,False,duplicate_against_raw_required_dataset
gathered_imc25_english_smish_11627,Smishing-Dataset-IMC25,Gathered approved smishing 7k,gathered_approved_smishing,imc25_english_smish_11627,We have noticed unusual activity on your 365 internet banking. To verify your 365 online banking and avoid any further restrictions please visit,smishing_corpus_row,smishing,accepted,approved,false,false,false,data\final\approved_smishing_messages.csv,original_source=Smishing-Dataset-IMC25; scam_category=banking; strict-clean approved gathered smishing row.,we have noticed unusual activity on your <num> internet banking to verify your <num> online banking and avoid any further restrictions please visit,,1,true,Smishing-Dataset-IMC25,smishing,We have noticed unusual activity on your 365 internet banking. To verify your 365 online banking and avoid any further restrictions please visit,We have noticed unusual activity on your 365 internet banking. To verify your 365 online banking and avoid any further restrictions please visit,True,original_unredacted,cleaned_from_raw,False,found_in_source_archive,Selected gathered final `message_raw` as the least-redacted available text.,excluded_duplicate_raw_available,,gathered_imc25_english_smish_11627,False,duplicate_against_raw_required_dataset
gathered_imc25_english_smish_11672,Smishing-Dataset-IMC25,Gathered approved smishing 7k,gathered_approved_smishing,imc25_english_smish_11672,Dear SBI user your SBI YONO Account has been blocked please secure your PAN CARD click here to login your PAN number: <URL>,smishing_corpus_row,smishing,accepted,approved,false,false,false,data\final\approved_smishing_messages.csv,original_source=Smishing-Dataset-IMC25; scam_category=banking; strict-clean approved gathered smishing row.,dear sbi user your sbi yono account has been blocked please secure your pan card click here to login your pan number <url>,,1,true,Smishing-Dataset-IMC25,smishing,Dear SBI user your SBI YONO Account has been blocked please secure your PAN CARD click here to login your PAN number: https://.../gtATwZc,Dear SBI user your SBI YONO Account has been blocked please secure your PAN CARD click here to login your PAN number: <URL>,True,original_unredacted,cleaned_from_raw,False,found_in_source_archive,Selected gathered final `message_raw` as the least-redacted available text.,excluded_duplicate_raw_available,,gathered_imc25_english_smish_11672,False,duplicate_against_raw_required_dataset
gathered_imc25_english_smish_11725,Smishing-Dataset-IMC25,Gathered approved smishing 7k,gathered_approved_smishing,imc25_english_smish_11725,Dear customer your SBI BANK KYC has been Suspended please complete your KYC immediately click the link,smishing_corpus_row,smishing,accepted,approved,false,false,false,data\final\approved_smishing_messages.csv,original_source=Smishing-Dataset-IMC25; scam_category=banking; strict-clean approved gathered smishing row.,dear customer your sbi bank kyc has been suspended please complete your kyc immediately click the link,,1,true,Smishing-Dataset-IMC25,smishing,Dear customer your SBI BANK KYC has been Suspended please complete your KYC immediately click the link,Dear customer your SBI BANK KYC has been Suspended please complete your KYC immediately click the link,True,original_unredacted,cleaned_from_raw,False,found_in_source_archive,Selected gathered final `message_raw` as the least-redacted available text.,excluded_duplicate_raw_available,,gathered_imc25_english_smish_11725,False,duplicate_against_raw_required_dataset
gathered_imc25_english_smish_11733,Smishing-Dataset-IMC25,Gathered approved smishing 7k,gathered_approved_smishing,imc25_english_smish_11733,(BOA) your account is limited. Please follow the link to securely update your personal information.,smishing_corpus_row,smishing,accepted,approved,false,false,false,data\final\approved_smishing_messages.csv,original_source=Smishing-Dataset-IMC25; scam_category=banking; strict-clean approved gathered smishing row.,boa your account is limited please follow the link to securely update your personal information,dup_000437,2,false,Smishing-Dataset-IMC25,smishing,(BOA) your account is limited. Please follow the link to securely update your personal information.,(BOA) your account is limited. Please follow the link to securely update your personal information.,True,original_unredacted,cleaned_from_raw,False,found_in_source_archive,Selected gathered final `message_raw` as the least-redacted available text.,excluded_duplicate_raw_available,,gathered_imc25_english_smish_11733,False,duplicate_against_raw_required_dataset
gathered_imc25_english_smish_11777,Smishing-Dataset-IMC25,Gathered approved smishing 7k,gathered_approved_smishing,imc25_english_smish_11777,Dear SBI user your SBI YONO Account has been blocked please keep your PAN CARD click here to login your PAN number.,smishing_corpus_row,smishing,accepted,approved,false,false,false,data\final\approved_smishing_messages.csv,original_source=Smishing-Dataset-IMC25; scam_category=banking; strict-clean approved gathered smishing row.,dear sbi user your sbi yono account has been blocked please keep your pan card click here to login your pan number,,1,true,Smishing-Dataset-IMC25,smishing,Dear SBI user your SBI YONO Account has been blocked please keep your PAN CARD click here to login your PAN number.,Dear SBI user your SBI YONO Account has been blocked please keep your PAN CARD click here to login your PAN number.,True,original_unredacted,cleaned_from_raw,False,found_in_source_archive,Selected gathered final `message_raw` as the least-redacted available text.,excluded_duplicate_raw_available,,gathered_imc25_english_smish_11777,False,duplicate_against_raw_required_dataset
gathered_imc25_english_smish_11778,Smishing-Dataset-IMC25,Gathered approved smishing 7k,gathered_approved_smishing,imc25_english_smish_11778,Dear customer your STATE Bank A/C will be suspended. Please update your KYC immediately click here link,smishing_corpus_row,smishing,accepted,approved,false,false,false,data\final\approved_smishing_messages.csv,original_source=Smishing-Dataset-IMC25; scam_category=banking; strict-clean approved gathered smishing row.,dear customer your state bank a c will be suspended please update your kyc immediately click here link,,1,true,Smishing-Dataset-IMC25,smishing,Dear customer your STATE Bank A/C will be suspended. Please update your KYC immediately click here link,Dear customer your STATE Bank A/C will be suspended. Please update your KYC immediately click here link,True,original_unredacted,cleaned_from_raw,False,found_in_source_archive,Selected gathered final `message_raw` as the least-redacted available text.,excluded_duplicate_raw_available,,gathered_imc25_english_smish_11778,False,duplicate_against_raw_required_dataset
gathered_imc25_english_smish_11784,Smishing-Dataset-IMC25,Gathered approved smishing 7k,gathered_approved_smishing,imc25_english_smish_11784,Greetings from Metrobank! We detected a new device from your account. Please verify and authorized your device as a trusted device to avoid cancellation of your future transactions at,smishing_corpus_row,smishing,accepted,approved,false,false,false,data\final\approved_smishing_messages.csv,original_source=Smishing-Dataset-IMC25; scam_category=banking; strict-clean approved gathered smishing row.,greetings from metrobank we detected a new device from your account please verify and authorized your device as a trusted device to avoid cancellation of your future transactions at,,1,true,Smishing-Dataset-IMC25,smishing,Greetings from Metrobank! We detected a new device from your account. Please verify and authorized your device as a trusted device to avoid cancellation of your future transactions at,Greetings from Metrobank! We detected a new device from your account. Please verify and authorized your device as a trusted device to avoid cancellation of your future transactions at,True,original_unredacted,cleaned_from_raw,False,found_in_source_archive,Selected gathered final `message_raw` as the least-redacted available text.,excluded_duplicate_raw_available,,gathered_imc25_english_smish_11784,False,duplicate_against_raw_required_dataset
gathered_imc25_english_smish_11791,Smishing-Dataset-IMC25,Gathered approved smishing 7k,gathered_approved_smishing,imc25_english_smish_11791,Your VPA 9823XXXX43 linked to your A/C XXX0675 is credited for Rs <OTP> UPI Ref no. <OTP>. Click & Download to receive,smishing_corpus_row,smishing,accepted,approved,false,false,false,data\final\approved_smishing_messages.csv,original_source=Smishing-Dataset-IMC25; scam_category=banking; strict-clean approved gathered smishing row.,your vpa 9823xxxx43 linked to your a c xxx0675 is credited for rs <otp> upi ref no <otp> click download to receive,,1,true,Smishing-Dataset-IMC25,smishing,Your VPA 9823XXXX43 linked to your A/C XXX0675 is credited for Rs 51999 UPI Ref no. 81442. Click & Download to receive,Your VPA 9823XXXX43 linked to your A/C XXX0675 is credited for <AMOUNT> UPI Ref no. 81442. Click & Download to receive,True,original_unredacted,cleaned_from_raw,False,found_in_source_archive,Selected gathered final `message_raw` as the least-redacted available text.,excluded_duplicate_raw_available,,gathered_imc25_english_smish_11791,False,duplicate_against_raw_required_dataset
gathered_imc25_english_smish_11801,Smishing-Dataset-IMC25,Gathered approved smishing 7k,gathered_approved_smishing,imc25_english_smish_11801,Dear User your ATM Card has been Closed because you have not Update If you want to keep using your ATM Card Call on this Num-ber.,smishing_corpus_row,smishing,accepted,approved,false,false,false,data\final\approved_smishing_messages.csv,original_source=Smishing-Dataset-IMC25; scam_category=banking; strict-clean approved gathered smishing row.,dear user your atm card has been closed because you have not update if you want to keep using your atm card call on this num ber,,1,true,Smishing-Dataset-IMC25,smishing,Dear User your ATM Card has been Closed because you have not Update If you want to keep using your ATM Card Call on this Num-ber.,Dear User your ATM Card has been Closed because you have not Update If you want to keep using your ATM Card Call on this Num-ber.,True,original_unredacted,cleaned_from_raw,False,found_in_source_archive,Selected gathered final `message_raw` as the least-redacted available text.,excluded_duplicate_raw_available,,gathered_imc25_english_smish_11801,False,duplicate_against_raw_required_dataset
gathered_imc25_english_smish_11810,Smishing-Dataset-IMC25,Gathered approved smishing 7k,gathered_approved_smishing,imc25_english_smish_11810,Dear Customer Your State Bank of India A/C will be suspended. Please update your KYC details immediately. Click here link,smishing_corpus_row,smishing,accepted,approved,false,false,false,data\final\approved_smishing_messages.csv,original_source=Smishing-Dataset-IMC25; scam_category=banking; strict-clean approved gathered smishing row.,dear customer your state bank of india a c will be suspended please update your kyc details immediately click here link,,1,true,Smishing-Dataset-IMC25,smishing,Dear Customer Your State Bank of India A/C will be suspended. Please update your KYC details immediately. Click here link,Dear Customer Your State Bank of India A/C will be suspended. Please update your KYC details immediately. Click here link,True,original_unredacted,cleaned_from_raw,False,found_in_source_archive,Selected gathered final `message_raw` as the least-redacted available text.,excluded_duplicate_raw_available,,gathered_imc25_english_smish_11810,False,duplicate_against_raw_required_dataset
gathered_imc25_english_smish_11910,Smishing-Dataset-IMC25,Gathered approved smishing 7k,gathered_approved_smishing,imc25_english_smish_11910,"Dear Customer As part of our effort to help all our customers during this difficult period, BIBD Bank has extended its Covid-19 Relief fund to all our customers, kindly log in with your token device and accept your own Relief fund.",smishing_corpus_row,smishing,accepted,approved,false,false,false,data\final\approved_smishing_messages.csv,original_source=Smishing-Dataset-IMC25; scam_category=banking; strict-clean approved gathered smishing row.,dear customer as part of our effort to help all our customers during this difficult period bibd bank has extended its covid 19 relief fund to all our customers kindly log in with your token device and accept your own relief fund,,1,true,Smishing-Dataset-IMC25,smishing,"Dear Customer

As part of our effort to help all our customers during this difficult period, BIBD Bank has extended its Covid-19 Relief fund to all our customers, kindly log in with your token device and accept your own Relief fund.","Dear Customer As part of our effort to help all our customers during this difficult period, BIBD Bank has extended its Covid-19 Relief fund to all our customers, kindly log in with your token device and accept your own Relief fund.",True,original_unredacted,cleaned_from_raw,False,found_in_source_archive,Selected gathered final `message_raw` as the least-redacted available text.,excluded_duplicate_raw_available,,gathered_imc25_english_smish_11910,False,duplicate_against_raw_required_dataset
gathered_imc25_english_smish_11953,Smishing-Dataset-IMC25,Gathered approved smishing 7k,gathered_approved_smishing,imc25_english_smish_11953,Dear customer's your state Bank of India A/C will be suspended. Please update your KYC immediately click here link,smishing_corpus_row,smishing,accepted,approved,false,false,false,data\final\approved_smishing_messages.csv,original_source=Smishing-Dataset-IMC25; scam_category=banking; strict-clean approved gathered smishing row.,dear customer s your state bank of india a c will be suspended please update your kyc immediately click here link,,1,true,Smishing-Dataset-IMC25,smishing,Dear customer's your state Bank of India A/C will be suspended. Please update your KYC immediately click here link,Dear customer's your state Bank of India A/C will be suspended. Please update your KYC immediately click here link,True,original_unredacted,cleaned_from_raw,False,found_in_source_archive,Selected gathered final `message_raw` as the least-redacted available text.,excluded_duplicate_raw_available,,gathered_imc25_english_smish_11953,False,duplicate_against_raw_required_dataset
gathered_imc25_english_smish_12044,Smishing-Dataset-IMC25,Gathered approved smishing 7k,gathered_approved_smishing,imc25_english_smish_12044,Dear SBI user your SBI YONO Account has been blocked please upgrade your PAN CARD click here to login your PAN number: <URL>,smishing_corpus_row,smishing,accepted,approved,false,false,false,data\final\approved_smishing_messages.csv,original_source=Smishing-Dataset-IMC25; scam_category=banking; strict-clean approved gathered smishing row.,dear sbi user your sbi yono account has been blocked please upgrade your pan card click here to login your pan number <url>,,1,true,Smishing-Dataset-IMC25,smishing,Dear SBI user your SBI YONO Account has been blocked please upgrade your PAN CARD click here to login your PAN number: https://g7tAwzC,Dear SBI user your SBI YONO Account has been blocked please upgrade your PAN CARD click here to login your PAN number: <URL>,True,original_unredacted,cleaned_from_raw,False,found_in_source_archive,Selected gathered final `message_raw` as the least-redacted available text.,excluded_duplicate_raw_available,,gathered_imc25_english_smish_12044,False,duplicate_against_raw_required_dataset
gathered_imc25_english_smish_12047,Smishing-Dataset-IMC25,Gathered approved smishing 7k,gathered_approved_smishing,imc25_english_smish_12047,Dear Customer your Paytm KYC has been suspended. Please update your Paytm Video KYC in click here link -,smishing_corpus_row,smishing,accepted,approved,false,false,false,data\final\approved_smishing_messages.csv,original_source=Smishing-Dataset-IMC25; scam_category=banking; strict-clean approved gathered smishing row.,dear customer your paytm kyc has been suspended please update your paytm video kyc in click here link,,1,true,Smishing-Dataset-IMC25,smishing,Dear Customer your Paytm KYC has been suspended. Please update your Paytm Video KYC in click here link -,Dear Customer your Paytm KYC has been suspended. Please update your Paytm Video KYC in click here link -,True,original_unredacted,cleaned_from_raw,False,found_in_source_archive,Selected gathered final `message_raw` as the least-redacted available text.,excluded_duplicate_raw_available,,gathered_imc25_english_smish_12047,False,duplicate_against_raw_required_dataset
gathered_imc25_english_smish_12057,Smishing-Dataset-IMC25,Gathered approved smishing 7k,gathered_approved_smishing,imc25_english_smish_12057,"PayPal: We've permanently limited your account, please click link below to verify Sincerely, PayPal",smishing_corpus_row,smishing,accepted,approved,false,false,false,data\final\approved_smishing_messages.csv,original_source=Smishing-Dataset-IMC25; scam_category=banking; strict-clean approved gathered smishing row.,paypal we ve permanently limited your account please click link below to verify sincerely paypal,,1,true,Smishing-Dataset-IMC25,smishing,"PayPal: We've permanently limited your account, please click link below to verify
Sincerely, PayPal","PayPal: We've permanently limited your account, please click link below to verify Sincerely, PayPal",True,original_unredacted,cleaned_from_raw,False,found_in_source_archive,Selected gathered final `message_raw` as the least-redacted available text.,excluded_duplicate_raw_available,,gathered_imc25_english_smish_12057,False,duplicate_against_raw_required_dataset
gathered_imc25_english_smish_12136,Smishing-Dataset-IMC25,Gathered approved smishing 7k,gathered_approved_smishing,imc25_english_smish_12136,Dear customer your IDFC FIRST BANK account kyc has been expired please update your account verification link click here to,smishing_corpus_row,smishing,accepted,approved,false,false,false,data\final\approved_smishing_messages.csv,original_source=Smishing-Dataset-IMC25; scam_category=banking; strict-clean approved gathered smishing row.,dear customer your idfc first bank account kyc has been expired please update your account verification link click here to,,1,true,Smishing-Dataset-IMC25,smishing,Dear customer your IDFC FIRST BANK account kyc has been expired please update your account verification link click here to,Dear customer your IDFC FIRST BANK account kyc has been expired please update your account verification link click here to,True,original_unredacted,cleaned_from_raw,False,found_in_source_archive,Selected gathered final `message_raw` as the least-redacted available text.,excluded_duplicate_raw_available,,gathered_imc25_english_smish_12136,False,duplicate_against_raw_required_dataset
gathered_imc25_english_smish_12138,Smishing-Dataset-IMC25,Gathered approved smishing 7k,gathered_approved_smishing,imc25_english_smish_12138,"Dear, Customer Your HDFC Bank Account Will be Suspended! Please update your re-kyc click here link.",smishing_corpus_row,smishing,accepted,approved,false,false,false,data\final\approved_smishing_messages.csv,original_source=Smishing-Dataset-IMC25; scam_category=banking; strict-clean approved gathered smishing row.,dear customer your hdfc bank account will be suspended please update your re kyc click here link,,1,true,Smishing-Dataset-IMC25,smishing,"Dear, Customer Your HDFC Bank  Account Will be Suspended! Please update your re-kyc click here link.","Dear, Customer Your HDFC Bank Account Will be Suspended! Please update your re-kyc click here link.",True,original_unredacted,cleaned_from_raw,False,found_in_source_archive,Selected gathered final `message_raw` as the least-redacted available text.,excluded_duplicate_raw_available,,gathered_imc25_english_smish_12138,False,duplicate_against_raw_required_dataset
gathered_imc25_english_smish_12173,Smishing-Dataset-IMC25,Gathered approved smishing 7k,gathered_approved_smishing,imc25_english_smish_12173,"BOI: An attempt to login from a new device has been detected, if this was NOT you use the following link to secure your account:",smishing_corpus_row,smishing,accepted,approved,false,false,false,data\final\approved_smishing_messages.csv,original_source=Smishing-Dataset-IMC25; scam_category=banking; strict-clean approved gathered smishing row.,boi an attempt to login from a new device has been detected if this was not you use the following link to secure your account,,1,true,Smishing-Dataset-IMC25,smishing,"BOI: An attempt to login from a new device has been detected, if this was NOT you use the following link to secure your account:","BOI: An attempt to login from a new device has been detected, if this was NOT you use the following link to secure your account:",True,original_unredacted,cleaned_from_raw,False,found_in_source_archive,Selected gathered final `message_raw` as the least-redacted available text.,excluded_duplicate_raw_available,,gathered_imc25_english_smish_12173,False,duplicate_against_raw_required_dataset
gathered_imc25_english_smish_12242,Smishing-Dataset-IMC25,Gathered approved smishing 7k,gathered_approved_smishing,imc25_english_smish_12242,RM0 MBB: Your Card ending is not activated for online trxn. Reply ON3D 15<space><US_DRIVER_LICENSE><space>IC No to activate. <NRP>:,smishing_corpus_row,smishing,accepted,approved,false,false,false,data\final\approved_smishing_messages.csv,original_source=Smishing-Dataset-IMC25; scam_category=banking; strict-clean approved gathered smishing row.,rm0 mbb your card ending is not activated for online trxn reply on3d 15<space><us driver license><space>ic no to activate <nrp>,,1,true,Smishing-Dataset-IMC25,smishing,RM0 MBB: Your Card ending is not activated for online trxn. Reply ON3D 15<space><US_DRIVER_LICENSE><space>IC No to activate. <NRP>:,RM0 MBB: Your Card ending is not activated for online trxn. Reply ON3D 15<space><US_DRIVER_LICENSE><space>IC No to activate. <NRP>:,True,original_unredacted,cleaned_from_raw,False,found_in_source_archive,Selected gathered final `message_raw` as the least-redacted available text.,excluded_duplicate_raw_available,,gathered_imc25_english_smish_12242,False,duplicate_against_raw_required_dataset
gathered_imc25_english_smish_12267,Smishing-Dataset-IMC25,Gathered approved smishing 7k,gathered_approved_smishing,imc25_english_smish_12267,Dear customer your Paytm kyc has been suspended to verify your kyc click in link and login your Paytm,smishing_corpus_row,smishing,accepted,approved,false,false,false,data\final\approved_smishing_messages.csv,original_source=Smishing-Dataset-IMC25; scam_category=banking; strict-clean approved gathered smishing row.,dear customer your paytm kyc has been suspended to verify your kyc click in link and login your paytm,,1,true,Smishing-Dataset-IMC25,smishing,Dear customer your Paytm kyc has been suspended to verify your kyc click in link and login your Paytm,Dear customer your Paytm kyc has been suspended to verify your kyc click in link and login your Paytm,True,original_unredacted,cleaned_from_raw,False,found_in_source_archive,Selected gathered final `message_raw` as the least-redacted available text.,excluded_duplicate_raw_available,,gathered_imc25_english_smish_12267,False,duplicate_against_raw_required_dataset
gathered_imc25_english_smish_12303,Smishing-Dataset-IMC25,Gathered approved smishing 7k,gathered_approved_smishing,imc25_english_smish_12303,We have temporarily suspend your debit and credit card. because you did not updated yet. if you want to reactivate immediate call us 31XXXX48 at once.,smishing_corpus_row,smishing,accepted,approved,false,false,false,data\final\approved_smishing_messages.csv,original_source=Smishing-Dataset-IMC25; scam_category=banking; strict-clean approved gathered smishing row.,we have temporarily suspend your debit and credit card because you did not updated yet if you want to reactivate immediate call us 31xxxx48 at once,,1,true,Smishing-Dataset-IMC25,smishing,We have temporarily suspend your debit and credit card. because you did not updated yet. if you want to reactivate immediate call us 31XXXX48 at once.,We have temporarily suspend your debit and credit card. because you did not updated yet. if you want to reactivate immediate call us 31XXXX48 at once.,True,original_unredacted,cleaned_from_raw,False,found_in_source_archive,Selected gathered final `message_raw` as the least-redacted available text.,excluded_duplicate_raw_available,,gathered_imc25_english_smish_12303,False,duplicate_against_raw_required_dataset
gathered_imc25_english_smish_12322,Smishing-Dataset-IMC25,Gathered approved smishing 7k,gathered_approved_smishing,imc25_english_smish_12322,Dear SBI user your SBI YONO Account has been blocked please urgent use your PAN CARD click here to login your pan number: <URL>,smishing_corpus_row,smishing,accepted,approved,false,false,false,data\final\approved_smishing_messages.csv,original_source=Smishing-Dataset-IMC25; scam_category=banking; strict-clean approved gathered smishing row.,dear sbi user your sbi yono account has been blocked please urgent use your pan card click here to login your pan number <url>,,1,true,Smishing-Dataset-IMC25,smishing,"Dear SBI user your SBI YONO Account has been blocked please urgent use your PAN CARD click here to login your pan number:

https://.../ATwZC",Dear SBI user your SBI YONO Account has been blocked please urgent use your PAN CARD click here to login your pan number: <URL>,True,original_unredacted,cleaned_from_raw,False,found_in_source_archive,Selected gathered final `message_raw` as the least-redacted available text.,excluded_duplicate_raw_available,,gathered_imc25_english_smish_12322,False,duplicate_against_raw_required_dataset
gathered_imc25_english_smish_12349,Smishing-Dataset-IMC25,Gathered approved smishing 7k,gathered_approved_smishing,imc25_english_smish_12349,"Standard Bank, your device has been added successfully. This was NOT you, please visit",smishing_corpus_row,smishing,accepted,approved,false,false,false,data\final\approved_smishing_messages.csv,original_source=Smishing-Dataset-IMC25; scam_category=banking; strict-clean approved gathered smishing row.,standard bank your device has been added successfully this was not you please visit,,1,true,Smishing-Dataset-IMC25,smishing,"Standard Bank, your device has been added successfully. This was NOT you, please visit","Standard Bank, your device has been added successfully. This was NOT you, please visit",True,original_unredacted,cleaned_from_raw,False,found_in_source_archive,Selected gathered final `message_raw` as the least-redacted available text.,excluded_duplicate_raw_available,,gathered_imc25_english_smish_12349,False,duplicate_against_raw_required_dataset
gathered_imc25_english_smish_12412,Smishing-Dataset-IMC25,Gathered approved smishing 7k,gathered_approved_smishing,imc25_english_smish_12412,"Dear, Customer Your SBI Account Will be Suspended! Please Re KYC Verification Update Click here",smishing_corpus_row,smishing,accepted,approved,false,false,false,data\final\approved_smishing_messages.csv,original_source=Smishing-Dataset-IMC25; scam_category=banking; strict-clean approved gathered smishing row.,dear customer your sbi account will be suspended please re kyc verification update click here,,1,true,Smishing-Dataset-IMC25,smishing,"Dear,
Customer Your SBI Account Will be Suspended!
Please Re KYC Verification Update Click  here","Dear, Customer Your SBI Account Will be Suspended! Please Re KYC Verification Update Click here",True,original_unredacted,cleaned_from_raw,False,found_in_source_archive,Selected gathered final `message_raw` as the least-redacted available text.,excluded_duplicate_raw_available,,gathered_imc25_english_smish_12412,False,duplicate_against_raw_required_dataset
gathered_imc25_english_smish_12418,Smishing-Dataset-IMC25,Gathered approved smishing 7k,gathered_approved_smishing,imc25_english_smish_12418,"News from HDFC: You + Us: We Miss That. We would love to hear from you. Our latest offerings including an HDFC Home Loan for a second home @ 6.75%* p.a. onwards with a flat processing fee offer of Rs. <OTP> (+Taxes), is just a click away. Should you wish to know more, Click here",smishing_corpus_row,smishing,accepted,approved,false,false,false,data\final\approved_smishing_messages.csv,original_source=Smishing-Dataset-IMC25; scam_category=banking; strict-clean approved gathered smishing row.,news from hdfc you us we miss that we would love to hear from you our latest offerings including an hdfc home loan for a second home 6 75 p a onwards with a flat processing fee offer of rs <otp> taxes is just a click away should you wish to know more click here,,1,true,Smishing-Dataset-IMC25,smishing,"News from HDFC: You + Us: We Miss That. We would love to hear from you. Our latest offerings including an HDFC Home Loan for a second home @ 6.75%* p.a. onwards with a flat processing fee offer of Rs. 3000 (+Taxes), is just a click away. Should you wish to know more, Click here","News from HDFC: You + Us: We Miss That. We would love to hear from you. Our latest offerings including an HDFC Home Loan for a second home @ 6.75%* p.a. onwards with a flat processing fee offer of Rs. 3000 (+Taxes), is just a click away. Should you wish to know more, Click here",True,original_unredacted,cleaned_from_raw,False,found_in_source_archive,Selected gathered final `message_raw` as the least-redacted available text.,excluded_duplicate_raw_available,,gathered_imc25_english_smish_12418,False,duplicate_against_raw_required_dataset
gathered_imc25_english_smish_12492,Smishing-Dataset-IMC25,Gathered approved smishing 7k,gathered_approved_smishing,imc25_english_smish_12492,Your bank account has been blocked and all services have been withdrawn. Click on the following link BankSmish to reactivate your account now.,smishing_corpus_row,smishing,accepted,approved,false,false,false,data\final\approved_smishing_messages.csv,original_source=Smishing-Dataset-IMC25; scam_category=banking; strict-clean approved gathered smishing row.,your bank account has been blocked and all services have been withdrawn click on the following link banksmish to reactivate your account now,,1,true,Smishing-Dataset-IMC25,smishing,Your bank account has been blocked and all services have been withdrawn. Click on the following link BankSmish to reactivate your account now.,Your bank account has been blocked and all services have been withdrawn. Click on the following link BankSmish to reactivate your account now.,True,original_unredacted,cleaned_from_raw,False,found_in_source_archive,Selected gathered final `message_raw` as the least-redacted available text.,excluded_duplicate_raw_available,,gathered_imc25_english_smish_12492,False,duplicate_against_raw_required_dataset
gathered_imc25_english_smish_12516,Smishing-Dataset-IMC25,Gathered approved smishing 7k,gathered_approved_smishing,imc25_english_smish_12516,Dear SBI customer your YONO account has been suspended please update you...,smishing_corpus_row,smishing,accepted,approved,false,false,false,data\final\approved_smishing_messages.csv,original_source=Smishing-Dataset-IMC25; scam_category=banking; strict-clean approved gathered smishing row.,dear sbi customer your yono account has been suspended please update you,,1,true,Smishing-Dataset-IMC25,smishing,Dear SBI customer your YONO account has been suspended please update you...,Dear SBI customer your YONO account has been suspended please update you...,True,original_unredacted,cleaned_from_raw,False,found_in_source_archive,Selected gathered final `message_raw` as the least-redacted available text.,excluded_duplicate_raw_available,,gathered_imc25_english_smish_12516,False,duplicate_against_raw_required_dataset
gathered_imc25_english_smish_12517,Smishing-Dataset-IMC25,Gathered approved smishing 7k,gathered_approved_smishing,imc25_english_smish_12517,Dear SBI user your SBI YONO Account has been blocked please follow PAN CARD link here to login your PAN number.,smishing_corpus_row,smishing,accepted,approved,false,false,false,data\final\approved_smishing_messages.csv,original_source=Smishing-Dataset-IMC25; scam_category=banking; strict-clean approved gathered smishing row.,dear sbi user your sbi yono account has been blocked please follow pan card link here to login your pan number,,1,true,Smishing-Dataset-IMC25,smishing,Dear SBI user your SBI YONO Account has been blocked please follow PAN CARD link here to login your PAN number.,Dear SBI user your SBI YONO Account has been blocked please follow PAN CARD link here to login your PAN number.,True,original_unredacted,cleaned_from_raw,False,found_in_source_archive,Selected gathered final `message_raw` as the least-redacted available text.,excluded_duplicate_raw_available,,gathered_imc25_english_smish_12517,False,duplicate_against_raw_required_dataset
gathered_imc25_english_smish_12536,Smishing-Dataset-IMC25,Gathered approved smishing 7k,gathered_approved_smishing,imc25_english_smish_12536,Dear Customer Your State Bank of India A/C has been Suspended. Please update your KYC immediately. Click here link,smishing_corpus_row,smishing,accepted,approved,false,false,false,data\final\approved_smishing_messages.csv,original_source=Smishing-Dataset-IMC25; scam_category=banking; strict-clean approved gathered smishing row.,dear customer your state bank of india a c has been suspended please update your kyc immediately click here link,,1,true,Smishing-Dataset-IMC25,smishing,Dear Customer Your State Bank of India A/C has been Suspended. Please update your KYC immediately. Click here link,Dear Customer Your State Bank of India A/C has been Suspended. Please update your KYC immediately. Click here link,True,original_unredacted,cleaned_from_raw,False,found_in_source_archive,Selected gathered final `message_raw` as the least-redacted available text.,excluded_duplicate_raw_available,,gathered_imc25_english_smish_12536,False,duplicate_against_raw_required_dataset
gathered_imc25_english_smish_12572,Smishing-Dataset-IMC25,Gathered approved smishing 7k,gathered_approved_smishing,imc25_english_smish_12572,Dear Customer Your State Bank of india Account Will Be Suspended! Please Re KYC Verification Update Click here link,smishing_corpus_row,smishing,accepted,approved,false,false,false,data\final\approved_smishing_messages.csv,original_source=Smishing-Dataset-IMC25; scam_category=banking; strict-clean approved gathered smishing row.,dear customer your state bank of india account will be suspended please re kyc verification update click here link,,1,true,Smishing-Dataset-IMC25,smishing,Dear Customer Your State Bank of india Account Will Be Suspended! Please Re KYC Verification Update Click here link,Dear Customer Your State Bank of india Account Will Be Suspended! Please Re KYC Verification Update Click here link,True,original_unredacted,cleaned_from_raw,False,found_in_source_archive,Selected gathered final `message_raw` as the least-redacted available text.,excluded_duplicate_raw_available,,gathered_imc25_english_smish_12572,False,duplicate_against_raw_required_dataset
gathered_imc25_english_smish_12573,Smishing-Dataset-IMC25,Gathered approved smishing 7k,gathered_approved_smishing,imc25_english_smish_12573,Dear Customer your idfc Bank Account Will Be Suspended Palase Running Continue Re Activate A/C Click here link,smishing_corpus_row,smishing,accepted,approved,false,false,false,data\final\approved_smishing_messages.csv,original_source=Smishing-Dataset-IMC25; scam_category=banking; strict-clean approved gathered smishing row.,dear customer your idfc bank account will be suspended palase running continue re activate a c click here link,,1,true,Smishing-Dataset-IMC25,smishing,Dear Customer your idfc Bank Account Will Be Suspended Palase Running Continue Re Activate A/C Click here link,Dear Customer your idfc Bank Account Will Be Suspended Palase Running Continue Re Activate A/C Click here link,True,original_unredacted,cleaned_from_raw,False,found_in_source_archive,Selected gathered final `message_raw` as the least-redacted available text.,excluded_duplicate_raw_available,,gathered_imc25_english_smish_12573,False,duplicate_against_raw_required_dataset
gathered_imc25_english_smish_12586,Smishing-Dataset-IMC25,Gathered approved smishing 7k,gathered_approved_smishing,imc25_english_smish_12586,Dear paytm customer your paytm Kyc has been suspended click here link,smishing_corpus_row,smishing,accepted,approved,false,false,false,data\final\approved_smishing_messages.csv,original_source=Smishing-Dataset-IMC25; scam_category=banking; strict-clean approved gathered smishing row.,dear paytm customer your paytm kyc has been suspended click here link,,1,true,Smishing-Dataset-IMC25,smishing,Dear paytm customer your paytm Kyc has been suspended click here link,Dear paytm customer your paytm Kyc has been suspended click here link,True,original_unredacted,cleaned_from_raw,False,found_in_source_archive,Selected gathered final `message_raw` as the least-redacted available text.,excluded_duplicate_raw_available,,gathered_imc25_english_smish_12586,False,duplicate_against_raw_required_dataset
gathered_imc25_english_smish_12671,Smishing-Dataset-IMC25,Gathered approved smishing 7k,gathered_approved_smishing,imc25_english_smish_12671,Dear Customer your STATE Bank A/C has been Suspended Please Updated your KYC Immediately click here link,smishing_corpus_row,smishing,accepted,approved,false,false,false,data\final\approved_smishing_messages.csv,original_source=Smishing-Dataset-IMC25; scam_category=banking; strict-clean approved gathered smishing row.,dear customer your state bank a c has been suspended please updated your kyc immediately click here link,,1,true,Smishing-Dataset-IMC25,smishing,Dear Customer your STATE Bank A/C has been Suspended Please Updated your KYC Immediately click here link,Dear Customer your STATE Bank A/C has been Suspended Please Updated your KYC Immediately click here link,True,original_unredacted,cleaned_from_raw,False,found_in_source_archive,Selected gathered final `message_raw` as the least-redacted available text.,excluded_duplicate_raw_available,,gathered_imc25_english_smish_12671,False,duplicate_against_raw_required_dataset
gathered_imc25_english_smish_12713,Smishing-Dataset-IMC25,Gathered approved smishing 7k,gathered_approved_smishing,imc25_english_smish_12713,LUN{O}:Validate BTC account now by <LOCATION> To avoid account been locked from our <OTP>{SSL} server update and trust your device.,smishing_corpus_row,smishing,accepted,approved,false,false,false,data\final\approved_smishing_messages.csv,original_source=Smishing-Dataset-IMC25; scam_category=banking; strict-clean approved gathered smishing row.,lun o validate btc account now by <location> to avoid account been locked from our <otp> ssl server update and trust your device,,1,true,Smishing-Dataset-IMC25,smishing,LUN{O}:Validate BTC account now by <LOCATION> To avoid account been locked from our 2021{SSL} server update and trust your device.,LUN{O}:Validate BTC account now by <LOCATION> To avoid account been locked from our 2021{SSL} server update and trust your device.,True,original_unredacted,cleaned_from_raw,False,found_in_source_archive,Selected gathered final `message_raw` as the least-redacted available text.,excluded_duplicate_raw_available,,gathered_imc25_english_smish_12713,False,duplicate_against_raw_required_dataset
gathered_imc25_english_smish_12724,Smishing-Dataset-IMC25,Gathered approved smishing 7k,gathered_approved_smishing,imc25_english_smish_12724,"Dear, Customer Your SBI A/C will be suspended. Please update your KYC immediately. Visit link below",smishing_corpus_row,smishing,accepted,approved,false,false,false,data\final\approved_smishing_messages.csv,original_source=Smishing-Dataset-IMC25; scam_category=banking; strict-clean approved gathered smishing row.,dear customer your sbi a c will be suspended please update your kyc immediately visit link below,,1,true,Smishing-Dataset-IMC25,smishing,"Dear, Customer Your SBI A/C will be suspended. Please update your KYC immediately. Visit link below","Dear, Customer Your SBI A/C will be suspended. Please update your KYC immediately. Visit link below",True,original_unredacted,cleaned_from_raw,False,found_in_source_archive,Selected gathered final `message_raw` as the least-redacted available text.,excluded_duplicate_raw_available,,gathered_imc25_english_smish_12724,False,duplicate_against_raw_required_dataset
gathered_imc25_english_smish_12818,Smishing-Dataset-IMC25,Gathered approved smishing 7k,gathered_approved_smishing,imc25_english_smish_12818,"Dear Customer, Your IDFC Bank Account has been suspended. Please Update Your KYC Immediately. To update Your KYC click here link",smishing_corpus_row,smishing,accepted,approved,false,false,false,data\final\approved_smishing_messages.csv,original_source=Smishing-Dataset-IMC25; scam_category=banking; strict-clean approved gathered smishing row.,dear customer your idfc bank account has been suspended please update your kyc immediately to update your kyc click here link,,1,true,Smishing-Dataset-IMC25,smishing,"Dear Customer,
Your IDFC Bank Account has been suspended.
Please Update Your KYC Immediately.
To update Your KYC click here link","Dear Customer, Your IDFC Bank Account has been suspended. Please Update Your KYC Immediately. To update Your KYC click here link",True,original_unredacted,cleaned_from_raw,False,found_in_source_archive,Selected gathered final `message_raw` as the least-redacted available text.,excluded_duplicate_raw_available,,gathered_imc25_english_smish_12818,False,duplicate_against_raw_required_dataset
gathered_imc25_english_smish_12938,Smishing-Dataset-IMC25,Gathered approved smishing 7k,gathered_approved_smishing,imc25_english_smish_12938,"LLOYDS BANK: Confirmation. You set up a new payee via mobile banking. If this was NOT you, visit",smishing_corpus_row,smishing,accepted,approved,false,false,false,data\final\approved_smishing_messages.csv,original_source=Smishing-Dataset-IMC25; scam_category=banking; strict-clean approved gathered smishing row.,lloyds bank confirmation you set up a new payee via mobile banking if this was not you visit,,1,true,Smishing-Dataset-IMC25,smishing,"LLOYDS BANK: Confirmation. You set up a new payee via mobile banking. If this was NOT you, visit","LLOYDS BANK: Confirmation. You set up a new payee via mobile banking. If this was NOT you, visit",True,original_unredacted,cleaned_from_raw,False,found_in_source_archive,Selected gathered final `message_raw` as the least-redacted available text.,excluded_duplicate_raw_available,,gathered_imc25_english_smish_12938,False,duplicate_against_raw_required_dataset
gathered_imc25_english_smish_12955,Smishing-Dataset-IMC25,Gathered approved smishing 7k,gathered_approved_smishing,imc25_english_smish_12955,Dear A/c Holder Your SBI Bank Documents has expired A/c will be Blocked Update your Document Now click,smishing_corpus_row,smishing,accepted,approved,false,false,false,data\final\approved_smishing_messages.csv,original_source=Smishing-Dataset-IMC25; scam_category=banking; strict-clean approved gathered smishing row.,dear a c holder your sbi bank documents has expired a c will be blocked update your document now click,,1,true,Smishing-Dataset-IMC25,smishing,Dear A/c Holder Your SBI Bank Documents has expired A/c will be Blocked Update your Document Now click,Dear A/c Holder Your SBI Bank Documents has expired A/c will be Blocked Update your Document Now click,True,original_unredacted,cleaned_from_raw,False,found_in_source_archive,Selected gathered final `message_raw` as the least-redacted available text.,excluded_duplicate_raw_available,,gathered_imc25_english_smish_12955,False,duplicate_against_raw_required_dataset
gathered_imc25_english_smish_12961,Smishing-Dataset-IMC25,Gathered approved smishing 7k,gathered_approved_smishing,imc25_english_smish_12961,#Wells-Fargo - #SUSPICIOUS PAYMENT# Please log in to confirm your identity and update your account information.,smishing_corpus_row,smishing,accepted,approved,false,false,false,data\final\approved_smishing_messages.csv,original_source=Smishing-Dataset-IMC25; scam_category=banking; strict-clean approved gathered smishing row.,wells fargo suspicious payment please log in to confirm your identity and update your account information,,1,true,Smishing-Dataset-IMC25,smishing,#Wells-Fargo - #SUSPICIOUS PAYMENT# Please log in to confirm your identity and update your account information.,#Wells-Fargo - #SUSPICIOUS PAYMENT# Please log in to confirm your identity and update your account information.,True,original_unredacted,cleaned_from_raw,False,found_in_source_archive,Selected gathered final `message_raw` as the least-redacted available text.,excluded_duplicate_raw_available,,gathered_imc25_english_smish_12961,False,duplicate_against_raw_required_dataset
gathered_imc25_english_smish_12978,Smishing-Dataset-IMC25,Gathered approved smishing 7k,gathered_approved_smishing,imc25_english_smish_12978,We have temporarily suspended your debit and credit card. because you did not updated yet. if you want to reactivate immediate call us 31XXXXX48 at once.,smishing_corpus_row,smishing,accepted,approved,false,false,false,data\final\approved_smishing_messages.csv,original_source=Smishing-Dataset-IMC25; scam_category=banking; strict-clean approved gathered smishing row.,we have temporarily suspended your debit and credit card because you did not updated yet if you want to reactivate immediate call us 31xxxxx48 at once,,1,true,Smishing-Dataset-IMC25,smishing,We have temporarily suspended your debit and credit card. because you did not updated yet. if you want to reactivate immediate call us 31XXXXX48 at once.,We have temporarily suspended your debit and credit card. because you did not updated yet. if you want to reactivate immediate call us 31XXXXX48 at once.,True,original_unredacted,cleaned_from_raw,False,found_in_source_archive,Selected gathered final `message_raw` as the least-redacted available text.,excluded_duplicate_raw_available,,gathered_imc25_english_smish_12978,False,duplicate_against_raw_required_dataset
gathered_imc25_english_smish_13002,Smishing-Dataset-IMC25,Gathered approved smishing 7k,gathered_approved_smishing,imc25_english_smish_13002,Our records indicate that your account in under fraudulent risk. Please reassess and verify your info.,smishing_corpus_row,smishing,accepted,approved,false,false,false,data\final\approved_smishing_messages.csv,original_source=Smishing-Dataset-IMC25; scam_category=banking; strict-clean approved gathered smishing row.,our records indicate that your account in under fraudulent risk please reassess and verify your info,,1,true,Smishing-Dataset-IMC25,smishing,Our records indicate that your account in under fraudulent risk. Please reassess and verify your info.,Our records indicate that your account in under fraudulent risk. Please reassess and verify your info.,True,original_unredacted,cleaned_from_raw,False,found_in_source_archive,Selected gathered final `message_raw` as the least-redacted available text.,excluded_duplicate_raw_available,,gathered_imc25_english_smish_13002,False,duplicate_against_raw_required_dataset
gathered_imc25_english_smish_13025,Smishing-Dataset-IMC25,Gathered approved smishing 7k,gathered_approved_smishing,imc25_english_smish_13025,"Dear customer, your ATM card has been blocked. because you did not have an update yet. if you want your ATM card to work properly, then contact this number to, Helpline <UK_NHS>",smishing_corpus_row,smishing,accepted,approved,false,false,false,data\final\approved_smishing_messages.csv,original_source=Smishing-Dataset-IMC25; scam_category=banking; strict-clean approved gathered smishing row.,dear customer your atm card has been blocked because you did not have an update yet if you want your atm card to work properly then contact this number to helpline <uk nhs>,,1,true,Smishing-Dataset-IMC25,smishing,"Dear customer, your ATM card has been blocked. because you did not have an update yet. if you want your ATM card to work properly, then contact this number to, Helpline <UK_NHS>","Dear customer, your ATM card has been blocked. because you did not have an update yet. if you want your ATM card to work properly, then contact this number to, Helpline <UK_NHS>",True,original_unredacted,cleaned_from_raw,False,found_in_source_archive,Selected gathered final `message_raw` as the least-redacted available text.,excluded_duplicate_raw_available,,gathered_imc25_english_smish_13025,False,duplicate_against_raw_required_dataset
gathered_imc25_english_smish_13046,Smishing-Dataset-IMC25,Gathered approved smishing 7k,gathered_approved_smishing,imc25_english_smish_13046,Beware ! <OTP> F to be withdrawn from your account! Enter your PIN <OTP> to confirm this transaction No <US_PASSPORT> initiated by MENGOUNOU ERNE,smishing_corpus_row,smishing,accepted,approved,false,false,false,data\final\approved_smishing_messages.csv,original_source=Smishing-Dataset-IMC25; scam_category=banking; strict-clean approved gathered smishing row.,beware <otp> f to be withdrawn from your account enter your pin <otp> to confirm this transaction no <us passport> initiated by mengounou erne,,1,true,Smishing-Dataset-IMC25,smishing,Beware ! 70000 F to be withdrawn from your account! Enter your PIN code to confirm this transaction No <US_PASSPORT> initiated by MENGOUNOU ERNE,Beware! 70000 F to be withdrawn from your account! Enter your PIN code to confirm this transaction No <US_PASSPORT> initiated by MENGOUNOU ERNE,True,original_unredacted,cleaned_from_raw,False,found_in_source_archive,Selected gathered final `message_raw` as the least-redacted available text.,excluded_duplicate_raw_available,,gathered_imc25_english_smish_13046,False,duplicate_against_raw_required_dataset
gathered_imc25_english_smish_13088,Smishing-Dataset-IMC25,Gathered approved smishing 7k,gathered_approved_smishing,imc25_english_smish_13088,Dear customer your BANK OF MAHARASHTRA A/c has been blocked. Please update your PAN CARD verification. Click here to verify immediately,smishing_corpus_row,smishing,accepted,approved,false,false,false,data\final\approved_smishing_messages.csv,original_source=Smishing-Dataset-IMC25; scam_category=banking; strict-clean approved gathered smishing row.,dear customer your bank of maharashtra a c has been blocked please update your pan card verification click here to verify immediately,,1,true,Smishing-Dataset-IMC25,smishing,Dear customer your BANK OF MAHARASHTRA A/c has been blocked. Please update your PAN CARD verification. Click here to verify immediately,Dear customer your BANK OF MAHARASHTRA A/c has been blocked. Please update your PAN CARD verification. Click here to verify immediately,True,original_unredacted,cleaned_from_raw,False,found_in_source_archive,Selected gathered final `message_raw` as the least-redacted available text.,excluded_duplicate_raw_available,,gathered_imc25_english_smish_13088,False,duplicate_against_raw_required_dataset
gathered_imc25_english_smish_13127,Smishing-Dataset-IMC25,Gathered approved smishing 7k,gathered_approved_smishing,imc25_english_smish_13127,Dear User Your SBI YONO ACCOUNT will be suspended please update your PAN CARD IMMEDIATELY click here link Thank you SBI..,smishing_corpus_row,smishing,accepted,approved,false,false,false,data\final\approved_smishing_messages.csv,original_source=Smishing-Dataset-IMC25; scam_category=banking; strict-clean approved gathered smishing row.,dear user your sbi yono account will be suspended please update your pan card immediately click here link thank you sbi,,1,true,Smishing-Dataset-IMC25,smishing,Dear User Your SBI YONO ACCOUNT will be suspended please update your PAN CARD IMMEDIATELY click here link Thank you SBI..,Dear User Your SBI YONO ACCOUNT will be suspended please update your PAN CARD IMMEDIATELY click here link Thank you SBI..,True,original_unredacted,cleaned_from_raw,False,found_in_source_archive,Selected gathered final `message_raw` as the least-redacted available text.,excluded_duplicate_raw_available,,gathered_imc25_english_smish_13127,False,duplicate_against_raw_required_dataset
gathered_imc25_english_smish_13136,Smishing-Dataset-IMC25,Gathered approved smishing 7k,gathered_approved_smishing,imc25_english_smish_13136,"Dear Customer, Your Credit & debit Card Has Been Suspended Because you Didn't Update yet, if You Want To Activate again Please call us at,",smishing_corpus_row,smishing,accepted,approved,false,false,false,data\final\approved_smishing_messages.csv,original_source=Smishing-Dataset-IMC25; scam_category=banking; strict-clean approved gathered smishing row.,dear customer your credit debit card has been suspended because you didn t update yet if you want to activate again please call us at,,1,true,Smishing-Dataset-IMC25,smishing,"Dear Customer, Your Credit & debit Card Has Been Suspended Because you Didn't Update yet, if You Want To Activate again Please call us at,","Dear Customer, Your Credit & debit Card Has Been Suspended Because you Didn't Update yet, if You Want To Activate again Please call us at,",True,original_unredacted,cleaned_from_raw,False,found_in_source_archive,Selected gathered final `message_raw` as the least-redacted available text.,excluded_duplicate_raw_available,,gathered_imc25_english_smish_13136,False,duplicate_against_raw_required_dataset
gathered_imc25_english_smish_13156,Smishing-Dataset-IMC25,Gathered approved smishing 7k,gathered_approved_smishing,imc25_english_smish_13156,We have not received the payment on your Kotak Personal Loan account CFB9147. We have attached lien on your bank account ending with <OTP>. Please make payment immediately. Call customer support for any clarification.,smishing_corpus_row,smishing,accepted,approved,false,false,false,data\final\approved_smishing_messages.csv,original_source=Smishing-Dataset-IMC25; scam_category=banking; strict-clean approved gathered smishing row.,we have not received the payment on your kotak personal loan account cfb9147 we have attached lien on your bank account ending with <otp> please make payment immediately call customer support for any clarification,,1,true,Smishing-Dataset-IMC25,smishing,We have not received the payment on your Kotak Personal Loan account CFB9147. We have attached lien on your bank account ending with 4612. Please make payment immediately. Call customer support for any clarification.,We have not received the payment on your Kotak Personal Loan account CFB9147. We have attached lien on your bank account ending with 4612. Please make payment immediately. Call customer support for any clarification.,True,original_unredacted,cleaned_from_raw,False,found_in_source_archive,Selected gathered final `message_raw` as the least-redacted available text.,excluded_duplicate_raw_available,,gathered_imc25_english_smish_13156,False,duplicate_against_raw_required_dataset
gathered_imc25_english_smish_13198,Smishing-Dataset-IMC25,Gathered approved smishing 7k,gathered_approved_smishing,imc25_english_smish_13198,"DBS: <SCAM ALERT> Scammers impersonating DBS may target you via SMS phishing. Please do not click on any SMS with clickable links. DBS will never ask for your account details or OTP <OTP> the phone, email or SMS. Please be assured that we are actively taking down such phishing sites.",smishing_corpus_row,smishing,accepted,approved,false,false,false,data\final\approved_smishing_messages.csv,original_source=Smishing-Dataset-IMC25; scam_category=banking; strict-clean approved gathered smishing row.,dbs <scam alert> scammers impersonating dbs may target you via sms phishing please do not click on any sms with clickable links dbs will never ask for your account details or otp <otp> the phone email or sms please be assured that we are actively taking down such phishing sites,,1,true,Smishing-Dataset-IMC25,smishing,"DBS: <SCAM ALERT> Scammers impersonating DBS may target you via SMS phishing. Please do not click on any SMS with clickable links. DBS will never ask for your account details or OTP over the phone, email or SMS. Please be assured that we are actively taking down such phishing sites.","DBS: <SCAM ALERT> Scammers impersonating DBS may target you via SMS phishing. Please do not click on any SMS with clickable links. DBS will never ask for your account details or OTP over the phone, email or SMS. Please be assured that we are actively taking down such phishing sites.",True,original_unredacted,cleaned_from_raw,False,found_in_source_archive,Selected gathered final `message_raw` as the least-redacted available text.,excluded_duplicate_raw_available,,gathered_imc25_english_smish_13198,False,duplicate_against_raw_required_dataset
gathered_imc25_english_smish_13202,Smishing-Dataset-IMC25,Gathered approved smishing 7k,gathered_approved_smishing,imc25_english_smish_13202,"Did you attempt a purchase of $200.00 at SHELL*. Access Card <OTP>** restricted. Reply N to protect you card if it wasn't you. Otherwise, no further action is required. TD ALERT",smishing_corpus_row,smishing,accepted,approved,false,false,false,data\final\approved_smishing_messages.csv,original_source=Smishing-Dataset-IMC25; scam_category=banking; strict-clean approved gathered smishing row.,did you attempt a purchase of <num> 00 at shell access card <otp> restricted reply n to protect you card if it wasn t you otherwise no further action is required td alert,,1,true,Smishing-Dataset-IMC25,smishing,"Did you attempt a purchase of $200.00 at SHELL*.

Access Card 4724** restricted.

Reply N to protect you card if it wasn't you.

Otherwise, no further action is required.

TD ALERT","Did you attempt a purchase of <AMOUNT> at SHELL*. Access Card 4724** restricted. Reply N to protect you card if it wasn't you. Otherwise, no further action is required. TD ALERT",True,original_unredacted,cleaned_from_raw,False,found_in_source_archive,Selected gathered final `message_raw` as the least-redacted available text.,excluded_duplicate_raw_available,,gathered_imc25_english_smish_13202,False,duplicate_against_raw_required_dataset
gathered_imc25_english_smish_13210,Smishing-Dataset-IMC25,Gathered approved smishing 7k,gathered_approved_smishing,imc25_english_smish_13210,"Your AIB online account has been frozen due to suspicious activity within your account. To unfreeze, please visit:",smishing_corpus_row,smishing,accepted,approved,false,false,false,data\final\approved_smishing_messages.csv,original_source=Smishing-Dataset-IMC25; scam_category=banking; strict-clean approved gathered smishing row.,your aib online account has been frozen due to suspicious activity within your account to unfreeze please visit,,1,true,Smishing-Dataset-IMC25,smishing,"Your AIB online account has been frozen due to suspicious activity within your account. To unfreeze, please visit:","Your AIB online account has been frozen due to suspicious activity within your account. To unfreeze, please visit:",True,original_unredacted,cleaned_from_raw,False,found_in_source_archive,Selected gathered final `message_raw` as the least-redacted available text.,excluded_duplicate_raw_available,,gathered_imc25_english_smish_13210,False,duplicate_against_raw_required_dataset
gathered_imc25_english_smish_13239,Smishing-Dataset-IMC25,Gathered approved smishing 7k,gathered_approved_smishing,imc25_english_smish_13239,Customer your SBI Y0N0 ACCOUNT BLOCK Today Contact now And Update your Pan No details in Below Website,smishing_corpus_row,smishing,accepted,approved,false,false,false,data\final\approved_smishing_messages.csv,original_source=Smishing-Dataset-IMC25; scam_category=banking; strict-clean approved gathered smishing row.,customer your sbi y0n0 account block today contact now and update your pan no details in below website,,1,true,Smishing-Dataset-IMC25,smishing,Customer your SBI Y0N0 ACCOUNT BLOCK Today Contact now And Update your Pan No details in Below Website,Customer your SBI Y0N0 ACCOUNT BLOCK Today Contact now And Update your Pan No details in Below Website,True,original_unredacted,cleaned_from_raw,False,found_in_source_archive,Selected gathered final `message_raw` as the least-redacted available text.,excluded_duplicate_raw_available,,gathered_imc25_english_smish_13239,False,duplicate_against_raw_required_dataset
gathered_imc25_english_smish_13291,Smishing-Dataset-IMC25,Gathered approved smishing 7k,gathered_approved_smishing,imc25_english_smish_13291,Capitec; payment + <US_DRIVER_LICENSE>.00 into SAVING ACCOUNT from M Letswalo Ref: <US_BANK_NUMBER> <PHONE>:31.00 Query?,smishing_corpus_row,smishing,accepted,approved,false,false,false,data\final\approved_smishing_messages.csv,original_source=Smishing-Dataset-IMC25; scam_category=banking; strict-clean approved gathered smishing row.,capitec payment <us driver license> 00 into saving account from m letswalo ref <us bank number> <phone> 31 00 query,,1,true,Smishing-Dataset-IMC25,smishing,Capitec; payment + <US_DRIVER_LICENSE>.00 into SAVING ACCOUNT from M Letswalo Ref: <US_BANK_NUMBER> 2022.02.08 02:31.00 Query?,Capitec; payment + <US_DRIVER_LICENSE>.00 into SAVING ACCOUNT from M Letswalo Ref: <US_BANK_NUMBER> <PHONE>:31.00 Query?,True,original_unredacted,cleaned_from_raw,False,found_in_source_archive,Selected gathered final `message_raw` as the least-redacted available text.,excluded_duplicate_raw_available,,gathered_imc25_english_smish_13291,False,duplicate_against_raw_required_dataset
gathered_imc25_english_smish_13295,Smishing-Dataset-IMC25,Gathered approved smishing 7k,gathered_approved_smishing,imc25_english_smish_13295,Dear A/c Holder Your SBI Bank Documents has expired A/c will be Blocked Update your Document Now visit SBI website,smishing_corpus_row,smishing,accepted,approved,false,false,false,data\final\approved_smishing_messages.csv,original_source=Smishing-Dataset-IMC25; scam_category=banking; strict-clean approved gathered smishing row.,dear a c holder your sbi bank documents has expired a c will be blocked update your document now visit sbi website,,1,true,Smishing-Dataset-IMC25,smishing,Dear A/c Holder Your SBI Bank Documents has expired A/c will be Blocked Update your Document Now visit SBI website,Dear A/c Holder Your SBI Bank Documents has expired A/c will be Blocked Update your Document Now visit SBI website,True,original_unredacted,cleaned_from_raw,False,found_in_source_archive,Selected gathered final `message_raw` as the least-redacted available text.,excluded_duplicate_raw_available,,gathered_imc25_english_smish_13295,False,duplicate_against_raw_required_dataset
gathered_imc25_english_smish_13328,Smishing-Dataset-IMC25,Gathered approved smishing 7k,gathered_approved_smishing,imc25_english_smish_13328,"Dear Rajesh,HDFC BANK LTD has requested payment for INR 531.0 Tap on the smarthub link below to pay",smishing_corpus_row,smishing,accepted,approved,false,false,false,data\final\approved_smishing_messages.csv,original_source=Smishing-Dataset-IMC25; scam_category=banking; strict-clean approved gathered smishing row.,dear rajesh hdfc bank ltd has requested payment for inr <num> 0 tap on the smarthub link below to pay,,1,true,Smishing-Dataset-IMC25,smishing,"Dear Rajesh,HDFC BANK LTD has requested payment for INR 531.0 Tap on the smarthub link below to pay","Dear Rajesh,HDFC BANK LTD has requested payment for INR 531.0 Tap on the smarthub link below to pay",True,original_unredacted,cleaned_from_raw,False,found_in_source_archive,Selected gathered final `message_raw` as the least-redacted available text.,excluded_duplicate_raw_available,,gathered_imc25_english_smish_13328,False,duplicate_against_raw_required_dataset
gathered_imc25_english_smish_13329,Smishing-Dataset-IMC25,Gathered approved smishing 7k,gathered_approved_smishing,imc25_english_smish_13329,"Wells Fargo Text Alerts: We Blocked Your DEBIT Purchase due to Unusual Activity. In response your ATM Debit card has been disabled. Secure, now",smishing_corpus_row,smishing,accepted,approved,false,false,false,data\final\approved_smishing_messages.csv,original_source=Smishing-Dataset-IMC25; scam_category=banking; strict-clean approved gathered smishing row.,wells fargo text alerts we blocked your debit purchase due to unusual activity in response your atm debit card has been disabled secure now,,1,true,Smishing-Dataset-IMC25,smishing,"Wells Fargo Text Alerts: We Blocked Your DEBIT Purchase due to Unusual Activity. In response your ATM Debit card has been disabled. Secure, now","Wells Fargo Text Alerts: We Blocked Your DEBIT Purchase due to Unusual Activity. In response your ATM Debit card has been disabled. Secure, now",True,original_unredacted,cleaned_from_raw,False,found_in_source_archive,Selected gathered final `message_raw` as the least-redacted available text.,excluded_duplicate_raw_available,,gathered_imc25_english_smish_13329,False,duplicate_against_raw_required_dataset
gathered_imc25_english_smish_13375,Smishing-Dataset-IMC25,Gathered approved smishing 7k,gathered_approved_smishing,imc25_english_smish_13375,DBS: Your account has been temporarily suspended and some services limited. Please confirm your details by visiting,smishing_corpus_row,smishing,accepted,approved,false,false,false,data\final\approved_smishing_messages.csv,original_source=Smishing-Dataset-IMC25; scam_category=banking; strict-clean approved gathered smishing row.,dbs your account has been temporarily suspended and some services limited please confirm your details by visiting,,1,true,Smishing-Dataset-IMC25,smishing,DBS: Your account has been temporarily suspended and some services limited. Please confirm your details by visiting,DBS: Your account has been temporarily suspended and some services limited. Please confirm your details by visiting,True,original_unredacted,cleaned_from_raw,False,found_in_source_archive,Selected gathered final `message_raw` as the least-redacted available text.,excluded_duplicate_raw_available,,gathered_imc25_english_smish_13375,False,duplicate_against_raw_required_dataset
gathered_imc25_english_smish_13407,Smishing-Dataset-IMC25,Gathered approved smishing 7k,gathered_approved_smishing,imc25_english_smish_13407,Dear User_YOUR_SBI Y0N0 ACCOUNT Will be CLOSE TODAY Due To Incomplete KYC plz Update YOUR PAN_CARD Number Open The Link_,smishing_corpus_row,smishing,accepted,approved,false,false,false,data\final\approved_smishing_messages.csv,original_source=Smishing-Dataset-IMC25; scam_category=banking; strict-clean approved gathered smishing row.,dear user your sbi y0n0 account will be close today due to incomplete kyc plz update your pan card number open the link,,1,true,Smishing-Dataset-IMC25,smishing,Dear User_YOUR_SBI Y0N0 ACCOUNT Will be CLOSE TODAY Due To Incomplete KYC plz Update YOUR PAN_CARD Number Open The Link_,Dear User_YOUR_SBI Y0N0 ACCOUNT Will be CLOSE TODAY Due To Incomplete KYC plz Update YOUR PAN_CARD Number Open The Link_,True,original_unredacted,cleaned_from_raw,False,found_in_source_archive,Selected gathered final `message_raw` as the least-redacted available text.,excluded_duplicate_raw_available,,gathered_imc25_english_smish_13407,False,duplicate_against_raw_required_dataset
gathered_imc25_english_smish_13415,Smishing-Dataset-IMC25,Gathered approved smishing 7k,gathered_approved_smishing,imc25_english_smish_13415,BDO Advisory: Your Account has been Blocked! We need to verify your account to continue our services. Click Here to Verify :,smishing_corpus_row,smishing,accepted,approved,false,false,false,data\final\approved_smishing_messages.csv,original_source=Smishing-Dataset-IMC25; scam_category=banking; strict-clean approved gathered smishing row.,bdo advisory your account has been blocked we need to verify your account to continue our services click here to verify,,1,true,Smishing-Dataset-IMC25,smishing,"BDO Advisory:
Your Account has been
Blocked!
We need to verify your account
to continue our services.
Click Here to Verify :",BDO Advisory: Your Account has been Blocked! We need to verify your account to continue our services. Click Here to Verify:,True,original_unredacted,cleaned_from_raw,False,found_in_source_archive,Selected gathered final `message_raw` as the least-redacted available text.,excluded_duplicate_raw_available,,gathered_imc25_english_smish_13415,False,duplicate_against_raw_required_dataset
gathered_imc25_english_smish_13431,Smishing-Dataset-IMC25,Gathered approved smishing 7k,gathered_approved_smishing,imc25_english_smish_13431,TDAle rt#7077J9816: Card starting with <OTP> is blocked. See to unlock:,smishing_corpus_row,smishing,accepted,approved,false,false,false,data\final\approved_smishing_messages.csv,original_source=Smishing-Dataset-IMC25; scam_category=banking; strict-clean approved gathered smishing row.,tdale rt 7077j9816 card starting with <otp> is blocked see to unlock,,1,true,Smishing-Dataset-IMC25,smishing,TDAle rt#7077J9816: Card starting with 4724 is blocked. See to unlock:,TDAle rt#7077J9816: Card starting with 4724 is blocked. See to unlock:,True,original_unredacted,cleaned_from_raw,False,found_in_source_archive,Selected gathered final `message_raw` as the least-redacted available text.,excluded_duplicate_raw_available,,gathered_imc25_english_smish_13431,False,duplicate_against_raw_required_dataset
gathered_imc25_english_smish_13436,Smishing-Dataset-IMC25,Gathered approved smishing 7k,gathered_approved_smishing,imc25_english_smish_13436,Your BenefitPay account has been temporarily suspended due to fraud in <LOCATION> all BenefitPay user accounts are being verified Please verify your account details to enable BenefitPay profile,smishing_corpus_row,smishing,accepted,approved,false,false,false,data\final\approved_smishing_messages.csv,original_source=Smishing-Dataset-IMC25; scam_category=banking; strict-clean approved gathered smishing row.,your benefitpay account has been temporarily suspended due to fraud in <location> all benefitpay user accounts are being verified please verify your account details to enable benefitpay profile,,1,true,Smishing-Dataset-IMC25,smishing,Your BenefitPay account has been temporarily suspended due to fraud in <LOCATION> all BenefitPay user accounts are being verified Please verify your account details to enable BenefitPay profile,Your BenefitPay account has been temporarily suspended due to fraud in <LOCATION> all BenefitPay user accounts are being verified Please verify your account details to enable BenefitPay profile,True,original_unredacted,cleaned_from_raw,False,found_in_source_archive,Selected gathered final `message_raw` as the least-redacted available text.,excluded_duplicate_raw_available,,gathered_imc25_english_smish_13436,False,duplicate_against_raw_required_dataset
gathered_imc25_english_smish_13455,Smishing-Dataset-IMC25,Gathered approved smishing 7k,gathered_approved_smishing,imc25_english_smish_13455,"Wells : We have frozen your account for your safety, to confirm it's you, please authorize and confirm your information.",smishing_corpus_row,smishing,accepted,approved,false,false,false,data\final\approved_smishing_messages.csv,original_source=Smishing-Dataset-IMC25; scam_category=banking; strict-clean approved gathered smishing row.,wells we have frozen your account for your safety to confirm it s you please authorize and confirm your information,,1,true,Smishing-Dataset-IMC25,smishing,"Wells : We have frozen your account for your safety, to confirm it's you, please authorize and confirm your information.","Wells: We have frozen your account for your safety, to confirm it's you, please authorize and confirm your information.",True,original_unredacted,cleaned_from_raw,False,found_in_source_archive,Selected gathered final `message_raw` as the least-redacted available text.,excluded_duplicate_raw_available,,gathered_imc25_english_smish_13455,False,duplicate_against_raw_required_dataset
gathered_imc25_english_smish_13461,Smishing-Dataset-IMC25,Gathered approved smishing 7k,gathered_approved_smishing,imc25_english_smish_13461,"Bendigo Bank:Your account has been restricted, Please visit",smishing_corpus_row,smishing,accepted,approved,false,false,false,data\final\approved_smishing_messages.csv,original_source=Smishing-Dataset-IMC25; scam_category=banking; strict-clean approved gathered smishing row.,bendigo bank your account has been restricted please visit,,1,true,Smishing-Dataset-IMC25,smishing,"Bendigo Bank:Your account has been restricted, Please visit","Bendigo Bank:Your account has been restricted, Please visit",True,original_unredacted,cleaned_from_raw,False,found_in_source_archive,Selected gathered final `message_raw` as the least-redacted available text.,excluded_duplicate_raw_available,,gathered_imc25_english_smish_13461,False,duplicate_against_raw_required_dataset
gathered_imc25_english_smish_13463,Smishing-Dataset-IMC25,Gathered approved smishing 7k,gathered_approved_smishing,imc25_english_smish_13463,"TD Alerts: Client Card Starting with <US_DRIVER_LICENSE>** has been placed on a hold. Reply ""Y"" To Restore All TD Services. Reply ""B"" To Book an Appointment at your Home Branch.",smishing_corpus_row,smishing,accepted,approved,false,false,false,data\final\approved_smishing_messages.csv,original_source=Smishing-Dataset-IMC25; scam_category=banking; strict-clean approved gathered smishing row.,td alerts client card starting with <us driver license> has been placed on a hold reply y to restore all td services reply b to book an appointment at your home branch,,1,true,Smishing-Dataset-IMC25,smishing,"TD Alerts: Client Card Starting with <US_DRIVER_LICENSE>** has been placed on a hold. Reply ""Y"" To Restore All TD Services. Reply ""B"" To Book an Appointment at your Home Branch.","TD Alerts: Client Card Starting with <US_DRIVER_LICENSE>** has been placed on a hold. Reply ""Y"" To Restore All TD Services. Reply ""B"" To Book an Appointment at your Home Branch.",True,original_unredacted,cleaned_from_raw,False,found_in_source_archive,Selected gathered final `message_raw` as the least-redacted available text.,excluded_duplicate_raw_available,,gathered_imc25_english_smish_13463,False,duplicate_against_raw_required_dataset
gathered_imc25_english_smish_13474,Smishing-Dataset-IMC25,Gathered approved smishing 7k,gathered_approved_smishing,imc25_english_smish_13474,Dear SBI YONO User Your SBI YONO account will be Block Today. Please click here the link and Update your PAN CARD Number Immediately.,smishing_corpus_row,smishing,accepted,approved,false,false,false,data\final\approved_smishing_messages.csv,original_source=Smishing-Dataset-IMC25; scam_category=banking; strict-clean approved gathered smishing row.,dear sbi yono user your sbi yono account will be block today please click here the link and update your pan card number immediately,,1,true,Smishing-Dataset-IMC25,smishing,Dear SBI YONO User Your  SBI YONO account will be Block Today. Please click here the link and Update your PAN CARD Number Immediately.,Dear SBI YONO User Your SBI YONO account will be Block Today. Please click here the link and Update your PAN CARD Number Immediately.,True,original_unredacted,cleaned_from_raw,False,found_in_source_archive,Selected gathered final `message_raw` as the least-redacted available text.,excluded_duplicate_raw_available,,gathered_imc25_english_smish_13474,False,duplicate_against_raw_required_dataset
gathered_imc25_english_smish_13497,Smishing-Dataset-IMC25,Gathered approved smishing 7k,gathered_approved_smishing,imc25_english_smish_13497,Dear Customer your PaYtm Wallet KYC has been Suspend Please update your KYC Click in link and Activate your PaYtm Wallet,smishing_corpus_row,smishing,accepted,approved,false,false,false,data\final\approved_smishing_messages.csv,original_source=Smishing-Dataset-IMC25; scam_category=banking; strict-clean approved gathered smishing row.,dear customer your paytm wallet kyc has been suspend please update your kyc click in link and activate your paytm wallet,,1,true,Smishing-Dataset-IMC25,smishing,Dear Customer your PaYtm Wallet KYC has been  Suspend Please update your KYC Click in link and Activate your PaYtm Wallet,Dear Customer your PaYtm Wallet KYC has been Suspend Please update your KYC Click in link and Activate your PaYtm Wallet,True,original_unredacted,cleaned_from_raw,False,found_in_source_archive,Selected gathered final `message_raw` as the least-redacted available text.,excluded_duplicate_raw_available,,gathered_imc25_english_smish_13497,False,duplicate_against_raw_required_dataset
gathered_imc25_english_smish_13519,Smishing-Dataset-IMC25,Gathered approved smishing 7k,gathered_approved_smishing,imc25_english_smish_13519,"Do not click on links embedded in <LOCATION> emails received from unknown sources. These could lead to frauds. Do not respond to any SMS/email containing link that leads to web-page asking details like username, password, card details or OTP. Report such messages to <EMAIL_ADDRESS>. -SBI Infosec Team.",smishing_corpus_row,smishing,accepted,approved,false,false,false,data\final\approved_smishing_messages.csv,original_source=Smishing-Dataset-IMC25; scam_category=banking; strict-clean approved gathered smishing row.,do not click on links embedded in <location> emails received from unknown sources these could lead to frauds do not respond to any sms email containing link that leads to web page asking details like username password card details or otp report such messages to <email address> sbi infosec team,,1,true,Smishing-Dataset-IMC25,smishing,"Do not click on links embedded in <LOCATION> emails received from unknown sources. These could lead to frauds. Do not respond to any SMS/email containing link that leads to web-page asking details like username, password, card details or OTP. Report such messages to <EMAIL_ADDRESS>. -SBI Infosec Team.","Do not click on links embedded in <LOCATION> emails received from unknown sources. These could lead to frauds. Do not respond to any SMS/email containing link that leads to web-page asking details like username, password, card details or OTP. Report such messages to <EMAIL_ADDRESS>. -SBI Infosec Team.",True,original_unredacted,cleaned_from_raw,False,found_in_source_archive,Selected gathered final `message_raw` as the least-redacted available text.,excluded_duplicate_raw_available,,gathered_imc25_english_smish_13519,False,duplicate_against_raw_required_dataset
gathered_imc25_english_smish_13520,Smishing-Dataset-IMC25,Gathered approved smishing 7k,gathered_approved_smishing,imc25_english_smish_13520,{M&T}: your account is restricted due to unusual activities click on the link to gain your access back online,smishing_corpus_row,smishing,accepted,approved,false,false,false,data\final\approved_smishing_messages.csv,original_source=Smishing-Dataset-IMC25; scam_category=banking; strict-clean approved gathered smishing row.,m t your account is restricted due to unusual activities click on the link to gain your access back online,,1,true,Smishing-Dataset-IMC25,smishing,{M&T}: your account is restricted due to unusual activities click on the link to gain your access back online,{M&T}: your account is restricted due to unusual activities click on the link to gain your access back online,True,original_unredacted,cleaned_from_raw,False,found_in_source_archive,Selected gathered final `message_raw` as the least-redacted available text.,excluded_duplicate_raw_available,,gathered_imc25_english_smish_13520,False,duplicate_against_raw_required_dataset
gathered_imc25_english_smish_13523,Smishing-Dataset-IMC25,Gathered approved smishing 7k,gathered_approved_smishing,imc25_english_smish_13523,Dear SBI user NetBenking account will be suspended please update your PAN CARD immediately Thanks SBI,smishing_corpus_row,smishing,accepted,approved,false,false,false,data\final\approved_smishing_messages.csv,original_source=Smishing-Dataset-IMC25; scam_category=banking; strict-clean approved gathered smishing row.,dear sbi user netbenking account will be suspended please update your pan card immediately thanks sbi,,1,true,Smishing-Dataset-IMC25,smishing,Dear SBI user NetBenking account will be suspended please update your PAN CARD immediately Thanks SBI,Dear SBI user NetBenking account will be suspended please update your PAN CARD immediately Thanks SBI,True,original_unredacted,cleaned_from_raw,False,found_in_source_archive,Selected gathered final `message_raw` as the least-redacted available text.,excluded_duplicate_raw_available,,gathered_imc25_english_smish_13523,False,duplicate_against_raw_required_dataset
gathered_imc25_english_smish_13584,Smishing-Dataset-IMC25,Gathered approved smishing 7k,gathered_approved_smishing,imc25_english_smish_13584,"Dear customer, Your SBI BANK account has been blocked. Please update your KYC in click here link -",smishing_corpus_row,smishing,accepted,approved,false,false,false,data\final\approved_smishing_messages.csv,original_source=Smishing-Dataset-IMC25; scam_category=banking; strict-clean approved gathered smishing row.,dear customer your sbi bank account has been blocked please update your kyc in click here link,dup_000688,2,false,Smishing-Dataset-IMC25,smishing,"Dear customer, Your SBI BANK account has been blocked. Please update your KYC in click here link -","Dear customer, Your SBI BANK account has been blocked. Please update your KYC in click here link -",True,original_unredacted,cleaned_from_raw,False,found_in_source_archive,Selected gathered final `message_raw` as the least-redacted available text.,excluded_duplicate_raw_available,,gathered_imc25_english_smish_13584,False,duplicate_against_raw_required_dataset
gathered_imc25_english_smish_13623,Smishing-Dataset-IMC25,Gathered approved smishing 7k,gathered_approved_smishing,imc25_english_smish_13623,Dear HDFC User Your HDFC Account Will Be Blocked Today Please Update Your PAN Card Number Immediately Click Here,smishing_corpus_row,smishing,accepted,approved,false,false,false,data\final\approved_smishing_messages.csv,original_source=Smishing-Dataset-IMC25; scam_category=banking; strict-clean approved gathered smishing row.,dear hdfc user your hdfc account will be blocked today please update your pan card number immediately click here,,1,true,Smishing-Dataset-IMC25,smishing,Dear HDFC User Your HDFC Account Will Be Blocked Today Please Update Your PAN Card Number Immediately Click Here,Dear HDFC User Your HDFC Account Will Be Blocked Today Please Update Your PAN Card Number Immediately Click Here,True,original_unredacted,cleaned_from_raw,False,found_in_source_archive,Selected gathered final `message_raw` as the least-redacted available text.,excluded_duplicate_raw_available,,gathered_imc25_english_smish_13623,False,duplicate_against_raw_required_dataset
gathered_imc25_english_smish_13634,Smishing-Dataset-IMC25,Gathered approved smishing 7k,gathered_approved_smishing,imc25_english_smish_13634,Dear customer your IndusInd Bank credit card account has been suspended please update your KYC details visit the link.,smishing_corpus_row,smishing,accepted,approved,false,false,false,data\final\approved_smishing_messages.csv,original_source=Smishing-Dataset-IMC25; scam_category=banking; strict-clean approved gathered smishing row.,dear customer your indusind bank credit card account has been suspended please update your kyc details visit the link,,1,true,Smishing-Dataset-IMC25,smishing,Dear customer your IndusInd Bank credit card account has been suspended please update your KYC details visit the link.,Dear customer your IndusInd Bank credit card account has been suspended please update your KYC details visit the link.,True,original_unredacted,cleaned_from_raw,False,found_in_source_archive,Selected gathered final `message_raw` as the least-redacted available text.,excluded_duplicate_raw_available,,gathered_imc25_english_smish_13634,False,duplicate_against_raw_required_dataset
gathered_imc25_english_smish_13646,Smishing-Dataset-IMC25,Gathered approved smishing 7k,gathered_approved_smishing,imc25_english_smish_13646,INR 117.00 debited to HDFC Bank A/C No XXXXXXXXXXXX4790 towards BAJAJ FINANACE LIMITED with UMRN HD<MEDICAL_LICENSE><PHONE>,smishing_corpus_row,smishing,accepted,approved,false,false,false,data\final\approved_smishing_messages.csv,original_source=Smishing-Dataset-IMC25; scam_category=banking; strict-clean approved gathered smishing row.,inr <num> 00 debited to hdfc bank a c no xxxxxxxxxxxx4790 towards bajaj finanace limited with umrn hd<medical license><phone>,,1,true,Smishing-Dataset-IMC25,smishing,INR 117.00 debited to HDFC Bank A/C No XXXXXXXXXXXX4790 towards BAJAJ FINANACE LIMITED  with UMRN HD<MEDICAL_LICENSE>011252771,INR 117.00 debited to HDFC Bank A/C No XXXXXXXXXXXX4790 towards BAJAJ FINANACE LIMITED with UMRN HD<MEDICAL_LICENSE><PHONE>,True,original_unredacted,cleaned_from_raw,False,found_in_source_archive,Selected gathered final `message_raw` as the least-redacted available text.,excluded_duplicate_raw_available,,gathered_imc25_english_smish_13646,False,duplicate_against_raw_required_dataset
gathered_imc25_english_smish_13658,Smishing-Dataset-IMC25,Gathered approved smishing 7k,gathered_approved_smishing,imc25_english_smish_13658,"Dear Customer, BAJAJ FINANCE L has requested money from you on your ICICI Bank app. By approving the request, Rs 839.00 will be debited from your account. To authorise, visit",smishing_corpus_row,smishing,accepted,approved,false,false,false,data\final\approved_smishing_messages.csv,original_source=Smishing-Dataset-IMC25; scam_category=banking; strict-clean approved gathered smishing row.,dear customer bajaj finance l has requested money from you on your icici bank app by approving the request rs <num> 00 will be debited from your account to authorise visit,,1,true,Smishing-Dataset-IMC25,smishing,"Dear Customer, BAJAJ FINANCE L has requested money from you on your ICICI Bank app. By approving the request, Rs 839.00 will be debited from your account. To authorise, visit","Dear Customer, BAJAJ FINANCE L has requested money from you on your ICICI Bank app. By approving the request, <AMOUNT> will be debited from your account. To authorise, visit",True,original_unredacted,cleaned_from_raw,False,found_in_source_archive,Selected gathered final `message_raw` as the least-redacted available text.,excluded_duplicate_raw_available,,gathered_imc25_english_smish_13658,False,duplicate_against_raw_required_dataset
gathered_imc25_english_smish_13676,Smishing-Dataset-IMC25,Gathered approved smishing 7k,gathered_approved_smishing,imc25_english_smish_13676,Dear User Your SBI Y0N0 ACCOUNT will be suspended please update your PAN CARD IMMEDIATELY click here link Thank you SBI,smishing_corpus_row,smishing,accepted,approved,false,false,false,data\final\approved_smishing_messages.csv,original_source=Smishing-Dataset-IMC25; scam_category=banking; strict-clean approved gathered smishing row.,dear user your sbi y0n0 account will be suspended please update your pan card immediately click here link thank you sbi,dup_000725,2,false,Smishing-Dataset-IMC25,smishing,Dear User Your SBI Y0N0 ACCOUNT will be suspended please update your PAN CARD IMMEDIATELY click here link Thank you SBI,Dear User Your SBI Y0N0 ACCOUNT will be suspended please update your PAN CARD IMMEDIATELY click here link Thank you SBI,True,original_unredacted,cleaned_from_raw,False,found_in_source_archive,Selected gathered final `message_raw` as the least-redacted available text.,excluded_duplicate_raw_available,,gathered_imc25_english_smish_13676,False,duplicate_against_raw_required_dataset
gathered_imc25_english_smish_13694,Smishing-Dataset-IMC25,Gathered approved smishing 7k,gathered_approved_smishing,imc25_english_smish_13694,Dear User Your SBI.YONO Account. will be Suspended plz Re Update your PAN card in 10mint immediately Click link,smishing_corpus_row,smishing,accepted,approved,false,false,false,data\final\approved_smishing_messages.csv,original_source=Smishing-Dataset-IMC25; scam_category=banking; strict-clean approved gathered smishing row.,dear user your sbi yono account will be suspended plz re update your pan card in 10mint immediately click link,,1,true,Smishing-Dataset-IMC25,smishing,Dear User Your SBI.YONO Account. will be Suspended plz Re Update your PAN card in 10mint immediately Click link,Dear User Your SBI.YONO Account. will be Suspended plz Re Update your PAN card in 10mint immediately Click link,True,original_unredacted,cleaned_from_raw,False,found_in_source_archive,Selected gathered final `message_raw` as the least-redacted available text.,excluded_duplicate_raw_available,,gathered_imc25_english_smish_13694,False,duplicate_against_raw_required_dataset
gathered_imc25_english_smish_13703,Smishing-Dataset-IMC25,Gathered approved smishing 7k,gathered_approved_smishing,imc25_english_smish_13703,"From DBS: We noticed suspicious activity on your account and had to suspend it, please verify your identity to resume normal use :",smishing_corpus_row,smishing,accepted,approved,false,false,false,data\final\approved_smishing_messages.csv,original_source=Smishing-Dataset-IMC25; scam_category=banking; strict-clean approved gathered smishing row.,from dbs we noticed suspicious activity on your account and had to suspend it please verify your identity to resume normal use,,1,true,Smishing-Dataset-IMC25,smishing,"From DBS: We noticed suspicious activity on your account and had to suspend it, please verify your identity to resume normal use :","From DBS: We noticed suspicious activity on your account and had to suspend it, please verify your identity to resume normal use:",True,original_unredacted,cleaned_from_raw,False,found_in_source_archive,Selected gathered final `message_raw` as the least-redacted available text.,excluded_duplicate_raw_available,,gathered_imc25_english_smish_13703,False,duplicate_against_raw_required_dataset
gathered_imc25_english_smish_13728,Smishing-Dataset-IMC25,Gathered approved smishing 7k,gathered_approved_smishing,imc25_english_smish_13728,"Dear Customer, Your Paytm A/ C KYC has been Suspended. Please Re-verify your Pan_Card Video KYC follow the link and Update:",smishing_corpus_row,smishing,accepted,approved,false,false,false,data\final\approved_smishing_messages.csv,original_source=Smishing-Dataset-IMC25; scam_category=banking; strict-clean approved gathered smishing row.,dear customer your paytm a c kyc has been suspended please re verify your pan card video kyc follow the link and update,,1,true,Smishing-Dataset-IMC25,smishing,"Dear Customer, Your Paytm A/ C KYC has been Suspended. Please Re-verify your Pan_Card Video KYC follow the link and Update:","Dear Customer, Your Paytm A/ C KYC has been Suspended. Please Re-verify your Pan_Card Video KYC follow the link and Update:",True,original_unredacted,cleaned_from_raw,False,found_in_source_archive,Selected gathered final `message_raw` as the least-redacted available text.,excluded_duplicate_raw_available,,gathered_imc25_english_smish_13728,False,duplicate_against_raw_required_dataset
gathered_imc25_english_smish_13748,Smishing-Dataset-IMC25,Gathered approved smishing 7k,gathered_approved_smishing,imc25_english_smish_13748,A payment was attempted to a new Payee on 29/06 at 08:41. If this was NOT YOU visit urgently:,smishing_corpus_row,smishing,accepted,approved,false,false,false,data\final\approved_smishing_messages.csv,original_source=Smishing-Dataset-IMC25; scam_category=banking; strict-clean approved gathered smishing row.,a payment was attempted to a new payee on 29 06 at 08 41 if this was not you visit urgently,,1,true,Smishing-Dataset-IMC25,smishing,A payment was attempted to a new Payee on 29/06 at 08:41. If this was NOT YOU visit urgently:,A payment was attempted to a new Payee on 29/06 at 08:41. If this was NOT YOU visit urgently:,True,original_unredacted,cleaned_from_raw,False,found_in_source_archive,Selected gathered final `message_raw` as the least-redacted available text.,excluded_duplicate_raw_available,,gathered_imc25_english_smish_13748,False,duplicate_against_raw_required_dataset
gathered_imc25_english_smish_13782,Smishing-Dataset-IMC25,Gathered approved smishing 7k,gathered_approved_smishing,imc25_english_smish_13782,Dear SBI Customer Your SBI Y0N0 Account will be Suspended Today Re-Update your PAN CARD Number Click here on tha link:-,smishing_corpus_row,smishing,accepted,approved,false,false,false,data\final\approved_smishing_messages.csv,original_source=Smishing-Dataset-IMC25; scam_category=banking; strict-clean approved gathered smishing row.,dear sbi customer your sbi y0n0 account will be suspended today re update your pan card number click here on tha link,,1,true,Smishing-Dataset-IMC25,smishing,Dear SBI Customer Your SBI Y0N0 Account will be Suspended Today Re-Update your PAN CARD Number Click here on tha link:-,Dear SBI Customer Your SBI Y0N0 Account will be Suspended Today Re-Update your PAN CARD Number Click here on tha link:-,True,original_unredacted,cleaned_from_raw,False,found_in_source_archive,Selected gathered final `message_raw` as the least-redacted available text.,excluded_duplicate_raw_available,,gathered_imc25_english_smish_13782,False,duplicate_against_raw_required_dataset
gathered_imc25_english_smish_13790,Smishing-Dataset-IMC25,Gathered approved smishing 7k,gathered_approved_smishing,imc25_english_smish_13790,"Dear Customer, Your Address is updated with HDFC Bank Customer ID <US_DRIVER_LICENSE> For any queries visit nearest branch.",smishing_corpus_row,smishing,accepted,approved,false,false,false,data\final\approved_smishing_messages.csv,original_source=Smishing-Dataset-IMC25; scam_category=banking; strict-clean approved gathered smishing row.,dear customer your address is updated with hdfc bank customer id <us driver license> for any queries visit nearest branch,,1,true,Smishing-Dataset-IMC25,smishing,"Dear Customer, Your Address is updated with HDFC Bank Customer ID <US_DRIVER_LICENSE> For any queries visit nearest branch.","Dear Customer, Your Address is updated with HDFC Bank Customer ID <US_DRIVER_LICENSE> For any queries visit nearest branch.",True,original_unredacted,cleaned_from_raw,False,found_in_source_archive,Selected gathered final `message_raw` as the least-redacted available text.,excluded_duplicate_raw_available,,gathered_imc25_english_smish_13790,False,duplicate_against_raw_required_dataset
gathered_imc25_english_smish_13796,Smishing-Dataset-IMC25,Gathered approved smishing 7k,gathered_approved_smishing,imc25_english_smish_13796,Dear sbi yono customer your SBI account will be closed. Please click here link or update your PAN card number thank you.,smishing_corpus_row,smishing,accepted,approved,false,false,false,data\final\approved_smishing_messages.csv,original_source=Smishing-Dataset-IMC25; scam_category=banking; strict-clean approved gathered smishing row.,dear sbi yono customer your sbi account will be closed please click here link or update your pan card number thank you,,1,true,Smishing-Dataset-IMC25,smishing,Dear sbi yono customer your SBI account will be closed. Please click here link or update your PAN card number thank you.,Dear sbi yono customer your SBI account will be closed. Please click here link or update your PAN card number thank you.,True,original_unredacted,cleaned_from_raw,False,found_in_source_archive,Selected gathered final `message_raw` as the least-redacted available text.,excluded_duplicate_raw_available,,gathered_imc25_english_smish_13796,False,duplicate_against_raw_required_dataset
gathered_imc25_english_smish_13849,Smishing-Dataset-IMC25,Gathered approved smishing 7k,gathered_approved_smishing,imc25_english_smish_13849,Dear User Your SBI Account Will Be Blocked Today Please update your PanCard Thank You SBI Click here,smishing_corpus_row,smishing,accepted,approved,false,false,false,data\final\approved_smishing_messages.csv,original_source=Smishing-Dataset-IMC25; scam_category=banking; strict-clean approved gathered smishing row.,dear user your sbi account will be blocked today please update your pancard thank you sbi click here,,1,true,Smishing-Dataset-IMC25,smishing,Dear User Your SBI Account Will Be Blocked Today Please update your PanCard Thank You SBI Click here,Dear User Your SBI Account Will Be Blocked Today Please update your PanCard Thank You SBI Click here,True,original_unredacted,cleaned_from_raw,False,found_in_source_archive,Selected gathered final `message_raw` as the least-redacted available text.,excluded_duplicate_raw_available,,gathered_imc25_english_smish_13849,False,duplicate_against_raw_required_dataset
gathered_imc25_english_smish_13968,Smishing-Dataset-IMC25,Gathered approved smishing 7k,gathered_approved_smishing,imc25_english_smish_13968,BoA EDD Alert: Your EDD Debit Card has been Temporary Suspended. Click the link below to reactivate you EDD Visa Debit Card.,smishing_corpus_row,smishing,accepted,approved,false,false,false,data\final\approved_smishing_messages.csv,original_source=Smishing-Dataset-IMC25; scam_category=banking; strict-clean approved gathered smishing row.,boa edd alert your edd debit card has been temporary suspended click the link below to reactivate you edd visa debit card,,1,true,Smishing-Dataset-IMC25,smishing,BoA EDD Alert: Your EDD Debit Card has been Temporary Suspended. Click the link below to reactivate you EDD Visa Debit Card.,BoA EDD Alert: Your EDD Debit Card has been Temporary Suspended. Click the link below to reactivate you EDD Visa Debit Card.,True,original_unredacted,cleaned_from_raw,False,found_in_source_archive,Selected gathered final `message_raw` as the least-redacted available text.,excluded_duplicate_raw_available,,gathered_imc25_english_smish_13968,False,duplicate_against_raw_required_dataset
gathered_imc25_english_smish_13988,Smishing-Dataset-IMC25,Gathered approved smishing 7k,gathered_approved_smishing,imc25_english_smish_13988,Dear User Your SBI A/C Will Be Blocked please Update Your PAN Card immediately Click on link,smishing_corpus_row,smishing,accepted,approved,false,false,false,data\final\approved_smishing_messages.csv,original_source=Smishing-Dataset-IMC25; scam_category=banking; strict-clean approved gathered smishing row.,dear user your sbi a c will be blocked please update your pan card immediately click on link,,1,true,Smishing-Dataset-IMC25,smishing,Dear User Your SBI A/C Will Be Blocked please Update Your PAN Card immediately Click on link,Dear User Your SBI A/C Will Be Blocked please Update Your PAN Card immediately Click on link,True,original_unredacted,cleaned_from_raw,False,found_in_source_archive,Selected gathered final `message_raw` as the least-redacted available text.,excluded_duplicate_raw_available,,gathered_imc25_english_smish_13988,False,duplicate_against_raw_required_dataset
gathered_imc25_english_smish_14000,Smishing-Dataset-IMC25,Gathered approved smishing 7k,gathered_approved_smishing,imc25_english_smish_14000,"Dear customer, we've noticed some suspicious activity on your account. Please respond with your bank PIN and ID number to verify your account.",smishing_corpus_row,smishing,accepted,approved,false,false,false,data\final\approved_smishing_messages.csv,original_source=Smishing-Dataset-IMC25; scam_category=banking; strict-clean approved gathered smishing row.,dear customer we ve noticed some suspicious activity on your account please respond with your bank pin and id number to verify your account,,1,true,Smishing-Dataset-IMC25,smishing,"Dear customer, we've noticed some suspicious activity on your account. Please respond with your bank PIN and ID number to verify your account.","Dear customer, we've noticed some suspicious activity on your account. Please respond with your bank PIN and ID number to verify your account.",True,original_unredacted,cleaned_from_raw,False,found_in_source_archive,Selected gathered final `message_raw` as the least-redacted available text.,excluded_duplicate_raw_available,,gathered_imc25_english_smish_14000,False,duplicate_against_raw_required_dataset
gathered_imc25_english_smish_14012,Smishing-Dataset-IMC25,Gathered approved smishing 7k,gathered_approved_smishing,imc25_english_smish_14012,Dear customer Your HDFC Bank KYC has been expired. Your account will be blocked in 24hrs please update your KYC in click here,smishing_corpus_row,smishing,accepted,approved,false,false,false,data\final\approved_smishing_messages.csv,original_source=Smishing-Dataset-IMC25; scam_category=banking; strict-clean approved gathered smishing row.,dear customer your hdfc bank kyc has been expired your account will be blocked in 24hrs please update your kyc in click here,,1,true,Smishing-Dataset-IMC25,smishing,Dear customer Your HDFC Bank KYC has been expired. Your account will be blocked in 24hrs please update your KYC in click here,Dear customer Your HDFC Bank KYC has been expired. Your account will be blocked in 24hrs please update your KYC in click here,True,original_unredacted,cleaned_from_raw,False,found_in_source_archive,Selected gathered final `message_raw` as the least-redacted available text.,excluded_duplicate_raw_available,,gathered_imc25_english_smish_14012,False,duplicate_against_raw_required_dataset
gathered_imc25_english_smish_14019,Smishing-Dataset-IMC25,Gathered approved smishing 7k,gathered_approved_smishing,imc25_english_smish_14019,Dear Customer Your SBI ATM CARD IS Blocked Please Call immediately ATM Office CUSTOMER CARE <UK_NHS> Thank you for Using SBI ATM Card,smishing_corpus_row,smishing,accepted,approved,false,false,false,data\final\approved_smishing_messages.csv,original_source=Smishing-Dataset-IMC25; scam_category=banking; strict-clean approved gathered smishing row.,dear customer your sbi atm card is blocked please call immediately atm office customer care <uk nhs> thank you for using sbi atm card,,1,true,Smishing-Dataset-IMC25,smishing,Dear Customer Your SBI ATM CARD IS Blocked Please Call immediately ATM Office CUSTOMER CARE <UK_NHS> Thank you for Using SBI ATM Card,Dear Customer Your SBI ATM CARD IS Blocked Please Call immediately ATM Office CUSTOMER CARE <UK_NHS> Thank you for Using SBI ATM Card,True,original_unredacted,cleaned_from_raw,False,found_in_source_archive,Selected gathered final `message_raw` as the least-redacted available text.,excluded_duplicate_raw_available,,gathered_imc25_english_smish_14019,False,duplicate_against_raw_required_dataset
gathered_imc25_english_smish_14023,Smishing-Dataset-IMC25,Gathered approved smishing 7k,gathered_approved_smishing,imc25_english_smish_14023,Dear User Your SBI A/C Will Be Blocked please Update Your PAN Card immdiately Click on link,smishing_corpus_row,smishing,accepted,approved,false,false,false,data\final\approved_smishing_messages.csv,original_source=Smishing-Dataset-IMC25; scam_category=banking; strict-clean approved gathered smishing row.,dear user your sbi a c will be blocked please update your pan card immdiately click on link,,1,true,Smishing-Dataset-IMC25,smishing,Dear User Your SBI A/C Will Be Blocked please Update Your PAN Card immdiately Click on link,Dear User Your SBI A/C Will Be Blocked please Update Your PAN Card immdiately Click on link,True,original_unredacted,cleaned_from_raw,False,found_in_source_archive,Selected gathered final `message_raw` as the least-redacted available text.,excluded_duplicate_raw_available,,gathered_imc25_english_smish_14023,False,duplicate_against_raw_required_dataset
gathered_imc25_english_smish_14034,Smishing-Dataset-IMC25,Gathered approved smishing 7k,gathered_approved_smishing,imc25_english_smish_14034,"Dear customer Your bank me em account details have broblem sign in Call my Number now, 0366XX",smishing_corpus_row,smishing,accepted,approved,false,false,false,data\final\approved_smishing_messages.csv,original_source=Smishing-Dataset-IMC25; scam_category=banking; strict-clean approved gathered smishing row.,dear customer your bank me em account details have broblem sign in call my number now 0366xx,,1,true,Smishing-Dataset-IMC25,smishing,"Dear customer Your bank me em account details have broblem sign in Call my Number now, 0366XX","Dear customer Your bank me em account details have broblem sign in Call my Number now, 0366XX",True,original_unredacted,cleaned_from_raw,False,found_in_source_archive,Selected gathered final `message_raw` as the least-redacted available text.,excluded_duplicate_raw_available,,gathered_imc25_english_smish_14034,False,duplicate_against_raw_required_dataset
gathered_imc25_english_smish_14121,Smishing-Dataset-IMC25,Gathered approved smishing 7k,gathered_approved_smishing,imc25_english_smish_14121,Dear MAHARASHTRA BANK Customer your account has been Blocked due to KYC.Update within 24Hrs please contact customer care <UK_NHS> to continue your Service-MHB,smishing_corpus_row,smishing,accepted,approved,false,false,false,data\final\approved_smishing_messages.csv,original_source=Smishing-Dataset-IMC25; scam_category=banking; strict-clean approved gathered smishing row.,dear maharashtra bank customer your account has been blocked due to kyc update within 24hrs please contact customer care <uk nhs> to continue your service mhb,,1,true,Smishing-Dataset-IMC25,smishing,Dear MAHARASHTRA BANK Customer your account has been Blocked due to KYC.Update within 24Hrs please contact customer care <UK_NHS> to continue your Service-MHB,Dear MAHARASHTRA BANK Customer your account has been Blocked due to KYC.Update within 24Hrs please contact customer care <UK_NHS> to continue your Service-MHB,True,original_unredacted,cleaned_from_raw,False,found_in_source_archive,Selected gathered final `message_raw` as the least-redacted available text.,excluded_duplicate_raw_available,,gathered_imc25_english_smish_14121,False,duplicate_against_raw_required_dataset
gathered_imc25_english_smish_14126,Smishing-Dataset-IMC25,Gathered approved smishing 7k,gathered_approved_smishing,imc25_english_smish_14126,"You just made a payment of <LOCATION> to Merchant A. Thank you for your purchase. If you do not recognize this transaction, please click on the link for verification.",smishing_corpus_row,smishing,accepted,approved,false,false,false,data\final\approved_smishing_messages.csv,original_source=Smishing-Dataset-IMC25; scam_category=banking; strict-clean approved gathered smishing row.,you just made a payment of <location> to merchant a thank you for your purchase if you do not recognize this transaction please click on the link for verification,,1,true,Smishing-Dataset-IMC25,smishing,"You just made a payment of <LOCATION> to Merchant A. Thank you for your purchase. If you do not recognize this transaction, please click on the link for verification.","You just made a payment of <LOCATION> to Merchant A. Thank you for your purchase. If you do not recognize this transaction, please click on the link for verification.",True,original_unredacted,cleaned_from_raw,False,found_in_source_archive,Selected gathered final `message_raw` as the least-redacted available text.,excluded_duplicate_raw_available,,gathered_imc25_english_smish_14126,False,duplicate_against_raw_required_dataset
gathered_imc25_english_smish_14165,Smishing-Dataset-IMC25,Gathered approved smishing 7k,gathered_approved_smishing,imc25_english_smish_14165,Dear Customer Your SBI Bank Account KYC has been suspended please click here link to update your AADHAR/ PAN CARD,smishing_corpus_row,smishing,accepted,approved,false,false,false,data\final\approved_smishing_messages.csv,original_source=Smishing-Dataset-IMC25; scam_category=banking; strict-clean approved gathered smishing row.,dear customer your sbi bank account kyc has been suspended please click here link to update your aadhar pan card,,1,true,Smishing-Dataset-IMC25,smishing,Dear Customer Your SBI Bank Account KYC has been suspended please click here link to update your AADHAR/ PAN CARD,Dear Customer Your SBI Bank Account KYC has been suspended please click here link to update your AADHAR/ PAN CARD,True,original_unredacted,cleaned_from_raw,False,found_in_source_archive,Selected gathered final `message_raw` as the least-redacted available text.,excluded_duplicate_raw_available,,gathered_imc25_english_smish_14165,False,duplicate_against_raw_required_dataset
gathered_imc25_english_smish_14179,Smishing-Dataset-IMC25,Gathered approved smishing 7k,gathered_approved_smishing,imc25_english_smish_14179,DEAR SBI YONO USER Your A/C will be blocked today.update PANCARD for KYC verify your account login with NetBanking kyc Click,smishing_corpus_row,smishing,accepted,approved,false,false,false,data\final\approved_smishing_messages.csv,original_source=Smishing-Dataset-IMC25; scam_category=banking; strict-clean approved gathered smishing row.,dear sbi yono user your a c will be blocked today update pancard for kyc verify your account login with netbanking kyc click,,1,true,Smishing-Dataset-IMC25,smishing,"DEAR SBI YONO USER
Your A/C will be blocked today.update PANCARD for KYC verify your account login with NetBanking kyc Click",DEAR SBI YONO USER Your A/C will be blocked today.update PANCARD for KYC verify your account login with NetBanking kyc Click,True,original_unredacted,cleaned_from_raw,False,found_in_source_archive,Selected gathered final `message_raw` as the least-redacted available text.,excluded_duplicate_raw_available,,gathered_imc25_english_smish_14179,False,duplicate_against_raw_required_dataset
gathered_imc25_english_smish_14211,Smishing-Dataset-IMC25,Gathered approved smishing 7k,gathered_approved_smishing,imc25_english_smish_14211,"YOUR DCU ACCOUNT IS LOCKED DUE TO A SUSPICIOUS ACTIVITIES, KINDLY CLICK ON THE LINK BELOW TO UNLOCK YOUR ACCOUNT Please Visit",smishing_corpus_row,smishing,accepted,approved,false,false,false,data\final\approved_smishing_messages.csv,original_source=Smishing-Dataset-IMC25; scam_category=banking; strict-clean approved gathered smishing row.,your dcu account is locked due to a suspicious activities kindly click on the link below to unlock your account please visit,,1,true,Smishing-Dataset-IMC25,smishing,"YOUR DCU ACCOUNT IS LOCKED DUE TO A SUSPICIOUS ACTIVITIES, KINDLY CLICK ON THE LINK BELOW TO UNLOCK YOUR ACCOUNT
Please Visit","YOUR DCU ACCOUNT IS LOCKED DUE TO A SUSPICIOUS ACTIVITIES, KINDLY CLICK ON THE LINK BELOW TO UNLOCK YOUR ACCOUNT Please Visit",True,original_unredacted,cleaned_from_raw,False,found_in_source_archive,Selected gathered final `message_raw` as the least-redacted available text.,excluded_duplicate_raw_available,,gathered_imc25_english_smish_14211,False,duplicate_against_raw_required_dataset
gathered_imc25_english_smish_14236,Smishing-Dataset-IMC25,Gathered approved smishing 7k,gathered_approved_smishing,imc25_english_smish_14236,HL: Your card ending <OTP> has been credited with <US_DRIVER_LICENSE>.00 at SHOPEE. Pls call <PHONE> for enqu,smishing_corpus_row,smishing,accepted,approved,false,false,false,data\final\approved_smishing_messages.csv,original_source=Smishing-Dataset-IMC25; scam_category=banking; strict-clean approved gathered smishing row.,hl your card ending <otp> has been credited with <us driver license> 00 at shopee pls call <phone> for enqu,,1,true,Smishing-Dataset-IMC25,smishing,HL: Your card ending 2913 has been credited with <US_DRIVER_LICENSE>.00 at SHOPEE. Pls call 03 2935 9459 for enqu,HL: Your card ending 2913 has been credited with <US_DRIVER_LICENSE>.00 at SHOPEE. Pls call <PHONE> for enqu,True,original_unredacted,cleaned_from_raw,False,found_in_source_archive,Selected gathered final `message_raw` as the least-redacted available text.,excluded_duplicate_raw_available,,gathered_imc25_english_smish_14236,False,duplicate_against_raw_required_dataset
gathered_imc25_english_smish_14270,Smishing-Dataset-IMC25,Gathered approved smishing 7k,gathered_approved_smishing,imc25_english_smish_14270,"Dear Customer, Get Rs. 96,50,000/- under <OTP> MSME Business loan Yojana. Application No 178XXXXXA22 Confirm Details",smishing_corpus_row,smishing,accepted,approved,false,false,false,data\final\approved_smishing_messages.csv,original_source=Smishing-Dataset-IMC25; scam_category=banking; strict-clean approved gathered smishing row.,dear customer get rs 96 50 <num> under <otp> msme business loan yojana application no 178xxxxxa22 confirm details,,1,true,Smishing-Dataset-IMC25,smishing,"Dear Customer,
Get Rs. 96,50,000/- under 2022 MSME Business loan Yojana. Application No 178XXXXXA22 Confirm Details","Dear Customer, Get Rs. 96,50,000/- under 2022 MSME Business loan Yojana. Application No 178XXXXXA22 Confirm Details",True,original_unredacted,cleaned_from_raw,False,found_in_source_archive,Selected gathered final `message_raw` as the least-redacted available text.,excluded_duplicate_raw_available,,gathered_imc25_english_smish_14270,False,duplicate_against_raw_required_dataset
gathered_imc25_english_smish_14285,Smishing-Dataset-IMC25,Gathered approved smishing 7k,gathered_approved_smishing,imc25_english_smish_14285,OCBC: Beware of fake SMS messages claiming to be from OCBC. We will not send you SMS messages with links to click. This is because there are SMS scams using URL links to phishing websites to collect your login and card details. Never click on these links.,smishing_corpus_row,smishing,accepted,approved,false,false,false,data\final\approved_smishing_messages.csv,original_source=Smishing-Dataset-IMC25; scam_category=banking; strict-clean approved gathered smishing row.,ocbc beware of fake sms messages claiming to be from ocbc we will not send you sms messages with links to click this is because there are sms scams using url links to phishing websites to collect your login and card details never click on these links,,1,true,Smishing-Dataset-IMC25,smishing,OCBC: Beware of fake SMS messages claiming to be from OCBC. We will not send you SMS messages with links to click. This is because there are SMS scams using URL links to phishing websites to collect your login and card details. Never click on these links.,OCBC: Beware of fake SMS messages claiming to be from OCBC. We will not send you SMS messages with links to click. This is because there are SMS scams using URL links to phishing websites to collect your login and card details. Never click on these links.,True,original_unredacted,cleaned_from_raw,False,found_in_source_archive,Selected gathered final `message_raw` as the least-redacted available text.,excluded_duplicate_raw_available,,gathered_imc25_english_smish_14285,False,duplicate_against_raw_required_dataset
gathered_imc25_english_smish_14307,Smishing-Dataset-IMC25,Gathered approved smishing 7k,gathered_approved_smishing,imc25_english_smish_14307,"Got SMS about your Bank Account going to be blocked? It could be fraud sms. Be alert, don't click any link or call. Maharashtra Cyber",smishing_corpus_row,smishing,accepted,approved,false,false,false,data\final\approved_smishing_messages.csv,original_source=Smishing-Dataset-IMC25; scam_category=banking; strict-clean approved gathered smishing row.,got sms about your bank account going to be blocked it could be fraud sms be alert don t click any link or call maharashtra cyber,,1,true,Smishing-Dataset-IMC25,smishing,"Got SMS about your Bank Account going to be blocked? It could be fraud sms. Be alert, don't click any link or call. Maharashtra Cyber","Got SMS about your Bank Account going to be blocked? It could be fraud sms. Be alert, don't click any link or call. Maharashtra Cyber",True,original_unredacted,cleaned_from_raw,False,found_in_source_archive,Selected gathered final `message_raw` as the least-redacted available text.,excluded_duplicate_raw_available,,gathered_imc25_english_smish_14307,False,duplicate_against_raw_required_dataset
gathered_imc25_english_smish_14352,Smishing-Dataset-IMC25,Gathered approved smishing 7k,gathered_approved_smishing,imc25_english_smish_14352,Hurry up! Get Rs. 100 cashback on your first transaction with Freecharge Pay Later powered by Axis Bank. Apply Now,smishing_corpus_row,smishing,accepted,approved,false,false,false,data\final\approved_smishing_messages.csv,original_source=Smishing-Dataset-IMC25; scam_category=banking; strict-clean approved gathered smishing row.,hurry up get rs <num> cashback on your first transaction with freecharge pay later powered by axis bank apply now,,1,true,Smishing-Dataset-IMC25,smishing,Hurry up! Get Rs. 100 cashback on your first transaction with Freecharge Pay Later powered by Axis Bank. Apply Now,Hurry up! Get Rs. 100 cashback on your first transaction with Freecharge Pay Later powered by Axis Bank. Apply Now,True,original_unredacted,cleaned_from_raw,False,found_in_source_archive,Selected gathered final `message_raw` as the least-redacted available text.,excluded_duplicate_raw_available,,gathered_imc25_english_smish_14352,False,duplicate_against_raw_required_dataset
gathered_imc25_english_smish_14392,Smishing-Dataset-IMC25,Gathered approved smishing 7k,gathered_approved_smishing,imc25_english_smish_14392,Thanks for your interest in Bajaj Finserv DBS Credit Card !Click to complete your application online & proceed for KYC updation,smishing_corpus_row,smishing,accepted,approved,false,false,false,data\final\approved_smishing_messages.csv,original_source=Smishing-Dataset-IMC25; scam_category=banking; strict-clean approved gathered smishing row.,thanks for your interest in bajaj finserv dbs credit card click to complete your application online proceed for kyc updation,,1,true,Smishing-Dataset-IMC25,smishing,Thanks for your interest in Bajaj Finserv DBS Credit Card !Click to complete your application online & proceed for KYC updation,Thanks for your interest in Bajaj Finserv DBS Credit Card !Click to complete your application online & proceed for KYC updation,True,original_unredacted,cleaned_from_raw,False,found_in_source_archive,Selected gathered final `message_raw` as the least-redacted available text.,excluded_duplicate_raw_available,,gathered_imc25_english_smish_14392,False,duplicate_against_raw_required_dataset
gathered_imc25_english_smish_14403,Smishing-Dataset-IMC25,Gathered approved smishing 7k,gathered_approved_smishing,imc25_english_smish_14403,Your apple pay has been suspended please update details via:,smishing_corpus_row,smishing,accepted,approved,false,false,false,data\final\approved_smishing_messages.csv,original_source=Smishing-Dataset-IMC25; scam_category=banking; strict-clean approved gathered smishing row.,your apple pay has been suspended please update details via,,1,true,Smishing-Dataset-IMC25,smishing,Your apple pay has been suspended please update details via:,Your apple pay has been suspended please update details via:,True,original_unredacted,cleaned_from_raw,False,found_in_source_archive,Selected gathered final `message_raw` as the least-redacted available text.,excluded_duplicate_raw_available,,gathered_imc25_english_smish_14403,False,duplicate_against_raw_required_dataset
gathered_imc25_english_smish_14468,Smishing-Dataset-IMC25,Gathered approved smishing 7k,gathered_approved_smishing,imc25_english_smish_14468,Dear SBI customer your YONO account has been suspended please update your PAN number immediately click here link,smishing_corpus_row,smishing,accepted,approved,false,false,false,data\final\approved_smishing_messages.csv,original_source=Smishing-Dataset-IMC25; scam_category=banking; strict-clean approved gathered smishing row.,dear sbi customer your yono account has been suspended please update your pan number immediately click here link,,1,true,Smishing-Dataset-IMC25,smishing,Dear SBI customer your YONO account has been suspended please update your PAN number immediately click here link,Dear SBI customer your YONO account has been suspended please update your PAN number immediately click here link,True,original_unredacted,cleaned_from_raw,False,found_in_source_archive,Selected gathered final `message_raw` as the least-redacted available text.,excluded_duplicate_raw_available,,gathered_imc25_english_smish_14468,False,duplicate_against_raw_required_dataset
gathered_imc25_english_smish_14523,Smishing-Dataset-IMC25,Gathered approved smishing 7k,gathered_approved_smishing,imc25_english_smish_14523,"DEAR SBI USER, Your SBI A/C will be blocked today.update your PANCARD for KYC verify your account login NetBanking KYC upload Click here",smishing_corpus_row,smishing,accepted,approved,false,false,false,data\final\approved_smishing_messages.csv,original_source=Smishing-Dataset-IMC25; scam_category=banking; strict-clean approved gathered smishing row.,dear sbi user your sbi a c will be blocked today update your pancard for kyc verify your account login netbanking kyc upload click here,,1,true,Smishing-Dataset-IMC25,smishing,"DEAR SBI USER, Your SBI A/C will be blocked today.update your PANCARD for KYC verify your account login NetBanking KYC upload Click here","DEAR SBI USER, Your SBI A/C will be blocked today.update your PANCARD for KYC verify your account login NetBanking KYC upload Click here",True,original_unredacted,cleaned_from_raw,False,found_in_source_archive,Selected gathered final `message_raw` as the least-redacted available text.,excluded_duplicate_raw_available,,gathered_imc25_english_smish_14523,False,duplicate_against_raw_required_dataset
gathered_imc25_english_smish_14530,Smishing-Dataset-IMC25,Gathered approved smishing 7k,gathered_approved_smishing,imc25_english_smish_14530,Dear User Your SBI Y0N0 ACCOUNT will be suspended please update your PAN CARD IMMEDIATELY click here the link: Thank you SBI,smishing_corpus_row,smishing,accepted,approved,false,false,false,data\final\approved_smishing_messages.csv,original_source=Smishing-Dataset-IMC25; scam_category=banking; strict-clean approved gathered smishing row.,dear user your sbi y0n0 account will be suspended please update your pan card immediately click here the link thank you sbi,,1,true,Smishing-Dataset-IMC25,smishing,Dear User Your SBI Y0N0 ACCOUNT will be suspended please update your PAN CARD IMMEDIATELY click here the link: Thank you SBI,Dear User Your SBI Y0N0 ACCOUNT will be suspended please update your PAN CARD IMMEDIATELY click here the link: Thank you SBI,True,original_unredacted,cleaned_from_raw,False,found_in_source_archive,Selected gathered final `message_raw` as the least-redacted available text.,excluded_duplicate_raw_available,,gathered_imc25_english_smish_14530,False,duplicate_against_raw_required_dataset
gathered_imc25_english_smish_14531,Smishing-Dataset-IMC25,Gathered approved smishing 7k,gathered_approved_smishing,imc25_english_smish_14531,"Free MSG Queenstown Bank Fraud Center <US_BANK_NUMBER> $201.45 on card <OTP> at <LOCATION>. If valid reply YES, fraud NO. To Opt Out, STOP.",smishing_corpus_row,smishing,accepted,approved,false,false,false,data\final\approved_smishing_messages.csv,original_source=Smishing-Dataset-IMC25; scam_category=banking; strict-clean approved gathered smishing row.,free msg queenstown bank fraud center <us bank number> <num> 45 on card <otp> at <location> if valid reply yes fraud no to opt out stop,,1,true,Smishing-Dataset-IMC25,smishing,"Free MSG Queenstown Bank Fraud Center <US_BANK_NUMBER> $201.45 on card 0000 at <LOCATION>. If valid reply YES, fraud NO. To Opt Out, STOP.","Free MSG Queenstown Bank Fraud Center <US_BANK_NUMBER> <AMOUNT> on card 0000 at <LOCATION>. If valid reply YES, fraud NO. To Opt Out, STOP.",True,original_unredacted,cleaned_from_raw,False,found_in_source_archive,Selected gathered final `message_raw` as the least-redacted available text.,excluded_duplicate_raw_available,,gathered_imc25_english_smish_14531,False,duplicate_against_raw_required_dataset
gathered_imc25_english_smish_14547,Smishing-Dataset-IMC25,Gathered approved smishing 7k,gathered_approved_smishing,imc25_english_smish_14547,"Dear customer, Your Paytm account KYC has been Suspended. Please Verify your Pan Card Video KYC follow the link and Update -",smishing_corpus_row,smishing,accepted,approved,false,false,false,data\final\approved_smishing_messages.csv,original_source=Smishing-Dataset-IMC25; scam_category=banking; strict-clean approved gathered smishing row.,dear customer your paytm account kyc has been suspended please verify your pan card video kyc follow the link and update,,1,true,Smishing-Dataset-IMC25,smishing,"Dear customer, Your Paytm account KYC has been Suspended. Please Verify your Pan Card Video KYC follow the link and Update -","Dear customer, Your Paytm account KYC has been Suspended. Please Verify your Pan Card Video KYC follow the link and Update -",True,original_unredacted,cleaned_from_raw,False,found_in_source_archive,Selected gathered final `message_raw` as the least-redacted available text.,excluded_duplicate_raw_available,,gathered_imc25_english_smish_14547,False,duplicate_against_raw_required_dataset
gathered_imc25_english_smish_14556,Smishing-Dataset-IMC25,Gathered approved smishing 7k,gathered_approved_smishing,imc25_english_smish_14556,"Dear customer Your bank meem account details have broblem sign in Call my Number now, 0592XX",smishing_corpus_row,smishing,accepted,approved,false,false,false,data\final\approved_smishing_messages.csv,original_source=Smishing-Dataset-IMC25; scam_category=banking; strict-clean approved gathered smishing row.,dear customer your bank meem account details have broblem sign in call my number now 0592xx,,1,true,Smishing-Dataset-IMC25,smishing,"Dear customer Your bank meem account details have broblem sign in Call my Number now, 0592XX","Dear customer Your bank meem account details have broblem sign in Call my Number now, 0592XX",True,original_unredacted,cleaned_from_raw,False,found_in_source_archive,Selected gathered final `message_raw` as the least-redacted available text.,excluded_duplicate_raw_available,,gathered_imc25_english_smish_14556,False,duplicate_against_raw_required_dataset
gathered_imc25_english_smish_14581,Smishing-Dataset-IMC25,Gathered approved smishing 7k,gathered_approved_smishing,imc25_english_smish_14581,"An unusual transaction of USD 0 at PERFORMANCE HEALTH SUP, using your UnionBank card ending in <LOCATION> was declined by our fraud detection system. If this is valid, text VALID217516 to <US_BANK_NUMBER> and redo the transaction, otherwise text FRAUD217516. Your card will be temporarily blocked if we do no",smishing_corpus_row,smishing,accepted,approved,false,false,false,data\final\approved_smishing_messages.csv,original_source=Smishing-Dataset-IMC25; scam_category=banking; strict-clean approved gathered smishing row.,an unusual transaction of usd 0 at performance health sup using your unionbank card ending in <location> was declined by our fraud detection system if this is valid text valid217516 to <us bank number> and redo the transaction otherwise text fraud217516 your card will be temporarily blocked if we do no,,1,true,Smishing-Dataset-IMC25,smishing,"An unusual transaction of USD 0 at PERFORMANCE HEALTH SUP, using your UnionBank card ending in <LOCATION> was declined by our fraud detection system. If this is valid, text VALID217516 to <US_BANK_NUMBER> and redo the transaction, otherwise text FRAUD217516. Your card will be temporarily blocked if we do no","An unusual transaction of <AMOUNT> at PERFORMANCE HEALTH SUP, using your UnionBank card ending in <LOCATION> was declined by our fraud detection system. If this is valid, text VALID217516 to <US_BANK_NUMBER> and redo the transaction, otherwise text FRAUD217516. Your card will be temporarily blocked if we do no",True,original_unredacted,cleaned_from_raw,False,found_in_source_archive,Selected gathered final `message_raw` as the least-redacted available text.,excluded_duplicate_raw_available,,gathered_imc25_english_smish_14581,False,duplicate_against_raw_required_dataset
gathered_imc25_english_smish_14594,Smishing-Dataset-IMC25,Gathered approved smishing 7k,gathered_approved_smishing,imc25_english_smish_14594,Mr ___ tried to call you regarding your HDFC bank Regalia card please revert ASAP Thanks,smishing_corpus_row,smishing,accepted,approved,false,false,false,data\final\approved_smishing_messages.csv,original_source=Smishing-Dataset-IMC25; scam_category=banking; strict-clean approved gathered smishing row.,mr tried to call you regarding your hdfc bank regalia card please revert asap thanks,,1,true,Smishing-Dataset-IMC25,smishing,Mr ___ tried to call you regarding your HDFC bank Regalia card please revert ASAP Thanks,Mr ___ tried to call you regarding your HDFC bank Regalia card please revert ASAP Thanks,True,original_unredacted,cleaned_from_raw,False,found_in_source_archive,Selected gathered final `message_raw` as the least-redacted available text.,excluded_duplicate_raw_available,,gathered_imc25_english_smish_14594,False,duplicate_against_raw_required_dataset
gathered_imc25_english_smish_14649,Smishing-Dataset-IMC25,Gathered approved smishing 7k,gathered_approved_smishing,imc25_english_smish_14649,All your transactions are suspended. You must confirm your device immediately. Follow <LOCATION>,smishing_corpus_row,smishing,accepted,approved,false,false,false,data\final\approved_smishing_messages.csv,original_source=Smishing-Dataset-IMC25; scam_category=banking; strict-clean approved gathered smishing row.,all your transactions are suspended you must confirm your device immediately follow <location>,,1,true,Smishing-Dataset-IMC25,smishing,All your transactions are suspended. You must confirm your device immediately. Follow <LOCATION>,All your transactions are suspended. You must confirm your device immediately. Follow <LOCATION>,True,original_unredacted,cleaned_from_raw,False,found_in_source_archive,Selected gathered final `message_raw` as the least-redacted available text.,excluded_duplicate_raw_available,,gathered_imc25_english_smish_14649,False,duplicate_against_raw_required_dataset
gathered_imc25_english_smish_14654,Smishing-Dataset-IMC25,Gathered approved smishing 7k,gathered_approved_smishing,imc25_english_smish_14654,"We have detected suspicious activity in your ac-count. Please confirm device immediately, follow this link posb-bank.-com/sg/online-banking/?65___",smishing_corpus_row,smishing,accepted,approved,false,false,false,data\final\approved_smishing_messages.csv,original_source=Smishing-Dataset-IMC25; scam_category=banking; strict-clean approved gathered smishing row.,we have detected suspicious activity in your ac count please confirm device immediately follow this link posb bank com sg online banking 65,,1,true,Smishing-Dataset-IMC25,smishing,"We have detected suspicious activity in your ac-count. Please confirm device immediately, follow this link posb-bank.-com/sg/online-banking/?65___","We have detected suspicious activity in your ac-count. Please confirm device immediately, follow this link posb-bank.-com/sg/online-banking/?65___",True,original_unredacted,cleaned_from_raw,False,found_in_source_archive,Selected gathered final `message_raw` as the least-redacted available text.,excluded_duplicate_raw_available,,gathered_imc25_english_smish_14654,False,duplicate_against_raw_required_dataset
gathered_imc25_english_smish_14697,Smishing-Dataset-IMC25,Gathered approved smishing 7k,gathered_approved_smishing,imc25_english_smish_14697,"GMoney: Dear customer, you are qualified a 500,000NR cash loan. No mortgage. Register now you will get 10,000NR cash bonus. Click & Apply",smishing_corpus_row,smishing,accepted,approved,false,false,false,data\final\approved_smishing_messages.csv,original_source=Smishing-Dataset-IMC25; scam_category=banking; strict-clean approved gathered smishing row.,gmoney dear customer you are qualified a <num> 000nr cash loan no mortgage register now you will get 10 000nr cash bonus click apply,,1,true,Smishing-Dataset-IMC25,smishing,"GMoney: Dear customer, you are qualified a 500,000NR cash loan. No mortgage. Register now you will get 10,000NR cash bonus. Click & Apply","GMoney: Dear customer, you are qualified a 500,000NR cash loan. No mortgage. Register now you will get 10,000NR cash bonus. Click & Apply",True,original_unredacted,cleaned_from_raw,False,found_in_source_archive,Selected gathered final `message_raw` as the least-redacted available text.,excluded_duplicate_raw_available,,gathered_imc25_english_smish_14697,False,duplicate_against_raw_required_dataset
gathered_imc25_english_smish_14716,Smishing-Dataset-IMC25,Gathered approved smishing 7k,gathered_approved_smishing,imc25_english_smish_14716,Customer Account Recharge Your eZ Cash Account is recharged by BOC BANK Rs.<PHONE> Current Bal: Rs.<PHONE> Service Charge: Rs.<OTP> Net Received: Rs.<OTP> RN: <US_BANK_NUMBER>,smishing_corpus_row,smishing,accepted,approved,false,false,false,data\final\approved_smishing_messages.csv,original_source=Smishing-Dataset-IMC25; scam_category=banking; strict-clean approved gathered smishing row.,customer account recharge your ez cash account is recharged by boc bank rs <phone> current bal rs <phone> service charge rs <otp> net received rs <otp> rn <us bank number>,,1,true,Smishing-Dataset-IMC25,smishing,Customer Account Recharge Your eZ Cash Account is recharged by BOC BANK Rs.1.8.00000 Current Bal: Rs.1.8.00000 Service Charge: Rs.20000 Net Received: Rs.20000 RN: <US_BANK_NUMBER>,Customer Account Recharge Your eZ Cash Account is recharged by BOC BANK Rs.<PHONE> Current Bal: Rs.<PHONE> Service Charge: Rs.20000 Net Received: Rs.20000 RN: <US_BANK_NUMBER>,True,original_unredacted,cleaned_from_raw,False,found_in_source_archive,Selected gathered final `message_raw` as the least-redacted available text.,excluded_duplicate_raw_available,,gathered_imc25_english_smish_14716,False,duplicate_against_raw_required_dataset
gathered_imc25_english_smish_14849,Smishing-Dataset-IMC25,Gathered approved smishing 7k,gathered_approved_smishing,imc25_english_smish_14849,Your BevMo! order is scheduled for delivery at 7:00-8:00pm Reply STOP to turn off SMS.,smishing_corpus_row,smishing,accepted,approved,false,false,false,data\final\approved_smishing_messages.csv,original_source=Smishing-Dataset-IMC25; scam_category=delivery; strict-clean approved gathered smishing row.,your bevmo order is scheduled for delivery at 7 00 8 00pm reply stop to turn off sms,,1,true,Smishing-Dataset-IMC25,smishing,"Your BevMo! order is scheduled for delivery at 7:00-8:00pm
Reply STOP to turn off SMS.",Your BevMo! order is scheduled for delivery at 7:00-8:00pm Reply STOP to turn off SMS.,True,original_unredacted,cleaned_from_raw,False,found_in_source_archive,Selected gathered final `message_raw` as the least-redacted available text.,excluded_duplicate_raw_available,,gathered_imc25_english_smish_14849,False,duplicate_against_raw_required_dataset
gathered_imc25_english_smish_14899,Smishing-Dataset-IMC25,Gathered approved smishing 7k,gathered_approved_smishing,imc25_english_smish_14899,We want to send a Package with ID: 89AF92nu to you. Confirm your address here,smishing_corpus_row,smishing,accepted,approved,false,false,false,data\final\approved_smishing_messages.csv,original_source=Smishing-Dataset-IMC25; scam_category=delivery; strict-clean approved gathered smishing row.,we want to send a package with id 89af92nu to you confirm your address here,,1,true,Smishing-Dataset-IMC25,smishing,We want to send a Package with ID: 89AF92nu to you. Confirm your address here,We want to send a Package with ID: 89AF92nu to you. Confirm your address here,True,original_unredacted,cleaned_from_raw,False,found_in_source_archive,Selected gathered final `message_raw` as the least-redacted available text.,excluded_duplicate_raw_available,,gathered_imc25_english_smish_14899,False,duplicate_against_raw_required_dataset
gathered_imc25_english_smish_14949,Smishing-Dataset-IMC25,Gathered approved smishing 7k,gathered_approved_smishing,imc25_english_smish_14949,"Your Anpost parcel is waiting for delivery. Please confirm the settlement of 2,99 (EUR) on the following link:",smishing_corpus_row,smishing,accepted,approved,false,false,false,data\final\approved_smishing_messages.csv,original_source=Smishing-Dataset-IMC25; scam_category=delivery; strict-clean approved gathered smishing row.,your anpost parcel is waiting for delivery please confirm the settlement of 2 99 eur on the following link,,1,true,Smishing-Dataset-IMC25,smishing,"Your Anpost parcel is waiting for delivery. Please confirm the settlement of 2,99 (EUR) on the following link:","Your Anpost parcel is waiting for delivery. Please confirm the settlement of 2,99 (EUR) on the following link:",True,original_unredacted,cleaned_from_raw,False,found_in_source_archive,Selected gathered final `message_raw` as the least-redacted available text.,excluded_duplicate_raw_available,,gathered_imc25_english_smish_14949,False,duplicate_against_raw_required_dataset
gathered_imc25_english_smish_14993,Smishing-Dataset-IMC25,Gathered approved smishing 7k,gathered_approved_smishing,imc25_english_smish_14993,"Unable to deliver your SIMSIM package AWB31446159552170, call our agent +<US_BANK_NUMBER> or click <NRP>",smishing_corpus_row,smishing,accepted,approved,false,false,false,data\final\approved_smishing_messages.csv,original_source=Smishing-Dataset-IMC25; scam_category=delivery; strict-clean approved gathered smishing row.,unable to deliver your simsim package awb31446159552170 call our agent <us bank number> or click <nrp>,,1,true,Smishing-Dataset-IMC25,smishing,"Unable to deliver your SIMSIM package AWB31446159552170, call our agent +<US_BANK_NUMBER> or click <NRP>","Unable to deliver your SIMSIM package AWB31446159552170, call our agent +<US_BANK_NUMBER> or click <NRP>",True,original_unredacted,cleaned_from_raw,False,found_in_source_archive,Selected gathered final `message_raw` as the least-redacted available text.,excluded_duplicate_raw_available,,gathered_imc25_english_smish_14993,False,duplicate_against_raw_required_dataset
gathered_imc25_english_smish_15008,Smishing-Dataset-IMC25,Gathered approved smishing 7k,gathered_approved_smishing,imc25_english_smish_15008,An Amazon driver needs help with your order. Reply STOP to stop receiving texts from Amazon drivers. is there any safe place to leave parcel?,smishing_corpus_row,smishing,accepted,approved,false,false,false,data\final\approved_smishing_messages.csv,original_source=Smishing-Dataset-IMC25; scam_category=delivery; strict-clean approved gathered smishing row.,an amazon driver needs help with your order reply stop to stop receiving texts from amazon drivers is there any safe place to leave parcel,,1,true,Smishing-Dataset-IMC25,smishing,"An Amazon driver needs help with your order. Reply STOP to stop receiving texts from Amazon drivers.
is there any safe place to leave parcel?",An Amazon driver needs help with your order. Reply STOP to stop receiving texts from Amazon drivers. is there any safe place to leave parcel?,True,original_unredacted,cleaned_from_raw,False,found_in_source_archive,Selected gathered final `message_raw` as the least-redacted available text.,excluded_duplicate_raw_available,,gathered_imc25_english_smish_15008,False,duplicate_against_raw_required_dataset
gathered_imc25_english_smish_15020,Smishing-Dataset-IMC25,Gathered approved smishing 7k,gathered_approved_smishing,imc25_english_smish_15020,Your package is waiting for delivery. Please Confirm the settlement (2.99 CHF) at the following link:,smishing_corpus_row,smishing,accepted,approved,false,false,false,data\final\approved_smishing_messages.csv,original_source=Smishing-Dataset-IMC25; scam_category=delivery; strict-clean approved gathered smishing row.,your package is waiting for delivery please confirm the settlement 2 99 chf at the following link,,1,true,Smishing-Dataset-IMC25,smishing,Your package is waiting for delivery. Please Confirm the settlement (2.99 CHF) at the following link:,Your package is waiting for delivery. Please Confirm the settlement (2.99 CHF) at the following link:,True,original_unredacted,cleaned_from_raw,False,found_in_source_archive,Selected gathered final `message_raw` as the least-redacted available text.,excluded_duplicate_raw_available,,gathered_imc25_english_smish_15020,False,duplicate_against_raw_required_dataset
gathered_imc25_english_smish_15045,Smishing-Dataset-IMC25,Gathered approved smishing 7k,gathered_approved_smishing,imc25_english_smish_15045,"Your item has been stopped at our <LOCATION> distribution centre. STATUS: Unpaid postage fee of €2.00 SMS Code: <OTP> To release your package, please pay the remaining postage fee on the next page.",smishing_corpus_row,smishing,accepted,approved,false,false,false,data\final\approved_smishing_messages.csv,original_source=Smishing-Dataset-IMC25; scam_category=delivery; strict-clean approved gathered smishing row.,your item has been stopped at our <location> distribution centre status unpaid postage fee of 2 00 sms code <otp> to release your package please pay the remaining postage fee on the next page,,1,true,Smishing-Dataset-IMC25,smishing,"Your item has been stopped at our <LOCATION> distribution centre.
STATUS: Unpaid postage fee of €2.00
SMS Code: 4164
To release your package, please pay the remaining postage fee on the next page.","Your item has been stopped at our <LOCATION> distribution centre. STATUS: Unpaid postage fee of <AMOUNT> SMS Code: 4164 To release your package, please pay the remaining postage fee on the next page.",True,original_unredacted,cleaned_from_raw,False,found_in_source_archive,Selected gathered final `message_raw` as the least-redacted available text.,excluded_duplicate_raw_available,,gathered_imc25_english_smish_15045,False,duplicate_against_raw_required_dataset
gathered_imc25_english_smish_15048,Smishing-Dataset-IMC25,Gathered approved smishing 7k,gathered_approved_smishing,imc25_english_smish_15048,Cash Memo no. <US_DRIVER_LICENSE> of Rs. 594.00 generated for booking No. <US_BANK_NUMBER>. Plz pay the cash memo amount and share PIN <US_DRIVER_LICENSE> to deliveryman at the time of cylinder delivery.,smishing_corpus_row,smishing,accepted,approved,false,false,false,data\final\approved_smishing_messages.csv,original_source=Smishing-Dataset-IMC25; scam_category=delivery; strict-clean approved gathered smishing row.,cash memo no <us driver license> of rs <num> 00 generated for booking no <us bank number> plz pay the cash memo amount and share pin <us driver license> to deliveryman at the time of cylinder delivery,,1,true,Smishing-Dataset-IMC25,smishing,Cash Memo no. <US_DRIVER_LICENSE> of Rs. 594.00 generated for booking No. <US_BANK_NUMBER>. Plz pay the cash memo amount and share PIN <US_DRIVER_LICENSE> to deliveryman at the time of cylinder delivery.,Cash Memo no. <US_DRIVER_LICENSE> of Rs. 594.00 generated for booking No. <US_BANK_NUMBER>. Plz pay the cash memo amount and share PIN <US_DRIVER_LICENSE> to deliveryman at the time of cylinder delivery.,True,original_unredacted,cleaned_from_raw,False,found_in_source_archive,Selected gathered final `message_raw` as the least-redacted available text.,excluded_duplicate_raw_available,,gathered_imc25_english_smish_15048,False,duplicate_against_raw_required_dataset
gathered_imc25_english_smish_15062,Smishing-Dataset-IMC25,Gathered approved smishing 7k,gathered_approved_smishing,imc25_english_smish_15062,Your package _ was delivered to - the pickup point. You can pick up your parcel here <URL>,smishing_corpus_row,smishing,accepted,approved,false,false,false,data\final\approved_smishing_messages.csv,original_source=Smishing-Dataset-IMC25; scam_category=delivery; strict-clean approved gathered smishing row.,your package was delivered to the pickup point you can pick up your parcel here <url>,,1,true,Smishing-Dataset-IMC25,smishing,Your package _ was delivered to - the pickup point. You can pick up your parcel here http://grrridiots...,Your package _ was delivered to - the pickup point. You can pick up your parcel here <URL>,True,original_unredacted,cleaned_from_raw,False,found_in_source_archive,Selected gathered final `message_raw` as the least-redacted available text.,excluded_duplicate_raw_available,,gathered_imc25_english_smish_15062,False,duplicate_against_raw_required_dataset
gathered_imc25_english_smish_15075,Smishing-Dataset-IMC25,Gathered approved smishing 7k,gathered_approved_smishing,imc25_english_smish_15075,Your Royal Mail parcel is waiting for delivery. Please confirm the settlement amount of 2.99 GBP via:,smishing_corpus_row,smishing,accepted,approved,false,false,false,data\final\approved_smishing_messages.csv,original_source=Smishing-Dataset-IMC25; scam_category=delivery; strict-clean approved gathered smishing row.,your royal mail parcel is waiting for delivery please confirm the settlement amount of 2 99 gbp via,,1,true,Smishing-Dataset-IMC25,smishing,Your Royal Mail parcel is waiting for delivery. Please confirm the settlement amount of 2.99 GBP via:,Your Royal Mail parcel is waiting for delivery. Please confirm the settlement amount of 2.99 GBP via:,True,original_unredacted,cleaned_from_raw,False,found_in_source_archive,Selected gathered final `message_raw` as the least-redacted available text.,excluded_duplicate_raw_available,,gathered_imc25_english_smish_15075,False,duplicate_against_raw_required_dataset
gathered_imc25_english_smish_15099,Smishing-Dataset-IMC25,Gathered approved smishing 7k,gathered_approved_smishing,imc25_english_smish_15099,We have your parcel waiting. Please pay the fee to complete delivery,smishing_corpus_row,smishing,accepted,approved,false,false,false,data\final\approved_smishing_messages.csv,original_source=Smishing-Dataset-IMC25; scam_category=delivery; strict-clean approved gathered smishing row.,we have your parcel waiting please pay the fee to complete delivery,,1,true,Smishing-Dataset-IMC25,smishing,We have your parcel waiting. Please pay the fee to complete delivery,We have your parcel waiting. Please pay the fee to complete delivery,True,original_unredacted,cleaned_from_raw,False,found_in_source_archive,Selected gathered final `message_raw` as the least-redacted available text.,excluded_duplicate_raw_available,,gathered_imc25_english_smish_15099,False,duplicate_against_raw_required_dataset
gathered_imc25_english_smish_15129,Smishing-Dataset-IMC25,Gathered approved smishing 7k,gathered_approved_smishing,imc25_english_smish_15129,Your Royal Mail parcel is waiting for delivery. Please confirm the shipping fee of 2.99 (GBP) via:,smishing_corpus_row,smishing,accepted,approved,false,false,false,data\final\approved_smishing_messages.csv,original_source=Smishing-Dataset-IMC25; scam_category=delivery; strict-clean approved gathered smishing row.,your royal mail parcel is waiting for delivery please confirm the shipping fee of 2 99 gbp via,,1,true,Smishing-Dataset-IMC25,smishing,Your Royal Mail parcel is waiting for delivery. Please confirm the shipping fee of 2.99 (GBP) via:,Your Royal Mail parcel is waiting for delivery. Please confirm the shipping fee of 2.99 (GBP) via:,True,original_unredacted,cleaned_from_raw,False,found_in_source_archive,Selected gathered final `message_raw` as the least-redacted available text.,excluded_duplicate_raw_available,,gathered_imc25_english_smish_15129,False,duplicate_against_raw_required_dataset
gathered_imc25_english_smish_15132,Smishing-Dataset-IMC25,Gathered approved smishing 7k,gathered_approved_smishing,imc25_english_smish_15132,Your parcel is ready for delivery. Confirm your shipping details. Click here:,smishing_corpus_row,smishing,accepted,approved,false,false,false,data\final\approved_smishing_messages.csv,original_source=Smishing-Dataset-IMC25; scam_category=delivery; strict-clean approved gathered smishing row.,your parcel is ready for delivery confirm your shipping details click here,,1,true,Smishing-Dataset-IMC25,smishing,Your parcel is ready for delivery. Confirm your shipping details. Click here:,Your parcel is ready for delivery. Confirm your shipping details. Click here:,True,original_unredacted,cleaned_from_raw,False,found_in_source_archive,Selected gathered final `message_raw` as the least-redacted available text.,excluded_duplicate_raw_available,,gathered_imc25_english_smish_15132,False,duplicate_against_raw_required_dataset
gathered_imc25_english_smish_15169,Smishing-Dataset-IMC25,Gathered approved smishing 7k,gathered_approved_smishing,imc25_english_smish_15169,Post Office: Sorry to inform you your item is stuck at the depot to recover please visit:,smishing_corpus_row,smishing,accepted,approved,false,false,false,data\final\approved_smishing_messages.csv,original_source=Smishing-Dataset-IMC25; scam_category=delivery; strict-clean approved gathered smishing row.,post office sorry to inform you your item is stuck at the depot to recover please visit,,1,true,Smishing-Dataset-IMC25,smishing,Post Office: Sorry to inform you your item is stuck at the depot to recover please visit:,Post Office: Sorry to inform you your item is stuck at the depot to recover please visit:,True,original_unredacted,cleaned_from_raw,False,found_in_source_archive,Selected gathered final `message_raw` as the least-redacted available text.,excluded_duplicate_raw_available,,gathered_imc25_english_smish_15169,False,duplicate_against_raw_required_dataset
gathered_imc25_english_smish_15182,Smishing-Dataset-IMC25,Gathered approved smishing 7k,gathered_approved_smishing,imc25_english_smish_15182,"RoyalMail:Your Royal Mail parcel is waiting for delivery. Please confirm the settlement of 1,99(GBP) on the link below:",smishing_corpus_row,smishing,accepted,approved,false,false,false,data\final\approved_smishing_messages.csv,original_source=Smishing-Dataset-IMC25; scam_category=delivery; strict-clean approved gathered smishing row.,royalmail your royal mail parcel is waiting for delivery please confirm the settlement of 1 99 gbp on the link below,,1,true,Smishing-Dataset-IMC25,smishing,"RoyalMail:Your Royal Mail parcel is waiting for delivery. Please confirm the settlement of 1,99(GBP) on the link below:","RoyalMail:Your Royal Mail parcel is waiting for delivery. Please confirm the settlement of 1,99(GBP) on the link below:",True,original_unredacted,cleaned_from_raw,False,found_in_source_archive,Selected gathered final `message_raw` as the least-redacted available text.,excluded_duplicate_raw_available,,gathered_imc25_english_smish_15182,False,duplicate_against_raw_required_dataset
gathered_imc25_english_smish_15184,Smishing-Dataset-IMC25,Gathered approved smishing 7k,gathered_approved_smishing,imc25_english_smish_15184,"Please be informed that, your package is ready for delivery. Confirm the shipping fee 10.89 QR",smishing_corpus_row,smishing,accepted,approved,false,false,false,data\final\approved_smishing_messages.csv,original_source=Smishing-Dataset-IMC25; scam_category=delivery; strict-clean approved gathered smishing row.,please be informed that your package is ready for delivery confirm the shipping fee 10 89 qr,,1,true,Smishing-Dataset-IMC25,smishing,"Please be informed that, your package is ready for delivery. Confirm the shipping fee 10.89 QR","Please be informed that, your package is ready for delivery. Confirm the shipping fee 10.89 QR",True,original_unredacted,cleaned_from_raw,False,found_in_source_archive,Selected gathered final `message_raw` as the least-redacted available text.,excluded_duplicate_raw_available,,gathered_imc25_english_smish_15184,False,duplicate_against_raw_required_dataset
gathered_imc25_english_smish_15230,Smishing-Dataset-IMC25,Gathered approved smishing 7k,gathered_approved_smishing,imc25_english_smish_15230,Hermes: Your parcel is waiting for redelivery. A fee of £1.99 will be added as a charge. Please confirm the redelivery of your parcel,smishing_corpus_row,smishing,accepted,approved,false,false,false,data\final\approved_smishing_messages.csv,original_source=Smishing-Dataset-IMC25; scam_category=delivery; strict-clean approved gathered smishing row.,hermes your parcel is waiting for redelivery a fee of 1 99 will be added as a charge please confirm the redelivery of your parcel,,1,true,Smishing-Dataset-IMC25,smishing,Hermes: Your parcel is waiting for redelivery. A fee of £1.99 will be added as a charge. Please confirm the redelivery of your parcel,Hermes: Your parcel is waiting for redelivery. A fee of <AMOUNT> will be added as a charge. Please confirm the redelivery of your parcel,True,original_unredacted,cleaned_from_raw,False,found_in_source_archive,Selected gathered final `message_raw` as the least-redacted available text.,excluded_duplicate_raw_available,,gathered_imc25_english_smish_15230,False,duplicate_against_raw_required_dataset
gathered_imc25_english_smish_15232,Smishing-Dataset-IMC25,Gathered approved smishing 7k,gathered_approved_smishing,imc25_english_smish_15232,Your delivery has been returned to your local PostOffice branch due to an unpaid parcel fee. To reschedule delivery please visit,smishing_corpus_row,smishing,accepted,approved,false,false,false,data\final\approved_smishing_messages.csv,original_source=Smishing-Dataset-IMC25; scam_category=delivery; strict-clean approved gathered smishing row.,your delivery has been returned to your local postoffice branch due to an unpaid parcel fee to reschedule delivery please visit,,1,true,Smishing-Dataset-IMC25,smishing,Your delivery has been returned to your local PostOffice branch due to an unpaid parcel fee. To reschedule delivery please visit,Your delivery has been returned to your local PostOffice branch due to an unpaid parcel fee. To reschedule delivery please visit,True,original_unredacted,cleaned_from_raw,False,found_in_source_archive,Selected gathered final `message_raw` as the least-redacted available text.,excluded_duplicate_raw_available,,gathered_imc25_english_smish_15232,False,duplicate_against_raw_required_dataset
gathered_imc25_english_smish_15254,Smishing-Dataset-IMC25,Gathered approved smishing 7k,gathered_approved_smishing,imc25_english_smish_15254,USPS: the scheduled delivery for the parcel 1z32601 has been changed. Please confirm here:,smishing_corpus_row,smishing,accepted,approved,false,false,false,data\final\approved_smishing_messages.csv,original_source=Smishing-Dataset-IMC25; scam_category=delivery; strict-clean approved gathered smishing row.,usps the scheduled delivery for the parcel 1z32601 has been changed please confirm here,,1,true,Smishing-Dataset-IMC25,smishing,USPS: the scheduled delivery for the parcel 1z32601 has been changed. Please confirm here:,USPS: the scheduled delivery for the parcel 1z32601 has been changed. Please confirm here:,True,original_unredacted,cleaned_from_raw,False,found_in_source_archive,Selected gathered final `message_raw` as the least-redacted available text.,excluded_duplicate_raw_available,,gathered_imc25_english_smish_15254,False,duplicate_against_raw_required_dataset
gathered_imc25_english_smish_15255,Smishing-Dataset-IMC25,Gathered approved smishing 7k,gathered_approved_smishing,imc25_english_smish_15255,"Return Update: Sorry, the seller is unable to fulfill the replacement return request for your SAMSUNG Galaxy Watch4 ... as the product is out of stock. Refund will be issued for the item and you will receive an update shortly.",smishing_corpus_row,smishing,accepted,approved,false,false,false,data\final\approved_smishing_messages.csv,original_source=Smishing-Dataset-IMC25; scam_category=delivery; strict-clean approved gathered smishing row.,return update sorry the seller is unable to fulfill the replacement return request for your samsung galaxy watch4 as the product is out of stock refund will be issued for the item and you will receive an update shortly,,1,true,Smishing-Dataset-IMC25,smishing,"Return Update: Sorry, the seller is unable to fulfill the replacement return request for your SAMSUNG Galaxy Watch4 ... as the product is out of stock. Refund will be issued for the item and you will receive an update shortly.","Return Update: Sorry, the seller is unable to fulfill the replacement return request for your SAMSUNG Galaxy Watch4 ... as the product is out of stock. Refund will be issued for the item and you will receive an update shortly.",True,original_unredacted,cleaned_from_raw,False,found_in_source_archive,Selected gathered final `message_raw` as the least-redacted available text.,excluded_duplicate_raw_available,,gathered_imc25_english_smish_15255,False,duplicate_against_raw_required_dataset
gathered_imc25_english_smish_15279,Smishing-Dataset-IMC25,Gathered approved smishing 7k,gathered_approved_smishing,imc25_english_smish_15279,"Package Tracking: Hi, your parcel with tracing number 2QI is waiting for you to confirm the shipment address:",smishing_corpus_row,smishing,accepted,approved,false,false,false,data\final\approved_smishing_messages.csv,original_source=Smishing-Dataset-IMC25; scam_category=delivery; strict-clean approved gathered smishing row.,package tracking hi your parcel with tracing number 2qi is waiting for you to confirm the shipment address,,1,true,Smishing-Dataset-IMC25,smishing,"Package Tracking: Hi, your parcel with tracing number 2QI is waiting for you to confirm the shipment address:","Package Tracking: Hi, your parcel with tracing number 2QI is waiting for you to confirm the shipment address:",True,original_unredacted,cleaned_from_raw,False,found_in_source_archive,Selected gathered final `message_raw` as the least-redacted available text.,excluded_duplicate_raw_available,,gathered_imc25_english_smish_15279,False,duplicate_against_raw_required_dataset
gathered_imc25_english_smish_15283,Smishing-Dataset-IMC25,Gathered approved smishing 7k,gathered_approved_smishing,imc25_english_smish_15283,Royal Mail: Your parcel (Tracking ID: <US_SSN>) is currently being held at one of our depots due to an unpaid shipping fee of £2.10. Please use the link below to confirm the settlement or your parcel may be returned to the sender.,smishing_corpus_row,smishing,accepted,approved,false,false,false,data\final\approved_smishing_messages.csv,original_source=Smishing-Dataset-IMC25; scam_category=delivery; strict-clean approved gathered smishing row.,royal mail your parcel tracking id <us ssn> is currently being held at one of our depots due to an unpaid shipping fee of 2 10 please use the link below to confirm the settlement or your parcel may be returned to the sender,,1,true,Smishing-Dataset-IMC25,smishing,Royal Mail: Your parcel (Tracking ID: <US_SSN>) is currently being held at one of our depots due to an unpaid shipping fee of £2.10. Please use the link below to confirm the settlement or your parcel may be returned to the sender.,Royal Mail: Your parcel (Tracking ID: <US_SSN>) is currently being held at one of our depots due to an unpaid shipping fee of <AMOUNT>. Please use the link below to confirm the settlement or your parcel may be returned to the sender.,True,original_unredacted,cleaned_from_raw,False,found_in_source_archive,Selected gathered final `message_raw` as the least-redacted available text.,excluded_duplicate_raw_available,,gathered_imc25_english_smish_15283,False,duplicate_against_raw_required_dataset
gathered_imc25_english_smish_15287,Smishing-Dataset-IMC25,Gathered approved smishing 7k,gathered_approved_smishing,imc25_english_smish_15287,"Our servers are currently overloaded due to backlogs of ""Packages"". You are currently in a queue, if you see this message please kindly keep refreshing our page in order to pay delivery fees!",smishing_corpus_row,smishing,accepted,approved,false,false,false,data\final\approved_smishing_messages.csv,original_source=Smishing-Dataset-IMC25; scam_category=delivery; strict-clean approved gathered smishing row.,our servers are currently overloaded due to backlogs of packages you are currently in a queue if you see this message please kindly keep refreshing our page in order to pay delivery fees,,1,true,Smishing-Dataset-IMC25,smishing,"Our servers are currently overloaded due to backlogs of ""Packages"". You are currently in a queue, if you see this message please kindly keep refreshing our page in order to pay delivery fees!","Our servers are currently overloaded due to backlogs of ""Packages"". You are currently in a queue, if you see this message please kindly keep refreshing our page in order to pay delivery fees!",True,original_unredacted,cleaned_from_raw,False,found_in_source_archive,Selected gathered final `message_raw` as the least-redacted available text.,excluded_duplicate_raw_available,,gathered_imc25_english_smish_15287,False,duplicate_against_raw_required_dataset
gathered_imc25_english_smish_15292,Smishing-Dataset-IMC25,Gathered approved smishing 7k,gathered_approved_smishing,imc25_english_smish_15292,Got the same text saying £2.99 royal mail delivery fee unpaid texted back and told them to fuck off.,smishing_corpus_row,smishing,accepted,approved,false,false,false,data\final\approved_smishing_messages.csv,original_source=Smishing-Dataset-IMC25; scam_category=delivery; strict-clean approved gathered smishing row.,got the same text saying 2 99 royal mail delivery fee unpaid texted back and told them to fuck off,,1,true,Smishing-Dataset-IMC25,smishing,Got the same text saying £2.99 royal mail delivery fee unpaid texted back and told them to fuck off.,Got the same text saying <AMOUNT> royal mail delivery fee unpaid texted back and told them to fuck off.,True,original_unredacted,cleaned_from_raw,False,found_in_source_archive,Selected gathered final `message_raw` as the least-redacted available text.,excluded_duplicate_raw_available,,gathered_imc25_english_smish_15292,False,duplicate_against_raw_required_dataset
gathered_imc25_english_smish_15306,Smishing-Dataset-IMC25,Gathered approved smishing 7k,gathered_approved_smishing,imc25_english_smish_15306,Your parcel has been redirected to your local post office branch due to an unpaid delivery fee. visit here: <LOCATION>,smishing_corpus_row,smishing,accepted,approved,false,false,false,data\final\approved_smishing_messages.csv,original_source=Smishing-Dataset-IMC25; scam_category=delivery; strict-clean approved gathered smishing row.,your parcel has been redirected to your local post office branch due to an unpaid delivery fee visit here <location>,,1,true,Smishing-Dataset-IMC25,smishing,Your parcel has been redirected to your local post office branch due to an unpaid delivery fee. visit here: <LOCATION>,Your parcel has been redirected to your local post office branch due to an unpaid delivery fee. visit here: <LOCATION>,True,original_unredacted,cleaned_from_raw,False,found_in_source_archive,Selected gathered final `message_raw` as the least-redacted available text.,excluded_duplicate_raw_available,,gathered_imc25_english_smish_15306,False,duplicate_against_raw_required_dataset
gathered_imc25_english_smish_15322,Smishing-Dataset-IMC25,Gathered approved smishing 7k,gathered_approved_smishing,imc25_english_smish_15322,Your Royal Mail parcel is awaiting delivery. Please confirm the settlement of 1.99 (GBP) on the following link:,smishing_corpus_row,smishing,accepted,approved,false,false,false,data\final\approved_smishing_messages.csv,original_source=Smishing-Dataset-IMC25; scam_category=delivery; strict-clean approved gathered smishing row.,your royal mail parcel is awaiting delivery please confirm the settlement of 1 99 gbp on the following link,,1,true,Smishing-Dataset-IMC25,smishing,Your Royal Mail parcel is awaiting delivery. Please confirm the settlement of 1.99 (GBP) on the following link:,Your Royal Mail parcel is awaiting delivery. Please confirm the settlement of 1.99 (GBP) on the following link:,True,original_unredacted,cleaned_from_raw,False,found_in_source_archive,Selected gathered final `message_raw` as the least-redacted available text.,excluded_duplicate_raw_available,,gathered_imc25_english_smish_15322,False,duplicate_against_raw_required_dataset
gathered_imc25_english_smish_15324,Smishing-Dataset-IMC25,Gathered approved smishing 7k,gathered_approved_smishing,imc25_english_smish_15324,"A delivery package is pending under your name. To claim your package, visit us at",smishing_corpus_row,smishing,accepted,approved,false,false,false,data\final\approved_smishing_messages.csv,original_source=Smishing-Dataset-IMC25; scam_category=delivery; strict-clean approved gathered smishing row.,a delivery package is pending under your name to claim your package visit us at,,1,true,Smishing-Dataset-IMC25,smishing,"A delivery package is pending under your name. To claim your package, visit us at","A delivery package is pending under your name. To claim your package, visit us at",True,original_unredacted,cleaned_from_raw,False,found_in_source_archive,Selected gathered final `message_raw` as the least-redacted available text.,excluded_duplicate_raw_available,,gathered_imc25_english_smish_15324,False,duplicate_against_raw_required_dataset
gathered_imc25_english_smish_15330,Smishing-Dataset-IMC25,Gathered approved smishing 7k,gathered_approved_smishing,imc25_english_smish_15330,"PostOffice: Your parcel has been redirected to your local branch due to an underpayment of shipping fees, please schedule a re-delivery here:",smishing_corpus_row,smishing,accepted,approved,false,false,false,data\final\approved_smishing_messages.csv,original_source=Smishing-Dataset-IMC25; scam_category=delivery; strict-clean approved gathered smishing row.,postoffice your parcel has been redirected to your local branch due to an underpayment of shipping fees please schedule a re delivery here,,1,true,Smishing-Dataset-IMC25,smishing,"PostOffice: Your parcel has been redirected to your local branch due to an underpayment of shipping fees, please schedule a re-delivery here:","PostOffice: Your parcel has been redirected to your local branch due to an underpayment of shipping fees, please schedule a re-delivery here:",True,original_unredacted,cleaned_from_raw,False,found_in_source_archive,Selected gathered final `message_raw` as the least-redacted available text.,excluded_duplicate_raw_available,,gathered_imc25_english_smish_15330,False,duplicate_against_raw_required_dataset
gathered_imc25_english_smish_15360,Smishing-Dataset-IMC25,Gathered approved smishing 7k,gathered_approved_smishing,imc25_english_smish_15360,"Your package is waiting for delivery. Confirm the settlement (1.65 EUR) in the following link, click here:",smishing_corpus_row,smishing,accepted,approved,false,false,false,data\final\approved_smishing_messages.csv,original_source=Smishing-Dataset-IMC25; scam_category=delivery; strict-clean approved gathered smishing row.,your package is waiting for delivery confirm the settlement 1 65 eur in the following link click here,,1,true,Smishing-Dataset-IMC25,smishing,"Your package is waiting for delivery. Confirm the settlement (1.65 EUR) in the following link, click here:","Your package is waiting for delivery. Confirm the settlement (1.65 EUR) in the following link, click here:",True,original_unredacted,cleaned_from_raw,False,found_in_source_archive,Selected gathered final `message_raw` as the least-redacted available text.,excluded_duplicate_raw_available,,gathered_imc25_english_smish_15360,False,duplicate_against_raw_required_dataset
gathered_imc25_english_smish_15378,Smishing-Dataset-IMC25,Gathered approved smishing 7k,gathered_approved_smishing,imc25_english_smish_15378,Kindly Pay 01.75$ In Order To Receive You Parcel By The next 2-3 Working days.,smishing_corpus_row,smishing,accepted,approved,false,false,false,data\final\approved_smishing_messages.csv,original_source=Smishing-Dataset-IMC25; scam_category=delivery; strict-clean approved gathered smishing row.,kindly pay 01 75 in order to receive you parcel by the next 2 3 working days,,1,true,Smishing-Dataset-IMC25,smishing,Kindly Pay 01.75$ In Order To Receive You Parcel By The next 2-3 Working days.,Kindly Pay 01.75$ In Order To Receive You Parcel By The next 2-3 Working days.,True,original_unredacted,cleaned_from_raw,False,found_in_source_archive,Selected gathered final `message_raw` as the least-redacted available text.,excluded_duplicate_raw_available,,gathered_imc25_english_smish_15378,False,duplicate_against_raw_required_dataset
gathered_imc25_english_smish_15452,Smishing-Dataset-IMC25,Gathered approved smishing 7k,gathered_approved_smishing,imc25_english_smish_15452,"Evri: Your parcel has a £1.45 shipping fee, to pay this now visit: <LOCATION>. Failure will result in your parcel being returned to sender.",smishing_corpus_row,smishing,accepted,approved,false,false,false,data\final\approved_smishing_messages.csv,original_source=Smishing-Dataset-IMC25; scam_category=delivery; strict-clean approved gathered smishing row.,evri your parcel has a 1 45 shipping fee to pay this now visit <location> failure will result in your parcel being returned to sender,,1,true,Smishing-Dataset-IMC25,smishing,"Evri: Your parcel has a £1.45 shipping fee, to pay this now visit: <LOCATION>. Failure will result in your parcel being returned to sender.","Evri: Your parcel has a <AMOUNT> shipping fee, to pay this now visit: <LOCATION>. Failure will result in your parcel being returned to sender.",True,original_unredacted,cleaned_from_raw,False,found_in_source_archive,Selected gathered final `message_raw` as the least-redacted available text.,excluded_duplicate_raw_available,,gathered_imc25_english_smish_15452,False,duplicate_against_raw_required_dataset
gathered_imc25_english_smish_15467,Smishing-Dataset-IMC25,Gathered approved smishing 7k,gathered_approved_smishing,imc25_english_smish_15467,"This is a reminder that your package will be delivered only when we receive the 2,57 custom service fees. You can pay here now :",smishing_corpus_row,smishing,accepted,approved,false,false,false,data\final\approved_smishing_messages.csv,original_source=Smishing-Dataset-IMC25; scam_category=delivery; strict-clean approved gathered smishing row.,this is a reminder that your package will be delivered only when we receive the 2 57 custom service fees you can pay here now,,1,true,Smishing-Dataset-IMC25,smishing,"This is a reminder that your package will be delivered only when we receive the 2,57 custom service fees. You can pay here now :","This is a reminder that your package will be delivered only when we receive the 2,57 custom service fees. You can pay here now:",True,original_unredacted,cleaned_from_raw,False,found_in_source_archive,Selected gathered final `message_raw` as the least-redacted available text.,excluded_duplicate_raw_available,,gathered_imc25_english_smish_15467,False,duplicate_against_raw_required_dataset
gathered_imc25_english_smish_15491,Smishing-Dataset-IMC25,Gathered approved smishing 7k,gathered_approved_smishing,imc25_english_smish_15491,"Your pack MT97____ is waiting for delivery. Please confirm 1,67 at the following link :",smishing_corpus_row,smishing,accepted,approved,false,false,false,data\final\approved_smishing_messages.csv,original_source=Smishing-Dataset-IMC25; scam_category=delivery; strict-clean approved gathered smishing row.,your pack mt97 is waiting for delivery please confirm 1 67 at the following link,,1,true,Smishing-Dataset-IMC25,smishing,"Your pack MT97____ is waiting for delivery. Please confirm 1,67 at the following link :","Your pack MT97____ is waiting for delivery. Please confirm 1,67 at the following link:",True,original_unredacted,cleaned_from_raw,False,found_in_source_archive,Selected gathered final `message_raw` as the least-redacted available text.,excluded_duplicate_raw_available,,gathered_imc25_english_smish_15491,False,duplicate_against_raw_required_dataset
gathered_imc25_english_smish_15510,Smishing-Dataset-IMC25,Gathered approved smishing 7k,gathered_approved_smishing,imc25_english_smish_15510,MESSAGE FROM Post Office South Africa: An international delivery is at your local storage. Click here for more info,smishing_corpus_row,smishing,accepted,approved,false,false,false,data\final\approved_smishing_messages.csv,original_source=Smishing-Dataset-IMC25; scam_category=delivery; strict-clean approved gathered smishing row.,message from post office south africa an international delivery is at your local storage click here for more info,,1,true,Smishing-Dataset-IMC25,smishing,MESSAGE FROM Post Office South Africa: An international delivery is at your local storage. Click here for more info,MESSAGE FROM Post Office South Africa: An international delivery is at your local storage. Click here for more info,True,original_unredacted,cleaned_from_raw,False,found_in_source_archive,Selected gathered final `message_raw` as the least-redacted available text.,excluded_duplicate_raw_available,,gathered_imc25_english_smish_15510,False,duplicate_against_raw_required_dataset
gathered_imc25_english_smish_15515,Smishing-Dataset-IMC25,Gathered approved smishing 7k,gathered_approved_smishing,imc25_english_smish_15515,PO-SA: IMPORT FEES DUE PACKLINK SHIPPING CO shipment scheduled. Pay online or pay driver on delivery.,smishing_corpus_row,smishing,accepted,approved,false,false,false,data\final\approved_smishing_messages.csv,original_source=Smishing-Dataset-IMC25; scam_category=delivery; strict-clean approved gathered smishing row.,po sa import fees due packlink shipping co shipment scheduled pay online or pay driver on delivery,,1,true,Smishing-Dataset-IMC25,smishing,PO-SA: IMPORT FEES DUE PACKLINK SHIPPING CO shipment scheduled. Pay online or pay driver on delivery.,PO-SA: IMPORT FEES DUE PACKLINK SHIPPING CO shipment scheduled. Pay online or pay driver on delivery.,True,original_unredacted,cleaned_from_raw,False,found_in_source_archive,Selected gathered final `message_raw` as the least-redacted available text.,excluded_duplicate_raw_available,,gathered_imc25_english_smish_15515,False,duplicate_against_raw_required_dataset
gathered_imc25_english_smish_15541,Smishing-Dataset-IMC25,Gathered approved smishing 7k,gathered_approved_smishing,imc25_english_smish_15541,"Amazon: Sign-in from HCW, <LOCATION>. Tap link to respond.",smishing_corpus_row,smishing,accepted,approved,false,false,false,data\final\approved_smishing_messages.csv,original_source=Smishing-Dataset-IMC25; scam_category=delivery; strict-clean approved gathered smishing row.,amazon sign in from hcw <location> tap link to respond,,1,true,Smishing-Dataset-IMC25,smishing,"Amazon: Sign-in from HCW, <LOCATION>. Tap link to respond.","Amazon: Sign-in from HCW, <LOCATION>. Tap link to respond.",True,original_unredacted,cleaned_from_raw,False,found_in_source_archive,Selected gathered final `message_raw` as the least-redacted available text.,excluded_duplicate_raw_available,,gathered_imc25_english_smish_15541,False,duplicate_against_raw_required_dataset
gathered_imc25_english_smish_15557,Smishing-Dataset-IMC25,Gathered approved smishing 7k,gathered_approved_smishing,imc25_english_smish_15557,<LOCATION> Postal: Dear customer your package was failed for delivery. Click on the link below to update your address.,smishing_corpus_row,smishing,accepted,approved,false,false,false,data\final\approved_smishing_messages.csv,original_source=Smishing-Dataset-IMC25; scam_category=delivery; strict-clean approved gathered smishing row.,<location> postal dear customer your package was failed for delivery click on the link below to update your address,,1,true,Smishing-Dataset-IMC25,smishing,<LOCATION> Postal: Dear customer your package was failed for delivery. Click on the link below to update your address.,<LOCATION> Postal: Dear customer your package was failed for delivery. Click on the link below to update your address.,True,original_unredacted,cleaned_from_raw,False,found_in_source_archive,Selected gathered final `message_raw` as the least-redacted available text.,excluded_duplicate_raw_available,,gathered_imc25_english_smish_15557,False,duplicate_against_raw_required_dataset
gathered_imc25_english_smish_15559,Smishing-Dataset-IMC25,Gathered approved smishing 7k,gathered_approved_smishing,imc25_english_smish_15559,"<LOCATION>-Track: Your Reference number ***<OTP> is available for collection, regarding home postage kindly confirm your details here",smishing_corpus_row,smishing,accepted,approved,false,false,false,data\final\approved_smishing_messages.csv,original_source=Smishing-Dataset-IMC25; scam_category=delivery; strict-clean approved gathered smishing row.,<location> track your reference number <otp> is available for collection regarding home postage kindly confirm your details here,,1,true,Smishing-Dataset-IMC25,smishing,"<LOCATION>-Track: Your Reference number ***8963 is available for collection, regarding home postage kindly confirm your details here","<LOCATION>-Track: Your Reference number ***8963 is available for collection, regarding home postage kindly confirm your details here",True,original_unredacted,cleaned_from_raw,False,found_in_source_archive,Selected gathered final `message_raw` as the least-redacted available text.,excluded_duplicate_raw_available,,gathered_imc25_english_smish_15559,False,duplicate_against_raw_required_dataset
gathered_imc25_english_smish_15560,Smishing-Dataset-IMC25,Gathered approved smishing 7k,gathered_approved_smishing,imc25_english_smish_15560,"DHL: Your Parcel ***<OTP> is on hold due to invalid address, Change your details to confirm the shipment of your parcel :",smishing_corpus_row,smishing,accepted,approved,false,false,false,data\final\approved_smishing_messages.csv,original_source=Smishing-Dataset-IMC25; scam_category=delivery; strict-clean approved gathered smishing row.,dhl your parcel <otp> is on hold due to invalid address change your details to confirm the shipment of your parcel,,1,true,Smishing-Dataset-IMC25,smishing,"DHL: Your Parcel ***5643 is on hold due to invalid address, Change your details to confirm the shipment of your parcel :","DHL: Your Parcel ***5643 is on hold due to invalid address, Change your details to confirm the shipment of your parcel:",True,original_unredacted,cleaned_from_raw,False,found_in_source_archive,Selected gathered final `message_raw` as the least-redacted available text.,excluded_duplicate_raw_available,,gathered_imc25_english_smish_15560,False,duplicate_against_raw_required_dataset
gathered_imc25_english_smish_15567,Smishing-Dataset-IMC25,Gathered approved smishing 7k,gathered_approved_smishing,imc25_english_smish_15567,"Your package is waiting for delivery please confirm the settlement of 3,57 CAD",smishing_corpus_row,smishing,accepted,approved,false,false,false,data\final\approved_smishing_messages.csv,original_source=Smishing-Dataset-IMC25; scam_category=delivery; strict-clean approved gathered smishing row.,your package is waiting for delivery please confirm the settlement of 3 57 cad,,1,true,Smishing-Dataset-IMC25,smishing,"Your package is waiting for delivery please confirm the settlement of 3,57 CAD","Your package is waiting for delivery please confirm the settlement of 3,57 CAD",True,original_unredacted,cleaned_from_raw,False,found_in_source_archive,Selected gathered final `message_raw` as the least-redacted available text.,excluded_duplicate_raw_available,,gathered_imc25_english_smish_15567,False,duplicate_against_raw_required_dataset
gathered_imc25_english_smish_15577,Smishing-Dataset-IMC25,Gathered approved smishing 7k,gathered_approved_smishing,imc25_english_smish_15577,"Your parcel is waiting for delivery, Please confirm the settlement of 1.99 (EUR) on the following link:",smishing_corpus_row,smishing,accepted,approved,false,false,false,data\final\approved_smishing_messages.csv,original_source=Smishing-Dataset-IMC25; scam_category=delivery; strict-clean approved gathered smishing row.,your parcel is waiting for delivery please confirm the settlement of 1 99 eur on the following link,,1,true,Smishing-Dataset-IMC25,smishing,"Your parcel is waiting for delivery, Please confirm the settlement of 1.99 (EUR) on the following link:","Your parcel is waiting for delivery, Please confirm the settlement of 1.99 (EUR) on the following link:",True,original_unredacted,cleaned_from_raw,False,found_in_source_archive,Selected gathered final `message_raw` as the least-redacted available text.,excluded_duplicate_raw_available,,gathered_imc25_english_smish_15577,False,duplicate_against_raw_required_dataset
gathered_imc25_english_smish_15579,Smishing-Dataset-IMC25,Gathered approved smishing 7k,gathered_approved_smishing,imc25_english_smish_15579,"Your parcel is ready for delivery, please confirm your shipping information to get your tracking code :",smishing_corpus_row,smishing,accepted,approved,false,false,false,data\final\approved_smishing_messages.csv,original_source=Smishing-Dataset-IMC25; scam_category=delivery; strict-clean approved gathered smishing row.,your parcel is ready for delivery please confirm your shipping information to get your tracking code,,1,true,Smishing-Dataset-IMC25,smishing,"Your parcel is ready for delivery, please confirm your shipping information to get your tracking code :","Your parcel is ready for delivery, please confirm your shipping information to get your tracking code:",True,original_unredacted,cleaned_from_raw,False,found_in_source_archive,Selected gathered final `message_raw` as the least-redacted available text.,excluded_duplicate_raw_available,,gathered_imc25_english_smish_15579,False,duplicate_against_raw_required_dataset
gathered_imc25_english_smish_15580,Smishing-Dataset-IMC25,Gathered approved smishing 7k,gathered_approved_smishing,imc25_english_smish_15580,"Dear customer, Your package is on its way with a complimentary item. Confirm you details here :",smishing_corpus_row,smishing,accepted,approved,false,false,false,data\final\approved_smishing_messages.csv,original_source=Smishing-Dataset-IMC25; scam_category=delivery; strict-clean approved gathered smishing row.,dear customer your package is on its way with a complimentary item confirm you details here,,1,true,Smishing-Dataset-IMC25,smishing,"Dear customer,
Your package is on its way with a complimentary item.
Confirm you details here :","Dear customer, Your package is on its way with a complimentary item. Confirm you details here:",True,original_unredacted,cleaned_from_raw,False,found_in_source_archive,Selected gathered final `message_raw` as the least-redacted available text.,excluded_duplicate_raw_available,,gathered_imc25_english_smish_15580,False,duplicate_against_raw_required_dataset
gathered_imc25_english_smish_15581,Smishing-Dataset-IMC25,Gathered approved smishing 7k,gathered_approved_smishing,imc25_english_smish_15581,AuPost: Your parcel can not be shipped due to unverified shipping address. fix it at:,smishing_corpus_row,smishing,accepted,approved,false,false,false,data\final\approved_smishing_messages.csv,original_source=Smishing-Dataset-IMC25; scam_category=delivery; strict-clean approved gathered smishing row.,aupost your parcel can not be shipped due to unverified shipping address fix it at,,1,true,Smishing-Dataset-IMC25,smishing,AuPost: Your parcel can not be shipped due to unverified shipping address. fix it at:,AuPost: Your parcel can not be shipped due to unverified shipping address. fix it at:,True,original_unredacted,cleaned_from_raw,False,found_in_source_archive,Selected gathered final `message_raw` as the least-redacted available text.,excluded_duplicate_raw_available,,gathered_imc25_english_smish_15581,False,duplicate_against_raw_required_dataset
gathered_imc25_english_smish_15605,Smishing-Dataset-IMC25,Gathered approved smishing 7k,gathered_approved_smishing,imc25_english_smish_15605,Package Label Has Been Damaged And Requires A Victims Personal And Financial Details To Confirm.,smishing_corpus_row,smishing,accepted,approved,false,false,false,data\final\approved_smishing_messages.csv,original_source=Smishing-Dataset-IMC25; scam_category=delivery; strict-clean approved gathered smishing row.,package label has been damaged and requires a victims personal and financial details to confirm,,1,true,Smishing-Dataset-IMC25,smishing,Package Label Has Been Damaged And Requires A Victims Personal And Financial Details To Confirm.,Package Label Has Been Damaged And Requires A Victims Personal And Financial Details To Confirm.,True,original_unredacted,cleaned_from_raw,False,found_in_source_archive,Selected gathered final `message_raw` as the least-redacted available text.,excluded_duplicate_raw_available,,gathered_imc25_english_smish_15605,False,duplicate_against_raw_required_dataset
gathered_imc25_english_smish_15631,Smishing-Dataset-IMC25,Gathered approved smishing 7k,gathered_approved_smishing,imc25_english_smish_15631,We couldn't deliver your parcel due to unpaid customs fee. Follow this link to pay (4.99AED):,smishing_corpus_row,smishing,accepted,approved,false,false,false,data\final\approved_smishing_messages.csv,original_source=Smishing-Dataset-IMC25; scam_category=delivery; strict-clean approved gathered smishing row.,we couldn t deliver your parcel due to unpaid customs fee follow this link to pay 4 99aed,,1,true,Smishing-Dataset-IMC25,smishing,We couldn't deliver your parcel due to unpaid customs fee. Follow this link to pay (4.99AED):,We couldn't deliver your parcel due to unpaid customs fee. Follow this link to pay (4.99AED):,True,original_unredacted,cleaned_from_raw,False,found_in_source_archive,Selected gathered final `message_raw` as the least-redacted available text.,excluded_duplicate_raw_available,,gathered_imc25_english_smish_15631,False,duplicate_against_raw_required_dataset
gathered_imc25_english_smish_15650,Smishing-Dataset-IMC25,Gathered approved smishing 7k,gathered_approved_smishing,imc25_english_smish_15650,Kindly Pay 01.75$ SGD Delivery fees and confirm your address.,smishing_corpus_row,smishing,accepted,approved,false,false,false,data\final\approved_smishing_messages.csv,original_source=Smishing-Dataset-IMC25; scam_category=delivery; strict-clean approved gathered smishing row.,kindly pay 01 75 sgd delivery fees and confirm your address,,1,true,Smishing-Dataset-IMC25,smishing,Kindly Pay 01.75$ SGD Delivery fees and confirm your address.,Kindly Pay 01.75$ SGD Delivery fees and confirm your address.,True,original_unredacted,cleaned_from_raw,False,found_in_source_archive,Selected gathered final `message_raw` as the least-redacted available text.,excluded_duplicate_raw_available,,gathered_imc25_english_smish_15650,False,duplicate_against_raw_required_dataset
gathered_imc25_english_smish_15657,Smishing-Dataset-IMC25,Gathered approved smishing 7k,gathered_approved_smishing,imc25_english_smish_15657,"WE HAVE A PACKAGE FOR YOU, BUT NEED SOME INFORMATION. Please confirm/deny this is you:",smishing_corpus_row,smishing,accepted,approved,false,false,false,data\final\approved_smishing_messages.csv,original_source=Smishing-Dataset-IMC25; scam_category=delivery; strict-clean approved gathered smishing row.,we have a package for you but need some information please confirm deny this is you,,1,true,Smishing-Dataset-IMC25,smishing,"WE HAVE A PACKAGE FOR YOU, BUT NEED SOME INFORMATION. Please confirm/deny this is you:","WE HAVE A PACKAGE FOR YOU, BUT NEED SOME INFORMATION. Please confirm/deny this is you:",True,original_unredacted,cleaned_from_raw,False,found_in_source_archive,Selected gathered final `message_raw` as the least-redacted available text.,excluded_duplicate_raw_available,,gathered_imc25_english_smish_15657,False,duplicate_against_raw_required_dataset
gathered_imc25_english_smish_15668,Smishing-Dataset-IMC25,Gathered approved smishing 7k,gathered_approved_smishing,imc25_english_smish_15668,Your shipment is awaiting delivery. Please visit the link below to complete the process:,smishing_corpus_row,smishing,accepted,approved,false,false,false,data\final\approved_smishing_messages.csv,original_source=Smishing-Dataset-IMC25; scam_category=delivery; strict-clean approved gathered smishing row.,your shipment is awaiting delivery please visit the link below to complete the process,,1,true,Smishing-Dataset-IMC25,smishing,Your shipment is awaiting delivery. Please visit the link below to complete the process:,Your shipment is awaiting delivery. Please visit the link below to complete the process:,True,original_unredacted,cleaned_from_raw,False,found_in_source_archive,Selected gathered final `message_raw` as the least-redacted available text.,excluded_duplicate_raw_available,,gathered_imc25_english_smish_15668,False,duplicate_against_raw_required_dataset
gathered_imc25_english_smish_15682,Smishing-Dataset-IMC25,Gathered approved smishing 7k,gathered_approved_smishing,imc25_english_smish_15682,Your parcel is ready for delivery. Confirm your shipping details. Check here: <LOCATION>,smishing_corpus_row,smishing,accepted,approved,false,false,false,data\final\approved_smishing_messages.csv,original_source=Smishing-Dataset-IMC25; scam_category=delivery; strict-clean approved gathered smishing row.,your parcel is ready for delivery confirm your shipping details check here <location>,,1,true,Smishing-Dataset-IMC25,smishing,Your parcel is ready for delivery. Confirm your shipping details. Check here: <LOCATION>,Your parcel is ready for delivery. Confirm your shipping details. Check here: <LOCATION>,True,original_unredacted,cleaned_from_raw,False,found_in_source_archive,Selected gathered final `message_raw` as the least-redacted available text.,excluded_duplicate_raw_available,,gathered_imc25_english_smish_15682,False,duplicate_against_raw_required_dataset
gathered_imc25_english_smish_15687,Smishing-Dataset-IMC25,Gathered approved smishing 7k,gathered_approved_smishing,imc25_english_smish_15687,"Your package will be delivered to you shortly. please pay the shipment fee (2,99SGD) by clicking the following link : <URL>",smishing_corpus_row,smishing,accepted,approved,false,false,false,data\final\approved_smishing_messages.csv,original_source=Smishing-Dataset-IMC25; scam_category=delivery; strict-clean approved gathered smishing row.,your package will be delivered to you shortly please pay the shipment fee 2 99sgd by clicking the following link <url>,,1,true,Smishing-Dataset-IMC25,smishing,"Your package will be delivered to you shortly. please pay the shipment fee (2,99SGD) by clicking the following link : http://<IP_ADDRESS>/sgpost/","Your package will be delivered to you shortly. please pay the shipment fee (2,99SGD) by clicking the following link: http://<IP_ADDRESS>/sgpost/",True,original_unredacted,cleaned_from_raw,False,found_in_source_archive,Selected gathered final `message_raw` as the least-redacted available text.,excluded_duplicate_raw_available,,gathered_imc25_english_smish_15687,False,duplicate_against_raw_required_dataset
gathered_imc25_english_smish_15716,Smishing-Dataset-IMC25,Gathered approved smishing 7k,gathered_approved_smishing,imc25_english_smish_15716,Parcel [<US_BANK_NUMBER>] has BEEN stopped at the DISTRIBUTION center. Track your shipment here: <URL>,smishing_corpus_row,smishing,accepted,approved,false,false,false,data\final\approved_smishing_messages.csv,original_source=Smishing-Dataset-IMC25; scam_category=delivery; strict-clean approved gathered smishing row.,parcel <us bank number> has been stopped at the distribution center track your shipment here <url>,,1,true,Smishing-Dataset-IMC25,smishing,Parcel [<US_BANK_NUMBER>] has BEEN stopped at the DISTRIBUTION center. Track your shipment here: https://xn--71-qmcd9c.xn--p1acf/k1pny...,Parcel [<US_BANK_NUMBER>] has BEEN stopped at the DISTRIBUTION center. Track your shipment here: <URL>,True,original_unredacted,cleaned_from_raw,False,found_in_source_archive,Selected gathered final `message_raw` as the least-redacted available text.,excluded_duplicate_raw_available,,gathered_imc25_english_smish_15716,False,duplicate_against_raw_required_dataset
gathered_imc25_english_smish_15732,Smishing-Dataset-IMC25,Gathered approved smishing 7k,gathered_approved_smishing,imc25_english_smish_15732,Why / wasn't your i package delivered? <URL>,smishing_corpus_row,smishing,accepted,approved,false,false,false,data\final\approved_smishing_messages.csv,original_source=Smishing-Dataset-IMC25; scam_category=delivery; strict-clean approved gathered smishing row.,why wasn t your i package delivered <url>,,1,true,Smishing-Dataset-IMC25,smishing,Why / wasn't your  i package delivered? https://...,Why / wasn't your i package delivered? <URL>,True,original_unredacted,cleaned_from_raw,False,found_in_source_archive,Selected gathered final `message_raw` as the least-redacted available text.,excluded_duplicate_raw_available,,gathered_imc25_english_smish_15732,False,duplicate_against_raw_required_dataset
gathered_imc25_english_smish_15734,Smishing-Dataset-IMC25,Gathered approved smishing 7k,gathered_approved_smishing,imc25_english_smish_15734,Shipped! Here's your tracking link ; <URL>,smishing_corpus_row,smishing,accepted,approved,false,false,false,data\final\approved_smishing_messages.csv,original_source=Smishing-Dataset-IMC25; scam_category=delivery; strict-clean approved gathered smishing row.,shipped here s your tracking link <url>,,1,true,Smishing-Dataset-IMC25,smishing,Shipped! Here's your tracking link ; http://...,Shipped! Here's your tracking link; <URL>,True,original_unredacted,cleaned_from_raw,False,found_in_source_archive,Selected gathered final `message_raw` as the least-redacted available text.,excluded_duplicate_raw_available,,gathered_imc25_english_smish_15734,False,duplicate_against_raw_required_dataset
gathered_imc25_english_smish_15735,Smishing-Dataset-IMC25,Gathered approved smishing 7k,gathered_approved_smishing,imc25_english_smish_15735,Your @ order * has been shipped! <URL>,smishing_corpus_row,smishing,accepted,approved,false,false,false,data\final\approved_smishing_messages.csv,original_source=Smishing-Dataset-IMC25; scam_category=delivery; strict-clean approved gathered smishing row.,your order has been shipped <url>,,1,true,Smishing-Dataset-IMC25,smishing,Your @ order * has been shipped! http://...,Your @ order * has been shipped! <URL>,True,original_unredacted,cleaned_from_raw,False,found_in_source_archive,Selected gathered final `message_raw` as the least-redacted available text.,excluded_duplicate_raw_available,,gathered_imc25_english_smish_15735,False,duplicate_against_raw_required_dataset
gathered_imc25_english_smish_15736,Smishing-Dataset-IMC25,Gathered approved smishing 7k,gathered_approved_smishing,imc25_english_smish_15736,Your order is / already on the way to you! <URL>,smishing_corpus_row,smishing,accepted,approved,false,false,false,data\final\approved_smishing_messages.csv,original_source=Smishing-Dataset-IMC25; scam_category=delivery; strict-clean approved gathered smishing row.,your order is already on the way to you <url>,,1,true,Smishing-Dataset-IMC25,smishing,Your order is / already on the way to you! https://piff.e-...,Your order is / already on the way to you! <URL>,True,original_unredacted,cleaned_from_raw,False,found_in_source_archive,Selected gathered final `message_raw` as the least-redacted available text.,excluded_duplicate_raw_available,,gathered_imc25_english_smish_15736,False,duplicate_against_raw_required_dataset
gathered_imc25_english_smish_15762,Smishing-Dataset-IMC25,Gathered approved smishing 7k,gathered_approved_smishing,imc25_english_smish_15762,Recent calculations show that we owe you 382.60GBP in your Vehicle Tax return. Please fill out the following form to process your claim.,smishing_corpus_row,smishing,accepted,approved,false,false,false,data\final\approved_smishing_messages.csv,original_source=Smishing-Dataset-IMC25; scam_category=government; strict-clean approved gathered smishing row.,recent calculations show that we owe you <num> 60gbp in your vehicle tax return please fill out the following form to process your claim,,1,true,Smishing-Dataset-IMC25,smishing,Recent calculations show that we owe you 382.60GBP in your Vehicle Tax return. Please fill out the following form to process your claim.,Recent calculations show that we owe you 382.60GBP in your Vehicle Tax return. Please fill out the following form to process your claim.,True,original_unredacted,cleaned_from_raw,False,found_in_source_archive,Selected gathered final `message_raw` as the least-redacted available text.,excluded_duplicate_raw_available,,gathered_imc25_english_smish_15762,False,duplicate_against_raw_required_dataset
gathered_imc25_english_smish_15771,Smishing-Dataset-IMC25,Gathered approved smishing 7k,gathered_approved_smishing,imc25_english_smish_15771,You have a pending tax refund of 265.84GBP to claim please follow our secure link below. Your bank may require extra verification.,smishing_corpus_row,smishing,accepted,approved,false,false,false,data\final\approved_smishing_messages.csv,original_source=Smishing-Dataset-IMC25; scam_category=government; strict-clean approved gathered smishing row.,you have a pending tax refund of <num> 84gbp to claim please follow our secure link below your bank may require extra verification,,1,true,Smishing-Dataset-IMC25,smishing,You have a pending tax refund of 265.84GBP to claim please follow our secure link below. Your bank may require extra verification.,You have a pending tax refund of 265.84GBP to claim please follow our secure link below. Your bank may require extra verification.,True,original_unredacted,cleaned_from_raw,False,found_in_source_archive,Selected gathered final `message_raw` as the least-redacted available text.,excluded_duplicate_raw_available,,gathered_imc25_english_smish_15771,False,duplicate_against_raw_required_dataset
gathered_imc25_english_smish_15790,Smishing-Dataset-IMC25,Gathered approved smishing 7k,gathered_approved_smishing,imc25_english_smish_15790,Toronto Hydro Corporation did an error on your last billing. Their was an additional fee of 53.45$ on your account (REF#:Z3452FR3). Toronto Hydro Corporation is really sorry for this inconvenient. Please click on the link down below to deposit your funds to your account:,smishing_corpus_row,smishing,accepted,approved,false,false,false,data\final\approved_smishing_messages.csv,original_source=Smishing-Dataset-IMC25; scam_category=government; strict-clean approved gathered smishing row.,toronto hydro corporation did an error on your last billing their was an additional fee of 53 45 on your account ref z3452fr3 toronto hydro corporation is really sorry for this inconvenient please click on the link down below to deposit your funds to your account,,1,true,Smishing-Dataset-IMC25,smishing,Toronto Hydro Corporation did an error on your last billing. Their was an additional fee of 53.45$ on your account (REF#:Z3452FR3). Toronto Hydro Corporation is really sorry for this inconvenient. Please click on the link down below to deposit your funds to your account:,Toronto Hydro Corporation did an error on your last billing. Their was an additional fee of 53.45$ on your account (REF#:Z3452FR3). Toronto Hydro Corporation is really sorry for this inconvenient. Please click on the link down below to deposit your funds to your account:,True,original_unredacted,cleaned_from_raw,False,found_in_source_archive,Selected gathered final `message_raw` as the least-redacted available text.,excluded_duplicate_raw_available,,gathered_imc25_english_smish_15790,False,duplicate_against_raw_required_dataset
gathered_imc25_english_smish_15795,Smishing-Dataset-IMC25,Gathered approved smishing 7k,gathered_approved_smishing,imc25_english_smish_15795,"Dear ********, your income tax refund of Rs. 12,514 has been approved and your bank a/c will be credited shortly. Do kindly verify your a/c no 5XXXXX6755. If the same is incorrect, quickly follow the link below to update your bank record on file.",smishing_corpus_row,smishing,accepted,approved,false,false,false,data\final\approved_smishing_messages.csv,original_source=Smishing-Dataset-IMC25; scam_category=government; strict-clean approved gathered smishing row.,dear your income tax refund of rs 12 <num> has been approved and your bank a c will be credited shortly do kindly verify your a c no 5xxxxx6755 if the same is incorrect quickly follow the link below to update your bank record on file,,1,true,Smishing-Dataset-IMC25,smishing,"Dear ********, your income tax refund of Rs. 12,514 has been approved and your bank a/c will be credited shortly. Do kindly verify your a/c no 5XXXXX6755. If the same is incorrect, quickly follow the link below to update your bank record on file.","Dear ********, your income tax refund of Rs. 12,514 has been approved and your bank a/c will be credited shortly. Do kindly verify your a/c no 5XXXXX6755. If the same is incorrect, quickly follow the link below to update your bank record on file.",True,original_unredacted,cleaned_from_raw,False,found_in_source_archive,Selected gathered final `message_raw` as the least-redacted available text.,excluded_duplicate_raw_available,,gathered_imc25_english_smish_15795,False,duplicate_against_raw_required_dataset
gathered_imc25_english_smish_15804,Smishing-Dataset-IMC25,Gathered approved smishing 7k,gathered_approved_smishing,imc25_english_smish_15804,"Dear ****, the Incometax Dept requires you to click the link below to submit a formal request for the remittance of your unclaimed overdue tax refund of Rs19,450.",smishing_corpus_row,smishing,accepted,approved,false,false,false,data\final\approved_smishing_messages.csv,original_source=Smishing-Dataset-IMC25; scam_category=government; strict-clean approved gathered smishing row.,dear the incometax dept requires you to click the link below to submit a formal request for the remittance of your unclaimed overdue tax refund of rs19 <num>,,1,true,Smishing-Dataset-IMC25,smishing,"Dear ****, the Incometax Dept requires you to click the link below to submit a formal request for the remittance of your unclaimed overdue tax refund of Rs19,450.","Dear ****, the Incometax Dept requires you to click the link below to submit a formal request for the remittance of your unclaimed overdue tax refund of <AMOUNT>.",True,original_unredacted,cleaned_from_raw,False,found_in_source_archive,Selected gathered final `message_raw` as the least-redacted available text.,excluded_duplicate_raw_available,,gathered_imc25_english_smish_15804,False,duplicate_against_raw_required_dataset
gathered_imc25_english_smish_15805,Smishing-Dataset-IMC25,Gathered approved smishing 7k,gathered_approved_smishing,imc25_english_smish_15805,YOU HAVE A PENDING PAYMENT OF 79.21GBP FROM DVLA. TO PROCEED PLEASE VISIT OUR LINK PROVIDED.,smishing_corpus_row,smishing,accepted,approved,false,false,false,data\final\approved_smishing_messages.csv,original_source=Smishing-Dataset-IMC25; scam_category=government; strict-clean approved gathered smishing row.,you have a pending payment of 79 21gbp from dvla to proceed please visit our link provided,,1,true,Smishing-Dataset-IMC25,smishing,YOU HAVE A PENDING PAYMENT OF 79.21GBP FROM DVLA. TO PROCEED PLEASE VISIT OUR LINK PROVIDED.,YOU HAVE A PENDING PAYMENT OF 79.21GBP FROM DVLA. TO PROCEED PLEASE VISIT OUR LINK PROVIDED.,True,original_unredacted,cleaned_from_raw,False,found_in_source_archive,Selected gathered final `message_raw` as the least-redacted available text.,excluded_duplicate_raw_available,,gathered_imc25_english_smish_15805,False,duplicate_against_raw_required_dataset
gathered_imc25_english_smish_15807,Smishing-Dataset-IMC25,Gathered approved smishing 7k,gathered_approved_smishing,imc25_english_smish_15807,Outstanding tax refund of £248.57. Verify your details to secure and process pending refund.,smishing_corpus_row,smishing,accepted,approved,false,false,false,data\final\approved_smishing_messages.csv,original_source=Smishing-Dataset-IMC25; scam_category=government; strict-clean approved gathered smishing row.,outstanding tax refund of <num> 57 verify your details to secure and process pending refund,,1,true,Smishing-Dataset-IMC25,smishing,Outstanding tax refund of £248.57. Verify your details to secure and process pending refund.,Outstanding tax refund of <AMOUNT>. Verify your details to secure and process pending refund.,True,original_unredacted,cleaned_from_raw,False,found_in_source_archive,Selected gathered final `message_raw` as the least-redacted available text.,excluded_duplicate_raw_available,,gathered_imc25_english_smish_15807,False,duplicate_against_raw_required_dataset
gathered_imc25_english_smish_15809,Smishing-Dataset-IMC25,Gathered approved smishing 7k,gathered_approved_smishing,imc25_english_smish_15809,<LOCATION> Revenue Has Sent You 482.00$ An IN-TERAC . Click Here To Deposit Your Income Tax Return :,smishing_corpus_row,smishing,accepted,approved,false,false,false,data\final\approved_smishing_messages.csv,original_source=Smishing-Dataset-IMC25; scam_category=government; strict-clean approved gathered smishing row.,<location> revenue has sent you <num> 00 an in terac click here to deposit your income tax return,,1,true,Smishing-Dataset-IMC25,smishing,<LOCATION> Revenue Has Sent You 482.00$ An IN-TERAC . Click Here To Deposit Your Income Tax Return :,<LOCATION> Revenue Has Sent You 482.00$ An IN-TERAC. Click Here To Deposit Your Income Tax Return:,True,original_unredacted,cleaned_from_raw,False,found_in_source_archive,Selected gathered final `message_raw` as the least-redacted available text.,excluded_duplicate_raw_available,,gathered_imc25_english_smish_15809,False,duplicate_against_raw_required_dataset
gathered_imc25_english_smish_15834,Smishing-Dataset-IMC25,Gathered approved smishing 7k,gathered_approved_smishing,imc25_english_smish_15834,"your unclaimed overdue tax-refund of Rs20,418. <URL>",smishing_corpus_row,smishing,accepted,approved,false,false,false,data\final\approved_smishing_messages.csv,original_source=Smishing-Dataset-IMC25; scam_category=government; strict-clean approved gathered smishing row.,your unclaimed overdue tax refund of rs20 <num> <url>,,1,true,Smishing-Dataset-IMC25,smishing,"your unclaimed overdue tax-refund of Rs20,418. http://<IP_ADDRESS>/refund",your unclaimed overdue tax-refund of <AMOUNT>. http://<IP_ADDRESS>/refund,True,original_unredacted,cleaned_from_raw,False,found_in_source_archive,Selected gathered final `message_raw` as the least-redacted available text.,excluded_duplicate_raw_available,,gathered_imc25_english_smish_15834,False,duplicate_against_raw_required_dataset
gathered_imc25_english_smish_15835,Smishing-Dataset-IMC25,Gathered approved smishing 7k,gathered_approved_smishing,imc25_english_smish_15835,We have recalculated your vehicle tax. You are owed £48.84 due to over payment. Click the secure link <URL> to claim your refund.,smishing_corpus_row,smishing,accepted,approved,false,false,false,data\final\approved_smishing_messages.csv,original_source=Smishing-Dataset-IMC25; scam_category=government; strict-clean approved gathered smishing row.,we have recalculated your vehicle tax you are owed 48 84 due to over payment click the secure link <url> to claim your refund,,1,true,Smishing-Dataset-IMC25,smishing,We have recalculated your vehicle tax. You are owed £48.84 due to over payment. Click the secure link http://<IP_ADDRESS>/dvla to claim your refund.,We have recalculated your vehicle tax. You are owed <AMOUNT> due to over payment. Click the secure link http://<IP_ADDRESS>/dvla to claim your refund.,True,original_unredacted,cleaned_from_raw,False,found_in_source_archive,Selected gathered final `message_raw` as the least-redacted available text.,excluded_duplicate_raw_available,,gathered_imc25_english_smish_15835,False,duplicate_against_raw_required_dataset
gathered_imc25_english_smish_15845,Smishing-Dataset-IMC25,Gathered approved smishing 7k,gathered_approved_smishing,imc25_english_smish_15845,"Dear your incometax refund of Rs.13,320 has been approved and your bank a/c will be credited shortly. Do kindly verify your a/c no 0XXXXX8045. If the same is incorrect, quickly follow the link below to update your bank record on file.",smishing_corpus_row,smishing,accepted,approved,false,false,false,data\final\approved_smishing_messages.csv,original_source=Smishing-Dataset-IMC25; scam_category=government; strict-clean approved gathered smishing row.,dear your incometax refund of rs 13 <num> has been approved and your bank a c will be credited shortly do kindly verify your a c no 0xxxxx8045 if the same is incorrect quickly follow the link below to update your bank record on file,,1,true,Smishing-Dataset-IMC25,smishing,"Dear your incometax refund of Rs.13,320 has been approved and your bank a/c will be credited shortly. Do kindly verify your a/c no 0XXXXX8045. If the same is incorrect, quickly follow the link below to update your bank record on file.","Dear your incometax refund of Rs.13,320 has been approved and your bank a/c will be credited shortly. Do kindly verify your a/c no 0XXXXX8045. If the same is incorrect, quickly follow the link below to update your bank record on file.",True,original_unredacted,cleaned_from_raw,False,found_in_source_archive,Selected gathered final `message_raw` as the least-redacted available text.,excluded_duplicate_raw_available,,gathered_imc25_english_smish_15845,False,duplicate_against_raw_required_dataset
gathered_imc25_english_smish_15849,Smishing-Dataset-IMC25,Gathered approved smishing 7k,gathered_approved_smishing,imc25_english_smish_15849,We have recalculated your vehicle tax. You are owed £137.24 due to overpayment. Check here to claim your refund,smishing_corpus_row,smishing,accepted,approved,false,false,false,data\final\approved_smishing_messages.csv,original_source=Smishing-Dataset-IMC25; scam_category=government; strict-clean approved gathered smishing row.,we have recalculated your vehicle tax you are owed <num> 24 due to overpayment check here to claim your refund,,1,true,Smishing-Dataset-IMC25,smishing,We have recalculated your vehicle tax. You are owed £137.24 due to overpayment. Check here to claim your refund,We have recalculated your vehicle tax. You are owed <AMOUNT> due to overpayment. Check here to claim your refund,True,original_unredacted,cleaned_from_raw,False,found_in_source_archive,Selected gathered final `message_raw` as the least-redacted available text.,excluded_duplicate_raw_available,,gathered_imc25_english_smish_15849,False,duplicate_against_raw_required_dataset
gathered_imc25_english_smish_15858,Smishing-Dataset-IMC25,Gathered approved smishing 7k,gathered_approved_smishing,imc25_english_smish_15858,"Dear PV Ramaswamy , the incometax Dept requires you to click the link below to submit a formal request for the remittance of your unclaimed overdue tax refund of Rs19,450.",smishing_corpus_row,smishing,accepted,approved,false,false,false,data\final\approved_smishing_messages.csv,original_source=Smishing-Dataset-IMC25; scam_category=government; strict-clean approved gathered smishing row.,dear pv ramaswamy the incometax dept requires you to click the link below to submit a formal request for the remittance of your unclaimed overdue tax refund of rs19 <num>,,1,true,Smishing-Dataset-IMC25,smishing,"Dear PV Ramaswamy , the incometax Dept requires you to click the link below to submit a formal request for the remittance of your unclaimed overdue tax refund of Rs19,450.","Dear PV Ramaswamy, the incometax Dept requires you to click the link below to submit a formal request for the remittance of your unclaimed overdue tax refund of <AMOUNT>.",True,original_unredacted,cleaned_from_raw,False,found_in_source_archive,Selected gathered final `message_raw` as the least-redacted available text.,excluded_duplicate_raw_available,,gathered_imc25_english_smish_15858,False,duplicate_against_raw_required_dataset
gathered_imc25_english_smish_15861,Smishing-Dataset-IMC25,Gathered approved smishing 7k,gathered_approved_smishing,imc25_english_smish_15861,"Dear COL BLA...Y, your incometax refund of Rs.13,320 has been approved and your bank a/c will be credited shortly. Do kindly verify your a/c no 0XXXXXX8045. If the same is incorrect, quickly follow the link below to update your bank record on file.",smishing_corpus_row,smishing,accepted,approved,false,false,false,data\final\approved_smishing_messages.csv,original_source=Smishing-Dataset-IMC25; scam_category=government; strict-clean approved gathered smishing row.,dear col bla y your incometax refund of rs 13 <num> has been approved and your bank a c will be credited shortly do kindly verify your a c no 0xxxxxx8045 if the same is incorrect quickly follow the link below to update your bank record on file,,1,true,Smishing-Dataset-IMC25,smishing,"Dear COL BLA...Y, your incometax refund of Rs.13,320 has been approved and your bank a/c will be credited shortly. Do kindly verify your a/c no 0XXXXXX8045. If the same is incorrect, quickly follow the link below to update your bank record on file.","Dear COL BLA...Y, your incometax refund of Rs.13,320 has been approved and your bank a/c will be credited shortly. Do kindly verify your a/c no 0XXXXXX8045. If the same is incorrect, quickly follow the link below to update your bank record on file.",True,original_unredacted,cleaned_from_raw,False,found_in_source_archive,Selected gathered final `message_raw` as the least-redacted available text.,excluded_duplicate_raw_available,,gathered_imc25_english_smish_15861,False,duplicate_against_raw_required_dataset
gathered_imc25_english_smish_15862,Smishing-Dataset-IMC25,Gathered approved smishing 7k,gathered_approved_smishing,imc25_english_smish_15862,"You are owed medicare rebates in excess of $200.00, to reclaim please visit <URL>",smishing_corpus_row,smishing,accepted,approved,false,false,false,data\final\approved_smishing_messages.csv,original_source=Smishing-Dataset-IMC25; scam_category=government; strict-clean approved gathered smishing row.,you are owed medicare rebates in excess of <num> 00 to reclaim please visit <url>,,1,true,Smishing-Dataset-IMC25,smishing,"You are owed medicare rebates in excess of $200.00, to reclaim please visit http://<IP_ADDRESS>","You are owed medicare rebates in excess of <AMOUNT>, to reclaim please visit http://<IP_ADDRESS>",True,original_unredacted,cleaned_from_raw,False,found_in_source_archive,Selected gathered final `message_raw` as the least-redacted available text.,excluded_duplicate_raw_available,,gathered_imc25_english_smish_15862,False,duplicate_against_raw_required_dataset
gathered_imc25_english_smish_15888,Smishing-Dataset-IMC25,Gathered approved smishing 7k,gathered_approved_smishing,imc25_english_smish_15888,"Important Alert! Dear bharat kushwah, the Incometax_Department requires you to click the link below to submit a formal request for the payment of your unclaimed and overdue tax-refund of 19,150INR.",smishing_corpus_row,smishing,accepted,approved,false,false,false,data\final\approved_smishing_messages.csv,original_source=Smishing-Dataset-IMC25; scam_category=government; strict-clean approved gathered smishing row.,important alert dear bharat kushwah the incometax department requires you to click the link below to submit a formal request for the payment of your unclaimed and overdue tax refund of 19 150inr,,1,true,Smishing-Dataset-IMC25,smishing,"Important Alert! Dear bharat kushwah, the Incometax_Department requires you to click the link below to submit a formal request for the payment of your unclaimed and overdue tax-refund of 19,150INR.","Important Alert! Dear bharat kushwah, the Incometax_Department requires you to click the link below to submit a formal request for the payment of your unclaimed and overdue tax-refund of 19,150INR.",True,original_unredacted,cleaned_from_raw,False,found_in_source_archive,Selected gathered final `message_raw` as the least-redacted available text.,excluded_duplicate_raw_available,,gathered_imc25_english_smish_15888,False,duplicate_against_raw_required_dataset
gathered_imc25_english_smish_15891,Smishing-Dataset-IMC25,Gathered approved smishing 7k,gathered_approved_smishing,imc25_english_smish_15891,"Important Alert! Dear [Name Hidden], the Incometax_Department requires you to click the link below to submit a formal request for the payment of your unclaimed and overdue tax-refund of 19,150INR.",smishing_corpus_row,smishing,accepted,approved,false,false,false,data\final\approved_smishing_messages.csv,original_source=Smishing-Dataset-IMC25; scam_category=government; strict-clean approved gathered smishing row.,important alert dear name hidden the incometax department requires you to click the link below to submit a formal request for the payment of your unclaimed and overdue tax refund of 19 150inr,,1,true,Smishing-Dataset-IMC25,smishing,"Important Alert! Dear [Name Hidden], the Incometax_Department requires you to click the link below to submit a formal request for the payment of your unclaimed and overdue tax-refund of 19,150INR.","Important Alert! Dear [Name Hidden], the Incometax_Department requires you to click the link below to submit a formal request for the payment of your unclaimed and overdue tax-refund of 19,150INR.",True,original_unredacted,cleaned_from_raw,False,found_in_source_archive,Selected gathered final `message_raw` as the least-redacted available text.,excluded_duplicate_raw_available,,gathered_imc25_english_smish_15891,False,duplicate_against_raw_required_dataset
gathered_imc25_english_smish_15923,Smishing-Dataset-IMC25,Gathered approved smishing 7k,gathered_approved_smishing,imc25_english_smish_15923,"Dear R Gupta, the Incometa x_Department requires you to click the link below to submit a formal request for the payment of your unclaimed and overdue tax-refund of 18,850INR.",smishing_corpus_row,smishing,accepted,approved,false,false,false,data\final\approved_smishing_messages.csv,original_source=Smishing-Dataset-IMC25; scam_category=government; strict-clean approved gathered smishing row.,dear r gupta the incometa x department requires you to click the link below to submit a formal request for the payment of your unclaimed and overdue tax refund of 18 850inr,,1,true,Smishing-Dataset-IMC25,smishing,"Dear R Gupta, the Incometa x_Department requires you to click the link below to submit a formal request for the payment of your unclaimed and overdue tax-refund of 18,850INR.","Dear R Gupta, the Incometa x_Department requires you to click the link below to submit a formal request for the payment of your unclaimed and overdue tax-refund of 18,850INR.",True,original_unredacted,cleaned_from_raw,False,found_in_source_archive,Selected gathered final `message_raw` as the least-redacted available text.,excluded_duplicate_raw_available,,gathered_imc25_english_smish_15923,False,duplicate_against_raw_required_dataset
gathered_imc25_english_smish_15926,Smishing-Dataset-IMC25,Gathered approved smishing 7k,gathered_approved_smishing,imc25_english_smish_15926,You have a refund pending from HMRC. Use our secure link to confirm your details for payment: [redacted],smishing_corpus_row,smishing,accepted,approved,false,false,false,data\final\approved_smishing_messages.csv,original_source=Smishing-Dataset-IMC25; scam_category=government; strict-clean approved gathered smishing row.,you have a refund pending from hmrc use our secure link to confirm your details for payment redacted,,1,true,Smishing-Dataset-IMC25,smishing,You have a refund pending from HMRC. Use our secure link to confirm your details for payment: [redacted],You have a refund pending from HMRC. Use our secure link to confirm your details for payment: [redacted],True,original_unredacted,cleaned_from_raw,False,found_in_source_archive,Selected gathered final `message_raw` as the least-redacted available text.,excluded_duplicate_raw_available,,gathered_imc25_english_smish_15926,False,duplicate_against_raw_required_dataset
gathered_imc25_english_smish_15927,Smishing-Dataset-IMC25,Gathered approved smishing 7k,gathered_approved_smishing,imc25_english_smish_15927,"Urgent Notice! Dear *****, the Incometax_Department requires you to click <URL> to submit a formal application for the payment of your unclaimed and overdue tax-refund of 24,252INR.",smishing_corpus_row,smishing,accepted,approved,false,false,false,data\final\approved_smishing_messages.csv,original_source=Smishing-Dataset-IMC25; scam_category=government; strict-clean approved gathered smishing row.,urgent notice dear the incometax department requires you to click <url> to submit a formal application for the payment of your unclaimed and overdue tax refund of 24 252inr,,1,true,Smishing-Dataset-IMC25,smishing,"Urgent Notice! Dear *****, the Incometax_Department requires you to click http://<IP_ADDRESS>:8081/Refund to submit a formal application for the payment of your unclaimed and overdue tax-refund of 24,252INR.","Urgent Notice! Dear *****, the Incometax_Department requires you to click http://<IP_ADDRESS>:8081/Refund to submit a formal application for the payment of your unclaimed and overdue tax-refund of 24,252INR.",True,original_unredacted,cleaned_from_raw,False,found_in_source_archive,Selected gathered final `message_raw` as the least-redacted available text.,excluded_duplicate_raw_available,,gathered_imc25_english_smish_15927,False,duplicate_against_raw_required_dataset
gathered_imc25_english_smish_15932,Smishing-Dataset-IMC25,Gathered approved smishing 7k,gathered_approved_smishing,imc25_english_smish_15932,"Dear , the Incometax_Department requires you to click the link below to submit a formal request for the payment of your unclaimed and overdue tax-refund of 18,850INR.",smishing_corpus_row,smishing,accepted,approved,false,false,false,data\final\approved_smishing_messages.csv,original_source=Smishing-Dataset-IMC25; scam_category=government; strict-clean approved gathered smishing row.,dear the incometax department requires you to click the link below to submit a formal request for the payment of your unclaimed and overdue tax refund of 18 850inr,,1,true,Smishing-Dataset-IMC25,smishing,"Dear , the Incometax_Department requires you to click the link below to submit a formal request for the payment of your unclaimed and overdue tax-refund of 18,850INR.","Dear, the Incometax_Department requires you to click the link below to submit a formal request for the payment of your unclaimed and overdue tax-refund of 18,850INR.",True,original_unredacted,cleaned_from_raw,False,found_in_source_archive,Selected gathered final `message_raw` as the least-redacted available text.,excluded_duplicate_raw_available,,gathered_imc25_english_smish_15932,False,duplicate_against_raw_required_dataset
gathered_imc25_english_smish_15934,Smishing-Dataset-IMC25,Gathered approved smishing 7k,gathered_approved_smishing,imc25_english_smish_15934,"Important Alert! Dear Sir, the Incometax_Department requires you to click the link below to submit a formal request for the payment of your unclaimed and overdue tax-refund of 19,150INR.",smishing_corpus_row,smishing,accepted,approved,false,false,false,data\final\approved_smishing_messages.csv,original_source=Smishing-Dataset-IMC25; scam_category=government; strict-clean approved gathered smishing row.,important alert dear sir the incometax department requires you to click the link below to submit a formal request for the payment of your unclaimed and overdue tax refund of 19 150inr,,1,true,Smishing-Dataset-IMC25,smishing,"Important Alert! Dear Sir, the Incometax_Department requires you to click the link below to submit a formal request for the payment of your unclaimed and overdue tax-refund of 19,150INR.","Important Alert! Dear Sir, the Incometax_Department requires you to click the link below to submit a formal request for the payment of your unclaimed and overdue tax-refund of 19,150INR.",True,original_unredacted,cleaned_from_raw,False,found_in_source_archive,Selected gathered final `message_raw` as the least-redacted available text.,excluded_duplicate_raw_available,,gathered_imc25_english_smish_15934,False,duplicate_against_raw_required_dataset
gathered_imc25_english_smish_15935,Smishing-Dataset-IMC25,Gathered approved smishing 7k,gathered_approved_smishing,imc25_english_smish_15935,have determined that you are eligible to receive a tax refund of 281.39 GBP Click here to begin:,smishing_corpus_row,smishing,accepted,approved,false,false,false,data\final\approved_smishing_messages.csv,original_source=Smishing-Dataset-IMC25; scam_category=government; strict-clean approved gathered smishing row.,have determined that you are eligible to receive a tax refund of <num> 39 gbp click here to begin,,1,true,Smishing-Dataset-IMC25,smishing,"have determined that you are eligible to receive a tax refund of 281.39 GBP
Click here to begin:",have determined that you are eligible to receive a tax refund of 281.39 GBP Click here to begin:,True,original_unredacted,cleaned_from_raw,False,found_in_source_archive,Selected gathered final `message_raw` as the least-redacted available text.,excluded_duplicate_raw_available,,gathered_imc25_english_smish_15935,False,duplicate_against_raw_required_dataset
gathered_imc25_english_smish_15949,Smishing-Dataset-IMC25,Gathered approved smishing 7k,gathered_approved_smishing,imc25_english_smish_15949,"Important Alert! Dear ****, the Incometax_Department requires you to click the link below to submit a formal request for the payment of your unclaimed and overdue tax-refund of 19,150INR.",smishing_corpus_row,smishing,accepted,approved,false,false,false,data\final\approved_smishing_messages.csv,original_source=Smishing-Dataset-IMC25; scam_category=government; strict-clean approved gathered smishing row.,important alert dear the incometax department requires you to click the link below to submit a formal request for the payment of your unclaimed and overdue tax refund of 19 150inr,,1,true,Smishing-Dataset-IMC25,smishing,"Important Alert! Dear ****, the Incometax_Department requires you to click the link below to submit a formal request for the payment of your unclaimed and overdue tax-refund of 19,150INR.","Important Alert! Dear ****, the Incometax_Department requires you to click the link below to submit a formal request for the payment of your unclaimed and overdue tax-refund of 19,150INR.",True,original_unredacted,cleaned_from_raw,False,found_in_source_archive,Selected gathered final `message_raw` as the least-redacted available text.,excluded_duplicate_raw_available,,gathered_imc25_english_smish_15949,False,duplicate_against_raw_required_dataset
gathered_imc25_english_smish_15961,Smishing-Dataset-IMC25,Gathered approved smishing 7k,gathered_approved_smishing,imc25_english_smish_15961,"Important Alert! Dear Mahipal Singh Panwar, the Incometax_Department requires you to click the link below to submit a formal request for the payment of your unclaimed and overdue tax-refund of 19,150INR.",smishing_corpus_row,smishing,accepted,approved,false,false,false,data\final\approved_smishing_messages.csv,original_source=Smishing-Dataset-IMC25; scam_category=government; strict-clean approved gathered smishing row.,important alert dear mahipal singh panwar the incometax department requires you to click the link below to submit a formal request for the payment of your unclaimed and overdue tax refund of 19 150inr,,1,true,Smishing-Dataset-IMC25,smishing,"Important Alert! Dear Mahipal Singh Panwar, the Incometax_Department requires you to click the link below to submit a formal request for the payment of your unclaimed and overdue tax-refund of 19,150INR.","Important Alert! Dear Mahipal Singh Panwar, the Incometax_Department requires you to click the link below to submit a formal request for the payment of your unclaimed and overdue tax-refund of 19,150INR.",True,original_unredacted,cleaned_from_raw,False,found_in_source_archive,Selected gathered final `message_raw` as the least-redacted available text.,excluded_duplicate_raw_available,,gathered_imc25_english_smish_15961,False,duplicate_against_raw_required_dataset
gathered_imc25_english_smish_15963,Smishing-Dataset-IMC25,Gathered approved smishing 7k,gathered_approved_smishing,imc25_english_smish_15963,"Dear Vishal Nagda , the Incometax_Department requires you to click the link below to submit a formal request for the payment of your unclaimed and overdue tax-refund of 18,850INR.",smishing_corpus_row,smishing,accepted,approved,false,false,false,data\final\approved_smishing_messages.csv,original_source=Smishing-Dataset-IMC25; scam_category=government; strict-clean approved gathered smishing row.,dear vishal nagda the incometax department requires you to click the link below to submit a formal request for the payment of your unclaimed and overdue tax refund of 18 850inr,,1,true,Smishing-Dataset-IMC25,smishing,"Dear Vishal Nagda , the Incometax_Department requires you to click the link below to submit a formal request for the payment of your unclaimed and overdue tax-refund of 18,850INR.","Dear Vishal Nagda, the Incometax_Department requires you to click the link below to submit a formal request for the payment of your unclaimed and overdue tax-refund of 18,850INR.",True,original_unredacted,cleaned_from_raw,False,found_in_source_archive,Selected gathered final `message_raw` as the least-redacted available text.,excluded_duplicate_raw_available,,gathered_imc25_english_smish_15963,False,duplicate_against_raw_required_dataset
gathered_imc25_english_smish_15985,Smishing-Dataset-IMC25,Gathered approved smishing 7k,gathered_approved_smishing,imc25_english_smish_15985,"Dear Sir / Madam, your income tax refund of Rs.15,480 has been approved and your bank a/c will be credited shortly. Do kindly verify your a/c no 5XXXXX6755. If the same is incorrect, quickly follow the link below to update your bank record on file.",smishing_corpus_row,smishing,accepted,approved,false,false,false,data\final\approved_smishing_messages.csv,original_source=Smishing-Dataset-IMC25; scam_category=government; strict-clean approved gathered smishing row.,dear sir madam your income tax refund of rs 15 <num> has been approved and your bank a c will be credited shortly do kindly verify your a c no 5xxxxx6755 if the same is incorrect quickly follow the link below to update your bank record on file,,1,true,Smishing-Dataset-IMC25,smishing,"Dear Sir / Madam, your income tax refund of Rs.15,480 has been approved and your bank a/c will be credited shortly. Do kindly verify your a/c no 5XXXXX6755. If the same is incorrect, quickly follow the link below to update your bank record on file.","Dear Sir / Madam, your income tax refund of Rs.15,480 has been approved and your bank a/c will be credited shortly. Do kindly verify your a/c no 5XXXXX6755. If the same is incorrect, quickly follow the link below to update your bank record on file.",True,original_unredacted,cleaned_from_raw,False,found_in_source_archive,Selected gathered final `message_raw` as the least-redacted available text.,excluded_duplicate_raw_available,,gathered_imc25_english_smish_15985,False,duplicate_against_raw_required_dataset
gathered_imc25_english_smish_15988,Smishing-Dataset-IMC25,Gathered approved smishing 7k,gathered_approved_smishing,imc25_english_smish_15988,"DEAR SIR You have been approved for Income Tax REFUND of Rs. 15,490/-. The Account will be credited to your account shortly. Please verify your ACCOUNT NUMBER 5XXXXX6755. IF THIS IS NOT CORRECT, please update your bank account information by visiting the Link below:",smishing_corpus_row,smishing,accepted,approved,false,false,false,data\final\approved_smishing_messages.csv,original_source=Smishing-Dataset-IMC25; scam_category=government; strict-clean approved gathered smishing row.,dear sir you have been approved for income tax refund of rs 15 <num> the account will be credited to your account shortly please verify your account number 5xxxxx6755 if this is not correct please update your bank account information by visiting the link below,,1,true,Smishing-Dataset-IMC25,smishing,"DEAR SIR
You have been approved for Income Tax REFUND of Rs. 15,490/-. The Account will be credited to your account shortly. Please verify your ACCOUNT NUMBER 5XXXXX6755. IF THIS IS NOT CORRECT, please update your bank account information by visiting the Link below:","DEAR SIR You have been approved for Income Tax REFUND of Rs. 15,490/-. The Account will be credited to your account shortly. Please verify your ACCOUNT NUMBER 5XXXXX6755. IF THIS IS NOT CORRECT, please update your bank account information by visiting the Link below:",True,original_unredacted,cleaned_from_raw,False,found_in_source_archive,Selected gathered final `message_raw` as the least-redacted available text.,excluded_duplicate_raw_available,,gathered_imc25_english_smish_15988,False,duplicate_against_raw_required_dataset
gathered_imc25_english_smish_15999,Smishing-Dataset-IMC25,Gathered approved smishing 7k,gathered_approved_smishing,imc25_english_smish_15999,"Important Alert! Dear Madhukar Pandey, the Incometax_Department requires you to click the link below to submit a formal request for the payment of your unclaimed and overdue tax-refund of 19,150INR.",smishing_corpus_row,smishing,accepted,approved,false,false,false,data\final\approved_smishing_messages.csv,original_source=Smishing-Dataset-IMC25; scam_category=government; strict-clean approved gathered smishing row.,important alert dear madhukar pandey the incometax department requires you to click the link below to submit a formal request for the payment of your unclaimed and overdue tax refund of 19 150inr,,1,true,Smishing-Dataset-IMC25,smishing,"Important Alert! Dear Madhukar Pandey, the Incometax_Department requires you to click the link below to submit a formal request for the payment of your unclaimed and overdue tax-refund of 19,150INR.","Important Alert! Dear Madhukar Pandey, the Incometax_Department requires you to click the link below to submit a formal request for the payment of your unclaimed and overdue tax-refund of 19,150INR.",True,original_unredacted,cleaned_from_raw,False,found_in_source_archive,Selected gathered final `message_raw` as the least-redacted available text.,excluded_duplicate_raw_available,,gathered_imc25_english_smish_15999,False,duplicate_against_raw_required_dataset
gathered_imc25_english_smish_16002,Smishing-Dataset-IMC25,Gathered approved smishing 7k,gathered_approved_smishing,imc25_english_smish_16002,HMRC have determined that you are eligible to receive a tax refund of 257.69 GBP Click here to begin:,smishing_corpus_row,smishing,accepted,approved,false,false,false,data\final\approved_smishing_messages.csv,original_source=Smishing-Dataset-IMC25; scam_category=government; strict-clean approved gathered smishing row.,hmrc have determined that you are eligible to receive a tax refund of <num> 69 gbp click here to begin,,1,true,Smishing-Dataset-IMC25,smishing,HMRC have determined that you are eligible to receive a tax refund of 257.69 GBP Click here to begin:,HMRC have determined that you are eligible to receive a tax refund of 257.69 GBP Click here to begin:,True,original_unredacted,cleaned_from_raw,False,found_in_source_archive,Selected gathered final `message_raw` as the least-redacted available text.,excluded_duplicate_raw_available,,gathered_imc25_english_smish_16002,False,duplicate_against_raw_required_dataset
gathered_imc25_english_smish_16008,Smishing-Dataset-IMC25,Gathered approved smishing 7k,gathered_approved_smishing,imc25_english_smish_16008,"Important Alert! Dear [REDACTED], the Incometax_Department requires you to click the link below to submit a formal request for the payment of your unclaimed and overdue tax-refund of 19,150INR.",smishing_corpus_row,smishing,accepted,approved,false,false,false,data\final\approved_smishing_messages.csv,original_source=Smishing-Dataset-IMC25; scam_category=government; strict-clean approved gathered smishing row.,important alert dear redacted the incometax department requires you to click the link below to submit a formal request for the payment of your unclaimed and overdue tax refund of 19 150inr,,1,true,Smishing-Dataset-IMC25,smishing,"Important Alert! Dear [REDACTED], the Incometax_Department requires you to click the link below to submit a formal request for the payment of your unclaimed and overdue tax-refund of 19,150INR.","Important Alert! Dear [REDACTED], the Incometax_Department requires you to click the link below to submit a formal request for the payment of your unclaimed and overdue tax-refund of 19,150INR.",True,original_unredacted,cleaned_from_raw,False,found_in_source_archive,Selected gathered final `message_raw` as the least-redacted available text.,excluded_duplicate_raw_available,,gathered_imc25_english_smish_16008,False,duplicate_against_raw_required_dataset
gathered_imc25_english_smish_16035,Smishing-Dataset-IMC25,Gathered approved smishing 7k,gathered_approved_smishing,imc25_english_smish_16035,"Due to COVID-19 Outbreak, Central Govt. Has Decided to Provide Tax Refund to All Tax Payers, In Order To Provide Them Financial Ease During Lockdown. Click Below to Claim Your Refund.",smishing_corpus_row,smishing,accepted,approved,false,false,false,data\final\approved_smishing_messages.csv,original_source=Smishing-Dataset-IMC25; scam_category=government; strict-clean approved gathered smishing row.,due to covid 19 outbreak central govt has decided to provide tax refund to all tax payers in order to provide them financial ease during lockdown click below to claim your refund,,1,true,Smishing-Dataset-IMC25,smishing,"Due to COVID-19 Outbreak, Central Govt. Has Decided to Provide Tax Refund to All Tax Payers, In Order To Provide Them Financial Ease During Lockdown. Click Below to Claim Your Refund.","Due to COVID-19 Outbreak, Central Govt. Has Decided to Provide Tax Refund to All Tax Payers, In Order To Provide Them Financial Ease During Lockdown. Click Below to Claim Your Refund.",True,original_unredacted,cleaned_from_raw,False,found_in_source_archive,Selected gathered final `message_raw` as the least-redacted available text.,excluded_duplicate_raw_available,,gathered_imc25_english_smish_16035,False,duplicate_against_raw_required_dataset
gathered_imc25_english_smish_16047,Smishing-Dataset-IMC25,Gathered approved smishing 7k,gathered_approved_smishing,imc25_english_smish_16047,"Dear UIF Client Please note your UIF Application has been Approved. Please reply with the following information for UIF to issue your Payment, ID NUMBER: NAME OF BANK: STILL UNEMPLOYED: Regards, UIF <LOCATION>",smishing_corpus_row,smishing,accepted,approved,false,false,false,data\final\approved_smishing_messages.csv,original_source=Smishing-Dataset-IMC25; scam_category=government; strict-clean approved gathered smishing row.,dear uif client please note your uif application has been approved please reply with the following information for uif to issue your payment id number name of bank still unemployed regards uif <location>,,1,true,Smishing-Dataset-IMC25,smishing,"Dear UIF Client
Please note your UIF Application has been Approved.
Please reply with the following information for UIF to issue your Payment,
ID NUMBER:
NAME OF BANK:
STILL UNEMPLOYED:
Regards,
UIF <LOCATION>","Dear UIF Client Please note your UIF Application has been Approved. Please reply with the following information for UIF to issue your Payment, ID NUMBER: NAME OF BANK: STILL UNEMPLOYED: Regards, UIF <LOCATION>",True,original_unredacted,cleaned_from_raw,False,found_in_source_archive,Selected gathered final `message_raw` as the least-redacted available text.,excluded_duplicate_raw_available,,gathered_imc25_english_smish_16047,False,duplicate_against_raw_required_dataset
gathered_imc25_english_smish_16077,Smishing-Dataset-IMC25,Gathered approved smishing 7k,gathered_approved_smishing,imc25_english_smish_16077,DVLA: Your outstanding vehicle tax re-fund from an overpayment is pending. Please visit our secure link to process,smishing_corpus_row,smishing,accepted,approved,false,false,false,data\final\approved_smishing_messages.csv,original_source=Smishing-Dataset-IMC25; scam_category=government; strict-clean approved gathered smishing row.,dvla your outstanding vehicle tax re fund from an overpayment is pending please visit our secure link to process,,1,true,Smishing-Dataset-IMC25,smishing,DVLA: Your outstanding vehicle tax re-fund from an overpayment is pending. Please visit our secure link to process,DVLA: Your outstanding vehicle tax re-fund from an overpayment is pending. Please visit our secure link to process,True,original_unredacted,cleaned_from_raw,False,found_in_source_archive,Selected gathered final `message_raw` as the least-redacted available text.,excluded_duplicate_raw_available,,gathered_imc25_english_smish_16077,False,duplicate_against_raw_required_dataset
gathered_imc25_english_smish_16103,Smishing-Dataset-IMC25,Gathered approved smishing 7k,gathered_approved_smishing,imc25_english_smish_16103,HMRC have determined that you are eligible to receive a tax refund of 266 <LOCATION> Click here to begin,smishing_corpus_row,smishing,accepted,approved,false,false,false,data\final\approved_smishing_messages.csv,original_source=Smishing-Dataset-IMC25; scam_category=government; strict-clean approved gathered smishing row.,hmrc have determined that you are eligible to receive a tax refund of <num> <location> click here to begin,,1,true,Smishing-Dataset-IMC25,smishing,"HMRC
have determined that you are eligible to receive a tax refund of 266 <LOCATION>
Click here to begin",HMRC have determined that you are eligible to receive a tax refund of 266 <LOCATION> Click here to begin,True,original_unredacted,cleaned_from_raw,False,found_in_source_archive,Selected gathered final `message_raw` as the least-redacted available text.,excluded_duplicate_raw_available,,gathered_imc25_english_smish_16103,False,duplicate_against_raw_required_dataset
gathered_imc25_english_smish_16109,Smishing-Dataset-IMC25,Gathered approved smishing 7k,gathered_approved_smishing,imc25_english_smish_16109,HMRC have determined that you are eligible for a tax rebate of £485.95. Press the link to claim it now.,smishing_corpus_row,smishing,accepted,approved,false,false,false,data\final\approved_smishing_messages.csv,original_source=Smishing-Dataset-IMC25; scam_category=government; strict-clean approved gathered smishing row.,hmrc have determined that you are eligible for a tax rebate of <num> 95 press the link to claim it now,,1,true,Smishing-Dataset-IMC25,smishing,HMRC have determined that you are eligible for a tax rebate of £485.95. Press the link to claim it now.,HMRC have determined that you are eligible for a tax rebate of <AMOUNT>. Press the link to claim it now.,True,original_unredacted,cleaned_from_raw,False,found_in_source_archive,Selected gathered final `message_raw` as the least-redacted available text.,excluded_duplicate_raw_available,,gathered_imc25_english_smish_16109,False,duplicate_against_raw_required_dataset
gathered_imc25_english_smish_16123,Smishing-Dataset-IMC25,Gathered approved smishing 7k,gathered_approved_smishing,imc25_english_smish_16123,DVLA: Your outstanding vehicle tax refund from an overpayment is pending. Please visit our secure link to process.,smishing_corpus_row,smishing,accepted,approved,false,false,false,data\final\approved_smishing_messages.csv,original_source=Smishing-Dataset-IMC25; scam_category=government; strict-clean approved gathered smishing row.,dvla your outstanding vehicle tax refund from an overpayment is pending please visit our secure link to process,,1,true,Smishing-Dataset-IMC25,smishing,DVLA: Your outstanding vehicle tax refund from an overpayment is pending. Please visit our secure link to process.,DVLA: Your outstanding vehicle tax refund from an overpayment is pending. Please visit our secure link to process.,True,original_unredacted,cleaned_from_raw,False,found_in_source_archive,Selected gathered final `message_raw` as the least-redacted available text.,excluded_duplicate_raw_available,,gathered_imc25_english_smish_16123,False,duplicate_against_raw_required_dataset
gathered_imc25_english_smish_16162,Smishing-Dataset-IMC25,Gathered approved smishing 7k,gathered_approved_smishing,imc25_english_smish_16162,"Due to the Covid-19 outbreak City Council wish to pay you 375.48 GBP as tax refund, tap to claim, Stay Home and Stay Safe.",smishing_corpus_row,smishing,accepted,approved,false,false,false,data\final\approved_smishing_messages.csv,original_source=Smishing-Dataset-IMC25; scam_category=government; strict-clean approved gathered smishing row.,due to the covid 19 outbreak city council wish to pay you <num> 48 gbp as tax refund tap to claim stay home and stay safe,,1,true,Smishing-Dataset-IMC25,smishing,"Due to the Covid-19 outbreak City Council wish to pay you 375.48 GBP as tax refund, tap to claim, Stay Home and Stay Safe.","Due to the Covid-19 outbreak City Council wish to pay you 375.48 GBP as tax refund, tap to claim, Stay Home and Stay Safe.",True,original_unredacted,cleaned_from_raw,False,found_in_source_archive,Selected gathered final `message_raw` as the least-redacted available text.,excluded_duplicate_raw_available,,gathered_imc25_english_smish_16162,False,duplicate_against_raw_required_dataset
gathered_imc25_english_smish_16175,Smishing-Dataset-IMC25,Gathered approved smishing 7k,gathered_approved_smishing,imc25_english_smish_16175,"Dear customer for the ICT of COVID19 on Government policy to give away 30,000.00 incorporated with C.B.N, send your account detail or call <US_BANK_NUMBER> to verify.",smishing_corpus_row,smishing,accepted,approved,false,false,false,data\final\approved_smishing_messages.csv,original_source=Smishing-Dataset-IMC25; scam_category=government; strict-clean approved gathered smishing row.,dear customer for the ict of covid19 on government policy to give away 30 <num> 00 incorporated with c b n send your account detail or call <us bank number> to verify,,1,true,Smishing-Dataset-IMC25,smishing,"Dear customer for the ICT of COVID19 on Government policy to give away 30,000.00 incorporated with C.B.N, send your account detail or call <US_BANK_NUMBER> to verify.","Dear customer for the ICT of COVID19 on Government policy to give away 30,000.00 incorporated with C.B.N, send your account detail or call <US_BANK_NUMBER> to verify.",True,original_unredacted,cleaned_from_raw,False,found_in_source_archive,Selected gathered final `message_raw` as the least-redacted available text.,excluded_duplicate_raw_available,,gathered_imc25_english_smish_16175,False,duplicate_against_raw_required_dataset
gathered_imc25_english_smish_16176,Smishing-Dataset-IMC25,Gathered approved smishing 7k,gathered_approved_smishing,imc25_english_smish_16176,"Please note your UIF Application has been approved. please reply with following information for UIF to issue your payment, D NUMBER : NAME OF BANK: STILL UNEMPLOYED: Regards UIF <LOCATION>",smishing_corpus_row,smishing,accepted,approved,false,false,false,data\final\approved_smishing_messages.csv,original_source=Smishing-Dataset-IMC25; scam_category=government; strict-clean approved gathered smishing row.,please note your uif application has been approved please reply with following information for uif to issue your payment d number name of bank still unemployed regards uif <location>,,1,true,Smishing-Dataset-IMC25,smishing,"Please note your UIF Application has been approved. please reply with following information for UIF to issue your payment,

D NUMBER :
NAME OF BANK:
STILL UNEMPLOYED:

Regards
UIF <LOCATION>","Please note your UIF Application has been approved. please reply with following information for UIF to issue your payment, D NUMBER: NAME OF BANK: STILL UNEMPLOYED: Regards UIF <LOCATION>",True,original_unredacted,cleaned_from_raw,False,found_in_source_archive,Selected gathered final `message_raw` as the least-redacted available text.,excluded_duplicate_raw_available,,gathered_imc25_english_smish_16176,False,duplicate_against_raw_required_dataset
gathered_imc25_english_smish_16182,Smishing-Dataset-IMC25,Gathered approved smishing 7k,gathered_approved_smishing,imc25_english_smish_16182,"UNVERIFIED ACC-Dear students Urgently log into NSFSAS portal, update your phone number after go to nsfas connect to create a case number and submit the case number at bursary office. Visit bursary office to complete verification form attached your certified id copy. RefNo: <US_BANK_NUMBER>",smishing_corpus_row,smishing,accepted,approved,false,false,false,data\final\approved_smishing_messages.csv,original_source=Smishing-Dataset-IMC25; scam_category=government; strict-clean approved gathered smishing row.,unverified acc dear students urgently log into nsfsas portal update your phone number after go to nsfas connect to create a case number and submit the case number at bursary office visit bursary office to complete verification form attached your certified id copy refno <us bank number>,,1,true,Smishing-Dataset-IMC25,smishing,"UNVERIFIED ACC-Dear students
Urgently log into NSFSAS portal, update your phone number after go to nsfas connect to create a case number and submit the case number at bursary office. Visit bursary office to complete verification form attached your certified id copy. RefNo: <US_BANK_NUMBER>","UNVERIFIED ACC-Dear students Urgently log into NSFSAS portal, update your phone number after go to nsfas connect to create a case number and submit the case number at bursary office. Visit bursary office to complete verification form attached your certified id copy. RefNo: <US_BANK_NUMBER>",True,original_unredacted,cleaned_from_raw,False,found_in_source_archive,Selected gathered final `message_raw` as the least-redacted available text.,excluded_duplicate_raw_available,,gathered_imc25_english_smish_16182,False,duplicate_against_raw_required_dataset
gathered_imc25_english_smish_16259,Smishing-Dataset-IMC25,Gathered approved smishing 7k,gathered_approved_smishing,imc25_english_smish_16259,"You've won USD50,000 United Nations COVID-19 relief fund. For details & claim, contact this email address (<EMAIL_ADDRESS>) quoting your Ref No: UN/CO19/<OTP>",smishing_corpus_row,smishing,accepted,approved,false,false,false,data\final\approved_smishing_messages.csv,original_source=Smishing-Dataset-IMC25; scam_category=government; strict-clean approved gathered smishing row.,you ve won usd50 <num> united nations covid 19 relief fund for details claim contact this email address <email address> quoting your ref no un co19 <otp>,,1,true,Smishing-Dataset-IMC25,smishing,"You've won USD50,000 United Nations COVID-19 relief fund. For details & claim, contact this email address (<EMAIL_ADDRESS>) quoting your Ref No: UN/CO19/2181","You've won <AMOUNT> United Nations COVID-19 relief fund. For details & claim, contact this email address (<EMAIL_ADDRESS>) quoting your Ref No: UN/CO19/2181",True,original_unredacted,cleaned_from_raw,False,found_in_source_archive,Selected gathered final `message_raw` as the least-redacted available text.,excluded_duplicate_raw_available,,gathered_imc25_english_smish_16259,False,duplicate_against_raw_required_dataset
gathered_imc25_english_smish_16288,Smishing-Dataset-IMC25,Gathered approved smishing 7k,gathered_approved_smishing,imc25_english_smish_16288,"NEW!, SASSA is giving out food parcel vouchers again as it showed on TV, Register your Name Now! I Have Received Mine. OPEN THIS",smishing_corpus_row,smishing,accepted,approved,false,false,false,data\final\approved_smishing_messages.csv,original_source=Smishing-Dataset-IMC25; scam_category=government; strict-clean approved gathered smishing row.,new sassa is giving out food parcel vouchers again as it showed on tv register your name now i have received mine open this,,1,true,Smishing-Dataset-IMC25,smishing,"NEW!, SASSA is giving out food parcel vouchers again as it showed on TV, Register your Name Now!

I Have Received Mine.
OPEN THIS","NEW!, SASSA is giving out food parcel vouchers again as it showed on TV, Register your Name Now! I Have Received Mine. OPEN THIS",True,original_unredacted,cleaned_from_raw,False,found_in_source_archive,Selected gathered final `message_raw` as the least-redacted available text.,excluded_duplicate_raw_available,,gathered_imc25_english_smish_16288,False,duplicate_against_raw_required_dataset
gathered_imc25_english_smish_16295,Smishing-Dataset-IMC25,Gathered approved smishing 7k,gathered_approved_smishing,imc25_english_smish_16295,NHS: We have recently checked that you can now apply for your Covid Pass proving you have been vaccinated. Please visit <URL> for more information.,smishing_corpus_row,smishing,accepted,approved,false,false,false,data\final\approved_smishing_messages.csv,original_source=Smishing-Dataset-IMC25; scam_category=government; strict-clean approved gathered smishing row.,nhs we have recently checked that you can now apply for your covid pass proving you have been vaccinated please visit <url> for more information,,1,true,Smishing-Dataset-IMC25,smishing,NHS: We have recently checked that you can now apply for your Covid Pass proving you have been vaccinated. Please visit https://nhs-pass for more information.,NHS: We have recently checked that you can now apply for your Covid Pass proving you have been vaccinated. Please visit <URL> for more information.,True,original_unredacted,cleaned_from_raw,False,found_in_source_archive,Selected gathered final `message_raw` as the least-redacted available text.,excluded_duplicate_raw_available,,gathered_imc25_english_smish_16295,False,duplicate_against_raw_required_dataset
gathered_imc25_english_smish_16309,Smishing-Dataset-IMC25,Gathered approved smishing 7k,gathered_approved_smishing,imc25_english_smish_16309,Your Illinois Unemployment Insurance Claim account is currently on hold for verification. Please complete your verification by following the instructions in the link below:,smishing_corpus_row,smishing,accepted,approved,false,false,false,data\final\approved_smishing_messages.csv,original_source=Smishing-Dataset-IMC25; scam_category=government; strict-clean approved gathered smishing row.,your illinois unemployment insurance claim account is currently on hold for verification please complete your verification by following the instructions in the link below,,1,true,Smishing-Dataset-IMC25,smishing,Your Illinois Unemployment Insurance Claim account is currently on hold for verification. Please complete your verification by following the instructions in the link below:,Your Illinois Unemployment Insurance Claim account is currently on hold for verification. Please complete your verification by following the instructions in the link below:,True,original_unredacted,cleaned_from_raw,False,found_in_source_archive,Selected gathered final `message_raw` as the least-redacted available text.,excluded_duplicate_raw_available,,gathered_imc25_english_smish_16309,False,duplicate_against_raw_required_dataset
gathered_imc25_english_smish_16325,Smishing-Dataset-IMC25,Gathered approved smishing 7k,gathered_approved_smishing,imc25_english_smish_16325,"Dvla: We have recalculated your vehicle tax. You are owed £48.84 due to over payment, visit <LOCATION> to claim your refund now.",smishing_corpus_row,smishing,accepted,approved,false,false,false,data\final\approved_smishing_messages.csv,original_source=Smishing-Dataset-IMC25; scam_category=government; strict-clean approved gathered smishing row.,dvla we have recalculated your vehicle tax you are owed 48 84 due to over payment visit <location> to claim your refund now,,1,true,Smishing-Dataset-IMC25,smishing,"Dvla: We have recalculated your vehicle tax. You are owed £48.84 due to over payment, visit <LOCATION> to claim your refund now.","Dvla: We have recalculated your vehicle tax. You are owed <AMOUNT> due to over payment, visit <LOCATION> to claim your refund now.",True,original_unredacted,cleaned_from_raw,False,found_in_source_archive,Selected gathered final `message_raw` as the least-redacted available text.,excluded_duplicate_raw_available,,gathered_imc25_english_smish_16325,False,duplicate_against_raw_required_dataset
gathered_imc25_english_smish_16415,Smishing-Dataset-IMC25,Gathered approved smishing 7k,gathered_approved_smishing,imc25_english_smish_16415,"You've Won USD250,000 United Nations COVID-19 relief fund. For details & Claim, Send us E-mail (<EMAIL_ADDRESS>) quote your Ref No: UN/CO19/<OTP>",smishing_corpus_row,smishing,accepted,approved,false,false,false,data\final\approved_smishing_messages.csv,original_source=Smishing-Dataset-IMC25; scam_category=government; strict-clean approved gathered smishing row.,you ve won usd250 <num> united nations covid 19 relief fund for details claim send us e mail <email address> quote your ref no un co19 <otp>,,1,true,Smishing-Dataset-IMC25,smishing,"You've Won USD250,000 United Nations COVID-19 relief fund. For details & Claim, Send us E-mail (<EMAIL_ADDRESS>) quote your Ref No: UN/CO19/1921","You've Won <AMOUNT> United Nations COVID-19 relief fund. For details & Claim, Send us E-mail (<EMAIL_ADDRESS>) quote your Ref No: UN/CO19/1921",True,original_unredacted,cleaned_from_raw,False,found_in_source_archive,Selected gathered final `message_raw` as the least-redacted available text.,excluded_duplicate_raw_available,,gathered_imc25_english_smish_16415,False,duplicate_against_raw_required_dataset
gathered_imc25_english_smish_16456,Smishing-Dataset-IMC25,Gathered approved smishing 7k,gathered_approved_smishing,imc25_english_smish_16456,The Illinois Department of Employment security requires you to verify your regular Unemployment Assistance Claim account. Please complete your verification by following the instructions in the link below:,smishing_corpus_row,smishing,accepted,approved,false,false,false,data\final\approved_smishing_messages.csv,original_source=Smishing-Dataset-IMC25; scam_category=government; strict-clean approved gathered smishing row.,the illinois department of employment security requires you to verify your regular unemployment assistance claim account please complete your verification by following the instructions in the link below,,1,true,Smishing-Dataset-IMC25,smishing,The Illinois Department of Employment security requires you to verify your regular Unemployment Assistance Claim account. Please complete your verification by following the instructions in the link below:,The Illinois Department of Employment security requires you to verify your regular Unemployment Assistance Claim account. Please complete your verification by following the instructions in the link below:,True,original_unredacted,cleaned_from_raw,False,found_in_source_archive,Selected gathered final `message_raw` as the least-redacted available text.,excluded_duplicate_raw_available,,gathered_imc25_english_smish_16456,False,duplicate_against_raw_required_dataset
gathered_imc25_english_smish_16521,Smishing-Dataset-IMC25,Gathered approved smishing 7k,gathered_approved_smishing,imc25_english_smish_16521,"Due to the face verification update, you must complete a face scan verification or Singpass will be deactivated:",smishing_corpus_row,smishing,accepted,approved,false,false,false,data\final\approved_smishing_messages.csv,original_source=Smishing-Dataset-IMC25; scam_category=government; strict-clean approved gathered smishing row.,due to the face verification update you must complete a face scan verification or singpass will be deactivated,,1,true,Smishing-Dataset-IMC25,smishing,"Due to the face verification update, you must complete a face scan verification or Singpass will be deactivated:","Due to the face verification update, you must complete a face scan verification or Singpass will be deactivated:",True,original_unredacted,cleaned_from_raw,False,found_in_source_archive,Selected gathered final `message_raw` as the least-redacted available text.,excluded_duplicate_raw_available,,gathered_imc25_english_smish_16521,False,duplicate_against_raw_required_dataset
gathered_imc25_english_smish_16692,Smishing-Dataset-IMC25,Gathered approved smishing 7k,gathered_approved_smishing,imc25_english_smish_16692,Government Of Canada has temporarily started to sending out federal payment by E-transfer. Click here to deposit your funds:,smishing_corpus_row,smishing,accepted,approved,false,false,false,data\final\approved_smishing_messages.csv,original_source=Smishing-Dataset-IMC25; scam_category=government; strict-clean approved gathered smishing row.,government of canada has temporarily started to sending out federal payment by e transfer click here to deposit your funds,,1,true,Smishing-Dataset-IMC25,smishing,Government Of Canada has temporarily started to sending out federal payment by E-transfer. Click here to deposit your funds:,Government Of Canada has temporarily started to sending out federal payment by E-transfer. Click here to deposit your funds:,True,original_unredacted,cleaned_from_raw,False,found_in_source_archive,Selected gathered final `message_raw` as the least-redacted available text.,excluded_duplicate_raw_available,,gathered_imc25_english_smish_16692,False,duplicate_against_raw_required_dataset
gathered_imc25_english_smish_16744,Smishing-Dataset-IMC25,Gathered approved smishing 7k,gathered_approved_smishing,imc25_english_smish_16744,"Dear Sir, You have been approved an income tax refund of Rs. 15,490/-, the amount will be credited to your account shortly. Please verify your account number 5XXXXX6755. If this is not correct, please update your bank account information by visiting the link below.",smishing_corpus_row,smishing,accepted,approved,false,false,false,data\final\approved_smishing_messages.csv,original_source=Smishing-Dataset-IMC25; scam_category=government; strict-clean approved gathered smishing row.,dear sir you have been approved an income tax refund of rs 15 <num> the amount will be credited to your account shortly please verify your account number 5xxxxx6755 if this is not correct please update your bank account information by visiting the link below,,1,true,Smishing-Dataset-IMC25,smishing,"Dear Sir, You have been approved an income tax refund of Rs. 15,490/-, the amount will be credited to your account shortly. Please verify your account number 5XXXXX6755. If this is not correct, please update your bank account information by visiting the link below.","Dear Sir, You have been approved an income tax refund of Rs. 15,490/-, the amount will be credited to your account shortly. Please verify your account number 5XXXXX6755. If this is not correct, please update your bank account information by visiting the link below.",True,original_unredacted,cleaned_from_raw,False,found_in_source_archive,Selected gathered final `message_raw` as the least-redacted available text.,excluded_duplicate_raw_available,,gathered_imc25_english_smish_16744,False,duplicate_against_raw_required_dataset
gathered_imc25_english_smish_16761,Smishing-Dataset-IMC25,Gathered approved smishing 7k,gathered_approved_smishing,imc25_english_smish_16761,"ATO: You are suspected in cryptocurrency Tax Evasion. Connect your wallet to provide detailed information, visit",smishing_corpus_row,smishing,accepted,approved,false,false,false,data\final\approved_smishing_messages.csv,original_source=Smishing-Dataset-IMC25; scam_category=government; strict-clean approved gathered smishing row.,ato you are suspected in cryptocurrency tax evasion connect your wallet to provide detailed information visit,,1,true,Smishing-Dataset-IMC25,smishing,"ATO: You are suspected in cryptocurrency Tax Evasion. Connect your wallet to provide detailed information, visit","ATO: You are suspected in cryptocurrency Tax Evasion. Connect your wallet to provide detailed information, visit",True,original_unredacted,cleaned_from_raw,False,found_in_source_archive,Selected gathered final `message_raw` as the least-redacted available text.,excluded_duplicate_raw_available,,gathered_imc25_english_smish_16761,False,duplicate_against_raw_required_dataset
gathered_imc25_english_smish_16789,Smishing-Dataset-IMC25,Gathered approved smishing 7k,gathered_approved_smishing,imc25_english_smish_16789,E-Toll Overdue Alert: A toll trip under your account was marked as PAYMENT FAILED. Please pay the bill manually to avoid penalty notice.,smishing_corpus_row,smishing,accepted,approved,false,false,false,data\final\approved_smishing_messages.csv,original_source=Smishing-Dataset-IMC25; scam_category=government; strict-clean approved gathered smishing row.,e toll overdue alert a toll trip under your account was marked as payment failed please pay the bill manually to avoid penalty notice,,1,true,Smishing-Dataset-IMC25,smishing,E-Toll Overdue Alert: A toll trip under your account was marked as PAYMENT FAILED. Please pay the bill manually to avoid penalty notice.,E-Toll Overdue Alert: A toll trip under your account was marked as PAYMENT FAILED. Please pay the bill manually to avoid penalty notice.,True,original_unredacted,cleaned_from_raw,False,found_in_source_archive,Selected gathered final `message_raw` as the least-redacted available text.,excluded_duplicate_raw_available,,gathered_imc25_english_smish_16789,False,duplicate_against_raw_required_dataset
gathered_imc25_english_smish_16850,Smishing-Dataset-IMC25,Gathered approved smishing 7k,gathered_approved_smishing,imc25_english_smish_16850,"Your singpass has been disabled due to security reasons, Please verify your information to activate it again:",smishing_corpus_row,smishing,accepted,approved,false,false,false,data\final\approved_smishing_messages.csv,original_source=Smishing-Dataset-IMC25; scam_category=government; strict-clean approved gathered smishing row.,your singpass has been disabled due to security reasons please verify your information to activate it again,,1,true,Smishing-Dataset-IMC25,smishing,"Your singpass has been disabled due to security reasons, Please verify your information to activate it again:","Your singpass has been disabled due to security reasons, Please verify your information to activate it again:",True,original_unredacted,cleaned_from_raw,False,found_in_source_archive,Selected gathered final `message_raw` as the least-redacted available text.,excluded_duplicate_raw_available,,gathered_imc25_english_smish_16850,False,duplicate_against_raw_required_dataset
gathered_imc25_english_smish_16946,Smishing-Dataset-IMC25,Gathered approved smishing 7k,gathered_approved_smishing,imc25_english_smish_16946,"This is a letter regarding an appointment from South Tyneside & Sunderland NHS Foundation Trust. Please login on your smartphone, tablet or PC using the following link with PIN <OTP> and your DOB. If you cannot access the link, a paper letter will be sent. Thank you.",smishing_corpus_row,smishing,accepted,approved,false,false,false,data\final\approved_smishing_messages.csv,original_source=Smishing-Dataset-IMC25; scam_category=government; strict-clean approved gathered smishing row.,this is a letter regarding an appointment from south tyneside sunderland nhs foundation trust please login on your smartphone tablet or pc using the following link with pin <otp> and your dob if you cannot access the link a paper letter will be sent thank you,,1,true,Smishing-Dataset-IMC25,smishing,"This is a letter regarding an appointment from South Tyneside & Sunderland NHS Foundation Trust. Please login on your smartphone, tablet or PC using the following link with PIN 7145 and your DOB. If you cannot access the link, a paper letter will be sent. Thank you.","This is a letter regarding an appointment from South Tyneside & Sunderland NHS Foundation Trust. Please login on your smartphone, tablet or PC using the following link with PIN <OTP> and your DOB. If you cannot access the link, a paper letter will be sent. Thank you.",True,original_unredacted,cleaned_from_raw,False,found_in_source_archive,Selected gathered final `message_raw` as the least-redacted available text.,excluded_duplicate_raw_available,,gathered_imc25_english_smish_16946,False,duplicate_against_raw_required_dataset
gathered_imc25_english_smish_16982,Smishing-Dataset-IMC25,Gathered approved smishing 7k,gathered_approved_smishing,imc25_english_smish_16982,We identified an unusual login attempt on your account. Log in via the secure link to avoid account suspension.,smishing_corpus_row,smishing,accepted,approved,false,false,false,data\final\approved_smishing_messages.csv,original_source=Smishing-Dataset-IMC25; scam_category=others; strict-clean approved gathered smishing row.,we identified an unusual login attempt on your account log in via the secure link to avoid account suspension,,1,true,Smishing-Dataset-IMC25,smishing,We identified an unusual login attempt on your account. Log in via the secure link to avoid account suspension.,We identified an unusual login attempt on your account. Log in via the secure link to avoid account suspension.,True,original_unredacted,cleaned_from_raw,False,found_in_source_archive,Selected gathered final `message_raw` as the least-redacted available text.,excluded_duplicate_raw_available,,gathered_imc25_english_smish_16982,False,duplicate_against_raw_required_dataset
gathered_imc25_english_smish_16991,Smishing-Dataset-IMC25,Gathered approved smishing 7k,gathered_approved_smishing,imc25_english_smish_16991,Your account for 077XXXXXXXX is temporarily locked. Follow the verification process and give us you correct information to unlock it :,smishing_corpus_row,smishing,accepted,approved,false,false,false,data\final\approved_smishing_messages.csv,original_source=Smishing-Dataset-IMC25; scam_category=others; strict-clean approved gathered smishing row.,your account for 077xxxxxxxx is temporarily locked follow the verification process and give us you correct information to unlock it,,1,true,Smishing-Dataset-IMC25,smishing,Your account for 077XXXXXXXX is temporarily locked. Follow the verification process and give us you correct information to unlock it :,Your account for 077XXXXXXXX is temporarily locked. Follow the verification process and give us you correct information to unlock it:,True,original_unredacted,cleaned_from_raw,False,found_in_source_archive,Selected gathered final `message_raw` as the least-redacted available text.,excluded_duplicate_raw_available,,gathered_imc25_english_smish_16991,False,duplicate_against_raw_required_dataset
gathered_imc25_english_smish_16999,Smishing-Dataset-IMC25,Gathered approved smishing 7k,gathered_approved_smishing,imc25_english_smish_16999,your SMS code: <PHONE>,smishing_corpus_row,smishing,accepted,approved,false,false,false,data\final\approved_smishing_messages.csv,original_source=Smishing-Dataset-IMC25; scam_category=others; strict-clean approved gathered smishing row.,your sms code <phone>,,1,true,Smishing-Dataset-IMC25,smishing,your SMS code: 24 - 55 - 14 - 20,your SMS code: <PHONE>,True,original_unredacted,cleaned_from_raw,False,found_in_source_archive,Selected gathered final `message_raw` as the least-redacted available text.,excluded_duplicate_raw_available,,gathered_imc25_english_smish_16999,False,duplicate_against_raw_required_dataset
gathered_imc25_english_smish_17013,Smishing-Dataset-IMC25,Gathered approved smishing 7k,gathered_approved_smishing,imc25_english_smish_17013,Your account got locked. Log in to verify it.,smishing_corpus_row,smishing,accepted,approved,false,false,false,data\final\approved_smishing_messages.csv,original_source=Smishing-Dataset-IMC25; scam_category=others; strict-clean approved gathered smishing row.,your account got locked log in to verify it,,1,true,Smishing-Dataset-IMC25,smishing,Your account got locked. Log in to verify it.,Your account got locked. Log in to verify it.,True,original_unredacted,cleaned_from_raw,False,found_in_source_archive,Selected gathered final `message_raw` as the least-redacted available text.,excluded_duplicate_raw_available,,gathered_imc25_english_smish_17013,False,duplicate_against_raw_required_dataset
gathered_imc25_english_smish_17023,Smishing-Dataset-IMC25,Gathered approved smishing 7k,gathered_approved_smishing,imc25_english_smish_17023,"Your Apple account has been suspended due to security reasons. To unlock it, review your account here:",smishing_corpus_row,smishing,accepted,approved,false,false,false,data\final\approved_smishing_messages.csv,original_source=Smishing-Dataset-IMC25; scam_category=others; strict-clean approved gathered smishing row.,your apple account has been suspended due to security reasons to unlock it review your account here,,1,true,Smishing-Dataset-IMC25,smishing,"Your Apple account has been suspended due to security reasons. To unlock it, review your account here:","Your Apple account has been suspended due to security reasons. To unlock it, review your account here:",True,original_unredacted,cleaned_from_raw,False,found_in_source_archive,Selected gathered final `message_raw` as the least-redacted available text.,excluded_duplicate_raw_available,,gathered_imc25_english_smish_17023,False,duplicate_against_raw_required_dataset
gathered_imc25_english_smish_17032,Smishing-Dataset-IMC25,Gathered approved smishing 7k,gathered_approved_smishing,imc25_english_smish_17032,You are eligible to receive a refund of 395.60 AUD. Please click the link to submit your refund request:,smishing_corpus_row,smishing,accepted,approved,false,false,false,data\final\approved_smishing_messages.csv,original_source=Smishing-Dataset-IMC25; scam_category=others; strict-clean approved gathered smishing row.,you are eligible to receive a refund of <num> 60 aud please click the link to submit your refund request,,1,true,Smishing-Dataset-IMC25,smishing,You are eligible to receive a refund of 395.60 AUD. Please click the link to submit your refund request:,You are eligible to receive a refund of 395.60 AUD. Please click the link to submit your refund request:,True,original_unredacted,cleaned_from_raw,False,found_in_source_archive,Selected gathered final `message_raw` as the least-redacted available text.,excluded_duplicate_raw_available,,gathered_imc25_english_smish_17032,False,duplicate_against_raw_required_dataset
gathered_imc25_english_smish_17040,Smishing-Dataset-IMC25,Gathered approved smishing 7k,gathered_approved_smishing,imc25_english_smish_17040,"The account is locked, log in to the account for verificacion.",smishing_corpus_row,smishing,accepted,approved,false,false,false,data\final\approved_smishing_messages.csv,original_source=Smishing-Dataset-IMC25; scam_category=others; strict-clean approved gathered smishing row.,the account is locked log in to the account for verificacion,,1,true,Smishing-Dataset-IMC25,smishing,"The account is locked, log in to the account for verificacion.","The account is locked, log in to the account for verificacion.",True,original_unredacted,cleaned_from_raw,False,found_in_source_archive,Selected gathered final `message_raw` as the least-redacted available text.,excluded_duplicate_raw_available,,gathered_imc25_english_smish_17040,False,duplicate_against_raw_required_dataset
gathered_imc25_english_smish_17073,Smishing-Dataset-IMC25,Gathered approved smishing 7k,gathered_approved_smishing,imc25_english_smish_17073,"Congratulations, you just won a trip for two to <LOCATION>! Follow this link to claim your prize:",smishing_corpus_row,smishing,accepted,approved,false,false,false,data\final\approved_smishing_messages.csv,original_source=Smishing-Dataset-IMC25; scam_category=others; strict-clean approved gathered smishing row.,congratulations you just won a trip for two to <location> follow this link to claim your prize,,1,true,Smishing-Dataset-IMC25,smishing,"Congratulations, you just won a trip for two to <LOCATION>! Follow this link to claim your prize:","Congratulations, you just won a trip for two to <LOCATION>! Follow this link to claim your prize:",True,original_unredacted,cleaned_from_raw,False,found_in_source_archive,Selected gathered final `message_raw` as the least-redacted available text.,excluded_duplicate_raw_available,,gathered_imc25_english_smish_17073,False,duplicate_against_raw_required_dataset
gathered_imc25_english_smish_17079,Smishing-Dataset-IMC25,Gathered approved smishing 7k,gathered_approved_smishing,imc25_english_smish_17079,We have identified an unusual login attempt on your account. Login via the secure link to avoid account suspension,smishing_corpus_row,smishing,accepted,approved,false,false,false,data\final\approved_smishing_messages.csv,original_source=Smishing-Dataset-IMC25; scam_category=others; strict-clean approved gathered smishing row.,we have identified an unusual login attempt on your account login via the secure link to avoid account suspension,,1,true,Smishing-Dataset-IMC25,smishing,We have identified an unusual login attempt on your account. Login via the secure link to avoid account suspension,We have identified an unusual login attempt on your account. Login via the secure link to avoid account suspension,True,original_unredacted,cleaned_from_raw,False,found_in_source_archive,Selected gathered final `message_raw` as the least-redacted available text.,excluded_duplicate_raw_available,,gathered_imc25_english_smish_17079,False,duplicate_against_raw_required_dataset
gathered_imc25_english_smish_17080,Smishing-Dataset-IMC25,Gathered approved smishing 7k,gathered_approved_smishing,imc25_english_smish_17080,"YOUR PHONE NO. HAS WON £1.000,000 IN WHATSAPP <OTP> INTL. AWARENESS PROMO HELD IN <LOCATION>, FOR CLAIM SEND YOUR DETAILS TO",smishing_corpus_row,smishing,accepted,approved,false,false,false,data\final\approved_smishing_messages.csv,original_source=Smishing-Dataset-IMC25; scam_category=others; strict-clean approved gathered smishing row.,your phone no has won 1 <num> <num> in whatsapp <otp> intl awareness promo held in <location> for claim send your details to,,1,true,Smishing-Dataset-IMC25,smishing,"YOUR PHONE NO. HAS WON £1.000,000 IN WHATSAPP 2017 INTL. AWARENESS  PROMO HELD IN <LOCATION>, FOR CLAIM SEND YOUR DETAILS TO","YOUR PHONE NO. HAS WON <AMOUNT>0,000 IN WHATSAPP 2017 INTL. AWARENESS PROMO HELD IN <LOCATION>, FOR CLAIM SEND YOUR DETAILS TO",True,original_unredacted,cleaned_from_raw,False,found_in_source_archive,Selected gathered final `message_raw` as the least-redacted available text.,excluded_duplicate_raw_available,,gathered_imc25_english_smish_17080,False,duplicate_against_raw_required_dataset
gathered_imc25_english_smish_17093,Smishing-Dataset-IMC25,Gathered approved smishing 7k,gathered_approved_smishing,imc25_english_smish_17093,"System detected unusual login attempts on your account. Please verify account to avoid suspension, visit the secure link.",smishing_corpus_row,smishing,accepted,approved,false,false,false,data\final\approved_smishing_messages.csv,original_source=Smishing-Dataset-IMC25; scam_category=others; strict-clean approved gathered smishing row.,system detected unusual login attempts on your account please verify account to avoid suspension visit the secure link,,1,true,Smishing-Dataset-IMC25,smishing,"System detected unusual login attempts on your account. Please verify account to avoid suspension, visit the secure link.","System detected unusual login attempts on your account. Please verify account to avoid suspension, visit the secure link.",True,original_unredacted,cleaned_from_raw,False,found_in_source_archive,Selected gathered final `message_raw` as the least-redacted available text.,excluded_duplicate_raw_available,,gathered_imc25_english_smish_17093,False,duplicate_against_raw_required_dataset
gathered_imc25_english_smish_17096,Smishing-Dataset-IMC25,Gathered approved smishing 7k,gathered_approved_smishing,imc25_english_smish_17096,Your subscription has expired. To verify your account and purchase a lifetime subscription for just 0.99 GBP simply tap on this link.,smishing_corpus_row,smishing,accepted,approved,false,false,false,data\final\approved_smishing_messages.csv,original_source=Smishing-Dataset-IMC25; scam_category=others; strict-clean approved gathered smishing row.,your subscription has expired to verify your account and purchase a lifetime subscription for just 0 99 gbp simply tap on this link,,1,true,Smishing-Dataset-IMC25,smishing,Your subscription has expired. To verify your account and purchase a lifetime subscription for just 0.99 GBP simply tap on this link.,Your subscription has expired. To verify your account and purchase a lifetime subscription for just 0.99 GBP simply tap on this link.,True,original_unredacted,cleaned_from_raw,False,found_in_source_archive,Selected gathered final `message_raw` as the least-redacted available text.,excluded_duplicate_raw_available,,gathered_imc25_english_smish_17096,False,duplicate_against_raw_required_dataset
gathered_imc25_english_smish_17097,Smishing-Dataset-IMC25,Gathered approved smishing 7k,gathered_approved_smishing,imc25_english_smish_17097,"Your Apple ID is due to expire. To prevent this, confirm your Apple ID at",smishing_corpus_row,smishing,accepted,approved,false,false,false,data\final\approved_smishing_messages.csv,original_source=Smishing-Dataset-IMC25; scam_category=others; strict-clean approved gathered smishing row.,your apple id is due to expire to prevent this confirm your apple id at,,1,true,Smishing-Dataset-IMC25,smishing,"Your Apple ID is due to expire. To prevent this, confirm your Apple ID at","Your Apple ID is due to expire. To prevent this, confirm your Apple ID at",True,original_unredacted,cleaned_from_raw,False,found_in_source_archive,Selected gathered final `message_raw` as the least-redacted available text.,excluded_duplicate_raw_available,,gathered_imc25_english_smish_17097,False,duplicate_against_raw_required_dataset
gathered_imc25_english_smish_17099,Smishing-Dataset-IMC25,Gathered approved smishing 7k,gathered_approved_smishing,imc25_english_smish_17099,"We detected unusual login attempts on your account. Please verify account to avoid suspension, visit the secure link.",smishing_corpus_row,smishing,accepted,approved,false,false,false,data\final\approved_smishing_messages.csv,original_source=Smishing-Dataset-IMC25; scam_category=others; strict-clean approved gathered smishing row.,we detected unusual login attempts on your account please verify account to avoid suspension visit the secure link,,1,true,Smishing-Dataset-IMC25,smishing,"We detected unusual login attempts on your account. Please verify account to avoid suspension, visit the secure link.","We detected unusual login attempts on your account. Please verify account to avoid suspension, visit the secure link.",True,original_unredacted,cleaned_from_raw,False,found_in_source_archive,Selected gathered final `message_raw` as the least-redacted available text.,excluded_duplicate_raw_available,,gathered_imc25_english_smish_17099,False,duplicate_against_raw_required_dataset
gathered_imc25_english_smish_17109,Smishing-Dataset-IMC25,Gathered approved smishing 7k,gathered_approved_smishing,imc25_english_smish_17109,Your Account Suspension Notification Due To Failed Login Follow To Retrieve immediately,smishing_corpus_row,smishing,accepted,approved,false,false,false,data\final\approved_smishing_messages.csv,original_source=Smishing-Dataset-IMC25; scam_category=others; strict-clean approved gathered smishing row.,your account suspension notification due to failed login follow to retrieve immediately,,1,true,Smishing-Dataset-IMC25,smishing,Your Account Suspension Notification Due To Failed Login Follow To Retrieve immediately,Your Account Suspension Notification Due To Failed Login Follow To Retrieve immediately,True,original_unredacted,cleaned_from_raw,False,found_in_source_archive,Selected gathered final `message_raw` as the least-redacted available text.,excluded_duplicate_raw_available,,gathered_imc25_english_smish_17109,False,duplicate_against_raw_required_dataset
gathered_imc25_english_smish_17139,Smishing-Dataset-IMC25,Gathered approved smishing 7k,gathered_approved_smishing,imc25_english_smish_17139,"Due to recent updates, you are required to confirm your information and credit card details. To do this visit",smishing_corpus_row,smishing,accepted,approved,false,false,false,data\final\approved_smishing_messages.csv,original_source=Smishing-Dataset-IMC25; scam_category=others; strict-clean approved gathered smishing row.,due to recent updates you are required to confirm your information and credit card details to do this visit,,1,true,Smishing-Dataset-IMC25,smishing,"Due to recent updates, you are required to confirm your information and credit card details. To do this visit","Due to recent updates, you are required to confirm your information and credit card details. To do this visit",True,original_unredacted,cleaned_from_raw,False,found_in_source_archive,Selected gathered final `message_raw` as the least-redacted available text.,excluded_duplicate_raw_available,,gathered_imc25_english_smish_17139,False,duplicate_against_raw_required_dataset
gathered_imc25_english_smish_17156,Smishing-Dataset-IMC25,Gathered approved smishing 7k,gathered_approved_smishing,imc25_english_smish_17156,Your iCloud account has been temporarily locked due to unauthorized login attempts. validate here,smishing_corpus_row,smishing,accepted,approved,false,false,false,data\final\approved_smishing_messages.csv,original_source=Smishing-Dataset-IMC25; scam_category=others; strict-clean approved gathered smishing row.,your icloud account has been temporarily locked due to unauthorized login attempts validate here,,1,true,Smishing-Dataset-IMC25,smishing,Your iCloud account has been temporarily locked due to unauthorized login attempts. validate here,Your iCloud account has been temporarily locked due to unauthorized login attempts. validate here,True,original_unredacted,cleaned_from_raw,False,found_in_source_archive,Selected gathered final `message_raw` as the least-redacted available text.,excluded_duplicate_raw_available,,gathered_imc25_english_smish_17156,False,duplicate_against_raw_required_dataset
gathered_imc25_english_smish_17182,Smishing-Dataset-IMC25,Gathered approved smishing 7k,gathered_approved_smishing,imc25_english_smish_17182,"The account is locked, log in to the account for verivication.",smishing_corpus_row,smishing,accepted,approved,false,false,false,data\final\approved_smishing_messages.csv,original_source=Smishing-Dataset-IMC25; scam_category=others; strict-clean approved gathered smishing row.,the account is locked log in to the account for verivication,,1,true,Smishing-Dataset-IMC25,smishing,"The account is locked, log in to the account for verivication.","The account is locked, log in to the account for verivication.",True,original_unredacted,cleaned_from_raw,False,found_in_source_archive,Selected gathered final `message_raw` as the least-redacted available text.,excluded_duplicate_raw_available,,gathered_imc25_english_smish_17182,False,duplicate_against_raw_required_dataset
gathered_imc25_english_smish_17185,Smishing-Dataset-IMC25,Gathered approved smishing 7k,gathered_approved_smishing,imc25_english_smish_17185,"Your account has been blocked. Please confirm your identity, follow this link",smishing_corpus_row,smishing,accepted,approved,false,false,false,data\final\approved_smishing_messages.csv,original_source=Smishing-Dataset-IMC25; scam_category=others; strict-clean approved gathered smishing row.,your account has been blocked please confirm your identity follow this link,,1,true,Smishing-Dataset-IMC25,smishing,"Your account has been blocked. Please confirm your identity, follow this link","Your account has been blocked. Please confirm your identity, follow this link",True,original_unredacted,cleaned_from_raw,False,found_in_source_archive,Selected gathered final `message_raw` as the least-redacted available text.,excluded_duplicate_raw_available,,gathered_imc25_english_smish_17185,False,duplicate_against_raw_required_dataset
gathered_imc25_english_smish_17193,Smishing-Dataset-IMC25,Gathered approved smishing 7k,gathered_approved_smishing,imc25_english_smish_17193,Here is your SECRET VERIFICATION CODE FOR your GO-JEK account LOGIN: CODE. DON'T SHARE IT WITH ANYONE (NOT EVEN GO-JEK). Know more:,smishing_corpus_row,smishing,accepted,approved,false,false,false,data\final\approved_smishing_messages.csv,original_source=Smishing-Dataset-IMC25; scam_category=others; strict-clean approved gathered smishing row.,here is your secret verification code for your go jek account login code don t share it with anyone not even go jek know more,,1,true,Smishing-Dataset-IMC25,smishing,Here is your SECRET VERIFICATION CODE FOR your GO-JEK account LOGIN: CODE. DON'T SHARE IT WITH ANYONE (NOT EVEN GO-JEK). Know more:,Here is your SECRET VERIFICATION CODE FOR your GO-JEK account <OTP>: CODE. DON'T SHARE IT WITH ANYONE (NOT EVEN GO-JEK). Know more:,True,original_unredacted,cleaned_from_raw,False,found_in_source_archive,Selected gathered final `message_raw` as the least-redacted available text.,excluded_duplicate_raw_available,,gathered_imc25_english_smish_17193,False,duplicate_against_raw_required_dataset
gathered_imc25_english_smish_17195,Smishing-Dataset-IMC25,Gathered approved smishing 7k,gathered_approved_smishing,imc25_english_smish_17195,Your account has had unusual login activity and has been locked. To unlock please visit <URL>,smishing_corpus_row,smishing,accepted,approved,false,false,false,data\final\approved_smishing_messages.csv,original_source=Smishing-Dataset-IMC25; scam_category=others; strict-clean approved gathered smishing row.,your account has had unusual login activity and has been locked to unlock please visit <url>,,1,true,Smishing-Dataset-IMC25,smishing,Your account has had unusual login activity and has been locked. To unlock please visit http://<IP_ADDRESS>,Your account has had unusual login activity and has been locked. To unlock please visit http://<IP_ADDRESS>,True,original_unredacted,cleaned_from_raw,False,found_in_source_archive,Selected gathered final `message_raw` as the least-redacted available text.,excluded_duplicate_raw_available,,gathered_imc25_english_smish_17195,False,duplicate_against_raw_required_dataset
gathered_imc25_english_smish_17196,Smishing-Dataset-IMC25,Gathered approved smishing 7k,gathered_approved_smishing,imc25_english_smish_17196,The account may be suspended. Click for details.,smishing_corpus_row,smishing,accepted,approved,false,false,false,data\final\approved_smishing_messages.csv,original_source=Smishing-Dataset-IMC25; scam_category=others; strict-clean approved gathered smishing row.,the account may be suspended click for details,,1,true,Smishing-Dataset-IMC25,smishing,The account may be suspended. Click for details.,The account may be suspended. Click for details.,True,original_unredacted,cleaned_from_raw,False,found_in_source_archive,Selected gathered final `message_raw` as the least-redacted available text.,excluded_duplicate_raw_available,,gathered_imc25_english_smish_17196,False,duplicate_against_raw_required_dataset
gathered_imc25_english_smish_17199,Smishing-Dataset-IMC25,Gathered approved smishing 7k,gathered_approved_smishing,imc25_english_smish_17199,The AppleID associated with this number has been locked for security reasons. Please follow the link to unlock your account,smishing_corpus_row,smishing,accepted,approved,false,false,false,data\final\approved_smishing_messages.csv,original_source=Smishing-Dataset-IMC25; scam_category=others; strict-clean approved gathered smishing row.,the appleid associated with this number has been locked for security reasons please follow the link to unlock your account,,1,true,Smishing-Dataset-IMC25,smishing,The AppleID associated with this number has been locked for security reasons. Please follow the link to unlock your account,The AppleID associated with this number has been locked for security reasons. Please follow the link to unlock your account,True,original_unredacted,cleaned_from_raw,False,found_in_source_archive,Selected gathered final `message_raw` as the least-redacted available text.,excluded_duplicate_raw_available,,gathered_imc25_english_smish_17199,False,duplicate_against_raw_required_dataset
gathered_imc25_english_smish_17221,Smishing-Dataset-IMC25,Gathered approved smishing 7k,gathered_approved_smishing,imc25_english_smish_17221,"send a verification code. With your permission, if I request the code, could you text it back to me? If not, that's totally fine. You're a life saver. Thank you so much and sorry for bothering you.",smishing_corpus_row,smishing,accepted,approved,false,false,false,data\final\approved_smishing_messages.csv,original_source=Smishing-Dataset-IMC25; scam_category=others; strict-clean approved gathered smishing row.,send a verification code with your permission if i request the code could you text it back to me if not that s totally fine you re a life saver thank you so much and sorry for bothering you,,1,true,Smishing-Dataset-IMC25,smishing,"send a verification code. With your permission, if I request the code, could you text it back to me? If not, that's totally fine.
You're a life saver. Thank you so much and sorry for bothering you.","send a verification code. With your permission, if I request the code, could you text it back to me? If not, that's totally fine. You're a life saver. Thank you so much and sorry for bothering you.",True,original_unredacted,cleaned_from_raw,False,found_in_source_archive,Selected gathered final `message_raw` as the least-redacted available text.,excluded_duplicate_raw_available,,gathered_imc25_english_smish_17221,False,duplicate_against_raw_required_dataset
gathered_imc25_english_smish_17245,Smishing-Dataset-IMC25,Gathered approved smishing 7k,gathered_approved_smishing,imc25_english_smish_17245,Uber code: <OTP>. If this wasn't you Reply STOP to unsubscribe.,smishing_corpus_row,smishing,accepted,approved,false,false,false,data\final\approved_smishing_messages.csv,original_source=Smishing-Dataset-IMC25; scam_category=others; strict-clean approved gathered smishing row.,uber code <otp> if this wasn t you reply stop to unsubscribe,,1,true,Smishing-Dataset-IMC25,smishing,Uber code: 7643. If this wasn't you Reply STOP to unsubscribe.,Uber code: <OTP>. If this wasn't you Reply STOP to unsubscribe.,True,original_unredacted,cleaned_from_raw,False,found_in_source_archive,Selected gathered final `message_raw` as the least-redacted available text.,excluded_duplicate_raw_available,,gathered_imc25_english_smish_17245,False,duplicate_against_raw_required_dataset
gathered_imc25_english_smish_17250,Smishing-Dataset-IMC25,Gathered approved smishing 7k,gathered_approved_smishing,imc25_english_smish_17250,"We have received a request for your order with Txn ID:<NRP> and are trying to confirm the payment with your bank. If your amount has already been deducted, your order will be confirmed shortly. In case we are not able to confirm your payment, we will refund the entire amount to your account/wallet automatically.",smishing_corpus_row,smishing,accepted,approved,false,false,false,data\final\approved_smishing_messages.csv,original_source=Smishing-Dataset-IMC25; scam_category=others; strict-clean approved gathered smishing row.,we have received a request for your order with txn id <nrp> and are trying to confirm the payment with your bank if your amount has already been deducted your order will be confirmed shortly in case we are not able to confirm your payment we will refund the entire amount to your account wallet automatically,,1,true,Smishing-Dataset-IMC25,smishing,"We have received a request for your order with Txn ID:<NRP> and are trying to confirm the payment with your bank. If your amount has already been deducted, your order will be confirmed shortly. In case we are not able to confirm your payment, we will refund the entire amount to your account/wallet automatically.","We have received a request for your order with Txn ID:<NRP> and are trying to confirm the payment with your bank. If your amount has already been deducted, your order will be confirmed shortly. In case we are not able to confirm your payment, we will refund the entire amount to your account/wallet automatically.",True,original_unredacted,cleaned_from_raw,False,found_in_source_archive,Selected gathered final `message_raw` as the least-redacted available text.,excluded_duplicate_raw_available,,gathered_imc25_english_smish_17250,False,duplicate_against_raw_required_dataset
gathered_imc25_english_smish_17278,Smishing-Dataset-IMC25,Gathered approved smishing 7k,gathered_approved_smishing,imc25_english_smish_17278,Your Uber code: <OTP>. If this wasn't you Reply STOP to <PHONE> to unsubscribe.,smishing_corpus_row,smishing,accepted,approved,false,false,false,data\final\approved_smishing_messages.csv,original_source=Smishing-Dataset-IMC25; scam_category=others; strict-clean approved gathered smishing row.,your uber code <otp> if this wasn t you reply stop to <phone> to unsubscribe,,1,true,Smishing-Dataset-IMC25,smishing,Your Uber code: 3674. If this wasn't you Reply STOP to 6452 2439 to unsubscribe.,Your Uber code: <OTP>. If this wasn't you Reply STOP to <PHONE> to unsubscribe.,True,original_unredacted,cleaned_from_raw,False,found_in_source_archive,Selected gathered final `message_raw` as the least-redacted available text.,excluded_duplicate_raw_available,,gathered_imc25_english_smish_17278,False,duplicate_against_raw_required_dataset
gathered_imc25_english_smish_17290,Smishing-Dataset-IMC25,Gathered approved smishing 7k,gathered_approved_smishing,imc25_english_smish_17290,Your account got suspended. Log in to verify it.,smishing_corpus_row,smishing,accepted,approved,false,false,false,data\final\approved_smishing_messages.csv,original_source=Smishing-Dataset-IMC25; scam_category=others; strict-clean approved gathered smishing row.,your account got suspended log in to verify it,,1,true,Smishing-Dataset-IMC25,smishing,Your account got suspended. Log in to verify it.,Your account got suspended. Log in to verify it.,True,original_unredacted,cleaned_from_raw,False,found_in_source_archive,Selected gathered final `message_raw` as the least-redacted available text.,excluded_duplicate_raw_available,,gathered_imc25_english_smish_17290,False,duplicate_against_raw_required_dataset
gathered_imc25_english_smish_17319,Smishing-Dataset-IMC25,Gathered approved smishing 7k,gathered_approved_smishing,imc25_english_smish_17319,Netflix - We weren't able to process your last payment. Please update your account to avoid suspension: Netflix - Member Login | Sign In To Your account,smishing_corpus_row,smishing,accepted,approved,false,false,false,data\final\approved_smishing_messages.csv,original_source=Smishing-Dataset-IMC25; scam_category=others; strict-clean approved gathered smishing row.,netflix we weren t able to process your last payment please update your account to avoid suspension netflix member login sign in to your account,,1,true,Smishing-Dataset-IMC25,smishing,"Netflix - We weren't able to process your last payment.
Please update your account to avoid suspension:
Netflix - Member Login | Sign In To Your account",Netflix - We weren't able to process your last payment. Please update your account to avoid suspension: Netflix - Member Login | Sign In To Your account,True,original_unredacted,cleaned_from_raw,False,found_in_source_archive,Selected gathered final `message_raw` as the least-redacted available text.,excluded_duplicate_raw_available,,gathered_imc25_english_smish_17319,False,duplicate_against_raw_required_dataset
gathered_imc25_english_smish_17329,Smishing-Dataset-IMC25,Gathered approved smishing 7k,gathered_approved_smishing,imc25_english_smish_17329,You account has been temporarily suspended due to 3 incorrect login attempts. Visit the secure link to recover.,smishing_corpus_row,smishing,accepted,approved,false,false,false,data\final\approved_smishing_messages.csv,original_source=Smishing-Dataset-IMC25; scam_category=others; strict-clean approved gathered smishing row.,you account has been temporarily suspended due to 3 incorrect login attempts visit the secure link to recover,,1,true,Smishing-Dataset-IMC25,smishing,You account has been temporarily suspended due to 3 incorrect login attempts. Visit the secure link to recover.,You account has been temporarily suspended due to 3 incorrect login attempts. Visit the secure link to recover.,True,original_unredacted,cleaned_from_raw,False,found_in_source_archive,Selected gathered final `message_raw` as the least-redacted available text.,excluded_duplicate_raw_available,,gathered_imc25_english_smish_17329,False,duplicate_against_raw_required_dataset
gathered_imc25_english_smish_17339,Smishing-Dataset-IMC25,Gathered approved smishing 7k,gathered_approved_smishing,imc25_english_smish_17339,"We removed the abusive content that was posted on your facebook account, visit:",smishing_corpus_row,smishing,accepted,approved,false,false,false,data\final\approved_smishing_messages.csv,original_source=Smishing-Dataset-IMC25; scam_category=others; strict-clean approved gathered smishing row.,we removed the abusive content that was posted on your facebook account visit,,1,true,Smishing-Dataset-IMC25,smishing,"We removed the abusive content that was posted on your facebook account, visit:","We removed the abusive content that was posted on your facebook account, visit:",True,original_unredacted,cleaned_from_raw,False,found_in_source_archive,Selected gathered final `message_raw` as the least-redacted available text.,excluded_duplicate_raw_available,,gathered_imc25_english_smish_17339,False,duplicate_against_raw_required_dataset
gathered_imc25_english_smish_17363,Smishing-Dataset-IMC25,Gathered approved smishing 7k,gathered_approved_smishing,imc25_english_smish_17363,The ID associated with this number has been locked for security reasons. Please follow the link to unlock your account,smishing_corpus_row,smishing,accepted,approved,false,false,false,data\final\approved_smishing_messages.csv,original_source=Smishing-Dataset-IMC25; scam_category=others; strict-clean approved gathered smishing row.,the id associated with this number has been locked for security reasons please follow the link to unlock your account,,1,true,Smishing-Dataset-IMC25,smishing,The ID associated with this number has been locked for security reasons. Please follow the link to unlock your account,The ID associated with this number has been locked for security reasons. Please follow the link to unlock your account,True,original_unredacted,cleaned_from_raw,False,found_in_source_archive,Selected gathered final `message_raw` as the least-redacted available text.,excluded_duplicate_raw_available,,gathered_imc25_english_smish_17363,False,duplicate_against_raw_required_dataset
gathered_imc25_english_smish_17389,Smishing-Dataset-IMC25,Gathered approved smishing 7k,gathered_approved_smishing,imc25_english_smish_17389,Your account got suspended. Log in to unblock it.,smishing_corpus_row,smishing,accepted,approved,false,false,false,data\final\approved_smishing_messages.csv,original_source=Smishing-Dataset-IMC25; scam_category=others; strict-clean approved gathered smishing row.,your account got suspended log in to unblock it,,1,true,Smishing-Dataset-IMC25,smishing,Your account got suspended. Log in to unblock it.,Your account got suspended. Log in to unblock it.,True,original_unredacted,cleaned_from_raw,False,found_in_source_archive,Selected gathered final `message_raw` as the least-redacted available text.,excluded_duplicate_raw_available,,gathered_imc25_english_smish_17389,False,duplicate_against_raw_required_dataset
gathered_imc25_english_smish_17406,Smishing-Dataset-IMC25,Gathered approved smishing 7k,gathered_approved_smishing,imc25_english_smish_17406,"send a verification code. With your permission, if I request the code, could you text it back to me? If not, that's totally fine.",smishing_corpus_row,smishing,accepted,approved,false,false,false,data\final\approved_smishing_messages.csv,original_source=Smishing-Dataset-IMC25; scam_category=others; strict-clean approved gathered smishing row.,send a verification code with your permission if i request the code could you text it back to me if not that s totally fine,,1,true,Smishing-Dataset-IMC25,smishing,"send a verification code. With your permission, if I request the code, could you text it back to me? If not, that's totally fine.","send a verification code. With your permission, if I request the code, could you text it back to me? If not, that's totally fine.",True,original_unredacted,cleaned_from_raw,False,found_in_source_archive,Selected gathered final `message_raw` as the least-redacted available text.,excluded_duplicate_raw_available,,gathered_imc25_english_smish_17406,False,duplicate_against_raw_required_dataset
gathered_imc25_english_smish_17457,Smishing-Dataset-IMC25,Gathered approved smishing 7k,gathered_approved_smishing,imc25_english_smish_17457,"Congratulations to the first bi-monthly winner of Guess the Word, who received an iPhone X. This interactive and fun game gives you the chance to win exciting gifts including an iPhone X every 15 days, a MacBook Air, Apple Watch, Samsung Note 9 and Free 1.25GB Data daily! To play just reply GO.",smishing_corpus_row,smishing,accepted,approved,false,false,false,data\final\approved_smishing_messages.csv,original_source=Smishing-Dataset-IMC25; scam_category=others; strict-clean approved gathered smishing row.,congratulations to the first bi monthly winner of guess the word who received an iphone x this interactive and fun game gives you the chance to win exciting gifts including an iphone x every 15 days a macbook air apple watch samsung note 9 and free 1 25gb data daily to play just reply go,,1,true,Smishing-Dataset-IMC25,smishing,"Congratulations to the first bi-monthly winner of Guess the Word, who received an iPhone X. This interactive and fun game gives you the chance to win exciting gifts including an iPhone X every 15 days, a MacBook Air, Apple Watch, Samsung Note 9 and Free 1.25GB Data daily! To play just reply GO.","Congratulations to the first bi-monthly winner of Guess the Word, who received an iPhone X. This interactive and fun game gives you the chance to win exciting gifts including an iPhone X every 15 days, a MacBook Air, Apple Watch, Samsung Note 9 and Free 1.25GB Data daily! To play just reply GO.",True,original_unredacted,cleaned_from_raw,False,found_in_source_archive,Selected gathered final `message_raw` as the least-redacted available text.,excluded_duplicate_raw_available,,gathered_imc25_english_smish_17457,False,duplicate_against_raw_required_dataset
gathered_imc25_english_smish_17471,Smishing-Dataset-IMC25,Gathered approved smishing 7k,gathered_approved_smishing,imc25_english_smish_17471,DON'T SHARE THIS WITH ANYONE (NOT EVEN GOJEK). Your SECRET VERIFICATION CODE for account LOGIN...,smishing_corpus_row,smishing,accepted,approved,false,false,false,data\final\approved_smishing_messages.csv,original_source=Smishing-Dataset-IMC25; scam_category=others; strict-clean approved gathered smishing row.,don t share this with anyone not even gojek your secret verification code for account login,,1,true,Smishing-Dataset-IMC25,smishing,DON'T SHARE THIS WITH ANYONE (NOT EVEN GOJEK). Your SECRET VERIFICATION CODE for account LOGIN...,DON'T SHARE THIS WITH ANYONE (NOT EVEN GOJEK). Your SECRET VERIFICATION CODE for account <OTP>...,True,original_unredacted,cleaned_from_raw,False,found_in_source_archive,Selected gathered final `message_raw` as the least-redacted available text.,excluded_duplicate_raw_available,,gathered_imc25_english_smish_17471,False,duplicate_against_raw_required_dataset
gathered_imc25_english_smish_17510,Smishing-Dataset-IMC25,Gathered approved smishing 7k,gathered_approved_smishing,imc25_english_smish_17510,"send a verification code. With your permission, if I request the code, could you text it back to me? If not, that's totally fine. Thank you so much!! I just requested it. You're a life saver. Thank you so much and sorry for bothering you.",smishing_corpus_row,smishing,accepted,approved,false,false,false,data\final\approved_smishing_messages.csv,original_source=Smishing-Dataset-IMC25; scam_category=others; strict-clean approved gathered smishing row.,send a verification code with your permission if i request the code could you text it back to me if not that s totally fine thank you so much i just requested it you re a life saver thank you so much and sorry for bothering you,,1,true,Smishing-Dataset-IMC25,smishing,"send a verification code. With your permission, if I request the code, could you text it back to me? If not, that's totally fine. Thank you so much!! I just requested it. You're a life saver. Thank you so much and sorry for bothering you.","send a verification code. With your permission, if I request the code, could you text it back to me? If not, that's totally fine. Thank you so much!! I just requested it. You're a life saver. Thank you so much and sorry for bothering you.",True,original_unredacted,cleaned_from_raw,False,found_in_source_archive,Selected gathered final `message_raw` as the least-redacted available text.,excluded_duplicate_raw_available,,gathered_imc25_english_smish_17510,False,duplicate_against_raw_required_dataset
gathered_imc25_english_smish_17511,Smishing-Dataset-IMC25,Gathered approved smishing 7k,gathered_approved_smishing,imc25_english_smish_17511,"You have been selected for a FREE $1,000.00 Bestbuy Giftcard!! Reply ""YES"" to claim your prize to get yours now. Only 43 left! Txt out to remove.",smishing_corpus_row,smishing,accepted,approved,false,false,false,data\final\approved_smishing_messages.csv,original_source=Smishing-Dataset-IMC25; scam_category=others; strict-clean approved gathered smishing row.,you have been selected for a free 1 <num> 00 bestbuy giftcard reply yes to claim your prize to get yours now only 43 left txt out to remove,,1,true,Smishing-Dataset-IMC25,smishing,"You have been selected for a FREE $1,000.00 Bestbuy Giftcard!! Reply ""YES"" to claim your prize to get yours now. Only 43 left! Txt out to remove.","You have been selected for a FREE <AMOUNT> Bestbuy Giftcard!! Reply ""YES"" to claim your prize to get yours now. Only 43 left! Txt out to remove.",True,original_unredacted,cleaned_from_raw,False,found_in_source_archive,Selected gathered final `message_raw` as the least-redacted available text.,excluded_duplicate_raw_available,,gathered_imc25_english_smish_17511,False,duplicate_against_raw_required_dataset
gathered_imc25_english_smish_17516,Smishing-Dataset-IMC25,Gathered approved smishing 7k,gathered_approved_smishing,imc25_english_smish_17516,"Hi Dear Sir/Mam, You have received a payment request of Rs. 1,000 from ABSQUARE for: We Need Help For Business Please Donate Click the link to make the payment:",smishing_corpus_row,smishing,accepted,approved,false,false,false,data\final\approved_smishing_messages.csv,original_source=Smishing-Dataset-IMC25; scam_category=others; strict-clean approved gathered smishing row.,hi dear sir mam you have received a payment request of rs 1 <num> from absquare for we need help for business please donate click the link to make the payment,,1,true,Smishing-Dataset-IMC25,smishing,"Hi Dear Sir/Mam, You have received a payment request of Rs. 1,000 from ABSQUARE for:
We Need Help For Business Please Donate

Click the link to make the payment:","Hi Dear Sir/Mam, You have received a payment request of Rs. 1,000 from ABSQUARE for: We Need Help For Business Please Donate Click the link to make the payment:",True,original_unredacted,cleaned_from_raw,False,found_in_source_archive,Selected gathered final `message_raw` as the least-redacted available text.,excluded_duplicate_raw_available,,gathered_imc25_english_smish_17516,False,duplicate_against_raw_required_dataset
gathered_imc25_english_smish_17524,Smishing-Dataset-IMC25,Gathered approved smishing 7k,gathered_approved_smishing,imc25_english_smish_17524,"CONGRATS YOUR MOBILE NUMBER WON 350,000 GBP ON BBC MOBILE DRAW TO CLAIM PRIZE SEND NAME,AGE,SEX,ADDRESS,PHONE NUMBER;COUNTRY,CITY,JOB TO:<EMAIL_ADDRESS>",smishing_corpus_row,smishing,accepted,approved,false,false,false,data\final\approved_smishing_messages.csv,original_source=Smishing-Dataset-IMC25; scam_category=others; strict-clean approved gathered smishing row.,congrats your mobile number won <num> <num> gbp on bbc mobile draw to claim prize send name age sex address phone number country city job to <email address>,,1,true,Smishing-Dataset-IMC25,smishing,"CONGRATS YOUR MOBILE NUMBER WON 350,000 GBP ON BBC MOBILE DRAW TO CLAIM PRIZE SEND NAME,AGE,SEX,ADDRESS,PHONE NUMBER;COUNTRY,CITY,JOB TO:<EMAIL_ADDRESS>","CONGRATS YOUR MOBILE NUMBER WON 350,000 GBP ON BBC MOBILE DRAW TO CLAIM PRIZE SEND NAME,AGE,SEX,ADDRESS,PHONE NUMBER;COUNTRY,CITY,JOB TO:<EMAIL_ADDRESS>",True,original_unredacted,cleaned_from_raw,False,found_in_source_archive,Selected gathered final `message_raw` as the least-redacted available text.,excluded_duplicate_raw_available,,gathered_imc25_english_smish_17524,False,duplicate_against_raw_required_dataset
gathered_imc25_english_smish_17579,Smishing-Dataset-IMC25,Gathered approved smishing 7k,gathered_approved_smishing,imc25_english_smish_17579,"entitled to a refund of Rs45,895.89 . In-order to redeem your claim click the link to submit a formal request accurately",smishing_corpus_row,smishing,accepted,approved,false,false,false,data\final\approved_smishing_messages.csv,original_source=Smishing-Dataset-IMC25; scam_category=others; strict-clean approved gathered smishing row.,entitled to a refund of rs45 <num> 89 in order to redeem your claim click the link to submit a formal request accurately,,1,true,Smishing-Dataset-IMC25,smishing,"entitled to a refund of Rs45,895.89 . In-order to redeem your claim click the link to submit a formal request accurately",entitled to a refund of <AMOUNT>. In-order to redeem your claim click the link to submit a formal request accurately,True,original_unredacted,cleaned_from_raw,False,found_in_source_archive,Selected gathered final `message_raw` as the least-redacted available text.,excluded_duplicate_raw_available,,gathered_imc25_english_smish_17579,False,duplicate_against_raw_required_dataset
gathered_imc25_english_smish_17613,Smishing-Dataset-IMC25,Gathered approved smishing 7k,gathered_approved_smishing,imc25_english_smish_17613,"Harley, we have detected suspicious log-in activity on your account. Enter 3___5 to confirm your identity now",smishing_corpus_row,smishing,accepted,approved,false,false,false,data\final\approved_smishing_messages.csv,original_source=Smishing-Dataset-IMC25; scam_category=others; strict-clean approved gathered smishing row.,harley we have detected suspicious log in activity on your account enter 3 5 to confirm your identity now,,1,true,Smishing-Dataset-IMC25,smishing,"Harley, we have detected suspicious log-in activity on your account. Enter 3___5 to confirm your identity now","Harley, we have detected suspicious log-in activity on your account. Enter 3___5 to confirm your identity now",True,original_unredacted,cleaned_from_raw,False,found_in_source_archive,Selected gathered final `message_raw` as the least-redacted available text.,excluded_duplicate_raw_available,,gathered_imc25_english_smish_17613,False,duplicate_against_raw_required_dataset
gathered_imc25_english_smish_17618,Smishing-Dataset-IMC25,Gathered approved smishing 7k,gathered_approved_smishing,imc25_english_smish_17618,You have just been given 100 Eur gift card to redeem click here,smishing_corpus_row,smishing,accepted,approved,false,false,false,data\final\approved_smishing_messages.csv,original_source=Smishing-Dataset-IMC25; scam_category=others; strict-clean approved gathered smishing row.,you have just been given <num> eur gift card to redeem click here,,1,true,Smishing-Dataset-IMC25,smishing,You have just been given 100 Eur gift card to redeem click here,You have just been given 100 Eur gift card to redeem click here,True,original_unredacted,cleaned_from_raw,False,found_in_source_archive,Selected gathered final `message_raw` as the least-redacted available text.,excluded_duplicate_raw_available,,gathered_imc25_english_smish_17618,False,duplicate_against_raw_required_dataset
gathered_imc25_english_smish_17639,Smishing-Dataset-IMC25,Gathered approved smishing 7k,gathered_approved_smishing,imc25_english_smish_17639,Your Apple ID account has been locked due to unauthorised login attempts. Please login here and verify your information,smishing_corpus_row,smishing,accepted,approved,false,false,false,data\final\approved_smishing_messages.csv,original_source=Smishing-Dataset-IMC25; scam_category=others; strict-clean approved gathered smishing row.,your apple id account has been locked due to unauthorised login attempts please login here and verify your information,,1,true,Smishing-Dataset-IMC25,smishing,Your Apple ID account has been locked due to unauthorised login attempts. Please login here and verify your information,Your Apple ID account has been locked due to unauthorised login attempts. Please login here and verify your information,True,original_unredacted,cleaned_from_raw,False,found_in_source_archive,Selected gathered final `message_raw` as the least-redacted available text.,excluded_duplicate_raw_available,,gathered_imc25_english_smish_17639,False,duplicate_against_raw_required_dataset
gathered_imc25_english_smish_17640,Smishing-Dataset-IMC25,Gathered approved smishing 7k,gathered_approved_smishing,imc25_english_smish_17640,Your account got locked. Pass an addional verification to unlock it manually.,smishing_corpus_row,smishing,accepted,approved,false,false,false,data\final\approved_smishing_messages.csv,original_source=Smishing-Dataset-IMC25; scam_category=others; strict-clean approved gathered smishing row.,your account got locked pass an addional verification to unlock it manually,,1,true,Smishing-Dataset-IMC25,smishing,Your account got locked. Pass an addional verification to unlock it manually.,Your account got locked. Pass an addional verification to unlock it manually.,True,original_unredacted,cleaned_from_raw,False,found_in_source_archive,Selected gathered final `message_raw` as the least-redacted available text.,excluded_duplicate_raw_available,,gathered_imc25_english_smish_17640,False,duplicate_against_raw_required_dataset
gathered_imc25_english_smish_17655,Smishing-Dataset-IMC25,Gathered approved smishing 7k,gathered_approved_smishing,imc25_english_smish_17655,OTP <OTP> for login is - <US_DRIVER_LICENSE>. Please do not share it with anyone for security reasons - SIVAJI,smishing_corpus_row,smishing,accepted,approved,false,false,false,data\final\approved_smishing_messages.csv,original_source=Smishing-Dataset-IMC25; scam_category=others; strict-clean approved gathered smishing row.,otp <otp> for login is <us driver license> please do not share it with anyone for security reasons sivaji,,1,true,Smishing-Dataset-IMC25,smishing,OTP Number for login is - <US_DRIVER_LICENSE>. Please do not share it with anyone for security reasons - SIVAJI,OTP Number for login is - <US_DRIVER_LICENSE>. Please do not share it with anyone for security reasons - SIVAJI,True,original_unredacted,cleaned_from_raw,False,found_in_source_archive,Selected gathered final `message_raw` as the least-redacted available text.,excluded_duplicate_raw_available,,gathered_imc25_english_smish_17655,False,duplicate_against_raw_required_dataset
