cluster_signature,cluster_size,id,source_name,review_status,message_clean
dear consumer your electricity power will disconnected placeholder placeholder from electricity office because your placeholder bill was not,38,imc25_english_smish_02202,Smishing-Dataset-IMC25,approved,Dear Consumer Your Electricity power will be disconnected. <DATE_TIME> At <DATE_TIME> from electricity office because your <DATE_TIME> bill was not update. Please immediately contact with our electricity officer <PHONE_NUMBER> thank you
dear consumer your electricity power will disconnected placeholder placeholder from electricity office because your placeholder bill was not,38,imc25_english_smish_02239,Smishing-Dataset-IMC25,needs_review,Dear Consumer Your Electricity power will be disconnected. <DATE_TIME> at <DATE_TIME> from electricity office. because your <DATE_TIME> bill was not update. Please immediately contact with our electricity officer <PHONE_NUMBER> Thank you
dear consumer your electricity power will disconnected placeholder placeholder from electricity office because your placeholder bill was not,38,imc25_english_smish_02257,Smishing-Dataset-IMC25,needs_review,Dear Consumer Your Electricity power will be disconnected. <DATE_TIME> at <DATE_TIME> from electricity office. because your <DATE_TIME> bill was not update. Please immediately contact with our electricity officer call <NAMED_ENTITY> Thank you.
dear consumer your electricity power will disconnected placeholder placeholder from electricity office because your placeholder bill was not,38,imc25_english_smish_02415,Smishing-Dataset-IMC25,needs_review,Dear Consumer Your Electricity power will be disconnected. <DATE_TIME> at <DATE_TIME> from electricity office. Because your <DATE_TIME> bill was not update. Please immediately contact with our electricity officer <PHONE_NUMBER> Thank you.
dear consumer your electricity power will disconnected placeholder placeholder from electricity office because your placeholder bill was not,38,imc25_english_smish_03220,Smishing-Dataset-IMC25,needs_review,Dear Consumer Your Electricity power will be disconnected. <DATE_TIME> at <DATE_TIME> from electricity office. because your <DATE_TIME> bill was not update. Please immediatley contact within your electricity officer <PHONE_NUMBER> Thank you.
the usps package has arrived the warehouse and cannot delivered due incomplete address information please confirm your address,25,imc25_english_smish_00127,Smishing-Dataset-IMC25,needs_review,"The USPS package has arrived at the warehouse and cannot be delivered due to incomplete address information. Please confirm your address in the link. <URL> (Please reply to 1, then exit the SMS, open the SMS activation link again, or copy the link to Safari browser and open it) The <LOCATION> Postal team wishes you a wonderful day!"
the usps package has arrived the warehouse and cannot delivered due incomplete address information please confirm your address,25,imc25_english_smish_00168,Smishing-Dataset-IMC25,needs_review,"The USPS package has arrived at the warehouse and cannot be delivered due to incomplete address information. Please confirm your address in the link within <DATE_TIME>. <URL> (Please reply to Y, then exit the SMS, open the SMS activation link again, or copy the link to Safari browser and open it) The <LOCATION> Postal team wishes you a wonderful day"
the usps package has arrived the warehouse and cannot delivered due incomplete address information please confirm your address,25,imc25_english_smish_00198,Smishing-Dataset-IMC25,needs_review,"The USPS package has arrived at the warehouse and cannot be delivered due to incomplete address information. Please confirm your address in the link within <DATE_TIME>. (Please reply to Y, then exit the SMS, open the SMS activation link again, or copy the link to Safari browser and open it) The <LOCATION> Postal team wishes you a wonderful day"
the usps package has arrived the warehouse and cannot delivered due incomplete address information please confirm your address,25,imc25_english_smish_00229,Smishing-Dataset-IMC25,approved,The USPS package has arrived at the warehouse and cannot be delivered due to incomplete address information. Please confirm your address in the link within <DATE_TIME>.
the usps package has arrived the warehouse and cannot delivered due incomplete address information please confirm your address,25,imc25_english_smish_00365,Smishing-Dataset-IMC25,needs_review,"The USPS package has arrived at the warehouse and cannot be delivered due to incomplete address information. Please confirm your address in the link. <URL> (Please reply to 1, then exit the SMS, open the SMS activation link again, or copy the link to Safari browser and open it)"
dear sbi customer your sbi yono account has been suspended placeholder please update your pan card number click,21,imc25_english_smish_02122,Smishing-Dataset-IMC25,approved,Dear SBI Customer Your SBI YONO Account has been Suspended <DATE_TIME> please Update Your PAN Card number Click here
dear sbi customer your sbi yono account has been suspended placeholder please update your pan card number click,21,imc25_english_smish_02125,Smishing-Dataset-IMC25,needs_review,Dear SBI Customer Your SBI YONO Account has been Suspended <DATE_TIME> please Update Your PAN Card number Click here link <URL> THANK YOU SBI
dear sbi customer your sbi yono account has been suspended placeholder please update your pan card number click,21,imc25_english_smish_02252,Smishing-Dataset-IMC25,needs_review,Dear SBI Customer Your SBI YONO Account has been Suspended <DATE_TIME> please Update Your PAN Card number Click here link
dear sbi customer your sbi yono account has been suspended placeholder please update your pan card number click,21,imc25_english_smish_02360,Smishing-Dataset-IMC25,needs_review,Dear SBI Customer Your SBI YONO Account has been Suspended <DATE_TIME> please Update Your PAN Card number Click here link <URL> Thank you.
dear sbi customer your sbi yono account has been suspended placeholder please update your pan card number click,21,imc25_english_smish_02379,Smishing-Dataset-IMC25,needs_review,Dear SBI Customer Your SBI YONO Account has been Suspended <DATE_TIME> please Update Your PAN Card number Click here <URL>
you will receive tax refund number number but cannot process due incomplete personal information please confirm your information,18,imc25_english_smish_00063,Smishing-Dataset-IMC25,approved,"[ I.R.S ] You will receive a tax refund of $573.00, but cannot process it due to incomplete personal information. Please confirm your information in the link."
you will receive tax refund number number but cannot process due incomplete personal information please confirm your information,18,imc25_english_smish_00082,Smishing-Dataset-IMC25,needs_review,"[ I.R.S ] You will receive a tax refund of $573.00, but cannot process it due to incomplete personal information. Please confirm your information in the link. <URL> (Please reply ""y"", then exit the SMS, open the SMS activation link again, or copy the link and open it in Safari browser) The mission of the IRS is to help <NRP> taxpayers understand and meet their tax obligations and to provide them with the highest quality service."
you will receive tax refund number number but cannot process due incomplete personal information please confirm your information,18,imc25_english_smish_00095,Smishing-Dataset-IMC25,needs_review,"[ I.R.S ] You will receive a tax refund of $573.00, but cannot process it due to incomplete personal information. Please confirm your information in the link. (Please reply ""y"", then exit the SMS, open the SMS activation link again, or copy the link and open it in Safari browser) The mission of the IRS is to help <NRP> taxpayers understand and meet their tax obligations and to provide them with the highest quality service."
you will receive tax refund number number but cannot process due incomplete personal information please confirm your information,18,imc25_english_smish_00129,Smishing-Dataset-IMC25,needs_review,"You will receive a tax refund of $573.00, but cannot process it due to incomplete personal information. Please confirm your information in the link."
you will receive tax refund number number but cannot process due incomplete personal information please confirm your information,18,imc25_english_smish_00175,Smishing-Dataset-IMC25,needs_review,"[ I.R.S ] You will receive a tax refund of $573.00, but cannot process it due to incomplete personal information. Please confirm your information in the link. (Please reply ""y"", then exit the SMS, open the SMS activation link again, or copy the link and open it in Safari browser) The mission of the IRS is to help <NRP> taxpayers understand and meet their tax obligations and to provide them with the highest."
irs your account missing some info that need comply with financial regulations login placeholder with idme keep your,17,imc25_english_smish_00085,Smishing-Dataset-IMC25,approved,"IRS: Your account is missing some info that we need to comply with financial regulations , login at <URL> With idme to keep your account activated. The mission of the IRS is to help <NRP> taxpayers understand and meet their tax obligations and to provide them with the highest quality service. IRS team"
irs your account missing some info that need comply with financial regulations login placeholder with idme keep your,17,imc25_english_smish_00146,Smishing-Dataset-IMC25,needs_review,"IRS: Your account is missing some info that we need to comply with financial regulations , login at <URL> With idme to keep your account activated The mission of the IRS is to help <NRP> taxpayers understand and meet their tax obligations and to provide them with the highest quality service. IRS team"
irs your account missing some info that need comply with financial regulations login placeholder with idme keep your,17,imc25_english_smish_00230,Smishing-Dataset-IMC25,needs_review,"IRS: Your account is missing some info that we need to comply with financial regulations , login at <URL> With idme to keep your account activated The mission of the IRS is to help <NRP> taxpayers understand and meet their tax obligations and to provide th"
irs your account missing some info that need comply with financial regulations login placeholder with idme keep your,17,imc25_english_smish_00368,Smishing-Dataset-IMC25,needs_review,"IRS: Your account is missing some info that we need to comply with financial regulations, login at <URL> With idme to keep your account activated. The mission of the IRS is to help <NRP> taxpayers understand and meet their tax obligations and to provide them with the highest quality service. IRS team"
irs your account missing some info that need comply with financial regulations login placeholder with idme keep your,17,imc25_english_smish_00402,Smishing-Dataset-IMC25,needs_review,"IRS: Your account is missing some info that we need to comply with financial regulations, login at <URL> With idme to keep your account activated The mission of the IRS is to help <NRP> taxpayers understand and meet their tax obligations and to provide them with the highest quality service. IRS team"
dear customer your electricity power will disconnected placeholder placeholder from electricity office because your placeholder bill was not,16,imc25_english_smish_05082,Smishing-Dataset-IMC25,needs_review,Dear Customer Your Electricity power will be disconnected <DATE_TIME> at <DATE_TIME> from electricity office. because your <DATE_TIME> bill was not update please immediately contact with our electricity <US_BANK_NUMBER> Thank you
dear customer your electricity power will disconnected placeholder placeholder from electricity office because your placeholder bill was not,16,imc25_english_smish_05165,Smishing-Dataset-IMC25,approved,Dear Customer Your Electricity Power will be disconnected <DATE_TIME> at <DATE_TIME> from electricity office. because your <DATE_TIME> bill was not update. Please immediately contact with our electricity officer <PHONE_NUMBER> Thank you..
dear customer your electricity power will disconnected placeholder placeholder from electricity office because your placeholder bill was not,16,imc25_english_smish_05732,Smishing-Dataset-IMC25,needs_review,Dear Customer Your Electricity power will be disconnected <DATE_TIME> at <DATE_TIME> from electricity office because your <DATE_TIME> bill was not updated please immediately contact with our electricity office. <PHONE_NUMBER> thanks you
dear customer your electricity power will disconnected placeholder placeholder from electricity office because your placeholder bill was not,16,imc25_english_smish_05804,Smishing-Dataset-IMC25,needs_review,Dear Customer your Electricity power will be Disconnected. <DATE_TIME> at <DATE_TIME> from electricity office Because your <DATE_TIME> bill was not update. Please immediately contact with our Electricity officer no. <PHONE_NUMBER> Thank you.
dear customer your electricity power will disconnected placeholder placeholder from electricity office because your placeholder bill was not,16,imc25_english_smish_07617,Smishing-Dataset-IMC25,needs_review,Dear customer your Electricity Power Will be disconnected <DATE_TIME> at <DATE_TIME> from electricity office because your <DATE_TIME> bill was not update please immediate contact with our electricity officer <UK_NHS> Thank
dear sbi user your sbi yono account has been blocked please update your pan card click here login,15,imc25_english_smish_02393,Smishing-Dataset-IMC25,approved,Dear SBI user your SBI YONO Account has been blocked please update your PAN CARD click here login your net banking update your PAN number
dear sbi user your sbi yono account has been blocked please update your pan card click here login,15,imc25_english_smish_03030,Smishing-Dataset-IMC25,needs_review,Dear SBI user your SBI YONO Account has been blocked please update your PAN CARD click here to login your net banking update your PAN number
dear sbi user your sbi yono account has been blocked please update your pan card click here login,15,imc25_english_smish_10755,Smishing-Dataset-IMC25,candidate,Dear SBI user your SBI YONO Account has been blocked please update your PAN CARD click here to login your net banking update your PAN number <URL>
dear sbi user your sbi yono account has been blocked please update your pan card click here login,15,imc25_english_smish_10767,Smishing-Dataset-IMC25,candidate,Dear SBI user your SBI YONO Account has been blocked please update your PAN CARD click here to login your PAN number: <URL>
dear sbi user your sbi yono account has been blocked please update your pan card click here login,15,imc25_english_smish_10870,Smishing-Dataset-IMC25,candidate,Dear SBI user your SBI YONO Account has been blocked please update your PAN CARD click here to login your net banking update your PAN number <NRP>
notification dear consumer your electricity power will disconnected placeholder placeholder from electricity office because your placeholder bill was,15,imc25_english_smish_03160,Smishing-Dataset-IMC25,approved,Notification ! Dear Consumer Your Electricity power will be disconnected. <DATE_TIME> at <DATE_TIME> from electricity office. because your <DATE_TIME> bill was not updated Please immediately contact with our electricity officer <PHONE_NUMBER> Thank you.
notification dear consumer your electricity power will disconnected placeholder placeholder from electricity office because your placeholder bill was,15,imc25_english_smish_03614,Smishing-Dataset-IMC25,needs_review,Notification. Dear Consumer Your {Electricity} Power Will Be (Disconnected) <DATE_TIME> At <DATE_TIME> From {Electricity} Office Because Your <DATE_TIME> Bill Was Not Updated Please immediately Contact With Our E'lectricity Officer Or Send WhatsApp Payment Screen Shot Or <NAMED_ENTITY>.. <PHONE_NUMBER> Thank You
notification dear consumer your electricity power will disconnected placeholder placeholder from electricity office because your placeholder bill was,15,imc25_english_smish_03856,Smishing-Dataset-IMC25,needs_review,Notification. Dear Consumer Your Electricity power will be disconnected. <DATE_TIME> at <DATE_TIME> from electricity office. because your <DATE_TIME> bill was not update. Please immediately contact with our electricity officer <PHONE_NUMBER> Thank you.
notification dear consumer your electricity power will disconnected placeholder placeholder from electricity office because your placeholder bill was,15,imc25_english_smish_04572,Smishing-Dataset-IMC25,needs_review,Notification. Dear Consumer Your Electricity power.will be disconnected. <DATE_TIME> at <DATE_TIME> from electricity office. because your <DATE_TIME> bill .was not update. Please immediately contact with our electricity officer <DATE_TIME> Thank you.
notification dear consumer your electricity power will disconnected placeholder placeholder from electricity office because your placeholder bill was,15,imc25_english_smish_16513,Smishing-Dataset-IMC25,candidate,Notification. Dear Consumer Your Electricity power will be disconnected. <DATE_TIME> at <DATE_TIME> from electricity office. because your <DATE_TIME> bill was not update. Please immediately contact with our electricity officer <UK_NHS> Thank you.
dear paytm customer your placeholder has expired contact customer care placeholder immediately your account will block within placeholder,15,imc25_english_smish_08653,Smishing-Dataset-IMC25,candidate,Dear PAYTM customer your <LOCATION> has expired. Contact customer care No- <PHONE_NUMBER> immediately . your account will Block within <DATE_TIME>. Thank you PAYTM TEAM.
dear paytm customer your placeholder has expired contact customer care placeholder immediately your account will block within placeholder,15,imc25_english_smish_08660,Smishing-Dataset-IMC25,candidate,Dear paytm customer your <LOCATION> has expired. contact customer care <NAMED_ENTITY> Immediately. your account will Block within <DATE_TIME> thank you Paytm team
dear paytm customer your placeholder has expired contact customer care placeholder immediately your account will block within placeholder,15,imc25_english_smish_08823,Smishing-Dataset-IMC25,candidate,Dear paytm customer your <LOCATION> has expired. contact customer care No-<PHONE_NUMBER> Immediately. your account will Block within <DATE_TIME> thank you Paytm team
dear paytm customer your placeholder has expired contact customer care placeholder immediately your account will block within placeholder,15,imc25_english_smish_08938,Smishing-Dataset-IMC25,candidate,Dear PAYTM customer your <LOCATION> has expired. Contact customer care No-<PHONE_NUMBER> immediately . your account will Block within <DATE_TIME>. Thank you PAYTM TEAM.
dear paytm customer your placeholder has expired contact customer care placeholder immediately your account will block within placeholder,15,imc25_english_smish_08939,Smishing-Dataset-IMC25,candidate,Dear PAYTM customer your <LOCATION> has expired. Contact customer care <LOCATION> immediately. your account will Block within <DATE_TIME>. Thank you PAYTM TEAM.
dear sbi user your sbi yono account has been blocked please recover your pan card click here login,15,imc25_english_smish_10885,Smishing-Dataset-IMC25,candidate,Dear SBI user your SBI YONO Account has been blocked please recover your PAN CARD click here to login your PAN number: <URL>
dear sbi user your sbi yono account has been blocked please recover your pan card click here login,15,imc25_english_smish_10923,Smishing-Dataset-IMC25,candidate,Dear SBI user your SBI YONO Account has been blocked please recover your PAN CARD click here to login your virtual PAN number: <URL>
dear sbi user your sbi yono account has been blocked please recover your pan card click here login,15,imc25_english_smish_10941,Smishing-Dataset-IMC25,candidate,Dear SBI user your SBI YONO Account has been blocked please recover your PAN CARD click here to login your PAN number: <NAMED_ENTITY>
dear sbi user your sbi yono account has been blocked please recover your pan card click here login,15,imc25_english_smish_11269,Smishing-Dataset-IMC25,candidate,Dear SBI user your SBI YONO Account has been blocked please recover your PAN CARD click here to login your account and enter your PAN number: <URL>
dear sbi user your sbi yono account has been blocked please recover your pan card click here login,15,imc25_english_smish_11283,Smishing-Dataset-IMC25,candidate,Dear SBI User your SBI YONO Account has been blocked please recover your PAN CARD click here to login your PAN number: <URL>t/Awcz
the usps package arrived the warehouse but could not delivered due incomplete address information please confirm your address,11,imc25_english_smish_00089,Smishing-Dataset-IMC25,needs_review,"The USPS package arrived at the warehouse but could not be delivered due to incomplete address information. Please confirm your address in the link. <URL> (Please reply <NAMED_ENTITY>, then exit the text message and open it again to activate the link, or copy the link and open it in your Safari browser). The USPS team wishes you a wonderful day!"
the usps package arrived the warehouse but could not delivered due incomplete address information please confirm your address,11,imc25_english_smish_00210,Smishing-Dataset-IMC25,needs_review,"The USPS package arrived at the warehouse but could not be delivered due to incomplete address information. Please confirm your address in the link. (Please reply <NAMED_ENTITY>, then exit the text message and open it again to activate the link, or copy the link and open it in your Safari browser). The USPS team wishes you a wonderful day!"
the usps package arrived the warehouse but could not delivered due incomplete address information please confirm your address,11,imc25_english_smish_00300,Smishing-Dataset-IMC25,approved,"The USPS package arrived at the warehouse but could not be delivered due to incomplete address information. Please confirm your address in the link. <URL> (Please reply <NAMED_ENTITY>, then exit the text message and open it again to activate the link, or copy the link and open it in your Safari)"
the usps package arrived the warehouse but could not delivered due incomplete address information please confirm your address,11,imc25_english_smish_00429,Smishing-Dataset-IMC25,needs_review,"The USPS package arrived at the warehouse but could not be delivered due to incomplete address information. Please confirm your address in the link. (Please reply <NAMED_ENTITY>, activate the link, or copy the link and open it in your browser). The USPS team wishes you a wonderful day!"
the usps package arrived the warehouse but could not delivered due incomplete address information please confirm your address,11,imc25_english_smish_00496,Smishing-Dataset-IMC25,needs_review,"The USPS package arrived at the warehouse but could not be delivered due to incomplete address information. Please confirm your address in the link. <URL>op (Please reply <NAMED_ENTITY>, then exit the text message and open it again to activate the link, or copy the link."
dear sbi user your sbi yono account has been blocked please unlock your pan card click here login,11,imc25_english_smish_10788,Smishing-Dataset-IMC25,candidate,Dear SBI user your SBI YONO Account has been blocked please unlock your PAN CARD click here to login your PAN number: <URL>c2
dear sbi user your sbi yono account has been blocked please unlock your pan card click here login,11,imc25_english_smish_10839,Smishing-Dataset-IMC25,candidate,Dear SBI user your SBI YONO Account has been blocked please unlock your PAN CARD click here to login your new PAN number: <NRP>
dear sbi user your sbi yono account has been blocked please unlock your pan card click here login,11,imc25_english_smish_10877,Smishing-Dataset-IMC25,candidate,Dear SBI user your SBI YONO Account has been blocked please unlock your PAN CARD click here to login your PAN number: <URL>
dear sbi user your sbi yono account has been blocked please unlock your pan card click here login,11,imc25_english_smish_11376,Smishing-Dataset-IMC25,candidate,Dear SBI user your SBI YONO Account has been blocked please unlock your PAN CARD click here to login your PAN number: <URL>zc2
dear sbi user your sbi yono account has been blocked please unlock your pan card click here login,11,imc25_english_smish_11838,Smishing-Dataset-IMC25,candidate,Dear SBI user your SBI YONO Account has been blocked please unlock your PAN CARD click here to login your register PAN number: <URL>
dear sbi user your sbi yono account has been blocked please verify your pan card click here login,11,imc25_english_smish_10916,Smishing-Dataset-IMC25,candidate,Dear SBI user your SBI YONO Account has been blocked please verify your PAN CARD click here to login your PAN number: <URL>
dear sbi user your sbi yono account has been blocked please verify your pan card click here login,11,imc25_english_smish_11473,Smishing-Dataset-IMC25,candidate,Dear SBI user your SBI YONO Account has been blocked please verify your PAN CARD click here to login your user ID and Password...
dear sbi user your sbi yono account has been blocked please verify your pan card click here login,11,imc25_english_smish_11755,Smishing-Dataset-IMC25,candidate,Dear SBI user your SBI YONO Account has been blocked please verify your PAN CARD click here to login your PAN number: <NRP>
dear sbi user your sbi yono account has been blocked please verify your pan card click here login,11,imc25_english_smish_11924,Smishing-Dataset-IMC25,candidate,Dear SBI user your SBI YONO Account has been blocked please verify your PAN CARD click here to login your updated PAN number: <URL>
dear sbi user your sbi yono account has been blocked please verify your pan card click here login,11,imc25_english_smish_11938,Smishing-Dataset-IMC25,candidate,Dear SBI user your SBI YONO Account has been blocked please verify your PAN CARD click here to login your verified PAN number: <URL>
regret inform you that your netflix membership has been placed hold due issues with your billing information kindly,10,imc25_english_smish_00064,Smishing-Dataset-IMC25,needs_review,"We regret to inform you that your Netflix membership has been placed on hold due to issues with your billing information. We kindly request to update your billing information as soon as possible to continue using your account without any interruption. To update your billing information, please follow the instructions by click on link below : https:// <URL> Netflix Services"
regret inform you that your netflix membership has been placed hold due issues with your billing information kindly,10,imc25_english_smish_00361,Smishing-Dataset-IMC25,needs_review,"We regret to inform you that your Netflix membership has been placed on hold due to issues with your billing information. We kindly request to update your billing information as soon as possible to continue using your account without any interruption. To using your account as normally, please follow the instructions by click on link below: <URL> Netflix Services"
regret inform you that your netflix membership has been placed hold due issues with your billing information kindly,10,imc25_english_smish_00398,Smishing-Dataset-IMC25,needs_review,"We regret to inform you that your Netflix membership has been placed on hold due to issues with your billing information. We kindly request to update your billing information as soon as possible to continue using your account without any interruption. To update your billing information, please follow the instructions by click on link below : <URL>:<EMAIL_ADDRESS><URL>"
regret inform you that your netflix membership has been placed hold due issues with your billing information kindly,10,imc25_english_smish_00462,Smishing-Dataset-IMC25,needs_review,"We regret to inform you that your Netflix membership has been placed on hold due to issues with your billing information. We kindly request to update your billing information as soon as possible to continue using your account without any interruption. To using your account as normally, please follow the instructions by click on link below :"
regret inform you that your netflix membership has been placed hold due issues with your billing information kindly,10,imc25_english_smish_00556,Smishing-Dataset-IMC25,approved,We regret to inform you that your Netflix membership has been placed on hold due to issues with your billing information. We kindly request to update your billing information as soon as possible to continue using your account without any interruption.
dear user your sbi yono account will close placeholder click here the link update your pan card number,10,imc25_english_smish_02178,Smishing-Dataset-IMC25,approved,dear user your sbi yono account will be close <DATE_TIME> click here on the link update your pan card number
dear user your sbi yono account will close placeholder click here the link update your pan card number,10,imc25_english_smish_02184,Smishing-Dataset-IMC25,needs_review,Dear user your SBI YONO Account will be close <DATE_TIME> click here on the link update your PAN CARD Number <URL> SBI TEAM.
dear user your sbi yono account will close placeholder click here the link update your pan card number,10,imc25_english_smish_02190,Smishing-Dataset-IMC25,needs_review,Dear User Your SBI YONO Account will be close <DATE_TIME> click here on the link update your PAN CARD Number <URL> SBI
dear user your sbi yono account will close placeholder click here the link update your pan card number,10,imc25_english_smish_02336,Smishing-Dataset-IMC25,needs_review,dear user your sbi yono account will close <DATE_TIME> click here on the link update your pan card number
dear user your sbi yono account will close placeholder click here the link update your pan card number,10,imc25_english_smish_02385,Smishing-Dataset-IMC25,needs_review,dear user your sbi yono account will be close <DATE_TIME> click here on the link update your pan card number <URL>
dear consumer your electricity power connection will disconnected placeholder because your placeholder bill was not updated please immediately,10,imc25_english_smish_02583,Smishing-Dataset-IMC25,needs_review,Dear consumer Your electricity power connection will be Disconnected <DATE_TIME>. Because your <DATE_TIME> bill was not updated please immediately call our electricity officer Mr <NAMED_ENTITY> of power would like to clarify that although we encourage our consumer's to always keep updated. Now you update your bill by just calling our electricity helpline number.
dear consumer your electricity power connection will disconnected placeholder because your placeholder bill was not updated please immediately,10,imc25_english_smish_02769,Smishing-Dataset-IMC25,needs_review,Dear consumer Your electricity power connection will be Disconnected <DATE_TIME>. Because your <DATE_TIME> bill was not updated please immediately call our electricity officer Mr. <NAMED_ENTITY>. <DATE_TIME>
dear consumer your electricity power connection will disconnected placeholder because your placeholder bill was not updated please immediately,10,imc25_english_smish_02873,Smishing-Dataset-IMC25,needs_review,Dear consumer Your electricity power connection will be Disconnected <DATE_TIME>. Because your <DATE_TIME> bill was not updated please immediately call our electricity officer Mr <NAMED_ENTITY>. ministry of power would like to clarify that although we encourage our consumer's to always keep updated. Now you update your bill by just calling our electricity helpline number :- Call <PHONE_NUMBER>
dear consumer your electricity power connection will disconnected placeholder because your placeholder bill was not updated please immediately,10,imc25_english_smish_02970,Smishing-Dataset-IMC25,needs_review,Dear consumer Your electricity power connection will be Disconnected <DATE_TIME>. Because your <DATE_TIME> bill was not updated please immediately call our electricity officer Mr. <NAMED_ENTITY> joshi. <DATE_TIME>
dear consumer your electricity power connection will disconnected placeholder because your placeholder bill was not updated please immediately,10,imc25_english_smish_03396,Smishing-Dataset-IMC25,needs_review,Dear consumer Your electricity power connection will be Disconnected <DATE_TIME>. Because your <DATE_TIME> bill was not updated please immediately call our electricity officer Mr <NAMED_ENTITY> would like to clarify that although we encourage our consumer's to always keep updated. Now you update your bill by just calling our electricity helpline number. To update your bill call our electricity helpline number :- CALL NOW. <PHONE_NUMBER> * Follow our official social media accounts @ministryofpower on twitter facebook instagram and YouTube
dear sbi user your sbi yono account will block placeholder please click here link update your pan card,9,imc25_english_smish_10868,Smishing-Dataset-IMC25,candidate,Dear SBI user your SBI YONO Account will be block <DATE_TIME>. Please click here link update your PAN CARD Number. Thank you SBI.
dear sbi user your sbi yono account will block placeholder please click here link update your pan card,9,imc25_english_smish_10993,Smishing-Dataset-IMC25,candidate,Dear SBI user your SBI YONO Account will be block <DATE_TIME>. Please click here link update your PAN CARD Number. Thank you SBI
dear sbi user your sbi yono account will block placeholder please click here link update your pan card,9,imc25_english_smish_11206,Smishing-Dataset-IMC25,candidate,Dear SBI user your SBI YONO Account will be block <DATE_TIME>. Please click here link update your PAN CARD Number.
dear sbi user your sbi yono account will block placeholder please click here link update your pan card,9,imc25_english_smish_11371,Smishing-Dataset-IMC25,candidate,Dear SBI user your SBI YONO Account will be block <DATE_TIME>. Please click here link update your PAN CARD Number. <URL>
dear sbi user your sbi yono account will block placeholder please click here link update your pan card,9,imc25_english_smish_11649,Smishing-Dataset-IMC25,candidate,Dear SBI user your SBI YONO Account will be block <DATE_TIME>. Please click here link update your PAN CARD Number
your amazon account has been locked recently received multiple failed login attempts your account recovery your account immediately,8,imc25_english_smish_00003,Smishing-Dataset-IMC25,approved,Your Amazon Account has been locked. We recently received multiple failed login attempts to your account. Recovery your account immediately click link bellow: <URL>
your amazon account has been locked recently received multiple failed login attempts your account recovery your account immediately,8,imc25_english_smish_00132,Smishing-Dataset-IMC25,needs_review,"Your Amazon Account has been locked. We recently received multiple failed login attempts to your account. Recovery your account immediately click link bellow: <URL> Please take action on your account within <DATE_TIME> to avoid permanent suspension. Regards, Amazon Service"
your amazon account has been locked recently received multiple failed login attempts your account recovery your account immediately,8,imc25_english_smish_00207,Smishing-Dataset-IMC25,needs_review,"Your Amazon Account has been locked. We recently received multiple failed login attempts to your account. Recovery your account immediately click link bellow: <NAMED_ENTITY>--p1ai/authcus/ Please take action on your account within <DATE_TIME> to avoid permanent suspension. Regards, Amazon Service"
your amazon account has been locked recently received multiple failed login attempts your account recovery your account immediately,8,imc25_english_smish_00889,Smishing-Dataset-IMC25,needs_review,"Your Amazon Account has been locked. We recently received multiple failed login attempts to your account. Recovery your account immediately click link bellow: <URL> Please take action on your account within <DATE_TIME> to avoid permanent suspension. Regards, Amazon Service Your Amazon Account has been locked. We recently received multiple failed login attempts to your account. Recovery your account immediately click link bellow: <URL> Please take action on your account within <DATE_TIME> to avoid permanent suspension. Regards, Amazon Service"
your amazon account has been locked recently received multiple failed login attempts your account recovery your account immediately,8,imc25_english_smish_02668,Smishing-Dataset-IMC25,needs_review,Your Amazon Account has been locked. We recently received multiple failed login attempts to your account. Recovery your account immediately click link below: <URL> Please take action on your account within <DATE_TIME> to avoid permanent suspension. Regards Amazon Service
notification dear customer your electricity power will disconnected placeholder placeholder from electricity office because your placeholder bill was,8,imc25_english_smish_05268,Smishing-Dataset-IMC25,approved,Notification. Dear Customer Your Electricity Power will be disconnected <DATE_TIME> at <DATE_TIME> from electricity office. because your <DATE_TIME> bill was not update. Please immediately contact with our electricity officer <PHONE_NUMBER> Thank you
notification dear customer your electricity power will disconnected placeholder placeholder from electricity office because your placeholder bill was,8,imc25_english_smish_16686,Smishing-Dataset-IMC25,candidate,Notification. Dear Customer Your Electricity power will be disconnected. <DATE_TIME> at <DATE_TIME> from electricity office. because your <DATE_TIME> bill was not update. Please immediately contact with our electricity officer <UK_NHS> Thank you.
notification dear customer your electricity power will disconnected placeholder placeholder from electricity office because your placeholder bill was,8,imc25_english_smish_19116,Smishing-Dataset-IMC25,candidate,Notification. Dear customer your Electricity power will be disconnected <DATE_TIME> at <DATE_TIME> from electricity office. Because your <DATE_TIME> bill was not update. Please immediately contact with our electricity office <PHONE_NUMBER>
notification dear customer your electricity power will disconnected placeholder placeholder from electricity office because your placeholder bill was,8,imc25_english_smish_19204,Smishing-Dataset-IMC25,candidate,Notification. Dear Customer Your Electricity Power will be disconnected <DATE_TIME> at <DATE_TIME> from electricity office. because your <DATE_TIME> bill was not update. Please immediately contact with our electricity officer <UK_NHS> Thank you
notification dear customer your electricity power will disconnected placeholder placeholder from electricity office because your placeholder bill was,8,imc25_english_smish_19385,Smishing-Dataset-IMC25,candidate,Notification. Dear Customer Your Electricity power will be disconnected <DATE_TIME> at <DATE_TIME> from electricity office. because your <DATE_TIME> bill was not update. Please immediately Contact with our electricity officer <PHONE_NUMBER> Thank you.
dear customer your patym kyc has been expire placeholder please call customer care placeholder immediately your patym account,8,imc25_english_smish_09313,Smishing-Dataset-IMC25,candidate,Dear customer Your PATYM KYC has been expire <DATE_TIME> please call customer care no <UK_NHS> immediately your PATYM account blocked <DATE_TIME> thanks you
dear customer your patym kyc has been expire placeholder please call customer care placeholder immediately your patym account,8,imc25_english_smish_09574,Smishing-Dataset-IMC25,candidate,Dear customer Your PATYM KYC has been expire <DATE_TIME> please call customer care <DATE_TIME> immediately your PATYM account blocked <DATE_TIME> thanks you
dear customer your patym kyc has been expire placeholder please call customer care placeholder immediately your patym account,8,imc25_english_smish_09635,Smishing-Dataset-IMC25,candidate,Dear customer Your PATYM KYC has been expire <DATE_TIME> please call customer care no <PHONE_NUMBER> immediately your PATYM account blocked <DATE_TIME> thanks you
dear customer your patym kyc has been expire placeholder please call customer care placeholder immediately your patym account,8,imc25_english_smish_09730,Smishing-Dataset-IMC25,candidate,Dear customer Your PATYM KYC has been expire <DATE_TIME> please call customer care <UK_NHS> immediately your PATYM account blocked <DATE_TIME> thanks you
dear customer your patym kyc has been expire placeholder please call customer care placeholder immediately your patym account,8,imc25_english_smish_09876,Smishing-Dataset-IMC25,candidate,Dear customer Your PATYM KYC has been expire <DATE_TIME> please call customer care no <US_BANK_NUMBER> immediately your PATYM account blocked <DATE_TIME> thanks you
dear paytm user your paytm has been expired call immediately for verification will blocked within 24hr paytm office,8,imc25_english_smish_09325,Smishing-Dataset-IMC25,candidate,Dear PAYTM User Your PAYTM A/C K.Y.C Has Been Expired Call immediately For Verification A/C will be Blocked Within 24hr PAYTM OFFICE PH <DATE_TIME>
dear paytm user your paytm has been expired call immediately for verification will blocked within 24hr paytm office,8,imc25_english_smish_09423,Smishing-Dataset-IMC25,candidate,Dear PAYTM User Your PAYTM A/ C K.Y.C Has Been Expired Call immediately For Verification A/c Will Be Blocked Within 24hr PAYTM OFFICE PH
dear paytm user your paytm has been expired call immediately for verification will blocked within 24hr paytm office,8,imc25_english_smish_09526,Smishing-Dataset-IMC25,candidate,Dear PAYTM User Your PAYTM A/C K.Y.C Has Been Expired Call immediately For Verification A/c will be Blocked within 24hr PAYTM OFFICE PH
dear paytm user your paytm has been expired call immediately for verification will blocked within 24hr paytm office,8,imc25_english_smish_09626,Smishing-Dataset-IMC25,candidate,Dear PAYTM User Your PAYTM A/C K.Y.C Has Been Expired Call immediately For Verification A/c Will Be Blocked Within 24hr PAYTM OFFICE PH <PHONE_NUMBER>
dear paytm user your paytm has been expired call immediately for verification will blocked within 24hr paytm office,8,imc25_english_smish_09860,Smishing-Dataset-IMC25,candidate,Dear PAYTM User Your PAYTM A/C K.Y.C Has Been Expired Call immediately For Verification A/c will be Blocked within 24hr PAYTM OFFICE PH 86/<US_DRIVER_LICENSE>
dear sbi user your sbi yono account has been blocked please refer your pan card click here login,8,imc25_english_smish_10819,Smishing-Dataset-IMC25,candidate,Dear SBI user your SBI YONO Account has been blocked please refer your PAN CARD click here to login your required PAN number: <URL>
dear sbi user your sbi yono account has been blocked please refer your pan card click here login,8,imc25_english_smish_11048,Smishing-Dataset-IMC25,candidate,Dear SBI user your SBI YONO Account has been blocked please refer your PAN CARD click here to login your updated PAN number: <URL>
dear sbi user your sbi yono account has been blocked please refer your pan card click here login,8,imc25_english_smish_11112,Smishing-Dataset-IMC25,candidate,Dear SBI user your SBI YONO Account has been blocked please refer to your PAN CARD click here to login your account using your PAN Number: <URL>
dear sbi user your sbi yono account has been blocked please refer your pan card click here login,8,imc25_english_smish_11220,Smishing-Dataset-IMC25,candidate,Dear SBI user your SBI YONO Account has been blocked please refer to your PAN CARD click here to login your PAN number: <URL>
dear sbi user your sbi yono account has been blocked please refer your pan card click here login,8,imc25_english_smish_11279,Smishing-Dataset-IMC25,candidate,Dear SBI user your SBI YONO account has been blocked please refer your PAN CARD click here to login your account using your PAN number: <URL>
the transaction function your ocbc account will suspended prevent your account from being locked out update placeholder access,8,imc25_english_smish_11060,Smishing-Dataset-IMC25,candidate,"['The transaction function of your OCBC account will be suspended. To prevent your account from being locked out, update it on <DATE_TIME>. access ...', 'Your OCBC account transaction has been suspended, please update it on <DATE_TIME>, otherwise the account will be locked. Please access ...']"
the transaction function your ocbc account will suspended prevent your account from being locked out update placeholder access,8,imc25_english_smish_11329,Smishing-Dataset-IMC25,candidate,"The transaction function of your OCBC account will be suspended. To prevent your account from being locked out, update it on <DATE_TIME>. access ..."
the transaction function your ocbc account will suspended prevent your account from being locked out update placeholder access,8,imc25_english_smish_11567,Smishing-Dataset-IMC25,candidate,"['The transaction function of your OCBC account will be suspended . To prevent your account from being locked out, update it on <DATE_TIME>. access ...', 'Your OCBC account transaction has been suspended, please update it on <DATE_TIME>, otherwise the account will be locked. Please access ...']"
the transaction function your ocbc account will suspended prevent your account from being locked out update placeholder access,8,imc25_english_smish_13393,Smishing-Dataset-IMC25,candidate,"The transaction function of your OCBC account will be suspended. To prevent your account from being locked out, update it on <DATE_TIME>. access <URL>"
the transaction function your ocbc account will suspended prevent your account from being locked out update placeholder access,8,imc25_english_smish_14246,Smishing-Dataset-IMC25,candidate,"['The transaction function of your OCBC account will be suspended. To prevent your account from being locked out, update it on <DATE_TIME>. access ...', 'Your OCBC account transaction has been suspended, please update it on <DATE_TIME>, otherwise the account will be locked. Please access ... ']"
dear sbi user your yono account will blocked placeholder please click the link update your pan card number,7,imc25_english_smish_02124,Smishing-Dataset-IMC25,approved,Dear SBI user Your YONO Account will be blocked <DATE_TIME>. Please click on the link to update your PAN CARD Number <URL> SBI Team
dear sbi user your yono account will blocked placeholder please click the link update your pan card number,7,imc25_english_smish_02284,Smishing-Dataset-IMC25,needs_review,Dear SBI user Your Yono Account will be blocked <DATE_TIME>. Please click on the link to update your Pan Card Number.
dear sbi user your yono account will blocked placeholder please click the link update your pan card number,7,imc25_english_smish_03148,Smishing-Dataset-IMC25,needs_review,Dear SBI user Your YONO Account will be blocked <DATE_TIME>. Please click on the link to update your PAN CARD Number <URL>
dear sbi user your yono account will blocked placeholder please click the link update your pan card number,7,imc25_english_smish_03333,Smishing-Dataset-IMC25,needs_review,Dear SBI user Your YONO Account will be blocked <DATE_TIME>. Please click on the link to update your PAN CARD Number. <URL>
dear sbi user your yono account will blocked placeholder please click the link update your pan card number,7,imc25_english_smish_04378,Smishing-Dataset-IMC25,needs_review,dear SBI user Your YONO Account will be blocked <DATE_TIME>. Please click on the link to update your PAN CARD Number <URL> SBI. TEAM
dear user your hdfc bank account will suspended placeholder please update your pan card click here placeholder thank,7,imc25_english_smish_02392,Smishing-Dataset-IMC25,approved,Dear user your HDFC bank Account will be suspended! <DATE_TIME> please update your PAN CARD click here <URL> Thank you
dear user your hdfc bank account will suspended placeholder please update your pan card click here placeholder thank,7,imc25_english_smish_02435,Smishing-Dataset-IMC25,needs_review,Dear user your HDFC bank account will be suspended ! <DATE_TIME> please update your PAN CARD click here <URL> Thank you
dear user your hdfc bank account will suspended placeholder please update your pan card click here placeholder thank,7,imc25_english_smish_02609,Smishing-Dataset-IMC25,needs_review,Dear user your HDFC bank Account will be suspended! <DATE_TIME> please update your PAN CARD click here <URL> thank you!
dear user your hdfc bank account will suspended placeholder please update your pan card click here placeholder thank,7,imc25_english_smish_02854,Smishing-Dataset-IMC25,needs_review,Dear user your HDFC bank Account will be suspended ! <DATE_TIME> please update your PAN CARD click here <URL> thank you!
dear user your hdfc bank account will suspended placeholder please update your pan card click here placeholder thank,7,imc25_english_smish_03185,Smishing-Dataset-IMC25,needs_review,Dear user your HDFC bank account will be suspended ! <DATE_TIME> please update your PAN CARD click here <NAMED_ENTITY> Thank you
dear customer your atm card has been blocked state bank due non verification yet you want keep using,7,imc25_english_smish_02401,Smishing-Dataset-IMC25,approved,Dear Customer Your ATM Card Has Been Blocked By State Bank Due To Non Verification Yet If you Want To Keep Using Your ATM CARD Us:Call me..
dear customer your atm card has been blocked state bank due non verification yet you want keep using,7,imc25_english_smish_12794,Smishing-Dataset-IMC25,candidate,"Dear Customer,Your ATM Card Has Been Blocked By State Bank Due To Non Verification Yet If You Want Keep Using Your ATM Card Contact Us.<PHONE_NUMBER>"
dear customer your atm card has been blocked state bank due non verification yet you want keep using,7,imc25_english_smish_13034,Smishing-Dataset-IMC25,candidate,Dear Customer your ATM card Has Been Blocked By State Bank Due To Non-Verification Yet If you Want To Keep r Using Your ATM CARD Contact Us: <DATE_TIME> Dear Customer your ATM card Has Been Blocked By State Bank Due To Non-Verification Yet If you Want To Keep t Using Your ATM CARD Contact Us: <DATE_TIME>
dear customer your atm card has been blocked state bank due non verification yet you want keep using,7,imc25_english_smish_13282,Smishing-Dataset-IMC25,candidate,Dear Customer your ATM Card has been Blocked By State Bank Due To Non-Verification Yet If You Want To Keep Using Your ATM CARD Us:Call me.
dear customer your atm card has been blocked state bank due non verification yet you want keep using,7,imc25_english_smish_13819,Smishing-Dataset-IMC25,candidate,Dear customer your ATM card Has Been Blocked By State Bank Due To Non-Verification Yet If you Want To Keep Using Your ATM CARD Contact Us: <PHONE_NUMBER>
dear sbi user your will blocked placeholder update your pancard for kyc verify your account login netbanking kyc,7,imc25_english_smish_03339,Smishing-Dataset-IMC25,approved,DEAR SBI USER Your A/C will be Blocked <DATE_TIME> update your PANCARD for KYC verify your account login NetBanking KYC upload Click here Link
dear sbi user your will blocked placeholder update your pancard for kyc verify your account login netbanking kyc,7,imc25_english_smish_03781,Smishing-Dataset-IMC25,needs_review,DEAR SBI USER Your A/C will be blocked <DATE_TIME> update your PANCARD for KYC verify your account login NetBanking KYC upload Click here Link.
dear sbi user your will blocked placeholder update your pancard for kyc verify your account login netbanking kyc,7,imc25_english_smish_11441,Smishing-Dataset-IMC25,candidate,"DEAR SBI USER, Your A/C will be blocked <DATE_TIME>. update your PANCARD for KYC. verify your account login NetBanking kyc upload Click here."
dear sbi user your will blocked placeholder update your pancard for kyc verify your account login netbanking kyc,7,imc25_english_smish_12966,Smishing-Dataset-IMC25,candidate,"DEAR SBI USER, Your A/C will be blocked <DATE_TIME>. update your PANCARD for KYC. verify your account login NetBanking kyc upload Click here. <URL>"
dear sbi user your will blocked placeholder update your pancard for kyc verify your account login netbanking kyc,7,imc25_english_smish_13978,Smishing-Dataset-IMC25,candidate,"DEAR SBI USER, Your A/C will be blocked <DATE_TIME> update your PANCARD for KYC. verify your account login NetBanking KYC upload Click here."
dear paytm customer your kyc has been suspended paytm office placeholder call immediately your account will blocked within,7,imc25_english_smish_08686,Smishing-Dataset-IMC25,candidate,Dear paytm customer your KYC has been suspended. Paytm office pH <PHONE_NUMBER> call immediately. Your account will blocked within <DATE_TIME>. Thank you paytm team
dear paytm customer your kyc has been suspended paytm office placeholder call immediately your account will blocked within,7,imc25_english_smish_08887,Smishing-Dataset-IMC25,candidate,Dear paytm customer your KYC has been suspended. Paytm office PH <PHONE_NUMBER> call immediately. Your account will blocked within <DATE_TIME>. Thank you paytm team. Dear paytm customer your KYC has been suspended. Paytm office PH <PHONE_NUMBER> call immediately. Your account will blocked within <DATE_TIME>. Thank you paytm team.
dear paytm customer your kyc has been suspended paytm office placeholder call immediately your account will blocked within,7,imc25_english_smish_08889,Smishing-Dataset-IMC25,candidate,Dear paytm customer your KYC has been suspended. Paytm office pH <PHONE_NUMBER> call immediately. Your account will blocked within <DATE_TIME>. Thank you paytm te
dear paytm customer your kyc has been suspended paytm office placeholder call immediately your account will blocked within,7,imc25_english_smish_08924,Smishing-Dataset-IMC25,candidate,Dear paytm customer your KYC has been suspended. Paytm office pH <UK_NHS> call immediately. Your account will be blocked within <DATE_TIME>. Thank you paytm team
dear paytm customer your kyc has been suspended paytm office placeholder call immediately your account will blocked within,7,imc25_english_smish_09181,Smishing-Dataset-IMC25,candidate,Dear paytm customer your KYC has been suspended. Paytm office pH <PHONE_NUMBER> call immediately. Your account will be blocked within <DATE_TIME>. Thank you paytm team
dear sbi user your sbi yono has been blocked please update your pan card click here login your,7,imc25_english_smish_10787,Smishing-Dataset-IMC25,candidate,Dear SBI user your SBI YONO A/c has been blocked. please update your PAN CARD click here to login your net banking update your PAN no
dear sbi user your sbi yono has been blocked please update your pan card click here login your,7,imc25_english_smish_11050,Smishing-Dataset-IMC25,candidate,Dear SBI user your SBI YONO A/C has been blocked please update your PAN CARD click here to login your net banking update your PAN no
dear sbi user your sbi yono has been blocked please update your pan card click here login your,7,imc25_english_smish_11165,Smishing-Dataset-IMC25,candidate,Dear SBI user your SBI YONO A/c has been blocked please update your PAN CARD click here to login your net banking update your PAN numbar
dear sbi user your sbi yono has been blocked please update your pan card click here login your,7,imc25_english_smish_11721,Smishing-Dataset-IMC25,candidate,Dear SBI user your SBI YONO A/c has been blocked please update your PAN CARD click here to login your net banking update your PAN numbar <URL>
dear sbi user your sbi yono has been blocked please update your pan card click here login your,7,imc25_english_smish_12036,Smishing-Dataset-IMC25,candidate,Dear SBI user your SBI YONO A/c has been blocked. please update your PAN CARD click here to login your net banking update your PAN No <URL>
dear sbi customer your account has been blocked due kyc updated within placeholder please contact customer care placeholder,7,imc25_english_smish_10934,Smishing-Dataset-IMC25,candidate,Dear SBI customer your account has been Blocked due to KYC Updated within <DATE_TIME>. Please contact Customer care <PHONE_NUMBER> call me to con to continue your service Thank you. SBI
dear sbi customer your account has been blocked due kyc updated within placeholder please contact customer care placeholder,7,imc25_english_smish_11162,Smishing-Dataset-IMC25,candidate,Dear SBI customer your account has been blocked due to KYC updated within <DATE_TIME> please contact customer care <UK_NHS> to continue your Service. thank you
dear sbi customer your account has been blocked due kyc updated within placeholder please contact customer care placeholder,7,imc25_english_smish_11380,Smishing-Dataset-IMC25,candidate,Dear SBI customer your account has been blocked due to KYC Updated within <DATE_TIME>. Please contact customer care <UK_NHS> to continue your service. Thank you
dear sbi customer your account has been blocked due kyc updated within placeholder please contact customer care placeholder,7,imc25_english_smish_11843,Smishing-Dataset-IMC25,candidate,Dear SBI customer your account has been blocked due to KYC Updated within <DATE_TIME>. Please contact customer care <PHONE_NUMBER> to con to continue your service Thank you
dear sbi customer your account has been blocked due kyc updated within placeholder please contact customer care placeholder,7,imc25_english_smish_12203,Smishing-Dataset-IMC25,candidate,Dear SBI Customer your account has been blocked due to KYC Updated Within <DATE_TIME> . Please Contact Customer Care :- <PHONE_NUMBER> to Continue your Service Thank You
your current airtel plan will longer valid from placeholder that you continue enjoy airtel services are upgrading you,7,imc25_english_smish_20676,Smishing-Dataset-IMC25,candidate,"Hi! Your current Airtel plan on will no longer be valid from <DATE_TIME> . So that you continue to enjoy Airtel Services, we are upgrading you to Rs.199 Unlimited calling plan. You also get 10<LOCATION> data & 100 SMS/day . To choose any other plan, click <URL>"
your current airtel plan will longer valid from placeholder that you continue enjoy airtel services are upgrading you,7,imc25_english_smish_20678,Smishing-Dataset-IMC25,candidate,"Hi! Your current Airtel plan on ******** will no longer be valid from <DATE_TIME> . So that you continue to enjoy Airtel Services, we are upgrading you to Rs.299 Unlimited calling plan. You also get 5<LOCATION> data & 100 SMS/day . To choose any other plan, click <URL>"
your current airtel plan will longer valid from placeholder that you continue enjoy airtel services are upgrading you,7,imc25_english_smish_20684,Smishing-Dataset-IMC25,candidate,"Hi! Your current Airtel plan on will no longer be valid from <DATE_TIME> . So that you continue to enjoy Airtel Services, we are upgrading you to Rs.299 Unlimited calling plan. You also get 5<LOCATION> data & 100 SMS/day. To choose any other plan, click <URL>"
your current airtel plan will longer valid from placeholder that you continue enjoy airtel services are upgrading you,7,imc25_english_smish_20708,Smishing-Dataset-IMC25,candidate,"Hi! Your current Airtel plan on will no longer be valid from <DATE_TIME> . So that you continue to enjoy Airtel Services, we are upgrading you to Rs.299 Unlimited calling plan. You also get 5<LOCATION> data & 100 SMS/day . To choose any other plan, click <URL>"
your current airtel plan will longer valid from placeholder that you continue enjoy airtel services are upgrading you,7,imc25_english_smish_20768,Smishing-Dataset-IMC25,candidate,"Hi! Your current Airtel plan on will no longer be valid from <DATE_TIME>. So that you continue to enjoy Airtel Services, we are upgrading you to Rs.199 Unlimited calling plan. You also get 10<LOCATION> data & 100 SMS/day. To choose any other plan, click <URL>"
dear customer your sim documents has been pending please call customer care placeholder immediately your sim will deactivated,7,imc25_english_smish_20970,Smishing-Dataset-IMC25,candidate,Dear Customer Your SIM documents has been pending. Please call customer care no <US_BANK_NUMBER> Immediately. Your SIM will deactivated <DATE_TIME>.
dear customer your sim documents has been pending please call customer care placeholder immediately your sim will deactivated,7,imc25_english_smish_20978,Smishing-Dataset-IMC25,candidate,Dear Customer Your SIM documents has been pending. Please call customer care no <PHONE_NUMBER> Immediately. Your SIM will deactivated <DATE_TIME>. Thanks You
dear customer your sim documents has been pending please call customer care placeholder immediately your sim will deactivated,7,imc25_english_smish_21062,Smishing-Dataset-IMC25,candidate,"Dear Customer, Your SIM documents has been pending. Please call customer care no <PHONE_NUMBER> Immediately. Your SIM will deactivated within <DATE_TIME>. Thank you"
dear customer your sim documents has been pending please call customer care placeholder immediately your sim will deactivated,7,imc25_english_smish_21073,Smishing-Dataset-IMC25,candidate,Dear Customer Your SIM documents has been pending. Please call customer care no <PHONE_NUMBER> Immediately. Your SIM will deactivated <DATE_TIME>.
dear customer your sim documents has been pending please call customer care placeholder immediately your sim will deactivated,7,imc25_english_smish_21120,Smishing-Dataset-IMC25,candidate,"Dear Customer, Your sim documents has been Pending. Please Call Customer Care no <PHONE_NUMBER> .immediately. Your sim will deactivated <DATE_TIME>. Thankyou"
you will receive tax refund number number but cannot process due incomplete personal information order expedite the processing,6,imc25_english_smish_00068,Smishing-Dataset-IMC25,needs_review,"[ I.R.S ] You will receive a tax refund of $573.00, but cannot process it due to incomplete personal information. In order to expedite the processing of your refund and avoid potential delays or penalties, please provide accurate personal information immediately to ensure precise payment. Deadline: <DATE_TIME>."
you will receive tax refund number number but cannot process due incomplete personal information order expedite the processing,6,imc25_english_smish_00267,Smishing-Dataset-IMC25,needs_review,"[ I.R.S ] You will receive a tax refund of $573.00, but cannot process it due to incomplete personal information. In order to expedite the processing of your refund and avoid potential delays or penalties, please provide accurate personal information immediately to ensure precise payment. Deadline: <DATE_TIME>. (Please reply 'y', then exit the message, reopen the message to activate the link, or copy the link and open it in the Safari browser.) Thank you for your cooperation! Sincerely, [IRS]"
you will receive tax refund number number but cannot process due incomplete personal information order expedite the processing,6,imc25_english_smish_00330,Smishing-Dataset-IMC25,needs_review,"[ I.R.S ] You will receive a tax refund of $573.00, but cannot process it due to incomplete personal information. In order to expedite the processing of your refund and avoid potential delays or penalties, please provide accurate personal information immediately to ensure precise payment. Deadline: <DATE_TIME>. <URL> (Please reply 'y', then exit the message, reopen the message to activate the link, or copy the link and open it in the Safari browser.) Thank you for your cooperation! Sincerely, [IRS]"
you will receive tax refund number number but cannot process due incomplete personal information order expedite the processing,6,imc25_english_smish_01046,Smishing-Dataset-IMC25,needs_review,"You will receive a tax refund of $573.00, but cannot process it due to incomplete personal information. In order to expedite the processing of your refund and avoid potential delays or penalties, please provide accurate personal information immediately to ensure precise payment. Deadline: <DATE_TIME>. (Please reply 'y', then exit the message, reopen the message to activate the link, or copy the link and open it in the Safari browser.)"
you will receive tax refund number number but cannot process due incomplete personal information order expedite the processing,6,imc25_english_smish_01251,Smishing-Dataset-IMC25,needs_review,"[ I.R.S ] You will receive a tax refund of $573.00, but cannot process it due to incomplete personal information. In order to expedite the processing of your refund and avoid potential delays or penalties, please provide accurate personal information immediately to ensure precise payment. Deadline: <DATE_TIME>. (Please reply 'y', then exit the message, reopen the message to activate the link, or copy the link and open it in the Safari browser.) Thank you for your cooperation!"
placeholder placeholder,6,imc25_english_smish_00106,Smishing-Dataset-IMC25,approved,<NAMED_ENTITY><URL>
placeholder placeholder,6,imc25_english_smish_01574,Smishing-Dataset-IMC25,needs_review,<EMAIL> <URL>
placeholder placeholder,6,imc25_english_smish_05032,Smishing-Dataset-IMC25,needs_review,<US_DRIVER_LICENSE>: <URL>
placeholder placeholder,6,imc25_english_smish_17693,Smishing-Dataset-IMC25,candidate,<URL> <US_DRIVER_LICENSE>
placeholder placeholder,6,imc25_english_smish_17808,Smishing-Dataset-IMC25,candidate,"<US_BANK_NUMBER>, <US_BANK_NUMBER>"
your account hold having some trouble with your current billing information recovery your account immediately click link bellow,6,imc25_english_smish_00298,Smishing-Dataset-IMC25,approved,"Your account is on hold. We’re having some trouble with your current billing information. Recovery your account immediately click link bellow: <URL>:<EMAIL_ADDRESS><URL> Please take action on your account within <DATE_TIME> to avoid permanent suspension. Regards, Netflix Service"
your account hold having some trouble with your current billing information recovery your account immediately click link bellow,6,imc25_english_smish_01709,Smishing-Dataset-IMC25,needs_review,Your account is on hold. We're having some trouble with your current billing information. Recovery your account immediately click link bellow:
your account hold having some trouble with your current billing information recovery your account immediately click link bellow,6,imc25_english_smish_02830,Smishing-Dataset-IMC25,needs_review,Your account is on hold. We're having some trouble with your current billing information. Recovery your account immediately click link bellow: <URL>:<EMAIL_ADDRESS><URL> Please take action on your account within <DATE_TIME> to avoid permanent suspension. Regards Netflix Service
your account hold having some trouble with your current billing information recovery your account immediately click link bellow,6,imc25_english_smish_03238,Smishing-Dataset-IMC25,needs_review,Your account is on hold. We're having some trouble with your current billing information. Recovery your account immediately click link bellow: <URL>:<EMAIL_ADDRESS><URL> Please take action on your account within <DATE_TIME> to avoid permanent suspension.
your account hold having some trouble with your current billing information recovery your account immediately click link bellow,6,imc25_english_smish_05855,Smishing-Dataset-IMC25,needs_review,Your account is on hold. We're having some trouble with your current billing information. Recovery your account immediately click link bellow: <URL>flix:<EMAIL_ADDRESS><URL> Please take action on your account within <DATE_TIME> to avoid permanent suspension. Regards Netflix Service
your amazon account has been locked recently received multiple failed login attempts your account recover your account immediately,6,imc25_english_smish_00389,Smishing-Dataset-IMC25,approved,Your Amazon Account has been locked. We recently received multiple failed login attempts to your account. Recover your account immediately click link bellow: <URL>
your amazon account has been locked recently received multiple failed login attempts your account recover your account immediately,6,imc25_english_smish_00650,Smishing-Dataset-IMC25,needs_review,"Your Amazon Account has been locked. We recently received multiple failed login attempts on your account. Recover your account immediately by click link bellow: <URL> Please take action on your account within <DATE_TIME> to avoid permanent suspension. Regards, Amazon Service"
your amazon account has been locked recently received multiple failed login attempts your account recover your account immediately,6,imc25_english_smish_01568,Smishing-Dataset-IMC25,needs_review,"Your Amazon Account has been locked. We recently received multiple failed login attempts to your account. Recover your account immediately click link below: <URL> Please take action on your account within <DATE_TIME> to avoid permanent suspension. Regards, Amazon Service"
your amazon account has been locked recently received multiple failed login attempts your account recover your account immediately,6,imc25_english_smish_04679,Smishing-Dataset-IMC25,needs_review,Your Amazon Account has been locked. We recently received multiple failed login attempts on your account. Recover your account immediately by click link bellow: <URL> Please take action on your account within <DATE_TIME> to avoid permanent suspension. Regards Amazon Service
your amazon account has been locked recently received multiple failed login attempts your account recover your account immediately,6,imc25_english_smish_21762,Smishing-Dataset-IMC25,candidate,Your Amazon Account has been locked. We recently received multiple failed login attempts on your account. Recover your account immediately by click link bellow: Please take action on your account within <DATE_TIME> to avoid permanent suspension. Regar
dear hdfc user your hdfc netbanking will block placeholder please click the link and update your pan immediately,6,imc25_english_smish_02138,Smishing-Dataset-IMC25,needs_review,Dear HDFC user your HDFC NetBanking will be block <DATE_TIME> please click on the link and update your PAN no. immediately-
dear hdfc user your hdfc netbanking will block placeholder please click the link and update your pan immediately,6,imc25_english_smish_03283,Smishing-Dataset-IMC25,needs_review,Dear HDFC User your HDFC NetBanking will block <DATE_TIME> please click on the link and update your PAN no. immediately-
dear hdfc user your hdfc netbanking will block placeholder please click the link and update your pan immediately,6,imc25_english_smish_03574,Smishing-Dataset-IMC25,approved,Dear HDFC User Your HDFC Netbanking will be Block <DATE_TIME> Please click on the link and update your PAN no. immediately- <URL>
dear hdfc user your hdfc netbanking will block placeholder please click the link and update your pan immediately,6,imc25_english_smish_04350,Smishing-Dataset-IMC25,needs_review,Dear HDFC User Your HDFC Netbanking will be Block <DATE_TIME>. Please click on the link and update your PAN no. immediately-
dear hdfc user your hdfc netbanking will block placeholder please click the link and update your pan immediately,6,imc25_english_smish_06401,Smishing-Dataset-IMC25,needs_review,Dear HDFC User your HDFC NetBanking will block <DATE_TIME> please click on the link and update your PAN no. immediately- <URL>
dear sbi customer your sbi y0n0 account has been suspended placeholder please update your pan card number click,6,imc25_english_smish_02230,Smishing-Dataset-IMC25,approved,Dear SBI Customer Your SBI Y0N0 Account has been Suspended <DATE_TIME> please Update Your PAN Card number Click here link <URL> THANK YOU SBI
dear sbi customer your sbi y0n0 account has been suspended placeholder please update your pan card number click,6,imc25_english_smish_03184,Smishing-Dataset-IMC25,needs_review,Dear SBI Customer Your SBI Y0N0 Account has been Suspended <DATE_TIME> please Update Your PAN Card number Click here link https:// <URL> THANK YOU SBI
dear sbi customer your sbi y0n0 account has been suspended placeholder please update your pan card number click,6,imc25_english_smish_03203,Smishing-Dataset-IMC25,needs_review,Dear SBI Customer Your SBI Y0N0 Account has been Suspended <DATE_TIME> please Update Your PAN Card number Click here link: <URL> THANK YOU SBI
dear sbi customer your sbi y0n0 account has been suspended placeholder please update your pan card number click,6,imc25_english_smish_03305,Smishing-Dataset-IMC25,needs_review,Dear SBI Customer Your SBI Y0N0 Account has been Suspended <DATE_TIME> please Update Your PAN Card number Click here link
dear sbi customer your sbi y0n0 account has been suspended placeholder please update your pan card number click,6,imc25_english_smish_04788,Smishing-Dataset-IMC25,needs_review,Dear SBI Customer Your SBI Y0N0 Account has been Suspended <DATE_TIME> please Update Your PAN Card number Click here link https://
paytm will hold your paytm amount after sometime complete your paytm kyc paytm office placeholder,6,imc25_english_smish_02407,Smishing-Dataset-IMC25,needs_review,PAYTM WE WILL HOLD YOUR PAYTM AMOUNT AFTER SOMETIME COMPLETE YOUR PAYTM KYC PAYTM OFFICE PH <DATE_TIME>
paytm will hold your paytm amount after sometime complete your paytm kyc paytm office placeholder,6,imc25_english_smish_08643,Smishing-Dataset-IMC25,candidate,PAYTM WE WILL HOLD YOUR PAYTM AMOUNT AFTER SOMETIME COMPLETE YOUR PAYTM KYC PAYTM OFFICE PH <PHONE_NUMBER>
paytm will hold your paytm amount after sometime complete your paytm kyc paytm office placeholder,6,imc25_english_smish_08979,Smishing-Dataset-IMC25,candidate,PAYTM WE WILL HOLD YOUR PAYTM AMOUNT AFTER SOMETIME COMPLETE YOUR PAYTM KYC PAYTM OFFICE PH. <US_BANK_NUMBER>
paytm will hold your paytm amount after sometime complete your paytm kyc paytm office placeholder,6,imc25_english_smish_09110,Smishing-Dataset-IMC25,candidate,PAYTM WE WILL HOLD YOUR PAYTM AMOUNT AFTER SOMETIME COMPLETE YOUR PAYTM KYC PAYTM OFFICE PH <US_BANK_NUMBER>
paytm will hold your paytm amount after sometime complete your paytm kyc paytm office placeholder,6,imc25_english_smish_09300,Smishing-Dataset-IMC25,candidate,PAYTM WE WILL HOLD YOUR PAYTM AMOUNT AFTER SOMETIME COMPLETE YOUR PAYTM KYC PAYTM OFFICE PH.<PHONE_NUMBER>
dear sbi user your will blocked today update your pancard placeholder rify your account login netbanking kyc upload,6,imc25_english_smish_03081,Smishing-Dataset-IMC25,approved,DEAR SBI USER Your A/C will be blocked today.update your PANCARD <URL>rify your account login NetBanking kyc upload Click here <URL>
dear sbi user your will blocked today update your pancard placeholder rify your account login netbanking kyc upload,6,imc25_english_smish_03543,Smishing-Dataset-IMC25,needs_review,DEAR SBI USER Your A/C will be blocked today.update your PANCARD <URL>rify your account login NetBanking kyc upload Click here
dear sbi user your will blocked today update your pancard placeholder rify your account login netbanking kyc upload,6,imc25_english_smish_05548,Smishing-Dataset-IMC25,needs_review,DEAR SBI USER Your A/C will be blocked today.update your PANCARD <URL>rify your account login NetBanking kyc upload Click here96 <URL>
dear sbi user your will blocked today update your pancard placeholder rify your account login netbanking kyc upload,6,imc25_english_smish_13183,Smishing-Dataset-IMC25,candidate,"DEAR SBI USER, Your A/C will be blocked today.update your PANCARD <URL>rify your account login NetBanking kyc upload Click here <URL>"
dear sbi user your will blocked today update your pancard placeholder rify your account login netbanking kyc upload,6,imc25_english_smish_13201,Smishing-Dataset-IMC25,candidate,"DEAR SBI USER, Your A/C will be blocked today.update your PANCARD <URL>rify your account login NetBanking kyc upload Click here"
dear customer your hdfc credit card points worth placeholder will expired placeholder kindly redeem points cashback clicking placeholder,6,imc25_english_smish_03479,Smishing-Dataset-IMC25,approved,Dear Customer Your HDFC Credit Card Points Worth Rs.<OTP> Will Expired <DATE_TIME>. Kindly Redeem Points In Cashback By Clicking On <URL>
dear customer your hdfc credit card points worth placeholder will expired placeholder kindly redeem points cashback clicking placeholder,6,imc25_english_smish_03908,Smishing-Dataset-IMC25,needs_review,Dear Customer Your HDFC Credit Card Points Worth Rs.<OTP> Will Expired <DATE_TIME>. Kindly Redeem Points In Cashback By Clicking On <URL> <NRP>
dear customer your hdfc credit card points worth placeholder will expired placeholder kindly redeem points cashback clicking placeholder,6,imc25_english_smish_06384,Smishing-Dataset-IMC25,needs_review,Dear Customer Your HDFC Credit Card Points Worth Rs.<OTP> Will By Expired <DATE_TIME>. Kindly Redeem Points In Cashback By Clicking <URL> -SLaxmi
dear customer your hdfc credit card points worth placeholder will expired placeholder kindly redeem points cashback clicking placeholder,6,imc25_english_smish_06596,Smishing-Dataset-IMC25,needs_review,Dear Customer Your HDFC Credit Card Points Worth Rs.<OTP> Will Expired By <DATE_TIME>. Kindly Redeem Points In Cashback By Clicking On <URL>
dear customer your hdfc credit card points worth placeholder will expired placeholder kindly redeem points cashback clicking placeholder,6,imc25_english_smish_13217,Smishing-Dataset-IMC25,candidate,"Dear Customer, Your HDFC Credit Card Points Worth Rs.<OTP> Will Expired By <DATE_TIME>. Kindly Redeem Points In Cashback By Clicking <URL> -SLAXMI"
dear consumer your electricity power will disconnected placeholder number 30pm from electricity office because your placeholder bill was,6,imc25_english_smish_05385,Smishing-Dataset-IMC25,approved,Dear consumer your electricity power will be disconnected <DATE_TIME> 9.30pm from electricity office because your <DATE_TIME> bill was not updated please immediately contact with our electricity office <PHONE_NUMBER> Thank you
dear consumer your electricity power will disconnected placeholder number 30pm from electricity office because your placeholder bill was,6,imc25_english_smish_16832,Smishing-Dataset-IMC25,candidate,"Dear Consumer, Your electricity power will be disconnected <DATE_TIME> at 10:30pm from electricity office because your <DATE_TIME> bill was not update. Please contact immediately with our electricity officer at <PHONE_NUMBER> Thank You."
dear consumer your electricity power will disconnected placeholder number 30pm from electricity office because your placeholder bill was,6,imc25_english_smish_16842,Smishing-Dataset-IMC25,candidate,"Dear Consumer, Your electricity power will be disconnected <DATE_TIME> at 9:30pm from electricity office because your <DATE_TIME> bill was not update. Please contact immediately with our electricity officer at <DATE_TIME> Thank You"
dear consumer your electricity power will disconnected placeholder number 30pm from electricity office because your placeholder bill was,6,imc25_english_smish_19275,Smishing-Dataset-IMC25,candidate,"Dear consumer, your electricity power will de disconnected <DATE_TIME> at 9.30pm from electricity office because your <DATE_TIME> bill was not update. Please immediately contact with our electricity officer <PHONE_NUMBER> thank you"
dear consumer your electricity power will disconnected placeholder number 30pm from electricity office because your placeholder bill was,6,imc25_english_smish_19639,Smishing-Dataset-IMC25,candidate,"Dear Consumer, Your electricity power will be disconnected <DATE_TIME> at 9:30pm from electricity office because your <DATE_TIME> bill was not <URL>ease contact immediately with our electricity officer at <PHONE_NUMBER> Thank You."
dear paytm customer your paytm kyc has been suspended paytm office placeholder account will block within placeholder thank,6,imc25_english_smish_08675,Smishing-Dataset-IMC25,candidate,"Dear PAYTM customer your paytm KYC has been suspended, paytm office PH <PHONE_NUMBER> account will block within <DATE_TIME>. Thank you PAYTM TEAM"
dear paytm customer your paytm kyc has been suspended paytm office placeholder account will block within placeholder thank,6,imc25_english_smish_08764,Smishing-Dataset-IMC25,candidate,"Dear PAYTM customer your paytm KYC has been suspended, paytm office PH <DATE_TIME> account will block within <DATE_TIME>. Thank you PAYTM TEAM"
dear paytm customer your paytm kyc has been suspended paytm office placeholder account will block within placeholder thank,6,imc25_english_smish_08806,Smishing-Dataset-IMC25,candidate,"Dear PAYTM customer your paytm KYC has been suspended, paytm office PH <US_BANK_NUMBER> account will block within <DATE_TIME>. Thank you PAYTM TEAM"
dear paytm customer your paytm kyc has been suspended paytm office placeholder account will block within placeholder thank,6,imc25_english_smish_08942,Smishing-Dataset-IMC25,candidate,"Dear PAYTM customer your paytm KYC has been suspended, paytm office PH. <PHONE_NUMBER> account will block within <DATE_TIME>. Thank you PAYTM TEAM"
dear paytm customer your paytm kyc has been suspended paytm office placeholder account will block within placeholder thank,6,imc25_english_smish_09035,Smishing-Dataset-IMC25,candidate,"Dear PAYTM customer your paytm KYC has been suspended, paytm office PH <PHONE_NUMBER> account will block within <DATE_TIME>. Thank you PAYTM TEAM Dear PAYTM customer your paytm KYC has been suspended, paytm office PH <PHONE_NUMBER> account will block within <DATE_TIME>. Thank you PAYTM TEAM"
dear customer complete your pay documents expire placeholder please contact pay support team placeholder immmediately thanks you,6,imc25_english_smish_09731,Smishing-Dataset-IMC25,candidate,Dear Customer Complete Your PAY `TM eK`YC Documents expire <DATE_TIME> please contact PAY `TM support team <PHONE_NUMBER> immmediately. Thanks you
dear customer complete your pay documents expire placeholder please contact pay support team placeholder immmediately thanks you,6,imc25_english_smish_10334,Smishing-Dataset-IMC25,candidate,Dear Customer Complete Your PAY 'TM eK'YC Documents expire <DATE_TIME> please contact PAY 'TM support team <PHONE_NUMBER> immmediately. Thanks you
dear customer complete your pay documents expire placeholder please contact pay support team placeholder immmediately thanks you,6,imc25_english_smish_17945,Smishing-Dataset-IMC25,candidate,Dear Customer Complete Your PAY 'TM eK 'YC Documents expire <DATE_TIME> please contact PAY 'TM support team <PHONE_NUMBER> immmediately. Thanks you
dear customer complete your pay documents expire placeholder please contact pay support team placeholder immmediately thanks you,6,imc25_english_smish_17969,Smishing-Dataset-IMC25,candidate,Dear Customer Complete Your PAY `TM ek `YC Documents expire <DATE_TIME> please contact PAY `TM support team <PHONE_NUMBER> immmediately. Thanks you
dear customer complete your pay documents expire placeholder please contact pay support team placeholder immmediately thanks you,6,imc25_english_smish_18084,Smishing-Dataset-IMC25,candidate,Dear Customer Complete Your PAY 'TM eK 'YC Documents expire <DATE_TIME> please contact PAY 'TM support team <DATE_TIME> immmediately. Thanks you
dear sbi customer your account has been blocked due kyc update within placeholder please contact customer care placeholder,6,imc25_english_smish_10986,Smishing-Dataset-IMC25,candidate,Dear SBI customer your account has been blocked due to KYC Update within <DATE_TIME>. Please contact customer care <PHONE_NUMBER> to continue your service Thank you
dear sbi customer your account has been blocked due kyc update within placeholder please contact customer care placeholder,6,imc25_english_smish_12153,Smishing-Dataset-IMC25,candidate,Dear SBI Customer your account has been blocked due to KYC. update within <DATE_TIME> please contact customer care <DATE_TIME> to continue your service. Thank you
dear sbi customer your account has been blocked due kyc update within placeholder please contact customer care placeholder,6,imc25_english_smish_12476,Smishing-Dataset-IMC25,candidate,Dear SBI customer your account has been blocked due to KYC update within <DATE_TIME> please contact customer care <DATE_TIME> to continue your service. thank you.
dear sbi customer your account has been blocked due kyc update within placeholder please contact customer care placeholder,6,imc25_english_smish_12988,Smishing-Dataset-IMC25,candidate,Dear SBI customer your account has been blocked due to KYC update within <DATE_TIME> please contact customer care <PHONE_NUMBER> to continue your service. thank you
dear sbi customer your account has been blocked due kyc update within placeholder please contact customer care placeholder,6,imc25_english_smish_13242,Smishing-Dataset-IMC25,candidate,Dear SBI customer your account has been blocked due to KYC update within <DATE_TIME> please contact customer care <DATE_TIME> to continue your service. thank you
dear sbi user your sbi yono account will blocked placeholder please click here link update your pan card,6,imc25_english_smish_11227,Smishing-Dataset-IMC25,candidate,Dear SBI user your SBI YONO Account will be blocked <DATE_TIME>. Please click here link to update your PAN CARD Number.
dear sbi user your sbi yono account will blocked placeholder please click here link update your pan card,6,imc25_english_smish_11233,Smishing-Dataset-IMC25,candidate,Dear SBI USER your SBI YONO Account will be blocked <DATE_TIME>. Please click here link update your PAN CARD Number. Thank you SBI team.
dear sbi user your sbi yono account will blocked placeholder please click here link update your pan card,6,imc25_english_smish_11724,Smishing-Dataset-IMC25,candidate,Dear SBI user your SBI YONO Account will be blocked <DATE_TIME>. Please click here link to update your PAN CARD Number <URL> Thank you.
dear sbi user your sbi yono account will blocked placeholder please click here link update your pan card,6,imc25_english_smish_11913,Smishing-Dataset-IMC25,candidate,Dear SBI user your SBI YONO Account will be blocked <DATE_TIME>. Please click here link to update your PAN CARD Number. Thank you SBI.
dear sbi user your sbi yono account will blocked placeholder please click here link update your pan card,6,imc25_english_smish_13220,Smishing-Dataset-IMC25,candidate,Dear SBI user your SBI YONO Account will be blocked <DATE_TIME>. Please click here link to update your PAN CARD Number. Thank you SBI
post your package has number number unpaid fee pay this visit placeholder this not paid the package will,5,imc25_english_smish_00013,Smishing-Dataset-IMC25,approved,AN POST: Your package has a €1.90 unpaid fee. To pay this visit <URL> . If this is not paid the package will be returned.
post your package has number number unpaid fee pay this visit placeholder this not paid the package will,5,imc25_english_smish_00014,Smishing-Dataset-IMC25,needs_review,AN POST: Your package has a €1.90 unpaid fee. To pay this visit <URL> If this is not paid the package will be returned to sender.
post your package has number number unpaid fee pay this visit placeholder this not paid the package will,5,imc25_english_smish_02601,Smishing-Dataset-IMC25,needs_review,AN POST: Your package has a €1.70 unpaid fee. To pay this visit <URL> If this is not paid the package will be returned to sender.
post your package has number number unpaid fee pay this visit placeholder this not paid the package will,5,imc25_english_smish_15529,Smishing-Dataset-IMC25,candidate,AN POST: Your package has a €1.90 unpaid fee. To pay this visit <URL>. If this is not paid the package will be returned.
post your package has number number unpaid fee pay this visit placeholder this not paid the package will,5,imc25_english_smish_15536,Smishing-Dataset-IMC25,candidate,AN POST: Your package has a €1.90 unpaid fee. To pay this visit <URL> . If this is not paid the package will be returned to sender
placeholder,5,imc25_english_smish_00276,Smishing-Dataset-IMC25,needs_review,👊 <URL>..🌟
placeholder,5,imc25_english_smish_00344,Smishing-Dataset-IMC25,needs_review,hi <URL>
placeholder,5,imc25_english_smish_01410,Smishing-Dataset-IMC25,needs_review,<NAMED_ENTITY>
placeholder,5,imc25_english_smish_16992,Smishing-Dataset-IMC25,candidate,<EMAIL_ADDRESS>
placeholder,5,imc25_english_smish_18257,Smishing-Dataset-IMC25,candidate,MR <DATE_TIME>
usps the package has arrived the warehouse and cannot delivered due incomplete address information please confirm your address,5,imc25_english_smish_00882,Smishing-Dataset-IMC25,approved,USPS - The package has arrived at the warehouse and cannot be delivered due to incomplete address information. Please confirm your address at the link. <URL> (Please reply 1 to activate the link or copy the link to your Safari browser and open it) The USPS team wishes you a great day!
usps the package has arrived the warehouse and cannot delivered due incomplete address information please confirm your address,5,imc25_english_smish_01096,Smishing-Dataset-IMC25,needs_review,USPS - The package has arrived at the warehouse and cannot be delivered due to incomplete address information. Please confirm your address at the link. <URL> (Copy the link to your Safari browser and open it) The team from the US Postal Service
usps the package has arrived the warehouse and cannot delivered due incomplete address information please confirm your address,5,imc25_english_smish_01261,Smishing-Dataset-IMC25,needs_review,[USPS] The package has arrived at the warehouse and cannot be delivered due to incomplete address information. Please confirm your address at the link.
usps the package has arrived the warehouse and cannot delivered due incomplete address information please confirm your address,5,imc25_english_smish_01878,Smishing-Dataset-IMC25,needs_review,"[USPS] The package has arrived at the warehouse and cannot be delivered due to incomplete address information. Please confirm your address at the link. ( Please reply to 1 to obtain the latest logistics status ) Sincerely, USPS Support Team"
usps the package has arrived the warehouse and cannot delivered due incomplete address information please confirm your address,5,imc25_english_smish_06459,Smishing-Dataset-IMC25,needs_review,USPS - The package has arrived at the warehouse and cannot be delivered due to incomplete address information. Please confirm your address in the link. <URL> (Please reply 1 and reopen the message to activate the link or copy the link to open in your Safari browser) The USPS team wishes you a great day!
dear consumer your electricity will disconnect placeholder because your previous bill was not update immediately contact electricity officer,5,imc25_english_smish_02128,Smishing-Dataset-IMC25,needs_review,Dear consumer your electricity will disconnect at <DATE_TIME> Because your previous bill was not update. Immediately contact electricity Officer <UK_NHS>
dear consumer your electricity will disconnect placeholder because your previous bill was not update immediately contact electricity officer,5,imc25_english_smish_03752,Smishing-Dataset-IMC25,needs_review,Dear consumer your electricity will disconnect at <DATE_TIME> Because your previous bill was not update. Immediately contact electricity Officer <US_BANK_NUMBER> BGGSUKU
dear consumer your electricity will disconnect placeholder because your previous bill was not update immediately contact electricity officer,5,imc25_english_smish_04193,Smishing-Dataset-IMC25,needs_review,Dear consumer your electricity will disconnect at <DATE_TIME> Because your previous bill was not update. Immediately contact electricity Officer <NAMED_ENTITY>
dear consumer your electricity will disconnect placeholder because your previous bill was not update immediately contact electricity officer,5,imc25_english_smish_04825,Smishing-Dataset-IMC25,needs_review,Dear consumer your electricity will disconnect at <DATE_TIME> Because your previous bill was not update. Immediately contact electricity Officer <US_BANK_NUMBER>
dear consumer your electricity will disconnect placeholder because your previous bill was not update immediately contact electricity officer,5,imc25_english_smish_05270,Smishing-Dataset-IMC25,approved,Dear consumer your electricity will disconnect at <DATE_TIME> Because your previous bill was not update. Immediately contact electricity Officer <PHONE_NUMBER>
dear customer your sbi netbanking account will suspended placeholder please update your pan card now visit the link,5,imc25_english_smish_02153,Smishing-Dataset-IMC25,approved,Dear Customer your SBI Netbanking Account will be Suspended by <DATE_TIME> please update your PAN Card now visit the link <URL>
dear customer your sbi netbanking account will suspended placeholder please update your pan card now visit the link,5,imc25_english_smish_02388,Smishing-Dataset-IMC25,needs_review,Dear Customer your SBI Netbanking Account will be Suspended by <DATE_TIME> please update your PAN Card now visit the link <URL> ONLINE -KYC-SBI-TEAM
dear customer your sbi netbanking account will suspended placeholder please update your pan card now visit the link,5,imc25_english_smish_03629,Smishing-Dataset-IMC25,needs_review,Dear Customer your SBI Netbanking Account will be Suspended by <DATE_TIME> please update your PAN Card now visit the link
dear customer your sbi netbanking account will suspended placeholder please update your pan card now visit the link,5,imc25_english_smish_04687,Smishing-Dataset-IMC25,needs_review,Dear Customer your SBI Netbanking Account will be Suspended by <DATE_TIME> please update your PAN Card now visit the link <URL> ONLINE -KYC- SBI-TEAM
dear customer your sbi netbanking account will suspended placeholder please update your pan card now visit the link,5,imc25_english_smish_05449,Smishing-Dataset-IMC25,needs_review,Dear Customer your SBI Netbanking Account will be Suspended by <DATE_TIME> please update your PAN Card now visit the link <URL> Dear Customer your SBI Netbanking Account will be Suspended by <DATE_TIME> please update your PAN Card now visit the link <URL>
dear customer your sbi yono account will suspended placeholder please update your pan card now visit the link,5,imc25_english_smish_02193,Smishing-Dataset-IMC25,approved,Dear customer your sbi YONO account will be suspended by <DATE_TIME> please update your pan card now visit the link <URL>
dear customer your sbi yono account will suspended placeholder please update your pan card now visit the link,5,imc25_english_smish_02251,Smishing-Dataset-IMC25,needs_review,Dear customer your sbi YONO account will be suspended by <DATE_TIME> please update your pan card now visit the link
dear customer your sbi yono account will suspended placeholder please update your pan card now visit the link,5,imc25_english_smish_03302,Smishing-Dataset-IMC25,needs_review,Dear customer your sbi YONO account will be suspended by <DATE_TIME> please update your pan card now visit the link <URL>; Dear customer your sbi YONO account will be suspended by <DATE_TIME> please update your pan card now visit the link <URL>
dear customer your sbi yono account will suspended placeholder please update your pan card now visit the link,5,imc25_english_smish_03683,Smishing-Dataset-IMC25,needs_review,['Dear customer your sbi YONO account will be suspended by <DATE_TIME> please update your pan card now visit the link <URL>' 'Dear customer your sbi YONO account will be suspended by <DATE_TIME> please update your pan card now visit the link <URL>']
dear customer your sbi yono account will suspended placeholder please update your pan card now visit the link,5,imc25_english_smish_04783,Smishing-Dataset-IMC25,needs_review,Dear customer your sbi YONO account will be suspended by <DATE_TIME> please update your pan card now visit the link https://
kcb dear customer your account has been suspended contact placeholder kcb bank within placeholder thank you,5,imc25_english_smish_02288,Smishing-Dataset-IMC25,needs_review,KCB Dear Customer: Your Account has been (Suspended) Contact <US_BANK_NUMBER> Kcb Bank within <DATE_TIME>:thank you.
kcb dear customer your account has been suspended contact placeholder kcb bank within placeholder thank you,5,imc25_english_smish_02349,Smishing-Dataset-IMC25,needs_review,KCB Dear Customer: Your Account has been (Suspended) Contact <US_BANK_NUMBER> Kcb Bank within <DATE_TIME>: Thank you
kcb dear customer your account has been suspended contact placeholder kcb bank within placeholder thank you,5,imc25_english_smish_02775,Smishing-Dataset-IMC25,needs_review,KCB Dear Customer: Your Account has been (Suspended) Contact <US_BANK_NUMBER> Kcb Bank within <DATE_TIME>:thank you
kcb dear customer your account has been suspended contact placeholder kcb bank within placeholder thank you,5,imc25_english_smish_04465,Smishing-Dataset-IMC25,needs_review,KCB Dear Customer: Your Account has been (Suspended) Contact <UK_NHS> Kcb Bank within <DATE_TIME>:thank you.
kcb dear customer your account has been suspended contact placeholder kcb bank within placeholder thank you,5,imc25_english_smish_04515,Smishing-Dataset-IMC25,needs_review,KCB Dear Customer: Your Account has been (Suspended) Contact <UK_NHS> Kcb Bank within <DATE_TIME>: Thank you
dear sbi yono user your will suspended placeholder update pancard for kyc verify your account login with netbanking,5,imc25_english_smish_02331,Smishing-Dataset-IMC25,approved,DEAR SBI YONO USER Your A/C will be Suspended <DATE_TIME> update PANCARD for KYC verify your account login with NetBanking Click <URL>
dear sbi yono user your will suspended placeholder update pancard for kyc verify your account login with netbanking,5,imc25_english_smish_02474,Smishing-Dataset-IMC25,needs_review,DEAR SBI YONO USER Your A/C will be Suspended <DATE_TIME> update PANCARD for KYC verify your account login with NetBanking Click.
dear sbi yono user your will suspended placeholder update pancard for kyc verify your account login with netbanking,5,imc25_english_smish_03519,Smishing-Dataset-IMC25,needs_review,DEAR SBI YONO USER Your A/C will be Suspended <DATE_TIME> update PANCARD for KYC verify your account login with NetBanking Clickhear link <URL>
dear sbi yono user your will suspended placeholder update pancard for kyc verify your account login with netbanking,5,imc25_english_smish_05274,Smishing-Dataset-IMC25,needs_review,DEAR SBI YONO USER Your A/C will be Suspended <DATE_TIME> update PANCARD for KYC verify your account login with NetBanking Click'hear
dear sbi yono user your will suspended placeholder update pancard for kyc verify your account login with netbanking,5,imc25_english_smish_05300,Smishing-Dataset-IMC25,needs_review,DEAR SBI YONO USER Your A/C will be Suspended <DATE_TIME> update PANCARD for KYC verify your account login with NetBanking Click
emirates post your parcel has been stopped from delivery please update the address soon possible pay for shipping,5,imc25_english_smish_02642,Smishing-Dataset-IMC25,approved,Emirates Post: Your parcel has been stopped from delivery please update the address as soon as possible to pay for shipping reply 1 to get the link: <URL>
emirates post your parcel has been stopped from delivery please update the address soon possible pay for shipping,5,imc25_english_smish_02793,Smishing-Dataset-IMC25,needs_review,Emirates Post: Your parcel has been stopped from delivery please update the address as soon as possible to pay for shipping <URL> reply 1 to get the link
emirates post your parcel has been stopped from delivery please update the address soon possible pay for shipping,5,imc25_english_smish_03114,Smishing-Dataset-IMC25,needs_review,🚚📦 Emirates Post: Your parcel has been stopped from delivery please update the address as soon as possible to pay for shipping reply 1 to get the link : <URL> Excuse me
emirates post your parcel has been stopped from delivery please update the address soon possible pay for shipping,5,imc25_english_smish_04906,Smishing-Dataset-IMC25,needs_review,Emirates Post: Your parcel has been stopped from delivery please update the address as soon as possible to pay for shipping reply 1 to get the link:
emirates post your parcel has been stopped from delivery please update the address soon possible pay for shipping,5,imc25_english_smish_06322,Smishing-Dataset-IMC25,needs_review,Emirates Post: Your parcel has been stopped from delivery please update the address as soon as possible to pay for shipping reply 1 to get the link : <URL> Excuse me
high five nobuhlenombuso2 you done all the slam the scam challenges woohoo entered you into daily draw win,5,imc25_english_smish_02899,Smishing-Dataset-IMC25,needs_review,High five NobuhleNombuso2! You've done all the 📢 Slam the Scam challenges. 🎉 Woohoo! 🎉 I've entered you into a daily draw to WIN data! ✋
high five nobuhlenombuso2 you done all the slam the scam challenges woohoo entered you into daily draw win,5,imc25_english_smish_03061,Smishing-Dataset-IMC25,needs_review,High five NobuhleNombuso2! You've done all the 📩 Slam the Scam challenges. 🎉 Woohoo! 🎉 I've entered you into a daily draw to WIN data! ✋
high five nobuhlenombuso2 you done all the slam the scam challenges woohoo entered you into daily draw win,5,imc25_english_smish_03186,Smishing-Dataset-IMC25,needs_review,High five NobuhleNombuso2! You've done all the 📦 Slam the Scam challenges. 🎉 Woohoo! 🎉 I've entered you into a daily draw to WIN data! ✋
high five nobuhlenombuso2 you done all the slam the scam challenges woohoo entered you into daily draw win,5,imc25_english_smish_03764,Smishing-Dataset-IMC25,needs_review,High five NobuhleNombuso2! You've done all the 📧 Slam the Scam challenges. 🎉 Woohoo! 🎉 I've entered you into a daily draw to WIN data! ✋
high five nobuhlenombuso2 you done all the slam the scam challenges woohoo entered you into daily draw win,5,imc25_english_smish_05938,Smishing-Dataset-IMC25,needs_review,High five NobuhleNombuso2! You've done all the 🎉 Slam the Scam challenges. 🎉 Woohoo! 🎉 I've entered you into a daily draw to WIN data! ✋
dear customer your request placeholder for update sms alerts has been initiated not done you please contact your,5,imc25_english_smish_03110,Smishing-Dataset-IMC25,approved,Dear Customer Your Request No. <PHONE_NUMBER> for Update SMS Alerts has been initiated. If not done by you please contact your Branch immediately. SBI Dear customer your Request No. <PHONE_NUMBER> for SMS Alerts update has been processed successfully. If you have not done it kindly report to SBI YONO customer Care.
dear customer your request placeholder for update sms alerts has been initiated not done you please contact your,5,imc25_english_smish_04954,Smishing-Dataset-IMC25,needs_review,Dear Customer Your Request No. <UK_NHS> for Update SMS Alerts has been initiated. If not done by you please contact your Branch immediately. SBI
dear customer your request placeholder for update sms alerts has been initiated not done you please contact your,5,imc25_english_smish_06321,Smishing-Dataset-IMC25,needs_review,Dear Customer Your Request No. <PHONE_NUMBER> for Update SMS Alerts has been initiated. If not done by you please contact your Branch immediately. SBI
dear customer your request placeholder for update sms alerts has been initiated not done you please contact your,5,imc25_english_smish_13639,Smishing-Dataset-IMC25,candidate,"Dear Customer, Your Request No. <PHONE_NUMBER> for Update SMS Alerts has been initiated. If not done by you, please contact your Branch immediately. SBI"
dear customer your request placeholder for update sms alerts has been initiated not done you please contact your,5,imc25_english_smish_14219,Smishing-Dataset-IMC25,candidate,"Dear Customer; Your Request No. <DATE_TIME> for Update SMS Alerts has been initiated. If not done by you, please contact your Branch immediately. SBI"
dear sbi yono user your will blocked placeholder update pancard for kyc verify your account login with netbanking,5,imc25_english_smish_03435,Smishing-Dataset-IMC25,approved,DEAR SBI YONO USER Your A/c will be blocked <DATE_TIME> update-PANCARD for KYC verify your account login with NetBanking click link: <URL>
dear sbi yono user your will blocked placeholder update pancard for kyc verify your account login with netbanking,5,imc25_english_smish_03600,Smishing-Dataset-IMC25,needs_review,DEAR SBI YONO USER Your A/c-will be blocked <DATE_TIME> update-PANCARD for KYC verify your account login with NetBanking click link
dear sbi yono user your will blocked placeholder update pancard for kyc verify your account login with netbanking,5,imc25_english_smish_03723,Smishing-Dataset-IMC25,needs_review,DEAR SBI YONO USER Your A/c will be blocked <DATE_TIME> update-PANCARD for KYC-verify your account login with NetBanking click link.
dear sbi yono user your will blocked placeholder update pancard for kyc verify your account login with netbanking,5,imc25_english_smish_03878,Smishing-Dataset-IMC25,needs_review,DEAR SBI YONO USER Your A/c-will be blocked <DATE_TIME> update-PANCARD for KYC-verify your account login with NetBanking click <URL>
dear sbi yono user your will blocked placeholder update pancard for kyc verify your account login with netbanking,5,imc25_english_smish_13408,Smishing-Dataset-IMC25,candidate,"DEAR SBI YONO USER, Your A/C will be blocked <DATE_TIME> update PANCARD for KYC verify your account login with NetBanking kyc Click here"
binance withdrawal has been requested from unknown address this was not you follow the steps here placeholder,5,imc25_english_smish_03888,Smishing-Dataset-IMC25,approved,[BINANCE] A withdrawal has been requested from an unknown IP address. If this was not you follow the steps here: <URL>
binance withdrawal has been requested from unknown address this was not you follow the steps here placeholder,5,imc25_english_smish_13265,Smishing-Dataset-IMC25,candidate,"[Binance]A withdrawal has been requested from an unknown IP address. If this was not you, follow the steps here: <URL>"
binance withdrawal has been requested from unknown address this was not you follow the steps here placeholder,5,imc25_english_smish_13454,Smishing-Dataset-IMC25,candidate,"[BINANCE] A withdrawal has been requested from an unknown IP address. If this was not you, follow the steps here: <URL>"
binance withdrawal has been requested from unknown address this was not you follow the steps here placeholder,5,imc25_english_smish_14168,Smishing-Dataset-IMC25,candidate,"BINANCE: A withdrawal has been requested from an unknown IP address. If this was not you, follow the steps here: <URL>"
binance withdrawal has been requested from unknown address this was not you follow the steps here placeholder,5,imc25_english_smish_14360,Smishing-Dataset-IMC25,candidate,"[BINANCE] A withdrawal has been requested from an unknown IP address. If this was not you, follow the steps here: <NAMED_ENTITY>"
woolworths and bought the wrong card with can you please send number will pay you back when get,5,imc25_english_smish_04320,Smishing-Dataset-IMC25,approved,I'm at Woolworths and bought the wrong card with me. Can you please send me 390 I will pay you back when i get home. BSB - <US_DRIVER_LICENSE> ACC - <US_BANK_NUMBER>
woolworths and bought the wrong card with can you please send number will pay you back when get,5,imc25_english_smish_19262,Smishing-Dataset-IMC25,candidate,I'm at Woolworths and bought the wrong card with me . Can you please send me 150.I will pay you back when i get home. BSB: 633 123 Acc: 1
woolworths and bought the wrong card with can you please send number will pay you back when get,5,imc25_english_smish_19305,Smishing-Dataset-IMC25,candidate,I'm at Woolworths and bought the wrong card with me . Can you please send me 150.I will pay you back when i get home. BSB: 633 123 Acc: <DATE_TIME>
woolworths and bought the wrong card with can you please send number will pay you back when get,5,imc25_english_smish_19348,Smishing-Dataset-IMC25,candidate,I'm at Woolworths and bought the wrong card with me . Can you please send me 150.I will pay you back when i get home. BSB: 923 100 Acc: <PHONE>
woolworths and bought the wrong card with can you please send number will pay you back when get,5,imc25_english_smish_19359,Smishing-Dataset-IMC25,candidate,I'm at Woolworths and bought the wrong card with me. Can you please send me 150. I will pay you back when i get home. BSB: BSB number Acc: <OTP>
dear sbi yono user your will blocked today update pancard for placeholder rify your account login with netbanking,5,imc25_english_smish_04601,Smishing-Dataset-IMC25,approved,DEAR SBI YONO USER Your A/C will be blocked today.update PANCARD for <URL>rify your account login with NetBanking kyc Click here <URL>
dear sbi yono user your will blocked today update pancard for placeholder rify your account login with netbanking,5,imc25_english_smish_04747,Smishing-Dataset-IMC25,needs_review,DEAR SBI YONO USER Your A/c-will be blocked today.update-PANCARD for <URL>rify your account login with NetBanking click link.
dear sbi yono user your will blocked today update pancard for placeholder rify your account login with netbanking,5,imc25_english_smish_13189,Smishing-Dataset-IMC25,candidate,"DEAR SBI YONO USER, Your A/C will be blocked today.update PANCARD for <URL>rify your account login with NetBanking kyc Click"
dear sbi yono user your will blocked today update pancard for placeholder rify your account login with netbanking,5,imc25_english_smish_13680,Smishing-Dataset-IMC25,candidate,"DEAR SBI YONO USER, Your A/C will be blocked today.update PANCARD for <URL>rify your account login with NetBanking kyc Click here"
dear sbi yono user your will blocked today update pancard for placeholder rify your account login with netbanking,5,imc25_english_smish_13772,Smishing-Dataset-IMC25,candidate,"DEAR SBI YONO USER, Your A/C will be blocked today.update PANCARD for <URL>rify your account login with NetBanking kyc Click here."
dear customer your sbi card points worth inr placeholder expired placeholder kindly redeem your points cash clicking here,5,imc25_english_smish_08695,Smishing-Dataset-IMC25,candidate,Dear customer your SBI CARD points worth INR <OTP> expired by <DATE_TIME>. Kindly redeem your points in cash by clicking here <URL>
dear customer your sbi card points worth inr placeholder expired placeholder kindly redeem your points cash clicking here,5,imc25_english_smish_08727,Smishing-Dataset-IMC25,candidate,Dear customer your SBI card points worth INR <DATE_TIME> expired by <DATE_TIME>. Kindly redeem your points in cash by clicking here <NAMED_ENTITY>
dear customer your sbi card points worth inr placeholder expired placeholder kindly redeem your points cash clicking here,5,imc25_english_smish_08763,Smishing-Dataset-IMC25,candidate,Dear customer your SBI card points worth INR <DATE_TIME> expired by <DATE_TIME>. Kindly redeem your points in cash by clicking here
dear customer your sbi card points worth inr placeholder expired placeholder kindly redeem your points cash clicking here,5,imc25_english_smish_08909,Smishing-Dataset-IMC25,candidate,Dear customer your SBI CARD points worth INR <OTP> expired by <DATE_TIME>. Kindly redeem your points in cash by clicking here
dear customer your sbi card points worth inr placeholder expired placeholder kindly redeem your points cash clicking here,5,imc25_english_smish_09031,Smishing-Dataset-IMC25,candidate,Dear customer your SBI card points worth INR <DATE_TIME> expired by <DATE_TIME>. Kindly redeem your points in cash by clicking here <URL>
dear paytm customer your kyc has been placeholder ytm office placeholder call placeholder account will blocked within placeholder,5,imc25_english_smish_08729,Smishing-Dataset-IMC25,candidate,Dear paytm customer your KYC has been <URL>ytm office pH <PHONE_NUMBER> call <URL>r account will blocked within <DATE_TIME><URL>ank you paytm team
dear paytm customer your kyc has been placeholder ytm office placeholder call placeholder account will blocked within placeholder,5,imc25_english_smish_09015,Smishing-Dataset-IMC25,candidate,Dear paytm customer your KYC has been <URL>ytm office pH <PHONE_NUMBER> call <URL>r account will be blocked within <DATE_TIME><URL>ank you paytm team
dear paytm customer your kyc has been placeholder ytm office placeholder call placeholder account will blocked within placeholder,5,imc25_english_smish_09274,Smishing-Dataset-IMC25,candidate,Dear paytm customer your KYC has been <URL>ytm office pH <PHONE_NUMBER> call <URL>r account will blocked within <DATE_TIME>. Thank you paytm team
dear paytm customer your kyc has been placeholder ytm office placeholder call placeholder account will blocked within placeholder,5,imc25_english_smish_09771,Smishing-Dataset-IMC25,candidate,Dear paytm customer your KYC has been <URL>ytm office pH <US_BANK_NUMBER> call <URL>r account will be blocked within <DATE_TIME><URL>ank you paytm team
dear paytm customer your kyc has been placeholder ytm office placeholder call placeholder account will blocked within placeholder,5,imc25_english_smish_10337,Smishing-Dataset-IMC25,candidate,Dear paytm customer your KYC has been <URL>ytm office ph <US_BANK_NUMBER> call <URL>r account will blocked within <DATE_TIME><URL>ank you paytm team
dear pyatm customer your pyatm kyc has been placeholder atm office placeholder placeholder your account will block within,5,imc25_english_smish_09500,Smishing-Dataset-IMC25,candidate,Dear PYATM customer your Pyatm KYC has been <URL>atm office PH <PHONE_NUMBER> <URL>ll your account Will block within <DATE_TIME>. Thank you Pyatm team
dear pyatm customer your pyatm kyc has been placeholder atm office placeholder placeholder your account will block within,5,imc25_english_smish_09866,Smishing-Dataset-IMC25,candidate,Dear PYATM customer your Pyatm KYC has been <URL>atm office PH <US_BANK_NUMBER> <URL>ll your account Will block within <DATE_TIME>. Thank you Pyatm team
dear pyatm customer your pyatm kyc has been placeholder atm office placeholder placeholder your account will block within,5,imc25_english_smish_10386,Smishing-Dataset-IMC25,candidate,Dear PYATM customer your Pyatm KYC has been <URL>atm office PH <PHONE_NUMBER> <URL>ll your account will block within <URL>ank you Pyatm team
dear pyatm customer your pyatm kyc has been placeholder atm office placeholder placeholder your account will block within,5,imc25_english_smish_10392,Smishing-Dataset-IMC25,candidate,Dear Pyatm Customer your Pyatm KYC has been <URL>atm office PH <DATE_TIME> <URL>ll your account will block within <URL>ank you Pyatm team
dear pyatm customer your pyatm kyc has been placeholder atm office placeholder placeholder your account will block within,5,imc25_english_smish_10541,Smishing-Dataset-IMC25,candidate,Dear PYATM customer your Pyatm KYC has been <URL>atm office PH <UK_NHS> <URL>ll your account will block within <DATE_TIME> Thank you Pyatm team
dear customer your kotak credit card points worth placeholder will expire placeholder kindly redeem your points cash click,5,imc25_english_smish_10807,Smishing-Dataset-IMC25,candidate,Dear Customer Your Kotak Credit Card Points Worth Rs.<OTP> Will Expire By <DATE_TIME>. Kindly Redeem Your Points In Cash By Click Here <NAMED_ENTITY>
dear customer your kotak credit card points worth placeholder will expire placeholder kindly redeem your points cash click,5,imc25_english_smish_10924,Smishing-Dataset-IMC25,candidate,Dear Customer Your Kotak Credit Card Points Worth Rs. <DATE_TIME> Will Expire By <DATE_TIME>. Kindly Redeem Your Points In Cash By Click Here
dear customer your kotak credit card points worth placeholder will expire placeholder kindly redeem your points cash click,5,imc25_english_smish_11012,Smishing-Dataset-IMC25,candidate,Dear Customer Your Kotak Credit Card Points Worth Rs.<OTP> Will Expire By <DATE_TIME>. Kindly Redeem Your Points In Cash By Click Here <URL>
dear customer your kotak credit card points worth placeholder will expire placeholder kindly redeem your points cash click,5,imc25_english_smish_11629,Smishing-Dataset-IMC25,candidate,Dear Customer Your Kotak Credit Card Points Worth Rs.<OTP> Will Expire By <DATE_TIME>. Kindly Redeem Your Points In Cash By Click Here
dear customer your kotak credit card points worth placeholder will expire placeholder kindly redeem your points cash click,5,imc25_english_smish_12373,Smishing-Dataset-IMC25,candidate,Dear Customer Your Kotak Credit Card Points Worth Rs.<OTP> Will Expire By <DATE_TIME>. Kindly Redeem Your Points In Cash By Click Here <URL> - KTKCARD
dear sbi user your sbi yono account has been blocked please revert your pan card click here login,5,imc25_english_smish_10844,Smishing-Dataset-IMC25,candidate,Dear SBI user your SBI YONO Account has been blocked please revert your PAN CARD click here to login your PAN number: <URL>
dear sbi user your sbi yono account has been blocked please revert your pan card click here login,5,imc25_english_smish_11019,Smishing-Dataset-IMC25,candidate,Dear SBI user your SBI YONO Account has been blocked please revert your PAN CARD click here to login to your bank account use your PAN number. <URL>
dear sbi user your sbi yono account has been blocked please revert your pan card click here login,5,imc25_english_smish_12341,Smishing-Dataset-IMC25,candidate,Dear SBI user your SBI YONO Account has been blocked please revert your PAN CARD click here to login your bank account using your PAN number: <URL>
dear sbi user your sbi yono account has been blocked please revert your pan card click here login,5,imc25_english_smish_12490,Smishing-Dataset-IMC25,candidate,Dear SBI user your SBI YONO Account has been blocked please revert your PAN CARD click here to login your your PAN number. <NAMED_ENTITY>
dear sbi user your sbi yono account has been blocked please revert your pan card click here login,5,imc25_english_smish_13033,Smishing-Dataset-IMC25,candidate,Dear SBI user your SBI YONO Account has been blocked please revert your PAN CARD click here to login your PAN number: <NAMED_ENTITY>
dear customer your sbi bank account kyc has been expired please update your account verification link click here,5,imc25_english_smish_10906,Smishing-Dataset-IMC25,candidate,Dear Customer Your SBI BANK Account KYC has been expired please update your account verification link click here to link
dear customer your sbi bank account kyc has been expired please update your account verification link click here,5,imc25_english_smish_12352,Smishing-Dataset-IMC25,candidate,Dear Customer Your SBI BANK Account KYC has been expired please update your account verification link click here to link <URL>
dear customer your sbi bank account kyc has been expired please update your account verification link click here,5,imc25_english_smish_13271,Smishing-Dataset-IMC25,candidate,Dear Customer your SBI BANK account kyc has been expired please update your account verification link click here to <URL> thank you
dear customer your sbi bank account kyc has been expired please update your account verification link click here,5,imc25_english_smish_14573,Smishing-Dataset-IMC25,candidate,Dear Customer your SBI BANK account kyc has been expired please update your account verification link click here to <URL> team thank you
dear customer your sbi bank account kyc has been expired please update your account verification link click here,5,imc25_english_smish_14731,Smishing-Dataset-IMC25,candidate,Dear Customer Your SBI BANK Account KYC has been expired please update your account verification link click here link <URL>
your paytm amount number number credited placeholder download and register now,5,imc25_english_smish_11181,Smishing-Dataset-IMC25,candidate,"Your Paytm amount Rs. 54,939 is credited to <UK_NHS> Download and Register now"
your paytm amount number number credited placeholder download and register now,5,imc25_english_smish_11300,Smishing-Dataset-IMC25,candidate,"Your Paytm Amount Rs. 25,942 is credited to <PHONE_NUMBER> Download and Register now"
your paytm amount number number credited placeholder download and register now,5,imc25_english_smish_11496,Smishing-Dataset-IMC25,candidate,"Your Paytm amount Rs. 34,939 is credited to <US_BANK_NUMBER> Download and Register now"
your paytm amount number number credited placeholder download and register now,5,imc25_english_smish_11673,Smishing-Dataset-IMC25,candidate,"Your Paytm amount Rs. 34,939 is credited to <PHONE_NUMBER> Download and Register now"
your paytm amount number number credited placeholder download and register now,5,imc25_english_smish_11773,Smishing-Dataset-IMC25,candidate,"Your Paytm amount Rs. 34,939 is credited to. <PHONE_NUMBER> Download and Register now"
dear customer your sbi yono account has been suspended placeholder please update your pan card number thank you,5,imc25_english_smish_13280,Smishing-Dataset-IMC25,candidate,Dear Customer Your SBI-YONO Account has been suspended <DATE_TIME> please update your PAN CARD Number Thank you SBI click <URL> Team SBI
dear customer your sbi yono account has been suspended placeholder please update your pan card number thank you,5,imc25_english_smish_13325,Smishing-Dataset-IMC25,candidate,Dear Customer Your SBI-YONO Account has been suspended <DATE_TIME> please update your PAN CARD Number Thank you SBI click here <URL>
dear customer your sbi yono account has been suspended placeholder please update your pan card number thank you,5,imc25_english_smish_13512,Smishing-Dataset-IMC25,candidate,Dear Customer Your SBI-YONO Account has been suspended <DATE_TIME> please update your PAN CARD Number Thank you SBI click here <NAMED_ENTITY>
dear customer your sbi yono account has been suspended placeholder please update your pan card number thank you,5,imc25_english_smish_13614,Smishing-Dataset-IMC25,candidate,Dear Customer Your SBI-YONO Account has been suspended <DATE_TIME> please update your PAN CARD Number Thank you SBI click here
dear customer your sbi yono account has been suspended placeholder please update your pan card number thank you,5,imc25_english_smish_14135,Smishing-Dataset-IMC25,candidate,Dear Customer Your SBI-YONO Account has been suspended <DATE_TIME> please update your PAN CARD Number Thank you SBI click <URL>
dear placeholder you have successfully been vaccinated with your placeholder dose with covishield placeholder placeholder you may download,5,imc25_english_smish_16326,Smishing-Dataset-IMC25,candidate,"Dear <NAMED_ENTITY> , You have successfully been vaccinated with your <DATE_TIME> Dose with COVISHIELD on <DATE_TIME> at <DATE_TIME>. You may download your vaccination Certificate from - <URL> - CoWIN"
dear placeholder you have successfully been vaccinated with your placeholder dose with covishield placeholder placeholder you may download,5,imc25_english_smish_16331,Smishing-Dataset-IMC25,candidate,"Dear <NAMED_ENTITY>, You have successfully been vaccinated with your <DATE_TIME> Dose with COVISHIELD on <DATE_TIME> at <DATE_TIME>. You may download your vaccination Certificate from - <URL> - CoWIN"
dear placeholder you have successfully been vaccinated with your placeholder dose with covishield placeholder placeholder you may download,5,imc25_english_smish_16335,Smishing-Dataset-IMC25,candidate,"Dear <NAMED_ENTITY>, You have successfully been vaccinated with your <DATE_TIME> Dose with COVISHIELD on <DATE_TIME> at <DATE_TIME>. You may download your vaccination Certificate from - <URL> - CoWIN Dear Deeksha Singh, Congratulations! You have successfully completed the schedule of all doses of <NRP> vaccine. You can download your certificate at - <URL> - CoWIN"
dear placeholder you have successfully been vaccinated with your placeholder dose with covishield placeholder placeholder you may download,5,imc25_english_smish_16357,Smishing-Dataset-IMC25,candidate,"Dear <NAMED_ENTITY>, You have successfully been vaccinated with your <DATE_TIME> Dose with COVISHIELD on <DATE_TIME> at <DATE_TIME>. You may download your vaccination Certificate from -"
dear placeholder you have successfully been vaccinated with your placeholder dose with covishield placeholder placeholder you may download,5,imc25_english_smish_16812,Smishing-Dataset-IMC25,candidate,"Dear <NAMED_ENTITY>, You have successfully been vaccinated with your <DATE_TIME> Dose with COVISHIELD on <DATE_TIME> at <DATE_TIME>. You may download your vaccination Certificate from - <URL> - CoWIN Dear <NAMED_ENTITY>, Congratulations! You have successfully completed the schedule of all doses of <NRP> vaccine. You can download your"
congratulations dear customer only you got xiaomi special offer buy latest redmi note number pro just number only,5,imc25_english_smish_17518,Smishing-Dataset-IMC25,candidate,"Congratulations, Dear Customer, Only You Got Xiaomi Special offer Buy Latest Redmi Note 6 Pro At Just Rs.11/- Only, Hurry Click Now- -<URL>"
congratulations dear customer only you got xiaomi special offer buy latest redmi note number pro just number only,5,imc25_english_smish_17541,Smishing-Dataset-IMC25,candidate,"Congratulations, Dear Customer, Only You Got Xiaomi Special offer Buy Latest Redmi Note 7 Pro At Just Rs.11/- Only, Hurry Click Now- <URL>"
congratulations dear customer only you got xiaomi special offer buy latest redmi note number pro just number only,5,imc25_english_smish_17662,Smishing-Dataset-IMC25,candidate,"Congratulations, Dear Customer, Only You Got Xiaomi Special offer Buy Latest Redmi Note 7 Pro At Just Rs.11/- Only, Hurry Click Now-"
congratulations dear customer only you got xiaomi special offer buy latest redmi note number pro just number only,5,imc25_english_smish_17785,Smishing-Dataset-IMC25,candidate,"Congratulations, Dear Customer, Only You Got Xiaomi Special offer Buy Latest Redmi Note 6 Pro At Just Rs.11/- Only, Hurry Click Now-"
congratulations dear customer only you got xiaomi special offer buy latest redmi note number pro just number only,5,imc25_english_smish_19982,Smishing-Dataset-IMC25,candidate,"Congratulations, Dear Customer, Only You Got Xiaomi Special offer Buy Latest Redmi Note 7 Pro At Just Rs. 11/- Only, Hurry Click Now-"
bnt dear placeholder urgently recruiting for part time jobs you can earn placeholder every day click here get,5,imc25_english_smish_18736,Smishing-Dataset-IMC25,candidate,"[BNT] Dear <NAMED_ENTITY> urgently recruiting for part-time jobs, you can earn <PHONE> Rs every day, Click here to get yours"
bnt dear placeholder urgently recruiting for part time jobs you can earn placeholder every day click here get,5,imc25_english_smish_18885,Smishing-Dataset-IMC25,candidate,"[BNT] Dear <NAMED_ENTITY> urgently recruiting for part-time jobs, you can earn <PHONE> Rs every day, Click here to get yours:"
bnt dear placeholder urgently recruiting for part time jobs you can earn placeholder every day click here get,5,imc25_english_smish_19016,Smishing-Dataset-IMC25,candidate,"[BNT] Dear <NAMED_ENTITY> urgently recruiting for part-time jobs, you can earn <PHONE> Rs every day ,Click here to get yours:"
bnt dear placeholder urgently recruiting for part time jobs you can earn placeholder every day click here get,5,imc25_english_smish_19021,Smishing-Dataset-IMC25,candidate,"[BNT] Dear <NAMED_ENTITY> urgently recruiting for part-time jobs, you can earn <PHONE_NUMBER> Rs every day, Click here to get yours: <URL>"
bnt dear placeholder urgently recruiting for part time jobs you can earn placeholder every day click here get,5,imc25_english_smish_20123,Smishing-Dataset-IMC25,candidate,"[BNT] Dear <NAMED_ENTITY> urgently recruiting for part-time jobs, you can earn <PHONE_NUMBER> Rs every day, Click here to get yours:"
delivery service provide the correct delivery address avoid delay receiving the goods due incomplete door number after replying,4,imc25_english_smish_00169,Smishing-Dataset-IMC25,approved,"Delivery service: Provide the correct delivery address to avoid delay in receiving the goods due to incomplete door number. After replying ""OK"", reconfirm your address, please update it timely."
delivery service provide the correct delivery address avoid delay receiving the goods due incomplete door number after replying,4,imc25_english_smish_01159,Smishing-Dataset-IMC25,needs_review,"Delivery service: Provide the correct delivery address to avoid delay in receiving the goods due to incomplete door number. After replying ""OK"", reconfirm your address <NAMED_ENTITY> update it timely.Open link in browser"
delivery service provide the correct delivery address avoid delay receiving the goods due incomplete door number after replying,4,imc25_english_smish_05829,Smishing-Dataset-IMC25,needs_review,"Delivery service: Provide the correct delivery address to avoid delay in receiving the goods due to incomplete door number. After replying ""OK"" reconfirm your address"
delivery service provide the correct delivery address avoid delay receiving the goods due incomplete door number after replying,4,imc25_english_smish_06646,Smishing-Dataset-IMC25,needs_review,"Delivery service: Provide the correct delivery address to avoid delay in receiving the goods due to incomplete door number. After replying ""OK"" reconfirm your address <URL> Please update it timely.Open link in browser"
irs have received your tax refund application for placeholder you are entitled refund number number order expedite the,4,imc25_english_smish_00250,Smishing-Dataset-IMC25,needs_review,"[IRS]We have received your tax refund application for <DATE_TIME>. You are entitled to a refund of $573.00. In order to expedite the processing of your refund and avoid potential delays or penalties, please provide accurate personal information immediately to ensure precise payment. Deadline: <DATE_TIME>. <URL> (Please reply 'y', then exit the message, reopen the message to activate the link, or copy the link and open it in the Safari browser.) Thank you for your cooperation!"
irs have received your tax refund application for placeholder you are entitled refund number number order expedite the,4,imc25_english_smish_00343,Smishing-Dataset-IMC25,needs_review,"[IRS]We have received your tax refund application for <DATE_TIME>. You are entitled to a refund of $573.00. In order to expedite the processing of your refund and avoid potential delays or penalties, please provide accurate personal information immediately to ensure precise payment. Deadline: <DATE_TIME>. <URL> (Please reply 'y', then exit the message, reopen the message to activate the link, or copy the link and open it in the Safari browser.) Thank you for your cooperation! Sincerely, [IRS]"
irs have received your tax refund application for placeholder you are entitled refund number number order expedite the,4,imc25_english_smish_01654,Smishing-Dataset-IMC25,needs_review,"[IRS]We have received your tax refund application for <DATE_TIME>. You are entitled to a refund of $573.00. In order to expedite the processing of your refund and avoid potential delays or penalties, please provide accurate personal information immediately to ensure precise payment. Deadline: <DATE_TIME>."
irs have received your tax refund application for placeholder you are entitled refund number number order expedite the,4,imc25_english_smish_01884,Smishing-Dataset-IMC25,needs_review,"[IRS] We have received your tax refund application for <DATE_TIME>. You are entitled to a refund of $573.00. In order to expedite the processing of your refund and avoid potential delays or penalties, please provide accurate personal information immediately to ensure precise payment. Deadline: <DATE_TIME>. <URL> (Please reply 'y', then exit the message, reopen the message to activate the link, or copy the link and open it in the Safari browser.) Thank you for your cooperation! Sincerely, [IRS]"
your apple has been locked have locked your apple because our service has detected two unauthorized devices unlock,4,imc25_english_smish_01248,Smishing-Dataset-IMC25,needs_review,"Your Apple ID has been locked. We have locked your Apple ID because our service has detected two unauthorized devices. To unlock your account, you required verify your Apple ID . Click the link below to unlock your Apple ID. <URL> Your account will be automatically unlock, after finishing the verification. Copyright © <OTP> Apple Distribution International, Hollyhill Industrial Estate, <LOCATION>, <LOCATION>, <LOCATION>. All rights reserved."
your apple has been locked have locked your apple because our service has detected two unauthorized devices unlock,4,imc25_english_smish_05072,Smishing-Dataset-IMC25,needs_review,Your Apple ID has been locked. We have locked your Apple ID because our service has detected two unauthorized devices. To unlock your account you required verify your Apple ID . Click the link below to unlock your Apple ID. <URL> Your account will be automatically unlock after finishing the verification. Copyright © <OTP> Apple Distribution International Hollyhill Industrial Estate Hollyhill Cork Irlande. All rights reserved.
your apple has been locked have locked your apple because our service has detected two unauthorized devices unlock,4,imc25_english_smish_07386,Smishing-Dataset-IMC25,approved,Your Apple ID has been locked. We have locked your Apple ID because our service has detected two unauthorized devices. To unlock your account you required verify your Apple ID . Click the link below to unlock your Apple ID.
your apple has been locked have locked your apple because our service has detected two unauthorized devices unlock,4,imc25_english_smish_07584,Smishing-Dataset-IMC25,needs_review,Your Apple ID has been locked. We have locked your Apple ID because our service has detected two unauthorized devices. To unlock your account you required verify your Apple ID. Click the link below to unlock your Apple ID. <URL> Your account will be automatically unlock after finishing the verification.
dear hdfc customer your hdfc net banking will suspended placeholder please update your pan card now visit below,4,imc25_english_smish_02231,Smishing-Dataset-IMC25,approved,Dear HDFC Customer your HDFC NET BANKING will be Suspended <DATE_TIME> please update your PAN card now visit below the link
dear hdfc customer your hdfc net banking will suspended placeholder please update your pan card now visit below,4,imc25_english_smish_02534,Smishing-Dataset-IMC25,needs_review,Dear HDFC Customer your HDFC NET BANKING will be Suspended <DATE_TIME> please update your PAN card now visit below the link <URL>
dear hdfc customer your hdfc net banking will suspended placeholder please update your pan card now visit below,4,imc25_english_smish_05248,Smishing-Dataset-IMC25,needs_review,Dear HDFC Customer Your HDFC Net BANKING will be Suspended. <DATE_TIME> please Update Your PAN CARD Now visit below the <URL> Thank you.
dear hdfc customer your hdfc net banking will suspended placeholder please update your pan card now visit below,4,imc25_english_smish_07686,Smishing-Dataset-IMC25,needs_review,Dear HDFC Customer Your HDFC Net BANKING will be Suspended. <DATE_TIME> please Update Your PAN CARD Now visit below the <URL> .Thank you.
dear customer your sbi bank account will suspend placeholder please click here link and update your pan immediately,4,imc25_english_smish_02265,Smishing-Dataset-IMC25,approved,Dear Customer Your SBI Bank account will be suspend <DATE_TIME> please click here to link and update your Pan no immediately.
dear customer your sbi bank account will suspend placeholder please click here link and update your pan immediately,4,imc25_english_smish_03140,Smishing-Dataset-IMC25,needs_review,Dear Customer Your SBI Bank account will be suspend <DATE_TIME> please click here to link and update your Pan no immediately
dear customer your sbi bank account will suspend placeholder please click here link and update your pan immediately,4,imc25_english_smish_04994,Smishing-Dataset-IMC25,needs_review,['Dear Customer Your SBI Bank account will be suspend _<DATE_TIME> please click here to link and update your Pan no immediately.' 'Dear Customer Your SBI Bank account will be suspend _<DATE_TIME> please click here to link and update your Pan no immediately.']
dear customer your sbi bank account will suspend placeholder please click here link and update your pan immediately,4,imc25_english_smish_07165,Smishing-Dataset-IMC25,needs_review,Dear Customer Your SBI Bank account will be suspend _<DATE_TIME> please click here to link and update your Pan no immediately.
dear customer your mtnl sim kyc has been suspended your sim card will blocked within placeholder call immediately,4,imc25_english_smish_02318,Smishing-Dataset-IMC25,approved,Dear Customer Your MTNL Sim KYC has been suspended. Your sim card will be blocked within <DATE_TIME>. Call Immediately
dear customer your mtnl sim kyc has been suspended your sim card will blocked within placeholder call immediately,4,imc25_english_smish_21265,Smishing-Dataset-IMC25,candidate,"Dear customer, your MTNL sim KYC has been suspended. Your sim card will be blocked within <DATE_TIME>. Call immediately."
dear customer your mtnl sim kyc has been suspended your sim card will blocked within placeholder call immediately,4,imc25_english_smish_21528,Smishing-Dataset-IMC25,candidate,"Dear Customer, Your MTNL Sim KYC has been suspended. Your sim card will be blocked within <DATE_TIME>. Call Immediately"
dear customer your mtnl sim kyc has been suspended your sim card will blocked within placeholder call immediately,4,imc25_english_smish_21635,Smishing-Dataset-IMC25,candidate,"Dear customer, your MTNL sim KYC has been suspended. Your sim card will be blocked within <DATE_TIME>. Call immediately. Customer Care <PHONE_NUMBER> Thank you.u"
dear user your sbi yono account has been blocked placeholder please update your pan card immediately click here,4,imc25_english_smish_02363,Smishing-Dataset-IMC25,approved,Dear user Your SBI YONO Account has been Blocked <DATE_TIME>. Please Update Your PAN Card immediately click here link <URL>
dear user your sbi yono account has been blocked placeholder please update your pan card immediately click here,4,imc25_english_smish_04073,Smishing-Dataset-IMC25,needs_review,Dear user Your SBI YONO Account has been Blocked <DATE_TIME>. Please Update Your PAN CARD immediately click here link.
dear user your sbi yono account has been blocked placeholder please update your pan card immediately click here,4,imc25_english_smish_04373,Smishing-Dataset-IMC25,needs_review,Dear user. Your SBI YONO Account has been Blocked <DATE_TIME>. Please Update Your PAN Card immediately click here link.
dear user your sbi yono account has been blocked placeholder please update your pan card immediately click here,4,imc25_english_smish_05210,Smishing-Dataset-IMC25,needs_review,Dear user Your SBI YONO Account has been Blocked <DATE_TIME>. Please Update your PAN card immediately click here link
dear customer your hdfc netbanking will blocked placeholder please update your pancard just click link,4,imc25_english_smish_02427,Smishing-Dataset-IMC25,needs_review,Dear Customer Your HDFC Netbanking A/C will be blocked <DATE_TIME> please update your PANCARD Just click on link
dear customer your hdfc netbanking will blocked placeholder please update your pancard just click link,4,imc25_english_smish_03660,Smishing-Dataset-IMC25,needs_review,Dear Customer Your HDFC Netbanking A/C will be blocked by <DATE_TIME> please update your PANCARD Just click on link
dear customer your hdfc netbanking will blocked placeholder please update your pancard just click link,4,imc25_english_smish_05508,Smishing-Dataset-IMC25,needs_review,Dear Customer Your HDFC Netbanking A/C will be blocked <DATE_TIME> please update your PANCARD. Just click on link
dear customer your hdfc netbanking will blocked placeholder please update your pancard just click link,4,imc25_english_smish_07736,Smishing-Dataset-IMC25,needs_review,Dear Customer Your HDFC Netbanking A/C will be blocked <DATE_TIME>. please update your PANCARD Just click on link
dear hdfc user your hdfc netbanking will block today please click the link and update your pan immediately,4,imc25_english_smish_02453,Smishing-Dataset-IMC25,needs_review,Dear HDFC user your HDFC Netbanking will be Block Today Please click on the link and update your PAN no. immediately-
dear hdfc user your hdfc netbanking will block today please click the link and update your pan immediately,4,imc25_english_smish_02552,Smishing-Dataset-IMC25,needs_review,Dear HDFC user your HDFC Netbanking will be Block Today Please click on the link and update your PAN no. immediately.
dear hdfc user your hdfc netbanking will block today please click the link and update your pan immediately,4,imc25_english_smish_03587,Smishing-Dataset-IMC25,approved,Dear HDFC user your HDFC Netbanking will be Block Today Please click on the link and update your PAN no. immediately- <URL>
dear hdfc user your hdfc netbanking will block today please click the link and update your pan immediately,4,imc25_english_smish_14369,Smishing-Dataset-IMC25,candidate,Dear HDFC user your HDFC Netbanking will be Block Today. Please click on the link and update your PAN no. immediately <URL>
dear user sbi account will blocked placeholder please update your pan card number thank you sbi bank click,4,imc25_english_smish_02535,Smishing-Dataset-IMC25,approved,Dear User SBI Account Will Be Blocked <DATE_TIME> please update your PAN Card Number Thank You SBI Bank click here <URL> Thank you SBI Team
dear user sbi account will blocked placeholder please update your pan card number thank you sbi bank click,4,imc25_english_smish_02683,Smishing-Dataset-IMC25,needs_review,Dear User SBI Account Will Be Blocked <DATE_TIME> please update your PAN Card Number Thank You SBI Bank click here
dear user sbi account will blocked placeholder please update your pan card number thank you sbi bank click,4,imc25_english_smish_13379,Smishing-Dataset-IMC25,candidate,Dear User SBI Account Will Be Blocked <DATE_TIME> please update your PAN Card Number Thank You SBI Bank click here <LOCATION>
dear user sbi account will blocked placeholder please update your pan card number thank you sbi bank click,4,imc25_english_smish_13771,Smishing-Dataset-IMC25,candidate,Dear User SBI Account Will Be Blocked <DATE_TIME> please update your PAN Card Number Thank You SBI Bank click here.
dear user you have been charged placeholder sms alerts fee number incl tax tax number number trx placeholder,4,imc25_english_smish_02568,Smishing-Dataset-IMC25,approved,Dear User you have been charged <DATE_TIME> SMS alerts fee of Rs.15 (incl. tax). Tax: Rs. 2.07. Trx ID: <US_BANK_NUMBER> Please call <OTP> to opt out of this <DATE_TIME> fee
dear user you have been charged placeholder sms alerts fee number incl tax tax number number trx placeholder,4,imc25_english_smish_02792,Smishing-Dataset-IMC25,needs_review,Dear User you have been charged <DATE_TIME> SMS alerts fee of Rs.15 (incl. tax). Tax: Rs. 2.07. Trx ID: <PHONE_NUMBER> Please call <OTP> to opt out of this <DATE_TIME> fee
dear user you have been charged placeholder sms alerts fee number incl tax tax number number trx placeholder,4,imc25_english_smish_05009,Smishing-Dataset-IMC25,needs_review,Dear User you have been charged <DATE_TIME> SMS alerts fee of Rs.15 (incl. tax). Tax: Rs. 1.73. Trx ID: <US_BANK_NUMBER> Please call <OTP> to opt out of this <DATE_TIME> fee
dear user you have been charged placeholder sms alerts fee number incl tax tax number number trx placeholder,4,imc25_english_smish_06185,Smishing-Dataset-IMC25,needs_review,Dear User you have been charged <DATE_TIME> SMS alerts fee of Rs.15 (incl. tax). Tax: Rs. 2.07. Trx ID: <PHONE_NUMBER> Please call <OTP> to opt out of this <DATE_TIME> fee.
dear sbi user your sbi yono account will blocked placeholder please click here the link update your pan,4,imc25_english_smish_02611,Smishing-Dataset-IMC25,approved,Dear SBI user your SBI YONO Account will be blocked <DATE_TIME>. Please click here on the link to update your PAN CARD details. Thank you.
dear sbi user your sbi yono account will blocked placeholder please click here the link update your pan,4,imc25_english_smish_11811,Smishing-Dataset-IMC25,candidate,Dear SBI user your SBI YONO Account will be blocked <DATE_TIME>. Please click here on the link to update your PAN CARD details. Thank you
dear sbi user your sbi yono account will blocked placeholder please click here the link update your pan,4,imc25_english_smish_13484,Smishing-Dataset-IMC25,candidate,Dear SBI user your SBI YONO Account will be blocked <DATE_TIME>. Please click here on the link to update your PAN CARD <URL> Thank you
dear sbi user your sbi yono account will blocked placeholder please click here the link update your pan,4,imc25_english_smish_14588,Smishing-Dataset-IMC25,candidate,Dear sbi user your sbi yono Account will be blocked <DATE_TIME> please click here on The link to update your PAN CARD <URL>ank you
dear customer your yono sbi account will blocked placeholder please update your pan card number and click here,4,imc25_english_smish_02760,Smishing-Dataset-IMC25,approved,Dear Customer your YONO SBI account will be blocked <DATE_TIME>. please update your PAN CARD number. and click here link
dear customer your yono sbi account will blocked placeholder please update your pan card number and click here,4,imc25_english_smish_13230,Smishing-Dataset-IMC25,candidate,Dear Customer your YONO SBI account will be blocked <DATE_TIME>. please update your PAN CARD number. and click here link <URL>
dear customer your yono sbi account will blocked placeholder please update your pan card number and click here,4,imc25_english_smish_13485,Smishing-Dataset-IMC25,candidate,Dear Customer your YONO SBI account will be blocked <DATE_TIME> please update your PAN CARD number and click here link <URL>
dear customer your yono sbi account will blocked placeholder please update your pan card number and click here,4,imc25_english_smish_14550,Smishing-Dataset-IMC25,candidate,Dear Customer your YONO SBI account will be blocked <DATE_TIME> please update your PAN CARD number and click here link Thank You SBI
dear customer your net banking account will blocked placeholder please update your pan card now visit the link,4,imc25_english_smish_02884,Smishing-Dataset-IMC25,approved,Dear Customer your 'S.B.I' NET BANKING Account will be Blocked by <DATE_TIME> Please Update Your Pan card now visit the link <URL>
dear customer your net banking account will blocked placeholder please update your pan card now visit the link,4,imc25_english_smish_04641,Smishing-Dataset-IMC25,needs_review,Dear Customer your 'S.B.I' NET BANKING Account will be Blocked by <DATE_TIME> Please Update Your Pan card now visit the link<URL> thank you
dear customer your net banking account will blocked placeholder please update your pan card now visit the link,4,imc25_english_smish_04951,Smishing-Dataset-IMC25,needs_review,Dear Customer your 'S.B.I!' NET BANKING Account will be Blocked by <DATE_TIME> Please Update Your Pan card now visit the link <URL>
dear customer your net banking account will blocked placeholder please update your pan card now visit the link,4,imc25_english_smish_05322,Smishing-Dataset-IMC25,needs_review,Dear Customer your 'S.B.I' NET BANKING Account will be Blocked by <DATE_TIME> Please Update Your Pan card now visit the link <URL> thank you
dear customer need consent use your details for credit bureau check your icici bank credit card application provide,4,imc25_english_smish_03784,Smishing-Dataset-IMC25,needs_review,Dear Customer we need consent to use your details for a Credit Bureau check on your ICICI Bank Credit Card application. To provide consent SMS AST YES to <DATE_TIME>. T&C apply.
dear customer need consent use your details for credit bureau check your icici bank credit card application provide,4,imc25_english_smish_11359,Smishing-Dataset-IMC25,candidate,"Dear Customer, we need consent to use your details for a Credit Bureau check on your ICICI Bank Credit Card application. To provide consent, SMS AST YES to <PHONE_NUMBER>/<PHONE_NUMBER>/<PHONE_NUMBER>. T&C apply."
dear customer need consent use your details for credit bureau check your icici bank credit card application provide,4,imc25_english_smish_13260,Smishing-Dataset-IMC25,candidate,"Dear Customer, we need consent to use your details for a Credit Bureau check on your ICICI Bank Credit Card application. To provide consent, SMS AST YES to <DATE_TIME>. T&C apply."
dear customer need consent use your details for credit bureau check your icici bank credit card application provide,4,imc25_english_smish_13820,Smishing-Dataset-IMC25,candidate,"Dear Customer, we need consent to use your details for a Credit Bureau check on your ICICI Bank Credit Card application. To provide consent, SMS AST YES to <PHONE_NUMBER>/<US_BANK_NUMBER>. T&C apply."
fnb your fnb bank account not updated the server click placeholder update your account avoid server block placeholder,4,imc25_english_smish_03983,Smishing-Dataset-IMC25,approved,FNB🤖 Your FNB Bank Account is not updated on the server Click -> <URL> & Update your Account to avoid Server Block in <DATE_TIME>
fnb your fnb bank account not updated the server click placeholder update your account avoid server block placeholder,4,imc25_english_smish_04956,Smishing-Dataset-IMC25,needs_review,FNB:-) Your FNB Bank Account is not updated on the server Click -><URL> & Update your Account to avoid Server Block in <DATE_TIME> FNB TEAM
fnb your fnb bank account not updated the server click placeholder update your account avoid server block placeholder,4,imc25_english_smish_06394,Smishing-Dataset-IMC25,needs_review,FNB:) Your FNB Bank Account is not updated on the server Click -><URL> & Update your Account to avoid Server Block in <DATE_TIME>
fnb your fnb bank account not updated the server click placeholder update your account avoid server block placeholder,4,imc25_english_smish_13713,Smishing-Dataset-IMC25,candidate,"FNB:-) Your FNB Bank Account is not updated on the server, Click -> <URL> & Update your Account to avoid Server Block in <DATE_TIME> FNB TEAM"
dear customer your atm card has been blocked state bank pakistan due non verification yet you want keep,4,imc25_english_smish_04044,Smishing-Dataset-IMC25,needs_review,Dear Customer Your ATM Card has been Blocked By State Bank Of Pakistan Due To Non Verification Yet If You Want To Keep Using Your ATM Card Cal us <DATE_TIME>
dear customer your atm card has been blocked state bank pakistan due non verification yet you want keep,4,imc25_english_smish_10106,Smishing-Dataset-IMC25,candidate,Dear Customer Your ATM Card Has Been Blocked by State Bank of Pakistan Due To Non Verification Yet If You want keep Using Your ATM Card Contact US.<PHONE_NUMBER>
dear customer your atm card has been blocked state bank pakistan due non verification yet you want keep,4,imc25_english_smish_10889,Smishing-Dataset-IMC25,candidate,Dear Customer Your ATM Card Has Been Blocked by State Bank of Pakistan Due To Non Verification Yet If You want keep Using Your ATM Card Contact Us <DATE_TIME>
dear customer your atm card has been blocked state bank pakistan due non verification yet you want keep,4,imc25_english_smish_11016,Smishing-Dataset-IMC25,candidate,Dear Customer Your ATM Card Has Been Blocked by State Bank of Pakistan Due To Non Verification Yet If You want keep Using Your ATM Card Contact Us <PHONE_NUMBER>
dear customer your electricity power will disconnected placeholder placeholder from electricity office because your placeholder placeholder was not,4,imc25_english_smish_04153,Smishing-Dataset-IMC25,approved,Dear customer your Electricity Power will be Disconnected <DATE_TIME> at <DATE_TIME> from electricity office because your <DATE_TIME> <NAMED_ENTITY> was not update . Please immediately contact with. Our electricity office <PHONE_NUMBER> Thank you.
dear customer your electricity power will disconnected placeholder placeholder from electricity office because your placeholder placeholder was not,4,imc25_english_smish_16922,Smishing-Dataset-IMC25,candidate,Dear Customer Your Electricity Power Will Be Disconnected <DATE_TIME> At <DATE_TIME> From Electricity Office Because Your <DATE_TIME> <NAMED_ENTITY> Was Not Update please Immediately Contact With Our Electricity Officer <PHONE_NUMBER> Thank you
dear customer your electricity power will disconnected placeholder placeholder from electricity office because your placeholder placeholder was not,4,imc25_english_smish_19313,Smishing-Dataset-IMC25,candidate,Dear Customer Your Electricity Power Will Be Disconnected. <DATE_TIME> at <DATE_TIME> From Electricity Office Because Your <DATE_TIME> <NAMED_ENTITY> Was Not Update Please Immediately Contact With Our Electricity Officer. 938******** Thank You..
dear customer your electricity power will disconnected placeholder placeholder from electricity office because your placeholder placeholder was not,4,imc25_english_smish_19373,Smishing-Dataset-IMC25,candidate,Dear customer your Electricity Power will be Disconnected <DATE_TIME> at <DATE_TIME> from electricity office because your <DATE_TIME> <NAMED_ENTITY> was not update . Please immediately contact with. Our electricity office <PHONE_NUMBER> Thank you..
dear customer your request placeholder for sms alerts update has been processed successfully you have not done kindly,4,imc25_english_smish_04168,Smishing-Dataset-IMC25,needs_review,Dear customer your Request No. <UK_NHS> for SMS Alerts update has been processed successfully. If you have not done it kindly report to SBI YONO customer Care.
dear customer your request placeholder for sms alerts update has been processed successfully you have not done kindly,4,imc25_english_smish_07731,Smishing-Dataset-IMC25,needs_review,Dear customer your Request No. <US_BANK_NUMBER> for SMS Alerts update has been processed successfully. If you have not done it kindly report to SBI YONO customer Care.
dear customer your request placeholder for sms alerts update has been processed successfully you have not done kindly,4,imc25_english_smish_13558,Smishing-Dataset-IMC25,candidate,"Dear customer, your Request No. <PHONE_NUMBER> for SMS Alerts update has been processed successfully. If you have not done it, kindly report to SBI YONO customer Care."
dear customer your request placeholder for sms alerts update has been processed successfully you have not done kindly,4,imc25_english_smish_14141,Smishing-Dataset-IMC25,candidate,"Dear customer, your Request No. <DATE_TIME> for SMS Alerts update has been processed successfully. If you have not done it, kindly report to SBI YONO customer Care."
govuk have identified you eligible for discounted energy bill under the energy bills support scheme you can apply,4,imc25_english_smish_04392,Smishing-Dataset-IMC25,approved,GOVUK: We have identified you as eligible for a discounted energy bill under the Energy Bills Support Scheme. You can apply here: <URL>
govuk have identified you eligible for discounted energy bill under the energy bills support scheme you can apply,4,imc25_english_smish_07977,Smishing-Dataset-IMC25,needs_review,"['GOVUK: We have identified you as eligible for a discounted energy bill under the Energy Bills Support Scheme. You can apply here: <URL>', 'SANTANDER: A new payee (MR C <NAMED_ENTITY>) has been added to your account at <DATE_TIME> on <DATE_TIME>. If this was NOT you, please visit: <URL>']"
govuk have identified you eligible for discounted energy bill under the energy bills support scheme you can apply,4,imc25_english_smish_16848,Smishing-Dataset-IMC25,candidate,GOVUK: We have identified you as eligible for a discounted energy bill under the Energy Bills Support Scheme. You can apply here: https://
govuk have identified you eligible for discounted energy bill under the energy bills support scheme you can apply,4,imc25_english_smish_16888,Smishing-Dataset-IMC25,candidate,GOVUK: We have identified you as eligible for a discounted energy bill under the Energy Bills Support Scheme. You can apply here:
dear customer your axis credit card points worth inr placeholder expired placeholder kindly redeem your points cash click,4,imc25_english_smish_04995,Smishing-Dataset-IMC25,approved,Dear Customer your AXIS credit card points worth INR <OTP> expired by <DATE_TIME> kindly redeem your points in cash by click here
dear customer your axis credit card points worth inr placeholder expired placeholder kindly redeem your points cash click,4,imc25_english_smish_14180,Smishing-Dataset-IMC25,candidate,Dear Customer your AXIS credit card points worth INR <OTP> expired by <DATE_TIME>. Kindly redeem your points in cash by click here <URL>
dear customer your axis credit card points worth inr placeholder expired placeholder kindly redeem your points cash click,4,imc25_english_smish_14487,Smishing-Dataset-IMC25,candidate,"['Dear Customer your AXIS credit card points worth INR <OTP> expired by <DATE_TIME>. Kindly redeem your points in cash by click here <URL>', 'Dear Customer your AXIS credit card points worth INR <OTP> expired by <DATE_TIME>. Kindly redeem your points in cash by click here <URL>']"
dear customer your axis credit card points worth inr placeholder expired placeholder kindly redeem your points cash click,4,imc25_english_smish_14496,Smishing-Dataset-IMC25,candidate,Dear Customer your AXIS credit card points worth INR <OTP> expired by <DATE_TIME>. Kindly redeem your points in cash by click here
mum texting you off friends phone smashed mine and their phones about die can you whatsapp new number,4,imc25_english_smish_05297,Smishing-Dataset-IMC25,needs_review,Hi mum I'm texting you off a friends phone I've smashed mine and their phones about to die can you WhatsApp my new number
mum texting you off friends phone smashed mine and their phones about die can you whatsapp new number,4,imc25_english_smish_16962,Smishing-Dataset-IMC25,candidate,"Hi Mum I'm texting you off a friends phone I've smashed mine and their phones about to die, can you WhatsApp my new number <PHONE_NUMBER> Please x"
mum texting you off friends phone smashed mine and their phones about die can you whatsapp new number,4,imc25_english_smish_16964,Smishing-Dataset-IMC25,candidate,"Hi Mum I'm texting you off a friends phone I've smashed mine and their phones about to die, can you WhatsApp my new number <DATE_TIME> please x"
mum texting you off friends phone smashed mine and their phones about die can you whatsapp new number,4,imc25_english_smish_16968,Smishing-Dataset-IMC25,candidate,"Hi mum I'm texting you off a friends phone I've smashed mine and their phones about to die, can you WhatsApp my new number 0*** please x"
dear customer your kotak bank debit card points worth placeholder expired placeholder kindly convert your points into cash,4,imc25_english_smish_08230,Smishing-Dataset-IMC25,candidate,Dear customer your Kotak BANK Debit Card points worth Rs <OTP> expired by <DATE_TIME>. Kindly convert your points into cash by click here <URL>
dear customer your kotak bank debit card points worth placeholder expired placeholder kindly convert your points into cash,4,imc25_english_smish_08231,Smishing-Dataset-IMC25,candidate,Dear customer your KOTAK BANK Debit Card points worth Rs <OTP> expired by <DATE_TIME>. Kindly convert your points into cash by click here
dear customer your kotak bank debit card points worth placeholder expired placeholder kindly convert your points into cash,4,imc25_english_smish_08428,Smishing-Dataset-IMC25,candidate,Dear customer your Kotak BANK Debit Card points worth Rs <OTP> expired by <DATE_TIME>. Kindly convert your points into cash by click
dear customer your kotak bank debit card points worth placeholder expired placeholder kindly convert your points into cash,4,imc25_english_smish_08602,Smishing-Dataset-IMC25,candidate,Dear customer your Kotak BANK Debit Card points worth Rs <OTP> expired by <DATE_TIME>. Kindly convert your points into cash by click here <DATE_TIME>
dear customer your atm card blocked due security reasons call for new emv chip card activation placeholder placeholder,4,imc25_english_smish_08631,Smishing-Dataset-IMC25,candidate,"Dear S.B.I Customer your ATM card Blocked due to (SECURITY REASONS) call for (NEW EMV CHIP CARD OR ACTIVATION) <DATE_TIME>, <DATE_TIME>,?"
dear customer your atm card blocked due security reasons call for new emv chip card activation placeholder placeholder,4,imc25_english_smish_08852,Smishing-Dataset-IMC25,candidate,"Dear Customer your ATM card blocked due to (SECURITY REASONS) call for (NEW EMV CHIP CARD OR ACTIVATION) <DATE_TIME>, <DATE_TIME>,?"
dear customer your atm card blocked due security reasons call for new emv chip card activation placeholder placeholder,4,imc25_english_smish_08895,Smishing-Dataset-IMC25,candidate,"Dear Customer if your ATM card blocked due to (SECURITY REASONS) call for (NEW EMV CHIP CARD OR ACTIVATION) <DATE_TIME>, <DATE_TIME>.?"
dear customer your atm card blocked due security reasons call for new emv chip card activation placeholder placeholder,4,imc25_english_smish_08949,Smishing-Dataset-IMC25,candidate,"Dear Customer your ATM card Blocked due to (SECURITY REASONS) call for (NEW EMV CHIP CARD OR ACTIVATION) <DATE_TIME>, <DATE_TIME>?"
dear customer your atm card has been blocked because you have not update yet you want keep using,4,imc25_english_smish_08690,Smishing-Dataset-IMC25,candidate,Dear Customer your ATM card has been blocked Because you have not update yet If you want to keep using your ATM card please call our number as05238226303
dear customer your atm card has been blocked because you have not update yet you want keep using,4,imc25_english_smish_08952,Smishing-Dataset-IMC25,candidate,"Dear customer,your ATM card has been blocked Because you have not update yet If you want to keep using your ATM card please call our number as <PHONE_NUMBER>"
dear customer your atm card has been blocked because you have not update yet you want keep using,4,imc25_english_smish_10512,Smishing-Dataset-IMC25,candidate,Dear Customer your ATM card has been blocked because you have not update yet if you want keep using your ATM card please call us <DATE_TIME>
dear customer your atm card has been blocked because you have not update yet you want keep using,4,imc25_english_smish_12035,Smishing-Dataset-IMC25,candidate,"Dear Customer, your ATM card has been blocked Because you have not update yet If you want to keep using your ATM card please call our number AS <DATE_TIME>"
your xxxxxxxx6596 can credited with placeholder check now,4,imc25_english_smish_08767,Smishing-Dataset-IMC25,candidate,Your A/C no. XXXXXXXX6596 can be credited with Rs.<US_DRIVER_LICENSE>. Check Now
your xxxxxxxx6596 can credited with placeholder check now,4,imc25_english_smish_08921,Smishing-Dataset-IMC25,candidate,Your A/C XXXXXXXX6596 can Be credited with <NAMED_ENTITY>. Check Now!
your xxxxxxxx6596 can credited with placeholder check now,4,imc25_english_smish_09161,Smishing-Dataset-IMC25,candidate,Your A/C XXXXXXXX6596 can Be credited with Rs. <DATE_TIME>. Check Now!
your xxxxxxxx6596 can credited with placeholder check now,4,imc25_english_smish_09168,Smishing-Dataset-IMC25,candidate,Your A/C XXXXXXXX6596 can Be credited with Rs.<US_DRIVER_LICENSE>. Check Now!
dear paytm customer your placeholder has been hold placeholder number kyc palace contacts placeholder office placeholder thanks your,4,imc25_english_smish_08928,Smishing-Dataset-IMC25,candidate,Dear Paytm Customer Your <LOCATION> has been hold in <DATE_TIME>'s 100% KYC palace contacts <LOCATION> office Ph:<PHONE_NUMBER> thanks Your Paytm blocks Within <DATE_TIME>
dear paytm customer your placeholder has been hold placeholder number kyc palace contacts placeholder office placeholder thanks your,4,imc25_english_smish_09894,Smishing-Dataset-IMC25,candidate,Dear Paytm Customer Your <LOCATION> has been hold in <DATE_TIME>'s 100% KYC palace contacts <LOCATION> office Ph:<UK_NHS> thanks Your Paytm blocks Within <DATE_TIME>
dear paytm customer your placeholder has been hold placeholder number kyc palace contacts placeholder office placeholder thanks your,4,imc25_english_smish_10120,Smishing-Dataset-IMC25,candidate,Dear Paytm Customer Your <LOCATION> has been hold in <DATE_TIME>'s 100% KYC palace contacts <LOCATION> office Ph:<US_BANK_NUMBER> thanks Your Paytm blocks Within <DATE_TIME>
dear paytm customer your placeholder has been hold placeholder number kyc palace contacts placeholder office placeholder thanks your,4,imc25_english_smish_10194,Smishing-Dataset-IMC25,candidate,Dear Paytm Customer Your <LOCATION> has been hold in <DATE_TIME>'s 100% KYC palace contacts <LOCATION> office Ph: <PHONE_NUMBER> thanks Your Paytm blocks Within <DATE_TIME>
dear user placeholder has been placeholder placeholder placeholder account service will blocked within placeholder ankyou,4,imc25_english_smish_09354,Smishing-Dataset-IMC25,candidate,"Dear User, <LOCATION> has been <URL>ll us@ <PHONE_NUMBER> <URL>r account service will be blocked within <URL>ankyou"
dear user placeholder has been placeholder placeholder placeholder account service will blocked within placeholder ankyou,4,imc25_english_smish_09441,Smishing-Dataset-IMC25,candidate,"Dear user, <LOCATION> has been <URL><DATE_TIME> <URL>r account service will blocked within <URL>ankyou"
dear user placeholder has been placeholder placeholder placeholder account service will blocked within placeholder ankyou,4,imc25_english_smish_09667,Smishing-Dataset-IMC25,candidate,"Dear User, <LOCATION> has been <URL>ll us@ <PHONE_NUMBER> <URL>r account service will blocked within <URL>ankyou"
dear user placeholder has been placeholder placeholder placeholder account service will blocked within placeholder ankyou,4,imc25_english_smish_09743,Smishing-Dataset-IMC25,candidate,"Dear user, <LOCATION> has been <URL>ll us@ <DATE_TIME> <URL>r account service will blocked within <URL>ankyou"
dear paytm customer your paytm kyc has expired contact customer care placeholder immediately your account will block within,4,imc25_english_smish_09404,Smishing-Dataset-IMC25,candidate,Dear paytm customer your paytm kyc has expired contact customer care No- <PHONE_NUMBER> immediately . Your account will block within 24 <URL>ank you paytm team
dear paytm customer your paytm kyc has expired contact customer care placeholder immediately your account will block within,4,imc25_english_smish_09814,Smishing-Dataset-IMC25,candidate,Dear paytm customer your paytm kyc has expired contact customer care No- <PHONE_NUMBER> immediately. Your account will block within 24 <URL>ank you paytm team
dear paytm customer your paytm kyc has expired contact customer care placeholder immediately your account will block within,4,imc25_english_smish_09940,Smishing-Dataset-IMC25,candidate,Dear paytm customer your paytm kyc has expired contact customer care No- <US_BANK_NUMBER> immediately . Your account will block within 24 <URL>ank you paytm team
dear paytm customer your paytm kyc has expired contact customer care placeholder immediately your account will block within,4,imc25_english_smish_10443,Smishing-Dataset-IMC25,candidate,Dear paytm customer your paytm kyc has expired contact customer care No-<PHONE_NUMBER> immediately. Your account will block within 24 <URL>ank you paytm team
dear paytm customer your placeholder has been suspended call paytm office placeholder immediately your account will block within,4,imc25_english_smish_09484,Smishing-Dataset-IMC25,candidate,Dear Paytm customer your <LOCATION> has been suspended. Call Paytm office PH. <PHONE_NUMBER> immediately. Your account will block within <DATE_TIME>. Thank you Paytm team
dear paytm customer your placeholder has been suspended call paytm office placeholder immediately your account will block within,4,imc25_english_smish_09651,Smishing-Dataset-IMC25,candidate,Dear Paytm customer your <LOCATION> has been suspended. Call Paytm office PH. <DATE_TIME> immediately. Your account will block within <DATE_TIME>. Thank you Paytm team
dear paytm customer your placeholder has been suspended call paytm office placeholder immediately your account will block within,4,imc25_english_smish_10175,Smishing-Dataset-IMC25,candidate,Dear Paytm customer your <LOCATION> has been suspended. Call Paytm office PH. <UK_NHS> immediately. Your account will block within <DATE_TIME>. Thank you Paytm team
dear paytm customer your placeholder has been suspended call paytm office placeholder immediately your account will block within,4,imc25_english_smish_10456,Smishing-Dataset-IMC25,candidate,Dear Paytm customer your <LOCATION> has been suspended. Call Paytm office PH. <PHONE_NUMBER> immediately. Your account will block within <DATE_TIME>. Thank you Paytm team Dear Paytm customer your <LOCATION> has been suspended. Call Paytm office PH. <PHONE_NUMBER> immediately. Your account will block within <DATE_TIME>. Thank you Paytm team
dear customer your has been expire placeholder please call customer care placeholder your has been block 24hrs thank,4,imc25_english_smish_09515,Smishing-Dataset-IMC25,candidate,Dear Customer Your P Y T M K C Y has been expire <DATE_TIME> please call customer care no <PHONE_NUMBER> your P Y T M has been block 24hrs THANK YOU P Y T M TEAM
dear customer your has been expire placeholder please call customer care placeholder your has been block 24hrs thank,4,imc25_english_smish_09707,Smishing-Dataset-IMC25,candidate,Dear Customer Your P Y T M K C Y has been expire <DATE_TIME> please call customer care no <US_BANK_NUMBER> your P Y T M has been block 24hrs THANK YOU P Y T M TEAM
dear customer your has been expire placeholder please call customer care placeholder your has been block 24hrs thank,4,imc25_english_smish_10059,Smishing-Dataset-IMC25,candidate,Dear Customer Your P Y T M K C Y has been expire <DATE_TIME> please call customer care no <DATE_TIME> your P Y T M has been block 24hrs THANK YOU P Y T M TEAM
dear customer your has been expire placeholder please call customer care placeholder your has been block 24hrs thank,4,imc25_english_smish_10313,Smishing-Dataset-IMC25,candidate,Dear Customer Your P A Y T M K Y C has been expire <DATE_TIME> please call customer care no <DATE_TIME> your P A Y T M has been block 24hrs THANK YOU P T M TEAM
dear customer your patym kcy has been expire placeholder please call customer care placeholder immediately your patym account,4,imc25_english_smish_09520,Smishing-Dataset-IMC25,candidate,Dear customer Your PATYM KCY has been expire <DATE_TIME> please call customer care no <DATE_TIME> immediately your PATYM account blocked <DATE_TIME> thanks you
dear customer your patym kcy has been expire placeholder please call customer care placeholder immediately your patym account,4,imc25_english_smish_09645,Smishing-Dataset-IMC25,candidate,Dear customer Your PATYM KCY has been expire <DATE_TIME> please call customer care no <PHONE_NUMBER> immediately your PATYM account blocked <DATE_TIME> thanks you
dear customer your patym kcy has been expire placeholder please call customer care placeholder immediately your patym account,4,imc25_english_smish_09857,Smishing-Dataset-IMC25,candidate,Dear customer Your PATYM KCY has been expire <DATE_TIME> please call customer care no <UK_NHS> immediately your PATYM account blocked <DATE_TIME> thanks you
dear customer your patym kcy has been expire placeholder please call customer care placeholder immediately your patym account,4,imc25_english_smish_10174,Smishing-Dataset-IMC25,candidate,Dear Customer Your PATYM KCY has been expire <DATE_TIME> please call customer care no <PHONE_NUMBER> immediately your PATYM account blocked 24hrs THANK YOU
dear customer your ipat kyc has been expired today please call customer care placeholder immediately your ipat account,4,imc25_english_smish_09559,Smishing-Dataset-IMC25,candidate,Dear Customer Your iPAT'YM KYC Has been expired Today Please call Customer care no <US_BANK_NUMBER> immediately Your iPAT'YM Account blocked within <DATE_TIME>. Thank YOU
dear customer your ipat kyc has been expired today please call customer care placeholder immediately your ipat account,4,imc25_english_smish_09654,Smishing-Dataset-IMC25,candidate,Dear Customer Your iPAT'YM KYC Has been expired Today Please call Customer care no <PHONE_NUMBER> immediately Your iPAT'YM Account blocked within <URL>ank YOU
dear customer your ipat kyc has been expired today please call customer care placeholder immediately your ipat account,4,imc25_english_smish_09850,Smishing-Dataset-IMC25,candidate,Dear Customer Your iPAT'YM KYC Has been expired Today Please call Customer care no <PHONE_NUMBER> immediately Your iPAT'YM Account blocked within <DATE_TIME>. Thank YOU
dear customer your ipat kyc has been expired today please call customer care placeholder immediately your ipat account,4,imc25_english_smish_10190,Smishing-Dataset-IMC25,candidate,Dear Customer Your iPAT'YM KYC Has been expired Today Please call Customer care no <US_BANK_NUMBER> immediately Your iPAT'YM Account blocked within <URL>ank YOU
dear paytm customer your kyc has been suspended verified paytm kyc call placeholder immediately your account will blocked,4,imc25_english_smish_09583,Smishing-Dataset-IMC25,candidate,Dear paytm customer your KYC has been suspended. To Verified Paytm KYC call <PHONE_NUMBER> immediately. Your account will be blocked within <DATE_TIME>.
dear paytm customer your kyc has been suspended verified paytm kyc call placeholder immediately your account will blocked,4,imc25_english_smish_09614,Smishing-Dataset-IMC25,candidate,Dear paytm customer your KYC has been suspended. To Verified Paytm KYC call <PHONE_NUMBER> immediately. Your account will be blocked within <DATE_TIME> thank you paytm team.
dear paytm customer your kyc has been suspended verified paytm kyc call placeholder immediately your account will blocked,4,imc25_english_smish_10080,Smishing-Dataset-IMC25,candidate,Dear paytm customer your KYC has been suspended. To Verified Paytm KYC call <US_BANK_NUMBER> immediately. Your account will be blocked within <DATE_TIME>.
dear paytm customer your kyc has been suspended verified paytm kyc call placeholder immediately your account will blocked,4,imc25_english_smish_10614,Smishing-Dataset-IMC25,candidate,Dear paytm customer your KYC has been suspended. To Verified Paytm KYC call <DATE_TIME> immediately. Your account will be blocked within <DATE_TIME>.
dear customer your ytm kyc document has expire placeholder your service will block within placeholder call placeholder immediately,4,imc25_english_smish_10016,Smishing-Dataset-IMC25,candidate,"Dear Customer Your ""P"".YTM KYC (Document) Has Expire <DATE_TIME>. Your Service Will Block Within <DATE_TIME> Call Us <DATE_TIME> Immediately .Thank You"
dear customer your ytm kyc document has expire placeholder your service will block within placeholder call placeholder immediately,4,imc25_english_smish_10331,Smishing-Dataset-IMC25,candidate,"Dear Customer Your ""P""YTM KYC (Document) Has Expire <DATE_TIME>. Your Service Will Block Within <DATE_TIME> Call Us <PHONE_NUMBER> Immediately .Thank You"
dear customer your ytm kyc document has expire placeholder your service will block within placeholder call placeholder immediately,4,imc25_english_smish_18146,Smishing-Dataset-IMC25,candidate,"Dear Customer Your ""P"".""YTM"" [KYC] [Document] Has Expire <DATE_TIME>. Your Service Will Block Within <DATE_TIME> Call Us <PHONE_NUMBER> Immediately .Thank You"
dear customer your ytm kyc document has expire placeholder your service will block within placeholder call placeholder immediately,4,imc25_english_smish_18184,Smishing-Dataset-IMC25,candidate,"Dear Customer Your ""P"".YTM KYC (Document) Has Expire <DATE_TIME>. Your Service Will Block Within <DATE_TIME> Call Us <PHONE_NUMBER> Immediately .Thank You"
dear customer your kotak credit card points worth inr placeholder expired placeholder kindly redeem your points cash click,4,imc25_english_smish_10039,Smishing-Dataset-IMC25,candidate,Dear customer your Kotak credit card points worth INR <OTP> expired by <DATE_TIME>. Kindly redeem your points in cash by click here
dear customer your kotak credit card points worth inr placeholder expired placeholder kindly redeem your points cash click,4,imc25_english_smish_10473,Smishing-Dataset-IMC25,candidate,Dear customer your Kotak credit card points worth INR <OTP> expired by <DATE_TIME>. Kindly redeem your points in cash by click here <URL>
dear customer your kotak credit card points worth inr placeholder expired placeholder kindly redeem your points cash click,4,imc25_english_smish_10651,Smishing-Dataset-IMC25,candidate,Dear customer your Kotak credit card points worth INR <OTP> expired by <DATE_TIME>. Kindly redeem your points in cash by click here <LOCATION>
dear customer your kotak credit card points worth inr placeholder expired placeholder kindly redeem your points cash click,4,imc25_english_smish_11481,Smishing-Dataset-IMC25,candidate,Dear Customer Your Kotak Credit Card Points Worth INR <OTP> expired by <DATE_TIME>. Kindly redeem Your Points in Cash By Click Here <DATE_TIME>
dear pytm customer your pytm kyc has expired contact customer care placeholder imme diately your account will block,4,imc25_english_smish_10286,Smishing-Dataset-IMC25,candidate,Dear PYTM customer your Pytm KYC has expired. Contact customer care <LOCATION> imme-diately. your account will Block within <DATE_TIME>. Thank you PYTM TEAM Dear PYTM customer your Pytm KYC has expired. Contact customer care No-<PHONE_NUMBER> imme-diately. your account will Block within <DATE_TIME>. Thank you PYTM TEAM
dear pytm customer your pytm kyc has expired contact customer care placeholder imme diately your account will block,4,imc25_english_smish_10649,Smishing-Dataset-IMC25,candidate,Dear PYTM customer your Pytm KYC has expired. Contact customer care <LOCATION> imme-diately. your account will Block within <DATE_TIME>. Thank you PYTM TEAM
dear pytm customer your pytm kyc has expired contact customer care placeholder imme diately your account will block,4,imc25_english_smish_10702,Smishing-Dataset-IMC25,candidate,"Dear PYTM customer your Pytm KYC has expired. Contact customer care No-<US_BANK_NUMBER> imme-diately, your account will Block within <DATE_TIME>. Thank you PYTM TEAM"
dear pytm customer your pytm kyc has expired contact customer care placeholder imme diately your account will block,4,imc25_english_smish_10703,Smishing-Dataset-IMC25,candidate,Dear PYTM customer your Pytm KYC has expired. Contact customer care No- <UK_NHS> imme-diately. your account will Block within <DATE_TIME> he. Thank you PYTM TEAM
you just sent number placeholder btc number number confirmations please visit placeholder within placeholder you need cancel,4,imc25_english_smish_10578,Smishing-Dataset-IMC25,candidate,You just sent 0.<PHONE_NUMBER> BTC(0/26 confirmations). Please visit <URL> within <DATE_TIME> if you need to cancel.
you just sent number placeholder btc number number confirmations please visit placeholder within placeholder you need cancel,4,imc25_english_smish_14688,Smishing-Dataset-IMC25,candidate,You just sent 0.<US_BANK_NUMBER> BTC(0/28 confirmations). Please visit <URL> within <DATE_TIME> if you need to cancel.
you just sent number placeholder btc number number confirmations please visit placeholder within placeholder you need cancel,4,imc25_english_smish_17937,Smishing-Dataset-IMC25,candidate,You just sent 0.<US_DRIVER_LICENSE> BTC(0/26 confirmations). Please visit <URL> within <DATE_TIME> if you need to cancel.
you just sent number placeholder btc number number confirmations please visit placeholder within placeholder you need cancel,4,imc25_english_smish_18464,Smishing-Dataset-IMC25,candidate,You just sent 0.<US_DRIVER_LICENSE> BTC(0/20 confirmations). Please visit <URL> within <DATE_TIME> if you need to cancel.
dear sbi user your sbi yono account will block placeholder ease click here link update your pan card,4,imc25_english_smish_10766,Smishing-Dataset-IMC25,candidate,Dear SBI user your SBI YONO Account will be block <URL>ease click here link update your PAN CARD Number. Thank you
dear sbi user your sbi yono account will block placeholder ease click here link update your pan card,4,imc25_english_smish_10782,Smishing-Dataset-IMC25,candidate,Dear SBI user your SBI YONO Account will be block <URL>ease click here link update your PAN CARD Number. Thank You SBI
dear sbi user your sbi yono account will block placeholder ease click here link update your pan card,4,imc25_english_smish_11834,Smishing-Dataset-IMC25,candidate,Dear SBI user your SBI YONO Account will be block <URL>ease click here link update your PAN CARD Number. Thank you SBI.
dear sbi user your sbi yono account will block placeholder ease click here link update your pan card,4,imc25_english_smish_13531,Smishing-Dataset-IMC25,candidate,Dear sbi user your sbi yono account will be block <URL>ease click here link update your pan card Number. thank you sbi <URL>
dear sbi user your sbi yono account has been blocked please reset your pan card click here login,4,imc25_english_smish_10821,Smishing-Dataset-IMC25,candidate,Dear SBI user your SBI YONO Account has been blocked please reset your PAN CARD click here to login your PAN number: <URL>
dear sbi user your sbi yono account has been blocked please reset your pan card click here login,4,imc25_english_smish_11609,Smishing-Dataset-IMC25,candidate,Dear SBI user your SBI YONO Account has been blocked please reset your PAN CARD click here to login your profile please enter your PAN number: <URL>
dear sbi user your sbi yono account has been blocked please reset your pan card click here login,4,imc25_english_smish_11971,Smishing-Dataset-IMC25,candidate,Dear SBI user your SBI YONO Account has been blocked please reset your PAN CARD click here to login your PAN number:<URL>
dear sbi user your sbi yono account has been blocked please reset your pan card click here login,4,imc25_english_smish_12392,Smishing-Dataset-IMC25,candidate,Dear SBI user your SBI YONO Account has been blocked please reset your PAN CARD click here to login your previous user ID and password: <URL>
dear customer your sbi account has been blocked due kyc update within placeholder please contact customer care placeholder,4,imc25_english_smish_10829,Smishing-Dataset-IMC25,candidate,Dear customer your SBI account has been blocked due to KYC update within <DATE_TIME> please contact customer care <US_BANK_NUMBER> to continue your service. Thank you
dear customer your sbi account has been blocked due kyc update within placeholder please contact customer care placeholder,4,imc25_english_smish_11085,Smishing-Dataset-IMC25,candidate,Dear customer your SBI account has been blocked due to KYC Update within <DATE_TIME>. Please contact Customer care <PHONE_NUMBER> to continue your service. Thank you
dear customer your sbi account has been blocked due kyc update within placeholder please contact customer care placeholder,4,imc25_english_smish_12835,Smishing-Dataset-IMC25,candidate,Dear customer your SBI account has been blocked due to KYC update within <DATE_TIME> please contact customer care <PHONE_NUMBER> to continue your service. Thank you
dear customer your sbi account has been blocked due kyc update within placeholder please contact customer care placeholder,4,imc25_english_smish_13369,Smishing-Dataset-IMC25,candidate,Dear customer your SBI account has been blocked due to KYC update within <DATE_TIME> please contact customer care <DATE_TIME> to continue your service. Thank you
dear sbi user your sbi yono account has been blocked please login your pan card click here unlock,4,imc25_english_smish_10866,Smishing-Dataset-IMC25,candidate,Dear SBI user your SBI YONO Account has been blocked please login to your PAN CARD click here to unlock your PAN number: <URL>
dear sbi user your sbi yono account has been blocked please login your pan card click here unlock,4,imc25_english_smish_10894,Smishing-Dataset-IMC25,candidate,Dear SBI user your SBI YONO Account has been blocked please login your PAN CARD click here to unlock your PAN number: <URL>
dear sbi user your sbi yono account has been blocked please login your pan card click here unlock,4,imc25_english_smish_11351,Smishing-Dataset-IMC25,candidate,Dear SBI user your SBI YONO Account has been blocked please login to your PAN CARD click here to unlock your PAN number: <LOCATION>
dear sbi user your sbi yono account has been blocked please login your pan card click here unlock,4,imc25_english_smish_11617,Smishing-Dataset-IMC25,candidate,Dear SBI user your SBI YONO Account has been blocked please login your PAN CARD click here to unlock your account: <URL>
dear sbi user your sbi yono account has been blocked please login your pan card click here login,4,imc25_english_smish_10896,Smishing-Dataset-IMC25,candidate,Dear SBI user your SBI YONO Account has been blocked please login your PAN CARD click here to login your PAN number: <URL>
dear sbi user your sbi yono account has been blocked please login your pan card click here login,4,imc25_english_smish_12343,Smishing-Dataset-IMC25,candidate,Dear SBI user your SBI YONO Account has been blocked please login your PAN CARD click here to login your PAN number: <NRP>
dear sbi user your sbi yono account has been blocked please login your pan card click here login,4,imc25_english_smish_12436,Smishing-Dataset-IMC25,candidate,Dear SBI user your SBI YONO Account has been blocked please login your PAN CARD click here to login your PAN number: <URL> SBI Online
dear sbi user your sbi yono account has been blocked please login your pan card click here login,4,imc25_english_smish_12862,Smishing-Dataset-IMC25,candidate,Dear SBI user your SBI YONO Account has been blocked please login to your PAN CARD click here to login your PAN number: <URL>
dear sbi user your sbi yono account has been blocked because please verify your pan card click here,4,imc25_english_smish_11006,Smishing-Dataset-IMC25,candidate,Dear SBI user your SBI YONO Account has been blocked because please verify your PAN CARD click here to login your PAN number: <NAMED_ENTITY>
dear sbi user your sbi yono account has been blocked because please verify your pan card click here,4,imc25_english_smish_11823,Smishing-Dataset-IMC25,candidate,Dear SBI user your SBI YONO Account has been blocked because please verify your PAN CARD click here to login your PAN number: <URL>
dear sbi user your sbi yono account has been blocked because please verify your pan card click here,4,imc25_english_smish_12086,Smishing-Dataset-IMC25,candidate,Dear SBI user your SBI YONO Account has been blocked because please verify your PAN CARD click here to login your PAN number: <URL>wzC
dear sbi user your sbi yono account has been blocked because please verify your pan card click here,4,imc25_english_smish_12481,Smishing-Dataset-IMC25,candidate,Dear SBI user your SBI YONO Account has been blocked because please verify your PAN CARD click here to login your verified PAN number <URL>
dear sbi user your sbi yono account has been blocked please clear your pan card click here login,4,imc25_english_smish_11132,Smishing-Dataset-IMC25,candidate,Dear SBI user your SBI YONO Account has been blocked please clear your PAN CARD click here to login your PAN number: <LOCATION>
dear sbi user your sbi yono account has been blocked please clear your pan card click here login,4,imc25_english_smish_11288,Smishing-Dataset-IMC25,candidate,Dear SBI user your SBI YONO Account has been blocked please clear your PAN CARD click here to login your PAN number: <URL>
dear sbi user your sbi yono account has been blocked please clear your pan card click here login,4,imc25_english_smish_12210,Smishing-Dataset-IMC25,candidate,Dear SBI user your SBI YONO Account has been blocked please clear your PAN CARD click here to login your PAN number <URL>
dear sbi user your sbi yono account has been blocked please clear your pan card click here login,4,imc25_english_smish_12775,Smishing-Dataset-IMC25,candidate,Dear SBI user your SBI YONO Account has been blocked please clear your PAN CARD click here to login your new PAN number: <URL>
dear sbi user your sbi yono account has been blocked please unblock your pan card click here login,4,imc25_english_smish_11382,Smishing-Dataset-IMC25,candidate,Dear SBI user your SBI YONO Account has been blocked please unblock your PAN CARD click here to login your PAN number: <URL>
dear sbi user your sbi yono account has been blocked please unblock your pan card click here login,4,imc25_english_smish_11491,Smishing-Dataset-IMC25,candidate,Dear SBI user your SBI YONO Account has been blocked please unblock your PAN CARD click here to login your verified PAN number: <URL>
dear sbi user your sbi yono account has been blocked please unblock your pan card click here login,4,imc25_english_smish_11820,Smishing-Dataset-IMC25,candidate,Dear SBI user your SBI YONO Account has been blocked please unblock your PAN CARD click here to login your valid PAN number: <URL>
dear sbi user your sbi yono account has been blocked please unblock your pan card click here login,4,imc25_english_smish_12400,Smishing-Dataset-IMC25,candidate,Dear SBI user your SBI YONO Account has been blocked please unblock your PAN CARD click here to login your PAN number. <URL>
dear sbi customer your account has been blocked due kyc updated within placeholder placeholder ease contact customer care,4,imc25_english_smish_11422,Smishing-Dataset-IMC25,candidate,Dear SBI customer your account has been blocked due to KYC Updated within <DATE_TIME><URL>ease contact customer care <DATE_TIME> to continue your serviceThank you
dear sbi customer your account has been blocked due kyc updated within placeholder placeholder ease contact customer care,4,imc25_english_smish_12316,Smishing-Dataset-IMC25,candidate,Dear SBI customer your account has been blocked due to KYC Updated within <DATE_TIME><URL>ease contact customer care <UK_NHS> to con to continue your serviceThank you
dear sbi customer your account has been blocked due kyc updated within placeholder placeholder ease contact customer care,4,imc25_english_smish_12431,Smishing-Dataset-IMC25,candidate,Dear SBI customer your account has been blocked due to KYC Updated within <DATE_TIME><URL>ease contact customer care <PHONE_NUMBER> to con to continue your serviceThank you
dear sbi customer your account has been blocked due kyc updated within placeholder placeholder ease contact customer care,4,imc25_english_smish_13110,Smishing-Dataset-IMC25,candidate,Dear SBI customer your account has been blocked due to KYC Updated within <DATE_TIME><URL>ease contact customer care <US_BANK_NUMBER> to continue your serviceThank you
dear sbi user your sbi yono account has been blocked please reload your pan card click here login,4,imc25_english_smish_11545,Smishing-Dataset-IMC25,candidate,Dear SBI user your SBI YONO Account has been blocked please reload your PAN CARD click here to login your PAN number: <URL>
dear sbi user your sbi yono account has been blocked please reload your pan card click here login,4,imc25_english_smish_11709,Smishing-Dataset-IMC25,candidate,Dear SBI user your SBI YONO Account has been blocked please reload your PAN CARD click here to login your name and password. your PAN number: <URL>
dear sbi user your sbi yono account has been blocked please reload your pan card click here login,4,imc25_english_smish_11775,Smishing-Dataset-IMC25,candidate,Dear SBI user your SBI YONO Account has been blocked please reload your PAN CARD click here to login your number: <URL>
dear sbi user your sbi yono account has been blocked please reload your pan card click here login,4,imc25_english_smish_12046,Smishing-Dataset-IMC25,candidate,Dear SBI user your SBI YONO Account has been blocked please reload your PAN CARD click here to login your panel number is: <URL>
hsbc alert request for new payee placeholder has been made your account this was not done you visit,4,imc25_english_smish_11695,Smishing-Dataset-IMC25,candidate,"HSBC ALERT: Request for NEW payee MR A <NAMED_ENTITY> has been made on your account. If this was NOT done by you, visit: <URL>"
hsbc alert request for new payee placeholder has been made your account this was not done you visit,4,imc25_english_smish_12613,Smishing-Dataset-IMC25,candidate,"HSBC ALERT: Request for NEW payee <NAMED_ENTITY> has been made on your account. If this was NOT done BY you, visit:"
hsbc alert request for new payee placeholder has been made your account this was not done you visit,4,imc25_english_smish_12770,Smishing-Dataset-IMC25,candidate,"HSBC ALERT: Request for NEW payee MR <NAMED_ENTITY> has been made on your account. If this was NOT done by you, visit: <URL>"
hsbc alert request for new payee placeholder has been made your account this was not done you visit,4,imc25_english_smish_12843,Smishing-Dataset-IMC25,candidate,"HSBC ALERT: Request for NEW payee <NAMED_ENTITY> has been made on your account. If this was NOT done by you, visit: <URL>"
wish inform you that debit transaction occurred your account with the details this transaction are shown below transaction,4,imc25_english_smish_11805,Smishing-Dataset-IMC25,candidate,"We wish to inform you that a Debit transaction occurred on your account with us. The details of this transaction are shown below: Transaction Notification, Account Number: <US_BANK_NUMBER>, Transaction Location: LASU BRANCH, Amount: 68.00, Value Date: <DATE_TIME>, Remarks: SMS ALERT CHARGE FOR 21DEC2020-21JAN2021, The balances on this account as at 23:32 are as follows; Current Balance: 2,280.17, Available Balance: 2,280.17."
wish inform you that debit transaction occurred your account with the details this transaction are shown below transaction,4,imc25_english_smish_11968,Smishing-Dataset-IMC25,candidate,We wish to inform you that a Debit transaction occurred on your account with us. The details of this transaction are shown below: Transaction Notification Account Number: Transaction Location: AJAH Description: Amount: 16.00 Value Date: <DATE_TIME> Remarks: SMS ALERT CHARGE FOR 21DEC2020-21JAN2021
wish inform you that debit transaction occurred your account with the details this transaction are shown below transaction,4,imc25_english_smish_12020,Smishing-Dataset-IMC25,candidate,"We wish to inform you that a Debit transaction occurred on your account with us. The details of this transaction are shown below: Transaction Notification Account Number : <PHONE_NUMBER> Transaction Location : LASU BRANCH Description : Amount : 32.00 Value Date : <DATE_TIME> Remarks : SMS ALERT CHARGE FOR 22JAN2021-18FEB2021 Time of Transaction : 23:32 Document Number : 31 The balances on this account as at 23:32 are as follows; Current Balance : 2,280.17 Available Balance : 2,280.17 The privacy and security of your Bank Account details is important to us. If you would prefer that we do not display your account balance in every transaction alert sent to you via email please dial *737*51*<DATE_TIME>."
wish inform you that debit transaction occurred your account with the details this transaction are shown below transaction,4,imc25_english_smish_12055,Smishing-Dataset-IMC25,candidate,"We wish to inform you that a Debit transaction occurred on your account with us. The details of this transaction are shown below: Transaction Notification Account Number : <US_BANK_NUMBER> Transaction Location : LASU BRANCH Description : Amount : 424.00 Value Date : <DATE_TIME> Remarks : SMS ALERT CHARGE FOR <DATE_TIME> Time of Transaction : <DATE_TIME> : 26 The balances on this account as at 23:32 are as follows; Current Balance : 2,280.17 Available Balance : 2,280.17 The privacy and security of your Bank Account details is important to us. If you would prefer that we do not display your account balance in every transaction alert sent to you via email please dial *737*51*<DATE_TIME>. Thank you for choosing Guaranty Trust Bank plc."
dear sbi user your will blocked today update your pancard for placeholder rify your account login netbanking kyc,4,imc25_english_smish_13138,Smishing-Dataset-IMC25,candidate,"DEAR SBI USER, Your A/C will be blocked today.update your PANCARD for <URL>rify your account login NetBanking kyc upload Click <URL>"
dear sbi user your will blocked today update your pancard for placeholder rify your account login netbanking kyc,4,imc25_english_smish_13187,Smishing-Dataset-IMC25,candidate,"DEAR SBI USER, Your A/C will be blocked today.update your PANCARD for <URL>rify your account login NetBanking kyc upload Click here."
dear sbi user your will blocked today update your pancard for placeholder rify your account login netbanking kyc,4,imc25_english_smish_14465,Smishing-Dataset-IMC25,candidate,"DEAR SBI USER, Your A/C will be blocked today.update your PANCARD for <URL>rify your account login NetBanking kyc upload Click"
dear sbi user your will blocked today update your pancard for placeholder rify your account login netbanking kyc,4,imc25_english_smish_14641,Smishing-Dataset-IMC25,candidate,"DEAR SBI USER, Your A/C will be blocked today.update your PANCARD for <URL>rify your account login NetBanking kyc upload Click here. <URL>"
shipped your amazon package with number loyalty reward will delivered sat placeholder placeholder,4,imc25_english_smish_15040,Smishing-Dataset-IMC25,candidate,"Shipped: Your Amazon package with $102 loyalty reward will be delivered Sat, <DATE_TIME> <LOCATION>."
shipped your amazon package with number loyalty reward will delivered sat placeholder placeholder,4,imc25_english_smish_15042,Smishing-Dataset-IMC25,candidate,"Shipped: Your Amazon package with $103 loyalty reward will be delivered Sat, <DATE_TIME> <NAMED_ENTITY>"
shipped your amazon package with number loyalty reward will delivered sat placeholder placeholder,4,imc25_english_smish_15051,Smishing-Dataset-IMC25,candidate,"Shipped: Your Amazon package with $100 loyalty reward will be delivered Sat, <DATE_TIME> <URL>"
shipped your amazon package with number loyalty reward will delivered sat placeholder placeholder,4,imc25_english_smish_15087,Smishing-Dataset-IMC25,candidate,"Shipped: Your Amazon package with $103 loyalty reward will be delivered Sat, <DATE_TIME> <NAMED_ENTITY>."
invitation interview dear applicant would like invite you come and attend interview position admin clerk date placeholder venue,4,imc25_english_smish_16075,Smishing-Dataset-IMC25,candidate,"INVITATION TO AN INTERVIEW. Dear applicant, we would like to invite you to come and attend an interview. POSITION: ADMIN CLERK DATE: <DATE_TIME> VENUE: CITY OF TSHWANE METROPOLITAN MUNICIPALITY TIME: 10:30 NB: Please call your HR co-ordinator MR <NAMED_ENTITY> at <DATE_TIME> to confirm your bookings <DATE_TIME> not later than <DATE_TIME>. Kind regards City Of Tshwane Metropolitan Municipality HR department."
invitation interview dear applicant would like invite you come and attend interview position admin clerk date placeholder venue,4,imc25_english_smish_16416,Smishing-Dataset-IMC25,candidate,"INVITATION TO AN INTERVIEW. Dear applicant, we would like to invite you to come and attend an interview. POSITION: ADMIN CLERK DATE:<DATE_TIME> VENUE: CITY OF TSHWANE METROPOLITAN MUNICIPALITY TIME:10:30 NB: Please call your HR co-ordinator MR <NAMED_ENTITY> at <PHONE_NUMBER> to confirm your bookings <DATE_TIME> not later than <DATE_TIME>. Kind regards City Of Tshwane Metropolitan Municipality HR department."
invitation interview dear applicant would like invite you come and attend interview position admin clerk date placeholder venue,4,imc25_english_smish_16704,Smishing-Dataset-IMC25,candidate,"INVITATION TO AN INTERVIEW. Dear applicant, we would like to invite you to come and attend an interview. POSITION: ADMIN CLERK DATE: <DATE_TIME> VENUE: CITY OF TSHWANE METROPOLITAN MUNICIPALITY TIME: <DATE_TIME> NB: Please call your HR co-ordinator MR <NAMED_ENTITY> at <PHONE_NUMBER> to confirm your bookings <DATE_TIME>."
invitation interview dear applicant would like invite you come and attend interview position admin clerk date placeholder venue,4,imc25_english_smish_16918,Smishing-Dataset-IMC25,candidate,"INVITATION TO AN INTERVIEW. Dear applicant, we would like to invite you to come and attend an interview. POSITION: ADMIN CLERK DATE: <DATE_TIME> VENUE: EMFULENI LOCAL MUNICIPALITY TIME: 10:30 NB: Please call your HR co-ordinator MR <NAMED_ENTITY> at <PHONE_NUMBER> to confirm your bookings <DATE_TIME> not later than <DATE_TIME>. Kind regards Emfuleni Local Municipality HR department."
your one time password placeholder this code placeholder placeholder dubai police will never call you ask about this,4,imc25_english_smish_16429,Smishing-Dataset-IMC25,candidate,Your one time password is <OTP>. This code <OTP> in <DATE_TIME>. Dubai Police will never call you to ask about this code. DO NOT SHARE THIS CODE <OTP> ANYONE. Your one time password is <OTP>. This code <OTP> in <DATE_TIME>. Dubai Police will never call you to ask about this code. DO NOT SHARE THIS CODE <OTP> ANYONE. Your one time password is <DATE_TIME>. This code <OTP> in <DATE_TIME>. Dubai Police will never call you to ask about this code. DO NOT SHARE THIS CODE <OTP> ANYONE.
your one time password placeholder this code placeholder placeholder dubai police will never call you ask about this,4,imc25_english_smish_16435,Smishing-Dataset-IMC25,candidate,Your one time password is <OTP>. This code <OTP> in <DATE_TIME>. Dubai Police will never call you to ask about this code. DO NOT SHARE THIS CODE <OTP> ANYONE. Your one time password is <DATE_TIME>. This code <OTP> in <DATE_TIME>. Dubai Police will never call you to ask about this code. DO NOT SHARE THIS CODE <OTP> ANYONE. Your one time password is <OTP>. This code <OTP> in <DATE_TIME>.
your one time password placeholder this code placeholder placeholder dubai police will never call you ask about this,4,imc25_english_smish_16460,Smishing-Dataset-IMC25,candidate,Your one time password is <DATE_TIME>. This code <OTP> in <DATE_TIME>. Dubai Police will never call you to ask about this code. DO NOT SHARE THIS CODE <OTP> ANYONE.
your one time password placeholder this code placeholder placeholder dubai police will never call you ask about this,4,imc25_english_smish_16501,Smishing-Dataset-IMC25,candidate,Your one time password is <OTP>. This code <OTP> in <DATE_TIME>. Dubai Police will never call you to ask about this code. DO NOT SHARE THIS CODE <OTP> ANYONE. Your one time password is <OTP>. This code <OTP> in <DATE_TIME>. Dubai Police will never call you to ask about this code. DO NOT SHARE THIS CODE <OTP> ANYONE.
dear customer your electricity power will disconnected placeholder placeholder from electricity officer your placeholder bill was not update,4,imc25_english_smish_16782,Smishing-Dataset-IMC25,candidate,Dear customer your Electricity power will be disconnected. <DATE_TIME> at <DATE_TIME> from electricity officer your <DATE_TIME> bill was not update Please immediately contact with electricity officer <PHONE_NUMBER> Thanks and send payment photo
dear customer your electricity power will disconnected placeholder placeholder from electricity officer your placeholder bill was not update,4,imc25_english_smish_16803,Smishing-Dataset-IMC25,candidate,Dear customer your Electricity power will be disconnected. <DATE_TIME> at <DATE_TIME> from electricity officer your <DATE_TIME> bill was not update Please immediately contact with electricity officer <UK_NHS> Thanks and send payment photo
dear customer your electricity power will disconnected placeholder placeholder from electricity officer your placeholder bill was not update,4,imc25_english_smish_16875,Smishing-Dataset-IMC25,candidate,Dear customer your Electricity power will be disconnected. <DATE_TIME> at <DATE_TIME> from electricity officer your <DATE_TIME> bill was not update Please immediately contact with electricity officer <PHONE_NUMBER> Thanks you. Or send payment photo
dear customer your electricity power will disconnected placeholder placeholder from electricity officer your placeholder bill was not update,4,imc25_english_smish_19250,Smishing-Dataset-IMC25,candidate,Dear customer your Electricity power will be disconnected. <DATE_TIME> at <DATE_TIME> from electricity officer your <DATE_TIME> bill was not update Please immediately contact with electricity officer <PHONE_NUMBER> Thanks
dear winner your whats app has won number crore number lakh the whatsapp global award placeholder claim send,4,imc25_english_smish_17522,Smishing-Dataset-IMC25,candidate,"DEAR WINNER,YOUR WHATS-APP NO HAS WON RS. 2 CRORE 75 LAKH IN THE WHATSAPP GLOBAL AWARD <URL>R CLAIM,SEND NAME:ADD:MOB NO:JOB:AGE:TO:"
dear winner your whats app has won number crore number lakh the whatsapp global award placeholder claim send,4,imc25_english_smish_17661,Smishing-Dataset-IMC25,candidate,"DEAR WINNER,YOUR WHATS-APP NO HAS WON RS. 2 CRORE 75 LAKH IN THE WHATSAPP GLOBAL AWARD <URL>R CLAIM,SEND NAME:ADD:MOB NO:OCCUPATN:AGE:TO:<EMAIL_ADDRESS>, <DATE_TIME>, <DATE_TIME>"
dear winner your whats app has won number crore number lakh the whatsapp global award placeholder claim send,4,imc25_english_smish_17664,Smishing-Dataset-IMC25,candidate,"DEAR WINNER,YOUR WHATS-APP NO HAS WON RS. 2 CRORE 75 LAKH IN THE WHATSAPP GLOBAL AWARD <URL>R CLAIM,SEND NAME:ADD:MOB NO:OCCUPATN:AGE:TO:<EMAIL_ADDRESS>"
dear winner your whats app has won number crore number lakh the whatsapp global award placeholder claim send,4,imc25_english_smish_17772,Smishing-Dataset-IMC25,candidate,"DEAR WINNER,YOUR WHATS-APP NO HAS WON RS. 2 CRORE 75 LAKH IN THE WHATSAPP GLOBAL AWARD <URL>R CLAIM,SEND NAME:ADD:MOB NO:OCCUPATN:AGE:TO:"
sms alert fee number number placeholder,4,imc25_english_smish_17879,Smishing-Dataset-IMC25,candidate,SMS Alert Fee-24/08-<DATE_TIME>
sms alert fee number number placeholder,4,imc25_english_smish_18324,Smishing-Dataset-IMC25,candidate,SMS Alert Fee-24/01-<DATE_TIME>
sms alert fee number number placeholder,4,imc25_english_smish_18366,Smishing-Dataset-IMC25,candidate,SMS Alert Fee-24/11-<DATE_TIME>
sms alert fee number number placeholder,4,imc25_english_smish_18780,Smishing-Dataset-IMC25,candidate,SMS Alert Fee-24/02-<DATE_TIME>
dear consumer your electricity power will disconnected placeholder from electricity office because your placeholder bill was not update,4,imc25_english_smish_19049,Smishing-Dataset-IMC25,candidate,Dear Consumer Your Electricity power will disconnected <DATE_TIME> from electricity office because your <DATE_TIME> bill was not update. Please contact immediatel with electricity officer <PHONE_NUMBER> Thank you. WebexDetailsConferenceCodeRegardsWiproCIOServiceNowTeam
dear consumer your electricity power will disconnected placeholder from electricity office because your placeholder bill was not update,4,imc25_english_smish_19273,Smishing-Dataset-IMC25,candidate,Dear Consumer Your Electricity power will disconnected <DATE_TIME> from electricity office because your <DATE_TIME> bill was not update. Please contact immediatley with electricity officer <PHONE_NUMBER> Thank you. WebexDetailsConference CodeRegardsWiproCIOServiceNowTeam
dear consumer your electricity power will disconnected placeholder from electricity office because your placeholder bill was not update,4,imc25_english_smish_19421,Smishing-Dataset-IMC25,candidate,Dear Consumer Your Electricity power will disconnected <DATE_TIME> from electricity office because your <DATE_TIME> bill was not update. Please contact immediately with electricity officer <PHONE_NUMBER> Thank you. WebexDetailsConferenceCodeRegardsWiproCIOServiceNowTeam
dear consumer your electricity power will disconnected placeholder from electricity office because your placeholder bill was not update,4,imc25_english_smish_19567,Smishing-Dataset-IMC25,candidate,Dear Consumer Your Electricity Power will be Disconnected <DATE_TIME> from electricity office because your <DATE_TIME> bill was not update please immediately contact with our electricity officer <PHONE_NUMBER> Thank you
buy online number off luxury items sale ends placeholder,4,imc25_english_smish_19948,Smishing-Dataset-IMC25,candidate,BUY ONLINE: 30% OFF LUXURY ITEMS SALE ENDS <DATE_TIME>
buy online number off luxury items sale ends placeholder,4,imc25_english_smish_19958,Smishing-Dataset-IMC25,candidate,BUY ONLINE! 30% OFF LUXURY ITEMS SALE ENDS <DATE_TIME>
buy online number off luxury items sale ends placeholder,4,imc25_english_smish_19968,Smishing-Dataset-IMC25,candidate,BUY ONLINE 30% OFF LUXURY ITEMS! SALE ENDS <DATE_TIME>!
buy online number off luxury items sale ends placeholder,4,imc25_english_smish_19970,Smishing-Dataset-IMC25,candidate,BUY ONLINE 30% OFF LUXURY ITEMS SALE ENDS <DATE_TIME>
jake last chance get number off your purchase valid until placeholder claim your discount here,4,imc25_english_smish_20120,Smishing-Dataset-IMC25,candidate,"Hi Jake, Last chance to get 50% off your purchase valid until <DATE_TIME>. Claim your discount here:"
jake last chance get number off your purchase valid until placeholder claim your discount here,4,imc25_english_smish_20166,Smishing-Dataset-IMC25,candidate,"Hi Jake, Last chance to get 40% off your purchase. Valid until <DATE_TIME>. Claim your discount here:"
jake last chance get number off your purchase valid until placeholder claim your discount here,4,imc25_english_smish_20167,Smishing-Dataset-IMC25,candidate,"Hi Jake, Last chance to get 50% off your purchase. Valid until <DATE_TIME>. Claim your discount here:"
jake last chance get number off your purchase valid until placeholder claim your discount here,4,imc25_english_smish_20185,Smishing-Dataset-IMC25,candidate,"Hi Jake, Last chance to get 60% off your purchase. Valid until <DATE_TIME>. Claim your discount here:"
spammers you need the best tools deliver high quality results for your spam spam friendly services running smooth,4,imc25_english_smish_20126,Smishing-Dataset-IMC25,candidate,"SPAMMERS, do you need the best tools to deliver high quality results for your spam? Spam friendly services running smooth as ever Muni-hosting(.)com - FastFlux hosting services for your anonymous hosting Thesmsbandits(.)com - Your spam friendly <LOCATION>, BTC top ups providing high delivery rates Message me for a discount on your first purchase of web hosting from us"
spammers you need the best tools deliver high quality results for your spam spam friendly services running smooth,4,imc25_english_smish_20127,Smishing-Dataset-IMC25,candidate,"SPAMMERS, do you need the best tools to deliver high quality results for your spam? Spam friendly services running smooth as ever Muni-hosting(.)com - FastFlux hosting services for your anonymous hosting Themsbandits(.)com - Your spam friendly <LOCATION>, BTC top ups providing high delivery rates Message me for a discount on your first purchase of web hosting from us"
spammers you need the best tools deliver high quality results for your spam spam friendly services running smooth,4,imc25_english_smish_20183,Smishing-Dataset-IMC25,candidate,"SPAMMERS, do you need the best tools to deliver high quality results for your spam? Spam friendly services running smooth as ever Muni-hosting(.)com - FastFlux hosting services for your anonymous hosting Thesmbandits(.)com - Your spam friendly <LOCATION>, BTC top ups providing high delivery rates Message me for a discount on your first purchase of web hosting from us"
spammers you need the best tools deliver high quality results for your spam spam friendly services running smooth,4,imc25_english_smish_20204,Smishing-Dataset-IMC25,candidate,"SPAMMERS, do you need the best tools to deliver high quality results for your spam? Spam friendly services running smooth as ever Muni-hosting(.)com - FastFlux hosting services for your anonymous hosting The smsbidants(.)com - Your spam friendly <LOCATION>, BTC top ups providing high delivery rates Message me for a discount on your first purchase of web hosting from us"
dear airtel user your sim has been closed placeholder please update your sim call placeholder immediately your sim,4,imc25_english_smish_20988,Smishing-Dataset-IMC25,candidate,Dear Airtel user. Your SIM Has been closed <DATE_TIME>. Please Update Your SIM. call us at <DATE_TIME> immediately. Your sim will be blocked within Sometimes.
dear airtel user your sim has been closed placeholder please update your sim call placeholder immediately your sim,4,imc25_english_smish_21171,Smishing-Dataset-IMC25,candidate,Dear Airtel user. Your SIM Has been closed <DATE_TIME> please update Your SIM call us at <DATE_TIME> immediately Your sim is will be blocked within <DATE_TIME> thank you
dear airtel user your sim has been closed placeholder please update your sim call placeholder immediately your sim,4,imc25_english_smish_21223,Smishing-Dataset-IMC25,candidate,Dear Airtel user. Your SIM Has been closed <DATE_TIME>. Please Update Your SIM. call us at <LOCATION> immediately. Your sim will be blocked within Sometimes.
dear airtel user your sim has been closed placeholder please update your sim call placeholder immediately your sim,4,imc25_english_smish_21367,Smishing-Dataset-IMC25,candidate,Dear Airtel user. Your SIM Has been closed <DATE_TIME> please update Your SIM call us at <DATE_TIME> immediately Your sim Service will be STOP-in <DATE_TIME> thank you
really sorry wasting time just want ask for small help don mind need this free xbox game pass,3,imc25_english_smish_00215,Smishing-Dataset-IMC25,needs_review,i'm really sorry if i'm wasting ur time i just want to ask u for a small help if u don't mind i need this free xbox game pass code <OTP> discord gifts if u don't need it 💕
really sorry wasting time just want ask for small help don mind need this free xbox game pass,3,imc25_english_smish_00494,Smishing-Dataset-IMC25,needs_review,i'm really sorry if i'm wasting ur time i just want to ask u for a small help if u don't mind i need this free xbox game pass code <OTP> discord gifts if u don't need it 💖
really sorry wasting time just want ask for small help don mind need this free xbox game pass,3,imc25_english_smish_00762,Smishing-Dataset-IMC25,needs_review,i'm really sorry if u i'm wasting ur time i just want to ask u for a small help if u don't mind i need this free xbox game pass code <OTP> discord gifts if u don't need it 💕
from usps your package cannot delivered due the wrong delivery address please change the correct delivery address from,3,imc25_english_smish_00392,Smishing-Dataset-IMC25,approved,From USPS: Your package cannot be delivered due to the wrong delivery address. Please change the correct delivery address from the following URL: <URL> Reply Y Click the link to inquire.
from usps your package cannot delivered due the wrong delivery address please change the correct delivery address from,3,imc25_english_smish_00394,Smishing-Dataset-IMC25,needs_review,From USPS: Your package cannot be delivered due to the wrong delivery address. Please change the correct delivery address from the following URL: <URL> Reply Y Click the link to inquire
from usps your package cannot delivered due the wrong delivery address please change the correct delivery address from,3,imc25_english_smish_01967,Smishing-Dataset-IMC25,needs_review,From USPS: Your package cannot be delivered due to the wrong delivery address. Please change the correct delivery address from the following URL: <URL> Reply Y Click the link to inquire zxkberqknt
usps mail package the process transportation due damage the outer package address information lost can not delivered please,3,imc25_english_smish_00420,Smishing-Dataset-IMC25,needs_review,"USPS mail package in the process of transportation, due to damage to the outer package, address information is lost, can not be delivered. Please be sure to update the delivery address information in the link within <DATE_TIME>. (Please reply <NAMED_ENTITY>, then exit the SMS, re-open the SMS activation link, or copy the link to open in Safari) The USPS team wishes you a great day!"
usps mail package the process transportation due damage the outer package address information lost can not delivered please,3,imc25_english_smish_00944,Smishing-Dataset-IMC25,needs_review,"USPS mail package in the process of transportation, due to damage to the outer package, address information is lost, can not be delivered. Please be sure to update the delivery address information in the link within <DATE_TIME>. <URL> (Please reply <NAMED_ENTITY>, then exit the SMS, re-open the SMS activation link, or copy the link to open in Safari) The USPS team wishes you a great day!"
usps mail package the process transportation due damage the outer package address information lost can not delivered please,3,imc25_english_smish_01067,Smishing-Dataset-IMC25,needs_review,"USPS mail package in the process of transportation due to damage to the outer package, address information is lost, can not be delivered. Please be sure to update the delivery address information in the link within <DATE_TIME>. <URL> (Please reply <NAMED_ENTITY>, then exit the SMS, re-open the SMS activation link, or copy the link to open in Safari) The USPS team wishes you a great day!"
your netflix account has been suspended because having some trouble with your current account information recovery your netflix,3,imc25_english_smish_01112,Smishing-Dataset-IMC25,approved,"Your Netflix account has been suspended, because we're having some trouble with your current account information. Recovery your Netflix account immediately by click link bellow: <URL> Please take action on your account within <DATE_TIME> to avoid permanent suspension. Best regards, Netflix. Inc"
your netflix account has been suspended because having some trouble with your current account information recovery your netflix,3,imc25_english_smish_02170,Smishing-Dataset-IMC25,needs_review,Your Netflix account has been suspended because we're having some trouble with your current account information. Recovery your Netflix account immediately by click link bellow: <URL> Please take action on your account within <DATE_TIME> to avoid permanent suspension. Best regards Netflix Inc
your netflix account has been suspended because having some trouble with your current account information recovery your netflix,3,imc25_english_smish_07598,Smishing-Dataset-IMC25,needs_review,Your Netflix account has been suspended because we're having some trouble with your current account information. Recovery your Netflix account immediately by click link bellow: <URL> Please take action on your account within <DATE_TIME> to avoid permanent suspension. Best regards Netflix Inc.
were unable process your latest bill order avoid fees update your billing information via placeholder,3,imc25_english_smish_01406,Smishing-Dataset-IMC25,approved,"[EE]:We were unable to process your latest bill. In order to avoid fees, update your billing information via: <URL>"
were unable process your latest bill order avoid fees update your billing information via placeholder,3,imc25_english_smish_20521,Smishing-Dataset-IMC25,candidate,"EE:We were unable to process your latest bill. In order to avoid fees, update your billing information via: <URL>"
were unable process your latest bill order avoid fees update your billing information via placeholder,3,imc25_english_smish_21139,Smishing-Dataset-IMC25,candidate,"EE: We were unable to process your latest bill. In order to avoid fees, update your billing information via: <NRP>"
name placeholder son saw this house your real estate page,3,imc25_english_smish_01999,Smishing-Dataset-IMC25,needs_review,"Hi, my name is <NAMED_ENTITY> My son, saw this house on your fb real estate page"
name placeholder son saw this house your real estate page,3,imc25_english_smish_02028,Smishing-Dataset-IMC25,needs_review,"Hi, my name is <NAMED_ENTITY>. My son, saw this house on your fb real estate page"
name placeholder son saw this house your real estate page,3,imc25_english_smish_02029,Smishing-Dataset-IMC25,needs_review,"Hi, my name is <NAMED_ENTITY> son, saw this house on your fb real estate page"
dear customer your yono sbi account will blocked please update your pancard and complete your kyc click here,3,imc25_english_smish_02123,Smishing-Dataset-IMC25,approved,Dear customer your YONO SBI account will be blocked. Please update your PANCARD and complete your KYC. Click here <URL>
dear customer your yono sbi account will blocked please update your pancard and complete your kyc click here,3,imc25_english_smish_02567,Smishing-Dataset-IMC25,needs_review,Dear customer your YONO SBI account will be blocked. Please update your PANCARD and complete your KYC. Click here <URL> SBI TEAM
dear customer your yono sbi account will blocked please update your pancard and complete your kyc click here,3,imc25_english_smish_04250,Smishing-Dataset-IMC25,needs_review,Dear customer your YONO SBI account will be blocked. Please update your PANCARD and complete your KYC. Click here
dear user your icici bank account will blocked placeholder please update your pan card immediately open icici bank,3,imc25_english_smish_02129,Smishing-Dataset-IMC25,approved,Dear user your ICICI Bank Account will be blocked <DATE_TIME> please update your PAN CARD immediately Open ICICI BANK apk
dear user your icici bank account will blocked placeholder please update your pan card immediately open icici bank,3,imc25_english_smish_03756,Smishing-Dataset-IMC25,needs_review,Dear user your ICICI Bank Account will be blocked! <DATE_TIME> please update your PAN CARD immediately Open ICICI BANK App
dear user your icici bank account will blocked placeholder please update your pan card immediately open icici bank,3,imc25_english_smish_05014,Smishing-Dataset-IMC25,needs_review,Dear user your ICICI bank Account will be blocked! <DATE_TIME> please update your PAN CARD immediately Open ICICI BANK apk
dear consumer your electricity power will disconnected from placeholder placeholder because due not updating your electricity bill for,3,imc25_english_smish_02133,Smishing-Dataset-IMC25,approved,Dear Consumer your electricity power will be disconnected from <DATE_TIME> at <DATE_TIME> because due to not updating your electricity bill for <DATE_TIME> kindly contact electricity office number <PHONE_NUMBER> thank you
dear consumer your electricity power will disconnected from placeholder placeholder because due not updating your electricity bill for,3,imc25_english_smish_04723,Smishing-Dataset-IMC25,needs_review,Dear consumer your electricity power will be disconnected from <DATE_TIME> at <DATE_TIME> because due to not updating your electricity bill for <DATE_TIME> kindly contact electricity office number <PHONE_NUMBER> for further details thank you.
dear consumer your electricity power will disconnected from placeholder placeholder because due not updating your electricity bill for,3,imc25_english_smish_19251,Smishing-Dataset-IMC25,candidate,"Dear consumer your electricity power will be disconnected from <DATE_TIME> at <DATE_TIME> because due to not updating your electricity bill for <DATE_TIME>, kindly contact electricity office number <PHONE_NUMBER> for further details thank you."
optus failed take payment for your recent bill your optus plan will terminated you not update your details,3,imc25_english_smish_02159,Smishing-Dataset-IMC25,approved,Optus: We failed to take payment for your recent bill. Your Optus plan will be terminated if you do not update your details now via: <URL>
optus failed take payment for your recent bill your optus plan will terminated you not update your details,3,imc25_english_smish_02460,Smishing-Dataset-IMC25,needs_review,Optus: We failed to take payment for your recent bill. Your Optus plan will be terminated if you do not update your details now via:
optus failed take payment for your recent bill your optus plan will terminated you not update your details,3,imc25_english_smish_03001,Smishing-Dataset-IMC25,needs_review,Optus: We failed to take payment for your recent bill. Your Optus plan will be terminated if you do not update your details at:
your sbi account blocked update pan number please update the earliest using the following link placeholder prevent service,3,imc25_english_smish_02164,Smishing-Dataset-IMC25,approved,Your SBI Account is blocked update PAN number. Please update it at the earliest using the following link <URL> to prevent service interruptions. NAGH
your sbi account blocked update pan number please update the earliest using the following link placeholder prevent service,3,imc25_english_smish_04321,Smishing-Dataset-IMC25,needs_review,Your SBI Account is blocked update PAN number. Please update it at the earliest using the following link <URL> to prevent service interruptions. NAGH Your SBI Account is blocked update PAN number. Please update it at the earliest using the following link <URL> to prevent service interruptions. NAGH
your sbi account blocked update pan number please update the earliest using the following link placeholder prevent service,3,imc25_english_smish_05670,Smishing-Dataset-IMC25,needs_review,Your SBI Account is blocked update PAN number. Please update it at the earliest using the following link <URL> to prevent service interruptions. NAGH.
please complete your kyc verification process continue using sbi yono services your cooperation highly appreciated placeholder thank you,3,imc25_english_smish_02171,Smishing-Dataset-IMC25,approved,Please complete your KYC verification process to continue using SBI YONO services. Your cooperation is highly appreciated. <URL> Thank you
please complete your kyc verification process continue using sbi yono services your cooperation highly appreciated placeholder thank you,3,imc25_english_smish_03130,Smishing-Dataset-IMC25,needs_review,Please complete your KYC verification process to continue using SBI YONO services. Your cooperation is highly appreciated. <NRP> Thank you
please complete your kyc verification process continue using sbi yono services your cooperation highly appreciated placeholder thank you,3,imc25_english_smish_05819,Smishing-Dataset-IMC25,needs_review,Please complete your KYC verification process to continue using SBI YONO services. Your cooperation is highly appreciated. <URL> Thank you Please complete your KYC verification process to continue using YONO SBI services. Your cooperation is highly appreciated. <URL> Thank you
sbi yono user your will blocked placeholder please update your pancard number click here link,3,imc25_english_smish_02209,Smishing-Dataset-IMC25,needs_review,SBI YONO USER Your A/C will be blocked By <DATE_TIME> Please update your PANCARD Number click here link
sbi yono user your will blocked placeholder please update your pancard number click here link,3,imc25_english_smish_02450,Smishing-Dataset-IMC25,needs_review,SBI YONO USER Your A/C will be blocked. By <DATE_TIME> Please Update your PANCARD Number click here link.
sbi yono user your will blocked placeholder please update your pancard number click here link,3,imc25_english_smish_05025,Smishing-Dataset-IMC25,needs_review,SBI YONO USER Your A/C will be blocked. By <DATE_TIME> Please update your PANCARD Number click here link
sbi y0n0 user your will blocked placeholder please update your pancard number click here link,3,imc25_english_smish_02232,Smishing-Dataset-IMC25,needs_review,SBI Y0N0 USER Your A/C will be blocked. By <DATE_TIME> Please update your PANCARD Number click here link
sbi y0n0 user your will blocked placeholder please update your pancard number click here link,3,imc25_english_smish_04093,Smishing-Dataset-IMC25,needs_review,SBI Y0N0 USER Your A/C will be blocked. By <DATE_TIME> Please update your PANCARD Number click here link.
sbi y0n0 user your will blocked placeholder please update your pancard number click here link,3,imc25_english_smish_05428,Smishing-Dataset-IMC25,needs_review,SBI Y0N0 USER Your A/C will be blocked By <DATE_TIME> Please update your PANCARD Number click here link
dear consumer your electricity power will disconnected placeholder your placeholder bill not updated please connect customer care placeholder,3,imc25_english_smish_02259,Smishing-Dataset-IMC25,approved,Dear consumer your electricity Power will be disconnected <DATE_TIME> PM your <DATE_TIME> bill is not updated please connect customer care no <PHONE_NUMBER>
dear consumer your electricity power will disconnected placeholder your placeholder bill not updated please connect customer care placeholder,3,imc25_english_smish_05489,Smishing-Dataset-IMC25,needs_review,Dear consumer your electricity Power will be disconnected <DATE_TIME> PM your <DATE_TIME> bill is not updated please connect customer care no <DATE_TIME>
dear consumer your electricity power will disconnected placeholder your placeholder bill not updated please connect customer care placeholder,3,imc25_english_smish_19346,Smishing-Dataset-IMC25,candidate,"Dear consumer your electricity Power will,be disconnected <DATE_TIME> PM your <DATE_TIME> bill is not updated please connect customer care no <DATE_TIME>"
wallet sign notification your wallet has been accessed and linked kucoin exchange please review the details below confirm,3,imc25_english_smish_02286,Smishing-Dataset-IMC25,approved,Wallet sign-in notification: Your wallet has been accessed and linked to KuCoin exchange. Please review the details below to confirm it was you. If this wasn't you follow the link to secure your wallet: <URL>ine
wallet sign notification your wallet has been accessed and linked kucoin exchange please review the details below confirm,3,imc25_english_smish_05656,Smishing-Dataset-IMC25,needs_review,Wallet sign-in notification: Your wallet has been accessed and linked to KuCoin exchange. Please review the details below to confirm it was you. If this wasn't you follow the link to secure your wallet: <URL>
wallet sign notification your wallet has been accessed and linked kucoin exchange please review the details below confirm,3,imc25_english_smish_06510,Smishing-Dataset-IMC25,needs_review,Wallet sign-in notification: Your wallet has been accessed and linked to KuCoin exchange. Please review the details below to confirm it was you; follow the link to secure your wallet: <URL>
dear user your hdfc bank account will blocked placeholder please update your pan card click here placeholder,3,imc25_english_smish_02296,Smishing-Dataset-IMC25,approved,Dear user your .HDFC bank Account will be blocked! <DATE_TIME> please update your PAN CARD click here <URL>
dear user your hdfc bank account will blocked placeholder please update your pan card click here placeholder,3,imc25_english_smish_07754,Smishing-Dataset-IMC25,needs_review,Dear user your HDFC bank Account will be blocked! <DATE_TIME> please update your PAN CARD click here <NAMED_ENTITY>
dear user your hdfc bank account will blocked placeholder please update your pan card click here placeholder,3,imc25_english_smish_13726,Smishing-Dataset-IMC25,candidate,Dear user your HDFC bank Account will be blocked! <DATE_TIME> please update your PAN CARD click here <URL>
dear hdfc user your will blocked today update pancard for placeholder rify your account login with netbanking kyc,3,imc25_english_smish_02307,Smishing-Dataset-IMC25,approved,DEAR HDFC USER Your A/C will be blocked today.update PANCARD for <URL>rify your account login with NetBanking kyc Click here <URL>
dear hdfc user your will blocked today update pancard for placeholder rify your account login with netbanking kyc,3,imc25_english_smish_03005,Smishing-Dataset-IMC25,needs_review,DEAR HDFC USER Your A/C will be blocked today.update PANCARD for <URL>rify your account login with NetBanking kyc Click here
dear hdfc user your will blocked today update pancard for placeholder rify your account login with netbanking kyc,3,imc25_english_smish_04999,Smishing-Dataset-IMC25,needs_review,DEAR HDFC USER Your A/C will be blocked today.update PANCARD for <URL>rify your account login with NetBanking kyc Click here <NAMED_ENTITY>
dear sbi user your y0n0 account will blocked placeholder please click the link update your pan card number,3,imc25_english_smish_02315,Smishing-Dataset-IMC25,approved,Dear SBI user Your Y0N0 Account will be blocked <DATE_TIME>. Please click on the link to update your PAN CARD Number. <URL> SBI Team
dear sbi user your y0n0 account will blocked placeholder please click the link update your pan card number,3,imc25_english_smish_02464,Smishing-Dataset-IMC25,needs_review,Dear SBI user Your Y0N0 Account will be blocked <DATE_TIME>. Please click on the link to update your PAN CARD Number.
dear sbi user your y0n0 account will blocked placeholder please click the link update your pan card number,3,imc25_english_smish_04833,Smishing-Dataset-IMC25,needs_review,Dear SBI user Your Y0N0 Account will be blocked <DATE_TIME>. Please click on the link to update your PAN CARD Number: <URL> SBI Team
dear user your sbi y0n0 account will suspended please update your pan card immediately click here link thank,3,imc25_english_smish_02321,Smishing-Dataset-IMC25,approved,Dear User Your SBI Y0N0 ACCOUNT will be suspended please update your PAN CARD IMMEDIATELY click here link Thank you SBI..
dear user your sbi y0n0 account will suspended please update your pan card immediately click here link thank,3,imc25_english_smish_13676,Smishing-Dataset-IMC25,candidate,Dear User Your SBI Y0N0 ACCOUNT will be suspended please update your PAN CARD IMMEDIATELY click here link Thank you SBI
dear user your sbi y0n0 account will suspended please update your pan card immediately click here link thank,3,imc25_english_smish_14443,Smishing-Dataset-IMC25,candidate,Dear User Your SBI Y0N0 ACCOUNT will be suspended please update your PAN CARD IMMEDIATELY click here link Thank you <URL>
dear hdfc user your hdfc netbanking will block today please click the link and update your pan card,3,imc25_english_smish_02324,Smishing-Dataset-IMC25,approved,Dear HDFC user your HDFC Netbanking will be Block Today. Please click on the link and update your PAN-card no. immediately <URL> HDFC
dear hdfc user your hdfc netbanking will block today please click the link and update your pan card,3,imc25_english_smish_02570,Smishing-Dataset-IMC25,needs_review,Dear HDFC user your HDFC Netbanking will be Block Today. Please click on the link and update your PAN-card no. imme-diately <URL> HDFC team
dear hdfc user your hdfc netbanking will block today please click the link and update your pan card,3,imc25_english_smish_05587,Smishing-Dataset-IMC25,needs_review,Dear HDFC user your HDFC Netbanking will be Block Today. Please click on the link and update your PAN-card no. immediately
fnb your fnb bank account not updated the server for fica kyc click placeholder update your account avoid,3,imc25_english_smish_02347,Smishing-Dataset-IMC25,approved,FNB:-) Your FNB Bank Account is not updated on the server for FICA (KYC) Click -> <URL> & Update your Account to avoid Blocked server by 11:59pm
fnb your fnb bank account not updated the server for fica kyc click placeholder update your account avoid,3,imc25_english_smish_03765,Smishing-Dataset-IMC25,needs_review,FNB:-) Your FNB Bank Account is not updated on the server for FICA (KYC) Click -> <URL> & Update your Account to avoid Blocked server by 11:59
fnb your fnb bank account not updated the server for fica kyc click placeholder update your account avoid,3,imc25_english_smish_04961,Smishing-Dataset-IMC25,needs_review,FNB:-) Your FNB Bank Account is not updated on the server for FICA (KYC) Click -> <URL> & Update your Account to avoid restrictions by 11:59pm
dear customer your hdfc reward points worth placeholder expired placeholder kindly redeem your points cash click here placeholder,3,imc25_english_smish_02348,Smishing-Dataset-IMC25,approved,Dear Customer your HDFC reward points worth Rs.<OTP> expired <DATE_TIME> kindly redeem your points in cash by click here <URL> HDFC BANK
dear customer your hdfc reward points worth placeholder expired placeholder kindly redeem your points cash click here placeholder,3,imc25_english_smish_03205,Smishing-Dataset-IMC25,needs_review,Dear Customer your HDFC reward points worth Rs. <DATE_TIME> expired by <DATE_TIME> kindly redeem your points in cash by click here <URL> Bharat Comm
dear customer your hdfc reward points worth placeholder expired placeholder kindly redeem your points cash click here placeholder,3,imc25_english_smish_05961,Smishing-Dataset-IMC25,needs_review,Dear Customer your HDFC reward points worth Rs.<OTP> expired <DATE_TIME> kindly redeem your points in cash by click here <URL>
unionbank warning upon investigation your phone number has been linked bank fraud please visit placeholder cooperate and update,3,imc25_english_smish_02377,Smishing-Dataset-IMC25,approved,UNIONBANK WARNING : Upon investigation your phone number has been linked to bank fraud. Please visit <URL> to cooperate and update your phone number
unionbank warning upon investigation your phone number has been linked bank fraud please visit placeholder cooperate and update,3,imc25_english_smish_04665,Smishing-Dataset-IMC25,needs_review,UNIONBANK WARNING : Upon investigation your phone number has been linked to bank fraud. Please visit <URL> to cooperate and update your phone number.
unionbank warning upon investigation your phone number has been linked bank fraud please visit placeholder cooperate and update,3,imc25_english_smish_05252,Smishing-Dataset-IMC25,needs_review,UNIONBANK WARNING : Upon investigation your phone number has been linked to bank fraud. Please visit <URL> to cooperate and update your phone number UNIONBANK WARNING : Upon investigation your phone number has been linked to bank fraud. Please visit <URL> to cooperate and update your phone number UNIONBANK WARNING : Upon investigation your phone number has been linked to bank fraud. Please visit <URL> to cooperate and update your phone number
dear customer your sbi netbanking account will suspended placeholder please update your pancard now visit the link placeholder,3,imc25_english_smish_02382,Smishing-Dataset-IMC25,approved,Dear Customer your SBI Netbanking Account will be Suspended by <DATE_TIME>. please Update your PANCARD now visit the link <URL>
dear customer your sbi netbanking account will suspended placeholder please update your pancard now visit the link placeholder,3,imc25_english_smish_03357,Smishing-Dataset-IMC25,needs_review,Dear Customer your SBI Netbanking Account will be Suspended by <DATE_TIME>. please Update your PANCARD now visit the link <URL>o/de/TQo5zG
dear customer your sbi netbanking account will suspended placeholder please update your pancard now visit the link placeholder,3,imc25_english_smish_05307,Smishing-Dataset-IMC25,needs_review,['Dear Customer your SBI Netbanking Account will be Suspended by <DATE_TIME>. please Update your PANCARD now visit the link <URL>' 'Dear Customer your SBI Netbanking Account will be Suspended by <DATE_TIME>. please Update your PANCARD now visit the link <URL>']
dear sbi coustomer your y0n0 sbi has been blocked due kyc within placeholder please update pan card click,3,imc25_english_smish_02422,Smishing-Dataset-IMC25,approved,DEAR SBI Coustomer Your Y0N0-SBI A/C Has Been Blocked Due To Kyc Within <DATE_TIME> Please update Pan-Card Click here https://
dear sbi coustomer your y0n0 sbi has been blocked due kyc within placeholder please update pan card click,3,imc25_english_smish_03787,Smishing-Dataset-IMC25,needs_review,DEAR SBI Coustomer Your Y0N0-SBI A/C Has Been Blocked Due To Kyc Within <DATE_TIME> Please update Pan-Card Click here <URL>
dear sbi coustomer your y0n0 sbi has been blocked due kyc within placeholder please update pan card click,3,imc25_english_smish_04712,Smishing-Dataset-IMC25,needs_review,DEAR SBI Coustomer Your Y0N0-SBI A/C Has Been Blocked Due To Kyc Within <DATE_TIME> Please update Pan-Card Click here
dear customer your hdfc account will blocked please update your pancard and complete your kyc click here placeholder,3,imc25_english_smish_02430,Smishing-Dataset-IMC25,approved,Dear customer your HDFC account will be blocked. Please update your PANCARD and complete your KYC. Click here <URL> HDFC TEAM
dear customer your hdfc account will blocked please update your pancard and complete your kyc click here placeholder,3,imc25_english_smish_05225,Smishing-Dataset-IMC25,needs_review,Dear customer your HDFC account will be blocked. Please update your PANCARD and complete your KYC. Click here <URL> HDFC TEAM Dear customer your HDFC account will be blocked. Please update your PANCARD and complete your KYC. Click here <URL> HDFC TEAM
dear customer your hdfc account will blocked please update your pancard and complete your kyc click here placeholder,3,imc25_english_smish_07946,Smishing-Dataset-IMC25,needs_review,Dear customer your HDFC account will be blocked. Please update your PANCARD and complete your KYC. Click here <URL> TEAM
dear user your sbi yono account will close today click here the link update your pan card number,3,imc25_english_smish_02458,Smishing-Dataset-IMC25,approved,Dear User Your SBI YONO Account Will Be Close Today Click here on the Link To Update your PAN CARD Number <URL>
dear user your sbi yono account will close today click here the link update your pan card number,3,imc25_english_smish_02511,Smishing-Dataset-IMC25,needs_review,Dear User Your SBI YONO Account Will Be Close Today Click here on the Link To Update your PAN CARD Number
dear user your sbi yono account will close today click here the link update your pan card number,3,imc25_english_smish_04963,Smishing-Dataset-IMC25,needs_review,Dear User Your SBI YONO Account Will Be Close Today Click here on the Link To Update your PAN CARD Number <URL> SBI Team
your credit card limit upto number lac has been approved with many benifits start the process kindly click,3,imc25_english_smish_02509,Smishing-Dataset-IMC25,needs_review,Your Credit Card of Limit Upto 5 Lac Has been Approved with many Benifits. To start the process kindly click link <URL> T&C apply Your Credit Card of Limit Upto 5 Lac Has been Approved with many Benifits. To start the process kindly click link <URL> T&C apply Your Credit Card of Limit Upto 5 Lac Has been Approved with many Benifits. To start the process kindly click link <URL> T&C apply
your credit card limit upto number lac has been approved with many benifits start the process kindly click,3,imc25_english_smish_02860,Smishing-Dataset-IMC25,approved,Your Credit Card of Limit Upto 5 Lac Has been Approved with many Benifits. To start the process kindly click link <URL> T&C apply
your credit card limit upto number lac has been approved with many benifits start the process kindly click,3,imc25_english_smish_03276,Smishing-Dataset-IMC25,needs_review,Your Credit Card of Limit Upto 5 Lac Has been Approved with many Benifits. To start the process kindly click link <URL>
pay you have bill that will overdue and incur penalty please check and complete the payment bbt 3trqdlw,3,imc25_english_smish_02520,Smishing-Dataset-IMC25,approved,Pay: You have a bill that will be overdue and incur a penalty. Please check and complete the payment: bbt.ty/3TRQdLw
pay you have bill that will overdue and incur penalty please check and complete the payment bbt 3trqdlw,3,imc25_english_smish_03681,Smishing-Dataset-IMC25,needs_review,Pay: You have a bill that will be overdue and incur a penalty. Please check and complete the payment: bbt.ty/3TRQdLw We were unable to process your order. Please call 98X XX32 to update your information for delivery to proceed.
pay you have bill that will overdue and incur penalty please check and complete the payment bbt 3trqdlw,3,imc25_english_smish_06031,Smishing-Dataset-IMC25,needs_review,Pay: You have a bill that will be overdue and incur a penalty. Please check and complete the payment: bbt.ty/3TRQdLw We were unable to process your order. Please call 98XX XX32 to update your information for delivery to proceed.
dear hdfc user your hdfc netbanking will block placeholder please click the link and update your pan immediate,3,imc25_english_smish_02582,Smishing-Dataset-IMC25,needs_review,Dear HDFC User Your HDFC Netbanking will be Block <DATE_TIME> Please click on the link and update your PAN no. immediate-ly-
dear hdfc user your hdfc netbanking will block placeholder please click the link and update your pan immediate,3,imc25_english_smish_02929,Smishing-Dataset-IMC25,needs_review,Dear HDFC User Your HDFC Netbanking will be Block <DATE_TIME> Please click on the link and update your PAN no. immediate-
dear hdfc user your hdfc netbanking will block placeholder please click the link and update your pan immediate,3,imc25_english_smish_05553,Smishing-Dataset-IMC25,approved,Dear HDFC User Your HDFC Netbanking will be Block <DATE_TIME> Please click on the link and update your PAN no. immediate- <URL>
congratulations you are winner meesho company online shopping you win lucky prize tata safari and amount placeholder number,3,imc25_english_smish_02592,Smishing-Dataset-IMC25,approved,Congratulations you are winner of MEESHO company online shopping you win lucky prize TATA SAFARI XE and amount Rs <US_DRIVER_LICENSE>.00 Registration service charges Rs Pay TR PAPER Charges Pay. Details contact for you helpline no <PHONE_NUMBER> website Rp LUC
congratulations you are winner meesho company online shopping you win lucky prize tata safari and amount placeholder number,3,imc25_english_smish_04693,Smishing-Dataset-IMC25,needs_review,Congratulations you are winner of {Meesho} company online shopping you win lucky prize {TATA SAFARI} and amount Rs(<US_DRIVER_LICENSE>.00) Registration service charges Rs {<OTP>} TR PAPER Charges {Meesho Offers}. Details contact for you helpline no{<PHONE_NUMBER>} website {Megha Offers} Rp LUC
congratulations you are winner meesho company online shopping you win lucky prize tata safari and amount placeholder number,3,imc25_english_smish_07045,Smishing-Dataset-IMC25,needs_review,Congratulations you are winner of [Meesho] company online shopping you win lucky prize [TATA SAFARI] and amount Rs(<US_DRIVER_LICENSE>.00) Registration service charges Rs [<OTP>] TR PAPER Charges [Meesho Offers]. Details contact for you helpline no<PHONE_NUMBER>] website [Megha Offers] Rp LUC
dear customer your sbi yono account has been blocked placeholder please update your pan card immediately via link,3,imc25_english_smish_02630,Smishing-Dataset-IMC25,approved,Dear Customer Your SBI YONO account has been blocked <DATE_TIME> please update your PAN Card Immediately via link
dear customer your sbi yono account has been blocked placeholder please update your pan card immediately via link,3,imc25_english_smish_05432,Smishing-Dataset-IMC25,needs_review,Dear Customer Your SBI YONO Account has been blocked <DATE_TIME> please update your PAN Card Immediately via link <URL>
dear customer your sbi yono account has been blocked placeholder please update your pan card immediately via link,3,imc25_english_smish_13620,Smishing-Dataset-IMC25,candidate,Dear Customer Your SBI YONO account has been blocked <DATE_TIME> please update your PAN Card Immediately via link <URL> Thank you
validate your mobile number cvl kra per sebi guidelines click placeholder,3,imc25_english_smish_02643,Smishing-Dataset-IMC25,approved,To validate your mobile number in CVL KRA as per SEBI guidelines click on <URL>
validate your mobile number cvl kra per sebi guidelines click placeholder,3,imc25_english_smish_05251,Smishing-Dataset-IMC25,needs_review,To validate your mobile number in CVL KRA as per SEBI guidelines. click on <URL>
validate your mobile number cvl kra per sebi guidelines click placeholder,3,imc25_english_smish_05773,Smishing-Dataset-IMC25,needs_review,To validate your mobile number in CVL KRA as per SEBI guidelines click on <NAMED_ENTITY>
dear customer your sbi net banking account will blocked placeholder please click the link update your pan card,3,imc25_english_smish_02669,Smishing-Dataset-IMC25,approved,Dear Customer Your SBI Net Banking Account will be Blocked <DATE_TIME>. Please click on the link to update your PAN card http://
dear customer your sbi net banking account will blocked placeholder please click the link update your pan card,3,imc25_english_smish_03595,Smishing-Dataset-IMC25,needs_review,Dear Customer Your SBI Net Banking Account will be Blocked <DATE_TIME>. Please click on the link to update your PAN card
dear customer your sbi net banking account will blocked placeholder please click the link update your pan card,3,imc25_english_smish_04417,Smishing-Dataset-IMC25,needs_review,Dear Customer Your SBI Net Banking Account will be Blocked <DATE_TIME>. Please click on the link to update your PAN card.
dear customer your hdfc netbanking will blocked placeholder please update your pancard just click link placeholder,3,imc25_english_smish_02688,Smishing-Dataset-IMC25,approved,Dear Customer Your HDFC Netbanking A/C will be blocked by <DATE_TIME> please update your PANCARD Just click on link <URL>
dear customer your hdfc netbanking will blocked placeholder please update your pancard just click link placeholder,3,imc25_english_smish_02934,Smishing-Dataset-IMC25,needs_review,Dear Customer Your HDFC Netbanking A/C will be blocked <DATE_TIME> please update your PANCARD Just click on link<URL>
dear customer your hdfc netbanking will blocked placeholder please update your pancard just click link placeholder,3,imc25_english_smish_07670,Smishing-Dataset-IMC25,needs_review,Dear Customer Your HDFC Netbanking A/C will be blocked <DATE_TIME> please update your PANCARD Just click on link <URL>
dear user your sbi yono account will closed placeholder plz update your pan card number mint immediately click,3,imc25_english_smish_02773,Smishing-Dataset-IMC25,approved,Dear User Your SBI YONO Account will be Closed <DATE_TIME> plz Update Your PAN Card in 10 mint immediately Click in link <URL>
dear user your sbi yono account will closed placeholder plz update your pan card number mint immediately click,3,imc25_english_smish_03044,Smishing-Dataset-IMC25,needs_review,Dear User Your SBI YONO Account will be Closed <DATE_TIME> plz Update Your PAN Card in 10 mint immediately. Click in link <URL>
dear user your sbi yono account will closed placeholder plz update your pan card number mint immediately click,3,imc25_english_smish_03590,Smishing-Dataset-IMC25,needs_review,Dear User Your SBI YONO Account will be Closed <DATE_TIME> plz Update Your PAN Card in 10 mint immediately Click in link
dear customer your hdfc account has been blocked placeholder please update your pan card,3,imc25_english_smish_02814,Smishing-Dataset-IMC25,approved,Dear Customer your HDFC Account has been blocked <DATE_TIME> please Update Your PAN CARD
dear customer your hdfc account has been blocked placeholder please update your pan card,3,imc25_english_smish_02951,Smishing-Dataset-IMC25,needs_review,Dear customer your HDFC Account has been blocked <DATE_TIME> please update your Pan card.
dear customer your hdfc account has been blocked placeholder please update your pan card,3,imc25_english_smish_07893,Smishing-Dataset-IMC25,needs_review,Dear customer your HDFC Account has been blocked <DATE_TIME> please update your Pan card h...
dear customer your sbi net banking account will suspended placeholder please placeholder now visit the link placeholder,3,imc25_english_smish_02874,Smishing-Dataset-IMC25,approved,Dear Customer your SBI NET BANKING Account will be Suspended by <DATE_TIME>. Please <NAMED_ENTITY> now visit the link <URL>
dear customer your sbi net banking account will suspended placeholder please placeholder now visit the link placeholder,3,imc25_english_smish_03450,Smishing-Dataset-IMC25,needs_review,Dear Customer your SBI NET BANKING Account Will be Suspended by <DATE_TIME> Please <NAMED_ENTITY> now visit the link <URL>
dear customer your sbi net banking account will suspended placeholder please placeholder now visit the link placeholder,3,imc25_english_smish_13174,Smishing-Dataset-IMC25,candidate,Dear Customer your SBI NET BANKING Account will be Suspended by <DATE_TIME>. Please <NAMED_ENTITY> now visit the link: <URL>
did you attempt wire transfer amount placeholder have issues with your shipping address activity your account you get,3,imc25_english_smish_02908,Smishing-Dataset-IMC25,needs_review,Did you attempt wire transfer amount of $<OTP>? We have issues with your shipping address. activity on your account. You’ll get $130 freebies transfer amount of $<OTP>. shipping adress. activity on your account. You’ll get $130 freebies Did you attempt wire
did you attempt wire transfer amount placeholder have issues with your shipping address activity your account you get,3,imc25_english_smish_02962,Smishing-Dataset-IMC25,needs_review,Did you attempt wire transfer amount of $<OTP>? We have issues with your shipping address. activity on your account You’ll get $130 freebies transfer amount of $<OTP>. shipping address. activity on your account You’ll get $130 freebies Did you attempt wire transfer amount of $<OTP>?
did you attempt wire transfer amount placeholder have issues with your shipping address activity your account you get,3,imc25_english_smish_06232,Smishing-Dataset-IMC25,needs_review,Did you attempt wire transfer amount of $<OTP>? We have issues with your shipping address. activity on your account You’ll get $130 freebies transfer amount of $<OTP>. shipping adress. activity on your account You’ll get $130 freebies Did you attempt wire
can you please send number brought the wrong card with the petrol station send back you placeholder bsb,3,imc25_english_smish_02932,Smishing-Dataset-IMC25,needs_review,Can you please send me 250? brought the wrong card with me to the petrol station. Send it back to you <DATE_TIME>. BSB: 812 812 ACC: 345 130
can you please send number brought the wrong card with the petrol station send back you placeholder bsb,3,imc25_english_smish_19079,Smishing-Dataset-IMC25,candidate,Can you please send me 150? brought the wrong card with me to the petrol station. Send it back to you <DATE_TIME>. BSB:306 453 ACC:<PHONE_NUMBER>
can you please send number brought the wrong card with the petrol station send back you placeholder bsb,3,imc25_english_smish_19443,Smishing-Dataset-IMC25,candidate,Can you please send me 150? brought the wrong card with me to the petrol station. Send it back to you <DATE_TIME>. BSB: Acc: 506 349
consent update thank you for your interest basis your oral consent given our executive have initiated checks for,3,imc25_english_smish_02998,Smishing-Dataset-IMC25,needs_review,Consent Update! Thank you for your interest. Basis your oral consent given to our executive we have initiated checks for CIBIL PAN CKYC download & Aadhaar e-KYC authentication to process your personal loan. You agree to T&C's given in <NAMED_ENTITY> . If you disagree you may cancel the same by contacting us <URL> . Bajaj Finance Ltd Application Received! We have initiated checks for CIBIL PAN & CKYCR for appln no B2C0000019194862. For loan status updates download the Bajaj app <URL> . Bajaj Finance Ltd
consent update thank you for your interest basis your oral consent given our executive have initiated checks for,3,imc25_english_smish_06265,Smishing-Dataset-IMC25,needs_review,Consent Update! Thank you for your interest. Basis your oral consent given to our executive we have initiated checks for CIBIL PAN CKYC download & Aadhaar e-KYC authentication to process your personal loan. You agree to T&C's given in <NAMED_ENTITY> . If you disagree you may cancel the same by contacting us <URL> . Application Received! We have initiated checks for CIBIL PAN & CKYCR for appln no B2C0000019194862. For loan status updates download the Bajaj app <URL> .
consent update thank you for your interest basis your oral consent given our executive have initiated checks for,3,imc25_english_smish_06855,Smishing-Dataset-IMC25,needs_review,Consent Update! Thank you for your interest. Basis your oral consent given to our executive we have initiated checks for CIBIL PAN CKYC download & Aadhaar e-KYC authentication to process your personal loan. You agree to T&C's given in <URL> . If you disagree you may cancel Application Received! We have initiated checks for CIBIL PAN & CKYCR for appln no B2C000014972387. For loan status updates download the Bajaj app <URL> . Bajaj Finance Ltd
dear sbi user your account will blocked placeholder please update your pancard for kyc verify your account login,3,imc25_english_smish_02999,Smishing-Dataset-IMC25,approved,DEAR SBI USER Your account will be blocked <DATE_TIME> please update your PANCARD for KYC verify your account login NetBanking click here <URL>
dear sbi user your account will blocked placeholder please update your pancard for kyc verify your account login,3,imc25_english_smish_04036,Smishing-Dataset-IMC25,needs_review,DEAR SBI USER Your account will be blocked <DATE_TIME> please update your PANCARD for KYC verify your account login Netbanking click here.
dear sbi user your account will blocked placeholder please update your pancard for kyc verify your account login,3,imc25_english_smish_04055,Smishing-Dataset-IMC25,needs_review,DEAR SBI USER Your account will be blocked <DATE_TIME> please update your PANCARD for KYC verify your account login NetBanking click here
dear customer your sbi account will expire placeholder please update your pan card number thank you click here,3,imc25_english_smish_03038,Smishing-Dataset-IMC25,approved,Dear Customer Your SBI Account will be Expire <DATE_TIME> Please update your PAN Card Number thank you click here <URL> TEXORS
dear customer your sbi account will expire placeholder please update your pan card number thank you click here,3,imc25_english_smish_03673,Smishing-Dataset-IMC25,needs_review,Dear Customer Your SBI Account will be Expire <DATE_TIME> Please update your PAN Card Number thank you click here <URL>
dear customer your sbi account will expire placeholder please update your pan card number thank you click here,3,imc25_english_smish_05179,Smishing-Dataset-IMC25,needs_review,Dear Customer Your SBI Account will be Expire <DATE_TIME> Please update your PAN Card Number thank you click here
dear sbi user will blocked update pancard for kyc verification login with placeholder here placeholder,3,imc25_english_smish_03076,Smishing-Dataset-IMC25,approved,Dear SBI USER A/C will be blocked Update PANCARD for KYC Verification login with <NAMED_ENTITY> here <URL>
dear sbi user will blocked update pancard for kyc verification login with placeholder here placeholder,3,imc25_english_smish_05339,Smishing-Dataset-IMC25,needs_review,Dear SBI USER A/C will be blocked Update PANCARD for KYC verification login with <URL> here <URL>
dear sbi user will blocked update pancard for kyc verification login with placeholder here placeholder,3,imc25_english_smish_05846,Smishing-Dataset-IMC25,needs_review,Dear SBI USER A/C will be blocked Update PANCARD for KYC Verification login with <NAMED_ENTITY> here: <URL>
dear customer your sbi yono account has been suspended placeholder please update your pan card immediately via link,3,imc25_english_smish_03170,Smishing-Dataset-IMC25,approved,['Dear Customer Your SBI YONO account has been suspended <DATE_TIME> please update your PAN Card Immediately via link <URL>' 'Dear Customer Your SBI YONO account has been suspended <DATE_TIME> please update your PAN Card Immediately via link <URL>']
dear customer your sbi yono account has been suspended placeholder please update your pan card immediately via link,3,imc25_english_smish_04405,Smishing-Dataset-IMC25,needs_review,Dear Customer Your SBI YONO Account has been suspended <DATE_TIME> please update your PAN Card Immediately via link
dear customer your sbi yono account has been suspended placeholder please update your pan card immediately via link,3,imc25_english_smish_14177,Smishing-Dataset-IMC25,candidate,Dear Customer Your SBI YONO account has been suspended <DATE_TIME> please update your PAN Card Immediately via link <URL>
dear customer your hdfc account will block please update your pancard and complete your kyc click here placeholder,3,imc25_english_smish_03206,Smishing-Dataset-IMC25,approved,Dear customer your HDFC account will be block. Please update your PANCARD and complete your KYC. Click here <URL> HDFC TEAM
dear customer your hdfc account will block please update your pancard and complete your kyc click here placeholder,3,imc25_english_smish_03977,Smishing-Dataset-IMC25,needs_review,Dear customer your HDFC account will be block. Please update your PANCARD and complete your KYC. Click here <URL>
dear customer your hdfc account will block please update your pancard and complete your kyc click here placeholder,3,imc25_english_smish_07758,Smishing-Dataset-IMC25,needs_review,Dear customer your HDFC account will be block. Please update your PANCARD and complete your KYC. Click here <URL> <URL>
dear customer your placeholder will suspended placeholder please update your pan card visit the link placeholder,3,imc25_english_smish_03211,Smishing-Dataset-IMC25,approved,Dear Customer your S.B.I <NAMED_ENTITY> will be suspended. <DATE_TIME> please Update your PAN Card visit the link <URL>
dear customer your placeholder will suspended placeholder please update your pan card visit the link placeholder,3,imc25_english_smish_05060,Smishing-Dataset-IMC25,needs_review,Dear Customer your S.B.I <NAMED_ENTITY> will be suspended by <DATE_TIME> please update your PAN Card visit the link <URL>
dear customer your placeholder will suspended placeholder please update your pan card visit the link placeholder,3,imc25_english_smish_05536,Smishing-Dataset-IMC25,needs_review,Dear Customer your S.B.I <NAMED_ENTITY> will be suspended. <DATE_TIME> please Update your PAN Card visit the link <URL> Zy
dear hdfc user your hdfc netbanking will block placeholder please click the link update your pan immediately placeholder,3,imc25_english_smish_03554,Smishing-Dataset-IMC25,approved,DEAR HDFC USER Your HDFC Netbanking will be Block <DATE_TIME>. Please click on the link to update your PAN no. immediately- <URL>
dear hdfc user your hdfc netbanking will block placeholder please click the link update your pan immediately placeholder,3,imc25_english_smish_13505,Smishing-Dataset-IMC25,candidate,DEAR HDFC USER Your HDFC Netbanking will be Block <DATE_TIME>. Please click on the link to update your PAN no. immediately- <URL> TEAM HDFC
dear hdfc user your hdfc netbanking will block placeholder please click the link update your pan immediately placeholder,3,imc25_english_smish_13884,Smishing-Dataset-IMC25,candidate,DEAR HDFC USER Your HDFC Netbanking will be Block <DATE_TIME>. Please click on the link to update your PAN no. immediately- <URL> TEAM HDFC THANK YOU
santander attempt add placeholder trusted payee was successful number number this was not you visit placeholder,3,imc25_english_smish_03702,Smishing-Dataset-IMC25,approved,Santander: An attempt to add <LOCATION> as a trusted payee was successful on 28/01. If this was NOT you visit: <URL>
santander attempt add placeholder trusted payee was successful number number this was not you visit placeholder,3,imc25_english_smish_04578,Smishing-Dataset-IMC25,needs_review,Santander: An attempt to add <NAMED_ENTITY> as a trusted payee was successful on 27/01. If this was NOT you visit: <URL>
santander attempt add placeholder trusted payee was successful number number this was not you visit placeholder,3,imc25_english_smish_05284,Smishing-Dataset-IMC25,needs_review,Santander: An attempt to add <NAMED_ENTITY> as a trusted payee was successful on 29/01. If this was NOT you visit: <URL>
placeholder came across parcel from placeholder pending for you kindly claim ownership and schedule for deliver here placeholder,3,imc25_english_smish_03794,Smishing-Dataset-IMC25,approved,<NAMED_ENTITY> we came across a parcel from <DATE_TIME> pending for you. Kindly claim ownership and schedule for deliver here: <URL>
placeholder came across parcel from placeholder pending for you kindly claim ownership and schedule for deliver here placeholder,3,imc25_english_smish_15666,Smishing-Dataset-IMC25,candidate,"<NAMED_ENTITY>, we came across a parcel from <DATE_TIME> pending for you. Kindly claim ownership and schedule for deliver here: <URL>"
placeholder came across parcel from placeholder pending for you kindly claim ownership and schedule for deliver here placeholder,3,imc25_english_smish_19041,Smishing-Dataset-IMC25,candidate,"<NAMED_ENTITY>, we came across a parcel from <DATE_TIME> pending for you. Kindly claim ownership and schedule for deliver here: <URL> You have won $5,000. The prize needs to be claimed ASAP. Please reply with your bank information so we can deposit the money into your account. TDBA: our online cc unt is under review. Suspicious activity detected. To recover visit <URL> immediate action required. Query: K3BV"
the transaction with ref placeholder from unionbank onepuhunan for placeholder php currently pending due system error cancel the,3,imc25_english_smish_03990,Smishing-Dataset-IMC25,approved,"The transaction with Ref #<US_DRIVER_LICENSE> from UNIONBANK to OnePuhunan for <OTP> PHP is currently pending due to a system error. To cancel the transaction please click on the following link: https[:]//unionbank[.]kpa[.]ph Thank you for your understanding. Note: Kindly remove the bracket ""[]"" to access the link"
the transaction with ref placeholder from unionbank onepuhunan for placeholder php currently pending due system error cancel the,3,imc25_english_smish_04066,Smishing-Dataset-IMC25,needs_review,"The transaction with Ref #<US_DRIVER_LICENSE> from UNIONBANK to OnePuhunan for <OTP> PHP is currently pending due to a system error. To cancel the transaction please click on the following link: <URL> Thank you for your understanding. Note: Kindly remove the bracket ""[]"" to access the link"
the transaction with ref placeholder from unionbank onepuhunan for placeholder php currently pending due system error cancel the,3,imc25_english_smish_07185,Smishing-Dataset-IMC25,needs_review,"The transaction with Ref #<US_DRIVER_LICENSE> from UNIONBANK to OnePuhunan for <OTP> PHP is currently pending due to a system error. To cancel the transaction please click on the following link: https[:]//unionbank[.]kpa[.]ph Thank you for your understanding. Note: Kindly remove the bracket ""[]"" to access the link."
fnb dear customer your fnb account currently not updated the placeholder server account will blocked visit placeholder verify,3,imc25_english_smish_04113,Smishing-Dataset-IMC25,approved,FNB :-) Dear Customer Your Fnb Account Is Currently Not Updated On The <DATE_TIME> Server & Account Will Be Blocked. Visit <URL> To Verify FNB Team
fnb dear customer your fnb account currently not updated the placeholder server account will blocked visit placeholder verify,3,imc25_english_smish_05140,Smishing-Dataset-IMC25,needs_review,FNB :-) Dear Customer Your Fnb Account Is Currently Not Updated On The <DATE_TIME> Server & Account Will Be Blocked. Visit <URL> To Verify
fnb dear customer your fnb account currently not updated the placeholder server account will blocked visit placeholder verify,3,imc25_english_smish_05774,Smishing-Dataset-IMC25,needs_review,FNB :- ) Dear Customer Your Fnb Account Is Currently Not Updated On The <DATE_TIME> Server & Account Will Be Blocked. Visit <URL> To Verify FNB Team
dear sbi yono user your will blocked placeholder update pancard for placeholder rify your account login with netbanking,3,imc25_english_smish_04142,Smishing-Dataset-IMC25,approved,DEAR SBI YONO USER Your A/C will be blocked <DATE_TIME>..update PANCARD for <URL>rify your account login with NetBanking kyc Click
dear sbi yono user your will blocked placeholder update pancard for placeholder rify your account login with netbanking,3,imc25_english_smish_13490,Smishing-Dataset-IMC25,candidate,"DEAR SBI YONO USER, Your A/C will be blocked <LOCATION>,update PANCARD for <URL>rify your account login with NetBanking kyc Click here"
dear sbi yono user your will blocked placeholder update pancard for placeholder rify your account login with netbanking,3,imc25_english_smish_13774,Smishing-Dataset-IMC25,candidate,"DEAR SBI YONO USER, Your A/C will be blocked <DATE_TIME>..update PANCARD for <URL>rify your account login with NetBanking kyc Click <URL>"
dear sbi user your sbi yono account has been blocked placeholder please update your pan card immediately link,3,imc25_english_smish_04276,Smishing-Dataset-IMC25,approved,Dear SBI user Your SBI YONO account has been blocked <DATE_TIME>. Please update your PAN Card Immediately by link-
dear sbi user your sbi yono account has been blocked placeholder please update your pan card immediately link,3,imc25_english_smish_05697,Smishing-Dataset-IMC25,needs_review,Dear SBI user Your SBI YONO account has been blocked <DATE_TIME> please update your PAN Card Immediately by link <URL> SBI TEAM
dear sbi user your sbi yono account has been blocked placeholder please update your pan card immediately link,3,imc25_english_smish_13779,Smishing-Dataset-IMC25,candidate,"Dear SBI user, Your SBI YONO account has been blocked <DATE_TIME> please update your PAN Card Immediately by link - <URL>"
placeholder post due incorrect address information your package was not delivered and the package was returned the warehouse,3,imc25_english_smish_04364,Smishing-Dataset-IMC25,approved,<LOCATION> post : Due to incorrect address information your package was not delivered and the package was returned to the warehouse. Please update your shipping address and reschedule your delivery. More information: <URL> Please reply 1 to activate the shipping address update link
placeholder post due incorrect address information your package was not delivered and the package was returned the warehouse,3,imc25_english_smish_05201,Smishing-Dataset-IMC25,needs_review,<LOCATION> post: Due to incorrect address information your package was not delivered and the package was returned to the warehouse. Please update your shipping address and re-schedule your delivery. More information: <URL> Please reply 1 to activate the shipping address update link.
placeholder post due incorrect address information your package was not delivered and the package was returned the warehouse,3,imc25_english_smish_07259,Smishing-Dataset-IMC25,needs_review,<LOCATION> post: Due to incorrect address information your package was not delivered and the package was returned to the warehouse. Please update your shipping address and re-enable your delivery. More information: <URL> Please reply 1 to activate the shipping address update link.
dear customer your indusind credit card points worth inr placeholder expired placeholder kindly redeem your points cash click,3,imc25_english_smish_04395,Smishing-Dataset-IMC25,approved,Dear Customer your INDUSIND credit card points worth INR <OTP> expired by <DATE_TIME> kindly redeem your points in cash by click here <URL> <NAMED_ENTITY>
dear customer your indusind credit card points worth inr placeholder expired placeholder kindly redeem your points cash click,3,imc25_english_smish_12394,Smishing-Dataset-IMC25,candidate,Dear customer your INDUSIND credit card points worth INR <OTP> expired by <DATE_TIME>. Kindly redeem your points in cash by click
dear customer your indusind credit card points worth inr placeholder expired placeholder kindly redeem your points cash click,3,imc25_english_smish_12448,Smishing-Dataset-IMC25,candidate,"['Dear customer your INDUSIND credit card points worth INR <OTP> expired by <DATE_TIME>. Kindly redeem your points in cash by click here.', 'Dear customer your Indusind bank credit card points worth INR <OTP> expired by <DATE_TIME>. Kindly redeem your points in cash by click here:']"
congratulations you have qualified for the hdfc bank credit card activation offer for oct number here your gift,3,imc25_english_smish_04469,Smishing-Dataset-IMC25,approved,Congratulations! You have qualified for the HDFC Bank Credit Card activation offer for Oct'22 Here's your Gift Voucher for Rs.500 Visit <URL> R39Z4FZ47Kl v Login with: Choose a voucher from an exciting range of brands before 31 Mar'23 Have queries? Call <PHONE_NUMBER> T&C
congratulations you have qualified for the hdfc bank credit card activation offer for oct number here your gift,3,imc25_english_smish_05614,Smishing-Dataset-IMC25,needs_review,Congratulations! You have qualified for the HDFC Bank Credit Card activation offer for Oct'22 Here's your Gift Voucher for Rs.500 Visit <URL> Login with: F97f: Choose a voucher from an exciting range of brands before 31 Mar'23 Have queries? Call <PHONE_NUMBER> T&C
congratulations you have qualified for the hdfc bank credit card activation offer for oct number here your gift,3,imc25_english_smish_06933,Smishing-Dataset-IMC25,needs_review,Congratulations! You have qualified for the HDFC Bank Credit Card activation offer for Oct'22 Here's your Gift Voucher for Rs.500 Visit <URL> R39Z4FZ47Kl Login with: Choose a voucher from an exciting range of brands before 31 Mar'23 Have queries? Call <PHONE_NUMBER> T&C
have been forced limit some features your account temporarily from time time have carry out checks keep compliance,3,imc25_english_smish_04602,Smishing-Dataset-IMC25,approved,We have been forced to limit some features on your account temporarily from time to time we have to carry out checks to keep in compliance with the financial regulation authority therefore we require you to carry out an ID and selfie check via the following URL: <URL>
have been forced limit some features your account temporarily from time time have carry out checks keep compliance,3,imc25_english_smish_13566,Smishing-Dataset-IMC25,candidate,"We have been forced to limit some features on your account temporarily, from time to time we have to carry out checks to keep in compliance with the financial regulation authority therefore we require you to carry out an ID and selfie check via the following URL: <URL>"
have been forced limit some features your account temporarily from time time have carry out checks keep compliance,3,imc25_english_smish_13794,Smishing-Dataset-IMC25,candidate,"We have been forced to limit some features on your account temporarily, from time to time we have to carry out checks to keep in compliance with the financial regulation authority therefore we require you to carry out an ID and selfie check via the following URL:"
dear customer your electricity will dis connected placeholder number 30pm placeholder bill not update please call electricity customer,3,imc25_english_smish_04701,Smishing-Dataset-IMC25,approved,Dear customer your Electricity will be dis-connected <DATE_TIME> 9.30pm <DATE_TIME> bill not update Please Call Electricity Customer Care <PHONE_NUMBER>
dear customer your electricity will dis connected placeholder number 30pm placeholder bill not update please call electricity customer,3,imc25_english_smish_06423,Smishing-Dataset-IMC25,needs_review,Dear customer your electricity will be dis-connected <DATE_TIME> 10:30pm <DATE_TIME> bill not update please call electricity customer care <DATE_TIME> Thank you
dear customer your electricity will dis connected placeholder number 30pm placeholder bill not update please call electricity customer,3,imc25_english_smish_06936,Smishing-Dataset-IMC25,needs_review,Dear customer your Electricity will be dis-connected <DATE_TIME> 9.30pm <DATE_TIME> bill not update Please Call Electricity Customer Care <UK_NHS>
dear consumer your electricity will disconnected placeholder number 30pm because your placeholder bill not updated please contact electricity,3,imc25_english_smish_04843,Smishing-Dataset-IMC25,needs_review,Dear consumer Your electricity's will be disconnected <DATE_TIME> at 9.30pm because your <DATE_TIME> bill not updated. Please Contact electricity's officer <DATE_TIME>
dear consumer your electricity will disconnected placeholder number 30pm because your placeholder bill not updated please contact electricity,3,imc25_english_smish_05393,Smishing-Dataset-IMC25,needs_review,Dear consumer Your electricity will be disconnected <DATE_TIME> at 9.30pm because your <DATE_TIME> bill not updated. Please Contact electricity officer <DATE_TIME>
dear consumer your electricity will disconnected placeholder number 30pm because your placeholder bill not updated please contact electricity,3,imc25_english_smish_06549,Smishing-Dataset-IMC25,needs_review,Dear consumer Your electricity will be disconnected <DATE_TIME> at 9.30pm because your <DATE_TIME> bill is not updated. Please Contact electricity <NAMED_ENTITY>
dear customer your hdfc credit card rewards points worth placeholder will expire placeholder kindly redeem your points cash,3,imc25_english_smish_05235,Smishing-Dataset-IMC25,approved,Dear Customer Your HDFC Credit Card Rewards Points Worth Rs.<OTP> will expire <DATE_TIME> Kindly Redeem your points in Cash Click here <URL>
dear customer your hdfc credit card rewards points worth placeholder will expire placeholder kindly redeem your points cash,3,imc25_english_smish_14022,Smishing-Dataset-IMC25,candidate,Dear Customer Your HDFC Credit Card Rewards Points Worth Rs.<OTP> will expire by <DATE_TIME>. Kindly Redeem your points in Cash Click here <URL>
dear customer your hdfc credit card rewards points worth placeholder will expire placeholder kindly redeem your points cash,3,imc25_english_smish_14040,Smishing-Dataset-IMC25,candidate,Dear Customer Your HDFC Credit Card Rewards Points Worth Rs.<OTP> will expire by <DATE_TIME> Kindly Redeem your points in Cash Click here <URL>
final request dvla swansea have been trying contact you click below for more information placeholder,3,imc25_english_smish_05256,Smishing-Dataset-IMC25,needs_review,FINAL REQUEST:DVLA Swansea have been trying to contact you Click below for more information. <NAMED_ENTITY>
final request dvla swansea have been trying contact you click below for more information placeholder,3,imc25_english_smish_15783,Smishing-Dataset-IMC25,candidate,"FINAL REQUEST:DVLA Swansea have been trying to contact you, Click below for more information. <URL>"
final request dvla swansea have been trying contact you click below for more information placeholder,3,imc25_english_smish_15903,Smishing-Dataset-IMC25,candidate,"FINAL REQUEST:DVLA Swansea have been trying to contact you, Click below for more information. <NAMED_ENTITY>"
dear customer your sbi yono account will blocked placeholder please update your pan card details via given link,3,imc25_english_smish_05494,Smishing-Dataset-IMC25,approved,Dear Customer Your SBI YONO Account will be blocked <DATE_TIME> please update your PAN Card details via given link <URL> Thank you
dear customer your sbi yono account will blocked placeholder please update your pan card details via given link,3,imc25_english_smish_13284,Smishing-Dataset-IMC25,candidate,Dear Customer Your SBI YONO Account will be blocked <DATE_TIME> please update your PAN Card details via given link <URL>
dear customer your sbi yono account will blocked placeholder please update your pan card details via given link,3,imc25_english_smish_13413,Smishing-Dataset-IMC25,candidate,Dear Customer Your SBI YONO Account will be blocked <DATE_TIME> please update your PAN Card details via given link
2nd driver hiring placeholder for placeholder another way drive for cash placeholder placeholder reply stop cancel,3,imc25_english_smish_05640,Smishing-Dataset-IMC25,approved,2nd driver Hiring <NAMED_ENTITY> for <NAMED_ENTITY> another way to drive for cash. <PHONE_NUMBER> <URL> Reply stop to cancel.
2nd driver hiring placeholder for placeholder another way drive for cash placeholder placeholder reply stop cancel,3,imc25_english_smish_17533,Smishing-Dataset-IMC25,candidate,"2nd driver Hiring <NAMED_ENTITY> for <NAMED_ENTITY>, another way to drive for cash. <PHONE_NUMBER> <URL> Reply stop to cancel."
2nd driver hiring placeholder for placeholder another way drive for cash placeholder placeholder reply stop cancel,3,imc25_english_smish_21922,Smishing-Dataset-IMC25,candidate,2nd driver Hiring <NAMED_ENTITY> for <NAMED_ENTITY>; another way to drive for cash. <PHONE_NUMBER> <URL> Reply stop to cancel.
dear customer your sbi credit card reward points worth placeholder will expire placeholder kindly redeem your points cash,3,imc25_english_smish_05710,Smishing-Dataset-IMC25,approved,Dear Customer Your SBI Credit Card Reward Points Worth Rs.<OTP> will expire <DATE_TIME> Kindly Redeem your points in Cash Click here
dear customer your sbi credit card reward points worth placeholder will expire placeholder kindly redeem your points cash,3,imc25_english_smish_05836,Smishing-Dataset-IMC25,needs_review,Dear Customer Your SBI Credit Card Reward Points Worth Rs.<OTP> will expire <DATE_TIME> Kindly Redeem your points in Cash Click here <URL> ADSK
dear customer your sbi credit card reward points worth placeholder will expire placeholder kindly redeem your points cash,3,imc25_english_smish_07512,Smishing-Dataset-IMC25,needs_review,Dear Customer Your SBI Credit Card Reward Points Worth Rs.<OTP> will expire <DATE_TIME> Kindly Redeem your points in Cash Click here <NAMED_ENTITY>
dear customer your electricity power will disconnect placeholder your bill not update please contact electricity office number placeholder,3,imc25_english_smish_07781,Smishing-Dataset-IMC25,approved,Dear Customer your electricity power will be disconnect <DATE_TIME> your bill is not update please contact electricity office number <PHONE_NUMBER> thank you
dear customer your electricity power will disconnect placeholder your bill not update please contact electricity office number placeholder,3,imc25_english_smish_16657,Smishing-Dataset-IMC25,candidate,"Dear, Customer your electricity power will be disconnect <DATE_TIME> your bill is not update please contact electricity office number <PHONE_NUMBER> thank you"
dear customer your electricity power will disconnect placeholder your bill not update please contact electricity office number placeholder,3,imc25_english_smish_19726,Smishing-Dataset-IMC25,candidate,Dear Customer your electricity power will be disconnect. <DATE_TIME> your bill is not update please contact electricity. office number <PHONE_NUMBER> Tnx.
commonwealth bank alert dear customer you required verify your personal information avoid restriction being placed your account please,3,imc25_english_smish_07990,Smishing-Dataset-IMC25,approved,"Commonwealth Bank Alert: Dear customer, You're required to verify your personal information to avoid restriction being placed on your account. Please follow the link to update your details."
commonwealth bank alert dear customer you required verify your personal information avoid restriction being placed your account please,3,imc25_english_smish_08041,Smishing-Dataset-IMC25,needs_review,"Commonwealth Bank Alert:Dear customer, You're required to verify your personal information to avoid restriction being placed on your account. Please follow the verification link to update your details."
commonwealth bank alert dear customer you required verify your personal information avoid restriction being placed your account please,3,imc25_english_smish_08127,Smishing-Dataset-IMC25,needs_review,"Commonwealth Bank Alert:Dear customer, You're required to verify your personal information to avoid restriction being placed on your account. Please follow the link to update your details."
update dear anz customer recommend you update your online banking details and reconfirm pvq personal verification questions and,3,imc25_english_smish_08015,Smishing-Dataset-IMC25,approved,"Update:Dear ANZ Customer, We recommend you update your Online Banking details and reconfirm (PVQ) Personal Verification Questions and answer you have in file with us. Click link below."
update dear anz customer recommend you update your online banking details and reconfirm pvq personal verification questions and,3,imc25_english_smish_08075,Smishing-Dataset-IMC25,needs_review,"Update:Dear ANZ Customer, We recommend you update your Online Banking details and reconfirm (PVQ) Personal Verification Questions and"
update dear anz customer recommend you update your online banking details and reconfirm pvq personal verification questions and,3,imc25_english_smish_08130,Smishing-Dataset-IMC25,needs_review,"Update: Dear ANZ Customer, We recommend you update your Online Banking details and reconfirm (PVQ) Personal Verification Questions and answer you have in file with us. Click link below."
santander has noticed your debit card was recently used placeholder number number apple online store for placeholder number,3,imc25_english_smish_08081,Smishing-Dataset-IMC25,needs_review,"Santander has noticed your debit card was recently used on <PHONE_NUMBER>:14:03, at APPLE ONLINE STORE for <OTP>.00 GBP. If not you please urgently call fraud prevention on <PHONE_NUMBER> or Intl <PHONE_NUMBER>. Do not reply by SMS This OTP is to AMEND A PAYEE on a payment. Don't share this code <OTP> anyone. Call us immediately if you didn't request this."
santander has noticed your debit card was recently used placeholder number number apple online store for placeholder number,3,imc25_english_smish_08121,Smishing-Dataset-IMC25,needs_review,"Santander has noticed your debit card was recently used on <PHONE_NUMBER>:14:03, at APPLE ONLINE STORE for <OTP>.00 GBP. If not you please urgently call fraud prevention on <PHONE_NUMBER> or Intl <PHONE_NUMBER>. Do not reply by SMS. This OTP is to AMEND A PAYEE on a payment. Don't share this code <OTP> anyone. Call us immediately if you didn't request this."
santander has noticed your debit card was recently used placeholder number number apple online store for placeholder number,3,imc25_english_smish_08135,Smishing-Dataset-IMC25,needs_review,"Santander has noticed your debit card was recently used on <PHONE_NUMBER>:14:03, at APPLE ONLINE STORE for <OTP>.00 GBP. If not you please urgently call fraud prevention on <PHONE_NUMBER> or Intl <PHONE_NUMBER>. Do not reply by SMS This OTP is to AMEND A PAYEE on a payment. Don't share this code <OTP> anyone. Call us immediately if you didn't request this"
dear customer your sbi credit card point worth placeholder expired placeholder kindly convert your points into cash click,3,imc25_english_smish_08213,Smishing-Dataset-IMC25,approved,Dear customer your SBI CREDIT CARD point worth Rs <OTP> expired by <DATE_TIME>. Kindly convert your points into cash by click here <URL>
dear customer your sbi credit card point worth placeholder expired placeholder kindly convert your points into cash click,3,imc25_english_smish_08220,Smishing-Dataset-IMC25,needs_review,Dear customer your SBI Credit Card point worth Rs <OTP> expired by <DATE_TIME>. Kindly convert your points into cash by click here
dear customer your sbi credit card point worth placeholder expired placeholder kindly convert your points into cash click,3,imc25_english_smish_08546,Smishing-Dataset-IMC25,candidate,Dear customer your SBI Credit Card point worth Rs <OTP> expired by <DATE_TIME>. Kindly convert your points into cash by click here <NAMED_ENTITY>
dear customer your indusind debit card points worth placeholder expired placeholder kindly convert your point cash clicking here,3,imc25_english_smish_08223,Smishing-Dataset-IMC25,approved,Dear customer your INDUSIND Debit Card points worth Rs <OTP> expired by <DATE_TIME>. Kindly convert your point in cash by clicking here <URL>
dear customer your indusind debit card points worth placeholder expired placeholder kindly convert your point cash clicking here,3,imc25_english_smish_08284,Smishing-Dataset-IMC25,candidate,Dear customer your INDUSIND Debit Card points worth Rs <OTP> expired by <DATE_TIME>. Kindly convert your point in cash by clicking here
dear customer your indusind debit card points worth placeholder expired placeholder kindly convert your point cash clicking here,3,imc25_english_smish_08468,Smishing-Dataset-IMC25,candidate,Dear customer your INDUSIND Debit Card points worth Rs <OTP> expired by <DATE_TIME>. Kindly convert your point in cash by clicking here.
dear customer your icici saving bank point worth placeholder expired placeholder kindly convert your points into cash click,3,imc25_english_smish_08232,Smishing-Dataset-IMC25,candidate,Dear customer your ICICI SAVING BANK point worth Rs <OTP> expired by <DATE_TIME>. Kindly convert your points into cash by click here
dear customer your icici saving bank point worth placeholder expired placeholder kindly convert your points into cash click,3,imc25_english_smish_08306,Smishing-Dataset-IMC25,candidate,Dear customer your ICICI SAVING BANK point worth Rs <OTP> expired by <DATE_TIME>. Kindly convert your points into cash by click here <URL>
dear customer your icici saving bank point worth placeholder expired placeholder kindly convert your points into cash click,3,imc25_english_smish_08392,Smishing-Dataset-IMC25,candidate,Dear customer your ICICI SAVING BANK point worth Rs <OTP> expired by <DATE_TIME>. Kindly convert your points into cash by click here <NAMED_ENTITY>
hello dbs bank just announced new software that will probably make hundreds placeholder become millionaires check you qualify,3,imc25_english_smish_08238,Smishing-Dataset-IMC25,candidate,"Hello , DBS Bank Just Announced new Software that will probably make hundreds of <NRP> to become Millionaires, Check If You Qualify"
hello dbs bank just announced new software that will probably make hundreds placeholder become millionaires check you qualify,3,imc25_english_smish_08364,Smishing-Dataset-IMC25,candidate,"['Hello , DBS Bank Just Announced new Software that will probably make hundreds of <NRP> to become Millionaires, Check If You Qualify', 'Hello , DBS Bank Just Announced new Software that will probably make hundreds of <NRP> to become Millionaires, Check If You Qualify']"
hello dbs bank just announced new software that will probably make hundreds placeholder become millionaires check you qualify,3,imc25_english_smish_08544,Smishing-Dataset-IMC25,candidate,"Hello, DBS Bank Just Announced new Software that will probably make hundreds of <NRP> to become Millionaires, Check If You Qualify"
your onetime password for registering home credit application placeholder please ignore this message case you have not requested,3,imc25_english_smish_08382,Smishing-Dataset-IMC25,candidate,Your Onetime Password for registering Home Credit application is <DATE_TIME>. Please ignore this message in case you have not requested for <NAMED_ENTITY>. <NAMED_ENTITY> us at <DATE_TIME>. Your Onetime Password for registering Home Credit application is <US_DRIVER_LICENSE>. Please ignore this message in case you have not requested for <NAMED_ENTITY>. <NAMED_ENTITY> us at <DATE_TIME>. Your Onetime Password for registering Home Credit application is <DATE_TIME>. Please ignore this message in case you have not requested for <NAMED_ENTITY>. <NAMED_ENTITY> us at <DATE_TIME>. Your Onetime Password for registering Home Credit application is <US_DRIVER_LICENSE>. Please ignore this message in case you have not requested for <NAMED_ENTITY>. <NAMED_ENTITY> us at <DATE_TIME>.
your onetime password for registering home credit application placeholder please ignore this message case you have not requested,3,imc25_english_smish_08447,Smishing-Dataset-IMC25,candidate,Your Onetime Password for registering Home Credit application is <DATE_TIME>. Please ignore this message in case you have not requested for <NAMED_ENTITY>. <NAMED_ENTITY> us at <DATE_TIME>. Your Onetime Password for registering Home Credit application is <US_DRIVER_LICENSE>. Please ignore this message in case you have not requested for <NAMED_ENTITY>. <NAMED_ENTITY> us at <DATE_TIME>. Your Onetime Password for registering Home Credit application is <US_DRIVER_LICENSE>. Please ignore this message in case you have not requested for <NAMED_ENTITY>. <NAMED_ENTITY> us at <DATE_TIME>. Your Onetime Password for registering Home Credit application is <US_DRIVER_LICENSE>. Please ignore this message in case you have not requested for <NAMED_ENTITY>. <NAMED_ENTITY> us at <DATE_TIME>.
your onetime password for registering home credit application placeholder please ignore this message case you have not requested,3,imc25_english_smish_08605,Smishing-Dataset-IMC25,candidate,Your Onetime Password for registering Home Credit application is <DATE_TIME>. Please ignore this message in case you have not requested for <NAMED_ENTITY>. Reach us at <PHONE_NUMBER> Your Onetime Password for registering Home Credit application is <DATE_TIME>. Please ignore this message in case you have not requested for <NAMED_ENTITY>. Reach us at <PHONE_NUMBER> Your Onetime Password for registering Home Credit application is <DATE_TIME>. Please ignore this message in case you have not requested for <NAMED_ENTITY>. Reach us at <PHONE_NUMBER> Your Onetime Password for registering Home Credit application is <DATE_TIME>. Please ignore this message in case you have not requested for <NAMED_ENTITY>. <NAMED_ENTITY> us at <DATE_TIME>
dear customer your sbi credit card points worth placeholder expired placeholder kindly convert your point cash clicking here,3,imc25_english_smish_08399,Smishing-Dataset-IMC25,candidate,Dear customer your SBI Credit Card points worth Rs <OTP> expired by <DATE_TIME>. Kindly convert your point in cash by clicking here <URL>
dear customer your sbi credit card points worth placeholder expired placeholder kindly convert your point cash clicking here,3,imc25_english_smish_08443,Smishing-Dataset-IMC25,candidate,Dear customer your SBI Credit Card points worth Rs <OTP> expired by <DATE_TIME>. Kindly convert your point in cash by clicking here
dear customer your sbi credit card points worth placeholder expired placeholder kindly convert your point cash clicking here,3,imc25_english_smish_08494,Smishing-Dataset-IMC25,candidate,Dear customer your SBI Credit Card points worth Rs <OTP> expired by <DATE_TIME>. Kindly convert your point in cash by clicking here <URL> Dear customer your INDUSIND Bank Card points worth Rs <OTP> expired by <DATE_TIME>. Kindly convert your point in cash by clicking here <URL> Dear customer your INDUSIND Debit Card points worth Rs <OTP> expired by <DATE_TIME>. Kindly convert your point in cash by clicking here <URL>
all your transactions are suspended you must confirm your device immediately follow placeholder,3,imc25_english_smish_08463,Smishing-Dataset-IMC25,candidate,All your transactions are suspended. You must confirm your device immediately. Follow <URL>
all your transactions are suspended you must confirm your device immediately follow placeholder,3,imc25_english_smish_14649,Smishing-Dataset-IMC25,candidate,All your transactions are suspended. You must confirm your device immediately. Follow <LOCATION>
all your transactions are suspended you must confirm your device immediately follow placeholder,3,imc25_english_smish_14655,Smishing-Dataset-IMC25,candidate,"All your transactions are suspended. You must confirm your device immediately. Follow <URL>"","
dear customer your kotak visa card points worth inr placeholder expired placeholder kindly redeem your points cash click,3,imc25_english_smish_08658,Smishing-Dataset-IMC25,candidate,Dear customer your KOTAK Visa Card points worth INR <OTP> expired by <DATE_TIME>. Kindly redeem your points in cash by click here <URL>
dear customer your kotak visa card points worth inr placeholder expired placeholder kindly redeem your points cash click,3,imc25_english_smish_08947,Smishing-Dataset-IMC25,candidate,Dear customer your KOTAK VISA Card points worth INR <OTP> expired by <DATE_TIME>. Kindly redeem your points in cash by click here <NAMED_ENTITY>
dear customer your kotak visa card points worth inr placeholder expired placeholder kindly redeem your points cash click,3,imc25_english_smish_08980,Smishing-Dataset-IMC25,candidate,Dear customer your KOTAK Visa Card points worth INR <OTP> expired by <DATE_TIME>. Kindly redeem your points in cash by click here
dear customer your sbi card points worth inr placeholder expired placeholder kindly redeem your points cash click here,3,imc25_english_smish_08669,Smishing-Dataset-IMC25,candidate,Dear customer your SBI Card points worth INR <OTP> expired by <DATE_TIME>. Kindly redeem your points in cash by click here
dear customer your sbi card points worth inr placeholder expired placeholder kindly redeem your points cash click here,3,imc25_english_smish_08765,Smishing-Dataset-IMC25,candidate,Dear customer your SBI Card points worth INR <OTP> expired by <DATE_TIME>. Kindly redeem your points in cash by click here <NAMED_ENTITY>
dear customer your sbi card points worth inr placeholder expired placeholder kindly redeem your points cash click here,3,imc25_english_smish_08857,Smishing-Dataset-IMC25,candidate,Dear customer your SBI Card points worth INR <OTP> expired by <DATE_TIME>. Kindly redeem your points in cash by click here <URL>
your can credited with placeholder enter your details check now placeholder,3,imc25_english_smish_08758,Smishing-Dataset-IMC25,candidate,Your A/C can be credited with Rs. <PHONE_NUMBER>. Enter your details & check now <LOCATION>
your can credited with placeholder enter your details check now placeholder,3,imc25_english_smish_08787,Smishing-Dataset-IMC25,candidate,Your A/C can be credited with Rs. <PHONE_NUMBER>. Enter your details & check now <URL>
your can credited with placeholder enter your details check now placeholder,3,imc25_english_smish_17572,Smishing-Dataset-IMC25,candidate,Your A/C can be credited with Rs.<PHONE_NUMBER>. Enter your details & check now <URL>
your account has been lock for unusual activity please log placeholder and follow the unlock procedure,3,imc25_english_smish_08854,Smishing-Dataset-IMC25,candidate,Your N A B account has been lock for unusual activity. Please log on to : <URL> and follow the unlock procedure.
your account has been lock for unusual activity please log placeholder and follow the unlock procedure,3,imc25_english_smish_09178,Smishing-Dataset-IMC25,candidate,Your N A B account has been lock for unusual activity. Please log on to : <URL> and follow the unlock procedure . N A B
your account has been lock for unusual activity please log placeholder and follow the unlock procedure,3,imc25_english_smish_09275,Smishing-Dataset-IMC25,candidate,Your N A B account has been lock for unusual activity . Please log on to : <URL> and follow the unlock procedure . N A B
dear pyatm customer your pyatm kyc has been placeholder atm office placeholder placeholder account will block within placeholder,3,imc25_english_smish_08862,Smishing-Dataset-IMC25,candidate,Dear PYATM customer your Pyatm KYC has been <URL>atm office PH <PHONE_NUMBER> <URL>r account will block within <URL>ank you pyatm team
dear pyatm customer your pyatm kyc has been placeholder atm office placeholder placeholder account will block within placeholder,3,imc25_english_smish_08906,Smishing-Dataset-IMC25,candidate,Dear PYATM customer your Pyatm KYC has been <URL>atm office PH <US_BANK_NUMBER> <URL>r account will block within <URL>ank you pyatm team
dear pyatm customer your pyatm kyc has been placeholder atm office placeholder placeholder account will block within placeholder,3,imc25_english_smish_09070,Smishing-Dataset-IMC25,candidate,Dear PYATM customer your Pyatm KYC has been <URL>atm office PH <PHONE_NUMBER> <URL>r account will block within <URL>ank you pyatm team. Dear PYATM customer your Pyatm KYC has been <URL>atm office PH <PHONE_NUMBER> <URL>r account will block within <URL>ank you pyatm team.
dear customer thank you for your interest kotak credit card for process your credit card application and fetch,3,imc25_english_smish_09310,Smishing-Dataset-IMC25,candidate,"Dear Customer, thank you for your interest in Kotak credit card. For us to (i) process your credit card application and to fetch your personal and bank details as per Bank records (and to use the same to link to the proposed credit card account, preserve and to authenticate in accordance with law including for KYC purposes) and (ii) to receive and/or share your details and credit information with or from credit information companies, other banks/ finance companies/ lenders/ entities/ affiliates and (iii) to authorise bank and its affiliates to cross-sell their products and services to you, we request you to provide your consent by clicking on the link <URL> and entering the OTP <OTP> will be sent to your registered mobile number through a separate SMS."
dear customer thank you for your interest kotak credit card for process your credit card application and fetch,3,imc25_english_smish_09582,Smishing-Dataset-IMC25,candidate,"Dear Customer, thank you for your interest in Kotak credit card. For us to (i) process your credit card application and to fetch your personal and bank details as per Bank records (and to use the same to link to the proposed credit card account, preserve and to authenticate in accordance with law including for KYC purposes) and (ii) to receive and/or share your details and credit information with companies/ lenders/ entities/ affiliates and (iii) to authorise bank and its affiliates to cross-sell their products and services to you, we request you to provide your consent by clicking on the link <URL> and entering the OTP <OTP> will be sent to your registered mobile number through a separate SMS."
dear customer thank you for your interest kotak credit card for process your credit card application and fetch,3,imc25_english_smish_10109,Smishing-Dataset-IMC25,candidate,"Dear Customer, thank you for your interest in Kotak credit card. For us to (i) process your credit card application and to fetch your personal and bank details as per Bank records (and to use the same to link to the proposed credit card account, preserve and to authenticate in accordance with law including for KYC purposes) and (ii) to receive and/ or share your details and credit information with or from credit information companies, other banks/ finance companies/ lenders/ entities/ affiliates and (iii) to authorise bank and its affiliates to cross-sell their products and services to you, we request you to provide your consent by clicking on the link <URL> and entering the OTP <OTP> will be sent to your registered mobile number through a separate SMS."
dear paytm user your paytm kyc has expired call immediately for verification with blocked placeholder call paytm office,3,imc25_english_smish_09314,Smishing-Dataset-IMC25,candidate,"Dear Paytm User, Your Paytm A/C KYC has expired. Call Immediately for Verification or A/C with be blocked in <DATE_TIME>. Call Paytm Office Ph <DATE_TIME>"
dear paytm user your paytm kyc has expired call immediately for verification with blocked placeholder call paytm office,3,imc25_english_smish_09319,Smishing-Dataset-IMC25,candidate,"Dear Paytm User, Your Paytm A/C KYC has expired. Call Immediately for Verification or A/C with be blocked in <DATE_TIME>. Call Paytm Office Ph <PHONE_NUMBER>."
dear paytm user your paytm kyc has expired call immediately for verification with blocked placeholder call paytm office,3,imc25_english_smish_10910,Smishing-Dataset-IMC25,candidate,"Dear Paytm User, Your Paytm A/C KYC has expired. Call Immediately for Verification or A/C with be blocked in <DATE_TIME>. Call Paytm Office Ph <PHONE_NUMBER>. Your KYC has been updated successfully in Paytm Wallet. You will get <OTP> cashback in your wallet. To get cashback click here."
dear pytm customer your pytm kyc has been suspended call pytm office placeholder immediately your account will block,3,imc25_english_smish_09315,Smishing-Dataset-IMC25,candidate,Dear Pytm customer your Pytm KYC has been suspended. Call Pytm office PH. <DATE_TIME> immediately. Your account will block within <DATE_TIME>. Thank you Pytm team
dear pytm customer your pytm kyc has been suspended call pytm office placeholder immediately your account will block,3,imc25_english_smish_09328,Smishing-Dataset-IMC25,candidate,Dear Pytm customer your Pytm KYC has been suspended. Call Pytm office PH. <PHONE_NUMBER> immediately. Your account will block within <DATE_TIME>. Thank you Pytm team
dear pytm customer your pytm kyc has been suspended call pytm office placeholder immediately your account will block,3,imc25_english_smish_10165,Smishing-Dataset-IMC25,candidate,Dear Pytm customer your Pytm KYC has been suspended. Call Pytm office PH. <DATE_TIME> immediately. Your account will block within <DATE_TIME>. Thank you Pytm team.
dear paytm customer your placeholder has expire placeholder immediately please contact customer care placeholder immediately your placeholder account,3,imc25_english_smish_09333,Smishing-Dataset-IMC25,candidate,Dear Paytm customer your <LOCATION> has expire <DATE_TIME> immediately please contact customer care <US_BANK_NUMBER> immediately your <LOCATION> account block 24hrs THANKS paytm
dear paytm customer your placeholder has expire placeholder immediately please contact customer care placeholder immediately your placeholder account,3,imc25_english_smish_09418,Smishing-Dataset-IMC25,candidate,Dear Paytm customer your <LOCATION> has expire <DATE_TIME> immediately please contact customer care <PHONE_NUMBER> immediately your <LOCATION> account block 24hrs THANKS paytm
dear paytm customer your placeholder has expire placeholder immediately please contact customer care placeholder immediately your placeholder account,3,imc25_english_smish_09991,Smishing-Dataset-IMC25,candidate,Dear Paytm customer your <LOCATION> has expire <DATE_TIME> immediately please contact customer care <DATE_TIME> immediately your <LOCATION> account block 24hrs THANKS paytm
dear customer your ytm wallet document has been suspended resume service call placeholder immediately thanks,3,imc25_english_smish_09390,Smishing-Dataset-IMC25,candidate,Dear customer your p@ytm wallet document has been suspended to resume service call <US_PASSPORT> immediately thanks.
dear customer your ytm wallet document has been suspended resume service call placeholder immediately thanks,3,imc25_english_smish_09662,Smishing-Dataset-IMC25,candidate,Dear customer your p@ytm wallet document has been suspended to resume service call <PHONE_NUMBER> immediately thanks.
dear customer your ytm wallet document has been suspended resume service call placeholder immediately thanks,3,imc25_english_smish_10514,Smishing-Dataset-IMC25,candidate,Dear customer your p@ytm wallet document has been suspended to resume service call <US_BANK_NUMBER> immediately thanks.
dear pytm customer your pytm kyc has expire placeholder immediately please contact customer care placeholder immediately your pytm,3,imc25_english_smish_09450,Smishing-Dataset-IMC25,candidate,Dear PYTM customer your PYTM KYC has expire <DATE_TIME> immediately please contact customer care <UK_NHS> immediately your PYTM account block 24hrs THANKS PYTM
dear pytm customer your pytm kyc has expire placeholder immediately please contact customer care placeholder immediately your pytm,3,imc25_english_smish_09458,Smishing-Dataset-IMC25,candidate,Dear PYTM customer your PYTM KYC has expire <DATE_TIME> immediately please contact customer care <PHONE_NUMBER> immediately your PYTM account block 24hrs THANKS PYTM
dear pytm customer your pytm kyc has expire placeholder immediately please contact customer care placeholder immediately your pytm,3,imc25_english_smish_09873,Smishing-Dataset-IMC25,candidate,Dear PYTM customer your PYTM KYC has expire <DATE_TIME> immediately please contact customer care <DATE_TIME> immediately your PYTM account block 24hrs THANKS PYTM
dear customer your paytm has been expired placeholder customer care service placeholder call immediately your account will blocked,3,imc25_english_smish_09584,Smishing-Dataset-IMC25,candidate,"Dear Customer, Your PAYTM K'Y'C has been expired <DATE_TIME> customer care service PH-<PHONE_NUMBER> call immediately. Your account will be blocked within <DATE_TIME>. Thank you."
dear customer your paytm has been expired placeholder customer care service placeholder call immediately your account will blocked,3,imc25_english_smish_09722,Smishing-Dataset-IMC25,candidate,"Dear Customer, Your PAYTM K-Y-C has been expired <DATE_TIME> customer care service <NAMED_ENTITY> call immediately. Your account will be blocked within <DATE_TIME>. Thankyou"
dear customer your paytm has been expired placeholder customer care service placeholder call immediately your account will blocked,3,imc25_english_smish_10101,Smishing-Dataset-IMC25,candidate,"Dear Customer, Your PAYTM K-Y-C has been expired <DATE_TIME> customer care service PH-<PHONE_NUMBER> call immediately. Your account will be blocked within <DATE_TIME>. Thankyou"
dear customer your icici bank account has been locked placeholder please submit your pan card account kindly please,3,imc25_english_smish_09610,Smishing-Dataset-IMC25,candidate,Dear customer your ICICI Bank account has been Locked <DATE_TIME> please submit your PAN CARD TO account kindly please call customer care no <PHONE_NUMBER> immediately
dear customer your icici bank account has been locked placeholder please submit your pan card account kindly please,3,imc25_english_smish_09625,Smishing-Dataset-IMC25,candidate,Dear customer your ICICI Bank account has been Locked <DATE_TIME> please submit your PAN CARD TO account kindly please call customer care no <US_BANK_NUMBER> immediately
dear customer your icici bank account has been locked placeholder please submit your pan card account kindly please,3,imc25_english_smish_09794,Smishing-Dataset-IMC25,candidate,Dear customer your ICICI Bank account has been Locked <DATE_TIME> please submit your PAN CARD TO account kindly please call customer care no <US_BANK_NUMBER>
paytm dear customer your paytm kyc has been expire please contact customer care placeholder immediately your paytm account,3,imc25_english_smish_09649,Smishing-Dataset-IMC25,candidate,PAYTM Dear Customer Your Paytm Kyc Has Been Expire Please Contact Customer care <NAMED_ENTITY> Immediately Your Paytm Account Will Be Blocked Within <DATE_TIME>.
paytm dear customer your paytm kyc has been expire please contact customer care placeholder immediately your paytm account,3,imc25_english_smish_09720,Smishing-Dataset-IMC25,candidate,PAYTM Dear Customer Your Paytm Kyc Has Been Expire Please Contact Customer Care No-<PHONE_NUMBER> Immediately Your Paytm Account Will Be Blocked Within <DATE_TIME>.
paytm dear customer your paytm kyc has been expire please contact customer care placeholder immediately your paytm account,3,imc25_english_smish_10424,Smishing-Dataset-IMC25,candidate,PAYTM Dear Customer Your Paytm Kyc Has Been Expire Please Contact Customer care No-<US_BANK_NUMBER> Immediately Your Paytm Account Will Be Blocked Within <DATE_TIME>.
dear customer your paytm kyc has been expired today please call customer care placeholder immediately your paytm account,3,imc25_english_smish_09679,Smishing-Dataset-IMC25,candidate,Dear Customer Your PayTM KYC Has been expired Today Please call Customer care no <PHONE_NUMBER> immediately Your PayTM Account blocked within <URL>ank YOU
dear customer your paytm kyc has been expired today please call customer care placeholder immediately your paytm account,3,imc25_english_smish_10069,Smishing-Dataset-IMC25,candidate,Dear Customer Your PayTM KYC Has been expired Today Please call Customer care no <UK_NHS> immediately Your PayTM Account blocked within <URL>ank YOU
dear customer your paytm kyc has been expired today please call customer care placeholder immediately your paytm account,3,imc25_english_smish_10679,Smishing-Dataset-IMC25,candidate,Dear Customer Your PayTM KYC Has been expired Today Please call Customer care no <PHONE_NUMBER> immediately Your PayTM Account blocked within <URL>ank YOU Dear customer your PATYAM KYC has been <URL> Verified PATYAM KYC call <PHONE_NUMBER> immediately your account will be blocked within <DATE_TIME>.
number has been selected receive number crore number lacs frm rbi send placeholder name gender age add mobile,3,imc25_english_smish_09706,Smishing-Dataset-IMC25,candidate,"UR NUMBER HAS BEEN SELECTED TO RECEIVE 1 CRORE, 98 LACS FRM RBI. SEND <LOCATION> UR NAME,GENDER,AGE,ADD,MOBILE NO,JOB,TO: <EMAIL_ADDRESS>"
number has been selected receive number crore number lacs frm rbi send placeholder name gender age add mobile,3,imc25_english_smish_10235,Smishing-Dataset-IMC25,candidate,"UR NUMBER HAS BEEN SELECTED TO RECEIVE 1 CRORE,98 LACS FRM RBI. SEND <LOCATION> UR NAME,GENDER,AGE,ADD,MOBILE NO,JOB,TO: <EMAIL_ADDRESS>"
number has been selected receive number crore number lacs frm rbi send placeholder name gender age add mobile,3,imc25_english_smish_18329,Smishing-Dataset-IMC25,candidate,"UR NUMBER HAS BEEN SELECTED TO RECEIVE 1 CRORE,98 LACS FRM RBI. SEND <LOCATION> UR NAME,GENDER,AGE,ADD,MOBILE NO,JOB,TO:"
dear user your has been closed placeholder please call placeholder immediately your will discontinue within placeholder thank you,3,imc25_english_smish_09741,Smishing-Dataset-IMC25,candidate,"Dear user, Your P-T-E-M a/c has been closed <DATE_TIME>. Please call us <DATE_TIME> immediately. Your a/c will discontinue within <DATE_TIME>. Thank you."
dear user your has been closed placeholder please call placeholder immediately your will discontinue within placeholder thank you,3,imc25_english_smish_10328,Smishing-Dataset-IMC25,candidate,"Dear user, Your P-A-T-Y-M a/c has been closed <DATE_TIME>. Please call us <DATE_TIME> immediately. Your a/c will discontinue within <DATE_TIME>. Thank you."
dear user your has been closed placeholder please call placeholder immediately your will discontinue within placeholder thank you,3,imc25_english_smish_10695,Smishing-Dataset-IMC25,candidate,"Dear user, Your P-T-M a/c has been closed <DATE_TIME>. Please call us <UK_NHS> immediately. Your a/c will discontinue within <DATE_TIME>. Thank you."
dear card customer your reward points worth placeholder has been expire placeholder kindly redeem your points cash click,3,imc25_english_smish_09901,Smishing-Dataset-IMC25,candidate,"Dear Sb cr card Customer, Your Reward Points worth Rs. <OTP> has been expire <DATE_TIME>, Kindly redeem your points in cash by click here: <URL>"
dear card customer your reward points worth placeholder has been expire placeholder kindly redeem your points cash click,3,imc25_english_smish_10006,Smishing-Dataset-IMC25,candidate,"Dear sb Card Customer, Your Reward Points Worth Rs. <OTP> has been expire <DATE_TIME>, Kindly Redeem your points in cash by click here :"
dear card customer your reward points worth placeholder has been expire placeholder kindly redeem your points cash click,3,imc25_english_smish_10617,Smishing-Dataset-IMC25,candidate,"Dear Sb cr card Customer, Your Reward Points worth Rs. <OTP> has been expire <DATE_TIME>, Kindly redeem your points in cash by click here:"
dear kotak mahindra bank customer your account has been freeze hold please contact customer care placeholder immediately your,3,imc25_english_smish_10003,Smishing-Dataset-IMC25,candidate,Dear kotak Mahindra Bank customer your account has been freeze & hold please contact customer care <NAMED_ENTITY> immediately Your account blocks 24hrs
dear kotak mahindra bank customer your account has been freeze hold please contact customer care placeholder immediately your,3,imc25_english_smish_10336,Smishing-Dataset-IMC25,candidate,Dear kotak Mahindra Bank customer your account has been freeze & hold please contact customer care no: <PHONE_NUMBER> immediately Your account blocks 24hrs If you don't wish to receive SMS from this senderID click on the link <URL>
dear kotak mahindra bank customer your account has been freeze hold please contact customer care placeholder immediately your,3,imc25_english_smish_10641,Smishing-Dataset-IMC25,candidate,Dear kotak Mahindra Bank customer your account has been freeze & hold please contact customer care no:<US_BANK_NUMBER> immediately Your account blocks 24hrs
dear customer your rbl credit card points worth inr placeholder expired placeholder kindly redeem your points cash click,3,imc25_english_smish_10088,Smishing-Dataset-IMC25,candidate,Dear customer your RBL credit card points worth INR <OTP> expired by <DATE_TIME>. Kindly redeem your points in cash by click here
dear customer your rbl credit card points worth inr placeholder expired placeholder kindly redeem your points cash click,3,imc25_english_smish_10791,Smishing-Dataset-IMC25,candidate,Dear customer your RBL credit card points worth INR <OTP> expired by <DATE_TIME>. Kindly redeem your points in cash by click here <NAMED_ENTITY>
dear customer your rbl credit card points worth inr placeholder expired placeholder kindly redeem your points cash click,3,imc25_english_smish_12519,Smishing-Dataset-IMC25,candidate,Dear customer your RBL credit card points worth INR <OTP> expired by <DATE_TIME>. Kindly redeem your points in cash by click here <URL>
revolut authentication code placeholder never share with anyone ever you did not request this code placeholder visit placeholder,3,imc25_english_smish_10505,Smishing-Dataset-IMC25,candidate,"Revolut authentication code: <OTP>. Never share it with anyone, ever. If you did NOT request this code <OTP> visit : <NAMED_ENTITY>"
revolut authentication code placeholder never share with anyone ever you did not request this code placeholder visit placeholder,3,imc25_english_smish_10595,Smishing-Dataset-IMC25,candidate,"Revolut authentication code: <OTP>. Never share it with anyone, ever. If you did NOT request this code <OTP> visit : <URL>"
revolut authentication code placeholder never share with anyone ever you did not request this code placeholder visit placeholder,3,imc25_english_smish_14690,Smishing-Dataset-IMC25,candidate,"Revolut authentication code: <OTP>. Never share it with anyone, ever. If you did NOT request this code <OTP> visit: <URL>"
paypal permanently limited your account please click link below verify,3,imc25_english_smish_10756,Smishing-Dataset-IMC25,candidate,"PayPal : We've permanently limited your account, please click link below to verify"
paypal permanently limited your account please click link below verify,3,imc25_english_smish_11399,Smishing-Dataset-IMC25,candidate,"PayPal! We've permanently limited your account, please click link below to verify"
paypal permanently limited your account please click link below verify,3,imc25_english_smish_12404,Smishing-Dataset-IMC25,candidate,"PayPal: We've permanently limited your account, please click link below to verify"
dear customer your sbi bank account has been suspended for kyc please complete your kyc number min click,3,imc25_english_smish_10764,Smishing-Dataset-IMC25,candidate,Dear Customer your SBI BANK Account has been suspended for KYC Please Complete your KYC 10 min click here link <URL>
dear customer your sbi bank account has been suspended for kyc please complete your kyc number min click,3,imc25_english_smish_10833,Smishing-Dataset-IMC25,candidate,Dear customer your SBI bank account has been suspended for KYC please complete your KYC 10 min click here link
dear customer your sbi bank account has been suspended for kyc please complete your kyc number min click,3,imc25_english_smish_11859,Smishing-Dataset-IMC25,candidate,Dear customer your SBI bank account has been suspended for KYC so please complete your KYC 10 min click hare link
dear customer your sbi bank account has been put hold plz update your document visit sbi website placeholder,3,imc25_english_smish_10769,Smishing-Dataset-IMC25,candidate,Dear customer Your SBI Bank Account has been put on HOLD Plz Update your Document visit SBI website <URL> Update by Net Banking
dear customer your sbi bank account has been put hold plz update your document visit sbi website placeholder,3,imc25_english_smish_11421,Smishing-Dataset-IMC25,candidate,Dear customer Your SBI Bank Account has been put on HOLD Plz Update your Document visit SBI website <URL> to Update by Net Banking
dear customer your sbi bank account has been put hold plz update your document visit sbi website placeholder,3,imc25_english_smish_14087,Smishing-Dataset-IMC25,candidate,Dear customer Your SBI Bank Account has been put on HOLD Plz Update your Document visit SBI website <URL>
dear customer your sbi bank account has been suspended please complete your kyc placeholder immediately click here link,3,imc25_english_smish_10798,Smishing-Dataset-IMC25,candidate,Dear customer your SBI Bank account has been suspended please complete your KYC in <DATE_TIME> immediately click here link <URL> Thank you
dear customer your sbi bank account has been suspended please complete your kyc placeholder immediately click here link,3,imc25_english_smish_11973,Smishing-Dataset-IMC25,candidate,Dear customer your SBI Bank account has been suspended please complete your KYC in <DATE_TIME> immediately click here link <URL> .Thank you
dear customer your sbi bank account has been suspended please complete your kyc placeholder immediately click here link,3,imc25_english_smish_12672,Smishing-Dataset-IMC25,candidate,Dear customer your SBI Bank account has been suspended please complete your KYC in <DATE_TIME> immediately click here link <URL> . Thank you
dear sbi user your sbi yono account has been blocked please retrieve your pan card click here login,3,imc25_english_smish_10835,Smishing-Dataset-IMC25,candidate,Dear SBI user your SBI YONO Account has been blocked please retrieve your PAN CARD click here to login your PAN number: <URL>
dear sbi user your sbi yono account has been blocked please retrieve your pan card click here login,3,imc25_english_smish_11872,Smishing-Dataset-IMC25,candidate,Dear SBI user your SBI YONO Account has been blocked please retrieve your PAN CARD click here to login your wallet pin <OTP> your PAN number: <URL>
dear sbi user your sbi yono account has been blocked please retrieve your pan card click here login,3,imc25_english_smish_12253,Smishing-Dataset-IMC25,candidate,Dear SBI user your SBI YONO Account has been blocked please retrieve your PAN CARD click here to login your required PAN number. <URL>
dear sbi user your sbi yono account has been blocked please enter your pan card click here login,3,imc25_english_smish_10849,Smishing-Dataset-IMC25,candidate,Dear SBI user your SBI YONO Account has been blocked please enter your PAN CARD click here to login your new PAN number: <URL>
dear sbi user your sbi yono account has been blocked please enter your pan card click here login,3,imc25_english_smish_12164,Smishing-Dataset-IMC25,candidate,Dear SBI user your SBI YONO Account has been blocked please enter your PAN CARD click here to login your new PAN number: <NRP>
dear sbi user your sbi yono account has been blocked please enter your pan card click here login,3,imc25_english_smish_13113,Smishing-Dataset-IMC25,candidate,Dear SBI user your SBI YONO Account has been blocked please enter your PAN CARD click here to login your PAN number: <URL>
dear customer your sbi account has been blocked please update your kyc click here link,3,imc25_english_smish_10892,Smishing-Dataset-IMC25,candidate,"Dear customer, Your SBI account has been blocked. Please update your KYC in click here link -"
dear customer your sbi account has been blocked please update your kyc click here link,3,imc25_english_smish_11429,Smishing-Dataset-IMC25,candidate,"Dear customer, Your SBI account has been blocked. Please update your KYC in click here link"
dear customer your sbi account has been blocked please update your kyc click here link,3,imc25_english_smish_12656,Smishing-Dataset-IMC25,candidate,"Dear customer, Your SBI account has been blocked. Please update your KYC in click here link-"
dear customer your sbi net banking account has been blocked please check your details click here login your,3,imc25_english_smish_10947,Smishing-Dataset-IMC25,candidate,Dear customer your SBI Net Banking account has been blocked please check your A/C details click here to login your net banking
dear customer your sbi net banking account has been blocked please check your details click here login your,3,imc25_english_smish_11756,Smishing-Dataset-IMC25,candidate,Dear customer your SBI Net Banking account has been blocked please check your A/C details click here to login your net banking <URL>
dear customer your sbi net banking account has been blocked please check your details click here login your,3,imc25_english_smish_13066,Smishing-Dataset-IMC25,candidate,Dear customer your SBI Net Banking account has been blocked please check your A/C details click here to login your net banking <LOCATION>
hsbc alert payee request for placeholder has been made your account this was not done you visit placeholder,3,imc25_english_smish_10948,Smishing-Dataset-IMC25,candidate,"HSBC ALERT: A payee request for MR D <NAMED_ENTITY> has been made on your account. If this was NOT done by you, visit: <URL>"
hsbc alert payee request for placeholder has been made your account this was not done you visit placeholder,3,imc25_english_smish_11749,Smishing-Dataset-IMC25,candidate,"HSBC ALERT: A payee request for <NAMED_ENTITY> has been made on your account. If this was NOT done by you, visit: <URL>"
hsbc alert payee request for placeholder has been made your account this was not done you visit placeholder,3,imc25_english_smish_13032,Smishing-Dataset-IMC25,candidate,"HSBC ALERT: A payee request for MR C <NAMED_ENTITY> has been made on your account. If this was NOT done by you, visit: <NAMED_ENTITY>"
dear customer your paytm wallet kyc has been suspended please update your kyc click link and activate your,3,imc25_english_smish_10953,Smishing-Dataset-IMC25,candidate,Dear customer your Paytm wallet KYC has been suspended please update your KYC click link and activate your Paytm wallet
dear customer your paytm wallet kyc has been suspended please update your kyc click link and activate your,3,imc25_english_smish_11304,Smishing-Dataset-IMC25,candidate,Dear customer your Paytm wallet KYC has been suspended please update your KYC click link and activate your Paytm wallet <URL>
dear customer your paytm wallet kyc has been suspended please update your kyc click link and activate your,3,imc25_english_smish_14615,Smishing-Dataset-IMC25,candidate,Dear Customer your PaYtm Wallet KYC has been Suspended Please update your KYC Click in link and Activate your PaYtm Wallet
dear sbi user your sbi yono account has been blocked please visit your pan card click here login,3,imc25_english_smish_10975,Smishing-Dataset-IMC25,candidate,Dear SBI user your SBI YONO Account has been blocked please visit your PAN CARD click here to login your PAN number: <URL>
dear sbi user your sbi yono account has been blocked please visit your pan card click here login,3,imc25_english_smish_11281,Smishing-Dataset-IMC25,candidate,Dear SBI user your SBI YONO Account has been blocked please visit your PAN CARD click here to login to your PAN number: <URL>
dear sbi user your sbi yono account has been blocked please visit your pan card click here login,3,imc25_english_smish_11307,Smishing-Dataset-IMC25,candidate,Dear SBI user your SBI YONO Account has been blocked please visit your PAN CARD click here to login your PAN number: <URL> SBI Online
your indusind payback points worth placeholder expired placeholder kindly redeem your point cash voucher click here placeholder,3,imc25_english_smish_11025,Smishing-Dataset-IMC25,candidate,Your indusInd payback points worth <OTP> expired by <DATE_TIME>. Kindly redeem your point in cash or voucher by click here <URL>
your indusind payback points worth placeholder expired placeholder kindly redeem your point cash voucher click here placeholder,3,imc25_english_smish_11722,Smishing-Dataset-IMC25,candidate,Your indusInd payback points worth <OTP> expired by <DATE_TIME>. Kindly redeem your point in cash or voucher by click here <DATE_TIME>
your indusind payback points worth placeholder expired placeholder kindly redeem your point cash voucher click here placeholder,3,imc25_english_smish_12560,Smishing-Dataset-IMC25,candidate,Your indusInd payback points worth <DATE_TIME> expired by <DATE_TIME>. Kindly redeem your point in cash or voucher by click here <URL>
dear sbi user your sbi yono account has been blocked please click here unblock your pan card click,3,imc25_english_smish_11075,Smishing-Dataset-IMC25,candidate,Dear SBI User your SBI YONO Account has been blocked please click here to unblock your PAN CARD click here to login to your PAN number: <URL>
dear sbi user your sbi yono account has been blocked please click here unblock your pan card click,3,imc25_english_smish_11113,Smishing-Dataset-IMC25,candidate,Dear SBI user your SBI YONO Account has been blocked please click here to unblock your PAN CARD click here to log in your PAN number: <URL>
dear sbi user your sbi yono account has been blocked please click here unblock your pan card click,3,imc25_english_smish_12859,Smishing-Dataset-IMC25,candidate,Dear SBI user your SBI YONO Account has been blocked please click here to unblock your PAN CARD click here to login your PAN number: <URL>
dear hdfc user your hdfc netbanking account will block placeholder please click this link and update your pan,3,imc25_english_smish_11093,Smishing-Dataset-IMC25,candidate,Dear HDFC user Your HDFC Netbanking Account will be block <DATE_TIME>. please click on this link and update your PAN CARD Number immediately
dear hdfc user your hdfc netbanking account will block placeholder please click this link and update your pan,3,imc25_english_smish_11285,Smishing-Dataset-IMC25,candidate,Dear HDFC user Your HDFC Netbanking Account will be block <DATE_TIME>. please click on this link and update your PAN CARD Number immediately.
dear hdfc user your hdfc netbanking account will block placeholder please click this link and update your pan,3,imc25_english_smish_11478,Smishing-Dataset-IMC25,candidate,Dear HDFC user Your HDFC Netbanking Account will be block <DATE_TIME>. please click on this link and update your PAN CARD Number immediately <URL>
dear customer your sbi bank account has been suspended for verification please complete your kyc click here link,3,imc25_english_smish_11127,Smishing-Dataset-IMC25,candidate,Dear Customer your SBI bank account has been suspended for Verification please complete your KYC By click here link <URL>
dear customer your sbi bank account has been suspended for verification please complete your kyc click here link,3,imc25_english_smish_11542,Smishing-Dataset-IMC25,candidate,Dear Customer your SBI bank account has been suspended for Verification please complete your KYC By click here link
dear customer your sbi bank account has been suspended for verification please complete your kyc click here link,3,imc25_english_smish_12531,Smishing-Dataset-IMC25,candidate,Dear Customer your SBI bank account has been suspended for Verification please complete your KYC By click here link <URL> k Dear Customer your SBI bank account has been suspended for Verification please complete your KYC By click here link <URL> k
dear sbi user your sbi yono account has been blocked please click here login your pan card click,3,imc25_english_smish_11135,Smishing-Dataset-IMC25,candidate,Dear SBI user your SBI YONO Account has been blocked please click here to login your PAN CARD click here to login your PAN number: <URL>
dear sbi user your sbi yono account has been blocked please click here login your pan card click,3,imc25_english_smish_11620,Smishing-Dataset-IMC25,candidate,Dear SBI user your SBI YONO Account has been blocked please click here to login your PAN CARD click here to unlock your PAN number: <URL>
dear sbi user your sbi yono account has been blocked please click here login your pan card click,3,imc25_english_smish_13090,Smishing-Dataset-IMC25,candidate,Dear SBI user your SBI YONO Account has been blocked please click here to login your PAN CARD click here to update your PAN number: <URL>
dear customer your account has been blocked due kyc update within placeholder please contact customer care placeholder continue,3,imc25_english_smish_11159,Smishing-Dataset-IMC25,candidate,Dear customer your account has been blocked due to KYC Update within <DATE_TIME>. Please contact customer care <DATE_TIME> to continue your <URL>ank you
dear customer your account has been blocked due kyc update within placeholder please contact customer care placeholder continue,3,imc25_english_smish_11783,Smishing-Dataset-IMC25,candidate,Dear customer your account has been blocked due to KYC Update within <DATE_TIME>. Please contact customer care <PHONE_NUMBER> to continue your <URL>ank you
dear customer your account has been blocked due kyc update within placeholder please contact customer care placeholder continue,3,imc25_english_smish_13070,Smishing-Dataset-IMC25,candidate,Dear customer your account has been blocked due to KYC Update within <DATE_TIME>. Please contact customer care <UK_NHS> to continue your service. Thank you
your paytm amount number number credited placeholder register now,3,imc25_english_smish_11180,Smishing-Dataset-IMC25,candidate,"Your Paytm amount Rs. 34,939 is credited to <US_BANK_NUMBER> Register now"
your paytm amount number number credited placeholder register now,3,imc25_english_smish_12893,Smishing-Dataset-IMC25,candidate,"Your Paytm amount Rs. 34,939 is credited to <PHONE_NUMBER> Register now"
your paytm amount number number credited placeholder register now,3,imc25_english_smish_13486,Smishing-Dataset-IMC25,candidate,"Your Paytm Amount of Rs. 65,942 is credited to <US_BANK_NUMBER> Register now"
dear sbi user your sbi yono account has been blocked please reactivate your pan card click here login,3,imc25_english_smish_11223,Smishing-Dataset-IMC25,candidate,Dear SBI user your SBI YONO Account has been blocked please reactivate your PAN CARD click here to login your PAN number: <URL>
dear sbi user your sbi yono account has been blocked please reactivate your pan card click here login,3,imc25_english_smish_12377,Smishing-Dataset-IMC25,candidate,Dear SBI user your SBI YONO Account has been blocked please reactivate your PAN CARD click here to login your new PAN number: <URL>
dear sbi user your sbi yono account has been blocked please reactivate your pan card click here login,3,imc25_english_smish_12432,Smishing-Dataset-IMC25,candidate,Dear SBI user your SBI YONO Account has been blocked please reactivate your PAN CARD click here to login to your PAN number: <URL>
customer your placeholder credited for placeholder placeholder via under govt yojana approved click placeholder,3,imc25_english_smish_11400,Smishing-Dataset-IMC25,candidate,"Hi Customer, your A/ c-**<OTP>-Credited for <US_DRIVER_LICENSE>,on, <DATE_TIME> via Under Govt Yojana Approved click <URL>"
customer your placeholder credited for placeholder placeholder via under govt yojana approved click placeholder,3,imc25_english_smish_16340,Smishing-Dataset-IMC25,candidate,"Hi Customer, your A/ c-**<OTP>-Credited for <US_DRIVER_LICENSE>,on, <DATE_TIME> via Under Govt Yojana Approved click <URL> BT"
customer your placeholder credited for placeholder placeholder via under govt yojana approved click placeholder,3,imc25_english_smish_16386,Smishing-Dataset-IMC25,candidate,"Hi Customer, your A/c ***<OTP> Credited for Rs <OTP> on <DATE_TIME> via Under Govt Yojana Approved click <URL> BT"
dear sbi user your sbi y0n0 account will block placeholder please click here link update your pan card,3,imc25_english_smish_11663,Smishing-Dataset-IMC25,candidate,Dear SBI user your SBI Y0N0 Account will be block <DATE_TIME>. Please click here link update your PAN CARD Number . <URL>
dear sbi user your sbi y0n0 account will block placeholder please click here link update your pan card,3,imc25_english_smish_13876,Smishing-Dataset-IMC25,candidate,Dear SBI user your SBI Y0N0 Account will be block <DATE_TIME>. Please click here link update your PAN CARD <URL>
dear sbi user your sbi y0n0 account will block placeholder please click here link update your pan card,3,imc25_english_smish_14384,Smishing-Dataset-IMC25,candidate,Dear SBI user your SBI Y0N0 Account will be block <DATE_TIME>. Please click here link update your PAN CARD number.
dear customer your icici credit card points worth placeholder will expire placeholder kindly redeem points cash click here,3,imc25_english_smish_11822,Smishing-Dataset-IMC25,candidate,Dear Customer Your ICICI Credit Card Points Worth Rs.<OTP> Will Expire By <DATE_TIME>. Kindly Redeem Points In Cash By Click Here <URL>
dear customer your icici credit card points worth placeholder will expire placeholder kindly redeem points cash click here,3,imc25_english_smish_13516,Smishing-Dataset-IMC25,candidate,Dear Customer Your ICICI Credit Card Points Worth Rs.<OTP> Will Expire By <DATE_TIME>. Kindly Redeem Points In Cash By Click Here <URL> - CSHBACK
dear customer your icici credit card points worth placeholder will expire placeholder kindly redeem points cash click here,3,imc25_english_smish_14502,Smishing-Dataset-IMC25,candidate,Dear Customer Your ICICI Credit Card Points Worth Rs.<OTP> Will Expire By <DATE_TIME>. Kindly Redeem Points In Cash By Click Here <NAMED_ENTITY>
dear customer your kotak mahindra bank account has been suspended placeholder please update your pan card click here,3,imc25_english_smish_11920,Smishing-Dataset-IMC25,candidate,Dear customer your KOTAK Mahindra bank account has been suspended <DATE_TIME> please update your PAN Card click here link <URL>
dear customer your kotak mahindra bank account has been suspended placeholder please update your pan card click here,3,imc25_english_smish_12719,Smishing-Dataset-IMC25,candidate,Dear customer your KOTAK Mahindra bank account has been suspended <DATE_TIME> please update your PAN Card click here link
dear customer your kotak mahindra bank account has been suspended placeholder please update your pan card click here,3,imc25_english_smish_13186,Smishing-Dataset-IMC25,candidate,Dear customer your KOTAK Mahindra bank account has been suspended <DATE_TIME> please update your PAN Card click here link <URL> thank you
dear customar your atm card has been blocked state bank due non verification yet you want keep using,3,imc25_english_smish_12304,Smishing-Dataset-IMC25,candidate,"Dear Customar your ATM card has been blocked by State Bank due to non verification yet If you want to keep using your ATM card contact us, <DATE_TIME>.."
dear customar your atm card has been blocked state bank due non verification yet you want keep using,3,imc25_english_smish_12923,Smishing-Dataset-IMC25,candidate,Dear Customar your ATM card has been blocked by State Bank due to non verification yet If you want to keep using your ATM card please contact us03245548861.
dear customar your atm card has been blocked state bank due non verification yet you want keep using,3,imc25_english_smish_14434,Smishing-Dataset-IMC25,candidate,Dear Customar your ATM card has been blocked by State Bank due to non verification yet If you want to keep using your ATM card contact us <DATE_TIME>.
dear user your hdfc bank account will blocked placeholder please update your pan card click here link and,3,imc25_english_smish_13133,Smishing-Dataset-IMC25,candidate,"['Dear user your hdfc Bank Account will be blocked! <DATE_TIME> please update your PAN CARD click here to link and update <URL> Thank you.', 'Dear user your hdfc Bank Account will be blocked! <DATE_TIME> please update your PAN CARD click here to link and update <URL> Thank you.']"
dear user your hdfc bank account will blocked placeholder please update your pan card click here link and,3,imc25_english_smish_13390,Smishing-Dataset-IMC25,candidate,Dear user your HDFC Bank Account will be blocked! <DATE_TIME> please update your PAN CARD click here to link and update
dear user your hdfc bank account will blocked placeholder please update your pan card click here link and,3,imc25_english_smish_13897,Smishing-Dataset-IMC25,candidate,Dear user your HDFC Bank Account will be blocked! <DATE_TIME> please update YOUR PAN CARD click here to link and update <URL> Thank you.
dear user your hdfc bank account will blocked placeholder please update your pan card click here placeholder thank,3,imc25_english_smish_13181,Smishing-Dataset-IMC25,candidate,"Dear user your, HDFC bank Account will be blocked! <DATE_TIME> please update your PAN CARD click here <URL> thank you!"
dear user your hdfc bank account will blocked placeholder please update your pan card click here placeholder thank,3,imc25_english_smish_13616,Smishing-Dataset-IMC25,candidate,Dear user your HDFC Bank Account will be blocked! <DATE_TIME> please update your PAN CARD click here <URL> Thank you.
dear user your hdfc bank account will blocked placeholder please update your pan card click here placeholder thank,3,imc25_english_smish_14410,Smishing-Dataset-IMC25,candidate,"Dear user your, HDFC bank Account will be blocked! <DATE_TIME> please update your PAN CARD. click here <NAMED_ENTITY> thank you."
dear sbi yono user your sbi yono account will block today please click here the link and update,3,imc25_english_smish_13474,Smishing-Dataset-IMC25,candidate,Dear SBI YONO User Your SBI YONO account will be Block Today. Please click here the link and Update your PAN CARD Number Immediately.
dear sbi yono user your sbi yono account will block today please click here the link and update,3,imc25_english_smish_13547,Smishing-Dataset-IMC25,candidate,Dear SBI YONO User Your SBI YONO account will be Block Today. Please click here the link and Update your PAN CA...
dear sbi yono user your sbi yono account will block today please click here the link and update,3,imc25_english_smish_14803,Smishing-Dataset-IMC25,candidate,Dear SBI YONO User Your SBI YONO account will be Block Today. Please click here the link and Update your PAN CARD Number Immediately. <URL>
dear user your hdfc bank account will suspended placeholder please update your pan card click here link placeholder,3,imc25_english_smish_13534,Smishing-Dataset-IMC25,candidate,Dear user your HDFC Bank Account will be suspended! <DATE_TIME>. Please update your PAN CARD click here to link <URL> Thank you.
dear user your hdfc bank account will suspended placeholder please update your pan card click here link placeholder,3,imc25_english_smish_13939,Smishing-Dataset-IMC25,candidate,Dear user your HDFC Bank Account will be suspended! <DATE_TIME> please update your PAN CARD click here to link <URL> Thank you Dear user your HDFC Bank Account will be suspended! <DATE_TIME> please update your PAN CARD click here to link <URL> Thank you Dear user your HDFC Bank Account will be suspended! <DATE_TIME> please update your PAN CARD click here to link <URL> Thank you
dear user your hdfc bank account will suspended placeholder please update your pan card click here link placeholder,3,imc25_english_smish_14164,Smishing-Dataset-IMC25,candidate,Dear user your HDFC Bank Account will be suspended! <DATE_TIME> please update your PAN CARD click here to link <URL> Thank you
dear sbi user yono account will blocked placeholder please click the link update your pan card number placeholder,3,imc25_english_smish_14047,Smishing-Dataset-IMC25,candidate,"Dear SBI user, YONO Account will be blocked <DATE_TIME>. Please click on the link to update your PAN CARD Number. <URL> Thank You SBI"
dear sbi user yono account will blocked placeholder please click the link update your pan card number placeholder,3,imc25_english_smish_14297,Smishing-Dataset-IMC25,candidate,"Dear SBI user, YONO Account will be blocked <DATE_TIME>. Please click on the link to update your PAN CARD Number. <URL> Thanks From SBI. Dear SBI user, YONO Account will be blocked <DATE_TIME>. Please click on the link to update your PAN CARD Number. <URL> Thanks From SBI."
dear sbi user yono account will blocked placeholder please click the link update your pan card number placeholder,3,imc25_english_smish_14453,Smishing-Dataset-IMC25,candidate,"Dear SBI user, YONO Account will be blocked <DATE_TIME>. Please click on the link to update your PAN CARD Number <URL>"
ocbc there has been login attempted from new device this was not you please follow the steps here,3,imc25_english_smish_14424,Smishing-Dataset-IMC25,candidate,"OCBC: There has been a login attempted from a new device. If this was NOT you, please follow the steps here:"
ocbc there has been login attempted from new device this was not you please follow the steps here,3,imc25_english_smish_14770,Smishing-Dataset-IMC25,candidate,"OCBC: There has been a login attempted from a new device. If this was NOT you, please follow the steps here: OC-Can"
ocbc there has been login attempted from new device this was not you please follow the steps here,3,imc25_english_smish_22076,Smishing-Dataset-IMC25,candidate,"OCBC: There has been a login attempted from a new device. If this was NOT you, please follow the steps here: OC-Care"
dear sbi user your sbi yono account will blocked placeholder please click here link update your pan number,3,imc25_english_smish_14575,Smishing-Dataset-IMC25,candidate,Dear SBI user your SBI YONO Account will be blocked <DATE_TIME> Please click here link to update your PAN Number
dear sbi user your sbi yono account will blocked placeholder please click here link update your pan number,3,imc25_english_smish_14583,Smishing-Dataset-IMC25,candidate,Dear SBI user your SBI YONO Account will be blocked <DATE_TIME>. Please click here link to update your PAN Number
dear sbi user your sbi yono account will blocked placeholder please click here link update your pan number,3,imc25_english_smish_14635,Smishing-Dataset-IMC25,candidate,Dear SBI user your SBI YONO Account will be blocked <DATE_TIME> Please click here link to update your PAN Number <URL>
your parcel placeholder will not ship from the distribution center due outstanding shipping costs track your package placeholder,3,imc25_english_smish_14877,Smishing-Dataset-IMC25,candidate,"Your parcel: <US_BANK_NUMBER> will not ship from the distribution center, due to outstanding shipping costs. Track your package: <URL>"
your parcel placeholder will not ship from the distribution center due outstanding shipping costs track your package placeholder,3,imc25_english_smish_14880,Smishing-Dataset-IMC25,candidate,"Your parcel: <DATE_TIME> will not ship from the distribution center, due to outstanding shipping costs. Track your package: <NAMED_ENTITY>"
your parcel placeholder will not ship from the distribution center due outstanding shipping costs track your package placeholder,3,imc25_english_smish_14900,Smishing-Dataset-IMC25,candidate,"Your parcel: <DATE_TIME> will not ship from the distribution center, due to outstanding shipping costs. Track your package: <URL>"
dear customer congratulations your order number win the first prize that mahindra xuv number number placeholder lucky draw,3,imc25_english_smish_14893,Smishing-Dataset-IMC25,candidate,"Dear customer congratulations! Your order number Win the first prize that is Mahindra XUV 500 ( RS 12,<OTP>) in lucky draw valid for <DATE_TIME> from our Flipkart online shopping .Registration charge <OTP>. WhatsApp no-<PHONE_NUMBER> applied for more enquiry our helpline <DATE_TIME>"
dear customer congratulations your order number win the first prize that mahindra xuv number number placeholder lucky draw,3,imc25_english_smish_15240,Smishing-Dataset-IMC25,candidate,"Dear customer congratulations! Your order number Win the first prize that is Mahindra XUV 500 ( RS (14,<OTP>)) in lucky draw from our {Shopclues } online shopping .Registration charge {6500rs}. WhatsApp no-{<UK_NHS>} applied for more enquiry our helpline {<URL>"
dear customer congratulations your order number win the first prize that mahindra xuv number number placeholder lucky draw,3,imc25_english_smish_15310,Smishing-Dataset-IMC25,candidate,"Dear customer congratulations! Your order number Win the first prize that is Mahindra XUV 500 ( RS {14,<OTP>}) in lucky draw from our {Shopclues } online shopping .Registration charge {7400rs}. WhatsApp no-{<PHONE_NUMBER>} applied for more enquiry our helpline"
notice blanca your early bird black placeholder order will arrive placeholder placeholder,3,imc25_english_smish_15069,Smishing-Dataset-IMC25,candidate,NOTICE: Blanca Your Early Bird Black <DATE_TIME> order will arrive <DATE_TIME>: <URL>
notice blanca your early bird black placeholder order will arrive placeholder placeholder,3,imc25_english_smish_15105,Smishing-Dataset-IMC25,candidate,NOTICE: Blanca Your Early Bird Black <DATE_TIME> order will arrive <DATE_TIME>: <URL> ]b*Y
notice blanca your early bird black placeholder order will arrive placeholder placeholder,3,imc25_english_smish_15147,Smishing-Dataset-IMC25,candidate,NOTICE: Blanca Your Early Bird Black <DATE_TIME> order will arrive <DATE_TIME>: <URL>[o]b*Y
your parcel being held our depot due unpaid number number shipping fee please pay the fees before placeholder,3,imc25_english_smish_15117,Smishing-Dataset-IMC25,candidate,Your parcel is being held at our depot due to an unpaid £2.70 shipping fee. Please pay the fees before <DATE_TIME> otherwise the parcel will be returned to sender.
your parcel being held our depot due unpaid number number shipping fee please pay the fees before placeholder,3,imc25_english_smish_15135,Smishing-Dataset-IMC25,candidate,"Your parcel is being held at our depot due to an unpaid £2.70 shipping fee. Please pay the fees before <DATE_TIME>, <DATE_TIME> otherwise the parcel will be returned."
your parcel being held our depot due unpaid number number shipping fee please pay the fees before placeholder,3,imc25_english_smish_15343,Smishing-Dataset-IMC25,candidate,"Your parcel is being held at our depot due to an unpaid £2.70 shipping fee. Please pay the fees before <DATE_TIME>, <DATE_TIME> otherwise the parcel will be returned to sender."
dear customer your iphone has been found check location your mobile online here,3,imc25_english_smish_15483,Smishing-Dataset-IMC25,candidate,Dear Customer: Your iPhone has been found. Check location at your mobile online here.
dear customer your iphone has been found check location your mobile online here,3,imc25_english_smish_19155,Smishing-Dataset-IMC25,candidate,Dear Customer! Your iPhone has been found. Check location at your mobile online here.
dear customer your iphone has been found check location your mobile online here,3,imc25_english_smish_19607,Smishing-Dataset-IMC25,candidate,Dear Customer: Your IPhone has been found Check location at your mobile online here
dear placeholder the incometax dept requires you click the link below submit formal request for the remittance your,3,imc25_english_smish_15803,Smishing-Dataset-IMC25,candidate,"Dear <NAMED_ENTITY>, the incometax Dept requires you to click the link below to submit a formal request for the remittance of your unclaimed overdue tax refund of Rs19,450."
dear placeholder the incometax dept requires you click the link below submit formal request for the remittance your,3,imc25_english_smish_15908,Smishing-Dataset-IMC25,candidate,"Dear <NAMED_ENTITY>, the Incometax-Dept requires you to click the link below to submit a formal request for the remittance of your unclaimed overdue tax refund of Rs19,450. <URL>"
dear placeholder the incometax dept requires you click the link below submit formal request for the remittance your,3,imc25_english_smish_15991,Smishing-Dataset-IMC25,candidate,"Dear <NAMED_ENTITY> , the Incometax-Dept requires you to click the link below to submit a formal request for the remittance of your unclaimed overdue tax refund of Rs19,450."
bima yojana your application placeholder rw58r747 placeholder has been approved please check the status,3,imc25_english_smish_16289,Smishing-Dataset-IMC25,candidate,Bima Yojana! Your Application No-<US_DRIVER_LICENSE>/RW58R747/<US_DRIVER_LICENSE> Has Been Approved Please Check The Status:-
bima yojana your application placeholder rw58r747 placeholder has been approved please check the status,3,imc25_english_smish_16507,Smishing-Dataset-IMC25,candidate,Bima Yojana! Your Application No- <US_DRIVER_LICENSE>/ RW58R747/ <US_DRIVER_LICENSE> Has Been Approved Please Check The Status:-
bima yojana your application placeholder rw58r747 placeholder has been approved please check the status,3,imc25_english_smish_18679,Smishing-Dataset-IMC25,candidate,Bima Yojana! Your Application No- <US_DRIVER_LICENSE>/RW58R747/<US_DRIVER_LICENSE> Has Been Approved Please Check The Status:-
nhs you are eligible apply for covid pass proving you have been vaccinated against placeholder you can apply,3,imc25_english_smish_16291,Smishing-Dataset-IMC25,candidate,NHS: You are eligible to apply for a Covid Pass proving you have been vaccinated against <NAMED_ENTITY>. You can apply for this here: <URL>
nhs you are eligible apply for covid pass proving you have been vaccinated against placeholder you can apply,3,imc25_english_smish_16427,Smishing-Dataset-IMC25,candidate,NHS: You are eligible to apply for a Covid Pass proving you have been vaccinated against <NAMED_ENTITY>. You can apply for this here:
nhs you are eligible apply for covid pass proving you have been vaccinated against placeholder you can apply,3,imc25_english_smish_16462,Smishing-Dataset-IMC25,candidate,NHS: You are eligible to apply for a Covid Pass proving you have been vaccinated against <NAMED_ENTITY>. You can apply for this here: <NAMED_ENTITY>
placeholder you have successfully been vaccinated with your placeholder dose with covishield placeholder placeholder you may download your,3,imc25_english_smish_16477,Smishing-Dataset-IMC25,candidate,"<NAMED_ENTITY>, You have successfully been vaccinated with your <DATE_TIME> Dose with COVISHIELD on <DATE_TIME> at <DATE_TIME>. You may download your vaccination Certificate from - <URL> - CoWIN"
placeholder you have successfully been vaccinated with your placeholder dose with covishield placeholder placeholder you may download your,3,imc25_english_smish_16833,Smishing-Dataset-IMC25,candidate,"<NAMED_ENTITY>, You have successfully been vaccinated with your <DATE_TIME> Dose with COVISHIELD on <DATE_TIME> at <DATE_TIME>. You may download your vaccination Certificate from - <URL> - CoWIN Dear Nilesh, Congratulations! You have successfully completed the schedule of all doses of <NRP> vaccine. You can download your certificate at - https://"
placeholder you have successfully been vaccinated with your placeholder dose with covishield placeholder placeholder you may download your,3,imc25_english_smish_19038,Smishing-Dataset-IMC25,candidate,"<NAMED_ENTITY>, You have successfully been vaccinated with your <DATE_TIME> Dose with COVISHIELD on <DATE_TIME> at <DATE_TIME>. You may download your vaccination Certificate from -"
dear customer your electricity powar will disconnect placeholder your bill not update please contact electricity office number placeholder,3,imc25_english_smish_16523,Smishing-Dataset-IMC25,candidate,Dear Customer your electricity powar will be disconnect <DATE_TIME> your bill is not update please contact electricity office number <PHONE_NUMBER> thank you
dear customer your electricity powar will disconnect placeholder your bill not update please contact electricity office number placeholder,3,imc25_english_smish_19344,Smishing-Dataset-IMC25,candidate,Dear Customer your electricity powar will be disconnect <DATE_TIME> your bill is not update please contact electricity office number <US_BANK_NUMBER> thank you
dear customer your electricity powar will disconnect placeholder your bill not update please contact electricity office number placeholder,3,imc25_english_smish_19668,Smishing-Dataset-IMC25,candidate,Dear Customer your electricity powar will be disconnect <DATE_TIME> your bill is not update please contact electricity office number <DATE_TIME> thank you
dear placeholder you have successfully been vaccinated with your precaution dose with covishield placeholder placeholder you may download,3,imc25_english_smish_16541,Smishing-Dataset-IMC25,candidate,"Dear <NAMED_ENTITY>, You have successfully been vaccinated with your Precaution Dose with COVISHIELD on <DATE_TIME> at <DATE_TIME>. You may download your vaccination Certificate from - <URL> - CoWIN"
dear placeholder you have successfully been vaccinated with your precaution dose with covishield placeholder placeholder you may download,3,imc25_english_smish_16593,Smishing-Dataset-IMC25,candidate,"Dear <NAMED_ENTITY> , You have successfully been vaccinated with your Precaution Dose with COVISHIELD on <DATE_TIME> at <DATE_TIME>. You may download your vaccination Certificate from - <URL> - CoWIN"
dear placeholder you have successfully been vaccinated with your precaution dose with covishield placeholder placeholder you may download,3,imc25_english_smish_16924,Smishing-Dataset-IMC25,candidate,"Dear <NAMED_ENTITY>, You have successfully been vaccinated with your Precaution Dose with COVISHIELD on <DATE_TIME> at <DATE_TIME>. You may download your vaccination Certificate from -"
dear customer your electricity power will placeholder placeholder number 30pm from electricity office please immediately call electricity officer,3,imc25_english_smish_16588,Smishing-Dataset-IMC25,candidate,Dear customer Your Electricity power will be <URL><DATE_TIME> at 9.30pm from electricity office. Please immediately call electricity officer no <DATE_TIME>
dear customer your electricity power will placeholder placeholder number 30pm from electricity office please immediately call electricity officer,3,imc25_english_smish_16635,Smishing-Dataset-IMC25,candidate,Dear customer Your Electricity power will be <URL><DATE_TIME> at 9.30pm from Electricity office. Please immediately call Electricity officer no <PHONE_NUMBER>
dear customer your electricity power will placeholder placeholder number 30pm from electricity office please immediately call electricity officer,3,imc25_english_smish_16714,Smishing-Dataset-IMC25,candidate,Dear customer Your Electricity power will be <URL><DATE_TIME> at 9.30pm from electricity office. Please immediately call electricity officer no <US_BANK_NUMBER>
your subscription has expired verify your account and purchase lifetime subscription for just number number gbp simply tap,3,imc25_english_smish_17096,Smishing-Dataset-IMC25,candidate,Your subscription has expired. To verify your account and purchase a lifetime subscription for just 0.99 GBP simply tap on this link.
your subscription has expired verify your account and purchase lifetime subscription for just number number gbp simply tap,3,imc25_english_smish_17119,Smishing-Dataset-IMC25,candidate,Your subscription has expired. To Verify your account and purchase a lifetime subscription for just 0.99 GBP simply tap on this link <URL>
your subscription has expired verify your account and purchase lifetime subscription for just number number gbp simply tap,3,imc25_english_smish_17160,Smishing-Dataset-IMC25,candidate,Your subscription has expired. To verify your account and purchase a lifetime subscription for just 0.99 GBP simply tap on this link
kidnap your daughter you want your daughter safe bank placeholder now don report police report will kill her,3,imc25_english_smish_17270,Smishing-Dataset-IMC25,candidate,"i kidnap your daughter, if you want your daughter safe. bank in $<OTP> now DON'T REPORT POLICE, U REPORT I WILL KILL HER."
kidnap your daughter you want your daughter safe bank placeholder now don report police report will kill her,3,imc25_english_smish_17314,Smishing-Dataset-IMC25,candidate,"i kidnap your daughter , if you want your daughter safe. bank in $<OTP> now DON'T REPORT POLICE , U REPORT I WILL KILL HER."
kidnap your daughter you want your daughter safe bank placeholder now don report police report will kill her,3,imc25_english_smish_17597,Smishing-Dataset-IMC25,candidate,"i kidnap your daughter ; if you want your daughter safe. bank in $<OTP> now DON'T REPORT POLICE , U REPORT I WILL KILL HER."
just received free number gift card from sainsbury get yours before the offer ends thank later,3,imc25_english_smish_17293,Smishing-Dataset-IMC25,candidate,I just received a free £120 gift card from Sainsbury's. Get yours before the offer ends. Thank me later 😉👋
just received free number gift card from sainsbury get yours before the offer ends thank later,3,imc25_english_smish_17346,Smishing-Dataset-IMC25,candidate,I just received a free £120 gift card from Sainsbury's. Get yours before the offer ends. Thank me later 🙂👋
just received free number gift card from sainsbury get yours before the offer ends thank later,3,imc25_english_smish_17674,Smishing-Dataset-IMC25,candidate,I just received a free £120 gift card from Sainsbury's. Get yours before the offer ends. Thank me later 😊👏
dear customer your aay placeholder placeholder your service will within placeholder call placeholder imediately thank you apply,3,imc25_english_smish_17929,Smishing-Dataset-IMC25,candidate,"Dear Customer Your p.aay,T'M (<NAMED_ENTITY> <DATE_TIME>), Your Service Will B.l.i.c.k Within <DATE_TIME> Call Us <US_BANK_NUMBER> Imediately Thank you T&C apply"
dear customer your aay placeholder placeholder your service will within placeholder call placeholder imediately thank you apply,3,imc25_english_smish_20753,Smishing-Dataset-IMC25,candidate,"Dear Customer Your p.aay,'T'M (<NAMED_ENTITY> <DATE_TIME>), Your Service Will B.I.c.k Within <DATE_TIME> Call Us <DATE_TIME> Imediately Thank you T&C apply"
dear customer your aay placeholder placeholder your service will within placeholder call placeholder imediately thank you apply,3,imc25_english_smish_20824,Smishing-Dataset-IMC25,candidate,"Dear Customer Your p,aay!T-M (<NAMED_ENTITY> <DATE_TIME>), Your Service Will B.I.c.k Within <DATE_TIME> Call Us <DATE_TIME> Imediately Thank you T&C apply"
dear customer your patmkcy placeholder been expired will bl0cked within placeholder please contact customer care placeholder immediately verify,3,imc25_english_smish_18113,Smishing-Dataset-IMC25,candidate,"Dear customer your PATMKCY! <NAMED_ENTITY> been! expired! It's will be bl0cked within <DATE_TIME>, please contact customer! Care ph... <PHONE_NUMBER> immediately to verify"
dear customer your patmkcy placeholder been expired will bl0cked within placeholder please contact customer care placeholder immediately verify,3,imc25_english_smish_18190,Smishing-Dataset-IMC25,candidate,"Dear customer your PATMKCY! <NAMED_ENTITY> been! expired! It's will be bl0cked within <DATE_TIME>, please contact customer! Care ph... <UK_NHS> immediately to verify"
dear customer your patmkcy placeholder been expired will bl0cked within placeholder please contact customer care placeholder immediately verify,3,imc25_english_smish_18286,Smishing-Dataset-IMC25,candidate,"Dear customer your PATMKCY! <NAMED_ENTITY> been! expired! It's will be bl0cked within <DATE_TIME>, please contact customer! Care ph...<PHONE_NUMBER> immediately to verify"
ref your booking placeholder lpg cylinder was delivered placeholder for any queries contact your distributor,3,imc25_english_smish_18155,Smishing-Dataset-IMC25,candidate,"Ref. your booking no <US_DRIVER_LICENSE>, LPG cylinder was delivered on <DATE_TIME>. For any queries contact your distributor."
ref your booking placeholder lpg cylinder was delivered placeholder for any queries contact your distributor,3,imc25_english_smish_18419,Smishing-Dataset-IMC25,candidate,"Ref. your booking no <DATE_TIME>, LPG cylinder was delivered on <DATE_TIME>. For any queries contact your distributor."
ref your booking placeholder lpg cylinder was delivered placeholder for any queries contact your distributor,3,imc25_english_smish_19208,Smishing-Dataset-IMC25,candidate,"Ref. your booking no <OTP>, LPG cylinder was delivered on <DATE_TIME>. For any queries contact your distributor."
port placeholder,3,imc25_english_smish_18176,Smishing-Dataset-IMC25,candidate,PORT <US_BANK_NUMBER>
port placeholder,3,imc25_english_smish_18523,Smishing-Dataset-IMC25,candidate,PORT <UK_NHS>
port placeholder,3,imc25_english_smish_19304,Smishing-Dataset-IMC25,candidate,PORT <OTP>
dear customer you have won prize placeholder two hundred thousand riyal from placeholder very happy great congratulations this,3,imc25_english_smish_18390,Smishing-Dataset-IMC25,candidate,Dear customer you have won a prize <US_DRIVER_LICENSE> Two Hundred thousand Riyal from <LOCATION> so very happy great congratulations this is promotional lucky draw for the Happy New Year so you can contact us on this number of <DATE_TIME>
dear customer you have won prize placeholder two hundred thousand riyal from placeholder very happy great congratulations this,3,imc25_english_smish_20043,Smishing-Dataset-IMC25,candidate,Dear customer you have won a prize <US_DRIVER_LICENSE> Two Hundred thousand Riyal from <LOCATION> so very happy great congratulations this is promotional lucky draw for the Happy New Year so you can contact us on this number of <OTP>...
dear customer you have won prize placeholder two hundred thousand riyal from placeholder very happy great congratulations this,3,imc25_english_smish_20154,Smishing-Dataset-IMC25,candidate,Dear customer you have won a prize <US_DRIVER_LICENSE> Two Hundred thousand Riyal from <LOCATION> so very happy great congratulations this is promotional lucky draw for the Happy New Year so you can contact us on this number of 00996B
hello sorry sent you number digit code sms mistake can you pass please urgent,3,imc25_english_smish_18814,Smishing-Dataset-IMC25,candidate,"Hello, I'm sorry, I sent you a 6-digit code by SMS by mistake, can you pass it to me please? It is urgent..."
hello sorry sent you number digit code sms mistake can you pass please urgent,3,imc25_english_smish_18917,Smishing-Dataset-IMC25,candidate,"Hello, I'm sorry, I sent you a 6-digit code by SMS by mistake, can you pass it to me please? It is urgent😟👋📷"
hello sorry sent you number digit code sms mistake can you pass please urgent,3,imc25_english_smish_19241,Smishing-Dataset-IMC25,candidate,Hello' I am sorry I sent you a my 6 digit code by SMS by mistake can you pass it to me please ? it is urgent
you have received new voicemail placeholder,3,imc25_english_smish_18866,Smishing-Dataset-IMC25,candidate,(!) You have received a new voicemail: <NAMED_ENTITY>
you have received new voicemail placeholder,3,imc25_english_smish_19803,Smishing-Dataset-IMC25,candidate,You have received a new voicemail: <NAMED_ENTITY>
you have received new voicemail placeholder,3,imc25_english_smish_19805,Smishing-Dataset-IMC25,candidate,You have received a new voicemail: <URL>
dear consumar your electricity powar will disconnected night placeholder from electricity office because your placeholder bill was not,3,imc25_english_smish_19488,Smishing-Dataset-IMC25,candidate,Dear consumar Your Electricity powar will be disconnected. To night at <DATE_TIME> from electricity office because Your <DATE_TIME> bill was not update. Please immediatley contact with our electricity officer. <PHONE_NUMBER> thank you
dear consumar your electricity powar will disconnected night placeholder from electricity office because your placeholder bill was not,3,imc25_english_smish_19679,Smishing-Dataset-IMC25,candidate,Dear consumar Your Electricity powar will be disconnected. To night at <DATE_TIME> from electricity office because your <DATE_TIME> bill was not update. Please immediately contact with our electricity officer <PHONE_NUMBER> thank you
dear consumar your electricity powar will disconnected night placeholder from electricity office because your placeholder bill was not,3,imc25_english_smish_19729,Smishing-Dataset-IMC25,candidate,Dear consumar Your Electricity powar will be disconnected. To night at <DATE_TIME> from electricity office because your <DATE_TIME> bill was not update. Please immediatly contact with our electricity officer <PHONE_NUMBER> thank you
dear vip your application approved please check job placeholder truekindle,3,imc25_english_smish_19828,Smishing-Dataset-IMC25,candidate,"Dear VIP, your application is approved, please check ur job {<URL> TRUEKINDLE"
dear vip your application approved please check job placeholder truekindle,3,imc25_english_smish_19829,Smishing-Dataset-IMC25,candidate,"Dear VIP, your application is approved, please check ur job <URL> TRUEKINDLE"
dear vip your application approved please check job placeholder truekindle,3,imc25_english_smish_19830,Smishing-Dataset-IMC25,candidate,"Dear VIP, your application is approved, please check ur job {wa/<US_DRIVER_LICENSE>}, TRUEKINDLE"
dear customer complaint with registration number placeholder phone number placeholder has been resolved the complaint still persists kindly,3,imc25_english_smish_20468,Smishing-Dataset-IMC25,candidate,"Dear Customer, Complaint with registration number <US_BANK_NUMBER> on phone number <PHONE_NUMBER> has been resolved. If the complaint still persists kindly contact <OTP> or <PHONE_NUMBER> for any further queries. Thanks for choosing BSNL as your Service provider."
dear customer complaint with registration number placeholder phone number placeholder has been resolved the complaint still persists kindly,3,imc25_english_smish_20471,Smishing-Dataset-IMC25,candidate,"Dear Customer, Complaint with registration number <PHONE_NUMBER> on phone number <DATE_TIME> has been resolved. If the complaint still persists, kindly contact <OTP> or <PHONE_NUMBER> for any further queries. Thanks for choosing BSNL as your Service Provider."
dear customer complaint with registration number placeholder phone number placeholder has been resolved the complaint still persists kindly,3,imc25_english_smish_20584,Smishing-Dataset-IMC25,candidate,"Dear Customer,Complaint with registration number <US_BANK_NUMBER> on phone number <DATE_TIME> has been resolved. If the complaint still persists,kindly contact <OTP> or <PHONE_NUMBER> for any further queries. Please provide your feedback at <URL>"
were unable process your latest bill order avoid fees update your billing information via,3,imc25_english_smish_20508,Smishing-Dataset-IMC25,candidate,"EE:We were unable to process your latest bill. In order to avoid fees, update your billing information via:"
were unable process your latest bill order avoid fees update your billing information via,3,imc25_english_smish_20661,Smishing-Dataset-IMC25,candidate,"[EE]:We were unable to process your latest bill. In order to avoid fees, update your billing information via:"
were unable process your latest bill order avoid fees update your billing information via,3,imc25_english_smish_20687,Smishing-Dataset-IMC25,candidate,"EE: We were unable to process your latest bill. In order to avoid fees, update your billing information via"
hello callertunes will activated your number within placeholder this service valid till placeholder and placeholder rental number will,3,imc25_english_smish_20552,Smishing-Dataset-IMC25,candidate,"Hello! Callertunes will be activated on your number within <DATE_TIME>. This service is valid till <DATE_TIME> and a <DATE_TIME> rental of Rs.99 will reflect in your next bill. To deactivate, SMS STOP to or call <US_DRIVER_LICENSE>(toll free).Offer!Now Enjoy FREE Profile tunes on CallerTunes APP, click <URL> Call <OTP> (Tollfree) to set your favourite Callertune or Dial <OTP> (Tollfree)."
hello callertunes will activated your number within placeholder this service valid till placeholder and placeholder rental number will,3,imc25_english_smish_20581,Smishing-Dataset-IMC25,candidate,"Hello! Callertunes will be activated on your number within <DATE_TIME>. This service is valid till <DATE_TIME> and a <DATE_TIME> rental of Rs.99 will reflect in your next bill. To deactivate, SMS STOP to or call <US_DRIVER_LICENSE> (toll free). Offer! Now Enjoy FREE Profile tunes on CallerTunes APP, click <URL> Call <OTP> (Tollfree) to set your favourite Callertune or Dial <OTP> (Tollfree)."
hello callertunes will activated your number within placeholder this service valid till placeholder and placeholder rental number will,3,imc25_english_smish_20906,Smishing-Dataset-IMC25,candidate,"Hello! Callertunes will be activated on your number within <DATE_TIME>. This service is valid till <DATE_TIME> and a <DATE_TIME> rental of Rs.39 will reflect in your next bill. To deactivate, SMS STOP to or call <US_DRIVER_LICENSE>(toll free).Offer! Now <NAMED_ENTITY> tunes on CallerTunes APP, click <URL> .Call <DATE_TIME> (Tollfree) to set your favourite Callertune or Call <OTP> (Tollfree). 'Everybodys Welcome(Vodafone Tune)' has been set as your Caller Tune for all at Rs. <DATE_TIME>. The service will get deactivated on <DATE_TIME>. To deactivate, SMS STOP to or call <US_DRIVER_LICENSE>(toll free).Offer! Now <NAMED_ENTITY> tunes on CallerTunes APP, click <URL> .Call <DATE_TIME> (Tollfree) to set your favourite Callertune or Call <OTP> (Tollfree)."
dear jiouser your document verification pending please call our customer service placeholder your service will blocked within placeholder,3,imc25_english_smish_20950,Smishing-Dataset-IMC25,candidate,Dear JioUser Your Document Verification is Pending. Please call our customer service at <UK_NHS>. Your service will be blocked within <DATE_TIME>. Thank You
dear jiouser your document verification pending please call our customer service placeholder your service will blocked within placeholder,3,imc25_english_smish_20975,Smishing-Dataset-IMC25,candidate,Dear JioUser Your Document Verification is Pending. Please call our customer service at <PHONE_NUMBER>. Your service will be blocked within <DATE_TIME>. Thank You
dear jiouser your document verification pending please call our customer service placeholder your service will blocked within placeholder,3,imc25_english_smish_21321,Smishing-Dataset-IMC25,candidate,Dear JioUser Your Document Verification is Pending. Please call our customer service at <DATE_TIME>. Your service will be blocked within <DATE_TIME>. Thank You
dear customer your airtel sim number has been locked for placeholder please ekyc update submit addhar card placeholder,3,imc25_english_smish_20956,Smishing-Dataset-IMC25,candidate,"Dear customer your Airtel sim Number has been b-locked for <DATE_TIME> please Ekyc Update submit Addhar Card <DATE_TIME> please call customer care <PHONE_NUMBER> im,mediately"
dear customer your airtel sim number has been locked for placeholder please ekyc update submit addhar card placeholder,3,imc25_english_smish_21040,Smishing-Dataset-IMC25,candidate,"Dear customer your Airtel sim Number has been b-locked for <DATE_TIME> please Ekyc Update submit Addhar Card <DATE_TIME> please call customer care <DATE_TIME> im,mediately"
dear customer your airtel sim number has been locked for placeholder please ekyc update submit addhar card placeholder,3,imc25_english_smish_21275,Smishing-Dataset-IMC25,candidate,"Dear customer your Airtel sim Number has been b-locked for <DATE_TIME> please Ekyc Update submit Addhar Card <DATE_TIME> please call customer care: <PHONE_NUMBER> im,mediately"
dear customer your rtel placeholder has been expired please call customer care placeholder immediately your will deactivated thanku,3,imc25_english_smish_20974,Smishing-Dataset-IMC25,candidate,Dear Customer Your A!RTEL S.I.M <URL>C Has Been Expired Please Call Customer care No <PHONE_NUMBER> Immediately Your S.I.M will be Deactivated Thanku <DATE_TIME>
dear customer your rtel placeholder has been expired please call customer care placeholder immediately your will deactivated thanku,3,imc25_english_smish_21172,Smishing-Dataset-IMC25,candidate,Dear Customer Your A! RTEL S.I.M <URL>C Has Been Expired Please Call Customer care No <PHONE_NUMBER> Immediately Your S.I.M will be Deactivated Thanku <DATE_TIME>
dear customer your rtel placeholder has been expired please call customer care placeholder immediately your will deactivated thanku,3,imc25_english_smish_21406,Smishing-Dataset-IMC25,candidate,Dear Customer Your A!RTEL S.I.M <URL>C Has Been Expired Please Call Customer care No <US_BANK_NUMBER> Immediately Your S.I.M will be Deactivated Thanku <DATE_TIME>
dear customer your sim document has been expired placeholder your service block within placeholder call placeholder immediately thanks,3,imc25_english_smish_21021,Smishing-Dataset-IMC25,candidate,"Dear customer, Your SIM Document has been expired <DATE_TIME>. Your service block within <DATE_TIME> . Call us <DATE_TIME> immediately . Thanks you"
dear customer your sim document has been expired placeholder your service block within placeholder call placeholder immediately thanks,3,imc25_english_smish_21047,Smishing-Dataset-IMC25,candidate,"Dear customer, Your SIM Document has been expired <DATE_TIME>. Your service block within <DATE_TIME> . Call us <PHONE_NUMBER> immediately . Thanks you"
dear customer your sim document has been expired placeholder your service block within placeholder call placeholder immediately thanks,3,imc25_english_smish_21319,Smishing-Dataset-IMC25,candidate,Dear customer your sim Document has been expired <DATE_TIME>. Your service block within <DATE_TIME> call us <DATE_TIME> immediately. thanks you
dear customer your air tel number serv ice will expired within 24hrs more inquiry please call placeholder customer,3,imc25_english_smish_21051,Smishing-Dataset-IMC25,candidate,"Dear customer, your (Air'tel) number serv'ice will be expired within 24hrs more inquiry please call us <DATE_TIME> customer <URL>ank you Dear customer, your (Air'tel) number serv'ice will be expired within 24hrs more inquiry please call us <PHONE_NUMBER> customer <URL>ank you"
dear customer your air tel number serv ice will expired within 24hrs more inquiry please call placeholder customer,3,imc25_english_smish_21286,Smishing-Dataset-IMC25,candidate,"Dear customer, your (Air'tel) number serv'ice will be expired within 24hrs more inquiry please call us <PHONE_NUMBER> customer care. thank you"
dear customer your air tel number serv ice will expired within 24hrs more inquiry please call placeholder customer,3,imc25_english_smish_21340,Smishing-Dataset-IMC25,candidate,"Dear customer, your (Air'tel) number serv'ice will be expired within 24hrs more inquiry please call us <PHONE_NUMBER> customer <URL>ank you"
while investigating for the service request number placeholder related dnd issue your airtel number couldn find the call,3,imc25_english_smish_21069,Smishing-Dataset-IMC25,candidate,"Hi, while investigating for the Service Request No. 31-<US_BANK_NUMBER> related to DND issue on your Airtel number, we couldn't find the call/SMS records for reported content for shared date. Hence, no action has been taken against the sender. If you are not satisfied with the resolution, contact 198/appellate to raise an appeal."
while investigating for the service request number placeholder related dnd issue your airtel number couldn find the call,3,imc25_english_smish_21305,Smishing-Dataset-IMC25,candidate,"Hi, while investigating for the Service Request No. 31-<US_BANK_NUMBER> related to DND issue on your Airtel number, we couldn't find the call/SMS records for reported content for shared date. Hence, no action has been taken against the sender. If you are not satisfied with the resolution, contact 198/ appellate to raise an appeal."
while investigating for the service request number placeholder related dnd issue your airtel number couldn find the call,3,imc25_english_smish_21553,Smishing-Dataset-IMC25,candidate,"Hi, while investigating for the Service Request No. 31 <US_BANK_NUMBER> related to DND issue on your Airtel number, we couldn't find the call/SMS records for reported content for shared date. Hence, no action has been taken against the sender. If you are not satisfied with the resolution, contact 198/appellate to raise an appeal."
dear sim user your document verification pending please call our customer service placeholder your service will blocked within,3,imc25_english_smish_21152,Smishing-Dataset-IMC25,candidate,"Dear SIM user your Document verification is Pending Please call our customer Service at <PHONE_NUMBER> Your Service will Blocked within <DATE_TIME>. Thank You, <NAMED_ENTITY>"
dear sim user your document verification pending please call our customer service placeholder your service will blocked within,3,imc25_english_smish_21160,Smishing-Dataset-IMC25,candidate,Dear Sim user your Document verification is Pending Please call our customer Service at <PHONE_NUMBER> Your Service will Blocked within 24 Hrs.-Slman
dear sim user your document verification pending please call our customer service placeholder your service will blocked within,3,imc25_english_smish_21221,Smishing-Dataset-IMC25,candidate,Dear Sim user your Document verification is Pending Please call our customer Service at <PHONE_NUMBER> Your Service will Blocked within 24 <NAMED_ENTITY>
dear customer your sim documents has been expired within placeholder kindly immediately call customer care placeholder otherwise sim,3,imc25_english_smish_21178,Smishing-Dataset-IMC25,candidate,Dear customer your SIM documents has been expired within <DATE_TIME> kindly immediately call customer care no. <PHONE_NUMBER> otherwise SIM will be blocked Thank you
dear customer your sim documents has been expired within placeholder kindly immediately call customer care placeholder otherwise sim,3,imc25_english_smish_21450,Smishing-Dataset-IMC25,candidate,Dear customer your SIM documents has been expired within <DATE_TIME> kindly immediately call customer care no: <PHONE_NUMBER> otherwise SIM will be blocked thank you
dear customer your sim documents has been expired within placeholder kindly immediately call customer care placeholder otherwise sim,3,imc25_english_smish_21638,Smishing-Dataset-IMC25,candidate,Dear customer your SIM documents has been expired within <DATE_TIME> kindly immediately call customer care no.<PHONE_NUMBER> otherwise SIM will be blocked Thank you
dear customer your airtel number service will expired with placeholder more enquiry please call customer care placeholder immediately,3,imc25_english_smish_21248,Smishing-Dataset-IMC25,candidate,"Dear Customer, your Airtel number service will be expired with in <DATE_TIME>, more enquiry please call us customer care <PHONE_NUMBER> immediately. Thank you Airtel team."
dear customer your airtel number service will expired with placeholder more enquiry please call customer care placeholder immediately,3,imc25_english_smish_21314,Smishing-Dataset-IMC25,candidate,"Dear Customer, your Airtel number service will be expired with in <DATE_TIME>, more enquiry please call us customer care <DATE_TIME> immediately. Thanks Airtel"
dear customer your airtel number service will expired with placeholder more enquiry please call customer care placeholder immediately,3,imc25_english_smish_21363,Smishing-Dataset-IMC25,candidate,"Dear Customer, your Airtel number service will be expired with in <DATE_TIME>, more enquiry please call us customer care <UK_NHS> immediately. Thank you Airtel team"
the transaction with ref placeholder from unionbank onepuhunan for number number php currently pending due system error cancel,3,imc25_english_smish_21944,Smishing-Dataset-IMC25,candidate,"The transaction with Ref #<US_DRIVER_LICENSE> from UNIONBANK to OnePuhunan for 15,000 PHP is currently pending due to a system error. To cancel the transaction, please click on the following link: https[:]//unionbank[.]kpa[.]ph Thank you for your understanding. Note: Kindly remove the bracket ""[]"" to access the link."
the transaction with ref placeholder from unionbank onepuhunan for number number php currently pending due system error cancel,3,imc25_english_smish_21983,Smishing-Dataset-IMC25,candidate,"The transaction with Ref #<US_DRIVER_LICENSE> from UNIONBANK to OnePuhunan for 15,000 PHP is currently pending due to a system error. To cancel the transaction, please click on the following link:"
the transaction with ref placeholder from unionbank onepuhunan for number number php currently pending due system error cancel,3,imc25_english_smish_22028,Smishing-Dataset-IMC25,candidate,"The transaction with Ref #<US_DRIVER_LICENSE> from UNIONBANK to OnePuhunan for 15,000 PHP is currently pending due to a system error. To cancel the transaction, please click on the following link: <URL> Thank you for your understanding. Note: Kindly remove the bracket ""[]"" to access the link."
your coinbase password has been successfully changed you did not make this change please call placeholder immediately disable,3,imc25_english_smish_21945,Smishing-Dataset-IMC25,candidate,"Your Coinbase password has been successfully changed. If you did not make this change, please call <PHONE_NUMBER> immediately to disable your account. Coinbase: Your verification code is <PHONE_NUMBER>. Do not share this code <OTP> anyone. A request to withdraw 0.16 BTC ($<OTP>.96) has been made on your Coinbase account."
your coinbase password has been successfully changed you did not make this change please call placeholder immediately disable,3,imc25_english_smish_21984,Smishing-Dataset-IMC25,candidate,"Your Coinbase password has been successfully changed If you did not make this change, please call <PHONE_NUMBER> immediately to disable your account. Coinbase: Your verification code is <PHONE_NUMBER>. Do not share this code <OTP> anyone. A request to withdraw 0.16 BTC ($<OTP>.96) has been made on your Coinbase account."
your coinbase password has been successfully changed you did not make this change please call placeholder immediately disable,3,imc25_english_smish_22029,Smishing-Dataset-IMC25,candidate,"Your Coinbase password has been successfully changed If you did not make this change, please call <PHONE_NUMBER> immediately to disable your account. Coinbase: Your verification code is <PHONE_NUMBER>. Do not share this code <OTP> anyone. A request to withdraw 0.16 BTC ($<OTP>.96) has been made on your Coinbase account"
