id,source_name,dataset_name,message_clean,label,review_status,scam_category,language,duplicate_status,reviewer_notes
imc25_english_smish_08226,Smishing-Dataset-IMC25,reportsmishing/Smishing-Dataset-IMC25,Dear customer your KOTAK DEBIT CARD point worth Rs <OTP> expired by <DATE_TIME>. Kindly convert your points into cash by click here <URL>,smishing,approved,banking,English,unique,"Imported from IMC25 English-only smishing corpus. Lure principles: authority,need and greed,time/urgency. Named entity tag: Kotak Mahindra Bank. | round2_english_readability_cleanup 2026-05-07: approved; IMC25 English SMS-like phishing row with direct lure/action signal. confidence=high"
imc25_english_smish_08228,Smishing-Dataset-IMC25,reportsmishing/Smishing-Dataset-IMC25,¥our ATM & Acc***02 has been block due to BVN $system €Error Call <PHONE_NUMBER> to open with;n <DATE_TIME> U don dey craze guy na me <NAMED_ENTITY> scam me E b like say u no know say me sef need money pass u way wan scam me For that reason u go die young ni OLORIBURUKU No b u b the CEMENT GUY FOR EKPOMA <NAMED_ENTITY>,smishing,approved,banking,English,unique,"Imported from IMC25 English-only smishing corpus. Lure principles: authority,time/urgency. | round2_english_readability_cleanup 2026-05-07: approved; IMC25 English SMS-like phishing row with direct lure/action signal. confidence=high"
imc25_english_smish_08229,Smishing-Dataset-IMC25,reportsmishing/Smishing-Dataset-IMC25,Your funds (<OTP>.43 GBP) will be removed unless you access your account within <DATE_TIME>: <URL>,smishing,approved,banking,English,unique,"Imported from IMC25 English-only smishing corpus. Lure principles: need and greed,time/urgency. Named entity tag: unknown. | round2_english_readability_cleanup 2026-05-07: approved; IMC25 English SMS-like phishing row with direct lure/action signal. confidence=high"
imc25_english_smish_08230,Smishing-Dataset-IMC25,reportsmishing/Smishing-Dataset-IMC25,Dear customer your Kotak BANK Debit Card points worth Rs <OTP> expired by <DATE_TIME>. Kindly convert your points into cash by click here <URL>,smishing,approved,banking,English,unique,"Imported from IMC25 English-only smishing corpus. Lure principles: authority,time/urgency. Named entity tag: Kotak Mahindra Bank. | round2_english_readability_cleanup 2026-05-07: approved; IMC25 English SMS-like phishing row with direct lure/action signal. confidence=high"
imc25_english_smish_08232,Smishing-Dataset-IMC25,reportsmishing/Smishing-Dataset-IMC25,Dear customer your ICICI SAVING BANK point worth Rs <OTP> expired by <DATE_TIME>. Kindly convert your points into cash by click here,smishing,approved,banking,English,unique,"Imported from IMC25 English-only smishing corpus. Lure principles: authority,need and greed,time/urgency. Named entity tag: ICICI Bank. | round2_english_readability_cleanup 2026-05-07: approved; IMC25 English SMS-like phishing row with direct lure/action signal. confidence=high"
imc25_english_smish_08233,Smishing-Dataset-IMC25,reportsmishing/Smishing-Dataset-IMC25,Dear customer your STANDARD CHARTERED Visa Card point worth Rs <OTP> expired by <DATE_TIME>. Kindly convert your point in cash by click here,smishing,approved,banking,English,unique,"Imported from IMC25 English-only smishing corpus. Lure principles: authority,time/urgency. Named entity tag: Standard Chartered. | round2_english_readability_cleanup 2026-05-07: approved; IMC25 English SMS-like phishing row with direct lure/action signal. confidence=high"
imc25_english_smish_08234,Smishing-Dataset-IMC25,reportsmishing/Smishing-Dataset-IMC25,RM0 Citi : We have received your request on <DATE_TIME> to transfer MYR350.00 account number ending <OTP>. Please call Citibank for any query.,smishing,approved,banking,English,unique,"Imported from IMC25 English-only smishing corpus. Lure principles: authority,time/urgency. Named entity tag: Citi. | round2_english_readability_cleanup 2026-05-07: approved; IMC25 English SMS-like phishing row with direct lure/action signal. confidence=high"
imc25_english_smish_08235,Smishing-Dataset-IMC25,reportsmishing/Smishing-Dataset-IMC25,Dear customer your KOTAK BANK Visa Card points worth Rs <OTP> expired by <DATE_TIME>. Kindly convert your points into cash by click here <URL>,smishing,approved,banking,English,unique,"Imported from IMC25 English-only smishing corpus. Lure principles: authority,need and greed,time/urgency. Named entity tag: Kotak Mahindra Bank. | round2_english_readability_cleanup 2026-05-07: approved; IMC25 English SMS-like phishing row with direct lure/action signal. confidence=high"
imc25_english_smish_08236,Smishing-Dataset-IMC25,reportsmishing/Smishing-Dataset-IMC25,Your PayPal account has been restricted. You have <DATE_TIME> to confirm the account information or your account will be closed: <URL>.****.pw/m/,smishing,approved,banking,English,unique,"Imported from IMC25 English-only smishing corpus. Lure principles: authority,time/urgency. Named entity tag: PayPal. | round2_english_readability_cleanup 2026-05-07: approved; IMC25 English SMS-like phishing row with direct lure/action signal. confidence=high"
imc25_english_smish_08237,Smishing-Dataset-IMC25,reportsmishing/Smishing-Dataset-IMC25,We have identified some unusual activity in your online banking. Please login via <URL> to secure your account.,smishing,approved,banking,English,unique,"Imported from IMC25 English-only smishing corpus. Lure principles: distraction,need and greed,time/urgency. Named entity tag: nab. | round2_english_readability_cleanup 2026-05-07: approved; IMC25 English SMS-like phishing row with direct lure/action signal. confidence=high"
imc25_english_smish_08239,Smishing-Dataset-IMC25,reportsmishing/Smishing-Dataset-IMC25,"First EMI of Rs. 3,890 for loan a/c no. 405SFP87784648 is due on <DATE_TIME>. Keep YESB a/c ending with <OTP> funded <DATE_TIME> in advance to avoid bounce charges. For queries, chat with our Virtual Assistant BLU on <URL> .Regards,<NRP> Finserv",smishing,approved,banking,English,unique,"Imported from IMC25 English-only smishing corpus. Lure principles: authority,need and greed. Named entity tag: bajaj finserv. | round2_english_readability_cleanup 2026-05-07: approved; IMC25 English SMS-like phishing row with direct lure/action signal. confidence=high"
imc25_english_smish_08240,Smishing-Dataset-IMC25,reportsmishing/Smishing-Dataset-IMC25,"Welcome to PayMaya! An account was created for you. Check out all the cool things you can do with PayMaya, click here: <URL>",smishing,approved,banking,English,unique,"Imported from IMC25 English-only smishing corpus. Lure principles: authority,distraction. Named entity tag: paymaya. | round2_english_readability_cleanup 2026-05-07: approved; IMC25 English SMS-like phishing row with direct lure/action signal. confidence=high"
imc25_english_smish_08242,Smishing-Dataset-IMC25,reportsmishing/Smishing-Dataset-IMC25,U.S. Bank is undergoing a server upgrade. Follow this link <URL> to update your account to avoid account limitation.,smishing,approved,banking,English,unique,"Imported from IMC25 English-only smishing corpus. Lure principles: authority,time/urgency. Named entity tag: us bank. | round2_english_readability_cleanup 2026-05-07: approved; IMC25 English SMS-like phishing row with direct lure/action signal. confidence=high"
imc25_english_smish_08243,Smishing-Dataset-IMC25,reportsmishing/Smishing-Dataset-IMC25,Get Lifetime Free credit card with great benefits only from ICICI Platinum Chip Credit Card. Apply now! <URL> Open Zero Balance A/c with Kotak Mahindra Bank & get Assured Cashbacks on transactions. Click here <URL> to avail this offer. *T&C apply,smishing,approved,banking,English,unique,"Imported from IMC25 English-only smishing corpus. Lure principles: authority,need and greed,time/urgency. Named entity tag: ICICI Bank,Kotak Mahindra Bank. | round2_english_readability_cleanup 2026-05-07: approved; IMC25 English SMS-like phishing row with direct lure/action signal. confidence=high"
imc25_english_smish_08244,Smishing-Dataset-IMC25,reportsmishing/Smishing-Dataset-IMC25,"Your account has been restricted. To fully restore your services, please visit <URL> to confirm your device.",smishing,approved,banking,English,unique,"Imported from IMC25 English-only smishing corpus. Lure principles: authority,time/urgency. Named entity tag: st george. | round2_english_readability_cleanup 2026-05-07: approved; IMC25 English SMS-like phishing row with direct lure/action signal. confidence=high"
imc25_english_smish_08245,Smishing-Dataset-IMC25,reportsmishing/Smishing-Dataset-IMC25,Your account is suspended. Un-block it manually. <URL>,smishing,approved,banking,English,unique,"Imported from IMC25 English-only smishing corpus. Lure principles: authority,time/urgency. Named entity tag: commbank. | round2_english_readability_cleanup 2026-05-07: approved; IMC25 English SMS-like phishing row with direct lure/action signal. confidence=high"
imc25_english_smish_08247,Smishing-Dataset-IMC25,reportsmishing/Smishing-Dataset-IMC25,"Our records indicate that you have not registered your SBI Card on our website. To stay updated with your transactions, register now - <URL>",smishing,approved,banking,English,unique,"Imported from IMC25 English-only smishing corpus. Lure principles: authority,time/urgency. Named entity tag: State Bank of India. | round2_english_readability_cleanup 2026-05-07: approved; IMC25 English SMS-like phishing row with direct lure/action signal. confidence=high"
imc25_english_smish_08248,Smishing-Dataset-IMC25,reportsmishing/Smishing-Dataset-IMC25,LUNO SUBSCRIBERS YOUR ACCOUNT NEEDS TO BE VALIDATED TO AVOID TERMINATION IN <URL> TO SECURE WALLET LUNO TEAM.,smishing,approved,banking,English,unique,"Imported from IMC25 English-only smishing corpus. Lure principles: authority,distraction,time/urgency. Named entity tag: luno. | round2_english_readability_cleanup 2026-05-07: approved; IMC25 English SMS-like phishing row with direct lure/action signal. confidence=high"
imc25_english_smish_08249,Smishing-Dataset-IMC25,reportsmishing/Smishing-Dataset-IMC25,"Your Latitude Financial access has been temporarily disabled for identity check, Please click on <URL> to enable your access.",smishing,approved,banking,English,unique,"Imported from IMC25 English-only smishing corpus. Lure principles: authority,time/urgency. Named entity tag: latitude financial. | round2_english_readability_cleanup 2026-05-07: approved; IMC25 English SMS-like phishing row with direct lure/action signal. confidence=high"
imc25_english_smish_08251,Smishing-Dataset-IMC25,reportsmishing/Smishing-Dataset-IMC25,Dear customer your ICICI SAVING A/C POINTS worth RS.<OTP>/ expire by <DATE_TIME> kindly convert your points into CASH by CLICK HERE-,smishing,approved,banking,English,unique,"Imported from IMC25 English-only smishing corpus. Lure principles: authority,distraction,time/urgency. Named entity tag: ICICI Bank. | round2_english_readability_cleanup 2026-05-07: approved; IMC25 English SMS-like phishing row with direct lure/action signal. confidence=high"
imc25_english_smish_08253,Smishing-Dataset-IMC25,reportsmishing/Smishing-Dataset-IMC25,"Dear Customer, Citi may contact you from <PHONE_NUMBER> for verification, in case we notice any suspicious transaction on your Credit card in future. We recommend that you save this number in your phone's contact list and answer the call to help us serve you better.",smishing,approved,banking,English,unique,Imported from IMC25 English-only smishing corpus. Lure principles: authority. Named entity tag: Citi. | round2_english_readability_cleanup 2026-05-07: approved; IMC25 English SMS-like phishing row with direct lure/action signal. confidence=high
imc25_english_smish_08255,Smishing-Dataset-IMC25,reportsmishing/Smishing-Dataset-IMC25,"(including this one), and then we’ll send you a new card. FYI, any unauthorized charges will remain on your account until you report them and get a new card. Sign in here to get started: <URL> If you suspect fraud on your account, call us ASAP at 1-800-CAPITAL.",smishing,approved,banking,English,unique,"Imported from IMC25 English-only smishing corpus. Lure principles: authority,time/urgency. Named entity tag: capital one. | round2_english_readability_cleanup 2026-05-07: approved; IMC25 English SMS-like phishing row with direct lure/action signal. confidence=high"
imc25_english_smish_08256,Smishing-Dataset-IMC25,reportsmishing/Smishing-Dataset-IMC25,Dear customer your KOTAK VISA DEBIT CARD point worth Rs <OTP> expired by <DATE_TIME>. Kindly convert your points into cash by click here,smishing,approved,banking,English,unique,"Imported from IMC25 English-only smishing corpus. Lure principles: authority,distraction,need and greed,time/urgency. Named entity tag: Kotak Mahindra Bank. | round2_english_readability_cleanup 2026-05-07: approved; IMC25 English SMS-like phishing row with direct lure/action signal. confidence=high"
imc25_english_smish_08257,Smishing-Dataset-IMC25,reportsmishing/Smishing-Dataset-IMC25,Your NAB account has been blocked for unusual activity. Please log on to: <URL> and follow the unlock procedure.,smishing,approved,banking,English,unique,"Imported from IMC25 English-only smishing corpus. Lure principles: authority,distraction,time/urgency. Named entity tag: nab. | round2_english_readability_cleanup 2026-05-07: approved; IMC25 English SMS-like phishing row with direct lure/action signal. confidence=high"
imc25_english_smish_08264,Smishing-Dataset-IMC25,reportsmishing/Smishing-Dataset-IMC25,Dear customers due to our BVN upgrades ur Acc***t/ATM has been de-activated call <PHONE_NUMBER> under 24hours,smishing,approved,banking,English,unique,"Imported from IMC25 English-only smishing corpus. Lure principles: authority,distraction,time/urgency. | round2_english_readability_cleanup 2026-05-07: approved; IMC25 English SMS-like phishing row with direct lure/action signal. confidence=high"
imc25_english_smish_08265,Smishing-Dataset-IMC25,reportsmishing/Smishing-Dataset-IMC25,Your westpac account has been temporary locked. Click here for re-verify your data: <URL>,smishing,approved,banking,English,unique,"Imported from IMC25 English-only smishing corpus. Lure principles: authority,distraction. Named entity tag: westpac. | round2_english_readability_cleanup 2026-05-07: approved; IMC25 English SMS-like phishing row with direct lure/action signal. confidence=high"
imc25_english_smish_08266,Smishing-Dataset-IMC25,reportsmishing/Smishing-Dataset-IMC25,"Fraudulent transaction in your bank account? Limit your loss. Notify your bank immediately. For more details, give a missed call on <DATE_TIME>.",smishing,approved,banking,English,unique,"Imported from IMC25 English-only smishing corpus. Lure principles: authority,time/urgency. | round2_english_readability_cleanup 2026-05-07: approved; IMC25 English SMS-like phishing row with direct lure/action signal. confidence=high"
imc25_english_smish_08271,Smishing-Dataset-IMC25,reportsmishing/Smishing-Dataset-IMC25,"Dear S B I Customer your ATM-Debit card has been (blocked) due to (SECURITY REASONS) call for NEW CARD or ACTIVATION call = <PHONE_NUMBER>, <PHONE_NUMBER>",smishing,approved,banking,English,unique,"Imported from IMC25 English-only smishing corpus. Lure principles: authority,distraction,time/urgency. Named entity tag: State Bank of India. | round2_english_readability_cleanup 2026-05-07: approved; IMC25 English SMS-like phishing row with direct lure/action signal. confidence=high"
imc25_english_smish_08272,Smishing-Dataset-IMC25,reportsmishing/Smishing-Dataset-IMC25,Update your Luno account to avoid suspension of <URL> update your account click <URL> to keep wallet activated.Ignore to suspend. Luno Team,smishing,approved,banking,English,unique,"Imported from IMC25 English-only smishing corpus. Lure principles: authority,distraction,time/urgency. Named entity tag: luno. | round2_english_readability_cleanup 2026-05-07: approved; IMC25 English SMS-like phishing row with direct lure/action signal. confidence=high"
imc25_english_smish_08273,Smishing-Dataset-IMC25,reportsmishing/Smishing-Dataset-IMC25,CIBC Alert. Your account has been suspended. Please visit: <URL>,smishing,approved,banking,English,unique,"Imported from IMC25 English-only smishing corpus. Lure principles: authority,time/urgency. Named entity tag: cibc. | round2_english_readability_cleanup 2026-05-07: approved; IMC25 English SMS-like phishing row with direct lure/action signal. confidence=high"
imc25_english_smish_08275,Smishing-Dataset-IMC25,reportsmishing/Smishing-Dataset-IMC25,Your Velocity Frequent Flyer Points are ready. Head to <URL> and enter your code <OTP> by <DATE_TIME>. The Westpac team.,smishing,approved,banking,English,unique,"Imported from IMC25 English-only smishing corpus. Lure principles: authority,need and greed,time/urgency. Named entity tag:  westpac,velocity frequent flyer. | round2_english_readability_cleanup 2026-05-07: approved; IMC25 English SMS-like phishing row with direct lure/action signal. confidence=high"
imc25_english_smish_08276,Smishing-Dataset-IMC25,reportsmishing/Smishing-Dataset-IMC25,Stand a chance to win an iPhone 8 by giving consent for Touch n Go to share your info to CIMB Bank for marketing purposes. Reply <NAMED_ENTITY> now. For details,smishing,approved,banking,English,unique,"Imported from IMC25 English-only smishing corpus. Lure principles: authority,need and greed. Named entity tag: cimb bank. | round2_english_readability_cleanup 2026-05-07: approved; IMC25 English SMS-like phishing row with direct lure/action signal. confidence=high"
imc25_english_smish_08277,Smishing-Dataset-IMC25,reportsmishing/Smishing-Dataset-IMC25,"Your account has been suspended due to security reasons, visit <URL> to restore full online banking access",smishing,approved,banking,English,unique,"Imported from IMC25 English-only smishing corpus. Lure principles: authority,distraction,time/urgency. Named entity tag: HSBC UK. | round2_english_readability_cleanup 2026-05-07: approved; IMC25 English SMS-like phishing row with direct lure/action signal. confidence=high"
imc25_english_smish_08279,Smishing-Dataset-IMC25,reportsmishing/Smishing-Dataset-IMC25,Your CommBank access has been temporarily disabled for identity check. Please click on <URL> and complete the form to enable your access.,smishing,approved,banking,English,unique,"Imported from IMC25 English-only smishing corpus. Lure principles: authority,time/urgency. Named entity tag: commbank. | round2_english_readability_cleanup 2026-05-07: approved; IMC25 English SMS-like phishing row with direct lure/action signal. confidence=high"
imc25_english_smish_08280,Smishing-Dataset-IMC25,reportsmishing/Smishing-Dataset-IMC25,Dear customer your STANDARD CHART Visa Card points worth Rs <OTP> expired by <DATE_TIME>. Kindly convert your point in cash by click here <URL>,smishing,approved,banking,English,unique,"Imported from IMC25 English-only smishing corpus. Lure principles: authority,need and greed,time/urgency. Named entity tag: standard chart. | round2_english_readability_cleanup 2026-05-07: approved; IMC25 English SMS-like phishing row with direct lure/action signal. confidence=high"
imc25_english_smish_08281,Smishing-Dataset-IMC25,reportsmishing/Smishing-Dataset-IMC25,"Dear, your BOI card has been blocked. Please log on to <URL> to follow the unlocking procedure.",smishing,approved,banking,English,unique,"Imported from IMC25 English-only smishing corpus. Lure principles: authority,distraction,time/urgency. Named entity tag: Bank of India. | round2_english_readability_cleanup 2026-05-07: approved; IMC25 English SMS-like phishing row with direct lure/action signal. confidence=high"
imc25_english_smish_08283,Smishing-Dataset-IMC25,reportsmishing/Smishing-Dataset-IMC25,Dear BMO member Unknown device connection have placed your account on hold until verification please confirm your account.,smishing,approved,banking,English,unique,"Imported from IMC25 English-only smishing corpus. Lure principles: authority,distraction,time/urgency. Named entity tag: bmo. | round2_english_readability_cleanup 2026-05-07: approved; IMC25 English SMS-like phishing row with direct lure/action signal. confidence=high"
imc25_english_smish_08285,Smishing-Dataset-IMC25,reportsmishing/Smishing-Dataset-IMC25,ATM Block: <NRP> customèr your ATM CARD hasb beèn blocked dûe to BVN upgrade' of <DATE_TIME> quickly call <PHONE_NUMBER> to re-activate within <DATE_TIME>,smishing,approved,banking,English,unique,"Imported from IMC25 English-only smishing corpus. Lure principles: authority,time/urgency. Named entity tag: atm card. | round2_english_readability_cleanup 2026-05-07: approved; IMC25 English SMS-like phishing row with direct lure/action signal. confidence=high"
imc25_english_smish_08286,Smishing-Dataset-IMC25,reportsmishing/Smishing-Dataset-IMC25,"Dear customer due to aqn uq'grade ,in Bank A'T'M dsbt card hes <NAMED_ENTITY> locked, to enable call <PHONE_NUMBER>] befor <DATE_TIME>",smishing,approved,banking,English,unique,"Imported from IMC25 English-only smishing corpus. Lure principles: distraction,need and greed,time/urgency. Named entity tag: bank. | round2_english_readability_cleanup 2026-05-07: approved; IMC25 English SMS-like phishing row with direct lure/action signal. confidence=high"
imc25_english_smish_08287,Smishing-Dataset-IMC25,reportsmishing/Smishing-Dataset-IMC25,FNASERV lodged a R 89 debit order for date <DATE_TIME> on your acc. For queries call <US_BANK_NUMBER> ref <NAMED_ENTITY> or for more information go to <URL>,smishing,approved,banking,English,unique,"Imported from IMC25 English-only smishing corpus. Lure principles: authority,distraction,time/urgency. Named entity tag: fnaserv. | round2_english_readability_cleanup 2026-05-07: approved; IMC25 English SMS-like phishing row with direct lure/action signal. confidence=high"
imc25_english_smish_08290,Smishing-Dataset-IMC25,reportsmishing/Smishing-Dataset-IMC25,"Your account has been suspended due to security issues, visit <URL> <URL> to restore full online banking access",smishing,approved,banking,English,unique,"Imported from IMC25 English-only smishing corpus. Lure principles: authority,distraction,time/urgency. Named entity tag: HSBC UK. | round2_english_readability_cleanup 2026-05-07: approved; IMC25 English SMS-like phishing row with direct lure/action signal. confidence=high"
imc25_english_smish_08291,Smishing-Dataset-IMC25,reportsmishing/Smishing-Dataset-IMC25,Thank you for your interest in SBI Card. Pls send this SMS to <PHONE_NUMBER> within <DATE_TIME> (APPCODE <PHONE_NUMBER>) as a consent for Bureau and SBI accounts info,smishing,approved,banking,English,unique,"Imported from IMC25 English-only smishing corpus. Lure principles: authority,time/urgency. Named entity tag: State Bank of India. | round2_english_readability_cleanup 2026-05-07: approved; IMC25 English SMS-like phishing row with direct lure/action signal. confidence=high"
imc25_english_smish_08297,Smishing-Dataset-IMC25,reportsmishing/Smishing-Dataset-IMC25,Dear customer your AXIS Bank Debit Card points worth Rs <OTP> expired by <DATE_TIME>. Kindly convert your points in cash by clicking here <URL>,smishing,approved,banking,English,unique,"Imported from IMC25 English-only smishing corpus. Lure principles: authority,distraction,time/urgency. Named entity tag: Axis Bank. | round2_english_readability_cleanup 2026-05-07: approved; IMC25 English SMS-like phishing row with direct lure/action signal. confidence=high"
imc25_english_smish_08298,Smishing-Dataset-IMC25,reportsmishing/Smishing-Dataset-IMC25,"Dear Luno Trader, Validate your Luno account to avoid deactivation in 24hrs. click-> <URL> to validate and secure account. Luno Team.",smishing,approved,banking,English,unique,"Imported from IMC25 English-only smishing corpus. Lure principles: authority,time/urgency. Named entity tag: luno. | round2_english_readability_cleanup 2026-05-07: approved; IMC25 English SMS-like phishing row with direct lure/action signal. confidence=high"
imc25_english_smish_08300,Smishing-Dataset-IMC25,reportsmishing/Smishing-Dataset-IMC25,"My name is Mr <NAMED_ENTITY>, I work with Medirect Bank in <URL>n i trust you with a business worth $21.3 million?reply ONLY to",smishing,approved,banking,English,unique,"Imported from IMC25 English-only smishing corpus. Lure principles: authority,need and greed. Named entity tag: medirect bank. | round2_english_readability_cleanup 2026-05-07: approved; IMC25 English SMS-like phishing row with direct lure/action signal. confidence=high"
imc25_english_smish_08301,Smishing-Dataset-IMC25,reportsmishing/Smishing-Dataset-IMC25,customer your SBI CREDIT CARD point worth Rs <OTP> expired by <DATE_TIME>. Kindly convert your points into cash by click here,smishing,approved,banking,English,unique,"Imported from IMC25 English-only smishing corpus. Lure principles: authority,need and greed,time/urgency. Named entity tag: State Bank of India. | round2_english_readability_cleanup 2026-05-07: approved; IMC25 English SMS-like phishing row with direct lure/action signal. confidence=high"
imc25_english_smish_08302,Smishing-Dataset-IMC25,reportsmishing/Smishing-Dataset-IMC25,Your NAB account has been temporarily frozen for unusual GPRS activity . Login from your device at : <URL> and follow the unlock procedure,smishing,approved,banking,English,unique,"Imported from IMC25 English-only smishing corpus. Lure principles: authority,distraction,time/urgency. Named entity tag: nab. | round2_english_readability_cleanup 2026-05-07: approved; IMC25 English SMS-like phishing row with direct lure/action signal. confidence=high"
imc25_english_smish_08303,Smishing-Dataset-IMC25,reportsmishing/Smishing-Dataset-IMC25,"Your online banking has been disabled, please visit your local branch or reactivate visit the secure link: <URL>",smishing,approved,banking,English,unique,"Imported from IMC25 English-only smishing corpus. Lure principles: authority,distraction,time/urgency. | round2_english_readability_cleanup 2026-05-07: approved; IMC25 English SMS-like phishing row with direct lure/action signal. confidence=high"
imc25_english_smish_08304,Smishing-Dataset-IMC25,reportsmishing/Smishing-Dataset-IMC25,Our security team have tried to contact you regarding your online account. Login via the secure link to avoid account suspension. A suspicious login at <DATE_TIME> from an unknown device was found. If this was not genuine please login securely via to secure your online account.,smishing,approved,banking,English,unique,"Imported from IMC25 English-only smishing corpus. Lure principles: authority,distraction,time/urgency. | round2_english_readability_cleanup 2026-05-07: approved; IMC25 English SMS-like phishing row with direct lure/action signal. confidence=high"
imc25_english_smish_08309,Smishing-Dataset-IMC25,reportsmishing/Smishing-Dataset-IMC25,Standard Bank: Congratulations on your recent travel related purchase. Please visit our website to see your card travel benefits. T's and C's apply,smishing,approved,banking,English,unique,Imported from IMC25 English-only smishing corpus. Lure principles: authority. Named entity tag: standard bank. | round2_english_readability_cleanup 2026-05-07: approved; IMC25 English SMS-like phishing row with direct lure/action signal. confidence=high
imc25_english_smish_08313,Smishing-Dataset-IMC25,reportsmishing/Smishing-Dataset-IMC25,Your account may be suspended and requires additional verification. <URL>,smishing,approved,banking,English,unique,"Imported from IMC25 English-only smishing corpus. Lure principles: authority,time/urgency. Named entity tag: westpac. | round2_english_readability_cleanup 2026-05-07: approved; IMC25 English SMS-like phishing row with direct lure/action signal. confidence=high"
imc25_english_smish_08315,Smishing-Dataset-IMC25,reportsmishing/Smishing-Dataset-IMC25,Received Rs.<OTP> from T**** (90XXXX1819) in your Paytm Wallet. Wallet txn id: <US_BANK_NUMBER>. Scan QR code to Pay-Win 100% Cashback Received Rs.<OTP> from T**** (90XXXX1819) in your Paytm Wallet. Wallet txn id: <US_BANK_NUMBER>. Scan QR code to Pay-Win 100% Cashback,smishing,approved,banking,English,unique,"Imported from IMC25 English-only smishing corpus. Lure principles: authority,need and greed,time/urgency. Named entity tag: Paytm. | round2_english_readability_cleanup 2026-05-07: approved; IMC25 English SMS-like phishing row with direct lure/action signal. confidence=high"
imc25_english_smish_08317,Smishing-Dataset-IMC25,reportsmishing/Smishing-Dataset-IMC25,"We have detected suspicious activity from your account. Please update your account information, follow <URL>",smishing,approved,banking,English,unique,"Imported from IMC25 English-only smishing corpus. Lure principles: authority,distraction,time/urgency. Named entity tag: ING Bank. | round2_english_readability_cleanup 2026-05-07: approved; IMC25 English SMS-like phishing row with direct lure/action signal. confidence=high"
imc25_english_smish_08318,Smishing-Dataset-IMC25,reportsmishing/Smishing-Dataset-IMC25,"Your online banking has been locked, please visit your local branch or reactivate by visiting the secure link <URL>",smishing,approved,banking,English,unique,"Imported from IMC25 English-only smishing corpus. Lure principles: authority,time/urgency. | round2_english_readability_cleanup 2026-05-07: approved; IMC25 English SMS-like phishing row with direct lure/action signal. confidence=high"
imc25_english_smish_08319,Smishing-Dataset-IMC25,reportsmishing/Smishing-Dataset-IMC25,"Your online banking has been suspended, please visit a branch or reactivate immediately via the secure link <URL>",smishing,approved,banking,English,unique,"Imported from IMC25 English-only smishing corpus. Lure principles: authority,distraction,time/urgency. Named entity tag: unknown. | round2_english_readability_cleanup 2026-05-07: approved; IMC25 English SMS-like phishing row with direct lure/action signal. confidence=high"
imc25_english_smish_08320,Smishing-Dataset-IMC25,reportsmishing/Smishing-Dataset-IMC25,We have identified some unusual activity on your Online Banking. Log In via the secure link <URL> to avoid acct suspension.,smishing,approved,banking,English,unique,"Imported from IMC25 English-only smishing corpus. Lure principles: authority,distraction,time/urgency. Named entity tag: online banking. | round2_english_readability_cleanup 2026-05-07: approved; IMC25 English SMS-like phishing row with direct lure/action signal. confidence=high"
imc25_english_smish_08325,Smishing-Dataset-IMC25,reportsmishing/Smishing-Dataset-IMC25,"Dear Customer your (ATM DEBIT) Card has been (BLOCK), please apply for a new secured CHIP based ATM Card call = <PHONE_NUMBER>. <DATE_TIME>.",smishing,approved,banking,English,unique,"Imported from IMC25 English-only smishing corpus. Lure principles: authority,need and greed,time/urgency. Named entity tag: unspecified bank. | round2_english_readability_cleanup 2026-05-07: approved; IMC25 English SMS-like phishing row with direct lure/action signal. confidence=high"
imc25_english_smish_08326,Smishing-Dataset-IMC25,reportsmishing/Smishing-Dataset-IMC25,ALERT Visit <URL>,smishing,approved,banking,English,unique,"Imported from IMC25 English-only smishing corpus. Lure principles: authority,time/urgency. Named entity tag: pnc bank. | round2_english_readability_cleanup 2026-05-07: approved; IMC25 English SMS-like phishing row with direct lure/action signal. confidence=high"
imc25_english_smish_08327,Smishing-Dataset-IMC25,reportsmishing/Smishing-Dataset-IMC25,This is a Notification for your PC MasterCard: <URL>,smishing,approved,banking,English,unique,Imported from IMC25 English-only smishing corpus. Lure principles: authority. Named entity tag: pc mastercard. | round2_english_readability_cleanup 2026-05-07: approved; IMC25 English SMS-like phishing row with direct lure/action signal. confidence=high
imc25_english_smish_08330,Smishing-Dataset-IMC25,reportsmishing/Smishing-Dataset-IMC25,Your account has been temporarily suspended due to 3 incorrect login attempts. Visit the secure link to reactivate.,smishing,approved,banking,English,unique,"Imported from IMC25 English-only smishing corpus. Lure principles: authority,distraction,time/urgency. | round2_english_readability_cleanup 2026-05-07: approved; IMC25 English SMS-like phishing row with direct lure/action signal. confidence=high"
imc25_english_smish_08331,Smishing-Dataset-IMC25,reportsmishing/Smishing-Dataset-IMC25,There's a NEW VERSION of our MobileBanking App. Click <URL> to update by 2nd Aug18 & continue using the app. Current app will be unavailable.,smishing,approved,banking,English,unique,"Imported from IMC25 English-only smishing corpus. Lure principles: authority,time/urgency. Named entity tag: mobilebanking app. | round2_english_readability_cleanup 2026-05-07: approved; IMC25 English SMS-like phishing row with direct lure/action signal. confidence=high"
imc25_english_smish_08332,Smishing-Dataset-IMC25,reportsmishing/Smishing-Dataset-IMC25,"Your XXXX8475 has not maintained the bal requirement of Jan18 & will attract fees in <URL> avoid,please fund your a/c to meet the bal requirement for Feb18",smishing,approved,banking,English,unique,"Imported from IMC25 English-only smishing corpus. Lure principles: authority,distraction,time/urgency. | round2_english_readability_cleanup 2026-05-07: approved; IMC25 English SMS-like phishing row with direct lure/action signal. confidence=high"
imc25_english_smish_08333,Smishing-Dataset-IMC25,reportsmishing/Smishing-Dataset-IMC25,Has your CIBIL score changed recently? Get your FREE CIBIL report worth Rs.<OTP> and find out. Zero Cost. Check online in 2 min at <URL> now.,smishing,approved,banking,English,unique,"Imported from IMC25 English-only smishing corpus. Lure principles: need and greed,time/urgency. Named entity tag: cibil. | round2_english_readability_cleanup 2026-05-07: approved; IMC25 English SMS-like phishing row with direct lure/action signal. confidence=high"
imc25_english_smish_08335,Smishing-Dataset-IMC25,reportsmishing/Smishing-Dataset-IMC25,PayPal: Your account has been restricted due to an unknown device attempting to login. Please confirm your device to further use your account here,smishing,approved,banking,English,unique,"Imported from IMC25 English-only smishing corpus. Lure principles: authority,distraction,time/urgency. Named entity tag: PayPal. | round2_english_readability_cleanup 2026-05-07: approved; IMC25 English SMS-like phishing row with direct lure/action signal. confidence=high"
imc25_english_smish_08338,Smishing-Dataset-IMC25,reportsmishing/Smishing-Dataset-IMC25,Your <NAMED_ENTITY> is **** If you didn't request a payment to Merlin Entertainment on 18/09 at <DATE_TIME> from card ending **** for 26.00 call <PHONE_NUMBER> or <PHONE_NUMBER>,smishing,approved,banking,English,unique,"Imported from IMC25 English-only smishing corpus. Lure principles: authority,distraction,time/urgency. Named entity tag: merlin entertainment. | round2_english_readability_cleanup 2026-05-07: approved; IMC25 English SMS-like phishing row with direct lure/action signal. confidence=high"
imc25_english_smish_08341,Smishing-Dataset-IMC25,reportsmishing/Smishing-Dataset-IMC25,Dear customer your Kotak BANK Debit Card point worth Rs <OTP> expired by <DATE_TIME>. Kindly convert your points into cash by click here <URL>,smishing,approved,banking,English,unique,"Imported from IMC25 English-only smishing corpus. Lure principles: authority,need and greed,time/urgency. Named entity tag: Kotak Mahindra Bank. | round2_english_readability_cleanup 2026-05-07: approved; IMC25 English SMS-like phishing row with direct lure/action signal. confidence=high"
imc25_english_smish_08343,Smishing-Dataset-IMC25,reportsmishing/Smishing-Dataset-IMC25,"Suspicious credit card activity is noted. Please confirm your personal data, otherwise we will be forced to block it.",smishing,approved,banking,English,unique,"Imported from IMC25 English-only smishing corpus. Lure principles: authority,distraction,time/urgency. | round2_english_readability_cleanup 2026-05-07: approved; IMC25 English SMS-like phishing row with direct lure/action signal. confidence=high"
imc25_english_smish_08344,Smishing-Dataset-IMC25,reportsmishing/Smishing-Dataset-IMC25,We have detected some unusual activity on your CommBank account. We urgently ask you to follow the account review <URL>,smishing,approved,banking,English,unique,"Imported from IMC25 English-only smishing corpus. Lure principles: authority,time/urgency. Named entity tag: commbank. | round2_english_readability_cleanup 2026-05-07: approved; IMC25 English SMS-like phishing row with direct lure/action signal. confidence=high"
imc25_english_smish_08348,Smishing-Dataset-IMC25,reportsmishing/Smishing-Dataset-IMC25,Your WALLET has been Jammed due to ITMU updates. You will not be able to Receive/Send btc. please click <URL> to resolve problem.,smishing,approved,banking,English,unique,"Imported from IMC25 English-only smishing corpus. Lure principles: distraction,time/urgency. Named entity tag: wallet. | round2_english_readability_cleanup 2026-05-07: approved; IMC25 English SMS-like phishing row with direct lure/action signal. confidence=high"
imc25_english_smish_08349,Smishing-Dataset-IMC25,reportsmishing/Smishing-Dataset-IMC25,We've noticed you've not used the replacement debit card we sent you recently. If you've not received it please call us on <DATE_TIME> so we can help,smishing,approved,banking,English,unique,"Imported from IMC25 English-only smishing corpus. Lure principles: distraction,time/urgency. | round2_english_readability_cleanup 2026-05-07: approved; IMC25 English SMS-like phishing row with direct lure/action signal. confidence=high"
imc25_english_smish_08351,Smishing-Dataset-IMC25,reportsmishing/Smishing-Dataset-IMC25,RM0.00 CIMB:MYR730.56 was charged on your card num <OTP> at Agoda Hotel Reservation on 18/12 09:39 ref no: <US_DRIVER_LICENSE>. Pls Call <PHONE_NUMBER> for any queries,smishing,approved,banking,English,unique,"Imported from IMC25 English-only smishing corpus. Lure principles: authority,distraction. Named entity tag: cimb. | round2_english_readability_cleanup 2026-05-07: approved; IMC25 English SMS-like phishing row with direct lure/action signal. confidence=high"
imc25_english_smish_08352,Smishing-Dataset-IMC25,reportsmishing/Smishing-Dataset-IMC25,<US_DRIVER_LICENSE> is your <DATE_TIME> (OTP) to open your Kotak 811 account. Please enter this OTP and get started.,smishing,approved,banking,English,unique,Imported from IMC25 English-only smishing corpus. Lure principles: authority. Named entity tag: Kotak Mahindra Bank. | round2_english_readability_cleanup 2026-05-07: approved; IMC25 English SMS-like phishing row with direct lure/action signal. confidence=high
imc25_english_smish_08354,Smishing-Dataset-IMC25,reportsmishing/Smishing-Dataset-IMC25,PNC BANK MESSAGE <PHONE_NUMBER> YOUR ACCOUNT IS LOCKED. GO TO <URL>,smishing,approved,banking,English,unique,"Imported from IMC25 English-only smishing corpus. Lure principles: authority,time/urgency. Named entity tag: pnc bank. | round2_english_readability_cleanup 2026-05-07: approved; IMC25 English SMS-like phishing row with direct lure/action signal. confidence=high"
imc25_english_smish_08356,Smishing-Dataset-IMC25,reportsmishing/Smishing-Dataset-IMC25,"Dear User,your paytm account is locked Ticket : #<UK_NHS> For This Reason : - Fake Transaction . - KYC ISSUE. - Unauthorized Login For Instant verification",smishing,approved,banking,English,unique,"Imported from IMC25 English-only smishing corpus. Lure principles: authority,distraction. Named entity tag: Paytm. | round2_english_readability_cleanup 2026-05-07: approved; IMC25 English SMS-like phishing row with direct lure/action signal. confidence=high"
imc25_english_smish_08357,Smishing-Dataset-IMC25,reportsmishing/Smishing-Dataset-IMC25,A friendly reminder from ANZ that we need to talk to you about your recent credit application. Please call us on <DATE_TIME> or <PHONE_NUMBER> (from overseas) and quote reference #<US_BANK_NUMBER>. Thank you,smishing,approved,banking,English,unique,Imported from IMC25 English-only smishing corpus. Lure principles: authority. Named entity tag: anz. | round2_english_readability_cleanup 2026-05-07: approved; IMC25 English SMS-like phishing row with direct lure/action signal. confidence=high
imc25_english_smish_08358,Smishing-Dataset-IMC25,reportsmishing/Smishing-Dataset-IMC25,locked your Westpac Online account. To authorise: <URL>,smishing,approved,banking,English,unique,"Imported from IMC25 English-only smishing corpus. Lure principles: authority,time/urgency. Named entity tag: westpac. | round2_english_readability_cleanup 2026-05-07: approved; IMC25 English SMS-like phishing row with direct lure/action signal. confidence=high"
imc25_english_smish_08360,Smishing-Dataset-IMC25,reportsmishing/Smishing-Dataset-IMC25,We have received your SBI Card Application. Pls give us <DATE_TIME> to process your <URL>. <US_BANK_NUMBER>. The <DATE_TIME> fee on SBI Card PRIME is INR <OTP>. You can track your application status online at <URL>.,smishing,approved,banking,English,unique,Imported from IMC25 English-only smishing corpus. Lure principles: authority. Named entity tag: State Bank of India. | round2_english_readability_cleanup 2026-05-07: approved; IMC25 English SMS-like phishing row with direct lure/action signal. confidence=high
imc25_english_smish_08365,Smishing-Dataset-IMC25,reportsmishing/Smishing-Dataset-IMC25,"If you have an existing credit card you are eligible for new card & get vouchers worth Rs 8,250 on joining absolutely FREE. Apply <URL> T&C",smishing,approved,banking,English,unique,"Imported from IMC25 English-only smishing corpus. Lure principles: authority,need and greed,time/urgency. | round2_english_readability_cleanup 2026-05-07: approved; IMC25 English SMS-like phishing row with direct lure/action signal. confidence=high"
imc25_english_smish_08367,Smishing-Dataset-IMC25,reportsmishing/Smishing-Dataset-IMC25,"*IMPORTANT* Your NAB Internet Banking has been temporarily locked. To restore, please visit <URL> immediately.",smishing,approved,banking,English,unique,"Imported from IMC25 English-only smishing corpus. Lure principles: authority,time/urgency. Named entity tag: nab. | round2_english_readability_cleanup 2026-05-07: approved; IMC25 English SMS-like phishing row with direct lure/action signal. confidence=high"
imc25_english_smish_08370,Smishing-Dataset-IMC25,reportsmishing/Smishing-Dataset-IMC25,"Your MzansiAfrikaLifestyle <US_DRIVER_LICENSE>,85 debit will run <DATE_TIME> sold by Evolution Ent. 0318252557Ç ref EV0ENTVH00EVON24606200 <URL>spond for help",smishing,approved,banking,English,unique,"Imported from IMC25 English-only smishing corpus. Lure principles: distraction,need and greed. Named entity tag: mzansiafrikalifestyle. | round2_english_readability_cleanup 2026-05-07: approved; IMC25 English SMS-like phishing row with direct lure/action signal. confidence=high"
imc25_english_smish_08371,Smishing-Dataset-IMC25,reportsmishing/Smishing-Dataset-IMC25,Enjoy an enhanced credit limit of Rs <US_DRIVER_LICENSE>* on your Citi Credit Card ending <OTP>. Simply SMS YES CLI to <OTP> or <PHONE_NUMBER> from your registered mobile number before <DATE_TIME>. *T&Cs apply. For details visit <URL>,smishing,approved,banking,English,unique,"Imported from IMC25 English-only smishing corpus. Lure principles: authority,need and greed,time/urgency. Named entity tag: Citi. | round2_english_readability_cleanup 2026-05-07: approved; IMC25 English SMS-like phishing row with direct lure/action signal. confidence=high"
imc25_english_smish_08372,Smishing-Dataset-IMC25,reportsmishing/Smishing-Dataset-IMC25,"*IMPORTANT* Your St George Internet Banking has been temporarily locked. To restore, please visit <NAMED_ENTITY> immediately.",smishing,approved,banking,English,unique,"Imported from IMC25 English-only smishing corpus. Lure principles: authority,time/urgency. Named entity tag: st george internet banking. | round2_english_readability_cleanup 2026-05-07: approved; IMC25 English SMS-like phishing row with direct lure/action signal. confidence=high"
imc25_english_smish_08374,Smishing-Dataset-IMC25,reportsmishing/Smishing-Dataset-IMC25,"CIBC:ALERT As a precaution, we have disabled your online access. To regain access to your account(s), please visit <URL>",smishing,approved,banking,English,unique,"Imported from IMC25 English-only smishing corpus. Lure principles: authority,distraction,time/urgency. Named entity tag: cibc. | round2_english_readability_cleanup 2026-05-07: approved; IMC25 English SMS-like phishing row with direct lure/action signal. confidence=high"
imc25_english_smish_08377,Smishing-Dataset-IMC25,reportsmishing/Smishing-Dataset-IMC25,ALERT Visit <URL> WBB57BY,smishing,approved,banking,English,unique,"Imported from IMC25 English-only smishing corpus. Lure principles: authority,time/urgency. Named entity tag: pnc. | round2_english_readability_cleanup 2026-05-07: approved; IMC25 English SMS-like phishing row with direct lure/action signal. confidence=high"
imc25_english_smish_08378,Smishing-Dataset-IMC25,reportsmishing/Smishing-Dataset-IMC25,"STATE BANK OF INDIA Dear Customer Your ATM/Debit Card Is Blocked Due To KYC Verification Pending, Kindly Call <PHONE_NUMBER> Immediately.",smishing,approved,banking,English,unique,"Imported from IMC25 English-only smishing corpus. Lure principles: authority,distraction,time/urgency. Named entity tag: State Bank of India. | round2_english_readability_cleanup 2026-05-07: approved; IMC25 English SMS-like phishing row with direct lure/action signal. confidence=high"
imc25_english_smish_08379,Smishing-Dataset-IMC25,reportsmishing/Smishing-Dataset-IMC25,"Dear BTC Luno Users,Validate your Luno wallet in <DATE_TIME> to avoid Termination,Click-> <URL> to secure wallet.",smishing,approved,banking,English,unique,"Imported from IMC25 English-only smishing corpus. Lure principles: authority,time/urgency. Named entity tag: btc luno. | round2_english_readability_cleanup 2026-05-07: approved; IMC25 English SMS-like phishing row with direct lure/action signal. confidence=high"
imc25_english_smish_08380,Smishing-Dataset-IMC25,reportsmishing/Smishing-Dataset-IMC25,"Commonwealth: Your cell# has won $500,000.00 To claim go to <URL> enter Code: <OTP> 2",smishing,approved,banking,English,unique,"Imported from IMC25 English-only smishing corpus. Lure principles: authority,distraction,need and greed,time/urgency. Named entity tag: commonwealth. | round2_english_readability_cleanup 2026-05-07: approved; IMC25 English SMS-like phishing row with direct lure/action signal. confidence=high"
imc25_english_smish_08384,Smishing-Dataset-IMC25,reportsmishing/Smishing-Dataset-IMC25,Your <NAMED_ENTITY> account has been temporary locked. To restore visit <URL>,smishing,approved,banking,English,unique,"Imported from IMC25 English-only smishing corpus. Lure principles: authority,time/urgency. Named entity tag: suncorp. | round2_english_readability_cleanup 2026-05-07: approved; IMC25 English SMS-like phishing row with direct lure/action signal. confidence=high"
imc25_english_smish_08388,Smishing-Dataset-IMC25,reportsmishing/Smishing-Dataset-IMC25,Dear customer your SBI Credit Card points worth Rs <OTP> expired by <DATE_TIME>. Kindly convert your points in cash or voucher by click here <URL>,smishing,approved,banking,English,unique,"Imported from IMC25 English-only smishing corpus. Lure principles: authority,distraction,time/urgency. Named entity tag: State Bank of India. | round2_english_readability_cleanup 2026-05-07: approved; IMC25 English SMS-like phishing row with direct lure/action signal. confidence=high"
imc25_english_smish_08389,Smishing-Dataset-IMC25,reportsmishing/Smishing-Dataset-IMC25,Attention : Your <NAMED_ENTITY> account is due for security update. Tap --> <URL> to <URL>ure to update account leads to deactivation.,smishing,approved,banking,English,unique,"Imported from IMC25 English-only smishing corpus. Lure principles: authority,time/urgency. Named entity tag: absa. | round2_english_readability_cleanup 2026-05-07: approved; IMC25 English SMS-like phishing row with direct lure/action signal. confidence=high"
imc25_english_smish_08390,Smishing-Dataset-IMC25,reportsmishing/Smishing-Dataset-IMC25,Your Kotak Bank card points worth Rs <OTP> expired on <DATE_TIME>. Kindly redeem your points into cash or voucher by click here,smishing,approved,banking,English,unique,"Imported from IMC25 English-only smishing corpus. Lure principles: authority,need and greed,time/urgency. Named entity tag: Kotak Mahindra Bank. | round2_english_readability_cleanup 2026-05-07: approved; IMC25 English SMS-like phishing row with direct lure/action signal. confidence=high"
imc25_english_smish_08394,Smishing-Dataset-IMC25,reportsmishing/Smishing-Dataset-IMC25,"We have tried to contact you about your Internet Banking account, we have limited your account due to recent activity. Visit the secure <URL> link",smishing,approved,banking,English,unique,"Imported from IMC25 English-only smishing corpus. Lure principles: authority,distraction,time/urgency. Named entity tag: internet banking. | round2_english_readability_cleanup 2026-05-07: approved; IMC25 English SMS-like phishing row with direct lure/action signal. confidence=high"
imc25_english_smish_08399,Smishing-Dataset-IMC25,reportsmishing/Smishing-Dataset-IMC25,Dear customer your SBI Credit Card points worth Rs <OTP> expired by <DATE_TIME>. Kindly convert your point in cash by clicking here <URL>,smishing,approved,banking,English,unique,"Imported from IMC25 English-only smishing corpus. Lure principles: authority,need and greed,time/urgency. Named entity tag: State Bank of India. | round2_english_readability_cleanup 2026-05-07: approved; IMC25 English SMS-like phishing row with direct lure/action signal. confidence=high"
imc25_english_smish_08401,Smishing-Dataset-IMC25,reportsmishing/Smishing-Dataset-IMC25,"Dear Card member, we would like to confirm that the transaction disputed by you on your Citi credit card has not yet been billed to your account. We will track this, and take appropriate action once it is submitted. Thank you for your kind patience and cooperation.",smishing,approved,banking,English,unique,"Imported from IMC25 English-only smishing corpus. Lure principles: authority,kindness. Named entity tag: Citi. | round2_english_readability_cleanup 2026-05-07: approved; IMC25 English SMS-like phishing row with direct lure/action signal. confidence=high"
imc25_english_smish_08402,Smishing-Dataset-IMC25,reportsmishing/Smishing-Dataset-IMC25,INTERAC: Your Interac account needs to be updated for security measures. Visit: <URL>,smishing,approved,banking,English,unique,"Imported from IMC25 English-only smishing corpus. Lure principles: authority,distraction,time/urgency. Named entity tag: interac. | round2_english_readability_cleanup 2026-05-07: approved; IMC25 English SMS-like phishing row with direct lure/action signal. confidence=high"
imc25_english_smish_08407,Smishing-Dataset-IMC25,reportsmishing/Smishing-Dataset-IMC25,Your account on restricted status. Please confirm to restore access: <URL>,smishing,approved,banking,English,unique,"Imported from IMC25 English-only smishing corpus. Lure principles: authority,distraction,time/urgency. Named entity tag: dbs. | round2_english_readability_cleanup 2026-05-07: approved; IMC25 English SMS-like phishing row with direct lure/action signal. confidence=high"
imc25_english_smish_08408,Smishing-Dataset-IMC25,reportsmishing/Smishing-Dataset-IMC25,Successfully Transfer Rs.20XXXX4 your Bank Account Click now and check your amount <URL>,smishing,approved,banking,English,unique,"Imported from IMC25 English-only smishing corpus. Lure principles: distraction,need and greed,time/urgency. | round2_english_readability_cleanup 2026-05-07: approved; IMC25 English SMS-like phishing row with direct lure/action signal. confidence=high"
imc25_english_smish_08409,Smishing-Dataset-IMC25,reportsmishing/Smishing-Dataset-IMC25,"Your account is suspended, log in to the account for verification.",smishing,approved,banking,English,unique,"Imported from IMC25 English-only smishing corpus. Lure principles: authority,time/urgency. | round2_english_readability_cleanup 2026-05-07: approved; IMC25 English SMS-like phishing row with direct lure/action signal. confidence=high"
imc25_english_smish_08410,Smishing-Dataset-IMC25,reportsmishing/Smishing-Dataset-IMC25,Dear customer your STANDARD CHARTERED Visa Card points worth <DATE_TIME> expired by <DATE_TIME>. Kindly convert your point in cash by click here <URL>,smishing,approved,banking,English,unique,"Imported from IMC25 English-only smishing corpus. Lure principles: authority,distraction,time/urgency. Named entity tag: Standard Chartered. | round2_english_readability_cleanup 2026-05-07: approved; IMC25 English SMS-like phishing row with direct lure/action signal. confidence=high"
imc25_english_smish_08411,Smishing-Dataset-IMC25,reportsmishing/Smishing-Dataset-IMC25,Your Argos card has a refund of £225 from an overpayment. <URL>,smishing,approved,banking,English,unique,"Imported from IMC25 English-only smishing corpus. Lure principles: authority,distraction,time/urgency. Named entity tag: argos. | round2_english_readability_cleanup 2026-05-07: approved; IMC25 English SMS-like phishing row with direct lure/action signal. confidence=high"
imc25_english_smish_08415,Smishing-Dataset-IMC25,reportsmishing/Smishing-Dataset-IMC25,Your account is suspended. Unblock it manually. <URL>,smishing,approved,banking,English,unique,"Imported from IMC25 English-only smishing corpus. Lure principles: authority,time/urgency. Named entity tag: bendigo bank. | round2_english_readability_cleanup 2026-05-07: approved; IMC25 English SMS-like phishing row with direct lure/action signal. confidence=high"
imc25_english_smish_08416,Smishing-Dataset-IMC25,reportsmishing/Smishing-Dataset-IMC25,We have detected some unusual activity on your account. We urgently ask you to follow the account review <URL>,smishing,approved,banking,English,unique,"Imported from IMC25 English-only smishing corpus. Lure principles: authority,time/urgency. Named entity tag: commbank. | round2_english_readability_cleanup 2026-05-07: approved; IMC25 English SMS-like phishing row with direct lure/action signal. confidence=high"
imc25_english_smish_08418,Smishing-Dataset-IMC25,reportsmishing/Smishing-Dataset-IMC25,"We suspect someone is Logged into your Paypal without your knowledge, Confirm your identity and change password",smishing,approved,banking,English,unique,"Imported from IMC25 English-only smishing corpus. Lure principles: authority,distraction,time/urgency. Named entity tag: PayPal. | round2_english_readability_cleanup 2026-05-07: approved; IMC25 English SMS-like phishing row with direct lure/action signal. confidence=high"
imc25_english_smish_08420,Smishing-Dataset-IMC25,reportsmishing/Smishing-Dataset-IMC25,ALERT: Our systems have detected unusual activity on your online account. Login via the secure link <URL> to avoid account suspension.,smishing,approved,banking,English,unique,"Imported from IMC25 English-only smishing corpus. Lure principles: authority,distraction,time/urgency. | round2_english_readability_cleanup 2026-05-07: approved; IMC25 English SMS-like phishing row with direct lure/action signal. confidence=high"
imc25_english_smish_08421,Smishing-Dataset-IMC25,reportsmishing/Smishing-Dataset-IMC25,Sorry but Internet Banking isn't available <DATE_TIME>. You won't be able to log in from <DATE_TIME> until <DATE_TIME>. Find out more at <URL>,smishing,approved,banking,English,unique,"Imported from IMC25 English-only smishing corpus. Lure principles: authority,distraction,time/urgency. Named entity tag: tsb bank. | round2_english_readability_cleanup 2026-05-07: approved; IMC25 English SMS-like phishing row with direct lure/action signal. confidence=high"
imc25_english_smish_08424,Smishing-Dataset-IMC25,reportsmishing/Smishing-Dataset-IMC25,Luno user: Please update your account now to avoid De-activation of account in <DATE_TIME>. To update click-> <URL> or ignore to De-activate.,smishing,approved,banking,English,unique,"Imported from IMC25 English-only smishing corpus. Lure principles: authority,time/urgency. Named entity tag: luno. | round2_english_readability_cleanup 2026-05-07: approved; IMC25 English SMS-like phishing row with direct lure/action signal. confidence=high"
imc25_english_smish_08425,Smishing-Dataset-IMC25,reportsmishing/Smishing-Dataset-IMC25,Your account has been locked. To restore visit <URL> immediately,smishing,approved,banking,English,unique,"Imported from IMC25 English-only smishing corpus. Lure principles: authority,time/urgency. Named entity tag: nab. | round2_english_readability_cleanup 2026-05-07: approved; IMC25 English SMS-like phishing row with direct lure/action signal. confidence=high"
imc25_english_smish_08430,Smishing-Dataset-IMC25,reportsmishing/Smishing-Dataset-IMC25,Deactivation in Progress Your Crypto wallet has been blocked due to SSL upgrades please click <URL> to reactivate Sign in,smishing,approved,banking,English,unique,"Imported from IMC25 English-only smishing corpus. Lure principles: authority,distraction,time/urgency. Named entity tag: crypto wallet. | round2_english_readability_cleanup 2026-05-07: approved; IMC25 English SMS-like phishing row with direct lure/action signal. confidence=high"
imc25_english_smish_08432,Smishing-Dataset-IMC25,reportsmishing/Smishing-Dataset-IMC25,PB Guardian Alert on card <OTP> at JANE DOE DDS PC for $453.00. Reply DDAER7NO if unauthorized. Reply STOP to cancel alerts.,smishing,approved,banking,English,unique,"Imported from IMC25 English-only smishing corpus. Lure principles: authority,time/urgency. Named entity tag: pb guardian. | round2_english_readability_cleanup 2026-05-07: approved; IMC25 English SMS-like phishing row with direct lure/action signal. confidence=high"
imc25_english_smish_08433,Smishing-Dataset-IMC25,reportsmishing/Smishing-Dataset-IMC25,"Your CommBank access has been temporarily disabled for identity check, Please click on <URL> to enable your access.",smishing,approved,banking,English,unique,"Imported from IMC25 English-only smishing corpus. Lure principles: authority,distraction,time/urgency. Named entity tag: commbank. | round2_english_readability_cleanup 2026-05-07: approved; IMC25 English SMS-like phishing row with direct lure/action signal. confidence=high"
imc25_english_smish_08434,Smishing-Dataset-IMC25,reportsmishing/Smishing-Dataset-IMC25,Kindly Validate your Luno account to avoid Termination. To Validate click: <URL> .Ignore to De-activate account.,smishing,approved,banking,English,unique,"Imported from IMC25 English-only smishing corpus. Lure principles: authority,time/urgency. Named entity tag: luno. | round2_english_readability_cleanup 2026-05-07: approved; IMC25 English SMS-like phishing row with direct lure/action signal. confidence=high"
imc25_english_smish_08436,Smishing-Dataset-IMC25,reportsmishing/Smishing-Dataset-IMC25,Open Zero Balance A/c with Kotak Mahindra Bank & get Assured Cashbacks on transactions. Click here <URL> to avail this offer. *T&C apply,smishing,approved,banking,English,unique,"Imported from IMC25 English-only smishing corpus. Lure principles: authority,need and greed,time/urgency. Named entity tag: Kotak Mahindra Bank. | round2_english_readability_cleanup 2026-05-07: approved; IMC25 English SMS-like phishing row with direct lure/action signal. confidence=high"
imc25_english_smish_08437,Smishing-Dataset-IMC25,reportsmishing/Smishing-Dataset-IMC25,Your PayPal has been temporarily locked. You have 36H to confirm the account information or your account will be closed: <URL>,smishing,approved,banking,English,unique,"Imported from IMC25 English-only smishing corpus. Lure principles: authority,time/urgency. Named entity tag: PayPal. | round2_english_readability_cleanup 2026-05-07: approved; IMC25 English SMS-like phishing row with direct lure/action signal. confidence=high"
imc25_english_smish_08441,Smishing-Dataset-IMC25,reportsmishing/Smishing-Dataset-IMC25,customer your Kotak Bank rewards point worth Rs <OTP> expired by <DATE_TIME>. Kindly convert your points into cash by click here,smishing,approved,banking,English,unique,"Imported from IMC25 English-only smishing corpus. Lure principles: authority,distraction,time/urgency. Named entity tag: Kotak Mahindra Bank. | round2_english_readability_cleanup 2026-05-07: approved; IMC25 English SMS-like phishing row with direct lure/action signal. confidence=high"
imc25_english_smish_08442,Smishing-Dataset-IMC25,reportsmishing/Smishing-Dataset-IMC25,"Dear Customer your A.T.M Card has been BL0CKED, please apply for a new secured E.V.M-CHIP based ATM Card call = <PHONE_NUMBER>, <DATE_TIME>,",smishing,approved,banking,English,unique,"Imported from IMC25 English-only smishing corpus. Lure principles: authority,distraction,time/urgency. | round2_english_readability_cleanup 2026-05-07: approved; IMC25 English SMS-like phishing row with direct lure/action signal. confidence=high"
imc25_english_smish_08448,Smishing-Dataset-IMC25,reportsmishing/Smishing-Dataset-IMC25,"Dear Luno Customer, Kindly Validate your Luno account to avoid Termination. To Validate click: <URL> .ignore to Deactivate account",smishing,approved,banking,English,unique,"Imported from IMC25 English-only smishing corpus. Lure principles: authority,time/urgency. Named entity tag: luno. | round2_english_readability_cleanup 2026-05-07: approved; IMC25 English SMS-like phishing row with direct lure/action signal. confidence=high"
imc25_english_smish_08450,Smishing-Dataset-IMC25,reportsmishing/Smishing-Dataset-IMC25,Your NAB account has been temporarily blocked for unusual GPRS activity . Please login from your device at : <URL> and follow the unlock procedure,smishing,approved,banking,English,unique,"Imported from IMC25 English-only smishing corpus. Lure principles: authority,distraction,time/urgency. Named entity tag: nab. | round2_english_readability_cleanup 2026-05-07: approved; IMC25 English SMS-like phishing row with direct lure/action signal. confidence=high"
imc25_english_smish_08451,Smishing-Dataset-IMC25,reportsmishing/Smishing-Dataset-IMC25,"CIBC:ALERT As a precaution, we have disabled your online access. Please visit <URL> to regain access to your account(s).",smishing,approved,banking,English,unique,"Imported from IMC25 English-only smishing corpus. Lure principles: authority,distraction,time/urgency. Named entity tag: cibc. | round2_english_readability_cleanup 2026-05-07: approved; IMC25 English SMS-like phishing row with direct lure/action signal. confidence=high"
imc25_english_smish_08453,Smishing-Dataset-IMC25,reportsmishing/Smishing-Dataset-IMC25,Hi can you please do a cashsend to <PHONE_NUMBER> for <US_DRIVER_LICENSE> and then <US_DRIVER_LICENSE> <DATE_TIME> capitec please need to passby edenvale Trying to call you cant get through how far Will ask her to reverse its ok but you dissapointed me was already on my way,smishing,approved,banking,English,unique,"Imported from IMC25 English-only smishing corpus. Lure principles: distraction,kindness,time/urgency. Named entity tag: capitec. | round2_english_readability_cleanup 2026-05-07: approved; IMC25 English SMS-like phishing row with direct lure/action signal. confidence=high"
imc25_english_smish_08458,Smishing-Dataset-IMC25,reportsmishing/Smishing-Dataset-IMC25,Dear customer your KOTAK VISA Debit Card points worth Rs <OTP> expired by <DATE_TIME>. Kindly convert your points in cash by clicking here <URL>,smishing,approved,banking,English,unique,"Imported from IMC25 English-only smishing corpus. Lure principles: authority,need and greed,time/urgency. Named entity tag: Kotak Mahindra Bank. | round2_english_readability_cleanup 2026-05-07: approved; IMC25 English SMS-like phishing row with direct lure/action signal. confidence=high"
imc25_english_smish_08463,Smishing-Dataset-IMC25,reportsmishing/Smishing-Dataset-IMC25,All your transactions are suspended. You must confirm your device immediately. Follow <URL>,smishing,approved,banking,English,unique,"Imported from IMC25 English-only smishing corpus. Lure principles: authority,time/urgency. Named entity tag: posb. | round2_english_readability_cleanup 2026-05-07: approved; IMC25 English SMS-like phishing row with direct lure/action signal. confidence=high"
imc25_english_smish_08469,Smishing-Dataset-IMC25,reportsmishing/Smishing-Dataset-IMC25,"Luno Btc Trader,Your wallet will be disabled if not validated in <DATE_TIME>, Click: <URL> and validate your wallet.",smishing,approved,banking,English,unique,"Imported from IMC25 English-only smishing corpus. Lure principles: authority,distraction,time/urgency. Named entity tag: luno btc trader. | round2_english_readability_cleanup 2026-05-07: approved; IMC25 English SMS-like phishing row with direct lure/action signal. confidence=high"
imc25_english_smish_08471,Smishing-Dataset-IMC25,reportsmishing/Smishing-Dataset-IMC25,"FNB: Due to new upgrade, Your FNB account will be suspended, Update Here and Enable Security Device < <URL>>",smishing,approved,banking,English,unique,"Imported from IMC25 English-only smishing corpus. Lure principles: authority,distraction,time/urgency. Named entity tag: fnb. | round2_english_readability_cleanup 2026-05-07: approved; IMC25 English SMS-like phishing row with direct lure/action signal. confidence=high"
imc25_english_smish_08472,Smishing-Dataset-IMC25,reportsmishing/Smishing-Dataset-IMC25,"You have a refund of £180 for your argos card, please confirm your details to activate your refund",smishing,approved,banking,English,unique,"Imported from IMC25 English-only smishing corpus. Lure principles: authority,need and greed,time/urgency. Named entity tag: argos. | round2_english_readability_cleanup 2026-05-07: approved; IMC25 English SMS-like phishing row with direct lure/action signal. confidence=high"
imc25_english_smish_08473,Smishing-Dataset-IMC25,reportsmishing/Smishing-Dataset-IMC25,"Metro Bank. We have noticed attempt of payment on your debit card. If you are not aware of this, call Fraud Prevention on <DATE_TIME> or Intl <PHONE_NUMBER>.",smishing,approved,banking,English,unique,"Imported from IMC25 English-only smishing corpus. Lure principles: authority,time/urgency. Named entity tag: metro bank. | round2_english_readability_cleanup 2026-05-07: approved; IMC25 English SMS-like phishing row with direct lure/action signal. confidence=high"
imc25_english_smish_08475,Smishing-Dataset-IMC25,reportsmishing/Smishing-Dataset-IMC25,"Hi, it's Capital One. Did you just try to make this purchase with your card ending in <OTP>? Text back ""yes"" or ""no"" to let us know. GREYHOUND LINES CNP $219.35 Please respond to help protect your account. Thanks!",smishing,approved,banking,English,unique,"Imported from IMC25 English-only smishing corpus. Lure principles: authority,distraction. Named entity tag: capital one. | round2_english_readability_cleanup 2026-05-07: approved; IMC25 English SMS-like phishing row with direct lure/action signal. confidence=high"
imc25_english_smish_08482,Smishing-Dataset-IMC25,reportsmishing/Smishing-Dataset-IMC25,TSB Online Payments Your OTP is <US_DRIVER_LICENSE>. If you didn't request a payment to Paypal on <DATE_TIME> at <DATE_TIME> for <OTP>.00 call <PHONE_NUMBER> or from abroad <DATE_TIME>.,smishing,approved,banking,English,unique,"Imported from IMC25 English-only smishing corpus. Lure principles: authority,distraction,time/urgency. Named entity tag: tsb bank. | round2_english_readability_cleanup 2026-05-07: approved; IMC25 English SMS-like phishing row with direct lure/action signal. confidence=high"
imc25_english_smish_08483,Smishing-Dataset-IMC25,reportsmishing/Smishing-Dataset-IMC25,RM0.00 CIMB:MYR730.56 was charged on your card num <OTP> at Agoda Hotel Reservation on <DATE_TIME> 14:27 ref no: <US_DRIVER_LICENSE>. Pls Call <PHONE_NUMBER> for any queries,smishing,approved,banking,English,unique,"Imported from IMC25 English-only smishing corpus. Lure principles: authority,time/urgency. Named entity tag: cimb. | round2_english_readability_cleanup 2026-05-07: approved; IMC25 English SMS-like phishing row with direct lure/action signal. confidence=high"
imc25_english_smish_08485,Smishing-Dataset-IMC25,reportsmishing/Smishing-Dataset-IMC25,"Hey <NAMED_ENTITY>, Your <NRP> account has reached: 8,936 USD in <DATE_TIME>! Claim your Funds NOW: <URL> The Bitcoin Code",smishing,approved,banking,English,unique,"Imported from IMC25 English-only smishing corpus. Lure principles: distraction,need and greed,time/urgency. Named entity tag: bitcoin. | round2_english_readability_cleanup 2026-05-07: approved; IMC25 English SMS-like phishing row with direct lure/action signal. confidence=high"
imc25_english_smish_08487,Smishing-Dataset-IMC25,reportsmishing/Smishing-Dataset-IMC25,"Dear Customer, Due to several security concerns,our security team has suspended your online <URL>ease follow the security link below to verify your account : <URL> Yours sincerely, RBC Security Support",smishing,approved,banking,English,unique,"Imported from IMC25 English-only smishing corpus. Lure principles: authority,distraction,time/urgency. Named entity tag: rbc. | round2_english_readability_cleanup 2026-05-07: approved; IMC25 English SMS-like phishing row with direct lure/action signal. confidence=high"
imc25_english_smish_08489,Smishing-Dataset-IMC25,reportsmishing/Smishing-Dataset-IMC25,Your Paytm account Has been Blocked due to Kyc regulations for instant verification please visit <URL>,smishing,approved,banking,English,unique,"Imported from IMC25 English-only smishing corpus. Lure principles: authority,distraction,time/urgency. Named entity tag: Paytm. | round2_english_readability_cleanup 2026-05-07: approved; IMC25 English SMS-like phishing row with direct lure/action signal. confidence=high"
imc25_english_smish_08490,Smishing-Dataset-IMC25,reportsmishing/Smishing-Dataset-IMC25,Deactivation In progress Your Luno wallet has been blocked due to SSL upgrades please click <URL> to reactivate,smishing,approved,banking,English,unique,"Imported from IMC25 English-only smishing corpus. Lure principles: authority,distraction,time/urgency. Named entity tag: luno. | round2_english_readability_cleanup 2026-05-07: approved; IMC25 English SMS-like phishing row with direct lure/action signal. confidence=high"
imc25_english_smish_08492,Smishing-Dataset-IMC25,reportsmishing/Smishing-Dataset-IMC25,"Dear Customer as regard to cashless policy,Your Account,ATM has been locked due to change in date of birth,to activate call customer care <PHONE_NUMBER> to rectify",smishing,approved,banking,English,unique,"Imported from IMC25 English-only smishing corpus. Lure principles: authority,distraction,time/urgency. | round2_english_readability_cleanup 2026-05-07: approved; IMC25 English SMS-like phishing row with direct lure/action signal. confidence=high"
imc25_english_smish_08497,Smishing-Dataset-IMC25,reportsmishing/Smishing-Dataset-IMC25,IGA INVEST lodged a R 98 debit order for date <DATE_TIME> on your acc. For queries call <PHONE_NUMBER> ref IGA342369 or for more information go to,smishing,approved,banking,English,unique,"Imported from IMC25 English-only smishing corpus. Lure principles: authority,distraction,time/urgency. Named entity tag: iga invest. | round2_english_readability_cleanup 2026-05-07: approved; IMC25 English SMS-like phishing row with direct lure/action signal. confidence=high"
imc25_english_smish_08498,Smishing-Dataset-IMC25,reportsmishing/Smishing-Dataset-IMC25,<US_DRIVER_LICENSE> is your <NAMED_ENTITY> to change your Email ID. Do not share it with anyone. Write to us at <URL> immediately if you did not request for it.,smishing,approved,banking,English,unique,"Imported from IMC25 English-only smishing corpus. Lure principles: authority,time/urgency. Named entity tag: Paytm. | round2_english_readability_cleanup 2026-05-07: approved; IMC25 English SMS-like phishing row with direct lure/action signal. confidence=high"
imc25_english_smish_08501,Smishing-Dataset-IMC25,reportsmishing/Smishing-Dataset-IMC25,Dear customer your ICICI Debit Card points worth Rs <OTP> expired by <DATE_TIME>. Kindly convert your points in cash or voucher by click here,smishing,approved,banking,English,unique,"Imported from IMC25 English-only smishing corpus. Lure principles: authority,need and greed,time/urgency. Named entity tag: ICICI Bank. | round2_english_readability_cleanup 2026-05-07: approved; IMC25 English SMS-like phishing row with direct lure/action signal. confidence=high"
imc25_english_smish_08507,Smishing-Dataset-IMC25,reportsmishing/Smishing-Dataset-IMC25,"<NAMED_ENTITY><URL> have received Ksh4,530.00 from <NAMED_ENTITY> on <DATE_TIME>. Your M-PESA balance is(LOCKED)",smishing,approved,banking,English,unique,"Imported from IMC25 English-only smishing corpus. Lure principles: authority,dishonesty. Named entity tag: m-pesa. | round2_english_readability_cleanup 2026-05-07: approved; IMC25 English SMS-like phishing row with direct lure/action signal. confidence=high"
imc25_english_smish_08508,Smishing-Dataset-IMC25,reportsmishing/Smishing-Dataset-IMC25,Your Coinbase account is at risk. Visit <URL>,smishing,approved,banking,English,unique,"Imported from IMC25 English-only smishing corpus. Lure principles: authority,distraction,time/urgency. Named entity tag: Coinbase. | round2_english_readability_cleanup 2026-05-07: approved; IMC25 English SMS-like phishing row with direct lure/action signal. confidence=high"
imc25_english_smish_08511,Smishing-Dataset-IMC25,reportsmishing/Smishing-Dataset-IMC25,Your HSBC account has been locked due to exceeded failed login attempts. To unlock your account visit <URL>,smishing,approved,banking,English,unique,"Imported from IMC25 English-only smishing corpus. Lure principles: authority,distraction,time/urgency. Named entity tag: HSBC UK. | round2_english_readability_cleanup 2026-05-07: approved; IMC25 English SMS-like phishing row with direct lure/action signal. confidence=high"
imc25_english_smish_08512,Smishing-Dataset-IMC25,reportsmishing/Smishing-Dataset-IMC25,"Dear UOB customer, You have received a new account notification The SMS-OTP is <US_DRIVER_LICENSE> for adding your UOB card to your mobile. Please enter by <DATE_TIME> SG Time. You have successfully added your UOB card to your mobile. If you did not request this, please call us on <PHONE_NUMBER>.",smishing,approved,banking,English,unique,"Imported from IMC25 English-only smishing corpus. Lure principles: authority,distraction,time/urgency. Named entity tag: uob. | round2_english_readability_cleanup 2026-05-07: approved; IMC25 English SMS-like phishing row with direct lure/action signal. confidence=high"
imc25_english_smish_08513,Smishing-Dataset-IMC25,reportsmishing/Smishing-Dataset-IMC25,"Don't want to keep minimum balance in your account and won't have more than four debits in <DATE_TIME>? Open BSBD A/c. To know more, give missed call to <DATE_TIME>",smishing,approved,banking,English,unique,Imported from IMC25 English-only smishing corpus. Lure principles: distraction. Named entity tag: bsbd. | round2_english_readability_cleanup 2026-05-07: approved; IMC25 English SMS-like phishing row with direct lure/action signal. confidence=high
imc25_english_smish_08514,Smishing-Dataset-IMC25,reportsmishing/Smishing-Dataset-IMC25,Your HSBC account has been restricted in order to safeguard your information please login to verify & update your account,smishing,approved,banking,English,unique,"Imported from IMC25 English-only smishing corpus. Lure principles: authority,time/urgency. Named entity tag: HSBC UK. | round2_english_readability_cleanup 2026-05-07: approved; IMC25 English SMS-like phishing row with direct lure/action signal. confidence=high"
imc25_english_smish_08515,Smishing-Dataset-IMC25,reportsmishing/Smishing-Dataset-IMC25,"<NAMED_ENTITY> Your Account Needs To Be Validated To Avoid Termination In <DATE_TIME>,Click-> <URL> To Secure <URL>ly/BTC",smishing,approved,banking,English,unique,"Imported from IMC25 English-only smishing corpus. Lure principles: authority,time/urgency. Named entity tag: luno. | round2_english_readability_cleanup 2026-05-07: approved; IMC25 English SMS-like phishing row with direct lure/action signal. confidence=high"
imc25_english_smish_08520,Smishing-Dataset-IMC25,reportsmishing/Smishing-Dataset-IMC25,"Dear customer,your 365Online account has been <URL>ease login to <URL> to follow the unlocking procedure.",smishing,approved,banking,English,unique,"Imported from IMC25 English-only smishing corpus. Lure principles: authority,distraction,time/urgency. Named entity tag: 365online. | round2_english_readability_cleanup 2026-05-07: approved; IMC25 English SMS-like phishing row with direct lure/action signal. confidence=high"
imc25_english_smish_08524,Smishing-Dataset-IMC25,reportsmishing/Smishing-Dataset-IMC25,We have overcharged your mobile data for the amount of 82.54$. Accept your funds here: <URL>,smishing,approved,banking,English,unique,"Imported from IMC25 English-only smishing corpus. Lure principles: authority,need and greed,time/urgency. Named entity tag: banksecurityreturns.com. | round2_english_readability_cleanup 2026-05-07: approved; IMC25 English SMS-like phishing row with direct lure/action signal. confidence=high"
imc25_english_smish_08529,Smishing-Dataset-IMC25,reportsmishing/Smishing-Dataset-IMC25,Your Credit Score Your <DATE_TIME> Credit Score Changed? Check If It Is Below 590 <URL> For Free <URL>,smishing,approved,banking,English,unique,"Imported from IMC25 English-only smishing corpus. Lure principles: distraction,need and greed,time/urgency. | round2_english_readability_cleanup 2026-05-07: approved; IMC25 English SMS-like phishing row with direct lure/action signal. confidence=high"
imc25_english_smish_08537,Smishing-Dataset-IMC25,reportsmishing/Smishing-Dataset-IMC25,"Your Debit Card payment to Tesco Online Store for 1,720 GBP has been referred to us for further verification. If you have not made this payment, please contact Fraud Prevention on <PHONE_NUMBER> as a matter of urgency. No text reply.",smishing,approved,banking,English,unique,"Imported from IMC25 English-only smishing corpus. Lure principles: authority,distraction,time/urgency. Named entity tag: tesco online store. | round2_english_readability_cleanup 2026-05-07: approved; IMC25 English SMS-like phishing row with direct lure/action signal. confidence=high"
imc25_english_smish_08539,Smishing-Dataset-IMC25,reportsmishing/Smishing-Dataset-IMC25,RMO Your Maybank account has been suspended. Click here for re-verify your data.,smishing,approved,banking,English,unique,"Imported from IMC25 English-only smishing corpus. Lure principles: authority,distraction,time/urgency. Named entity tag: maybank. | round2_english_readability_cleanup 2026-05-07: approved; IMC25 English SMS-like phishing row with direct lure/action signal. confidence=high"
imc25_english_smish_08541,Smishing-Dataset-IMC25,reportsmishing/Smishing-Dataset-IMC25,"Your account has been suspended on <DATE_TIME>, To begin begin verification process visit <URL> or a local branch.",smishing,approved,banking,English,unique,"Imported from IMC25 English-only smishing corpus. Lure principles: authority,time/urgency. Named entity tag: tsb bank. | round2_english_readability_cleanup 2026-05-07: approved; IMC25 English SMS-like phishing row with direct lure/action signal. confidence=high"
imc25_english_smish_08542,Smishing-Dataset-IMC25,reportsmishing/Smishing-Dataset-IMC25,Your online banking account has been suspended. Please visit <URL> for reactivation,smishing,approved,banking,English,unique,"Imported from IMC25 English-only smishing corpus. Lure principles: authority,distraction,time/urgency. Named entity tag: HSBC UK. | round2_english_readability_cleanup 2026-05-07: approved; IMC25 English SMS-like phishing row with direct lure/action signal. confidence=high"
imc25_english_smish_08546,Smishing-Dataset-IMC25,reportsmishing/Smishing-Dataset-IMC25,Dear customer your SBI Credit Card point worth Rs <OTP> expired by <DATE_TIME>. Kindly convert your points into cash by click here <NAMED_ENTITY>,smishing,approved,banking,English,unique,"Imported from IMC25 English-only smishing corpus. Lure principles: authority,need and greed,time/urgency. Named entity tag: State Bank of India. | round2_english_readability_cleanup 2026-05-07: approved; IMC25 English SMS-like phishing row with direct lure/action signal. confidence=high"
imc25_english_smish_08549,Smishing-Dataset-IMC25,reportsmishing/Smishing-Dataset-IMC25,Note!Failure to Validate your Luno account warrant deactivation of your <URL>is service is <URL> to validate.,smishing,approved,banking,English,unique,"Imported from IMC25 English-only smishing corpus. Lure principles: authority,time/urgency. Named entity tag: luno. | round2_english_readability_cleanup 2026-05-07: approved; IMC25 English SMS-like phishing row with direct lure/action signal. confidence=high"
imc25_english_smish_08557,Smishing-Dataset-IMC25,reportsmishing/Smishing-Dataset-IMC25,I work with Lombard Bank in <URL>n i trust you with a business worth $29.6 million?reply ONLY to my email <EMAIL_ADDRESS>,smishing,approved,banking,English,unique,"Imported from IMC25 English-only smishing corpus. Lure principles: authority,need and greed. Named entity tag: lombard bank. | round2_english_readability_cleanup 2026-05-07: approved; IMC25 English SMS-like phishing row with direct lure/action signal. confidence=high"
imc25_english_smish_08559,Smishing-Dataset-IMC25,reportsmishing/Smishing-Dataset-IMC25,Dear customer your KOTAK VISA CARD point worth Rs <OTP> expired by <DATE_TIME>. Kindly convert your points into cash by click here,smishing,approved,banking,English,unique,"Imported from IMC25 English-only smishing corpus. Lure principles: authority,need and greed,time/urgency. Named entity tag: Kotak Mahindra Bank. | round2_english_readability_cleanup 2026-05-07: approved; IMC25 English SMS-like phishing row with direct lure/action signal. confidence=high"
imc25_english_smish_08561,Smishing-Dataset-IMC25,reportsmishing/Smishing-Dataset-IMC25,Your NAB account has been temporarily blocked for unusual GPRS activity . Please confirm your device at : <URL>ine and follow the unlock procedure,smishing,approved,banking,English,unique,"Imported from IMC25 English-only smishing corpus. Lure principles: authority,distraction,time/urgency. Named entity tag: nab. | round2_english_readability_cleanup 2026-05-07: approved; IMC25 English SMS-like phishing row with direct lure/action signal. confidence=high"
imc25_english_smish_08563,Smishing-Dataset-IMC25,reportsmishing/Smishing-Dataset-IMC25,FNB: Your Online Access Is not updated which may lead to account suspension. to update Your OnlineAccess Now: Click:- <URL> Thanks FNB,smishing,approved,banking,English,unique,"Imported from IMC25 English-only smishing corpus. Lure principles: authority,time/urgency. Named entity tag: fnb. | round2_english_readability_cleanup 2026-05-07: approved; IMC25 English SMS-like phishing row with direct lure/action signal. confidence=high"
imc25_english_smish_08568,Smishing-Dataset-IMC25,reportsmishing/Smishing-Dataset-IMC25,PayPal: You sent a payment for 150.04 GBP to WebAct. If you didn't authenticate this transaction click here to cancel,smishing,approved,banking,English,unique,"Imported from IMC25 English-only smishing corpus. Lure principles: authority,distraction,time/urgency. Named entity tag: PayPal. | round2_english_readability_cleanup 2026-05-07: approved; IMC25 English SMS-like phishing row with direct lure/action signal. confidence=high"
imc25_english_smish_08569,Smishing-Dataset-IMC25,reportsmishing/Smishing-Dataset-IMC25,"Dear customer, Click below link to login ICICI internet banking <URL>",smishing,approved,banking,English,unique,"Imported from IMC25 English-only smishing corpus. Lure principles: authority,distraction,time/urgency. Named entity tag: ICICI Bank. | round2_english_readability_cleanup 2026-05-07: approved; IMC25 English SMS-like phishing row with direct lure/action signal. confidence=high"
imc25_english_smish_08574,Smishing-Dataset-IMC25,reportsmishing/Smishing-Dataset-IMC25,You have a refund of £265 from an overpayment. Request refund. <URL>,smishing,approved,banking,English,unique,"Imported from IMC25 English-only smishing corpus. Lure principles: authority,need and greed,time/urgency. Named entity tag: argos. | round2_english_readability_cleanup 2026-05-07: approved; IMC25 English SMS-like phishing row with direct lure/action signal. confidence=high"
imc25_english_smish_08575,Smishing-Dataset-IMC25,reportsmishing/Smishing-Dataset-IMC25,"Thank you for using StanChart Card No **** on <DATE_TIME> for INR 20.00. To check EMI eligibility on spends above INR5000, log on to <URL> - T&C Apply.",smishing,approved,banking,English,unique,Imported from IMC25 English-only smishing corpus. Lure principles: authority. Named entity tag: Standard Chartered. | round2_english_readability_cleanup 2026-05-07: approved; IMC25 English SMS-like phishing row with direct lure/action signal. confidence=high
imc25_english_smish_08579,Smishing-Dataset-IMC25,reportsmishing/Smishing-Dataset-IMC25,Your NAB account has been temporarily blocked for unusual GPRS activity . Please confirm your device at: <URL> and follow the unlock procedure,smishing,approved,banking,English,unique,"Imported from IMC25 English-only smishing corpus. Lure principles: authority,time/urgency. Named entity tag: nab. | round2_english_readability_cleanup 2026-05-07: approved; IMC25 English SMS-like phishing row with direct lure/action signal. confidence=high"
imc25_english_smish_08583,Smishing-Dataset-IMC25,reportsmishing/Smishing-Dataset-IMC25,Buy Bitcoin At 10% Discount From The Market Rate And Sell At Current Market Rate For More Details Contact:- <PHONE_NUMBER>,smishing,approved,banking,English,unique,"Imported from IMC25 English-only smishing corpus. Lure principles: distraction,need and greed. Named entity tag: bitcoin. | round2_english_readability_cleanup 2026-05-07: approved; IMC25 English SMS-like phishing row with direct lure/action signal. confidence=high"
imc25_english_smish_08584,Smishing-Dataset-IMC25,reportsmishing/Smishing-Dataset-IMC25,Your claim of Rs. <OTP> (Subsidies) is released from Balurghat-II Treasury and is scheduled to be credited to Bank A/C No. XXXXXXXXXX8724 on <DATE_TIME>,smishing,approved,banking,English,unique,"Imported from IMC25 English-only smishing corpus. Lure principles: authority,distraction. | round2_english_readability_cleanup 2026-05-07: approved; IMC25 English SMS-like phishing row with direct lure/action signal. confidence=high"
imc25_english_smish_08586,Smishing-Dataset-IMC25,reportsmishing/Smishing-Dataset-IMC25,TD Canada Trust - Account temporarily blocked from online use. For more details visit:,smishing,approved,banking,English,unique,"Imported from IMC25 English-only smishing corpus. Lure principles: authority,distraction,time/urgency. Named entity tag: td canada trust. | round2_english_readability_cleanup 2026-05-07: approved; IMC25 English SMS-like phishing row with direct lure/action signal. confidence=high"
imc25_english_smish_08587,Smishing-Dataset-IMC25,reportsmishing/Smishing-Dataset-IMC25,Your westpac account has been temporary locked. To restore visit,smishing,approved,banking,English,unique,"Imported from IMC25 English-only smishing corpus. Lure principles: authority,time/urgency. Named entity tag: westpac. | round2_english_readability_cleanup 2026-05-07: approved; IMC25 English SMS-like phishing row with direct lure/action signal. confidence=high"
imc25_english_smish_08588,Smishing-Dataset-IMC25,reportsmishing/Smishing-Dataset-IMC25,"Let’s take care of this right away. We temporarily locked your card to help keep your account safe. Sign in below to find out how to report any purchases you didn’t authorize (including this one), and then we’ll send you a new card. FYI, any unauthorized",smishing,approved,banking,English,unique,"Imported from IMC25 English-only smishing corpus. Lure principles: authority,time/urgency. | round2_english_readability_cleanup 2026-05-07: approved; IMC25 English SMS-like phishing row with direct lure/action signal. confidence=high"
imc25_english_smish_08590,Smishing-Dataset-IMC25,reportsmishing/Smishing-Dataset-IMC25,Dear customer your AXIS BANK Debit Card points worth Rs <OTP> expired by <DATE_TIME>. Kindly convert your points into cash by click here,smishing,approved,banking,English,unique,"Imported from IMC25 English-only smishing corpus. Lure principles: authority,need and greed,time/urgency. Named entity tag: Axis Bank. | round2_english_readability_cleanup 2026-05-07: approved; IMC25 English SMS-like phishing row with direct lure/action signal. confidence=high"
imc25_english_smish_08591,Smishing-Dataset-IMC25,reportsmishing/Smishing-Dataset-IMC25,"Your account is suspended, log in to the account for verification. <URL>",smishing,approved,banking,English,unique,"Imported from IMC25 English-only smishing corpus. Lure principles: authority,distraction,time/urgency. Named entity tag: westpac. | round2_english_readability_cleanup 2026-05-07: approved; IMC25 English SMS-like phishing row with direct lure/action signal. confidence=high"
imc25_english_smish_08592,Smishing-Dataset-IMC25,reportsmishing/Smishing-Dataset-IMC25,Your HSBC account has been locked due to exceeded failed login attempts. To unlock your account visit,smishing,approved,banking,English,unique,"Imported from IMC25 English-only smishing corpus. Lure principles: authority,distraction,time/urgency. Named entity tag: HSBC UK. | round2_english_readability_cleanup 2026-05-07: approved; IMC25 English SMS-like phishing row with direct lure/action signal. confidence=high"
imc25_english_smish_08597,Smishing-Dataset-IMC25,reportsmishing/Smishing-Dataset-IMC25,"ALERT-DEAR CUSTOMER, YO UR ATM CARD/ ACCT... HAS BEEN BLOCK DUE TO BVN SYSTEM UPGRADE, KINDLY CALL OUR HELPLINE ON <DATE_TIME> TO OPEN IT UNDER <DATE_TIME>.",smishing,approved,banking,English,unique,"Imported from IMC25 English-only smishing corpus. Lure principles: authority,distraction,time/urgency. | round2_english_readability_cleanup 2026-05-07: approved; IMC25 English SMS-like phishing row with direct lure/action signal. confidence=high"
imc25_english_smish_08600,Smishing-Dataset-IMC25,reportsmishing/Smishing-Dataset-IMC25,Transaction at <URL> Amsterdam NLD on <DATE_TIME> declined on your Credit card ending <DATE_TIME> due to invalid expiry date entry. Retry with valid expiry date,smishing,approved,banking,English,unique,"Imported from IMC25 English-only smishing corpus. Lure principles: authority,distraction,time/urgency. Named entity tag: Netflix. | round2_english_readability_cleanup 2026-05-07: approved; IMC25 English SMS-like phishing row with direct lure/action signal. confidence=high"
imc25_english_smish_08610,Smishing-Dataset-IMC25,reportsmishing/Smishing-Dataset-IMC25,"Dear valued customer, you failed to visit the bank to update ur (BVN)and ur ATM debit card is Block:kindly call <URL>e, <PHONE_NUMBER> to resolve befor <DATE_TIME>",smishing,approved,banking,English,unique,"Imported from IMC25 English-only smishing corpus. Lure principles: authority,time/urgency. Named entity tag: bank. | round2_english_readability_cleanup 2026-05-07: approved; IMC25 English SMS-like phishing row with direct lure/action signal. confidence=high"
imc25_english_smish_08611,Smishing-Dataset-IMC25,reportsmishing/Smishing-Dataset-IMC25,"Your <NAMED_ENTITY> has been blocked, click <URL> to reactivate now. Luno Support.",smishing,approved,banking,English,unique,"Imported from IMC25 English-only smishing corpus. Lure principles: authority,time/urgency. Named entity tag: luno. | round2_english_readability_cleanup 2026-05-07: approved; IMC25 English SMS-like phishing row with direct lure/action signal. confidence=high"
imc25_english_smish_08614,Smishing-Dataset-IMC25,reportsmishing/Smishing-Dataset-IMC25,"Dear Luno User,Your Luno account is not validated and will be deleted in <DATE_TIME><URL> validate click--> <URL> to secure wallet.",smishing,approved,banking,English,unique,"Imported from IMC25 English-only smishing corpus. Lure principles: authority,time/urgency. Named entity tag: luno. | round2_english_readability_cleanup 2026-05-07: approved; IMC25 English SMS-like phishing row with direct lure/action signal. confidence=high"
imc25_english_smish_08617,Smishing-Dataset-IMC25,reportsmishing/Smishing-Dataset-IMC25,You have received a payment of 1.<US_DRIVER_LICENSE> BTC. into your <NAMED_ENTITY>. Click on the link below to confirm your transaction :,smishing,approved,banking,English,unique,"Imported from IMC25 English-only smishing corpus. Lure principles: authority,distraction,need and greed,time/urgency. Named entity tag: blockchain wallet. | round2_english_readability_cleanup 2026-05-07: approved; IMC25 English SMS-like phishing row with direct lure/action signal. confidence=high"
imc25_english_smish_08618,Smishing-Dataset-IMC25,reportsmishing/Smishing-Dataset-IMC25,"Debit Alert! Ac#: **<OTP> Desc: Sms Notification Charge For <DATE_TIME> De Cember Amt: NGN752.00 <URL>l: 6,000.00 Enquiries? Call <US_BANK_NUMBER>",smishing,approved,banking,English,unique,"Imported from IMC25 English-only smishing corpus. Lure principles: authority,distraction,time/urgency. | round2_english_readability_cleanup 2026-05-07: approved; IMC25 English SMS-like phishing row with direct lure/action signal. confidence=high"
imc25_english_smish_08622,Smishing-Dataset-IMC25,reportsmishing/Smishing-Dataset-IMC25,"<NAMED_ENTITY>, as a woman you make choices for your family every day - today, please choose the right financial solution: Apply for up to <US_DRIVER_LICENSE> 000 as a loan from Sanlam. Call <PHONE_NUMBER>, SMS your ID Nr. to <OTP> or visit: <URL>. Ts&C's apply. Auth FSP (NCRCP 272). <URL>",smishing,approved,banking,English,unique,"Imported from IMC25 English-only smishing corpus. Lure principles: authority,need and greed. Named entity tag: sanlam. | round2_english_readability_cleanup 2026-05-07: approved; IMC25 English SMS-like phishing row with direct lure/action signal. confidence=high"
imc25_english_smish_08624,Smishing-Dataset-IMC25,reportsmishing/Smishing-Dataset-IMC25,We have identified an unusual login attempt on your account. Login via the secure link to avoid account suspension <URL>,smishing,approved,banking,English,unique,"Imported from IMC25 English-only smishing corpus. Lure principles: authority,distraction,time/urgency. Named entity tag: metro bank. | round2_english_readability_cleanup 2026-05-07: approved; IMC25 English SMS-like phishing row with direct lure/action signal. confidence=high"
imc25_english_smish_08625,Smishing-Dataset-IMC25,reportsmishing/Smishing-Dataset-IMC25,"Unusual credit card activity is noted. Please confirm your personal data, otherwise we will be forced to block it.",smishing,approved,banking,English,unique,"Imported from IMC25 English-only smishing corpus. Lure principles: authority,distraction,time/urgency. | round2_english_readability_cleanup 2026-05-07: approved; IMC25 English SMS-like phishing row with direct lure/action signal. confidence=high"
imc25_english_smish_08629,Smishing-Dataset-IMC25,reportsmishing/Smishing-Dataset-IMC25,Received Rs.500 from MAHIP SUMER KARNAVAT (9XXXXXX55) in your Paytm Wallet. Wallet txn id: <PHONE_NUMBER>. Up to Rs <OTP> Cashback on Big bazaar <URL>,smishing,approved,banking,English,unique,"Imported from IMC25 English-only smishing corpus. Lure principles: distraction,need and greed. Named entity tag: Paytm. | round2_english_readability_cleanup 2026-05-07: approved; IMC25 English SMS-like phishing row with direct lure/action signal. confidence=high"
imc25_english_smish_08630,Smishing-Dataset-IMC25,reportsmishing/Smishing-Dataset-IMC25,Dear customer your RBL card points worth INR <OTP> ex–pired by <DATE_TIME>. Kindly redeem your points in cash by click here <URL>,smishing,approved,banking,English,unique,"Imported from IMC25 English-only smishing corpus. Lure principles: authority,need and greed,time/urgency. Named entity tag: rbl. | round2_english_readability_cleanup 2026-05-07: approved; IMC25 English SMS-like phishing row with direct lure/action signal. confidence=high"
imc25_english_smish_08631,Smishing-Dataset-IMC25,reportsmishing/Smishing-Dataset-IMC25,"Dear S.B.I Customer your ATM card Blocked due to (SECURITY REASONS) call for (NEW EMV CHIP CARD OR ACTIVATION) <DATE_TIME>, <DATE_TIME>,?",smishing,approved,banking,English,unique,"Imported from IMC25 English-only smishing corpus. Lure principles: authority,distraction,time/urgency. Named entity tag: State Bank of India. | round2_english_readability_cleanup 2026-05-07: approved; IMC25 English SMS-like phishing row with direct lure/action signal. confidence=high"
imc25_english_smish_08632,Smishing-Dataset-IMC25,reportsmishing/Smishing-Dataset-IMC25,Absa Security Alert: Please update your <NAMED_ENTITY> to avoid termination on our new server.Tap --> <URL> to secure account.,smishing,approved,banking,English,unique,"Imported from IMC25 English-only smishing corpus. Lure principles: authority,distraction,time/urgency. Named entity tag: absa. | round2_english_readability_cleanup 2026-05-07: approved; IMC25 English SMS-like phishing row with direct lure/action signal. confidence=high"
imc25_english_smish_08633,Smishing-Dataset-IMC25,reportsmishing/Smishing-Dataset-IMC25,"<NAMED_ENTITY>, your ATM card has been blocked. Because you did not have an update yet. If you want your ATM card to work properly, then contact this number immediately to.<PHONE_NUMBER> - Sent via <NAMED_ENTITY>",smishing,approved,banking,English,unique,"Imported from IMC25 English-only smishing corpus. Lure principles: authority,distraction,time/urgency. Named entity tag: lantech soft. | round2_english_readability_cleanup 2026-05-07: approved; IMC25 English SMS-like phishing row with direct lure/action signal. confidence=high"
imc25_english_smish_08634,Smishing-Dataset-IMC25,reportsmishing/Smishing-Dataset-IMC25,<LOCATION> NOTIFICATION: We have temporarily disabled your online access to your card starting with <OTP>* Restore here: <URL>,smishing,approved,banking,English,unique,"Imported from IMC25 English-only smishing corpus. Lure principles: authority,distraction,time/urgency. Named entity tag: scotia. | round2_english_readability_cleanup 2026-05-07: approved; IMC25 English SMS-like phishing row with direct lure/action signal. confidence=high"
imc25_english_smish_08635,Smishing-Dataset-IMC25,reportsmishing/Smishing-Dataset-IMC25,PHUTUMANA lodged a R 99 debit order for date <DATE_TIME> on your acc. For queries call <US_BANK_NUMBER> ref <NAMED_ENTITY> or for more information go to <URL>,smishing,approved,banking,English,unique,"Imported from IMC25 English-only smishing corpus. Lure principles: authority,time/urgency. Named entity tag: phutumana. | round2_english_readability_cleanup 2026-05-07: approved; IMC25 English SMS-like phishing row with direct lure/action signal. confidence=high"
imc25_english_smish_08636,Smishing-Dataset-IMC25,reportsmishing/Smishing-Dataset-IMC25,"NatWest disabled your Online Banking temporarily due to unusual activities, please restore it via <URL>ine to secure your account.",smishing,approved,banking,English,unique,"Imported from IMC25 English-only smishing corpus. Lure principles: authority,distraction,time/urgency. Named entity tag: natwest. | round2_english_readability_cleanup 2026-05-07: approved; IMC25 English SMS-like phishing row with direct lure/action signal. confidence=high"
imc25_english_smish_08637,Smishing-Dataset-IMC25,reportsmishing/Smishing-Dataset-IMC25,"Dear Customer, Your XYZ credit card points worth <URL> expire by DD/<NAMED_ENTITY>/YYYY. Kindly convert the points by clicking on the link below.",smishing,approved,banking,English,unique,"Imported from IMC25 English-only smishing corpus. Lure principles: authority,need and greed,time/urgency. Named entity tag: xyz. | round2_english_readability_cleanup 2026-05-07: approved; IMC25 English SMS-like phishing row with direct lure/action signal. confidence=high"
imc25_english_smish_08638,Smishing-Dataset-IMC25,reportsmishing/Smishing-Dataset-IMC25,(Wells Fargo Update) We regret to inform you that your Wells Fargo account is suspended. Update your personal information at,smishing,approved,banking,English,unique,"Imported from IMC25 English-only smishing corpus. Lure principles: authority,distraction,time/urgency. Named entity tag: wells fargo. | round2_english_readability_cleanup 2026-05-07: approved; IMC25 English SMS-like phishing row with direct lure/action signal. confidence=high"
imc25_english_smish_08642,Smishing-Dataset-IMC25,reportsmishing/Smishing-Dataset-IMC25,"BOI - Dear Customer,ur BOI debit card is re-dispatched to ur <NAMED_ENTITY> branch thru Speedpost-AWB EA281449424IN due to incomplete <URL>s collect ur debit card from branch and update ur <URL>tivate with Green PIN at BOI ATM. Avail offers <URL>",smishing,approved,banking,English,unique,"Imported from IMC25 English-only smishing corpus. Lure principles: authority,time/urgency. Named entity tag: Bank of India. | round2_english_readability_cleanup 2026-05-07: approved; IMC25 English SMS-like phishing row with direct lure/action signal. confidence=high"
imc25_english_smish_08643,Smishing-Dataset-IMC25,reportsmishing/Smishing-Dataset-IMC25,PAYTM WE WILL HOLD YOUR PAYTM AMOUNT AFTER SOMETIME COMPLETE YOUR PAYTM KYC PAYTM OFFICE PH <PHONE_NUMBER>,smishing,approved,banking,English,unique,"Imported from IMC25 English-only smishing corpus. Lure principles: authority,distraction,need and greed,time/urgency. Named entity tag: Paytm. | round2_english_readability_cleanup 2026-05-07: approved; IMC25 English SMS-like phishing row with direct lure/action signal. confidence=high"
imc25_english_smish_08644,Smishing-Dataset-IMC25,reportsmishing/Smishing-Dataset-IMC25,PAYTM Dear paytm customer your KYC has been suspended. Paytm office pH <PHONE_NUMBER> call immediately. Your account will blocked within <DATE_TIME>. Thank you paytm team,smishing,approved,banking,English,unique,"Imported from IMC25 English-only smishing corpus. Lure principles: authority,time/urgency. Named entity tag: Paytm. | round2_english_readability_cleanup 2026-05-07: approved; IMC25 English SMS-like phishing row with direct lure/action signal. confidence=high"
imc25_english_smish_08646,Smishing-Dataset-IMC25,reportsmishing/Smishing-Dataset-IMC25,"Dear <US_DRIVER_LICENSE>, Your A/C XXXXXXXXX4598 Can Be credited with Rs.<US_DRIVER_LICENSE>. Check Now - <URL>",smishing,approved,banking,English,unique,"Imported from IMC25 English-only smishing corpus. Lure principles: authority,distraction,time/urgency. Named entity tag: bank. | round2_english_readability_cleanup 2026-05-07: approved; IMC25 English SMS-like phishing row with direct lure/action signal. confidence=high"
imc25_english_smish_08647,Smishing-Dataset-IMC25,reportsmishing/Smishing-Dataset-IMC25,(WellsFargo) <URL> Request Identity! SuspiciousAccountLocked041,smishing,approved,banking,English,unique,"Imported from IMC25 English-only smishing corpus. Lure principles: authority,time/urgency. Named entity tag: wellsfargo. | round2_english_readability_cleanup 2026-05-07: approved; IMC25 English SMS-like phishing row with direct lure/action signal. confidence=high"
imc25_english_smish_08648,Smishing-Dataset-IMC25,reportsmishing/Smishing-Dataset-IMC25,"To ensure safety of your account, <NAMED_ENTITY> must be entered to proceed. <US_DRIVER_LICENSE> is your verification code to verify your Mobile# on <LOCATION>.",smishing,approved,banking,English,unique,"Imported from IMC25 English-only smishing corpus. Lure principles: authority,time/urgency. Named entity tag: Paytm. | round2_english_readability_cleanup 2026-05-07: approved; IMC25 English SMS-like phishing row with direct lure/action signal. confidence=high"
