final_row_id,model,seed,condition,y_true,y_prob_smishing,y_pred
v3_public_manual_research_synthetic_row_007409,ablation_b_augmented,7,adv_20,1,0.9998523,1
v3_public_manual_research_synthetic_row_000611,ablation_b_augmented,7,adv_20,0,0.0002806353,0
v3_public_manual_research_synthetic_row_003032,ablation_b_augmented,7,adv_20,0,0.00021942134,0
v3_public_manual_research_synthetic_row_003572,ablation_b_augmented,7,adv_20,0,0.0002846387,0
v3_public_manual_research_synthetic_row_000988,ablation_b_augmented,7,adv_20,0,0.00021836258,0
v3_public_manual_research_synthetic_row_002346,ablation_b_augmented,7,adv_20,0,0.0002710776,0
v3_public_manual_research_synthetic_row_008025,ablation_b_augmented,7,adv_20,1,0.9998491,1
v3_public_manual_research_synthetic_row_006479,ablation_b_augmented,7,adv_20,1,0.99983835,1
v3_public_manual_research_synthetic_row_008672,ablation_b_augmented,7,adv_20,1,0.99985456,1
v3_public_manual_research_synthetic_row_006293,ablation_b_augmented,7,adv_20,1,0.999821,1
v3_public_manual_research_synthetic_row_002620,ablation_b_augmented,7,adv_20,0,0.0003509928,0
v3_public_manual_research_synthetic_row_006483,ablation_b_augmented,7,adv_20,1,0.99985087,1
v3_public_manual_research_synthetic_row_000109,ablation_b_augmented,7,adv_20,0,0.00038884825,0
v3_public_manual_research_synthetic_row_009650,ablation_b_augmented,7,adv_20,1,0.9996346,1
v3_public_manual_research_synthetic_row_009615,ablation_b_augmented,7,adv_20,1,0.9968021,1
v3_public_manual_research_synthetic_row_006245,ablation_b_augmented,7,adv_20,1,0.9998324,1
v3_public_manual_research_synthetic_row_002419,ablation_b_augmented,7,adv_20,0,0.0023150973,0
v3_public_manual_research_synthetic_row_006648,ablation_b_augmented,7,adv_20,1,0.99985266,1
v3_public_manual_research_synthetic_row_009960,ablation_b_augmented,7,adv_20,1,0.9998388,1
v3_public_manual_research_synthetic_row_006798,ablation_b_augmented,7,adv_20,1,0.9997911,1
v3_public_manual_research_synthetic_row_009696,ablation_b_augmented,7,adv_20,1,0.69760853,1
v3_public_manual_research_synthetic_row_001396,ablation_b_augmented,7,adv_20,0,0.0002512989,0
v3_public_manual_research_synthetic_row_007055,ablation_b_augmented,7,adv_20,1,0.9998404,1
v3_public_manual_research_synthetic_row_004379,ablation_b_augmented,7,adv_20,0,0.00020240448,0
v3_public_manual_research_synthetic_row_007508,ablation_b_augmented,7,adv_20,1,0.9998548,1
v3_public_manual_research_synthetic_row_008571,ablation_b_augmented,7,adv_20,1,0.99979085,1
v3_public_manual_research_synthetic_row_007240,ablation_b_augmented,7,adv_20,1,0.9998511,1
v3_public_manual_research_synthetic_row_007044,ablation_b_augmented,7,adv_20,1,0.99971956,1
v3_public_manual_research_synthetic_row_001243,ablation_b_augmented,7,adv_20,0,0.00019510313,0
v3_public_manual_research_synthetic_row_001963,ablation_b_augmented,7,adv_20,0,0.00020046922,0
v3_public_manual_research_synthetic_row_009166,ablation_b_augmented,7,adv_20,1,0.9998505,1
v3_public_manual_research_synthetic_row_002903,ablation_b_augmented,7,adv_20,0,0.00029228596,0
v3_public_manual_research_synthetic_row_009683,ablation_b_augmented,7,adv_20,1,0.9997851,1
v3_public_manual_research_synthetic_row_007677,ablation_b_augmented,7,adv_20,1,0.9998455,1
v3_public_manual_research_synthetic_row_002220,ablation_b_augmented,7,adv_20,0,0.0004777853,0
v3_public_manual_research_synthetic_row_000691,ablation_b_augmented,7,adv_20,0,0.00026441627,0
v3_public_manual_research_synthetic_row_008001,ablation_b_augmented,7,adv_20,1,0.9998276,1
v3_public_manual_research_synthetic_row_009594,ablation_b_augmented,7,adv_20,1,0.9994723,1
v3_public_manual_research_synthetic_row_003203,ablation_b_augmented,7,adv_20,0,0.00028591865,0
v3_public_manual_research_synthetic_row_000012,ablation_b_augmented,7,adv_20,0,0.0006501036,0
v3_public_manual_research_synthetic_row_007858,ablation_b_augmented,7,adv_20,1,0.9998055,1
v3_public_manual_research_synthetic_row_009137,ablation_b_augmented,7,adv_20,1,0.9998555,1
v3_public_manual_research_synthetic_row_002948,ablation_b_augmented,7,adv_20,0,0.00027759554,0
v3_public_manual_research_synthetic_row_005892,ablation_b_augmented,7,adv_20,1,0.99984145,1
v3_public_manual_research_synthetic_row_000004,ablation_b_augmented,7,adv_20,0,0.9931589,1
v3_public_manual_research_synthetic_row_002892,ablation_b_augmented,7,adv_20,0,0.00020888685,0
v3_public_manual_research_synthetic_row_000638,ablation_b_augmented,7,adv_20,0,0.00024534515,0
v3_public_manual_research_synthetic_row_003126,ablation_b_augmented,7,adv_20,0,0.0002000398,0
v3_public_manual_research_synthetic_row_000992,ablation_b_augmented,7,adv_20,0,0.00019154468,0
v3_public_manual_research_synthetic_row_004413,ablation_b_augmented,7,adv_20,0,0.000210003,0
v3_public_manual_research_synthetic_row_004669,ablation_b_augmented,7,adv_20,0,0.00019304927,0
v3_public_manual_research_synthetic_row_006795,ablation_b_augmented,7,adv_20,1,0.9997851,1
v3_public_manual_research_synthetic_row_009530,ablation_b_augmented,7,adv_20,1,0.99968517,1
v3_public_manual_research_synthetic_row_003498,ablation_b_augmented,7,adv_20,0,0.0002157403,0
v3_public_manual_research_synthetic_row_002687,ablation_b_augmented,7,adv_20,0,0.0006295492,0
v3_public_manual_research_synthetic_row_001532,ablation_b_augmented,7,adv_20,0,0.00023316988,0
v3_public_manual_research_synthetic_row_000759,ablation_b_augmented,7,adv_20,0,0.00028336013,0
v3_public_manual_research_synthetic_row_002610,ablation_b_augmented,7,adv_20,0,0.00022438791,0
v3_public_manual_research_synthetic_row_001278,ablation_b_augmented,7,adv_20,0,0.00021659755,0
v3_public_manual_research_synthetic_row_004166,ablation_b_augmented,7,adv_20,0,0.0002708185,0
v3_public_manual_research_synthetic_row_005096,ablation_b_augmented,7,adv_20,0,0.002219824,0
v3_public_manual_research_synthetic_row_003886,ablation_b_augmented,7,adv_20,0,0.00024877622,0
v3_public_manual_research_synthetic_row_005204,ablation_b_augmented,7,adv_20,0,0.0013510714,0
v3_public_manual_research_synthetic_row_007428,ablation_b_augmented,7,adv_20,1,0.9996954,1
v3_public_manual_research_synthetic_row_002943,ablation_b_augmented,7,adv_20,0,0.0003513393,0
v3_public_manual_research_synthetic_row_005895,ablation_b_augmented,7,adv_20,1,0.99982303,1
v3_public_manual_research_synthetic_row_004553,ablation_b_augmented,7,adv_20,0,0.00021947573,0
v3_public_manual_research_synthetic_row_009917,ablation_b_augmented,7,adv_20,1,0.99984777,1
v3_public_manual_research_synthetic_row_000456,ablation_b_augmented,7,adv_20,0,0.00019871515,0
v3_public_manual_research_synthetic_row_010266,ablation_b_augmented,7,adv_20,1,0.9997956,1
v3_public_manual_research_synthetic_row_008926,ablation_b_augmented,7,adv_20,1,0.9997818,1
v3_public_manual_research_synthetic_row_004473,ablation_b_augmented,7,adv_20,0,0.00025004963,0
v3_public_manual_research_synthetic_row_008344,ablation_b_augmented,7,adv_20,1,0.99983203,1
v3_public_manual_research_synthetic_row_008618,ablation_b_augmented,7,adv_20,1,0.99982053,1
v3_public_manual_research_synthetic_row_000839,ablation_b_augmented,7,adv_20,0,0.0002923607,0
v3_public_manual_research_synthetic_row_004584,ablation_b_augmented,7,adv_20,0,0.40485394,0
v3_public_manual_research_synthetic_row_005594,ablation_b_augmented,7,adv_20,1,0.999838,1
v3_public_manual_research_synthetic_row_004824,ablation_b_augmented,7,adv_20,0,0.00024746777,0
v3_public_manual_research_synthetic_row_006896,ablation_b_augmented,7,adv_20,1,0.9997421,1
v3_public_manual_research_synthetic_row_005389,ablation_b_augmented,7,adv_20,1,0.9997876,1
v3_public_manual_research_synthetic_row_004599,ablation_b_augmented,7,adv_20,0,0.0003454547,0
v3_public_manual_research_synthetic_row_001266,ablation_b_augmented,7,adv_20,0,0.00020835457,0
v3_public_manual_research_synthetic_row_006023,ablation_b_augmented,7,adv_20,1,0.9998037,1
v3_public_manual_research_synthetic_row_001885,ablation_b_augmented,7,adv_20,0,0.00020631326,0
v3_public_manual_research_synthetic_row_002367,ablation_b_augmented,7,adv_20,0,0.00025943393,0
v3_public_manual_research_synthetic_row_000777,ablation_b_augmented,7,adv_20,0,0.00030174857,0
v3_public_manual_research_synthetic_row_003877,ablation_b_augmented,7,adv_20,0,0.00032597894,0
v3_public_manual_research_synthetic_row_000711,ablation_b_augmented,7,adv_20,0,0.00022132669,0
v3_public_manual_research_synthetic_row_009293,ablation_b_augmented,7,adv_20,1,0.99983096,1
v3_public_manual_research_synthetic_row_007108,ablation_b_augmented,7,adv_20,1,0.99984515,1
v3_public_manual_research_synthetic_row_007302,ablation_b_augmented,7,adv_20,1,0.9998411,1
v3_public_manual_research_synthetic_row_009315,ablation_b_augmented,7,adv_20,1,0.9997298,1
v3_public_manual_research_synthetic_row_005640,ablation_b_augmented,7,adv_20,1,0.9998512,1
v3_public_manual_research_synthetic_row_002591,ablation_b_augmented,7,adv_20,0,0.0002758437,0
v3_public_manual_research_synthetic_row_006335,ablation_b_augmented,7,adv_20,1,0.99985814,1
v3_public_manual_research_synthetic_row_010326,ablation_b_augmented,7,adv_20,1,0.99983644,1
v3_public_manual_research_synthetic_row_000903,ablation_b_augmented,7,adv_20,0,0.0002497742,0
v3_public_manual_research_synthetic_row_004702,ablation_b_augmented,7,adv_20,0,0.00019575085,0
v3_public_manual_research_synthetic_row_005297,ablation_b_augmented,7,adv_20,1,0.99976736,1
v3_public_manual_research_synthetic_row_009425,ablation_b_augmented,7,adv_20,1,0.9998306,1
v3_public_manual_research_synthetic_row_010392,ablation_b_augmented,7,adv_20,1,0.9996401,1
v3_public_manual_research_synthetic_row_009760,ablation_b_augmented,7,adv_20,1,0.99936575,1
v3_public_manual_research_synthetic_row_007277,ablation_b_augmented,7,adv_20,1,0.99985147,1
v3_public_manual_research_synthetic_row_008562,ablation_b_augmented,7,adv_20,1,0.9998355,1
v3_public_manual_research_synthetic_row_001644,ablation_b_augmented,7,adv_20,0,0.00023668105,0
v3_public_manual_research_synthetic_row_003020,ablation_b_augmented,7,adv_20,0,0.00029211995,0
v3_public_manual_research_synthetic_row_008438,ablation_b_augmented,7,adv_20,1,0.9998419,1
v3_public_manual_research_synthetic_row_007499,ablation_b_augmented,7,adv_20,1,0.99983144,1
v3_public_manual_research_synthetic_row_003118,ablation_b_augmented,7,adv_20,0,0.00034447352,0
v3_public_manual_research_synthetic_row_002957,ablation_b_augmented,7,adv_20,0,0.00021310261,0
v3_public_manual_research_synthetic_row_005645,ablation_b_augmented,7,adv_20,1,0.9997106,1
v3_public_manual_research_synthetic_row_002773,ablation_b_augmented,7,adv_20,0,0.00028836745,0
v3_public_manual_research_synthetic_row_007241,ablation_b_augmented,7,adv_20,1,0.999848,1
v3_public_manual_research_synthetic_row_005938,ablation_b_augmented,7,adv_20,1,0.9998436,1
v3_public_manual_research_synthetic_row_006424,ablation_b_augmented,7,adv_20,1,0.99984634,1
v3_public_manual_research_synthetic_row_006026,ablation_b_augmented,7,adv_20,1,0.9998068,1
v3_public_manual_research_synthetic_row_007791,ablation_b_augmented,7,adv_20,1,0.99983704,1
v3_public_manual_research_synthetic_row_005149,ablation_b_augmented,7,adv_20,0,0.00038663502,0
v3_public_manual_research_synthetic_row_008485,ablation_b_augmented,7,adv_20,1,0.9997539,1
v3_public_manual_research_synthetic_row_008246,ablation_b_augmented,7,adv_20,1,0.9998197,1
v3_public_manual_research_synthetic_row_003173,ablation_b_augmented,7,adv_20,0,0.00021285487,0
v3_public_manual_research_synthetic_row_009779,ablation_b_augmented,7,adv_20,1,0.99916875,1
v3_public_manual_research_synthetic_row_000762,ablation_b_augmented,7,adv_20,0,0.00023699312,0
v3_public_manual_research_synthetic_row_005749,ablation_b_augmented,7,adv_20,1,0.99981827,1
v3_public_manual_research_synthetic_row_005622,ablation_b_augmented,7,adv_20,1,0.9998375,1
v3_public_manual_research_synthetic_row_004360,ablation_b_augmented,7,adv_20,0,0.00021660436,0
v3_public_manual_research_synthetic_row_000906,ablation_b_augmented,7,adv_20,0,0.00022832154,0
v3_public_manual_research_synthetic_row_004395,ablation_b_augmented,7,adv_20,0,0.0004833192,0
v3_public_manual_research_synthetic_row_002492,ablation_b_augmented,7,adv_20,0,0.00017676856,0
v3_public_manual_research_synthetic_row_009302,ablation_b_augmented,7,adv_20,1,0.99980015,1
v3_public_manual_research_synthetic_row_007860,ablation_b_augmented,7,adv_20,1,0.99980825,1
v3_public_manual_research_synthetic_row_002235,ablation_b_augmented,7,adv_20,0,0.00037622286,0
v3_public_manual_research_synthetic_row_005109,ablation_b_augmented,7,adv_20,0,0.00021777106,0
v3_public_manual_research_synthetic_row_010433,ablation_b_augmented,7,adv_20,1,0.9998622,1
v3_public_manual_research_synthetic_row_008944,ablation_b_augmented,7,adv_20,1,0.9997756,1
v3_public_manual_research_synthetic_row_006556,ablation_b_augmented,7,adv_20,1,0.9997812,1
v3_public_manual_research_synthetic_row_009386,ablation_b_augmented,7,adv_20,1,0.99984586,1
v3_public_manual_research_synthetic_row_007396,ablation_b_augmented,7,adv_20,1,0.99984694,1
v3_public_manual_research_synthetic_row_006400,ablation_b_augmented,7,adv_20,1,0.9998497,1
v3_public_manual_research_synthetic_row_009041,ablation_b_augmented,7,adv_20,1,0.9998248,1
v3_public_manual_research_synthetic_row_004847,ablation_b_augmented,7,adv_20,0,0.00028882056,0
v3_public_manual_research_synthetic_row_004659,ablation_b_augmented,7,adv_20,0,0.00024163035,0
v3_public_manual_research_synthetic_row_006098,ablation_b_augmented,7,adv_20,1,0.9998392,1
v3_public_manual_research_synthetic_row_001205,ablation_b_augmented,7,adv_20,0,0.00020425337,0
v3_public_manual_research_synthetic_row_006596,ablation_b_augmented,7,adv_20,1,0.9998455,1
v3_public_manual_research_synthetic_row_004855,ablation_b_augmented,7,adv_20,0,0.00028617558,0
v3_public_manual_research_synthetic_row_004919,ablation_b_augmented,7,adv_20,0,0.00030164243,0
v3_public_manual_research_synthetic_row_005078,ablation_b_augmented,7,adv_20,0,0.00032676428,0
v3_public_manual_research_synthetic_row_003263,ablation_b_augmented,7,adv_20,0,0.00032962876,0
v3_public_manual_research_synthetic_row_005500,ablation_b_augmented,7,adv_20,1,0.99984944,1
v3_public_manual_research_synthetic_row_006854,ablation_b_augmented,7,adv_20,1,0.99984884,1
v3_public_manual_research_synthetic_row_003242,ablation_b_augmented,7,adv_20,0,0.00029508932,0
v3_public_manual_research_synthetic_row_007238,ablation_b_augmented,7,adv_20,1,0.99982375,1
v3_public_manual_research_synthetic_row_000603,ablation_b_augmented,7,adv_20,0,0.00021583661,0
v3_public_manual_research_synthetic_row_005157,ablation_b_augmented,7,adv_20,0,0.00023944245,0
v3_public_manual_research_synthetic_row_000609,ablation_b_augmented,7,adv_20,0,0.00024099027,0
v3_public_manual_research_synthetic_row_005360,ablation_b_augmented,7,adv_20,1,0.99983764,1
v3_public_manual_research_synthetic_row_008331,ablation_b_augmented,7,adv_20,1,0.999793,1
v3_public_manual_research_synthetic_row_004036,ablation_b_augmented,7,adv_20,0,0.00027754257,0
v3_public_manual_research_synthetic_row_009550,ablation_b_augmented,7,adv_20,1,0.99972636,1
v3_public_manual_research_synthetic_row_007357,ablation_b_augmented,7,adv_20,1,0.99962926,1
v3_public_manual_research_synthetic_row_010302,ablation_b_augmented,7,adv_20,1,0.9998356,1
v3_public_manual_research_synthetic_row_000032,ablation_b_augmented,7,adv_20,0,0.9970567,1
v3_public_manual_research_synthetic_row_003848,ablation_b_augmented,7,adv_20,0,0.0963274,0
v3_public_manual_research_synthetic_row_004928,ablation_b_augmented,7,adv_20,0,0.00025597765,0
v3_public_manual_research_synthetic_row_001720,ablation_b_augmented,7,adv_20,0,0.0003877418,0
v3_public_manual_research_synthetic_row_007494,ablation_b_augmented,7,adv_20,1,0.99984896,1
v3_public_manual_research_synthetic_row_008991,ablation_b_augmented,7,adv_20,1,0.9998229,1
v3_public_manual_research_synthetic_row_006964,ablation_b_augmented,7,adv_20,1,0.99985445,1
v3_public_manual_research_synthetic_row_009566,ablation_b_augmented,7,adv_20,1,0.99778,1
v3_public_manual_research_synthetic_row_002459,ablation_b_augmented,7,adv_20,0,0.00022881823,0
v3_public_manual_research_synthetic_row_004148,ablation_b_augmented,7,adv_20,0,0.00041525398,0
v3_public_manual_research_synthetic_row_006921,ablation_b_augmented,7,adv_20,1,0.9998462,1
v3_public_manual_research_synthetic_row_005541,ablation_b_augmented,7,adv_20,1,0.9998474,1
v3_public_manual_research_synthetic_row_006632,ablation_b_augmented,7,adv_20,1,0.9997311,1
v3_public_manual_research_synthetic_row_000138,ablation_b_augmented,7,adv_20,0,0.00060043106,0
v3_public_manual_research_synthetic_row_009019,ablation_b_augmented,7,adv_20,1,0.99981993,1
v3_public_manual_research_synthetic_row_007264,ablation_b_augmented,7,adv_20,1,0.9995407,1
v3_public_manual_research_synthetic_row_001026,ablation_b_augmented,7,adv_20,0,0.00019429799,0
v3_public_manual_research_synthetic_row_000477,ablation_b_augmented,7,adv_20,0,0.0004019287,0
v3_public_manual_research_synthetic_row_007869,ablation_b_augmented,7,adv_20,1,0.999841,1
v3_public_manual_research_synthetic_row_009193,ablation_b_augmented,7,adv_20,1,0.99980396,1
v3_public_manual_research_synthetic_row_001602,ablation_b_augmented,7,adv_20,0,0.00028010175,0
v3_public_manual_research_synthetic_row_009005,ablation_b_augmented,7,adv_20,1,0.9998323,1
v3_public_manual_research_synthetic_row_003895,ablation_b_augmented,7,adv_20,0,0.00017997618,0
v3_public_manual_research_synthetic_row_002906,ablation_b_augmented,7,adv_20,0,0.00024338248,0
v3_public_manual_research_synthetic_row_007631,ablation_b_augmented,7,adv_20,1,0.99980944,1
v3_public_manual_research_synthetic_row_002043,ablation_b_augmented,7,adv_20,0,0.00024109184,0
v3_public_manual_research_synthetic_row_002239,ablation_b_augmented,7,adv_20,0,0.00026350777,0
v3_public_manual_research_synthetic_row_007906,ablation_b_augmented,7,adv_20,1,0.9997775,1
v3_public_manual_research_synthetic_row_006848,ablation_b_augmented,7,adv_20,1,0.999859,1
v3_public_manual_research_synthetic_row_010092,ablation_b_augmented,7,adv_20,1,0.99984694,1
v3_public_manual_research_synthetic_row_003554,ablation_b_augmented,7,adv_20,0,0.00021284613,0
v3_public_manual_research_synthetic_row_003111,ablation_b_augmented,7,adv_20,0,0.00020022143,0
v3_public_manual_research_synthetic_row_006453,ablation_b_augmented,7,adv_20,1,0.99975604,1
v3_public_manual_research_synthetic_row_005435,ablation_b_augmented,7,adv_20,1,0.9998547,1
v3_public_manual_research_synthetic_row_005908,ablation_b_augmented,7,adv_20,1,0.99984515,1
v3_public_manual_research_synthetic_row_010298,ablation_b_augmented,7,adv_20,1,0.9998535,1
v3_public_manual_research_synthetic_row_001085,ablation_b_augmented,7,adv_20,0,0.00018886532,0
v3_public_manual_research_synthetic_row_006140,ablation_b_augmented,7,adv_20,1,0.9998568,1
v3_public_manual_research_synthetic_row_007112,ablation_b_augmented,7,adv_20,1,0.99985456,1
v3_public_manual_research_synthetic_row_007934,ablation_b_augmented,7,adv_20,1,0.9998522,1
v3_public_manual_research_synthetic_row_002677,ablation_b_augmented,7,adv_20,0,0.00030648813,0
v3_public_manual_research_synthetic_row_001917,ablation_b_augmented,7,adv_20,0,0.00020201654,0
v3_public_manual_research_synthetic_row_008512,ablation_b_augmented,7,adv_20,1,0.9998312,1
v3_public_manual_research_synthetic_row_008399,ablation_b_augmented,7,adv_20,1,0.9998512,1
v3_public_manual_research_synthetic_row_003001,ablation_b_augmented,7,adv_20,0,0.00019169213,0
v3_public_manual_research_synthetic_row_010085,ablation_b_augmented,7,adv_20,1,0.9998348,1
v3_public_manual_research_synthetic_row_000489,ablation_b_augmented,7,adv_20,0,0.00025807973,0
v3_public_manual_research_synthetic_row_010197,ablation_b_augmented,7,adv_20,1,0.9998467,1
v3_public_manual_research_synthetic_row_003410,ablation_b_augmented,7,adv_20,0,0.00028168256,0
v3_public_manual_research_synthetic_row_005987,ablation_b_augmented,7,adv_20,1,0.99981505,1
v3_public_manual_research_synthetic_row_003781,ablation_b_augmented,7,adv_20,0,0.00027110317,0
v3_public_manual_research_synthetic_row_001985,ablation_b_augmented,7,adv_20,0,0.00023297919,0
v3_public_manual_research_synthetic_row_002719,ablation_b_augmented,7,adv_20,0,0.00021234606,0
v3_public_manual_research_synthetic_row_007652,ablation_b_augmented,7,adv_20,1,0.99984527,1
v3_public_manual_research_synthetic_row_006852,ablation_b_augmented,7,adv_20,1,0.9997098,1
v3_public_manual_research_synthetic_row_008553,ablation_b_augmented,7,adv_20,1,0.999846,1
v3_public_manual_research_synthetic_row_004456,ablation_b_augmented,7,adv_20,0,0.00034573887,0
v3_public_manual_research_synthetic_row_008254,ablation_b_augmented,7,adv_20,1,0.9998379,1
v3_public_manual_research_synthetic_row_007829,ablation_b_augmented,7,adv_20,1,0.99973804,1
v3_public_manual_research_synthetic_row_007579,ablation_b_augmented,7,adv_20,1,0.99984074,1
v3_public_manual_research_synthetic_row_010487,ablation_b_augmented,7,adv_20,1,0.99983597,1
v3_public_manual_research_synthetic_row_002512,ablation_b_augmented,7,adv_20,0,0.00023989812,0
v3_public_manual_research_synthetic_row_004534,ablation_b_augmented,7,adv_20,0,0.00020062411,0
v3_public_manual_research_synthetic_row_003147,ablation_b_augmented,7,adv_20,0,0.18421246,0
v3_public_manual_research_synthetic_row_010429,ablation_b_augmented,7,adv_20,1,0.9998535,1
v3_public_manual_research_synthetic_row_006750,ablation_b_augmented,7,adv_20,1,0.9998497,1
v3_public_manual_research_synthetic_row_000296,ablation_b_augmented,7,adv_20,0,0.00027846283,0
v3_public_manual_research_synthetic_row_009895,ablation_b_augmented,7,adv_20,1,0.9998209,1
v3_public_manual_research_synthetic_row_004295,ablation_b_augmented,7,adv_20,0,0.0002842772,0
v3_public_manual_research_synthetic_row_010469,ablation_b_augmented,7,adv_20,1,0.99950254,1
v3_public_manual_research_synthetic_row_009326,ablation_b_augmented,7,adv_20,1,0.99967825,1
v3_public_manual_research_synthetic_row_007084,ablation_b_augmented,7,adv_20,1,0.9998499,1
v3_public_manual_research_synthetic_row_002102,ablation_b_augmented,7,adv_20,0,0.00040992722,0
v3_public_manual_research_synthetic_row_000997,ablation_b_augmented,7,adv_20,0,0.00024617912,0
v3_public_manual_research_synthetic_row_001188,ablation_b_augmented,7,adv_20,0,0.0002442291,0
v3_public_manual_research_synthetic_row_005188,ablation_b_augmented,7,adv_20,0,0.00032706006,0
v3_public_manual_research_synthetic_row_010264,ablation_b_augmented,7,adv_20,1,0.9998416,1
v3_public_manual_research_synthetic_row_002327,ablation_b_augmented,7,adv_20,0,0.00052666006,0
v3_public_manual_research_synthetic_row_009171,ablation_b_augmented,7,adv_20,1,0.99984944,1
v3_public_manual_research_synthetic_row_008056,ablation_b_augmented,7,adv_20,1,0.9998534,1
v3_public_manual_research_synthetic_row_003168,ablation_b_augmented,7,adv_20,0,0.0003298032,0
v3_public_manual_research_synthetic_row_008671,ablation_b_augmented,7,adv_20,1,0.99982834,1
v3_public_manual_research_synthetic_row_007058,ablation_b_augmented,7,adv_20,1,0.9998374,1
v3_public_manual_research_synthetic_row_002635,ablation_b_augmented,7,adv_20,0,0.00018929802,0
v3_public_manual_research_synthetic_row_008264,ablation_b_augmented,7,adv_20,1,0.99983776,1
v3_public_manual_research_synthetic_row_006748,ablation_b_augmented,7,adv_20,1,0.9998084,1
v3_public_manual_research_synthetic_row_004063,ablation_b_augmented,7,adv_20,0,0.00019882602,0
v3_public_manual_research_synthetic_row_000785,ablation_b_augmented,7,adv_20,0,0.00019952757,0
v3_public_manual_research_synthetic_row_006086,ablation_b_augmented,7,adv_20,1,0.99983084,1
v3_public_manual_research_synthetic_row_003744,ablation_b_augmented,7,adv_20,0,0.00025780356,0
v3_public_manual_research_synthetic_row_006237,ablation_b_augmented,7,adv_20,1,0.9998467,1
v3_public_manual_research_synthetic_row_009668,ablation_b_augmented,7,adv_20,1,0.9998041,1
v3_public_manual_research_synthetic_row_006097,ablation_b_augmented,7,adv_20,1,0.9997795,1
v3_public_manual_research_synthetic_row_007737,ablation_b_augmented,7,adv_20,1,0.37325096,0
v3_public_manual_research_synthetic_row_002720,ablation_b_augmented,7,adv_20,0,0.00032322505,0
v3_public_manual_research_synthetic_row_006636,ablation_b_augmented,7,adv_20,1,0.9997385,1
v3_public_manual_research_synthetic_row_008066,ablation_b_augmented,7,adv_20,1,0.99981827,1
v3_public_manual_research_synthetic_row_001454,ablation_b_augmented,7,adv_20,0,0.00020930734,0
v3_public_manual_research_synthetic_row_003547,ablation_b_augmented,7,adv_20,0,0.00022404287,0
v3_public_manual_research_synthetic_row_004626,ablation_b_augmented,7,adv_20,0,0.00026458903,0
v3_public_manual_research_synthetic_row_001746,ablation_b_augmented,7,adv_20,0,0.00018427431,0
v3_public_manual_research_synthetic_row_003388,ablation_b_augmented,7,adv_20,0,0.00026029907,0
v3_public_manual_research_synthetic_row_003253,ablation_b_augmented,7,adv_20,0,0.00020422513,0
v3_public_manual_research_synthetic_row_002209,ablation_b_augmented,7,adv_20,0,0.00020771744,0
v3_public_manual_research_synthetic_row_002222,ablation_b_augmented,7,adv_20,0,0.00030183545,0
v3_public_manual_research_synthetic_row_005825,ablation_b_augmented,7,adv_20,1,0.9998373,1
v3_public_manual_research_synthetic_row_000011,ablation_b_augmented,7,adv_20,0,0.0002547321,0
v3_public_manual_research_synthetic_row_005669,ablation_b_augmented,7,adv_20,1,0.999468,1
v3_public_manual_research_synthetic_row_007939,ablation_b_augmented,7,adv_20,1,0.9998529,1
v3_public_manual_research_synthetic_row_003522,ablation_b_augmented,7,adv_20,0,0.00026993998,0
v3_public_manual_research_synthetic_row_002706,ablation_b_augmented,7,adv_20,0,0.00027017065,0
v3_public_manual_research_synthetic_row_008831,ablation_b_augmented,7,adv_20,1,0.99980706,1
v3_public_manual_research_synthetic_row_005261,ablation_b_augmented,7,adv_20,0,0.00025029556,0
v3_public_manual_research_synthetic_row_005448,ablation_b_augmented,7,adv_20,1,0.99897254,1
v3_public_manual_research_synthetic_row_006548,ablation_b_augmented,7,adv_20,1,0.99983084,1
v3_public_manual_research_synthetic_row_006658,ablation_b_augmented,7,adv_20,1,0.9998149,1
v3_public_manual_research_synthetic_row_008675,ablation_b_augmented,7,adv_20,1,0.999833,1
v3_public_manual_research_synthetic_row_001661,ablation_b_augmented,7,adv_20,0,0.00023347196,0
v3_public_manual_research_synthetic_row_001554,ablation_b_augmented,7,adv_20,0,0.00021674688,0
v3_public_manual_research_synthetic_row_007711,ablation_b_augmented,7,adv_20,1,0.99984634,1
v3_public_manual_research_synthetic_row_006872,ablation_b_augmented,7,adv_20,1,0.9998264,1
v3_public_manual_research_synthetic_row_000198,ablation_b_augmented,7,adv_20,0,0.0006811477,0
v3_public_manual_research_synthetic_row_002874,ablation_b_augmented,7,adv_20,0,0.00025413485,0
v3_public_manual_research_synthetic_row_008905,ablation_b_augmented,7,adv_20,1,0.9998473,1
v3_public_manual_research_synthetic_row_003985,ablation_b_augmented,7,adv_20,0,0.00029631006,0
v3_public_manual_research_synthetic_row_006525,ablation_b_augmented,7,adv_20,1,0.99984646,1
v3_public_manual_research_synthetic_row_010518,ablation_b_augmented,7,adv_20,1,0.99984,1
v3_public_manual_research_synthetic_row_004218,ablation_b_augmented,7,adv_20,0,0.00024786586,0
v3_public_manual_research_synthetic_row_005797,ablation_b_augmented,7,adv_20,1,0.9998493,1
v3_public_manual_research_synthetic_row_001093,ablation_b_augmented,7,adv_20,0,0.00019523376,0
v3_public_manual_research_synthetic_row_007627,ablation_b_augmented,7,adv_20,1,0.9998275,1
v3_public_manual_research_synthetic_row_005418,ablation_b_augmented,7,adv_20,1,0.99984646,1
v3_public_manual_research_synthetic_row_000020,ablation_b_augmented,7,adv_20,0,0.00036817818,0
v3_public_manual_research_synthetic_row_003483,ablation_b_augmented,7,adv_20,0,0.000331624,0
v3_public_manual_research_synthetic_row_008662,ablation_b_augmented,7,adv_20,1,0.99983025,1
v3_public_manual_research_synthetic_row_006223,ablation_b_augmented,7,adv_20,1,0.9998523,1
v3_public_manual_research_synthetic_row_004199,ablation_b_augmented,7,adv_20,0,0.00018348657,0
v3_public_manual_research_synthetic_row_009649,ablation_b_augmented,7,adv_20,1,0.9991891,1
v3_public_manual_research_synthetic_row_007688,ablation_b_augmented,7,adv_20,1,0.9998499,1
v3_public_manual_research_synthetic_row_008560,ablation_b_augmented,7,adv_20,1,0.9998324,1
v3_public_manual_research_synthetic_row_004719,ablation_b_augmented,7,adv_20,0,0.00022631674,0
v3_public_manual_research_synthetic_row_007176,ablation_b_augmented,7,adv_20,1,0.99983895,1
v3_public_manual_research_synthetic_row_001503,ablation_b_augmented,7,adv_20,0,0.00027048972,0
v3_public_manual_research_synthetic_row_005762,ablation_b_augmented,7,adv_20,1,0.9998454,1
v3_public_manual_research_synthetic_row_003193,ablation_b_augmented,7,adv_20,0,0.0002677757,0
v3_public_manual_research_synthetic_row_006294,ablation_b_augmented,7,adv_20,1,0.99978715,1
v3_public_manual_research_synthetic_row_003968,ablation_b_augmented,7,adv_20,0,0.00023949202,0
v3_public_manual_research_synthetic_row_007344,ablation_b_augmented,7,adv_20,1,0.99983954,1
v3_public_manual_research_synthetic_row_004604,ablation_b_augmented,7,adv_20,0,0.000263012,0
v3_public_manual_research_synthetic_row_008574,ablation_b_augmented,7,adv_20,1,0.99880576,1
v3_public_manual_research_synthetic_row_002842,ablation_b_augmented,7,adv_20,0,0.00053958426,0
v3_public_manual_research_synthetic_row_003589,ablation_b_augmented,7,adv_20,0,0.00029423894,0
v3_public_manual_research_synthetic_row_000622,ablation_b_augmented,7,adv_20,0,0.0002587889,0
v3_public_manual_research_synthetic_row_007118,ablation_b_augmented,7,adv_20,1,0.99985445,1
v3_public_manual_research_synthetic_row_009837,ablation_b_augmented,7,adv_20,1,0.99467355,1
v3_public_manual_research_synthetic_row_002595,ablation_b_augmented,7,adv_20,0,0.00019679322,0
v3_public_manual_research_synthetic_row_007315,ablation_b_augmented,7,adv_20,1,0.9998337,1
v3_public_manual_research_synthetic_row_002666,ablation_b_augmented,7,adv_20,0,0.00020129204,0
v3_public_manual_research_synthetic_row_007287,ablation_b_augmented,7,adv_20,1,0.9998266,1
v3_public_manual_research_synthetic_row_000852,ablation_b_augmented,7,adv_20,0,0.00020307698,0
v3_public_manual_research_synthetic_row_002936,ablation_b_augmented,7,adv_20,0,0.00022688885,0
v3_public_manual_research_synthetic_row_007568,ablation_b_augmented,7,adv_20,1,0.9998036,1
v3_public_manual_research_synthetic_row_008813,ablation_b_augmented,7,adv_20,1,0.9998325,1
v3_public_manual_research_synthetic_row_004753,ablation_b_augmented,7,adv_20,0,0.00027926685,0
v3_public_manual_research_synthetic_row_007721,ablation_b_augmented,7,adv_20,1,0.9998491,1
v3_public_manual_research_synthetic_row_006973,ablation_b_augmented,7,adv_20,1,0.99973744,1
v3_public_manual_research_synthetic_row_003160,ablation_b_augmented,7,adv_20,0,0.00030916228,0
v3_public_manual_research_synthetic_row_002922,ablation_b_augmented,7,adv_20,0,0.00026090708,0
v3_public_manual_research_synthetic_row_002975,ablation_b_augmented,7,adv_20,0,0.000421803,0
v3_public_manual_research_synthetic_row_001947,ablation_b_augmented,7,adv_20,0,0.0002927001,0
v3_public_manual_research_synthetic_row_009460,ablation_b_augmented,7,adv_20,1,0.99903405,1
v3_public_manual_research_synthetic_row_003428,ablation_b_augmented,7,adv_20,0,0.00027810756,0
v3_public_manual_research_synthetic_row_002198,ablation_b_augmented,7,adv_20,0,0.00025594395,0
v3_public_manual_research_synthetic_row_006762,ablation_b_augmented,7,adv_20,1,0.9997031,1
v3_public_manual_research_synthetic_row_000298,ablation_b_augmented,7,adv_20,0,0.0002674035,0
v3_public_manual_research_synthetic_row_005088,ablation_b_augmented,7,adv_20,0,0.00021015022,0
v3_public_manual_research_synthetic_row_006384,ablation_b_augmented,7,adv_20,1,0.99982494,1
v3_public_manual_research_synthetic_row_001611,ablation_b_augmented,7,adv_20,0,0.00021467006,0
v3_public_manual_research_synthetic_row_008559,ablation_b_augmented,7,adv_20,1,0.99977034,1
v3_public_manual_research_synthetic_row_006942,ablation_b_augmented,7,adv_20,1,0.99984694,1
v3_public_manual_research_synthetic_row_004253,ablation_b_augmented,7,adv_20,0,0.020848818,0
v3_public_manual_research_synthetic_row_004075,ablation_b_augmented,7,adv_20,0,0.00025637404,0
v3_public_manual_research_synthetic_row_002072,ablation_b_augmented,7,adv_20,0,0.00020978364,0
v3_public_manual_research_synthetic_row_003008,ablation_b_augmented,7,adv_20,0,0.0002543108,0
v3_public_manual_research_synthetic_row_002981,ablation_b_augmented,7,adv_20,0,0.00035320502,0
v3_public_manual_research_synthetic_row_009487,ablation_b_augmented,7,adv_20,1,0.9997992,1
v3_public_manual_research_synthetic_row_003362,ablation_b_augmented,7,adv_20,0,0.00027668182,0
v3_public_manual_research_synthetic_row_002420,ablation_b_augmented,7,adv_20,0,0.00022623345,0
v3_public_manual_research_synthetic_row_002611,ablation_b_augmented,7,adv_20,0,0.00021036592,0
v3_public_manual_research_synthetic_row_006754,ablation_b_augmented,7,adv_20,1,0.9998306,1
v3_public_manual_research_synthetic_row_001344,ablation_b_augmented,7,adv_20,0,0.0004417384,0
v3_public_manual_research_synthetic_row_009774,ablation_b_augmented,7,adv_20,1,0.9997807,1
v3_public_manual_research_synthetic_row_005899,ablation_b_augmented,7,adv_20,1,0.9998012,1
v3_public_manual_research_synthetic_row_006248,ablation_b_augmented,7,adv_20,1,0.9998274,1
v3_public_manual_research_synthetic_row_006451,ablation_b_augmented,7,adv_20,1,0.99984443,1
v3_public_manual_research_synthetic_row_000651,ablation_b_augmented,7,adv_20,0,0.00027405328,0
v3_public_manual_research_synthetic_row_007364,ablation_b_augmented,7,adv_20,1,0.99922013,1
v3_public_manual_research_synthetic_row_007771,ablation_b_augmented,7,adv_20,1,0.9998161,1
v3_public_manual_research_synthetic_row_009508,ablation_b_augmented,7,adv_20,1,0.9997243,1
v3_public_manual_research_synthetic_row_001049,ablation_b_augmented,7,adv_20,0,0.00021545641,0
v3_public_manual_research_synthetic_row_008783,ablation_b_augmented,7,adv_20,1,0.9998387,1
v3_public_manual_research_synthetic_row_008415,ablation_b_augmented,7,adv_20,1,0.99942625,1
v3_public_manual_research_synthetic_row_007823,ablation_b_augmented,7,adv_20,1,0.9997787,1
v3_public_manual_research_synthetic_row_007490,ablation_b_augmented,7,adv_20,1,0.9998299,1
v3_public_manual_research_synthetic_row_005230,ablation_b_augmented,7,adv_20,0,0.0003563088,0
v3_public_manual_research_synthetic_row_002576,ablation_b_augmented,7,adv_20,0,0.0002522086,0
v3_public_manual_research_synthetic_row_009080,ablation_b_augmented,7,adv_20,1,0.9998012,1
v3_public_manual_research_synthetic_row_005308,ablation_b_augmented,7,adv_20,1,0.99983656,1
v3_public_manual_research_synthetic_row_003181,ablation_b_augmented,7,adv_20,0,0.0003011749,0
v3_public_manual_research_synthetic_row_001797,ablation_b_augmented,7,adv_20,0,0.0002746039,0
v3_public_manual_research_synthetic_row_001543,ablation_b_augmented,7,adv_20,0,0.00023771072,0
v3_public_manual_research_synthetic_row_004772,ablation_b_augmented,7,adv_20,0,0.00021415015,0
v3_public_manual_research_synthetic_row_003157,ablation_b_augmented,7,adv_20,0,0.0009892093,0
v3_public_manual_research_synthetic_row_006250,ablation_b_augmented,7,adv_20,1,0.99975795,1
v3_public_manual_research_synthetic_row_000755,ablation_b_augmented,7,adv_20,0,0.00022320855,0
v3_public_manual_research_synthetic_row_008644,ablation_b_augmented,7,adv_20,1,0.9998209,1
v3_public_manual_research_synthetic_row_000444,ablation_b_augmented,7,adv_20,0,0.00026882888,0
v3_public_manual_research_synthetic_row_006522,ablation_b_augmented,7,adv_20,1,0.99983597,1
v3_public_manual_research_synthetic_row_007967,ablation_b_augmented,7,adv_20,1,0.6702549,1
v3_public_manual_research_synthetic_row_007530,ablation_b_augmented,7,adv_20,1,0.99981767,1
v3_public_manual_research_synthetic_row_000620,ablation_b_augmented,7,adv_20,0,0.00031631356,0
v3_public_manual_research_synthetic_row_001089,ablation_b_augmented,7,adv_20,0,0.00020957754,0
v3_public_manual_research_synthetic_row_004225,ablation_b_augmented,7,adv_20,0,0.00031780222,0
v3_public_manual_research_synthetic_row_003455,ablation_b_augmented,7,adv_20,0,0.00020657782,0
v3_public_manual_research_synthetic_row_008992,ablation_b_augmented,7,adv_20,1,0.9998486,1
v3_public_manual_research_synthetic_row_009464,ablation_b_augmented,7,adv_20,1,0.9996666,1
v3_public_manual_research_synthetic_row_006130,ablation_b_augmented,7,adv_20,1,0.99985707,1
v3_public_manual_research_synthetic_row_003062,ablation_b_augmented,7,adv_20,0,0.00021509455,0
v3_public_manual_research_synthetic_row_008456,ablation_b_augmented,7,adv_20,1,0.9995777,1
v3_public_manual_research_synthetic_row_004334,ablation_b_augmented,7,adv_20,0,0.00025535777,0
v3_public_manual_research_synthetic_row_008186,ablation_b_augmented,7,adv_20,1,0.9998306,1
v3_public_manual_research_synthetic_row_007799,ablation_b_augmented,7,adv_20,1,0.9997639,1
v3_public_manual_research_synthetic_row_008113,ablation_b_augmented,7,adv_20,1,0.99929726,1
v3_public_manual_research_synthetic_row_003053,ablation_b_augmented,7,adv_20,0,0.00025419492,0
v3_public_manual_research_synthetic_row_002682,ablation_b_augmented,7,adv_20,0,0.00024033974,0
v3_public_manual_research_synthetic_row_001443,ablation_b_augmented,7,adv_20,0,0.00019800384,0
v3_public_manual_research_synthetic_row_002839,ablation_b_augmented,7,adv_20,0,0.00024228965,0
v3_public_manual_research_synthetic_row_006782,ablation_b_augmented,7,adv_20,1,0.99984777,1
v3_public_manual_research_synthetic_row_003889,ablation_b_augmented,7,adv_20,0,0.00036236577,0
v3_public_manual_research_synthetic_row_000820,ablation_b_augmented,7,adv_20,0,0.00023287615,0
v3_public_manual_research_synthetic_row_006013,ablation_b_augmented,7,adv_20,1,0.9998516,1
v3_public_manual_research_synthetic_row_010291,ablation_b_augmented,7,adv_20,1,0.99984956,1
v3_public_manual_research_synthetic_row_005743,ablation_b_augmented,7,adv_20,1,0.9997991,1
v3_public_manual_research_synthetic_row_000161,ablation_b_augmented,7,adv_20,0,0.00038498454,0
v3_public_manual_research_synthetic_row_005823,ablation_b_augmented,7,adv_20,1,0.9998394,1
v3_public_manual_research_synthetic_row_002272,ablation_b_augmented,7,adv_20,0,0.00028865156,0
v3_public_manual_research_synthetic_row_003863,ablation_b_augmented,7,adv_20,0,0.00031719956,0
v3_public_manual_research_synthetic_row_007479,ablation_b_augmented,7,adv_20,1,0.9998318,1
v3_public_manual_research_synthetic_row_009228,ablation_b_augmented,7,adv_20,1,0.99983287,1
v3_public_manual_research_synthetic_row_006529,ablation_b_augmented,7,adv_20,1,0.9997694,1
v3_public_manual_research_synthetic_row_007304,ablation_b_augmented,7,adv_20,1,0.9998499,1
v3_public_manual_research_synthetic_row_003328,ablation_b_augmented,7,adv_20,0,0.00020322324,0
v3_public_manual_research_synthetic_row_005154,ablation_b_augmented,7,adv_20,0,0.00029165606,0
v3_public_manual_research_synthetic_row_006595,ablation_b_augmented,7,adv_20,1,0.9998387,1
v3_public_manual_research_synthetic_row_005522,ablation_b_augmented,7,adv_20,1,0.99981254,1
v3_public_manual_research_synthetic_row_003156,ablation_b_augmented,7,adv_20,0,0.0002555246,0
v3_public_manual_research_synthetic_row_007338,ablation_b_augmented,7,adv_20,1,0.99981123,1
v3_public_manual_research_synthetic_row_006320,ablation_b_augmented,7,adv_20,1,0.99985635,1
v3_public_manual_research_synthetic_row_007689,ablation_b_augmented,7,adv_20,1,0.9998499,1
v3_public_manual_research_synthetic_row_008122,ablation_b_augmented,7,adv_20,1,0.9998518,1
v3_public_manual_research_synthetic_row_005853,ablation_b_augmented,7,adv_20,1,0.9998468,1
v3_public_manual_research_synthetic_row_006732,ablation_b_augmented,7,adv_20,1,0.9998275,1
v3_public_manual_research_synthetic_row_003533,ablation_b_augmented,7,adv_20,0,0.00018263285,0
v3_public_manual_research_synthetic_row_008568,ablation_b_augmented,7,adv_20,1,0.99983835,1
v3_public_manual_research_synthetic_row_000702,ablation_b_augmented,7,adv_20,0,0.00022252306,0
v3_public_manual_research_synthetic_row_007072,ablation_b_augmented,7,adv_20,1,0.9998073,1
v3_public_manual_research_synthetic_row_002667,ablation_b_augmented,7,adv_20,0,0.00024465725,0
v3_public_manual_research_synthetic_row_002852,ablation_b_augmented,7,adv_20,0,0.00021582405,0
v3_public_manual_research_synthetic_row_003456,ablation_b_augmented,7,adv_20,0,0.00020814808,0
v3_public_manual_research_synthetic_row_008564,ablation_b_augmented,7,adv_20,1,0.999522,1
v3_public_manual_research_synthetic_row_001149,ablation_b_augmented,7,adv_20,0,0.0002061302,0
v3_public_manual_research_synthetic_row_006736,ablation_b_augmented,7,adv_20,1,0.9998429,1
v3_public_manual_research_synthetic_row_008799,ablation_b_augmented,7,adv_20,1,0.99980575,1
v3_public_manual_research_synthetic_row_005331,ablation_b_augmented,7,adv_20,1,0.99984264,1
v3_public_manual_research_synthetic_row_003610,ablation_b_augmented,7,adv_20,0,0.00020402664,0
v3_public_manual_research_synthetic_row_002756,ablation_b_augmented,7,adv_20,0,0.00025263624,0
v3_public_manual_research_synthetic_row_005312,ablation_b_augmented,7,adv_20,1,0.9998387,1
v3_public_manual_research_synthetic_row_003197,ablation_b_augmented,7,adv_20,0,0.0002122888,0
v3_public_manual_research_synthetic_row_005847,ablation_b_augmented,7,adv_20,1,0.9997856,1
v3_public_manual_research_synthetic_row_007848,ablation_b_augmented,7,adv_20,1,0.9992803,1
v3_public_manual_research_synthetic_row_002514,ablation_b_augmented,7,adv_20,0,0.00026250246,0
v3_public_manual_research_synthetic_row_007394,ablation_b_augmented,7,adv_20,1,0.99977773,1
v3_public_manual_research_synthetic_row_001842,ablation_b_augmented,7,adv_20,0,0.0003144149,0
v3_public_manual_research_synthetic_row_005733,ablation_b_augmented,7,adv_20,1,0.99984014,1
v3_public_manual_research_synthetic_row_009852,ablation_b_augmented,7,adv_20,1,0.9998319,1
v3_public_manual_research_synthetic_row_005276,ablation_b_augmented,7,adv_20,1,0.99984944,1
v3_public_manual_research_synthetic_row_009152,ablation_b_augmented,7,adv_20,1,0.999754,1
v3_public_manual_research_synthetic_row_003043,ablation_b_augmented,7,adv_20,0,0.00041628093,0
v3_public_manual_research_synthetic_row_002817,ablation_b_augmented,7,adv_20,0,0.00033481084,0
v3_public_manual_research_synthetic_row_000018,ablation_b_augmented,7,adv_20,0,0.99319434,1
v3_public_manual_research_synthetic_row_004713,ablation_b_augmented,7,adv_20,0,0.00027454837,0
v3_public_manual_research_synthetic_row_004563,ablation_b_augmented,7,adv_20,0,0.000450854,0
v3_public_manual_research_synthetic_row_009296,ablation_b_augmented,7,adv_20,1,0.9998037,1
v3_public_manual_research_synthetic_row_008610,ablation_b_augmented,7,adv_20,1,0.99981683,1
v3_public_manual_research_synthetic_row_004594,ablation_b_augmented,7,adv_20,0,0.0003544676,0
v3_public_manual_research_synthetic_row_004206,ablation_b_augmented,7,adv_20,0,0.00036769308,0
v3_public_manual_research_synthetic_row_004559,ablation_b_augmented,7,adv_20,0,0.00019369922,0
v3_public_manual_research_synthetic_row_004397,ablation_b_augmented,7,adv_20,0,0.00022937894,0
v3_public_manual_research_synthetic_row_003567,ablation_b_augmented,7,adv_20,0,0.00028150112,0
v3_public_manual_research_synthetic_row_002275,ablation_b_augmented,7,adv_20,0,0.0003194724,0
v3_public_manual_research_synthetic_row_006757,ablation_b_augmented,7,adv_20,1,0.9998217,1
v3_public_manual_research_synthetic_row_004285,ablation_b_augmented,7,adv_20,0,0.00023706137,0
v3_public_manual_research_synthetic_row_003849,ablation_b_augmented,7,adv_20,0,0.0005198889,0
v3_public_manual_research_synthetic_row_004401,ablation_b_augmented,7,adv_20,0,0.00022483765,0
v3_public_manual_research_synthetic_row_003821,ablation_b_augmented,7,adv_20,0,0.00023713055,0
v3_public_manual_research_synthetic_row_007705,ablation_b_augmented,7,adv_20,1,0.999848,1
v3_public_manual_research_synthetic_row_006187,ablation_b_augmented,7,adv_20,1,0.9998375,1
v3_public_manual_research_synthetic_row_005328,ablation_b_augmented,7,adv_20,1,0.9998456,1
v3_public_manual_research_synthetic_row_008323,ablation_b_augmented,7,adv_20,1,0.9998241,1
v3_public_manual_research_synthetic_row_006705,ablation_b_augmented,7,adv_20,1,0.99985516,1
v3_public_manual_research_synthetic_row_009871,ablation_b_augmented,7,adv_20,1,0.0014385065,0
v3_public_manual_research_synthetic_row_008422,ablation_b_augmented,7,adv_20,1,0.9998223,1
v3_public_manual_research_synthetic_row_000515,ablation_b_augmented,7,adv_20,0,0.00021650769,0
v3_public_manual_research_synthetic_row_006450,ablation_b_augmented,7,adv_20,1,0.9997726,1
v3_public_manual_research_synthetic_row_008566,ablation_b_augmented,7,adv_20,1,0.9998331,1
v3_public_manual_research_synthetic_row_010372,ablation_b_augmented,7,adv_20,1,0.99985015,1
v3_public_manual_research_synthetic_row_008300,ablation_b_augmented,7,adv_20,1,0.9992889,1
v3_public_manual_research_synthetic_row_003750,ablation_b_augmented,7,adv_20,0,0.00023383176,0
v3_public_manual_research_synthetic_row_007734,ablation_b_augmented,7,adv_20,1,0.99974555,1
v3_public_manual_research_synthetic_row_010411,ablation_b_augmented,7,adv_20,1,0.99984026,1
v3_public_manual_research_synthetic_row_007712,ablation_b_augmented,7,adv_20,1,0.99985075,1
v3_public_manual_research_synthetic_row_008878,ablation_b_augmented,7,adv_20,1,0.9998511,1
v3_public_manual_research_synthetic_row_005054,ablation_b_augmented,7,adv_20,0,0.0006548012,0
v3_public_manual_research_synthetic_row_006164,ablation_b_augmented,7,adv_20,1,0.9997899,1
v3_public_manual_research_synthetic_row_001099,ablation_b_augmented,7,adv_20,0,0.00019785267,0
v3_public_manual_research_synthetic_row_008787,ablation_b_augmented,7,adv_20,1,0.99981445,1
v3_public_manual_research_synthetic_row_007132,ablation_b_augmented,7,adv_20,1,0.9997998,1
v3_public_manual_research_synthetic_row_009966,ablation_b_augmented,7,adv_20,1,0.9998503,1
v3_public_manual_research_synthetic_row_005430,ablation_b_augmented,7,adv_20,1,0.9996946,1
v3_public_manual_research_synthetic_row_001993,ablation_b_augmented,7,adv_20,0,0.00041270172,0
v3_public_manual_research_synthetic_row_008900,ablation_b_augmented,7,adv_20,1,0.9996669,1
v3_public_manual_research_synthetic_row_008689,ablation_b_augmented,7,adv_20,1,0.99984896,1
v3_public_manual_research_synthetic_row_001381,ablation_b_augmented,7,adv_20,0,0.0002580851,0
v3_public_manual_research_synthetic_row_009370,ablation_b_augmented,7,adv_20,1,0.99984515,1
v3_public_manual_research_synthetic_row_001927,ablation_b_augmented,7,adv_20,0,0.00035409693,0
v3_public_manual_research_synthetic_row_009301,ablation_b_augmented,7,adv_20,1,0.99980634,1
v3_public_manual_research_synthetic_row_005067,ablation_b_augmented,7,adv_20,0,0.0002121087,0
v3_public_manual_research_synthetic_row_005728,ablation_b_augmented,7,adv_20,1,0.9997888,1
v3_public_manual_research_synthetic_row_001474,ablation_b_augmented,7,adv_20,0,0.00042969765,0
v3_public_manual_research_synthetic_row_002108,ablation_b_augmented,7,adv_20,0,0.00020490099,0
v3_public_manual_research_synthetic_row_000189,ablation_b_augmented,7,adv_20,0,0.00025575171,0
v3_public_manual_research_synthetic_row_005274,ablation_b_augmented,7,adv_20,1,0.99982554,1
v3_public_manual_research_synthetic_row_006952,ablation_b_augmented,7,adv_20,1,0.9988732,1
v3_public_manual_research_synthetic_row_007062,ablation_b_augmented,7,adv_20,1,0.9997948,1
v3_public_manual_research_synthetic_row_008786,ablation_b_augmented,7,adv_20,1,0.999683,1
v3_public_manual_research_synthetic_row_005381,ablation_b_augmented,7,adv_20,1,0.9998518,1
v3_public_manual_research_synthetic_row_001751,ablation_b_augmented,7,adv_20,0,0.00024312596,0
v3_public_manual_research_synthetic_row_002228,ablation_b_augmented,7,adv_20,0,0.0002401219,0
v3_public_manual_research_synthetic_row_003961,ablation_b_augmented,7,adv_20,0,0.00030371954,0
v3_public_manual_research_synthetic_row_000293,ablation_b_augmented,7,adv_20,0,0.00027289928,0
v3_public_manual_research_synthetic_row_002464,ablation_b_augmented,7,adv_20,0,0.00040739268,0
v3_public_manual_research_synthetic_row_001422,ablation_b_augmented,7,adv_20,0,0.00020361114,0
v3_public_manual_research_synthetic_row_009101,ablation_b_augmented,7,adv_20,1,0.9997725,1
v3_public_manual_research_synthetic_row_002015,ablation_b_augmented,7,adv_20,0,0.00025881254,0
v3_public_manual_research_synthetic_row_009739,ablation_b_augmented,7,adv_20,1,0.99981135,1
v3_public_manual_research_synthetic_row_008602,ablation_b_augmented,7,adv_20,1,0.99983203,1
v3_public_manual_research_synthetic_row_009717,ablation_b_augmented,7,adv_20,1,0.99985003,1
v3_public_manual_research_synthetic_row_000143,ablation_b_augmented,7,adv_20,0,0.0006902434,0
v3_public_manual_research_synthetic_row_000579,ablation_b_augmented,7,adv_20,0,0.00024653706,0
v3_public_manual_research_synthetic_row_008508,ablation_b_augmented,7,adv_20,1,0.99984443,1
v3_public_manual_research_synthetic_row_009818,ablation_b_augmented,7,adv_20,1,0.95230824,1
v3_public_manual_research_synthetic_row_002501,ablation_b_augmented,7,adv_20,0,0.00023163471,0
v3_public_manual_research_synthetic_row_009562,ablation_b_augmented,7,adv_20,1,0.9998211,1
v3_public_manual_research_synthetic_row_006699,ablation_b_augmented,7,adv_20,1,0.9998166,1
v3_public_manual_research_synthetic_row_004131,ablation_b_augmented,7,adv_20,0,0.00020208338,0
v3_public_manual_research_synthetic_row_008478,ablation_b_augmented,7,adv_20,1,0.9994537,1
v3_public_manual_research_synthetic_row_001208,ablation_b_augmented,7,adv_20,0,0.00020371814,0
v3_public_manual_research_synthetic_row_008940,ablation_b_augmented,7,adv_20,1,0.99901783,1
v3_public_manual_research_synthetic_row_007728,ablation_b_augmented,7,adv_20,1,0.99976844,1
v3_public_manual_research_synthetic_row_003812,ablation_b_augmented,7,adv_20,0,0.00020352745,0
v3_public_manual_research_synthetic_row_000893,ablation_b_augmented,7,adv_20,0,0.00021021013,0
v3_public_manual_research_synthetic_row_004194,ablation_b_augmented,7,adv_20,0,0.00025027455,0
v3_public_manual_research_synthetic_row_009679,ablation_b_augmented,7,adv_20,1,0.8248548,1
v3_public_manual_research_synthetic_row_008121,ablation_b_augmented,7,adv_20,1,0.99985266,1
v3_public_manual_research_synthetic_row_003723,ablation_b_augmented,7,adv_20,0,0.0027495811,0
v3_public_manual_research_synthetic_row_001495,ablation_b_augmented,7,adv_20,0,0.00021443091,0
v3_public_manual_research_synthetic_row_007452,ablation_b_augmented,7,adv_20,1,0.99984276,1
v3_public_manual_research_synthetic_row_000813,ablation_b_augmented,7,adv_20,0,0.00021237483,0
v3_public_manual_research_synthetic_row_007216,ablation_b_augmented,7,adv_20,1,0.9998416,1
v3_public_manual_research_synthetic_row_008535,ablation_b_augmented,7,adv_20,1,0.9998441,1
v3_public_manual_research_synthetic_row_007376,ablation_b_augmented,7,adv_20,1,0.9998435,1
v3_public_manual_research_synthetic_row_006378,ablation_b_augmented,7,adv_20,1,0.9998485,1
v3_public_manual_research_synthetic_row_010381,ablation_b_augmented,7,adv_20,1,0.99984944,1
v3_public_manual_research_synthetic_row_005881,ablation_b_augmented,7,adv_20,1,0.9998325,1
v3_public_manual_research_synthetic_row_005090,ablation_b_augmented,7,adv_20,0,0.00031515496,0
v3_public_manual_research_synthetic_row_006686,ablation_b_augmented,7,adv_20,1,0.9998363,1
v3_public_manual_research_synthetic_row_009318,ablation_b_augmented,7,adv_20,1,0.99980885,1
v3_public_manual_research_synthetic_row_007140,ablation_b_augmented,7,adv_20,1,0.9996356,1
v3_public_manual_research_synthetic_row_000640,ablation_b_augmented,7,adv_20,0,0.0002509704,0
v3_public_manual_research_synthetic_row_007186,ablation_b_augmented,7,adv_20,1,0.9998461,1
v3_public_manual_research_synthetic_row_002021,ablation_b_augmented,7,adv_20,0,0.00026268177,0
v3_public_manual_research_synthetic_row_005359,ablation_b_augmented,7,adv_20,1,0.9998048,1
v3_public_manual_research_synthetic_row_000840,ablation_b_augmented,7,adv_20,0,0.00022882849,0
v3_public_manual_research_synthetic_row_007991,ablation_b_augmented,7,adv_20,1,0.999841,1
v3_public_manual_research_synthetic_row_005655,ablation_b_augmented,7,adv_20,1,0.99984086,1
v3_public_manual_research_synthetic_row_006742,ablation_b_augmented,7,adv_20,1,0.99963737,1
v3_public_manual_research_synthetic_row_006397,ablation_b_augmented,7,adv_20,1,0.99985135,1
v3_public_manual_research_synthetic_row_009056,ablation_b_augmented,7,adv_20,1,0.9997707,1
v3_public_manual_research_synthetic_row_005294,ablation_b_augmented,7,adv_20,1,0.9992549,1
v3_public_manual_research_synthetic_row_004816,ablation_b_augmented,7,adv_20,0,0.00025413316,0
v3_public_manual_research_synthetic_row_004589,ablation_b_augmented,7,adv_20,0,0.00017772987,0
v3_public_manual_research_synthetic_row_006473,ablation_b_augmented,7,adv_20,1,0.999846,1
v3_public_manual_research_synthetic_row_001384,ablation_b_augmented,7,adv_20,0,0.00025062892,0
v3_public_manual_research_synthetic_row_001600,ablation_b_augmented,7,adv_20,0,0.00024307265,0
v3_public_manual_research_synthetic_row_003100,ablation_b_augmented,7,adv_20,0,0.00036563078,0
v3_public_manual_research_synthetic_row_000098,ablation_b_augmented,7,adv_20,0,0.00058776507,0
v3_public_manual_research_synthetic_row_006178,ablation_b_augmented,7,adv_20,1,0.9998393,1
v3_public_manual_research_synthetic_row_004405,ablation_b_augmented,7,adv_20,0,0.00025659977,0
v3_public_manual_research_synthetic_row_009907,ablation_b_augmented,7,adv_20,1,0.9998246,1
v3_public_manual_research_synthetic_row_004862,ablation_b_augmented,7,adv_20,0,0.00028167182,0
v3_public_manual_research_synthetic_row_003014,ablation_b_augmented,7,adv_20,0,0.00033852455,0
v3_public_manual_research_synthetic_row_003188,ablation_b_augmented,7,adv_20,0,0.00018299473,0
v3_public_manual_research_synthetic_row_009989,ablation_b_augmented,7,adv_20,1,0.99982244,1
v3_public_manual_research_synthetic_row_001395,ablation_b_augmented,7,adv_20,0,0.00020011667,0
v3_public_manual_research_synthetic_row_009519,ablation_b_augmented,7,adv_20,1,0.9996823,1
v3_public_manual_research_synthetic_row_007539,ablation_b_augmented,7,adv_20,1,0.99978155,1
v3_public_manual_research_synthetic_row_000772,ablation_b_augmented,7,adv_20,0,0.0052349693,0
v3_public_manual_research_synthetic_row_007380,ablation_b_augmented,7,adv_20,1,0.999851,1
v3_public_manual_research_synthetic_row_010079,ablation_b_augmented,7,adv_20,1,0.99985087,1
v3_public_manual_research_synthetic_row_005562,ablation_b_augmented,7,adv_20,1,0.99961203,1
v3_public_manual_research_synthetic_row_002840,ablation_b_augmented,7,adv_20,0,0.0004663393,0
v3_public_manual_research_synthetic_row_003183,ablation_b_augmented,7,adv_20,0,0.00035471082,0
v3_public_manual_research_synthetic_row_007908,ablation_b_augmented,7,adv_20,1,0.9998486,1
v3_public_manual_research_synthetic_row_006692,ablation_b_augmented,7,adv_20,1,0.9988035,1
v3_public_manual_research_synthetic_row_000349,ablation_b_augmented,7,adv_20,0,0.0003535122,0
v3_public_manual_research_synthetic_row_002784,ablation_b_augmented,7,adv_20,0,0.00021825953,0
v3_public_manual_research_synthetic_row_000706,ablation_b_augmented,7,adv_20,0,0.0001840715,0
v3_public_manual_research_synthetic_row_006565,ablation_b_augmented,7,adv_20,1,0.9998419,1
v3_public_manual_research_synthetic_row_003832,ablation_b_augmented,7,adv_20,0,0.00043836556,0
v3_public_manual_research_synthetic_row_000415,ablation_b_augmented,7,adv_20,0,0.00022091976,0
v3_public_manual_research_synthetic_row_001597,ablation_b_augmented,7,adv_20,0,0.00023850054,0
v3_public_manual_research_synthetic_row_000861,ablation_b_augmented,7,adv_20,0,0.00022970857,0
v3_public_manual_research_synthetic_row_005039,ablation_b_augmented,7,adv_20,0,0.0020471087,0
v3_public_manual_research_synthetic_row_004427,ablation_b_augmented,7,adv_20,0,0.00028936024,0
v3_public_manual_research_synthetic_row_003269,ablation_b_augmented,7,adv_20,0,0.00023955914,0
v3_public_manual_research_synthetic_row_003257,ablation_b_augmented,7,adv_20,0,0.00023514367,0
v3_public_manual_research_synthetic_row_002729,ablation_b_augmented,7,adv_20,0,0.00025797245,0
v3_public_manual_research_synthetic_row_006566,ablation_b_augmented,7,adv_20,1,0.9997174,1
v3_public_manual_research_synthetic_row_002652,ablation_b_augmented,7,adv_20,0,0.00024133126,0
v3_public_manual_research_synthetic_row_006991,ablation_b_augmented,7,adv_20,1,0.99984014,1
v3_public_manual_research_synthetic_row_009246,ablation_b_augmented,7,adv_20,1,0.9998336,1
v3_public_manual_research_synthetic_row_003596,ablation_b_augmented,7,adv_20,0,0.00022063832,0
v3_public_manual_research_synthetic_row_002050,ablation_b_augmented,7,adv_20,0,0.00024156929,0
v3_public_manual_research_synthetic_row_005527,ablation_b_augmented,7,adv_20,1,0.9997826,1
v3_public_manual_research_synthetic_row_006300,ablation_b_augmented,7,adv_20,1,0.99984884,1
v3_public_manual_research_synthetic_row_001372,ablation_b_augmented,7,adv_20,0,0.0006319134,0
v3_public_manual_research_synthetic_row_004084,ablation_b_augmented,7,adv_20,0,0.00021717905,0
v3_public_manual_research_synthetic_row_007834,ablation_b_augmented,7,adv_20,1,0.9997993,1
v3_public_manual_research_synthetic_row_001940,ablation_b_augmented,7,adv_20,0,0.00023047879,0
v3_public_manual_research_synthetic_row_007585,ablation_b_augmented,7,adv_20,1,0.99979585,1
v3_public_manual_research_synthetic_row_008811,ablation_b_augmented,7,adv_20,1,0.9998331,1
v3_public_manual_research_synthetic_row_003773,ablation_b_augmented,7,adv_20,0,0.00038402562,0
v3_public_manual_research_synthetic_row_004269,ablation_b_augmented,7,adv_20,0,0.00019795135,0
v3_public_manual_research_synthetic_row_010270,ablation_b_augmented,7,adv_20,1,0.9998404,1
v3_public_manual_research_synthetic_row_005556,ablation_b_augmented,7,adv_20,1,0.9998336,1
v3_public_manual_research_synthetic_row_009021,ablation_b_augmented,7,adv_20,1,0.9998305,1
v3_public_manual_research_synthetic_row_002749,ablation_b_augmented,7,adv_20,0,0.00024552393,0
v3_public_manual_research_synthetic_row_001584,ablation_b_augmented,7,adv_20,0,0.00021879647,0
v3_public_manual_research_synthetic_row_005597,ablation_b_augmented,7,adv_20,1,0.9989303,1
v3_public_manual_research_synthetic_row_006383,ablation_b_augmented,7,adv_20,1,0.99976546,1
v3_public_manual_research_synthetic_row_002401,ablation_b_augmented,7,adv_20,0,0.00024352409,0
v3_public_manual_research_synthetic_row_000142,ablation_b_augmented,7,adv_20,0,0.0003727423,0
v3_public_manual_research_synthetic_row_007837,ablation_b_augmented,7,adv_20,1,0.9998246,1
v3_public_manual_research_synthetic_row_003470,ablation_b_augmented,7,adv_20,0,0.0002018725,0
v3_public_manual_research_synthetic_row_000938,ablation_b_augmented,7,adv_20,0,0.0001820334,0
v3_public_manual_research_synthetic_row_005741,ablation_b_augmented,7,adv_20,1,0.99957496,1
v3_public_manual_research_synthetic_row_002479,ablation_b_augmented,7,adv_20,0,0.00032108495,0
v3_public_manual_research_synthetic_row_000591,ablation_b_augmented,7,adv_20,0,0.00023273076,0
v3_public_manual_research_synthetic_row_009286,ablation_b_augmented,7,adv_20,1,0.9997733,1
v3_public_manual_research_synthetic_row_005301,ablation_b_augmented,7,adv_20,1,0.99984705,1
v3_public_manual_research_synthetic_row_004102,ablation_b_augmented,7,adv_20,0,0.00020279388,0
v3_public_manual_research_synthetic_row_008076,ablation_b_augmented,7,adv_20,1,0.99981743,1
v3_public_manual_research_synthetic_row_004055,ablation_b_augmented,7,adv_20,0,0.00035325097,0
v3_public_manual_research_synthetic_row_007384,ablation_b_augmented,7,adv_20,1,0.99981564,1
v3_public_manual_research_synthetic_row_008501,ablation_b_augmented,7,adv_20,1,0.99982554,1
v3_public_manual_research_synthetic_row_008486,ablation_b_augmented,7,adv_20,1,0.99983585,1
v3_public_manual_research_synthetic_row_004513,ablation_b_augmented,7,adv_20,0,0.00034813018,0
v3_public_manual_research_synthetic_row_001273,ablation_b_augmented,7,adv_20,0,0.0002574501,0
v3_public_manual_research_synthetic_row_001928,ablation_b_augmented,7,adv_20,0,0.00021486005,0
v3_public_manual_research_synthetic_row_009498,ablation_b_augmented,7,adv_20,1,0.99979883,1
v3_public_manual_research_synthetic_row_000509,ablation_b_augmented,7,adv_20,0,0.00025605742,0
v3_public_manual_research_synthetic_row_003824,ablation_b_augmented,7,adv_20,0,0.00036502184,0
v3_public_manual_research_synthetic_row_006960,ablation_b_augmented,7,adv_20,1,0.99985206,1
v3_public_manual_research_synthetic_row_002969,ablation_b_augmented,7,adv_20,0,0.03958217,0
v3_public_manual_research_synthetic_row_000917,ablation_b_augmented,7,adv_20,0,0.00022219784,0
v3_public_manual_research_synthetic_row_001938,ablation_b_augmented,7,adv_20,0,0.00024619317,0
v3_public_manual_research_synthetic_row_007639,ablation_b_augmented,7,adv_20,1,0.99788445,1
v3_public_manual_research_synthetic_row_009045,ablation_b_augmented,7,adv_20,1,0.9998387,1
v3_public_manual_research_synthetic_row_006263,ablation_b_augmented,7,adv_20,1,0.9998399,1
v3_public_manual_research_synthetic_row_002170,ablation_b_augmented,7,adv_20,0,0.00021541516,0
v3_public_manual_research_synthetic_row_002204,ablation_b_augmented,7,adv_20,0,0.0002528199,0
v3_public_manual_research_synthetic_row_006975,ablation_b_augmented,7,adv_20,1,0.9998141,1
v3_public_manual_research_synthetic_row_006145,ablation_b_augmented,7,adv_20,1,0.9998485,1
v3_public_manual_research_synthetic_row_004527,ablation_b_augmented,7,adv_20,0,0.00023501166,0
v3_public_manual_research_synthetic_row_009979,ablation_b_augmented,7,adv_20,1,0.9998343,1
v3_public_manual_research_synthetic_row_006141,ablation_b_augmented,7,adv_20,1,0.9998437,1
v3_public_manual_research_synthetic_row_003064,ablation_b_augmented,7,adv_20,0,0.00020299683,0
v3_public_manual_research_synthetic_row_004874,ablation_b_augmented,7,adv_20,0,0.00027673776,0
v3_public_manual_research_synthetic_row_007523,ablation_b_augmented,7,adv_20,1,0.99982893,1
v3_public_manual_research_synthetic_row_002129,ablation_b_augmented,7,adv_20,0,0.00029464293,0
v3_public_manual_research_synthetic_row_001038,ablation_b_augmented,7,adv_20,0,0.00020836052,0
v3_public_manual_research_synthetic_row_009793,ablation_b_augmented,7,adv_20,1,0.99982065,1
v3_public_manual_research_synthetic_row_007805,ablation_b_augmented,7,adv_20,1,0.0330822,0
v3_public_manual_research_synthetic_row_006416,ablation_b_augmented,7,adv_20,1,0.99985135,1
v3_public_manual_research_synthetic_row_007904,ablation_b_augmented,7,adv_20,1,0.999845,1
v3_public_manual_research_synthetic_row_002197,ablation_b_augmented,7,adv_20,0,0.00026942778,0
v3_public_manual_research_synthetic_row_007217,ablation_b_augmented,7,adv_20,1,0.99982774,1
v3_public_manual_research_synthetic_row_000273,ablation_b_augmented,7,adv_20,0,0.00036732384,0
v3_public_manual_research_synthetic_row_007113,ablation_b_augmented,7,adv_20,1,0.99980384,1
v3_public_manual_research_synthetic_row_007753,ablation_b_augmented,7,adv_20,1,0.99942386,1
v3_public_manual_research_synthetic_row_008856,ablation_b_augmented,7,adv_20,1,0.99980277,1
v3_public_manual_research_synthetic_row_002894,ablation_b_augmented,7,adv_20,0,0.013637451,0
v3_public_manual_research_synthetic_row_006894,ablation_b_augmented,7,adv_20,1,0.99983037,1
v3_public_manual_research_synthetic_row_003962,ablation_b_augmented,7,adv_20,0,0.00037787345,0
v3_public_manual_research_synthetic_row_004567,ablation_b_augmented,7,adv_20,0,0.00024195401,0
v3_public_manual_research_synthetic_row_004414,ablation_b_augmented,7,adv_20,0,0.22423664,0
v3_public_manual_research_synthetic_row_004344,ablation_b_augmented,7,adv_20,0,0.00026391083,0
v3_public_manual_research_synthetic_row_006920,ablation_b_augmented,7,adv_20,1,0.99983144,1
v3_public_manual_research_synthetic_row_004885,ablation_b_augmented,7,adv_20,0,0.00028797757,0
v3_public_manual_research_synthetic_row_002564,ablation_b_augmented,7,adv_20,0,0.0013503206,0
v3_public_manual_research_synthetic_row_008829,ablation_b_augmented,7,adv_20,1,0.9998141,1
v3_public_manual_research_synthetic_row_002771,ablation_b_augmented,7,adv_20,0,0.00021765479,0
v3_public_manual_research_synthetic_row_006500,ablation_b_augmented,7,adv_20,1,0.99981576,1
v3_public_manual_research_synthetic_row_004366,ablation_b_augmented,7,adv_20,0,0.00020772082,0
v3_public_manual_research_synthetic_row_009008,ablation_b_augmented,7,adv_20,1,0.99984384,1
v3_public_manual_research_synthetic_row_003414,ablation_b_augmented,7,adv_20,0,0.00032555684,0
v3_public_manual_research_synthetic_row_003586,ablation_b_augmented,7,adv_20,0,0.00019778403,0
v3_public_manual_research_synthetic_row_009577,ablation_b_augmented,7,adv_20,1,0.99976987,1
v3_public_manual_research_synthetic_row_005410,ablation_b_augmented,7,adv_20,1,0.99984956,1
v3_public_manual_research_synthetic_row_007590,ablation_b_augmented,7,adv_20,1,0.99983716,1
v3_public_manual_research_synthetic_row_004520,ablation_b_augmented,7,adv_20,0,0.9972703,1
v3_public_manual_research_synthetic_row_009952,ablation_b_augmented,7,adv_20,1,0.99983,1
v3_public_manual_research_synthetic_row_008003,ablation_b_augmented,7,adv_20,1,0.9998572,1
v3_public_manual_research_synthetic_row_008350,ablation_b_augmented,7,adv_20,1,0.9998204,1
v3_public_manual_research_synthetic_row_003106,ablation_b_augmented,7,adv_20,0,0.00030650833,0
v3_public_manual_research_synthetic_row_009084,ablation_b_augmented,7,adv_20,1,0.99985003,1
v3_public_manual_research_synthetic_row_010365,ablation_b_augmented,7,adv_20,1,0.9998319,1
v3_public_manual_research_synthetic_row_004930,ablation_b_augmented,7,adv_20,0,0.00029723553,0
v3_public_manual_research_synthetic_row_000656,ablation_b_augmented,7,adv_20,0,0.00020699069,0
v3_public_manual_research_synthetic_row_009806,ablation_b_augmented,7,adv_20,1,0.99953485,1
v3_public_manual_research_synthetic_row_006352,ablation_b_augmented,7,adv_20,1,0.9998374,1
v3_public_manual_research_synthetic_row_009401,ablation_b_augmented,7,adv_20,1,0.9996375,1
v3_public_manual_research_synthetic_row_008805,ablation_b_augmented,7,adv_20,1,0.9997793,1
v3_public_manual_research_synthetic_row_000662,ablation_b_augmented,7,adv_20,0,0.00039533616,0
v3_public_manual_research_synthetic_row_000674,ablation_b_augmented,7,adv_20,0,0.0002104552,0
v3_public_manual_research_synthetic_row_008349,ablation_b_augmented,7,adv_20,1,0.99982774,1
v3_public_manual_research_synthetic_row_005760,ablation_b_augmented,7,adv_20,1,0.9998492,1
v3_public_manual_research_synthetic_row_006890,ablation_b_augmented,7,adv_20,1,0.9998273,1
v3_public_manual_research_synthetic_row_001981,ablation_b_augmented,7,adv_20,0,0.00024913845,0
v3_public_manual_research_synthetic_row_008845,ablation_b_augmented,7,adv_20,1,0.9998523,1
v3_public_manual_research_synthetic_row_008115,ablation_b_augmented,7,adv_20,1,0.99983823,1
v3_public_manual_research_synthetic_row_002084,ablation_b_augmented,7,adv_20,0,0.00027265534,0
v3_public_manual_research_synthetic_row_004857,ablation_b_augmented,7,adv_20,0,0.00024172159,0
v3_public_manual_research_synthetic_row_003279,ablation_b_augmented,7,adv_20,0,0.00034936846,0
v3_public_manual_research_synthetic_row_005757,ablation_b_augmented,7,adv_20,1,0.9998203,1
v3_public_manual_research_synthetic_row_000749,ablation_b_augmented,7,adv_20,0,0.0002005516,0
v3_public_manual_research_synthetic_row_006831,ablation_b_augmented,7,adv_20,1,0.9998497,1
v3_public_manual_research_synthetic_row_006729,ablation_b_augmented,7,adv_20,1,0.99964845,1
v3_public_manual_research_synthetic_row_000909,ablation_b_augmented,7,adv_20,0,0.00021963839,0
v3_public_manual_research_synthetic_row_007976,ablation_b_augmented,7,adv_20,1,0.00040963406,0
v3_public_manual_research_synthetic_row_005657,ablation_b_augmented,7,adv_20,1,0.999843,1
v3_public_manual_research_synthetic_row_002974,ablation_b_augmented,7,adv_20,0,0.00020603254,0
v3_public_manual_research_synthetic_row_006718,ablation_b_augmented,7,adv_20,1,0.99984646,1
v3_public_manual_research_synthetic_row_001748,ablation_b_augmented,7,adv_20,0,0.00023282418,0
v3_public_manual_research_synthetic_row_006170,ablation_b_augmented,7,adv_20,1,0.99985015,1
v3_public_manual_research_synthetic_row_006656,ablation_b_augmented,7,adv_20,1,0.9998511,1
v3_public_manual_research_synthetic_row_006035,ablation_b_augmented,7,adv_20,1,0.99984837,1
v3_public_manual_research_synthetic_row_009353,ablation_b_augmented,7,adv_20,1,0.9998331,1
v3_public_manual_research_synthetic_row_004381,ablation_b_augmented,7,adv_20,0,0.00019391562,0
v3_public_manual_research_synthetic_row_001167,ablation_b_augmented,7,adv_20,0,0.0002128768,0
v3_public_manual_research_synthetic_row_000665,ablation_b_augmented,7,adv_20,0,0.0008256787,0
v3_public_manual_research_synthetic_row_001687,ablation_b_augmented,7,adv_20,0,0.00020502644,0
v3_public_manual_research_synthetic_row_000953,ablation_b_augmented,7,adv_20,0,0.00021530877,0
v3_public_manual_research_synthetic_row_001501,ablation_b_augmented,7,adv_20,0,0.00023482979,0
v3_public_manual_research_synthetic_row_003272,ablation_b_augmented,7,adv_20,0,0.00025719692,0
v3_public_manual_research_synthetic_row_002449,ablation_b_augmented,7,adv_20,0,0.00032691975,0
v3_public_manual_research_synthetic_row_002736,ablation_b_augmented,7,adv_20,0,0.00071220327,0
v3_public_manual_research_synthetic_row_003657,ablation_b_augmented,7,adv_20,0,0.00040060285,0
v3_public_manual_research_synthetic_row_004328,ablation_b_augmented,7,adv_20,0,0.00024485696,0
v3_public_manual_research_synthetic_row_002705,ablation_b_augmented,7,adv_20,0,0.00022578827,0
v3_public_manual_research_synthetic_row_003813,ablation_b_augmented,7,adv_20,0,0.00022627812,0
v3_public_manual_research_synthetic_row_004138,ablation_b_augmented,7,adv_20,0,0.00021849232,0
v3_public_manual_research_synthetic_row_003890,ablation_b_augmented,7,adv_20,0,0.00022573661,0
v3_public_manual_research_synthetic_row_007504,ablation_b_augmented,7,adv_20,1,0.9998349,1
v3_public_manual_research_synthetic_row_007776,ablation_b_augmented,7,adv_20,1,0.99699783,1
v3_public_manual_research_synthetic_row_002823,ablation_b_augmented,7,adv_20,0,0.0002211183,0
v3_public_manual_research_synthetic_row_006350,ablation_b_augmented,7,adv_20,1,0.9998503,1
v3_public_manual_research_synthetic_row_008314,ablation_b_augmented,7,adv_20,1,0.9998442,1
v3_public_manual_research_synthetic_row_001053,ablation_b_augmented,7,adv_20,0,0.00025600157,0
v3_public_manual_research_synthetic_row_005808,ablation_b_augmented,7,adv_20,1,0.9998178,1
v3_public_manual_research_synthetic_row_000082,ablation_b_augmented,7,adv_20,0,0.00031675323,0
v3_public_manual_research_synthetic_row_009046,ablation_b_augmented,7,adv_20,1,0.9997665,1
v3_public_manual_research_synthetic_row_004977,ablation_b_augmented,7,adv_20,0,0.00025343988,0
v3_public_manual_research_synthetic_row_007645,ablation_b_augmented,7,adv_20,1,0.99984956,1
v3_public_manual_research_synthetic_row_006835,ablation_b_augmented,7,adv_20,1,0.9998267,1
v3_public_manual_research_synthetic_row_002858,ablation_b_augmented,7,adv_20,0,0.0004745669,0
v3_public_manual_research_synthetic_row_007487,ablation_b_augmented,7,adv_20,1,0.9998442,1
v3_public_manual_research_synthetic_row_001656,ablation_b_augmented,7,adv_20,0,0.00023929,0
v3_public_manual_research_synthetic_row_003399,ablation_b_augmented,7,adv_20,0,0.00023954247,0
v3_public_manual_research_synthetic_row_008326,ablation_b_augmented,7,adv_20,1,0.99983776,1
v3_public_manual_research_synthetic_row_007855,ablation_b_augmented,7,adv_20,1,0.9998388,1
v3_public_manual_research_synthetic_row_010313,ablation_b_augmented,7,adv_20,1,0.999801,1
v3_public_manual_research_synthetic_row_000594,ablation_b_augmented,7,adv_20,0,0.00028623227,0
v3_public_manual_research_synthetic_row_008290,ablation_b_augmented,7,adv_20,1,0.99925965,1
v3_public_manual_research_synthetic_row_005350,ablation_b_augmented,7,adv_20,1,0.99982363,1
v3_public_manual_research_synthetic_row_005748,ablation_b_augmented,7,adv_20,1,0.99982566,1
v3_public_manual_research_synthetic_row_008207,ablation_b_augmented,7,adv_20,1,0.998099,1
v3_public_manual_research_synthetic_row_002505,ablation_b_augmented,7,adv_20,0,0.00032160332,0
v3_public_manual_research_synthetic_row_008432,ablation_b_augmented,7,adv_20,1,0.9998517,1
v3_public_manual_research_synthetic_row_009030,ablation_b_augmented,7,adv_20,1,0.99983597,1
v3_public_manual_research_synthetic_row_000176,ablation_b_augmented,7,adv_20,0,0.0002647051,0
v3_public_manual_research_synthetic_row_006388,ablation_b_augmented,7,adv_20,1,0.99985504,1
v3_public_manual_research_synthetic_row_003798,ablation_b_augmented,7,adv_20,0,0.00025500497,0
v3_public_manual_research_synthetic_row_007758,ablation_b_augmented,7,adv_20,1,0.9998202,1
v3_public_manual_research_synthetic_row_005405,ablation_b_augmented,7,adv_20,1,0.99984884,1
v3_public_manual_research_synthetic_row_008994,ablation_b_augmented,7,adv_20,1,0.99982697,1
v3_public_manual_research_synthetic_row_001935,ablation_b_augmented,7,adv_20,0,0.00021002023,0
v3_public_manual_research_synthetic_row_007173,ablation_b_augmented,7,adv_20,1,0.99984753,1
v3_public_manual_research_synthetic_row_002890,ablation_b_augmented,7,adv_20,0,0.00026942726,0
v3_public_manual_research_synthetic_row_005934,ablation_b_augmented,7,adv_20,1,0.99984956,1
v3_public_manual_research_synthetic_row_002066,ablation_b_augmented,7,adv_20,0,0.0006602407,0
v3_public_manual_research_synthetic_row_009107,ablation_b_augmented,7,adv_20,1,0.9998505,1
v3_public_manual_research_synthetic_row_007439,ablation_b_augmented,7,adv_20,1,0.99984634,1
v3_public_manual_research_synthetic_row_006370,ablation_b_augmented,7,adv_20,1,0.99978024,1
v3_public_manual_research_synthetic_row_007105,ablation_b_augmented,7,adv_20,1,0.9998498,1
v3_public_manual_research_synthetic_row_005318,ablation_b_augmented,7,adv_20,1,0.99975234,1
v3_public_manual_research_synthetic_row_004112,ablation_b_augmented,7,adv_20,0,0.00020704043,0
v3_public_manual_research_synthetic_row_004230,ablation_b_augmented,7,adv_20,0,0.00017247385,0
v3_public_manual_research_synthetic_row_004806,ablation_b_augmented,7,adv_20,0,0.0003209971,0
v3_public_manual_research_synthetic_row_004350,ablation_b_augmented,7,adv_20,0,0.0006113322,0
v3_public_manual_research_synthetic_row_007018,ablation_b_augmented,7,adv_20,1,0.9998406,1
v3_public_manual_research_synthetic_row_005467,ablation_b_augmented,7,adv_20,1,0.99982303,1
v3_public_manual_research_synthetic_row_007425,ablation_b_augmented,7,adv_20,1,0.99948776,1
v3_public_manual_research_synthetic_row_001763,ablation_b_augmented,7,adv_20,0,0.00022063601,0
v3_public_manual_research_synthetic_row_009157,ablation_b_augmented,7,adv_20,1,0.9998254,1
v3_public_manual_research_synthetic_row_000648,ablation_b_augmented,7,adv_20,0,0.00020389436,0
v3_public_manual_research_synthetic_row_008267,ablation_b_augmented,7,adv_20,1,0.9779619,1
v3_public_manual_research_synthetic_row_009817,ablation_b_augmented,7,adv_20,1,0.9996383,1
v3_public_manual_research_synthetic_row_007703,ablation_b_augmented,7,adv_20,1,0.999835,1
v3_public_manual_research_synthetic_row_005953,ablation_b_augmented,7,adv_20,1,0.99983656,1
v3_public_manual_research_synthetic_row_003346,ablation_b_augmented,7,adv_20,0,0.00024078174,0
v3_public_manual_research_synthetic_row_006794,ablation_b_augmented,7,adv_20,1,0.9998455,1
v3_public_manual_research_synthetic_row_003140,ablation_b_augmented,7,adv_20,0,0.0002572413,0
v3_public_manual_research_synthetic_row_002820,ablation_b_augmented,7,adv_20,0,0.00020615397,0
v3_public_manual_research_synthetic_row_005195,ablation_b_augmented,7,adv_20,0,0.0003564405,0
v3_public_manual_research_synthetic_row_001836,ablation_b_augmented,7,adv_20,0,0.00022490302,0
v3_public_manual_research_synthetic_row_007562,ablation_b_augmented,7,adv_20,1,0.99978656,1
v3_public_manual_research_synthetic_row_004386,ablation_b_augmented,7,adv_20,0,0.000249028,0
v3_public_manual_research_synthetic_row_005759,ablation_b_augmented,7,adv_20,1,0.9998348,1
v3_public_manual_research_synthetic_row_007816,ablation_b_augmented,7,adv_20,1,0.9998265,1
v3_public_manual_research_synthetic_row_009569,ablation_b_augmented,7,adv_20,1,0.9996244,1
v3_public_manual_research_synthetic_row_002538,ablation_b_augmented,7,adv_20,0,0.0002133938,0
v3_public_manual_research_synthetic_row_004020,ablation_b_augmented,7,adv_20,0,0.00048300557,0
v3_public_manual_research_synthetic_row_002451,ablation_b_augmented,7,adv_20,0,0.00028299537,0
v3_public_manual_research_synthetic_row_010191,ablation_b_augmented,7,adv_20,1,0.9997981,1
v3_public_manual_research_synthetic_row_001682,ablation_b_augmented,7,adv_20,0,0.00021340638,0
v3_public_manual_research_synthetic_row_010413,ablation_b_augmented,7,adv_20,1,0.99984884,1
v3_public_manual_research_synthetic_row_002330,ablation_b_augmented,7,adv_20,0,0.0002892659,0
v3_public_manual_research_synthetic_row_001830,ablation_b_augmented,7,adv_20,0,0.00028639662,0
v3_public_manual_research_synthetic_row_005400,ablation_b_augmented,7,adv_20,1,0.99980503,1
v3_public_manual_research_synthetic_row_004407,ablation_b_augmented,7,adv_20,0,0.00020912441,0
v3_public_manual_research_synthetic_row_005773,ablation_b_augmented,7,adv_20,1,0.9998272,1
v3_public_manual_research_synthetic_row_003558,ablation_b_augmented,7,adv_20,0,0.00018808362,0
v3_public_manual_research_synthetic_row_007313,ablation_b_augmented,7,adv_20,1,0.9998572,1
v3_public_manual_research_synthetic_row_007262,ablation_b_augmented,7,adv_20,1,0.99983835,1
v3_public_manual_research_synthetic_row_001441,ablation_b_augmented,7,adv_20,0,0.00023647265,0
v3_public_manual_research_synthetic_row_004651,ablation_b_augmented,7,adv_20,0,0.0002718787,0
v3_public_manual_research_synthetic_row_000137,ablation_b_augmented,7,adv_20,0,0.00044864888,0
v3_public_manual_research_synthetic_row_006502,ablation_b_augmented,7,adv_20,1,0.99985254,1
v3_public_manual_research_synthetic_row_000304,ablation_b_augmented,7,adv_20,0,0.00027340426,0
v3_public_manual_research_synthetic_row_004101,ablation_b_augmented,7,adv_20,0,0.00027778745,0
v3_public_manual_research_synthetic_row_005398,ablation_b_augmented,7,adv_20,1,0.99985254,1
v3_public_manual_research_synthetic_row_006255,ablation_b_augmented,7,adv_20,1,0.9998574,1
v3_public_manual_research_synthetic_row_001362,ablation_b_augmented,7,adv_20,0,0.00026153197,0
v3_public_manual_research_synthetic_row_007367,ablation_b_augmented,7,adv_20,1,0.99958557,1
v3_public_manual_research_synthetic_row_008441,ablation_b_augmented,7,adv_20,1,0.99984586,1
v3_public_manual_research_synthetic_row_004331,ablation_b_augmented,7,adv_20,0,0.00028165305,0
v3_public_manual_research_synthetic_row_008138,ablation_b_augmented,7,adv_20,1,0.99983156,1
v3_public_manual_research_synthetic_row_006725,ablation_b_augmented,7,adv_20,1,0.999793,1
v3_public_manual_research_synthetic_row_008299,ablation_b_augmented,7,adv_20,1,0.99983394,1
v3_public_manual_research_synthetic_row_004282,ablation_b_augmented,7,adv_20,0,0.000269835,0
v3_public_manual_research_synthetic_row_004890,ablation_b_augmented,7,adv_20,0,0.00028755973,0
v3_public_manual_research_synthetic_row_009841,ablation_b_augmented,7,adv_20,1,0.9996557,1
v3_public_manual_research_synthetic_row_008417,ablation_b_augmented,7,adv_20,1,0.9997156,1
v3_public_manual_research_synthetic_row_008208,ablation_b_augmented,7,adv_20,1,0.999853,1
v3_public_manual_research_synthetic_row_000188,ablation_b_augmented,7,adv_20,0,0.9122959,1
v3_public_manual_research_synthetic_row_004463,ablation_b_augmented,7,adv_20,0,0.00025893396,0
v3_public_manual_research_synthetic_row_009349,ablation_b_augmented,7,adv_20,1,0.9998455,1
v3_public_manual_research_synthetic_row_002673,ablation_b_augmented,7,adv_20,0,0.00024413154,0
v3_public_manual_research_synthetic_row_000512,ablation_b_augmented,7,adv_20,0,0.0010265642,0
v3_public_manual_research_synthetic_row_006635,ablation_b_augmented,7,adv_20,1,0.99983025,1
v3_public_manual_research_synthetic_row_009844,ablation_b_augmented,7,adv_20,1,0.990562,1
v3_public_manual_research_synthetic_row_001204,ablation_b_augmented,7,adv_20,0,0.0002295993,0
v3_public_manual_research_synthetic_row_005334,ablation_b_augmented,7,adv_20,1,0.99983907,1
v3_public_manual_research_synthetic_row_009485,ablation_b_augmented,7,adv_20,1,0.9997428,1
v3_public_manual_research_synthetic_row_004278,ablation_b_augmented,7,adv_20,0,0.00026585918,0
v3_public_manual_research_synthetic_row_010351,ablation_b_augmented,7,adv_20,1,0.9998253,1
v3_public_manual_research_synthetic_row_000858,ablation_b_augmented,7,adv_20,0,0.00025006966,0
v3_public_manual_research_synthetic_row_003746,ablation_b_augmented,7,adv_20,0,0.0009752511,0
v3_public_manual_research_synthetic_row_001733,ablation_b_augmented,7,adv_20,0,0.00025939458,0
v3_public_manual_research_synthetic_row_006546,ablation_b_augmented,7,adv_20,1,0.9998373,1
v3_public_manual_research_synthetic_row_005621,ablation_b_augmented,7,adv_20,1,0.99983907,1
v3_public_manual_research_synthetic_row_002918,ablation_b_augmented,7,adv_20,0,0.0003688355,0
v3_public_manual_research_synthetic_row_008867,ablation_b_augmented,7,adv_20,1,0.9998443,1
v3_public_manual_research_synthetic_row_004754,ablation_b_augmented,7,adv_20,0,0.00019733417,0
v3_public_manual_research_synthetic_row_006663,ablation_b_augmented,7,adv_20,1,0.9998386,1
v3_public_manual_research_synthetic_row_007947,ablation_b_augmented,7,adv_20,1,0.99984753,1
v3_public_manual_research_synthetic_row_002809,ablation_b_augmented,7,adv_20,0,0.00032052674,0
v3_public_manual_research_synthetic_row_000983,ablation_b_augmented,7,adv_20,0,0.00024208092,0
v3_public_manual_research_synthetic_row_003367,ablation_b_augmented,7,adv_20,0,0.00020723554,0
v3_public_manual_research_synthetic_row_002395,ablation_b_augmented,7,adv_20,0,0.00021307133,0
v3_public_manual_research_synthetic_row_003105,ablation_b_augmented,7,adv_20,0,0.0002613941,0
v3_public_manual_research_synthetic_row_006396,ablation_b_augmented,7,adv_20,1,0.9998491,1
v3_public_manual_research_synthetic_row_010117,ablation_b_augmented,7,adv_20,1,0.99984443,1
v3_public_manual_research_synthetic_row_007102,ablation_b_augmented,7,adv_20,1,0.99985635,1
v3_public_manual_research_synthetic_row_009705,ablation_b_augmented,7,adv_20,1,0.9998472,1
v3_public_manual_research_synthetic_row_002882,ablation_b_augmented,7,adv_20,0,0.00036233314,0
v3_public_manual_research_synthetic_row_008429,ablation_b_augmented,7,adv_20,1,0.9997205,1
v3_public_manual_research_synthetic_row_000655,ablation_b_augmented,7,adv_20,0,0.00021536194,0
v3_public_manual_research_synthetic_row_007935,ablation_b_augmented,7,adv_20,1,0.9998273,1
v3_public_manual_research_synthetic_row_005839,ablation_b_augmented,7,adv_20,1,0.9998503,1
v3_public_manual_research_synthetic_row_002409,ablation_b_augmented,7,adv_20,0,0.00032800247,0
v3_public_manual_research_synthetic_row_000894,ablation_b_augmented,7,adv_20,0,0.00018141879,0
v3_public_manual_research_synthetic_row_005552,ablation_b_augmented,7,adv_20,1,0.9998523,1
v3_public_manual_research_synthetic_row_001489,ablation_b_augmented,7,adv_20,0,0.0002265231,0
v3_public_manual_research_synthetic_row_000079,ablation_b_augmented,7,adv_20,0,0.0005870921,0
v3_public_manual_research_synthetic_row_007387,ablation_b_augmented,7,adv_20,1,0.9998319,1
v3_public_manual_research_synthetic_row_002025,ablation_b_augmented,7,adv_20,0,0.00022644516,0
v3_public_manual_research_synthetic_row_006435,ablation_b_augmented,7,adv_20,1,0.99985623,1
v3_public_manual_research_synthetic_row_009403,ablation_b_augmented,7,adv_20,1,0.99978584,1
v3_public_manual_research_synthetic_row_004393,ablation_b_augmented,7,adv_20,0,0.00025368115,0
v3_public_manual_research_synthetic_row_009647,ablation_b_augmented,7,adv_20,1,0.99947935,1
v3_public_manual_research_synthetic_row_008771,ablation_b_augmented,7,adv_20,1,0.9998447,1
v3_public_manual_research_synthetic_row_002153,ablation_b_augmented,7,adv_20,0,0.00026876893,0
v3_public_manual_research_synthetic_row_006533,ablation_b_augmented,7,adv_20,1,0.9997762,1
v3_public_manual_research_synthetic_row_009554,ablation_b_augmented,7,adv_20,1,0.9997949,1
v3_public_manual_research_synthetic_row_000608,ablation_b_augmented,7,adv_20,0,0.0003113642,0
v3_public_manual_research_synthetic_row_004726,ablation_b_augmented,7,adv_20,0,0.0002508881,0
v3_public_manual_research_synthetic_row_001896,ablation_b_augmented,7,adv_20,0,0.00025606743,0
v3_public_manual_research_synthetic_row_007392,ablation_b_augmented,7,adv_20,1,0.99983,1
v3_public_manual_research_synthetic_row_004292,ablation_b_augmented,7,adv_20,0,0.0011838824,0
v3_public_manual_research_synthetic_row_007038,ablation_b_augmented,7,adv_20,1,0.99985194,1
v3_public_manual_research_synthetic_row_006784,ablation_b_augmented,7,adv_20,1,0.9998454,1
v3_public_manual_research_synthetic_row_002282,ablation_b_augmented,7,adv_20,0,0.00028235235,0
v3_public_manual_research_synthetic_row_008072,ablation_b_augmented,7,adv_20,1,0.99985564,1
v3_public_manual_research_synthetic_row_005880,ablation_b_augmented,7,adv_20,1,0.9998363,1
v3_public_manual_research_synthetic_row_009897,ablation_b_augmented,7,adv_20,1,0.9997216,1
v3_public_manual_research_synthetic_row_006999,ablation_b_augmented,7,adv_20,1,0.9998516,1
v3_public_manual_research_synthetic_row_010398,ablation_b_augmented,7,adv_20,1,0.99941397,1
v3_public_manual_research_synthetic_row_005525,ablation_b_augmented,7,adv_20,1,0.9996716,1
v3_public_manual_research_synthetic_row_006592,ablation_b_augmented,7,adv_20,1,0.9997837,1
v3_public_manual_research_synthetic_row_002283,ablation_b_augmented,7,adv_20,0,0.0003715761,0
v3_public_manual_research_synthetic_row_003334,ablation_b_augmented,7,adv_20,0,0.0004157039,0
v3_public_manual_research_synthetic_row_001834,ablation_b_augmented,7,adv_20,0,0.0002668646,0
v3_public_manual_research_synthetic_row_009304,ablation_b_augmented,7,adv_20,1,0.9997986,1
v3_public_manual_research_synthetic_row_000339,ablation_b_augmented,7,adv_20,0,0.00021426167,0
v3_public_manual_research_synthetic_row_001478,ablation_b_augmented,7,adv_20,0,0.00025487735,0
v3_public_manual_research_synthetic_row_002962,ablation_b_augmented,7,adv_20,0,0.00021044737,0
v3_public_manual_research_synthetic_row_002745,ablation_b_augmented,7,adv_20,0,0.00045125105,0
v3_public_manual_research_synthetic_row_005604,ablation_b_augmented,7,adv_20,1,0.99984455,1
v3_public_manual_research_synthetic_row_004298,ablation_b_augmented,7,adv_20,0,0.0002973228,0
v3_public_manual_research_synthetic_row_005075,ablation_b_augmented,7,adv_20,0,0.00023493907,0
v3_public_manual_research_synthetic_row_005837,ablation_b_augmented,7,adv_20,1,0.9998281,1
v3_public_manual_research_synthetic_row_001000,ablation_b_augmented,7,adv_20,0,0.00019948797,0
v3_public_manual_research_synthetic_row_007584,ablation_b_augmented,7,adv_20,1,0.9998398,1
v3_public_manual_research_synthetic_row_009103,ablation_b_augmented,7,adv_20,1,0.9998405,1
v3_public_manual_research_synthetic_row_007559,ablation_b_augmented,7,adv_20,1,0.99981946,1
v3_public_manual_research_synthetic_row_000697,ablation_b_augmented,7,adv_20,0,0.00025831434,0
v3_public_manual_research_synthetic_row_003450,ablation_b_augmented,7,adv_20,0,0.00021408669,0
v3_public_manual_research_synthetic_row_003679,ablation_b_augmented,7,adv_20,0,0.00018536374,0
v3_public_manual_research_synthetic_row_009408,ablation_b_augmented,7,adv_20,1,0.9994947,1
v3_public_manual_research_synthetic_row_003089,ablation_b_augmented,7,adv_20,0,0.0002689089,0
v3_public_manual_research_synthetic_row_008430,ablation_b_augmented,7,adv_20,1,0.9998491,1
v3_public_manual_research_synthetic_row_005330,ablation_b_augmented,7,adv_20,1,0.9998128,1
v3_public_manual_research_synthetic_row_000328,ablation_b_augmented,7,adv_20,0,0.00025260542,0
v3_public_manual_research_synthetic_row_001008,ablation_b_augmented,7,adv_20,0,0.00022667652,0
v3_public_manual_research_synthetic_row_004962,ablation_b_augmented,7,adv_20,0,0.00019222934,0
v3_public_manual_research_synthetic_row_002795,ablation_b_augmented,7,adv_20,0,0.00043778028,0
v3_public_manual_research_synthetic_row_004595,ablation_b_augmented,7,adv_20,0,0.0012248695,0
v3_public_manual_research_synthetic_row_004359,ablation_b_augmented,7,adv_20,0,0.00021508205,0
v3_public_manual_research_synthetic_row_008721,ablation_b_augmented,7,adv_20,1,0.9998553,1
v3_public_manual_research_synthetic_row_010046,ablation_b_augmented,7,adv_20,1,0.99974984,1
v3_public_manual_research_synthetic_row_006415,ablation_b_augmented,7,adv_20,1,0.99983704,1
v3_public_manual_research_synthetic_row_004323,ablation_b_augmented,7,adv_20,0,0.0002066647,0
v3_public_manual_research_synthetic_row_000368,ablation_b_augmented,7,adv_20,0,0.00040464423,0
v3_public_manual_research_synthetic_row_006404,ablation_b_augmented,7,adv_20,1,0.99983,1
v3_public_manual_research_synthetic_row_002872,ablation_b_augmented,7,adv_20,0,0.00024563257,0
v3_public_manual_research_synthetic_row_001181,ablation_b_augmented,7,adv_20,0,0.00024299363,0
v3_public_manual_research_synthetic_row_006652,ablation_b_augmented,7,adv_20,1,0.9998385,1
v3_public_manual_research_synthetic_row_009634,ablation_b_augmented,7,adv_20,1,0.9998067,1
v3_public_manual_research_synthetic_row_005848,ablation_b_augmented,7,adv_20,1,0.9998354,1
v3_public_manual_research_synthetic_row_004918,ablation_b_augmented,7,adv_20,0,0.00021491623,0
v3_public_manual_research_synthetic_row_003449,ablation_b_augmented,7,adv_20,0,0.00022306769,0
v3_public_manual_research_synthetic_row_008329,ablation_b_augmented,7,adv_20,1,0.99984384,1
v3_public_manual_research_synthetic_row_000708,ablation_b_augmented,7,adv_20,0,0.00020760437,0
v3_public_manual_research_synthetic_row_002701,ablation_b_augmented,7,adv_20,0,0.00023331374,0
v3_public_manual_research_synthetic_row_004540,ablation_b_augmented,7,adv_20,0,0.00040744417,0
v3_public_manual_research_synthetic_row_005144,ablation_b_augmented,7,adv_20,0,0.00031531064,0
v3_public_manual_research_synthetic_row_008386,ablation_b_augmented,7,adv_20,1,0.99985826,1
v3_public_manual_research_synthetic_row_009724,ablation_b_augmented,7,adv_20,1,0.99983525,1
v3_public_manual_research_synthetic_row_009176,ablation_b_augmented,7,adv_20,1,0.9998166,1
v3_public_manual_research_synthetic_row_004307,ablation_b_augmented,7,adv_20,0,0.00020701633,0
v3_public_manual_research_synthetic_row_009287,ablation_b_augmented,7,adv_20,1,0.999811,1
v3_public_manual_research_synthetic_row_002298,ablation_b_augmented,7,adv_20,0,0.00020921737,0
v3_public_manual_research_synthetic_row_001898,ablation_b_augmented,7,adv_20,0,0.0002348853,0
v3_public_manual_research_synthetic_row_000270,ablation_b_augmented,7,adv_20,0,0.00023432565,0
v3_public_manual_research_synthetic_row_005976,ablation_b_augmented,7,adv_20,1,0.9998456,1
v3_public_manual_research_synthetic_row_004073,ablation_b_augmented,7,adv_20,0,0.00021514276,0
v3_public_manual_research_synthetic_row_004484,ablation_b_augmented,7,adv_20,0,0.00024555487,0
v3_public_manual_research_synthetic_row_002433,ablation_b_augmented,7,adv_20,0,0.0002286542,0
v3_public_manual_research_synthetic_row_000726,ablation_b_augmented,7,adv_20,0,0.00033298213,0
v3_public_manual_research_synthetic_row_005531,ablation_b_augmented,7,adv_20,1,0.9997913,1
v3_public_manual_research_synthetic_row_005614,ablation_b_augmented,7,adv_20,1,0.999845,1
v3_public_manual_research_synthetic_row_006235,ablation_b_augmented,7,adv_20,1,0.9997842,1
v3_public_manual_research_synthetic_row_004421,ablation_b_augmented,7,adv_20,0,0.00033208367,0
v3_public_manual_research_synthetic_row_010200,ablation_b_augmented,7,adv_20,1,0.9998486,1
v3_public_manual_research_synthetic_row_010009,ablation_b_augmented,7,adv_20,1,0.99979526,1
v3_public_manual_research_synthetic_row_001749,ablation_b_augmented,7,adv_20,0,0.00019964213,0
v3_public_manual_research_synthetic_row_006491,ablation_b_augmented,7,adv_20,1,0.99985003,1
v3_public_manual_research_synthetic_row_005391,ablation_b_augmented,7,adv_20,1,0.99966455,1
v3_public_manual_research_synthetic_row_004791,ablation_b_augmented,7,adv_20,0,0.00026276542,0
v3_public_manual_research_synthetic_row_000034,ablation_b_augmented,7,adv_20,0,0.99951017,1
v3_public_manual_research_synthetic_row_007110,ablation_b_augmented,7,adv_20,1,0.9997845,1
v3_public_manual_research_synthetic_row_007654,ablation_b_augmented,7,adv_20,1,0.99981004,1
v3_public_manual_research_synthetic_row_009027,ablation_b_augmented,7,adv_20,1,0.9997836,1
v3_public_manual_research_synthetic_row_000732,ablation_b_augmented,7,adv_20,0,0.00037087844,0
v3_public_manual_research_synthetic_row_001483,ablation_b_augmented,7,adv_20,0,0.00039371933,0
v3_public_manual_research_synthetic_row_001408,ablation_b_augmented,7,adv_20,0,0.0002079481,0
v3_public_manual_research_synthetic_row_001685,ablation_b_augmented,7,adv_20,0,0.00023875126,0
v3_public_manual_research_synthetic_row_005092,ablation_b_augmented,7,adv_20,0,0.08714648,0
v3_public_manual_research_synthetic_row_000181,ablation_b_augmented,7,adv_20,0,0.00032699833,0
v3_public_manual_research_synthetic_row_007660,ablation_b_augmented,7,adv_20,1,0.99985397,1
v3_public_manual_research_synthetic_row_007476,ablation_b_augmented,7,adv_20,1,0.9998233,1
v3_public_manual_research_synthetic_row_000776,ablation_b_augmented,7,adv_20,0,0.0004734538,0
v3_public_manual_research_synthetic_row_007166,ablation_b_augmented,7,adv_20,1,0.9995425,1
v3_public_manual_research_synthetic_row_005081,ablation_b_augmented,7,adv_20,0,0.000249813,0
v3_public_manual_research_synthetic_row_000604,ablation_b_augmented,7,adv_20,0,0.00020763231,0
v3_public_manual_research_synthetic_row_001962,ablation_b_augmented,7,adv_20,0,0.00028988795,0
v3_public_manual_research_synthetic_row_003622,ablation_b_augmented,7,adv_20,0,0.00023117359,0
v3_public_manual_research_synthetic_row_008028,ablation_b_augmented,7,adv_20,1,0.9998178,1
v3_public_manual_research_synthetic_row_001627,ablation_b_augmented,7,adv_20,0,0.00042503612,0
v3_public_manual_research_synthetic_row_005819,ablation_b_augmented,7,adv_20,1,0.9993648,1
v3_public_manual_research_synthetic_row_003639,ablation_b_augmented,7,adv_20,0,0.00021388856,0
v3_public_manual_research_synthetic_row_005368,ablation_b_augmented,7,adv_20,1,0.9998388,1
v3_public_manual_research_synthetic_row_006092,ablation_b_augmented,7,adv_20,1,0.9997123,1
v3_public_manual_research_synthetic_row_008134,ablation_b_augmented,7,adv_20,1,0.99985003,1
v3_public_manual_research_synthetic_row_000414,ablation_b_augmented,7,adv_20,0,0.00023374773,0
v3_public_manual_research_synthetic_row_002540,ablation_b_augmented,7,adv_20,0,0.00022970332,0
v3_public_manual_research_synthetic_row_004575,ablation_b_augmented,7,adv_20,0,0.000211658,0
v3_public_manual_research_synthetic_row_007648,ablation_b_augmented,7,adv_20,1,0.99983275,1
v3_public_manual_research_synthetic_row_003952,ablation_b_augmented,7,adv_20,0,0.00036502408,0
v3_public_manual_research_synthetic_row_005771,ablation_b_augmented,7,adv_20,1,0.9998357,1
v3_public_manual_research_synthetic_row_002333,ablation_b_augmented,7,adv_20,0,0.0008005668,0
v3_public_manual_research_synthetic_row_000160,ablation_b_augmented,7,adv_20,0,0.00023942078,0
v3_public_manual_research_synthetic_row_001279,ablation_b_augmented,7,adv_20,0,0.00024966872,0
v3_public_manual_research_synthetic_row_009062,ablation_b_augmented,7,adv_20,1,0.9998442,1
v3_public_manual_research_synthetic_row_003452,ablation_b_augmented,7,adv_20,0,0.0002603579,0
v3_public_manual_research_synthetic_row_001711,ablation_b_augmented,7,adv_20,0,0.00021546609,0
v3_public_manual_research_synthetic_row_000054,ablation_b_augmented,7,adv_20,0,0.00031808933,0
v3_public_manual_research_synthetic_row_009675,ablation_b_augmented,7,adv_20,1,0.9998454,1
v3_public_manual_research_synthetic_row_006375,ablation_b_augmented,7,adv_20,1,0.9998462,1
v3_public_manual_research_synthetic_row_000825,ablation_b_augmented,7,adv_20,0,0.00018580417,0
v3_public_manual_research_synthetic_row_001081,ablation_b_augmented,7,adv_20,0,0.00022754917,0
v3_public_manual_research_synthetic_row_005985,ablation_b_augmented,7,adv_20,1,0.99983585,1
v3_public_manual_research_synthetic_row_002450,ablation_b_augmented,7,adv_20,0,0.00023490793,0
v3_public_manual_research_synthetic_row_003780,ablation_b_augmented,7,adv_20,0,0.0002891656,0
v3_public_manual_research_synthetic_row_007083,ablation_b_augmented,7,adv_20,1,0.99981815,1
v3_public_manual_research_synthetic_row_009310,ablation_b_augmented,7,adv_20,1,0.99975747,1
v3_public_manual_research_synthetic_row_003806,ablation_b_augmented,7,adv_20,0,0.0005335992,0
v3_public_manual_research_synthetic_row_010535,ablation_b_augmented,7,adv_20,1,0.9998387,1
v3_public_manual_research_synthetic_row_005233,ablation_b_augmented,7,adv_20,0,0.01540233,0
v3_public_manual_research_synthetic_row_005222,ablation_b_augmented,7,adv_20,0,0.00020970844,0
v3_public_manual_research_synthetic_row_001773,ablation_b_augmented,7,adv_20,0,0.00021946654,0
v3_public_manual_research_synthetic_row_002543,ablation_b_augmented,7,adv_20,0,0.00029736452,0
v3_public_manual_research_synthetic_row_005028,ablation_b_augmented,7,adv_20,0,0.00025226802,0
v3_public_manual_research_synthetic_row_001329,ablation_b_augmented,7,adv_20,0,0.00024779927,0
v3_public_manual_research_synthetic_row_005246,ablation_b_augmented,7,adv_20,0,0.00020720629,0
v3_public_manual_research_synthetic_row_006755,ablation_b_augmented,7,adv_20,1,0.99985707,1
v3_public_manual_research_synthetic_row_001686,ablation_b_augmented,7,adv_20,0,0.0003078901,0
v3_public_manual_research_synthetic_row_007012,ablation_b_augmented,7,adv_20,1,0.9997565,1
v3_public_manual_research_synthetic_row_006447,ablation_b_augmented,7,adv_20,1,0.99981767,1
v3_public_manual_research_synthetic_row_006510,ablation_b_augmented,7,adv_20,1,0.99985325,1
v3_public_manual_research_synthetic_row_002644,ablation_b_augmented,7,adv_20,0,0.00022606915,0
v3_public_manual_research_synthetic_row_008588,ablation_b_augmented,7,adv_20,1,0.9997527,1
v3_public_manual_research_synthetic_row_000756,ablation_b_augmented,7,adv_20,0,0.0002927813,0
v3_public_manual_research_synthetic_row_002991,ablation_b_augmented,7,adv_20,0,0.00021244751,0
v3_public_manual_research_synthetic_row_000763,ablation_b_augmented,7,adv_20,0,0.0002238887,0
v3_public_manual_research_synthetic_row_004418,ablation_b_augmented,7,adv_20,0,0.0002596012,0
v3_public_manual_research_synthetic_row_001755,ablation_b_augmented,7,adv_20,0,0.0002461331,0
v3_public_manual_research_synthetic_row_007999,ablation_b_augmented,7,adv_20,1,0.9998573,1
v3_public_manual_research_synthetic_row_002417,ablation_b_augmented,7,adv_20,0,0.0014198323,0
v3_public_manual_research_synthetic_row_006770,ablation_b_augmented,7,adv_20,1,0.99981266,1
v3_public_manual_research_synthetic_row_000577,ablation_b_augmented,7,adv_20,0,0.00031269423,0
v3_public_manual_research_synthetic_row_002530,ablation_b_augmented,7,adv_20,0,0.00020060153,0
v3_public_manual_research_synthetic_row_007029,ablation_b_augmented,7,adv_20,1,0.9997476,1
v3_public_manual_research_synthetic_row_006520,ablation_b_augmented,7,adv_20,1,0.9998357,1
v3_public_manual_research_synthetic_row_001789,ablation_b_augmented,7,adv_20,0,0.00024727362,0
v3_public_manual_research_synthetic_row_009066,ablation_b_augmented,7,adv_20,1,0.99981207,1
v3_public_manual_research_synthetic_row_008695,ablation_b_augmented,7,adv_20,1,0.9997634,1
v3_public_manual_research_synthetic_row_006313,ablation_b_augmented,7,adv_20,1,0.9997979,1
v3_public_manual_research_synthetic_row_008230,ablation_b_augmented,7,adv_20,1,0.99934477,1
v3_public_manual_research_synthetic_row_003052,ablation_b_augmented,7,adv_20,0,0.00019926463,0
v3_public_manual_research_synthetic_row_000832,ablation_b_augmented,7,adv_20,0,0.00018893486,0
v3_public_manual_research_synthetic_row_003152,ablation_b_augmented,7,adv_20,0,0.00047184364,0
v3_public_manual_research_synthetic_row_008822,ablation_b_augmented,7,adv_20,1,0.9998115,1
v3_public_manual_research_synthetic_row_004573,ablation_b_augmented,7,adv_20,0,0.00019421909,0
v3_public_manual_research_synthetic_row_007260,ablation_b_augmented,7,adv_20,1,0.9997224,1
v3_public_manual_research_synthetic_row_002446,ablation_b_augmented,7,adv_20,0,0.00022542216,0
v3_public_manual_research_synthetic_row_009177,ablation_b_augmented,7,adv_20,1,0.9998062,1
v3_public_manual_research_synthetic_row_000844,ablation_b_augmented,7,adv_20,0,0.00026339575,0
v3_public_manual_research_synthetic_row_007274,ablation_b_augmented,7,adv_20,1,0.99982965,1
v3_public_manual_research_synthetic_row_009159,ablation_b_augmented,7,adv_20,1,0.9998211,1
v3_public_manual_research_synthetic_row_003460,ablation_b_augmented,7,adv_20,0,0.000788065,0
v3_public_manual_research_synthetic_row_008613,ablation_b_augmented,7,adv_20,1,0.9998274,1
v3_public_manual_research_synthetic_row_008160,ablation_b_augmented,7,adv_20,1,0.99984884,1
v3_public_manual_research_synthetic_row_001839,ablation_b_augmented,7,adv_20,0,0.0003074979,0
v3_public_manual_research_synthetic_row_004240,ablation_b_augmented,7,adv_20,0,0.0002969656,0
v3_public_manual_research_synthetic_row_006156,ablation_b_augmented,7,adv_20,1,0.9998479,1
v3_public_manual_research_synthetic_row_002315,ablation_b_augmented,7,adv_20,0,0.00027956627,0
v3_public_manual_research_synthetic_row_006860,ablation_b_augmented,7,adv_20,1,0.99981505,1
v3_public_manual_research_synthetic_row_004184,ablation_b_augmented,7,adv_20,0,0.0004246317,0
v3_public_manual_research_synthetic_row_009589,ablation_b_augmented,7,adv_20,1,0.9995079,1
v3_public_manual_research_synthetic_row_000586,ablation_b_augmented,7,adv_20,0,0.00027551147,0
v3_public_manual_research_synthetic_row_007285,ablation_b_augmented,7,adv_20,1,0.9998122,1
v3_public_manual_research_synthetic_row_009513,ablation_b_augmented,7,adv_20,1,0.9997954,1
v3_public_manual_research_synthetic_row_000419,ablation_b_augmented,7,adv_20,0,0.00024353617,0
v3_public_manual_research_synthetic_row_010454,ablation_b_augmented,7,adv_20,1,0.9998348,1
v3_public_manual_research_synthetic_row_000888,ablation_b_augmented,7,adv_20,0,0.00018488485,0
v3_public_manual_research_synthetic_row_006232,ablation_b_augmented,7,adv_20,1,0.9998455,1
v3_public_manual_research_synthetic_row_000902,ablation_b_augmented,7,adv_20,0,0.00022941505,0
v3_public_manual_research_synthetic_row_008295,ablation_b_augmented,7,adv_20,1,0.99984014,1
v3_public_manual_research_synthetic_row_004632,ablation_b_augmented,7,adv_20,0,0.00022692175,0
v3_public_manual_research_synthetic_row_003348,ablation_b_augmented,7,adv_20,0,0.00036688743,0
v3_public_manual_research_synthetic_row_000171,ablation_b_augmented,7,adv_20,0,0.0002712997,0
v3_public_manual_research_synthetic_row_002710,ablation_b_augmented,7,adv_20,0,0.00025173198,0
v3_public_manual_research_synthetic_row_006380,ablation_b_augmented,7,adv_20,1,0.99980134,1
v3_public_manual_research_synthetic_row_003717,ablation_b_augmented,7,adv_20,0,0.00024104243,0
v3_public_manual_research_synthetic_row_002825,ablation_b_augmented,7,adv_20,0,0.000254727,0
v3_public_manual_research_synthetic_row_002886,ablation_b_augmented,7,adv_20,0,0.0002590224,0
v3_public_manual_research_synthetic_row_002815,ablation_b_augmented,7,adv_20,0,0.00024090435,0
v3_public_manual_research_synthetic_row_001575,ablation_b_augmented,7,adv_20,0,0.00022309663,0
v3_public_manual_research_synthetic_row_001270,ablation_b_augmented,7,adv_20,0,0.0002006067,0
v3_public_manual_research_synthetic_row_001130,ablation_b_augmented,7,adv_20,0,0.00023814084,0
v3_public_manual_research_synthetic_row_007436,ablation_b_augmented,7,adv_20,1,0.99981326,1
v3_public_manual_research_synthetic_row_001470,ablation_b_augmented,7,adv_20,0,0.00018866229,0
v3_public_manual_research_synthetic_row_005699,ablation_b_augmented,7,adv_20,1,0.99980074,1
v3_public_manual_research_synthetic_row_009632,ablation_b_augmented,7,adv_20,1,0.9996026,1
v3_public_manual_research_synthetic_row_006277,ablation_b_augmented,7,adv_20,1,0.999851,1
v3_public_manual_research_synthetic_row_010388,ablation_b_augmented,7,adv_20,1,0.9997906,1
v3_public_manual_research_synthetic_row_003101,ablation_b_augmented,7,adv_20,0,0.00018174342,0
v3_public_manual_research_synthetic_row_005031,ablation_b_augmented,7,adv_20,0,0.00021379742,0
v3_public_manual_research_synthetic_row_004720,ablation_b_augmented,7,adv_20,0,0.00024358375,0
v3_public_manual_research_synthetic_row_002526,ablation_b_augmented,7,adv_20,0,0.0001939602,0
v3_public_manual_research_synthetic_row_005022,ablation_b_augmented,7,adv_20,0,0.00021958794,0
v3_public_manual_research_synthetic_row_004380,ablation_b_augmented,7,adv_20,0,0.00018440772,0
v3_public_manual_research_synthetic_row_009657,ablation_b_augmented,7,adv_20,1,0.9997924,1
v3_public_manual_research_synthetic_row_001374,ablation_b_augmented,7,adv_20,0,0.00024922684,0
v3_public_manual_research_synthetic_row_002156,ablation_b_augmented,7,adv_20,0,0.00018306854,0
v3_public_manual_research_synthetic_row_003502,ablation_b_augmented,7,adv_20,0,0.00021408606,0
v3_public_manual_research_synthetic_row_002044,ablation_b_augmented,7,adv_20,0,0.0002261888,0
v3_public_manual_research_synthetic_row_009456,ablation_b_augmented,7,adv_20,1,0.9998381,1
v3_public_manual_research_synthetic_row_004989,ablation_b_augmented,7,adv_20,0,0.00022309642,0
v3_public_manual_research_synthetic_row_005619,ablation_b_augmented,7,adv_20,1,0.9998504,1
v3_public_manual_research_synthetic_row_003021,ablation_b_augmented,7,adv_20,0,0.00041906303,0
v3_public_manual_research_synthetic_row_005134,ablation_b_augmented,7,adv_20,0,0.0023078858,0
v3_public_manual_research_synthetic_row_006410,ablation_b_augmented,7,adv_20,1,0.9998336,1
v3_public_manual_research_synthetic_row_006828,ablation_b_augmented,7,adv_20,1,0.99984646,1
v3_public_manual_research_synthetic_row_006053,ablation_b_augmented,7,adv_20,1,0.9997216,1
v3_public_manual_research_synthetic_row_004738,ablation_b_augmented,7,adv_20,0,0.00024349205,0
v3_public_manual_research_synthetic_row_004052,ablation_b_augmented,7,adv_20,0,0.00021405301,0
v3_public_manual_research_synthetic_row_000408,ablation_b_augmented,7,adv_20,0,0.0002553536,0
v3_public_manual_research_synthetic_row_003804,ablation_b_augmented,7,adv_20,0,0.019406237,0
v3_public_manual_research_synthetic_row_008261,ablation_b_augmented,7,adv_20,1,0.99981576,1
v3_public_manual_research_synthetic_row_007416,ablation_b_augmented,7,adv_20,1,0.9998405,1
v3_public_manual_research_synthetic_row_003117,ablation_b_augmented,7,adv_20,0,0.00021605898,0
v3_public_manual_research_synthetic_row_009035,ablation_b_augmented,7,adv_20,1,0.99978656,1
v3_public_manual_research_synthetic_row_009764,ablation_b_augmented,7,adv_20,1,0.0053281123,0
v3_public_manual_research_synthetic_row_009358,ablation_b_augmented,7,adv_20,1,0.99968076,1
v3_public_manual_research_synthetic_row_006197,ablation_b_augmented,7,adv_20,1,0.9997278,1
v3_public_manual_research_synthetic_row_002008,ablation_b_augmented,7,adv_20,0,0.00031662974,0
v3_public_manual_research_synthetic_row_009614,ablation_b_augmented,7,adv_20,1,0.9997482,1
v3_public_manual_research_synthetic_row_008166,ablation_b_augmented,7,adv_20,1,0.9998461,1
v3_public_manual_research_synthetic_row_002485,ablation_b_augmented,7,adv_20,0,0.00026908916,0
v3_public_manual_research_synthetic_row_003579,ablation_b_augmented,7,adv_20,0,0.0003799277,0
v3_public_manual_research_synthetic_row_005769,ablation_b_augmented,7,adv_20,1,0.9997925,1
v3_public_manual_research_synthetic_row_004457,ablation_b_augmented,7,adv_20,0,0.00028569656,0
v3_public_manual_research_synthetic_row_002114,ablation_b_augmented,7,adv_20,0,0.00021727059,0
v3_public_manual_research_synthetic_row_006239,ablation_b_augmented,7,adv_20,1,0.99985003,1
v3_public_manual_research_synthetic_row_005505,ablation_b_augmented,7,adv_20,1,0.9998191,1
v3_public_manual_research_synthetic_row_003330,ablation_b_augmented,7,adv_20,0,0.98918265,1
v3_public_manual_research_synthetic_row_007827,ablation_b_augmented,7,adv_20,1,0.99973255,1
v3_public_manual_research_synthetic_row_000641,ablation_b_augmented,7,adv_20,0,0.00034741455,0
v3_public_manual_research_synthetic_row_000274,ablation_b_augmented,7,adv_20,0,0.00036761846,0
v3_public_manual_research_synthetic_row_002685,ablation_b_augmented,7,adv_20,0,0.00041196885,0
v3_public_manual_research_synthetic_row_001987,ablation_b_augmented,7,adv_20,0,0.00023335002,0
v3_public_manual_research_synthetic_row_007549,ablation_b_augmented,7,adv_20,1,0.9998443,1
v3_public_manual_research_synthetic_row_003444,ablation_b_augmented,7,adv_20,0,0.00022710484,0
v3_public_manual_research_synthetic_row_001336,ablation_b_augmented,7,adv_20,0,0.00018512316,0
v3_public_manual_research_synthetic_row_003548,ablation_b_augmented,7,adv_20,0,0.00025308444,0
v3_public_manual_research_synthetic_row_003026,ablation_b_augmented,7,adv_20,0,0.00035673706,0
v3_public_manual_research_synthetic_row_005558,ablation_b_augmented,7,adv_20,1,0.9997191,1
v3_public_manual_research_synthetic_row_005579,ablation_b_augmented,7,adv_20,1,0.9998355,1
v3_public_manual_research_synthetic_row_002233,ablation_b_augmented,7,adv_20,0,0.00023293034,0
v3_public_manual_research_synthetic_row_003327,ablation_b_augmented,7,adv_20,0,0.00027283738,0
v3_public_manual_research_synthetic_row_006392,ablation_b_augmented,7,adv_20,1,0.99985564,1
v3_public_manual_research_synthetic_row_006280,ablation_b_augmented,7,adv_20,1,0.99984145,1
v3_public_manual_research_synthetic_row_006408,ablation_b_augmented,7,adv_20,1,0.9998543,1
v3_public_manual_research_synthetic_row_000617,ablation_b_augmented,7,adv_20,0,0.00023537627,0
v3_public_manual_research_synthetic_row_005978,ablation_b_augmented,7,adv_20,1,0.9998461,1
v3_public_manual_research_synthetic_row_008841,ablation_b_augmented,7,adv_20,1,0.9998436,1
v3_public_manual_research_synthetic_row_006858,ablation_b_augmented,7,adv_20,1,0.9998191,1
v3_public_manual_research_synthetic_row_008711,ablation_b_augmented,7,adv_20,1,0.99982554,1
v3_public_manual_research_synthetic_row_009028,ablation_b_augmented,7,adv_20,1,0.9998235,1
v3_public_manual_research_synthetic_row_000596,ablation_b_augmented,7,adv_20,0,0.00020523377,0
v3_public_manual_research_synthetic_row_009612,ablation_b_augmented,7,adv_20,1,0.99959296,1
v3_public_manual_research_synthetic_row_003706,ablation_b_augmented,7,adv_20,0,0.00020495491,0
v3_public_manual_research_synthetic_row_004975,ablation_b_augmented,7,adv_20,0,0.00020014319,0
v3_public_manual_research_synthetic_row_007598,ablation_b_augmented,7,adv_20,1,0.99983335,1
v3_public_manual_research_synthetic_row_001663,ablation_b_augmented,7,adv_20,0,0.00026887245,0
v3_public_manual_research_synthetic_row_004932,ablation_b_augmented,7,adv_20,0,0.00019292819,0
v3_public_manual_research_synthetic_row_003292,ablation_b_augmented,7,adv_20,0,0.00020564416,0
v3_public_manual_research_synthetic_row_003948,ablation_b_augmented,7,adv_20,0,0.9993736,1
v3_public_manual_research_synthetic_row_000866,ablation_b_augmented,7,adv_20,0,0.00019757892,0
v3_public_manual_research_synthetic_row_009795,ablation_b_augmented,7,adv_20,1,0.9994748,1
v3_public_manual_research_synthetic_row_008817,ablation_b_augmented,7,adv_20,1,0.99984634,1
v3_public_manual_research_synthetic_row_000929,ablation_b_augmented,7,adv_20,0,0.000386156,0
v3_public_manual_research_synthetic_row_000973,ablation_b_augmented,7,adv_20,0,0.0002373391,0
v3_public_manual_research_synthetic_row_004915,ablation_b_augmented,7,adv_20,0,0.00021032902,0
v3_public_manual_research_synthetic_row_007547,ablation_b_augmented,7,adv_20,1,0.9998031,1
v3_public_manual_research_synthetic_row_006730,ablation_b_augmented,7,adv_20,1,0.99965334,1
v3_public_manual_research_synthetic_row_006554,ablation_b_augmented,7,adv_20,1,0.99983823,1
v3_public_manual_research_synthetic_row_010491,ablation_b_augmented,7,adv_20,1,0.9998543,1
v3_public_manual_research_synthetic_row_008596,ablation_b_augmented,7,adv_20,1,0.9998472,1
v3_public_manual_research_synthetic_row_009609,ablation_b_augmented,7,adv_20,1,0.9985153,1
v3_public_manual_research_synthetic_row_008016,ablation_b_augmented,7,adv_20,1,0.99985814,1
v3_public_manual_research_synthetic_row_001060,ablation_b_augmented,7,adv_20,0,0.00026154367,0
v3_public_manual_research_synthetic_row_007842,ablation_b_augmented,7,adv_20,1,0.9997832,1
v3_public_manual_research_synthetic_row_004517,ablation_b_augmented,7,adv_20,0,0.00030492272,0
v3_public_manual_research_synthetic_row_000700,ablation_b_augmented,7,adv_20,0,0.00024431178,0
v3_public_manual_research_synthetic_row_000039,ablation_b_augmented,7,adv_20,0,0.0002543491,0
v3_public_manual_research_synthetic_row_006700,ablation_b_augmented,7,adv_20,1,0.9998442,1
v3_public_manual_research_synthetic_row_004347,ablation_b_augmented,7,adv_20,0,0.00046078005,0
v3_public_manual_research_synthetic_row_005018,ablation_b_augmented,7,adv_20,0,0.0001748053,0
v3_public_manual_research_synthetic_row_009969,ablation_b_augmented,7,adv_20,1,0.9997228,1
v3_public_manual_research_synthetic_row_008730,ablation_b_augmented,7,adv_20,1,0.9997408,1
v3_public_manual_research_synthetic_row_007909,ablation_b_augmented,7,adv_20,1,0.99980634,1
v3_public_manual_research_synthetic_row_003708,ablation_b_augmented,7,adv_20,0,0.00035826533,0
v3_public_manual_research_synthetic_row_002772,ablation_b_augmented,7,adv_20,0,0.00029076592,0
v3_public_manual_research_synthetic_row_000482,ablation_b_augmented,7,adv_20,0,0.00022813398,0
v3_public_manual_research_synthetic_row_009955,ablation_b_augmented,7,adv_20,1,0.9998252,1
v3_public_manual_research_synthetic_row_008315,ablation_b_augmented,7,adv_20,1,0.99985135,1
v3_public_manual_research_synthetic_row_002168,ablation_b_augmented,7,adv_20,0,0.00032400282,0
v3_public_manual_research_synthetic_row_009309,ablation_b_augmented,7,adv_20,1,0.9995647,1
v3_public_manual_research_synthetic_row_002218,ablation_b_augmented,7,adv_20,0,0.00027832616,0
v3_public_manual_research_synthetic_row_001851,ablation_b_augmented,7,adv_20,0,0.00030435377,0
v3_public_manual_research_synthetic_row_005912,ablation_b_augmented,7,adv_20,1,0.99984443,1
v3_public_manual_research_synthetic_row_001958,ablation_b_augmented,7,adv_20,0,0.00019799155,0
v3_public_manual_research_synthetic_row_003033,ablation_b_augmented,7,adv_20,0,0.000300052,0
v3_public_manual_research_synthetic_row_000750,ablation_b_augmented,7,adv_20,0,0.00024804013,0
v3_public_manual_research_synthetic_row_000148,ablation_b_augmented,7,adv_20,0,0.000546333,0
v3_public_manual_research_synthetic_row_009012,ablation_b_augmented,7,adv_20,1,0.999846,1
v3_public_manual_research_synthetic_row_004335,ablation_b_augmented,7,adv_20,0,0.00034910874,0
v3_public_manual_research_synthetic_row_008868,ablation_b_augmented,7,adv_20,1,0.9998466,1
v3_public_manual_research_synthetic_row_000605,ablation_b_augmented,7,adv_20,0,0.00018901414,0
v3_public_manual_research_synthetic_row_004839,ablation_b_augmented,7,adv_20,0,0.00025770502,0
v3_public_manual_research_synthetic_row_000420,ablation_b_augmented,7,adv_20,0,0.00021070013,0
v3_public_manual_research_synthetic_row_000279,ablation_b_augmented,7,adv_20,0,0.00031166474,0
v3_public_manual_research_synthetic_row_001226,ablation_b_augmented,7,adv_20,0,0.00022059226,0
v3_public_manual_research_synthetic_row_005629,ablation_b_augmented,7,adv_20,1,0.9998005,1
v3_public_manual_research_synthetic_row_002266,ablation_b_augmented,7,adv_20,0,0.00046876245,0
v3_public_manual_research_synthetic_row_007282,ablation_b_augmented,7,adv_20,1,0.9992943,1
v3_public_manual_research_synthetic_row_006043,ablation_b_augmented,7,adv_20,1,0.99984443,1
v3_public_manual_research_synthetic_row_000646,ablation_b_augmented,7,adv_20,0,0.0003655935,0
v3_public_manual_research_synthetic_row_009116,ablation_b_augmented,7,adv_20,1,0.9997092,1
v3_public_manual_research_synthetic_row_005491,ablation_b_augmented,7,adv_20,1,0.9996481,1
v3_public_manual_research_synthetic_row_006934,ablation_b_augmented,7,adv_20,1,0.99985397,1
v3_public_manual_research_synthetic_row_007548,ablation_b_augmented,7,adv_20,1,0.9998473,1
v3_public_manual_research_synthetic_row_002157,ablation_b_augmented,7,adv_20,0,0.00022470414,0
v3_public_manual_research_synthetic_row_001255,ablation_b_augmented,7,adv_20,0,0.00023464758,0
v3_public_manual_research_synthetic_row_008536,ablation_b_augmented,7,adv_20,1,0.999749,1
v3_public_manual_research_synthetic_row_003958,ablation_b_augmented,7,adv_20,0,0.00023821283,0
v3_public_manual_research_synthetic_row_009599,ablation_b_augmented,7,adv_20,1,0.99110234,1
v3_public_manual_research_synthetic_row_002054,ablation_b_augmented,7,adv_20,0,0.00027656526,0
v3_public_manual_research_synthetic_row_010066,ablation_b_augmented,7,adv_20,1,0.99985397,1
v3_public_manual_research_synthetic_row_003864,ablation_b_augmented,7,adv_20,0,0.0002852287,0
v3_public_manual_research_synthetic_row_001186,ablation_b_augmented,7,adv_20,0,0.00026134824,0
v3_public_manual_research_synthetic_row_006038,ablation_b_augmented,7,adv_20,1,0.99981815,1
v3_public_manual_research_synthetic_row_001860,ablation_b_augmented,7,adv_20,0,0.00022966258,0
v3_public_manual_research_synthetic_row_004689,ablation_b_augmented,7,adv_20,0,0.0003146935,0
v3_public_manual_research_synthetic_row_000275,ablation_b_augmented,7,adv_20,0,0.00036334386,0
v3_public_manual_research_synthetic_row_001163,ablation_b_augmented,7,adv_20,0,0.00022996646,0
v3_public_manual_research_synthetic_row_008738,ablation_b_augmented,7,adv_20,1,0.99971396,1
v3_public_manual_research_synthetic_row_006641,ablation_b_augmented,7,adv_20,1,0.99975556,1
v3_public_manual_research_synthetic_row_006452,ablation_b_augmented,7,adv_20,1,0.99975854,1
v3_public_manual_research_synthetic_row_003917,ablation_b_augmented,7,adv_20,0,0.00024557614,0
v3_public_manual_research_synthetic_row_010453,ablation_b_augmented,7,adv_20,1,0.99983776,1
v3_public_manual_research_synthetic_row_003329,ablation_b_augmented,7,adv_20,0,0.076460764,0
v3_public_manual_research_synthetic_row_003795,ablation_b_augmented,7,adv_20,0,0.00019677839,0
v3_public_manual_research_synthetic_row_006050,ablation_b_augmented,7,adv_20,1,0.9996276,1
v3_public_manual_research_synthetic_row_003377,ablation_b_augmented,7,adv_20,0,0.00031216256,0
v3_public_manual_research_synthetic_row_001160,ablation_b_augmented,7,adv_20,0,0.00020580596,0
v3_public_manual_research_synthetic_row_010165,ablation_b_augmented,7,adv_20,1,0.99981767,1
v3_public_manual_research_synthetic_row_003856,ablation_b_augmented,7,adv_20,0,0.00025487272,0
v3_public_manual_research_synthetic_row_007990,ablation_b_augmented,7,adv_20,1,0.9998505,1
v3_public_manual_research_synthetic_row_010289,ablation_b_augmented,7,adv_20,1,0.99975365,1
v3_public_manual_research_synthetic_row_005943,ablation_b_augmented,7,adv_20,1,0.9996879,1
v3_public_manual_research_synthetic_row_000918,ablation_b_augmented,7,adv_20,0,0.00019547052,0
v3_public_manual_research_synthetic_row_003438,ablation_b_augmented,7,adv_20,0,0.00025202738,0
v3_public_manual_research_synthetic_row_008071,ablation_b_augmented,7,adv_20,1,0.99985373,1
v3_public_manual_research_synthetic_row_009198,ablation_b_augmented,7,adv_20,1,0.9998493,1
v3_public_manual_research_synthetic_row_007115,ablation_b_augmented,7,adv_20,1,0.9997801,1
v3_public_manual_research_synthetic_row_004297,ablation_b_augmented,7,adv_20,0,0.00023218774,0
v3_public_manual_research_synthetic_row_007751,ablation_b_augmented,7,adv_20,1,0.999801,1
v3_public_manual_research_synthetic_row_007093,ablation_b_augmented,7,adv_20,1,0.99984074,1
v3_public_manual_research_synthetic_row_003809,ablation_b_augmented,7,adv_20,0,0.00020158611,0
v3_public_manual_research_synthetic_row_001452,ablation_b_augmented,7,adv_20,0,0.000352984,0
v3_public_manual_research_synthetic_row_007571,ablation_b_augmented,7,adv_20,1,0.9993222,1
v3_public_manual_research_synthetic_row_003394,ablation_b_augmented,7,adv_20,0,0.00022909134,0
v3_public_manual_research_synthetic_row_007189,ablation_b_augmented,7,adv_20,1,0.9998265,1
v3_public_manual_research_synthetic_row_003286,ablation_b_augmented,7,adv_20,0,0.00019554526,0
v3_public_manual_research_synthetic_row_001492,ablation_b_augmented,7,adv_20,0,0.00022570517,0
v3_public_manual_research_synthetic_row_004009,ablation_b_augmented,7,adv_20,0,0.00019298083,0
v3_public_manual_research_synthetic_row_003518,ablation_b_augmented,7,adv_20,0,0.00023487637,0
v3_public_manual_research_synthetic_row_003114,ablation_b_augmented,7,adv_20,0,0.00029563843,0
v3_public_manual_research_synthetic_row_006221,ablation_b_augmented,7,adv_20,1,0.999746,1
v3_public_manual_research_synthetic_row_005125,ablation_b_augmented,7,adv_20,0,0.00055234676,0
v3_public_manual_research_synthetic_row_008178,ablation_b_augmented,7,adv_20,1,0.9998394,1
v3_public_manual_research_synthetic_row_007986,ablation_b_augmented,7,adv_20,1,0.9998424,1
v3_public_manual_research_synthetic_row_007940,ablation_b_augmented,7,adv_20,1,0.99984086,1
v3_public_manual_research_synthetic_row_002303,ablation_b_augmented,7,adv_20,0,0.000231085,0
v3_public_manual_research_synthetic_row_004466,ablation_b_augmented,7,adv_20,0,0.0002915557,0
v3_public_manual_research_synthetic_row_008558,ablation_b_augmented,7,adv_20,1,0.99983144,1
v3_public_manual_research_synthetic_row_005620,ablation_b_augmented,7,adv_20,1,0.9998129,1
v3_public_manual_research_synthetic_row_003201,ablation_b_augmented,7,adv_20,0,0.0002281464,0
v3_public_manual_research_synthetic_row_000911,ablation_b_augmented,7,adv_20,0,0.00022949684,0
v3_public_manual_research_synthetic_row_004474,ablation_b_augmented,7,adv_20,0,0.00042125472,0
v3_public_manual_research_synthetic_row_002577,ablation_b_augmented,7,adv_20,0,0.00052850385,0
v3_public_manual_research_synthetic_row_003739,ablation_b_augmented,7,adv_20,0,0.00023654255,0
v3_public_manual_research_synthetic_row_000890,ablation_b_augmented,7,adv_20,0,0.00019446887,0
v3_public_manual_research_synthetic_row_006669,ablation_b_augmented,7,adv_20,1,0.9998431,1
v3_public_manual_research_synthetic_row_002799,ablation_b_augmented,7,adv_20,0,0.00020124731,0
v3_public_manual_research_synthetic_row_004767,ablation_b_augmented,7,adv_20,0,0.00028270765,0
v3_public_manual_research_synthetic_row_004154,ablation_b_augmented,7,adv_20,0,0.00024047337,0
v3_public_manual_research_synthetic_row_008969,ablation_b_augmented,7,adv_20,1,0.99983644,1
v3_public_manual_research_synthetic_row_008552,ablation_b_augmented,7,adv_20,1,0.9998323,1
v3_public_manual_research_synthetic_row_006319,ablation_b_augmented,7,adv_20,1,0.99983764,1
v3_public_manual_research_synthetic_row_000175,ablation_b_augmented,7,adv_20,0,0.00025431177,0
v3_public_manual_research_synthetic_row_007249,ablation_b_augmented,7,adv_20,1,0.9998553,1
v3_public_manual_research_synthetic_row_005822,ablation_b_augmented,7,adv_20,1,0.99982613,1
v3_public_manual_research_synthetic_row_006821,ablation_b_augmented,7,adv_20,1,0.99984884,1
v3_public_manual_research_synthetic_row_001112,ablation_b_augmented,7,adv_20,0,0.0002327394,0
v3_public_manual_research_synthetic_row_007032,ablation_b_augmented,7,adv_20,1,0.9998443,1
v3_public_manual_research_synthetic_row_001061,ablation_b_augmented,7,adv_20,0,0.00027626718,0
v3_public_manual_research_synthetic_row_000628,ablation_b_augmented,7,adv_20,0,0.000321984,0
v3_public_manual_research_synthetic_row_003170,ablation_b_augmented,7,adv_20,0,0.00035145823,0
v3_public_manual_research_synthetic_row_007854,ablation_b_augmented,7,adv_20,1,0.9998549,1
v3_public_manual_research_synthetic_row_005960,ablation_b_augmented,7,adv_20,1,0.9998357,1
v3_public_manual_research_synthetic_row_005995,ablation_b_augmented,7,adv_20,1,0.99985325,1
v3_public_manual_research_synthetic_row_005585,ablation_b_augmented,7,adv_20,1,0.99981076,1
v3_public_manual_research_synthetic_row_001242,ablation_b_augmented,7,adv_20,0,0.00047103292,0
v3_public_manual_research_synthetic_row_005591,ablation_b_augmented,7,adv_20,1,0.9998405,1
v3_public_manual_research_synthetic_row_007885,ablation_b_augmented,7,adv_20,1,0.9998216,1
v3_public_manual_research_synthetic_row_006900,ablation_b_augmented,7,adv_20,1,0.9998319,1
v3_public_manual_research_synthetic_row_001388,ablation_b_augmented,7,adv_20,0,0.00025516425,0
v3_public_manual_research_synthetic_row_004639,ablation_b_augmented,7,adv_20,0,0.00024784647,0
v3_public_manual_research_synthetic_row_002885,ablation_b_augmented,7,adv_20,0,0.00034210944,0
v3_public_manual_research_synthetic_row_006744,ablation_b_augmented,7,adv_20,1,0.9997969,1
v3_public_manual_research_synthetic_row_002545,ablation_b_augmented,7,adv_20,0,0.00036043362,0
v3_public_manual_research_synthetic_row_000478,ablation_b_augmented,7,adv_20,0,0.00022838645,0
v3_public_manual_research_synthetic_row_000658,ablation_b_augmented,7,adv_20,0,0.00047473505,0
v3_public_manual_research_synthetic_row_008461,ablation_b_augmented,7,adv_20,1,0.99982554,1
v3_public_manual_research_synthetic_row_001323,ablation_b_augmented,7,adv_20,0,0.00024733308,0
v3_public_manual_research_synthetic_row_007572,ablation_b_augmented,7,adv_20,1,0.9996717,1
v3_public_manual_research_synthetic_row_006843,ablation_b_augmented,7,adv_20,1,0.9998246,1
v3_public_manual_research_synthetic_row_002123,ablation_b_augmented,7,adv_20,0,0.99598724,1
v3_public_manual_research_synthetic_row_005369,ablation_b_augmented,7,adv_20,1,0.9998543,1
v3_public_manual_research_synthetic_row_004385,ablation_b_augmented,7,adv_20,0,0.00039354555,0
v3_public_manual_research_synthetic_row_002843,ablation_b_augmented,7,adv_20,0,0.0002825732,0
v3_public_manual_research_synthetic_row_001095,ablation_b_augmented,7,adv_20,0,0.0002377742,0
v3_public_manual_research_synthetic_row_006214,ablation_b_augmented,7,adv_20,1,0.99984026,1
v3_public_manual_research_synthetic_row_005408,ablation_b_augmented,7,adv_20,1,0.9997584,1
v3_public_manual_research_synthetic_row_006820,ablation_b_augmented,7,adv_20,1,0.9998286,1
v3_public_manual_research_synthetic_row_004841,ablation_b_augmented,7,adv_20,0,0.00040386352,0
v3_public_manual_research_synthetic_row_004481,ablation_b_augmented,7,adv_20,0,0.00024062704,0
v3_public_manual_research_synthetic_row_000962,ablation_b_augmented,7,adv_20,0,0.00020003178,0
v3_public_manual_research_synthetic_row_005483,ablation_b_augmented,7,adv_20,1,0.9998217,1
v3_public_manual_research_synthetic_row_005637,ablation_b_augmented,7,adv_20,1,0.8886333,1
v3_public_manual_research_synthetic_row_008685,ablation_b_augmented,7,adv_20,1,0.9998425,1
v3_public_manual_research_synthetic_row_008104,ablation_b_augmented,7,adv_20,1,0.9998336,1
v3_public_manual_research_synthetic_row_004288,ablation_b_augmented,7,adv_20,0,0.00019626197,0
v3_public_manual_research_synthetic_row_005524,ablation_b_augmented,7,adv_20,1,0.99980754,1
v3_public_manual_research_synthetic_row_004267,ablation_b_augmented,7,adv_20,0,0.00035732507,0
v3_public_manual_research_synthetic_row_006270,ablation_b_augmented,7,adv_20,1,0.9614571,1
v3_public_manual_research_synthetic_row_010320,ablation_b_augmented,7,adv_20,1,0.9998392,1
v3_public_manual_research_synthetic_row_008184,ablation_b_augmented,7,adv_20,1,0.9998486,1
v3_public_manual_research_synthetic_row_003799,ablation_b_augmented,7,adv_20,0,0.00045916386,0
v3_public_manual_research_synthetic_row_008563,ablation_b_augmented,7,adv_20,1,0.9998373,1
v3_public_manual_research_synthetic_row_002581,ablation_b_augmented,7,adv_20,0,0.25129977,0
v3_public_manual_research_synthetic_row_009720,ablation_b_augmented,7,adv_20,1,0.99967027,1
v3_public_manual_research_synthetic_row_001758,ablation_b_augmented,7,adv_20,0,0.00026811907,0
v3_public_manual_research_synthetic_row_003940,ablation_b_augmented,7,adv_20,0,0.0002543661,0
v3_public_manual_research_synthetic_row_004124,ablation_b_augmented,7,adv_20,0,0.00021525807,0
v3_public_manual_research_synthetic_row_009652,ablation_b_augmented,7,adv_20,1,0.99982005,1
v3_public_manual_research_synthetic_row_008255,ablation_b_augmented,7,adv_20,1,0.9998165,1
v3_public_manual_research_synthetic_row_005409,ablation_b_augmented,7,adv_20,1,0.99981266,1
v3_public_manual_research_synthetic_row_000812,ablation_b_augmented,7,adv_20,0,0.00019877427,0
v3_public_manual_research_synthetic_row_007090,ablation_b_augmented,7,adv_20,1,0.99984396,1
v3_public_manual_research_synthetic_row_003372,ablation_b_augmented,7,adv_20,0,0.00030837188,0
v3_public_manual_research_synthetic_row_001440,ablation_b_augmented,7,adv_20,0,0.0002498523,0
v3_public_manual_research_synthetic_row_009710,ablation_b_augmented,7,adv_20,1,0.99983084,1
v3_public_manual_research_synthetic_row_001582,ablation_b_augmented,7,adv_20,0,0.00021410016,0
v3_public_manual_research_synthetic_row_001786,ablation_b_augmented,7,adv_20,0,0.0003972436,0
v3_public_manual_research_synthetic_row_002895,ablation_b_augmented,7,adv_20,0,0.00023224996,0
v3_public_manual_research_synthetic_row_008993,ablation_b_augmented,7,adv_20,1,0.9997341,1
v3_public_manual_research_synthetic_row_002305,ablation_b_augmented,7,adv_20,0,0.00019233438,0
v3_public_manual_research_synthetic_row_006298,ablation_b_augmented,7,adv_20,1,0.9998536,1
v3_public_manual_research_synthetic_row_004434,ablation_b_augmented,7,adv_20,0,0.00018713302,0
v3_public_manual_research_synthetic_row_007117,ablation_b_augmented,7,adv_20,1,0.9997125,1
v3_public_manual_research_synthetic_row_006271,ablation_b_augmented,7,adv_20,1,0.9997334,1
v3_public_manual_research_synthetic_row_000952,ablation_b_augmented,7,adv_20,0,0.00020999077,0
v3_public_manual_research_synthetic_row_010103,ablation_b_augmented,7,adv_20,1,0.9812898,1
v3_public_manual_research_synthetic_row_009882,ablation_b_augmented,7,adv_20,1,0.999846,1
v3_public_manual_research_synthetic_row_008271,ablation_b_augmented,7,adv_20,1,0.99981886,1
v3_public_manual_research_synthetic_row_005009,ablation_b_augmented,7,adv_20,0,0.00032417985,0
v3_public_manual_research_synthetic_row_000068,ablation_b_augmented,7,adv_20,0,0.00025178166,0
v3_public_manual_research_synthetic_row_002002,ablation_b_augmented,7,adv_20,0,0.0003320508,0
v3_public_manual_research_synthetic_row_004109,ablation_b_augmented,7,adv_20,0,0.00023632297,0
v3_public_manual_research_synthetic_row_004294,ablation_b_augmented,7,adv_20,0,0.00020488145,0
v3_public_manual_research_synthetic_row_004458,ablation_b_augmented,7,adv_20,0,0.00021317415,0
v3_public_manual_research_synthetic_row_001891,ablation_b_augmented,7,adv_20,0,0.00021271691,0
v3_public_manual_research_synthetic_row_002007,ablation_b_augmented,7,adv_20,0,0.0002677918,0
v3_public_manual_research_synthetic_row_008816,ablation_b_augmented,7,adv_20,1,0.9998462,1
v3_public_manual_research_synthetic_row_006714,ablation_b_augmented,7,adv_20,1,0.99983954,1
v3_public_manual_research_synthetic_row_004851,ablation_b_augmented,7,adv_20,0,0.0002919278,0
v3_public_manual_research_synthetic_row_004511,ablation_b_augmented,7,adv_20,0,0.00039672913,0
v3_public_manual_research_synthetic_row_008347,ablation_b_augmented,7,adv_20,1,0.9997253,1
v3_public_manual_research_synthetic_row_004865,ablation_b_augmented,7,adv_20,0,0.000234428,0
v3_public_manual_research_synthetic_row_003964,ablation_b_augmented,7,adv_20,0,0.0010550166,0
v3_public_manual_research_synthetic_row_006675,ablation_b_augmented,7,adv_20,1,0.99985266,1
v3_public_manual_research_synthetic_row_003790,ablation_b_augmented,7,adv_20,0,0.00019954165,0
v3_public_manual_research_synthetic_row_002306,ablation_b_augmented,7,adv_20,0,0.00036804227,0
v3_public_manual_research_synthetic_row_006425,ablation_b_augmented,7,adv_20,1,0.99978954,1
v3_public_manual_research_synthetic_row_007020,ablation_b_augmented,7,adv_20,1,0.99948174,1
v3_public_manual_research_synthetic_row_007353,ablation_b_augmented,7,adv_20,1,0.9998248,1
v3_public_manual_research_synthetic_row_008908,ablation_b_augmented,7,adv_20,1,0.99985325,1
v3_public_manual_research_synthetic_row_007619,ablation_b_augmented,7,adv_20,1,0.9996376,1
v3_public_manual_research_synthetic_row_009861,ablation_b_augmented,7,adv_20,1,0.99743265,1
v3_public_manual_research_synthetic_row_009463,ablation_b_augmented,7,adv_20,1,0.99979407,1
v3_public_manual_research_synthetic_row_005320,ablation_b_augmented,7,adv_20,1,0.9997805,1
v3_public_manual_research_synthetic_row_003012,ablation_b_augmented,7,adv_20,0,0.00032802369,0
v3_public_manual_research_synthetic_row_001601,ablation_b_augmented,7,adv_20,0,0.00026535222,0
v3_public_manual_research_synthetic_row_006879,ablation_b_augmented,7,adv_20,1,0.99984765,1
v3_public_manual_research_synthetic_row_007290,ablation_b_augmented,7,adv_20,1,0.99984586,1
v3_public_manual_research_synthetic_row_002976,ablation_b_augmented,7,adv_20,0,0.0002740967,0
v3_public_manual_research_synthetic_row_005439,ablation_b_augmented,7,adv_20,1,0.9998417,1
v3_public_manual_research_synthetic_row_006760,ablation_b_augmented,7,adv_20,1,0.9997609,1
v3_public_manual_research_synthetic_row_007033,ablation_b_augmented,7,adv_20,1,0.9998498,1
v3_public_manual_research_synthetic_row_006891,ablation_b_augmented,7,adv_20,1,0.9995334,1
v3_public_manual_research_synthetic_row_006268,ablation_b_augmented,7,adv_20,1,0.99980325,1
v3_public_manual_research_synthetic_row_007442,ablation_b_augmented,7,adv_20,1,0.9998429,1
v3_public_manual_research_synthetic_row_009556,ablation_b_augmented,7,adv_20,1,0.9993492,1
v3_public_manual_research_synthetic_row_005407,ablation_b_augmented,7,adv_20,1,0.99983966,1
v3_public_manual_research_synthetic_row_006057,ablation_b_augmented,7,adv_20,1,0.99985015,1
v3_public_manual_research_synthetic_row_003747,ablation_b_augmented,7,adv_20,0,0.00022241785,0
v3_public_manual_research_synthetic_row_001693,ablation_b_augmented,7,adv_20,0,0.000251159,0
v3_public_manual_research_synthetic_row_003994,ablation_b_augmented,7,adv_20,0,0.00023791823,0
v3_public_manual_research_synthetic_row_005345,ablation_b_augmented,7,adv_20,1,0.9998271,1
v3_public_manual_research_synthetic_row_003463,ablation_b_augmented,7,adv_20,0,0.00030677055,0
v3_public_manual_research_synthetic_row_010042,ablation_b_augmented,7,adv_20,1,0.99983954,1
v3_public_manual_research_synthetic_row_004441,ablation_b_augmented,7,adv_20,0,0.0004230943,0
v3_public_manual_research_synthetic_row_008791,ablation_b_augmented,7,adv_20,1,0.99889934,1
v3_public_manual_research_synthetic_row_009702,ablation_b_augmented,7,adv_20,1,0.9998116,1
v3_public_manual_research_synthetic_row_003978,ablation_b_augmented,7,adv_20,0,0.0002524569,0
v3_public_manual_research_synthetic_row_007149,ablation_b_augmented,7,adv_20,1,0.9998443,1
v3_public_manual_research_synthetic_row_005799,ablation_b_augmented,7,adv_20,1,0.9998367,1
v3_public_manual_research_synthetic_row_004616,ablation_b_augmented,7,adv_20,0,0.0001928206,0
v3_public_manual_research_synthetic_row_007497,ablation_b_augmented,7,adv_20,1,0.99982774,1
v3_public_manual_research_synthetic_row_002090,ablation_b_augmented,7,adv_20,0,0.00018942208,0
v3_public_manual_research_synthetic_row_007813,ablation_b_augmented,7,adv_20,1,0.99981993,1
v3_public_manual_research_synthetic_row_001197,ablation_b_augmented,7,adv_20,0,0.00025845476,0
v3_public_manual_research_synthetic_row_008482,ablation_b_augmented,7,adv_20,1,0.9998062,1
v3_public_manual_research_synthetic_row_006993,ablation_b_augmented,7,adv_20,1,0.99984753,1
v3_public_manual_research_synthetic_row_009172,ablation_b_augmented,7,adv_20,1,0.9998487,1
v3_public_manual_research_synthetic_row_009354,ablation_b_augmented,7,adv_20,1,0.9997856,1
v3_public_manual_research_synthetic_row_002160,ablation_b_augmented,7,adv_20,0,0.00020432097,0
v3_public_manual_research_synthetic_row_004984,ablation_b_augmented,7,adv_20,0,0.0002380893,0
v3_public_manual_research_synthetic_row_009383,ablation_b_augmented,7,adv_20,1,0.99939525,1
v3_public_manual_research_synthetic_row_004586,ablation_b_augmented,7,adv_20,0,0.00027214523,0
v3_public_manual_research_synthetic_row_009628,ablation_b_augmented,7,adv_20,1,0.9998186,1
v3_public_manual_research_synthetic_row_005184,ablation_b_augmented,7,adv_20,0,0.00018217631,0
v3_public_manual_research_synthetic_row_006019,ablation_b_augmented,7,adv_20,1,0.99979216,1
v3_public_manual_research_synthetic_row_003441,ablation_b_augmented,7,adv_20,0,0.0002898926,0
v3_public_manual_research_synthetic_row_010167,ablation_b_augmented,7,adv_20,1,0.9998398,1
v3_public_manual_research_synthetic_row_000908,ablation_b_augmented,7,adv_20,0,0.00023740814,0
v3_public_manual_research_synthetic_row_009275,ablation_b_augmented,7,adv_20,1,0.9998148,1
v3_public_manual_research_synthetic_row_001680,ablation_b_augmented,7,adv_20,0,0.00024144564,0
v3_public_manual_research_synthetic_row_004903,ablation_b_augmented,7,adv_20,0,0.00036109984,0
v3_public_manual_research_synthetic_row_001306,ablation_b_augmented,7,adv_20,0,0.00021348495,0
v3_public_manual_research_synthetic_row_005007,ablation_b_augmented,7,adv_20,0,0.00021939623,0
v3_public_manual_research_synthetic_row_002932,ablation_b_augmented,7,adv_20,0,0.00022566838,0
v3_public_manual_research_synthetic_row_007183,ablation_b_augmented,7,adv_20,1,0.99979097,1
v3_public_manual_research_synthetic_row_006740,ablation_b_augmented,7,adv_20,1,0.9996793,1
v3_public_manual_research_synthetic_row_005348,ablation_b_augmented,7,adv_20,1,0.99982554,1
v3_public_manual_research_synthetic_row_006439,ablation_b_augmented,7,adv_20,1,0.99981767,1
v3_public_manual_research_synthetic_row_008023,ablation_b_augmented,7,adv_20,1,0.9998228,1
v3_public_manual_research_synthetic_row_009136,ablation_b_augmented,7,adv_20,1,0.9998417,1
v3_public_manual_research_synthetic_row_010412,ablation_b_augmented,7,adv_20,1,0.9998436,1
v3_public_manual_research_synthetic_row_002202,ablation_b_augmented,7,adv_20,0,0.0003841183,0
v3_public_manual_research_synthetic_row_005830,ablation_b_augmented,7,adv_20,1,0.99984527,1
v3_public_manual_research_synthetic_row_008061,ablation_b_augmented,7,adv_20,1,0.99984777,1
v3_public_manual_research_synthetic_row_002278,ablation_b_augmented,7,adv_20,0,0.00027906374,0
v3_public_manual_research_synthetic_row_001847,ablation_b_augmented,7,adv_20,0,0.00024932262,0
v3_public_manual_research_synthetic_row_004795,ablation_b_augmented,7,adv_20,0,0.0002222457,0
v3_public_manual_research_synthetic_row_007356,ablation_b_augmented,7,adv_20,1,0.9998215,1
v3_public_manual_research_synthetic_row_001059,ablation_b_augmented,7,adv_20,0,0.0002487193,0
v3_public_manual_research_synthetic_row_006200,ablation_b_augmented,7,adv_20,1,0.99984133,1
v3_public_manual_research_synthetic_row_005313,ablation_b_augmented,7,adv_20,1,0.9998319,1
v3_public_manual_research_synthetic_row_008772,ablation_b_augmented,7,adv_20,1,0.99985087,1
v3_public_manual_research_synthetic_row_009503,ablation_b_augmented,7,adv_20,1,0.9997433,1
v3_public_manual_research_synthetic_row_001565,ablation_b_augmented,7,adv_20,0,0.00022722287,0
v3_public_manual_research_synthetic_row_008041,ablation_b_augmented,7,adv_20,1,0.9998473,1
v3_public_manual_research_synthetic_row_000942,ablation_b_augmented,7,adv_20,0,0.00020947224,0
v3_public_manual_research_synthetic_row_009526,ablation_b_augmented,7,adv_20,1,0.9997042,1
v3_public_manual_research_synthetic_row_009552,ablation_b_augmented,7,adv_20,1,0.999811,1
v3_public_manual_research_synthetic_row_005384,ablation_b_augmented,7,adv_20,1,0.99975055,1
v3_public_manual_research_synthetic_row_008587,ablation_b_augmented,7,adv_20,1,0.99983215,1
v3_public_manual_research_synthetic_row_004701,ablation_b_augmented,7,adv_20,0,0.0002688535,0
v3_public_manual_research_synthetic_row_006493,ablation_b_augmented,7,adv_20,1,0.9998487,1
v3_public_manual_research_synthetic_row_002238,ablation_b_augmented,7,adv_20,0,0.0004550458,0
v3_public_manual_research_synthetic_row_008362,ablation_b_augmented,7,adv_20,1,0.99978095,1
v3_public_manual_research_synthetic_row_009085,ablation_b_augmented,7,adv_20,1,0.99977607,1
v3_public_manual_research_synthetic_row_008932,ablation_b_augmented,7,adv_20,1,0.9998338,1
v3_public_manual_research_synthetic_row_004629,ablation_b_augmented,7,adv_20,0,0.00020934189,0
v3_public_manual_research_synthetic_row_002390,ablation_b_augmented,7,adv_20,0,0.00028896466,0
v3_public_manual_research_synthetic_row_002566,ablation_b_augmented,7,adv_20,0,0.00026227435,0
v3_public_manual_research_synthetic_row_001732,ablation_b_augmented,7,adv_20,0,0.000278124,0
v3_public_manual_research_synthetic_row_002425,ablation_b_augmented,7,adv_20,0,0.0006103337,0
v3_public_manual_research_synthetic_row_005605,ablation_b_augmented,7,adv_20,1,0.9998274,1
v3_public_manual_research_synthetic_row_005718,ablation_b_augmented,7,adv_20,1,0.9997906,1
v3_public_manual_research_synthetic_row_003646,ablation_b_augmented,7,adv_20,0,0.00023671493,0
v3_public_manual_research_synthetic_row_004345,ablation_b_augmented,7,adv_20,0,0.00050529826,0
v3_public_manual_research_synthetic_row_006481,ablation_b_augmented,7,adv_20,1,0.999699,1
v3_public_manual_research_synthetic_row_002326,ablation_b_augmented,7,adv_20,0,0.00028630954,0
v3_public_manual_research_synthetic_row_003036,ablation_b_augmented,7,adv_20,0,0.00050964113,0
v3_public_manual_research_synthetic_row_002907,ablation_b_augmented,7,adv_20,0,0.00031448898,0
v3_public_manual_research_synthetic_row_009642,ablation_b_augmented,7,adv_20,1,0.9977399,1
v3_public_manual_research_synthetic_row_003707,ablation_b_augmented,7,adv_20,0,0.0004327525,0
v3_public_manual_research_synthetic_row_003941,ablation_b_augmented,7,adv_20,0,0.0002566306,0
v3_public_manual_research_synthetic_row_005714,ablation_b_augmented,7,adv_20,1,0.99977356,1
v3_public_manual_research_synthetic_row_010401,ablation_b_augmented,7,adv_20,1,0.999821,1
v3_public_manual_research_synthetic_row_005267,ablation_b_augmented,7,adv_20,0,0.000266095,0
v3_public_manual_research_synthetic_row_002793,ablation_b_augmented,7,adv_20,0,0.00023618579,0
v3_public_manual_research_synthetic_row_005058,ablation_b_augmented,7,adv_20,0,0.00023260585,0
v3_public_manual_research_synthetic_row_005801,ablation_b_augmented,7,adv_20,1,0.9998343,1
v3_public_manual_research_synthetic_row_010056,ablation_b_augmented,7,adv_20,1,0.9998354,1
v3_public_manual_research_synthetic_row_009457,ablation_b_augmented,7,adv_20,1,0.9998299,1
v3_public_manual_research_synthetic_row_008749,ablation_b_augmented,7,adv_20,1,0.9997837,1
v3_public_manual_research_synthetic_row_004937,ablation_b_augmented,7,adv_20,0,0.0003748642,0
v3_public_manual_research_synthetic_row_005927,ablation_b_augmented,7,adv_20,1,0.9998548,1
v3_public_manual_research_synthetic_row_010349,ablation_b_augmented,7,adv_20,1,0.9998553,1
v3_public_manual_research_synthetic_row_007796,ablation_b_augmented,7,adv_20,1,0.99975795,1
v3_public_manual_research_synthetic_row_003195,ablation_b_augmented,7,adv_20,0,0.00023770733,0
v3_public_manual_research_synthetic_row_008220,ablation_b_augmented,7,adv_20,1,0.9994288,1
v3_public_manual_research_synthetic_row_006970,ablation_b_augmented,7,adv_20,1,0.9998247,1
v3_public_manual_research_synthetic_row_004936,ablation_b_augmented,7,adv_20,0,0.00024630988,0
v3_public_manual_research_synthetic_row_008547,ablation_b_augmented,7,adv_20,1,0.99982953,1
v3_public_manual_research_synthetic_row_000187,ablation_b_augmented,7,adv_20,0,0.0021843954,0
v3_public_manual_research_synthetic_row_004358,ablation_b_augmented,7,adv_20,0,0.00037105702,0
v3_public_manual_research_synthetic_row_004497,ablation_b_augmented,7,adv_20,0,0.00026027553,0
v3_public_manual_research_synthetic_row_007386,ablation_b_augmented,7,adv_20,1,0.9998425,1
v3_public_manual_research_synthetic_row_007190,ablation_b_augmented,7,adv_20,1,0.99985194,1
v3_public_manual_research_synthetic_row_008712,ablation_b_augmented,7,adv_20,1,0.99983406,1
v3_public_manual_research_synthetic_row_002574,ablation_b_augmented,7,adv_20,0,0.00027384434,0
v3_public_manual_research_synthetic_row_007155,ablation_b_augmented,7,adv_20,1,0.99983287,1
v3_public_manual_research_synthetic_row_004450,ablation_b_augmented,7,adv_20,0,0.00022115411,0
v3_public_manual_research_synthetic_row_003872,ablation_b_augmented,7,adv_20,0,0.0002105893,0
v3_public_manual_research_synthetic_row_001657,ablation_b_augmented,7,adv_20,0,0.0002031074,0
v3_public_manual_research_synthetic_row_006986,ablation_b_augmented,7,adv_20,1,0.9976077,1
v3_public_manual_research_synthetic_row_001595,ablation_b_augmented,7,adv_20,0,0.00022122245,0
v3_public_manual_research_synthetic_row_005293,ablation_b_augmented,7,adv_20,1,0.9998197,1
v3_public_manual_research_synthetic_row_008360,ablation_b_augmented,7,adv_20,1,0.9968491,1
v3_public_manual_research_synthetic_row_007992,ablation_b_augmented,7,adv_20,1,0.999785,1
v3_public_manual_research_synthetic_row_002878,ablation_b_augmented,7,adv_20,0,0.00033543035,0
v3_public_manual_research_synthetic_row_001606,ablation_b_augmented,7,adv_20,0,0.0003036492,0
v3_public_manual_research_synthetic_row_008355,ablation_b_augmented,7,adv_20,1,0.99984217,1
v3_public_manual_research_synthetic_row_002767,ablation_b_augmented,7,adv_20,0,0.00020079843,0
v3_public_manual_research_synthetic_row_005316,ablation_b_augmented,7,adv_20,1,0.99981207,1
v3_public_manual_research_synthetic_row_003474,ablation_b_augmented,7,adv_20,0,0.00024167895,0
v3_public_manual_research_synthetic_row_002372,ablation_b_augmented,7,adv_20,0,0.00026478333,0
v3_public_manual_research_synthetic_row_001411,ablation_b_augmented,7,adv_20,0,0.00020686479,0
v3_public_manual_research_synthetic_row_002299,ablation_b_augmented,7,adv_20,0,0.00033386803,0
v3_public_manual_research_synthetic_row_009758,ablation_b_augmented,7,adv_20,1,0.9996691,1
v3_public_manual_research_synthetic_row_005863,ablation_b_augmented,7,adv_20,1,0.99983096,1
v3_public_manual_research_synthetic_row_000853,ablation_b_augmented,7,adv_20,0,0.00028083604,0
v3_public_manual_research_synthetic_row_009521,ablation_b_augmented,7,adv_20,1,0.99976426,1
v3_public_manual_research_synthetic_row_004086,ablation_b_augmented,7,adv_20,0,0.0007133228,0
v3_public_manual_research_synthetic_row_008263,ablation_b_augmented,7,adv_20,1,0.9804858,1
v3_public_manual_research_synthetic_row_008851,ablation_b_augmented,7,adv_20,1,0.99983084,1
v3_public_manual_research_synthetic_row_002264,ablation_b_augmented,7,adv_20,0,0.00025779766,0
v3_public_manual_research_synthetic_row_003655,ablation_b_augmented,7,adv_20,0,0.00035057726,0
v3_public_manual_research_synthetic_row_005956,ablation_b_augmented,7,adv_20,1,0.9998425,1
v3_public_manual_research_synthetic_row_001014,ablation_b_augmented,7,adv_20,0,0.00018822982,0
v3_public_manual_research_synthetic_row_001250,ablation_b_augmented,7,adv_20,0,0.00031137248,0
v3_public_manual_research_synthetic_row_009279,ablation_b_augmented,7,adv_20,1,0.9998307,1
v3_public_manual_research_synthetic_row_000807,ablation_b_augmented,7,adv_20,0,0.0001887161,0
v3_public_manual_research_synthetic_row_004032,ablation_b_augmented,7,adv_20,0,0.0002414871,0
v3_public_manual_research_synthetic_row_000495,ablation_b_augmented,7,adv_20,0,0.0002870516,0
v3_public_manual_research_synthetic_row_001334,ablation_b_augmented,7,adv_20,0,0.00025085936,0
v3_public_manual_research_synthetic_row_009848,ablation_b_augmented,7,adv_20,1,0.99983203,1
v3_public_manual_research_synthetic_row_000880,ablation_b_augmented,7,adv_20,0,0.00018999258,0
v3_public_manual_research_synthetic_row_001688,ablation_b_augmented,7,adv_20,0,0.0003083193,0
v3_public_manual_research_synthetic_row_007455,ablation_b_augmented,7,adv_20,1,0.99970263,1
v3_public_manual_research_synthetic_row_005209,ablation_b_augmented,7,adv_20,0,0.00043336494,0
v3_public_manual_research_synthetic_row_008872,ablation_b_augmented,7,adv_20,1,0.99984443,1
v3_public_manual_research_synthetic_row_007215,ablation_b_augmented,7,adv_20,1,0.99972314,1
v3_public_manual_research_synthetic_row_003534,ablation_b_augmented,7,adv_20,0,0.00023220104,0
v3_public_manual_research_synthetic_row_002269,ablation_b_augmented,7,adv_20,0,0.00022856159,0
v3_public_manual_research_synthetic_row_003714,ablation_b_augmented,7,adv_20,0,0.00023700058,0
v3_public_manual_research_synthetic_row_001727,ablation_b_augmented,7,adv_20,0,0.00022944064,0
v3_public_manual_research_synthetic_row_005897,ablation_b_augmented,7,adv_20,1,0.99985087,1
