final_row_id,model,seed,condition,y_true,y_prob_smishing,y_pred
v3_public_manual_research_synthetic_row_007409,baseline2_clean,7,adv_30,1,0.9991737,1
v3_public_manual_research_synthetic_row_000611,baseline2_clean,7,adv_30,0,0.0006741269,0
v3_public_manual_research_synthetic_row_003032,baseline2_clean,7,adv_30,0,0.0005044158,0
v3_public_manual_research_synthetic_row_003572,baseline2_clean,7,adv_30,0,0.0004822954,0
v3_public_manual_research_synthetic_row_000988,baseline2_clean,7,adv_30,0,0.0007544251,0
v3_public_manual_research_synthetic_row_002346,baseline2_clean,7,adv_30,0,0.00044777658,0
v3_public_manual_research_synthetic_row_008025,baseline2_clean,7,adv_30,1,0.99701095,1
v3_public_manual_research_synthetic_row_006479,baseline2_clean,7,adv_30,1,0.9987184,1
v3_public_manual_research_synthetic_row_008672,baseline2_clean,7,adv_30,1,0.99902034,1
v3_public_manual_research_synthetic_row_006293,baseline2_clean,7,adv_30,1,0.998796,1
v3_public_manual_research_synthetic_row_002620,baseline2_clean,7,adv_30,0,0.00061809574,0
v3_public_manual_research_synthetic_row_006483,baseline2_clean,7,adv_30,1,0.99683964,1
v3_public_manual_research_synthetic_row_000109,baseline2_clean,7,adv_30,0,0.0011542238,0
v3_public_manual_research_synthetic_row_009650,baseline2_clean,7,adv_30,1,0.9983675,1
v3_public_manual_research_synthetic_row_009615,baseline2_clean,7,adv_30,1,0.002827841,0
v3_public_manual_research_synthetic_row_006245,baseline2_clean,7,adv_30,1,0.99863654,1
v3_public_manual_research_synthetic_row_002419,baseline2_clean,7,adv_30,0,0.0026565301,0
v3_public_manual_research_synthetic_row_006648,baseline2_clean,7,adv_30,1,0.9993274,1
v3_public_manual_research_synthetic_row_009960,baseline2_clean,7,adv_30,1,0.99845505,1
v3_public_manual_research_synthetic_row_006798,baseline2_clean,7,adv_30,1,0.99901664,1
v3_public_manual_research_synthetic_row_009696,baseline2_clean,7,adv_30,1,0.9926399,1
v3_public_manual_research_synthetic_row_001396,baseline2_clean,7,adv_30,0,0.0010963625,0
v3_public_manual_research_synthetic_row_007055,baseline2_clean,7,adv_30,1,0.99872583,1
v3_public_manual_research_synthetic_row_004379,baseline2_clean,7,adv_30,0,0.0005172293,0
v3_public_manual_research_synthetic_row_007508,baseline2_clean,7,adv_30,1,0.9991875,1
v3_public_manual_research_synthetic_row_008571,baseline2_clean,7,adv_30,1,0.99858356,1
v3_public_manual_research_synthetic_row_007240,baseline2_clean,7,adv_30,1,0.9991953,1
v3_public_manual_research_synthetic_row_007044,baseline2_clean,7,adv_30,1,0.9973246,1
v3_public_manual_research_synthetic_row_001243,baseline2_clean,7,adv_30,0,0.0005242747,0
v3_public_manual_research_synthetic_row_001963,baseline2_clean,7,adv_30,0,0.00047112003,0
v3_public_manual_research_synthetic_row_009166,baseline2_clean,7,adv_30,1,0.9878879,1
v3_public_manual_research_synthetic_row_002903,baseline2_clean,7,adv_30,0,0.0061139576,0
v3_public_manual_research_synthetic_row_009683,baseline2_clean,7,adv_30,1,0.998184,1
v3_public_manual_research_synthetic_row_007677,baseline2_clean,7,adv_30,1,0.9986284,1
v3_public_manual_research_synthetic_row_002220,baseline2_clean,7,adv_30,0,0.0007634262,0
v3_public_manual_research_synthetic_row_000691,baseline2_clean,7,adv_30,0,0.0005375161,0
v3_public_manual_research_synthetic_row_008001,baseline2_clean,7,adv_30,1,0.9989196,1
v3_public_manual_research_synthetic_row_009594,baseline2_clean,7,adv_30,1,0.992192,1
v3_public_manual_research_synthetic_row_003203,baseline2_clean,7,adv_30,0,0.00069557776,0
v3_public_manual_research_synthetic_row_000012,baseline2_clean,7,adv_30,0,0.0043674414,0
v3_public_manual_research_synthetic_row_007858,baseline2_clean,7,adv_30,1,0.99904376,1
v3_public_manual_research_synthetic_row_009137,baseline2_clean,7,adv_30,1,0.9991309,1
v3_public_manual_research_synthetic_row_002948,baseline2_clean,7,adv_30,0,0.0004670987,0
v3_public_manual_research_synthetic_row_005892,baseline2_clean,7,adv_30,1,0.9985,1
v3_public_manual_research_synthetic_row_000004,baseline2_clean,7,adv_30,0,0.9974141,1
v3_public_manual_research_synthetic_row_002892,baseline2_clean,7,adv_30,0,0.00056063914,0
v3_public_manual_research_synthetic_row_000638,baseline2_clean,7,adv_30,0,0.00047684688,0
v3_public_manual_research_synthetic_row_003126,baseline2_clean,7,adv_30,0,0.0004723222,0
v3_public_manual_research_synthetic_row_000992,baseline2_clean,7,adv_30,0,0.0005068845,0
v3_public_manual_research_synthetic_row_004413,baseline2_clean,7,adv_30,0,0.00045405354,0
v3_public_manual_research_synthetic_row_004669,baseline2_clean,7,adv_30,0,0.00051962,0
v3_public_manual_research_synthetic_row_006795,baseline2_clean,7,adv_30,1,0.9982439,1
v3_public_manual_research_synthetic_row_009530,baseline2_clean,7,adv_30,1,0.99766695,1
v3_public_manual_research_synthetic_row_003498,baseline2_clean,7,adv_30,0,0.00048446588,0
v3_public_manual_research_synthetic_row_002687,baseline2_clean,7,adv_30,0,0.00054280885,0
v3_public_manual_research_synthetic_row_001532,baseline2_clean,7,adv_30,0,0.0005547141,0
v3_public_manual_research_synthetic_row_000759,baseline2_clean,7,adv_30,0,0.0006522842,0
v3_public_manual_research_synthetic_row_002610,baseline2_clean,7,adv_30,0,0.00046984662,0
v3_public_manual_research_synthetic_row_001278,baseline2_clean,7,adv_30,0,0.0005005353,0
v3_public_manual_research_synthetic_row_004166,baseline2_clean,7,adv_30,0,0.0006460743,0
v3_public_manual_research_synthetic_row_005096,baseline2_clean,7,adv_30,0,0.0024895903,0
v3_public_manual_research_synthetic_row_003886,baseline2_clean,7,adv_30,0,0.0005454195,0
v3_public_manual_research_synthetic_row_005204,baseline2_clean,7,adv_30,0,0.028344927,0
v3_public_manual_research_synthetic_row_007428,baseline2_clean,7,adv_30,1,0.99718213,1
v3_public_manual_research_synthetic_row_002943,baseline2_clean,7,adv_30,0,0.00065489503,0
v3_public_manual_research_synthetic_row_005895,baseline2_clean,7,adv_30,1,0.99900824,1
v3_public_manual_research_synthetic_row_004553,baseline2_clean,7,adv_30,0,0.00045237024,0
v3_public_manual_research_synthetic_row_009917,baseline2_clean,7,adv_30,1,0.99912614,1
v3_public_manual_research_synthetic_row_000456,baseline2_clean,7,adv_30,0,0.00041498334,0
v3_public_manual_research_synthetic_row_010266,baseline2_clean,7,adv_30,1,0.99770796,1
v3_public_manual_research_synthetic_row_008926,baseline2_clean,7,adv_30,1,0.96275383,1
v3_public_manual_research_synthetic_row_004473,baseline2_clean,7,adv_30,0,0.0007151837,0
v3_public_manual_research_synthetic_row_008344,baseline2_clean,7,adv_30,1,0.99896157,1
v3_public_manual_research_synthetic_row_008618,baseline2_clean,7,adv_30,1,0.9991762,1
v3_public_manual_research_synthetic_row_000839,baseline2_clean,7,adv_30,0,0.0008746818,0
v3_public_manual_research_synthetic_row_004584,baseline2_clean,7,adv_30,0,0.0036806173,0
v3_public_manual_research_synthetic_row_005594,baseline2_clean,7,adv_30,1,0.9983047,1
v3_public_manual_research_synthetic_row_004824,baseline2_clean,7,adv_30,0,0.0005929685,0
v3_public_manual_research_synthetic_row_006896,baseline2_clean,7,adv_30,1,0.99075586,1
v3_public_manual_research_synthetic_row_005389,baseline2_clean,7,adv_30,1,0.91517335,1
v3_public_manual_research_synthetic_row_004599,baseline2_clean,7,adv_30,0,0.001039734,0
v3_public_manual_research_synthetic_row_001266,baseline2_clean,7,adv_30,0,0.00076564355,0
v3_public_manual_research_synthetic_row_006023,baseline2_clean,7,adv_30,1,0.9979418,1
v3_public_manual_research_synthetic_row_001885,baseline2_clean,7,adv_30,0,0.00069198286,0
v3_public_manual_research_synthetic_row_002367,baseline2_clean,7,adv_30,0,0.0005511259,0
v3_public_manual_research_synthetic_row_000777,baseline2_clean,7,adv_30,0,0.0011331037,0
v3_public_manual_research_synthetic_row_003877,baseline2_clean,7,adv_30,0,0.00049069646,0
v3_public_manual_research_synthetic_row_000711,baseline2_clean,7,adv_30,0,0.00064318645,0
v3_public_manual_research_synthetic_row_009293,baseline2_clean,7,adv_30,1,0.9991385,1
v3_public_manual_research_synthetic_row_007108,baseline2_clean,7,adv_30,1,0.9989293,1
v3_public_manual_research_synthetic_row_007302,baseline2_clean,7,adv_30,1,0.99806315,1
v3_public_manual_research_synthetic_row_009315,baseline2_clean,7,adv_30,1,0.99669915,1
v3_public_manual_research_synthetic_row_005640,baseline2_clean,7,adv_30,1,0.9976756,1
v3_public_manual_research_synthetic_row_002591,baseline2_clean,7,adv_30,0,0.0006041993,0
v3_public_manual_research_synthetic_row_006335,baseline2_clean,7,adv_30,1,0.9988661,1
v3_public_manual_research_synthetic_row_010326,baseline2_clean,7,adv_30,1,0.998381,1
v3_public_manual_research_synthetic_row_000903,baseline2_clean,7,adv_30,0,0.00069694006,0
v3_public_manual_research_synthetic_row_004702,baseline2_clean,7,adv_30,0,0.00047922574,0
v3_public_manual_research_synthetic_row_005297,baseline2_clean,7,adv_30,1,0.9962882,1
v3_public_manual_research_synthetic_row_009425,baseline2_clean,7,adv_30,1,0.99869376,1
v3_public_manual_research_synthetic_row_010392,baseline2_clean,7,adv_30,1,0.9918833,1
v3_public_manual_research_synthetic_row_009760,baseline2_clean,7,adv_30,1,0.014817464,0
v3_public_manual_research_synthetic_row_007277,baseline2_clean,7,adv_30,1,0.99893075,1
v3_public_manual_research_synthetic_row_008562,baseline2_clean,7,adv_30,1,0.9967338,1
v3_public_manual_research_synthetic_row_001644,baseline2_clean,7,adv_30,0,0.00049574237,0
v3_public_manual_research_synthetic_row_003020,baseline2_clean,7,adv_30,0,0.00050599815,0
v3_public_manual_research_synthetic_row_008438,baseline2_clean,7,adv_30,1,0.9991872,1
v3_public_manual_research_synthetic_row_007499,baseline2_clean,7,adv_30,1,0.9983865,1
v3_public_manual_research_synthetic_row_003118,baseline2_clean,7,adv_30,0,0.0008337545,0
v3_public_manual_research_synthetic_row_002957,baseline2_clean,7,adv_30,0,0.0004543523,0
v3_public_manual_research_synthetic_row_005645,baseline2_clean,7,adv_30,1,0.9914454,1
v3_public_manual_research_synthetic_row_002773,baseline2_clean,7,adv_30,0,0.0007264228,0
v3_public_manual_research_synthetic_row_007241,baseline2_clean,7,adv_30,1,0.99895656,1
v3_public_manual_research_synthetic_row_005938,baseline2_clean,7,adv_30,1,0.99879116,1
v3_public_manual_research_synthetic_row_006424,baseline2_clean,7,adv_30,1,0.9992368,1
v3_public_manual_research_synthetic_row_006026,baseline2_clean,7,adv_30,1,0.9981382,1
v3_public_manual_research_synthetic_row_007791,baseline2_clean,7,adv_30,1,0.99910444,1
v3_public_manual_research_synthetic_row_005149,baseline2_clean,7,adv_30,0,0.0005075998,0
v3_public_manual_research_synthetic_row_008485,baseline2_clean,7,adv_30,1,0.99161255,1
v3_public_manual_research_synthetic_row_008246,baseline2_clean,7,adv_30,1,0.99898607,1
v3_public_manual_research_synthetic_row_003173,baseline2_clean,7,adv_30,0,0.0005197094,0
v3_public_manual_research_synthetic_row_009779,baseline2_clean,7,adv_30,1,0.3929731,0
v3_public_manual_research_synthetic_row_000762,baseline2_clean,7,adv_30,0,0.00043185582,0
v3_public_manual_research_synthetic_row_005749,baseline2_clean,7,adv_30,1,0.9986525,1
v3_public_manual_research_synthetic_row_005622,baseline2_clean,7,adv_30,1,0.99781656,1
v3_public_manual_research_synthetic_row_004360,baseline2_clean,7,adv_30,0,0.00048604037,0
v3_public_manual_research_synthetic_row_000906,baseline2_clean,7,adv_30,0,0.000679025,0
v3_public_manual_research_synthetic_row_004395,baseline2_clean,7,adv_30,0,0.00080335414,0
v3_public_manual_research_synthetic_row_002492,baseline2_clean,7,adv_30,0,0.00044250072,0
v3_public_manual_research_synthetic_row_009302,baseline2_clean,7,adv_30,1,0.99858713,1
v3_public_manual_research_synthetic_row_007860,baseline2_clean,7,adv_30,1,0.995349,1
v3_public_manual_research_synthetic_row_002235,baseline2_clean,7,adv_30,0,0.00066353445,0
v3_public_manual_research_synthetic_row_005109,baseline2_clean,7,adv_30,0,0.00042645598,0
v3_public_manual_research_synthetic_row_010433,baseline2_clean,7,adv_30,1,0.9988682,1
v3_public_manual_research_synthetic_row_008944,baseline2_clean,7,adv_30,1,0.9985209,1
v3_public_manual_research_synthetic_row_006556,baseline2_clean,7,adv_30,1,0.9986255,1
v3_public_manual_research_synthetic_row_009386,baseline2_clean,7,adv_30,1,0.9985802,1
v3_public_manual_research_synthetic_row_007396,baseline2_clean,7,adv_30,1,0.98466855,1
v3_public_manual_research_synthetic_row_006400,baseline2_clean,7,adv_30,1,0.9989241,1
v3_public_manual_research_synthetic_row_009041,baseline2_clean,7,adv_30,1,0.34949437,0
v3_public_manual_research_synthetic_row_004847,baseline2_clean,7,adv_30,0,0.00056025677,0
v3_public_manual_research_synthetic_row_004659,baseline2_clean,7,adv_30,0,0.00047039648,0
v3_public_manual_research_synthetic_row_006098,baseline2_clean,7,adv_30,1,0.9244115,1
v3_public_manual_research_synthetic_row_001205,baseline2_clean,7,adv_30,0,0.00066536583,0
v3_public_manual_research_synthetic_row_006596,baseline2_clean,7,adv_30,1,0.9989442,1
v3_public_manual_research_synthetic_row_004855,baseline2_clean,7,adv_30,0,0.00054405996,0
v3_public_manual_research_synthetic_row_004919,baseline2_clean,7,adv_30,0,0.0004991269,0
v3_public_manual_research_synthetic_row_005078,baseline2_clean,7,adv_30,0,0.0008057147,0
v3_public_manual_research_synthetic_row_003263,baseline2_clean,7,adv_30,0,0.0006650017,0
v3_public_manual_research_synthetic_row_005500,baseline2_clean,7,adv_30,1,0.9988175,1
v3_public_manual_research_synthetic_row_006854,baseline2_clean,7,adv_30,1,0.9991523,1
v3_public_manual_research_synthetic_row_003242,baseline2_clean,7,adv_30,0,0.0005118762,0
v3_public_manual_research_synthetic_row_007238,baseline2_clean,7,adv_30,1,0.99858737,1
v3_public_manual_research_synthetic_row_000603,baseline2_clean,7,adv_30,0,0.0004253257,0
v3_public_manual_research_synthetic_row_005157,baseline2_clean,7,adv_30,0,0.0005869883,0
v3_public_manual_research_synthetic_row_000609,baseline2_clean,7,adv_30,0,0.00048736096,0
v3_public_manual_research_synthetic_row_005360,baseline2_clean,7,adv_30,1,0.9975873,1
v3_public_manual_research_synthetic_row_008331,baseline2_clean,7,adv_30,1,0.9990947,1
v3_public_manual_research_synthetic_row_004036,baseline2_clean,7,adv_30,0,0.0006771187,0
v3_public_manual_research_synthetic_row_009550,baseline2_clean,7,adv_30,1,0.98699677,1
v3_public_manual_research_synthetic_row_007357,baseline2_clean,7,adv_30,1,0.9988343,1
v3_public_manual_research_synthetic_row_010302,baseline2_clean,7,adv_30,1,0.99910396,1
v3_public_manual_research_synthetic_row_000032,baseline2_clean,7,adv_30,0,0.9953219,1
v3_public_manual_research_synthetic_row_003848,baseline2_clean,7,adv_30,0,0.68786514,1
v3_public_manual_research_synthetic_row_004928,baseline2_clean,7,adv_30,0,0.00063757703,0
v3_public_manual_research_synthetic_row_001720,baseline2_clean,7,adv_30,0,0.0008320521,0
v3_public_manual_research_synthetic_row_007494,baseline2_clean,7,adv_30,1,0.9992623,1
v3_public_manual_research_synthetic_row_008991,baseline2_clean,7,adv_30,1,0.85104346,1
v3_public_manual_research_synthetic_row_006964,baseline2_clean,7,adv_30,1,0.9988545,1
v3_public_manual_research_synthetic_row_009566,baseline2_clean,7,adv_30,1,0.0005195975,0
v3_public_manual_research_synthetic_row_002459,baseline2_clean,7,adv_30,0,0.00046146175,0
v3_public_manual_research_synthetic_row_004148,baseline2_clean,7,adv_30,0,0.0056803026,0
v3_public_manual_research_synthetic_row_006921,baseline2_clean,7,adv_30,1,0.9991817,1
v3_public_manual_research_synthetic_row_005541,baseline2_clean,7,adv_30,1,0.99859995,1
v3_public_manual_research_synthetic_row_006632,baseline2_clean,7,adv_30,1,0.99915814,1
v3_public_manual_research_synthetic_row_000138,baseline2_clean,7,adv_30,0,0.008252839,0
v3_public_manual_research_synthetic_row_009019,baseline2_clean,7,adv_30,1,0.99910223,1
v3_public_manual_research_synthetic_row_007264,baseline2_clean,7,adv_30,1,0.9890882,1
v3_public_manual_research_synthetic_row_001026,baseline2_clean,7,adv_30,0,0.0004951296,0
v3_public_manual_research_synthetic_row_000477,baseline2_clean,7,adv_30,0,0.0006114676,0
v3_public_manual_research_synthetic_row_007869,baseline2_clean,7,adv_30,1,0.9986303,1
v3_public_manual_research_synthetic_row_009193,baseline2_clean,7,adv_30,1,0.9991273,1
v3_public_manual_research_synthetic_row_001602,baseline2_clean,7,adv_30,0,0.0006240883,0
v3_public_manual_research_synthetic_row_009005,baseline2_clean,7,adv_30,1,0.99861014,1
v3_public_manual_research_synthetic_row_003895,baseline2_clean,7,adv_30,0,0.00047892457,0
v3_public_manual_research_synthetic_row_002906,baseline2_clean,7,adv_30,0,0.0005237245,0
v3_public_manual_research_synthetic_row_007631,baseline2_clean,7,adv_30,1,0.99895096,1
v3_public_manual_research_synthetic_row_002043,baseline2_clean,7,adv_30,0,0.0005622644,0
v3_public_manual_research_synthetic_row_002239,baseline2_clean,7,adv_30,0,0.0005772053,0
v3_public_manual_research_synthetic_row_007906,baseline2_clean,7,adv_30,1,0.99884856,1
v3_public_manual_research_synthetic_row_006848,baseline2_clean,7,adv_30,1,0.9992878,1
v3_public_manual_research_synthetic_row_010092,baseline2_clean,7,adv_30,1,0.9981881,1
v3_public_manual_research_synthetic_row_003554,baseline2_clean,7,adv_30,0,0.00044119128,0
v3_public_manual_research_synthetic_row_003111,baseline2_clean,7,adv_30,0,0.0004533462,0
v3_public_manual_research_synthetic_row_006453,baseline2_clean,7,adv_30,1,0.9986123,1
v3_public_manual_research_synthetic_row_005435,baseline2_clean,7,adv_30,1,0.99763656,1
v3_public_manual_research_synthetic_row_005908,baseline2_clean,7,adv_30,1,0.99893636,1
v3_public_manual_research_synthetic_row_010298,baseline2_clean,7,adv_30,1,0.99914145,1
v3_public_manual_research_synthetic_row_001085,baseline2_clean,7,adv_30,0,0.0005013393,0
v3_public_manual_research_synthetic_row_006140,baseline2_clean,7,adv_30,1,0.9985978,1
v3_public_manual_research_synthetic_row_007112,baseline2_clean,7,adv_30,1,0.99863166,1
v3_public_manual_research_synthetic_row_007934,baseline2_clean,7,adv_30,1,0.99865603,1
v3_public_manual_research_synthetic_row_002677,baseline2_clean,7,adv_30,0,0.00048376076,0
v3_public_manual_research_synthetic_row_001917,baseline2_clean,7,adv_30,0,0.000737334,0
v3_public_manual_research_synthetic_row_008512,baseline2_clean,7,adv_30,1,0.9988532,1
v3_public_manual_research_synthetic_row_008399,baseline2_clean,7,adv_30,1,0.9991659,1
v3_public_manual_research_synthetic_row_003001,baseline2_clean,7,adv_30,0,0.00044483025,0
v3_public_manual_research_synthetic_row_010085,baseline2_clean,7,adv_30,1,0.9991053,1
v3_public_manual_research_synthetic_row_000489,baseline2_clean,7,adv_30,0,0.0006811036,0
v3_public_manual_research_synthetic_row_010197,baseline2_clean,7,adv_30,1,0.99894696,1
v3_public_manual_research_synthetic_row_003410,baseline2_clean,7,adv_30,0,0.00095318473,0
v3_public_manual_research_synthetic_row_005987,baseline2_clean,7,adv_30,1,0.99922776,1
v3_public_manual_research_synthetic_row_003781,baseline2_clean,7,adv_30,0,0.00047833446,0
v3_public_manual_research_synthetic_row_001985,baseline2_clean,7,adv_30,0,0.00055453804,0
v3_public_manual_research_synthetic_row_002719,baseline2_clean,7,adv_30,0,0.00051942,0
v3_public_manual_research_synthetic_row_007652,baseline2_clean,7,adv_30,1,0.9985441,1
v3_public_manual_research_synthetic_row_006852,baseline2_clean,7,adv_30,1,0.9964653,1
v3_public_manual_research_synthetic_row_008553,baseline2_clean,7,adv_30,1,0.99525356,1
v3_public_manual_research_synthetic_row_004456,baseline2_clean,7,adv_30,0,0.0013433389,0
v3_public_manual_research_synthetic_row_008254,baseline2_clean,7,adv_30,1,0.9989279,1
v3_public_manual_research_synthetic_row_007829,baseline2_clean,7,adv_30,1,0.99340713,1
v3_public_manual_research_synthetic_row_007579,baseline2_clean,7,adv_30,1,0.99925476,1
v3_public_manual_research_synthetic_row_010487,baseline2_clean,7,adv_30,1,0.99904424,1
v3_public_manual_research_synthetic_row_002512,baseline2_clean,7,adv_30,0,0.00047881255,0
v3_public_manual_research_synthetic_row_004534,baseline2_clean,7,adv_30,0,0.0004547648,0
v3_public_manual_research_synthetic_row_003147,baseline2_clean,7,adv_30,0,0.9254084,1
v3_public_manual_research_synthetic_row_010429,baseline2_clean,7,adv_30,1,0.99872905,1
v3_public_manual_research_synthetic_row_006750,baseline2_clean,7,adv_30,1,0.99922717,1
v3_public_manual_research_synthetic_row_000296,baseline2_clean,7,adv_30,0,0.0005970892,0
v3_public_manual_research_synthetic_row_009895,baseline2_clean,7,adv_30,1,0.9971698,1
v3_public_manual_research_synthetic_row_004295,baseline2_clean,7,adv_30,0,0.00057533046,0
v3_public_manual_research_synthetic_row_010469,baseline2_clean,7,adv_30,1,0.99477226,1
v3_public_manual_research_synthetic_row_009326,baseline2_clean,7,adv_30,1,0.9965628,1
v3_public_manual_research_synthetic_row_007084,baseline2_clean,7,adv_30,1,0.9988066,1
v3_public_manual_research_synthetic_row_002102,baseline2_clean,7,adv_30,0,0.0005226872,0
v3_public_manual_research_synthetic_row_000997,baseline2_clean,7,adv_30,0,0.00080478814,0
v3_public_manual_research_synthetic_row_001188,baseline2_clean,7,adv_30,0,0.00055090373,0
v3_public_manual_research_synthetic_row_005188,baseline2_clean,7,adv_30,0,0.0006209858,0
v3_public_manual_research_synthetic_row_010264,baseline2_clean,7,adv_30,1,0.99854195,1
v3_public_manual_research_synthetic_row_002327,baseline2_clean,7,adv_30,0,0.0013746329,0
v3_public_manual_research_synthetic_row_009171,baseline2_clean,7,adv_30,1,0.99880624,1
v3_public_manual_research_synthetic_row_008056,baseline2_clean,7,adv_30,1,0.9986332,1
v3_public_manual_research_synthetic_row_003168,baseline2_clean,7,adv_30,0,0.0008732403,0
v3_public_manual_research_synthetic_row_008671,baseline2_clean,7,adv_30,1,0.9987386,1
v3_public_manual_research_synthetic_row_007058,baseline2_clean,7,adv_30,1,0.9986486,1
v3_public_manual_research_synthetic_row_002635,baseline2_clean,7,adv_30,0,0.00052449986,0
v3_public_manual_research_synthetic_row_008264,baseline2_clean,7,adv_30,1,0.9988882,1
v3_public_manual_research_synthetic_row_006748,baseline2_clean,7,adv_30,1,0.99905723,1
v3_public_manual_research_synthetic_row_004063,baseline2_clean,7,adv_30,0,0.00043754335,0
v3_public_manual_research_synthetic_row_000785,baseline2_clean,7,adv_30,0,0.00051878096,0
v3_public_manual_research_synthetic_row_006086,baseline2_clean,7,adv_30,1,0.99878806,1
v3_public_manual_research_synthetic_row_003744,baseline2_clean,7,adv_30,0,0.0006548511,0
v3_public_manual_research_synthetic_row_006237,baseline2_clean,7,adv_30,1,0.9987368,1
v3_public_manual_research_synthetic_row_009668,baseline2_clean,7,adv_30,1,0.99366003,1
v3_public_manual_research_synthetic_row_006097,baseline2_clean,7,adv_30,1,0.99897754,1
v3_public_manual_research_synthetic_row_007737,baseline2_clean,7,adv_30,1,0.92558897,1
v3_public_manual_research_synthetic_row_002720,baseline2_clean,7,adv_30,0,0.00046964956,0
v3_public_manual_research_synthetic_row_006636,baseline2_clean,7,adv_30,1,0.96671885,1
v3_public_manual_research_synthetic_row_008066,baseline2_clean,7,adv_30,1,0.99889237,1
v3_public_manual_research_synthetic_row_001454,baseline2_clean,7,adv_30,0,0.00051785616,0
v3_public_manual_research_synthetic_row_003547,baseline2_clean,7,adv_30,0,0.00063911953,0
v3_public_manual_research_synthetic_row_004626,baseline2_clean,7,adv_30,0,0.0004957485,0
v3_public_manual_research_synthetic_row_001746,baseline2_clean,7,adv_30,0,0.0006324298,0
v3_public_manual_research_synthetic_row_003388,baseline2_clean,7,adv_30,0,0.00058819685,0
v3_public_manual_research_synthetic_row_003253,baseline2_clean,7,adv_30,0,0.00043499708,0
v3_public_manual_research_synthetic_row_002209,baseline2_clean,7,adv_30,0,0.00046194764,0
v3_public_manual_research_synthetic_row_002222,baseline2_clean,7,adv_30,0,0.0004822187,0
v3_public_manual_research_synthetic_row_005825,baseline2_clean,7,adv_30,1,0.9992424,1
v3_public_manual_research_synthetic_row_000011,baseline2_clean,7,adv_30,0,0.00080896734,0
v3_public_manual_research_synthetic_row_005669,baseline2_clean,7,adv_30,1,0.98981875,1
v3_public_manual_research_synthetic_row_007939,baseline2_clean,7,adv_30,1,0.99680907,1
v3_public_manual_research_synthetic_row_003522,baseline2_clean,7,adv_30,0,0.000488598,0
v3_public_manual_research_synthetic_row_002706,baseline2_clean,7,adv_30,0,0.00069881557,0
v3_public_manual_research_synthetic_row_008831,baseline2_clean,7,adv_30,1,0.9987424,1
v3_public_manual_research_synthetic_row_005261,baseline2_clean,7,adv_30,0,0.0005082362,0
v3_public_manual_research_synthetic_row_005448,baseline2_clean,7,adv_30,1,0.14201051,0
v3_public_manual_research_synthetic_row_006548,baseline2_clean,7,adv_30,1,0.9976157,1
v3_public_manual_research_synthetic_row_006658,baseline2_clean,7,adv_30,1,0.9990958,1
v3_public_manual_research_synthetic_row_008675,baseline2_clean,7,adv_30,1,0.9992286,1
v3_public_manual_research_synthetic_row_001661,baseline2_clean,7,adv_30,0,0.0006423582,0
v3_public_manual_research_synthetic_row_001554,baseline2_clean,7,adv_30,0,0.00049714977,0
v3_public_manual_research_synthetic_row_007711,baseline2_clean,7,adv_30,1,0.9991716,1
v3_public_manual_research_synthetic_row_006872,baseline2_clean,7,adv_30,1,0.9987986,1
v3_public_manual_research_synthetic_row_000198,baseline2_clean,7,adv_30,0,0.886876,1
v3_public_manual_research_synthetic_row_002874,baseline2_clean,7,adv_30,0,0.00051409414,0
v3_public_manual_research_synthetic_row_008905,baseline2_clean,7,adv_30,1,0.998483,1
v3_public_manual_research_synthetic_row_003985,baseline2_clean,7,adv_30,0,0.0005326308,0
v3_public_manual_research_synthetic_row_006525,baseline2_clean,7,adv_30,1,0.9991742,1
v3_public_manual_research_synthetic_row_010518,baseline2_clean,7,adv_30,1,0.9974753,1
v3_public_manual_research_synthetic_row_004218,baseline2_clean,7,adv_30,0,0.0006962562,0
v3_public_manual_research_synthetic_row_005797,baseline2_clean,7,adv_30,1,0.9991768,1
v3_public_manual_research_synthetic_row_001093,baseline2_clean,7,adv_30,0,0.00055681437,0
v3_public_manual_research_synthetic_row_007627,baseline2_clean,7,adv_30,1,0.99827933,1
v3_public_manual_research_synthetic_row_005418,baseline2_clean,7,adv_30,1,0.99916863,1
v3_public_manual_research_synthetic_row_000020,baseline2_clean,7,adv_30,0,0.0018926726,0
v3_public_manual_research_synthetic_row_003483,baseline2_clean,7,adv_30,0,0.0006948807,0
v3_public_manual_research_synthetic_row_008662,baseline2_clean,7,adv_30,1,0.9992042,1
v3_public_manual_research_synthetic_row_006223,baseline2_clean,7,adv_30,1,0.99904317,1
v3_public_manual_research_synthetic_row_004199,baseline2_clean,7,adv_30,0,0.00044737957,0
v3_public_manual_research_synthetic_row_009649,baseline2_clean,7,adv_30,1,0.9074214,1
v3_public_manual_research_synthetic_row_007688,baseline2_clean,7,adv_30,1,0.9991247,1
v3_public_manual_research_synthetic_row_008560,baseline2_clean,7,adv_30,1,0.99837875,1
v3_public_manual_research_synthetic_row_004719,baseline2_clean,7,adv_30,0,0.00062058645,0
v3_public_manual_research_synthetic_row_007176,baseline2_clean,7,adv_30,1,0.99888915,1
v3_public_manual_research_synthetic_row_001503,baseline2_clean,7,adv_30,0,0.00074788975,0
v3_public_manual_research_synthetic_row_005762,baseline2_clean,7,adv_30,1,0.9987435,1
v3_public_manual_research_synthetic_row_003193,baseline2_clean,7,adv_30,0,0.0006703176,0
v3_public_manual_research_synthetic_row_006294,baseline2_clean,7,adv_30,1,0.99832743,1
v3_public_manual_research_synthetic_row_003968,baseline2_clean,7,adv_30,0,0.00061976805,0
v3_public_manual_research_synthetic_row_007344,baseline2_clean,7,adv_30,1,0.9987998,1
v3_public_manual_research_synthetic_row_004604,baseline2_clean,7,adv_30,0,0.00045405742,0
v3_public_manual_research_synthetic_row_008574,baseline2_clean,7,adv_30,1,0.9980829,1
v3_public_manual_research_synthetic_row_002842,baseline2_clean,7,adv_30,0,0.00086719485,0
v3_public_manual_research_synthetic_row_003589,baseline2_clean,7,adv_30,0,0.00058892753,0
v3_public_manual_research_synthetic_row_000622,baseline2_clean,7,adv_30,0,0.00059571443,0
v3_public_manual_research_synthetic_row_007118,baseline2_clean,7,adv_30,1,0.9989379,1
v3_public_manual_research_synthetic_row_009837,baseline2_clean,7,adv_30,1,0.9740331,1
v3_public_manual_research_synthetic_row_002595,baseline2_clean,7,adv_30,0,0.0005074501,0
v3_public_manual_research_synthetic_row_007315,baseline2_clean,7,adv_30,1,0.9990109,1
v3_public_manual_research_synthetic_row_002666,baseline2_clean,7,adv_30,0,0.00044601978,0
v3_public_manual_research_synthetic_row_007287,baseline2_clean,7,adv_30,1,0.9986884,1
v3_public_manual_research_synthetic_row_000852,baseline2_clean,7,adv_30,0,0.00046735324,0
v3_public_manual_research_synthetic_row_002936,baseline2_clean,7,adv_30,0,0.00043746328,0
v3_public_manual_research_synthetic_row_007568,baseline2_clean,7,adv_30,1,0.9977932,1
v3_public_manual_research_synthetic_row_008813,baseline2_clean,7,adv_30,1,0.99916625,1
v3_public_manual_research_synthetic_row_004753,baseline2_clean,7,adv_30,0,0.000497727,0
v3_public_manual_research_synthetic_row_007721,baseline2_clean,7,adv_30,1,0.99916244,1
v3_public_manual_research_synthetic_row_006973,baseline2_clean,7,adv_30,1,0.9979665,1
v3_public_manual_research_synthetic_row_003160,baseline2_clean,7,adv_30,0,0.0007543492,0
v3_public_manual_research_synthetic_row_002922,baseline2_clean,7,adv_30,0,0.00053599884,0
v3_public_manual_research_synthetic_row_002975,baseline2_clean,7,adv_30,0,0.0007167793,0
v3_public_manual_research_synthetic_row_001947,baseline2_clean,7,adv_30,0,0.00077490066,0
v3_public_manual_research_synthetic_row_009460,baseline2_clean,7,adv_30,1,0.9976119,1
v3_public_manual_research_synthetic_row_003428,baseline2_clean,7,adv_30,0,0.0008148934,0
v3_public_manual_research_synthetic_row_002198,baseline2_clean,7,adv_30,0,0.001142511,0
v3_public_manual_research_synthetic_row_006762,baseline2_clean,7,adv_30,1,0.99653196,1
v3_public_manual_research_synthetic_row_000298,baseline2_clean,7,adv_30,0,0.00057917245,0
v3_public_manual_research_synthetic_row_005088,baseline2_clean,7,adv_30,0,0.0004423663,0
v3_public_manual_research_synthetic_row_006384,baseline2_clean,7,adv_30,1,0.99668676,1
v3_public_manual_research_synthetic_row_001611,baseline2_clean,7,adv_30,0,0.0005492676,0
v3_public_manual_research_synthetic_row_008559,baseline2_clean,7,adv_30,1,0.99825615,1
v3_public_manual_research_synthetic_row_006942,baseline2_clean,7,adv_30,1,0.99916327,1
v3_public_manual_research_synthetic_row_004253,baseline2_clean,7,adv_30,0,0.020444658,0
v3_public_manual_research_synthetic_row_004075,baseline2_clean,7,adv_30,0,0.00060990546,0
v3_public_manual_research_synthetic_row_002072,baseline2_clean,7,adv_30,0,0.00056669395,0
v3_public_manual_research_synthetic_row_003008,baseline2_clean,7,adv_30,0,0.00048958545,0
v3_public_manual_research_synthetic_row_002981,baseline2_clean,7,adv_30,0,0.0004614697,0
v3_public_manual_research_synthetic_row_009487,baseline2_clean,7,adv_30,1,0.9986104,1
v3_public_manual_research_synthetic_row_003362,baseline2_clean,7,adv_30,0,0.0007962802,0
v3_public_manual_research_synthetic_row_002420,baseline2_clean,7,adv_30,0,0.0005121451,0
v3_public_manual_research_synthetic_row_002611,baseline2_clean,7,adv_30,0,0.00046710586,0
v3_public_manual_research_synthetic_row_006754,baseline2_clean,7,adv_30,1,0.999092,1
v3_public_manual_research_synthetic_row_001344,baseline2_clean,7,adv_30,0,0.00079345354,0
v3_public_manual_research_synthetic_row_009774,baseline2_clean,7,adv_30,1,0.9721404,1
v3_public_manual_research_synthetic_row_005899,baseline2_clean,7,adv_30,1,0.99879885,1
v3_public_manual_research_synthetic_row_006248,baseline2_clean,7,adv_30,1,0.99910635,1
v3_public_manual_research_synthetic_row_006451,baseline2_clean,7,adv_30,1,0.99890304,1
v3_public_manual_research_synthetic_row_000651,baseline2_clean,7,adv_30,0,0.0006194548,0
v3_public_manual_research_synthetic_row_007364,baseline2_clean,7,adv_30,1,0.56880355,1
v3_public_manual_research_synthetic_row_007771,baseline2_clean,7,adv_30,1,0.9972172,1
v3_public_manual_research_synthetic_row_009508,baseline2_clean,7,adv_30,1,0.9968321,1
v3_public_manual_research_synthetic_row_001049,baseline2_clean,7,adv_30,0,0.00065270107,0
v3_public_manual_research_synthetic_row_008783,baseline2_clean,7,adv_30,1,0.9993119,1
v3_public_manual_research_synthetic_row_008415,baseline2_clean,7,adv_30,1,0.08762356,0
v3_public_manual_research_synthetic_row_007823,baseline2_clean,7,adv_30,1,0.9986419,1
v3_public_manual_research_synthetic_row_007490,baseline2_clean,7,adv_30,1,0.99743086,1
v3_public_manual_research_synthetic_row_005230,baseline2_clean,7,adv_30,0,0.0006675657,0
v3_public_manual_research_synthetic_row_002576,baseline2_clean,7,adv_30,0,0.0005423786,0
v3_public_manual_research_synthetic_row_009080,baseline2_clean,7,adv_30,1,0.9986297,1
v3_public_manual_research_synthetic_row_005308,baseline2_clean,7,adv_30,1,0.99857914,1
v3_public_manual_research_synthetic_row_003181,baseline2_clean,7,adv_30,0,0.00047920176,0
v3_public_manual_research_synthetic_row_001797,baseline2_clean,7,adv_30,0,0.00079818786,0
v3_public_manual_research_synthetic_row_001543,baseline2_clean,7,adv_30,0,0.0007649168,0
v3_public_manual_research_synthetic_row_004772,baseline2_clean,7,adv_30,0,0.00042828848,0
v3_public_manual_research_synthetic_row_003157,baseline2_clean,7,adv_30,0,0.004611404,0
v3_public_manual_research_synthetic_row_006250,baseline2_clean,7,adv_30,1,0.9893538,1
v3_public_manual_research_synthetic_row_000755,baseline2_clean,7,adv_30,0,0.00086942286,0
v3_public_manual_research_synthetic_row_008644,baseline2_clean,7,adv_30,1,0.99910754,1
v3_public_manual_research_synthetic_row_000444,baseline2_clean,7,adv_30,0,0.0004641467,0
v3_public_manual_research_synthetic_row_006522,baseline2_clean,7,adv_30,1,0.9986992,1
v3_public_manual_research_synthetic_row_007967,baseline2_clean,7,adv_30,1,0.0068419855,0
v3_public_manual_research_synthetic_row_007530,baseline2_clean,7,adv_30,1,0.99916697,1
v3_public_manual_research_synthetic_row_000620,baseline2_clean,7,adv_30,0,0.0006653078,0
v3_public_manual_research_synthetic_row_001089,baseline2_clean,7,adv_30,0,0.0005234874,0
v3_public_manual_research_synthetic_row_004225,baseline2_clean,7,adv_30,0,0.001100077,0
v3_public_manual_research_synthetic_row_003455,baseline2_clean,7,adv_30,0,0.0005199113,0
v3_public_manual_research_synthetic_row_008992,baseline2_clean,7,adv_30,1,0.9991449,1
v3_public_manual_research_synthetic_row_009464,baseline2_clean,7,adv_30,1,0.99595696,1
v3_public_manual_research_synthetic_row_006130,baseline2_clean,7,adv_30,1,0.99904484,1
v3_public_manual_research_synthetic_row_003062,baseline2_clean,7,adv_30,0,0.0005857984,0
v3_public_manual_research_synthetic_row_008456,baseline2_clean,7,adv_30,1,0.99889416,1
v3_public_manual_research_synthetic_row_004334,baseline2_clean,7,adv_30,0,0.0006398307,0
v3_public_manual_research_synthetic_row_008186,baseline2_clean,7,adv_30,1,0.99775594,1
v3_public_manual_research_synthetic_row_007799,baseline2_clean,7,adv_30,1,0.99392575,1
v3_public_manual_research_synthetic_row_008113,baseline2_clean,7,adv_30,1,0.645975,1
v3_public_manual_research_synthetic_row_003053,baseline2_clean,7,adv_30,0,0.00047374953,0
v3_public_manual_research_synthetic_row_002682,baseline2_clean,7,adv_30,0,0.00045589765,0
v3_public_manual_research_synthetic_row_001443,baseline2_clean,7,adv_30,0,0.00062855094,0
v3_public_manual_research_synthetic_row_002839,baseline2_clean,7,adv_30,0,0.00047821546,0
v3_public_manual_research_synthetic_row_006782,baseline2_clean,7,adv_30,1,0.9990088,1
v3_public_manual_research_synthetic_row_003889,baseline2_clean,7,adv_30,0,0.0005569763,0
v3_public_manual_research_synthetic_row_000820,baseline2_clean,7,adv_30,0,0.00063460576,0
v3_public_manual_research_synthetic_row_006013,baseline2_clean,7,adv_30,1,0.99904174,1
v3_public_manual_research_synthetic_row_010291,baseline2_clean,7,adv_30,1,0.99879706,1
v3_public_manual_research_synthetic_row_005743,baseline2_clean,7,adv_30,1,0.99552464,1
v3_public_manual_research_synthetic_row_000161,baseline2_clean,7,adv_30,0,0.045828372,0
v3_public_manual_research_synthetic_row_005823,baseline2_clean,7,adv_30,1,0.99928856,1
v3_public_manual_research_synthetic_row_002272,baseline2_clean,7,adv_30,0,0.00049460866,0
v3_public_manual_research_synthetic_row_003863,baseline2_clean,7,adv_30,0,0.0005452551,0
v3_public_manual_research_synthetic_row_007479,baseline2_clean,7,adv_30,1,0.9991629,1
v3_public_manual_research_synthetic_row_009228,baseline2_clean,7,adv_30,1,0.9992465,1
v3_public_manual_research_synthetic_row_006529,baseline2_clean,7,adv_30,1,0.99842334,1
v3_public_manual_research_synthetic_row_007304,baseline2_clean,7,adv_30,1,0.9981787,1
v3_public_manual_research_synthetic_row_003328,baseline2_clean,7,adv_30,0,0.00045019842,0
v3_public_manual_research_synthetic_row_005154,baseline2_clean,7,adv_30,0,0.0004720155,0
v3_public_manual_research_synthetic_row_006595,baseline2_clean,7,adv_30,1,0.99742377,1
v3_public_manual_research_synthetic_row_005522,baseline2_clean,7,adv_30,1,0.9985368,1
v3_public_manual_research_synthetic_row_003156,baseline2_clean,7,adv_30,0,0.00070468,0
v3_public_manual_research_synthetic_row_007338,baseline2_clean,7,adv_30,1,0.99910223,1
v3_public_manual_research_synthetic_row_006320,baseline2_clean,7,adv_30,1,0.9990339,1
v3_public_manual_research_synthetic_row_007689,baseline2_clean,7,adv_30,1,0.99886215,1
v3_public_manual_research_synthetic_row_008122,baseline2_clean,7,adv_30,1,0.9990325,1
v3_public_manual_research_synthetic_row_005853,baseline2_clean,7,adv_30,1,0.9986046,1
v3_public_manual_research_synthetic_row_006732,baseline2_clean,7,adv_30,1,0.99870634,1
v3_public_manual_research_synthetic_row_003533,baseline2_clean,7,adv_30,0,0.00045247484,0
v3_public_manual_research_synthetic_row_008568,baseline2_clean,7,adv_30,1,0.99889934,1
v3_public_manual_research_synthetic_row_000702,baseline2_clean,7,adv_30,0,0.0005703429,0
v3_public_manual_research_synthetic_row_007072,baseline2_clean,7,adv_30,1,0.9985177,1
v3_public_manual_research_synthetic_row_002667,baseline2_clean,7,adv_30,0,0.00059262326,0
v3_public_manual_research_synthetic_row_002852,baseline2_clean,7,adv_30,0,0.0004590302,0
v3_public_manual_research_synthetic_row_003456,baseline2_clean,7,adv_30,0,0.00048320266,0
v3_public_manual_research_synthetic_row_008564,baseline2_clean,7,adv_30,1,0.9985916,1
v3_public_manual_research_synthetic_row_001149,baseline2_clean,7,adv_30,0,0.00052614,0
v3_public_manual_research_synthetic_row_006736,baseline2_clean,7,adv_30,1,0.99703026,1
v3_public_manual_research_synthetic_row_008799,baseline2_clean,7,adv_30,1,0.9970469,1
v3_public_manual_research_synthetic_row_005331,baseline2_clean,7,adv_30,1,0.99926084,1
v3_public_manual_research_synthetic_row_003610,baseline2_clean,7,adv_30,0,0.0004623437,0
v3_public_manual_research_synthetic_row_002756,baseline2_clean,7,adv_30,0,0.00045846342,0
v3_public_manual_research_synthetic_row_005312,baseline2_clean,7,adv_30,1,0.9981713,1
v3_public_manual_research_synthetic_row_003197,baseline2_clean,7,adv_30,0,0.00048688203,0
v3_public_manual_research_synthetic_row_005847,baseline2_clean,7,adv_30,1,0.99863523,1
v3_public_manual_research_synthetic_row_007848,baseline2_clean,7,adv_30,1,0.9969799,1
v3_public_manual_research_synthetic_row_002514,baseline2_clean,7,adv_30,0,0.000528461,0
v3_public_manual_research_synthetic_row_007394,baseline2_clean,7,adv_30,1,0.998838,1
v3_public_manual_research_synthetic_row_001842,baseline2_clean,7,adv_30,0,0.0010698915,0
v3_public_manual_research_synthetic_row_005733,baseline2_clean,7,adv_30,1,0.99887055,1
v3_public_manual_research_synthetic_row_009852,baseline2_clean,7,adv_30,1,0.9979857,1
v3_public_manual_research_synthetic_row_005276,baseline2_clean,7,adv_30,1,0.9986809,1
v3_public_manual_research_synthetic_row_009152,baseline2_clean,7,adv_30,1,0.999113,1
v3_public_manual_research_synthetic_row_003043,baseline2_clean,7,adv_30,0,0.0005650308,0
v3_public_manual_research_synthetic_row_002817,baseline2_clean,7,adv_30,0,0.000739116,0
v3_public_manual_research_synthetic_row_000018,baseline2_clean,7,adv_30,0,0.99776614,1
v3_public_manual_research_synthetic_row_004713,baseline2_clean,7,adv_30,0,0.000440292,0
v3_public_manual_research_synthetic_row_004563,baseline2_clean,7,adv_30,0,0.0046158736,0
v3_public_manual_research_synthetic_row_009296,baseline2_clean,7,adv_30,1,0.99915755,1
v3_public_manual_research_synthetic_row_008610,baseline2_clean,7,adv_30,1,0.9990658,1
v3_public_manual_research_synthetic_row_004594,baseline2_clean,7,adv_30,0,0.00078154635,0
v3_public_manual_research_synthetic_row_004206,baseline2_clean,7,adv_30,0,0.00051000266,0
v3_public_manual_research_synthetic_row_004559,baseline2_clean,7,adv_30,0,0.00069398794,0
v3_public_manual_research_synthetic_row_004397,baseline2_clean,7,adv_30,0,0.00048559494,0
v3_public_manual_research_synthetic_row_003567,baseline2_clean,7,adv_30,0,0.0006665333,0
v3_public_manual_research_synthetic_row_002275,baseline2_clean,7,adv_30,0,0.0005968844,0
v3_public_manual_research_synthetic_row_006757,baseline2_clean,7,adv_30,1,0.9986071,1
v3_public_manual_research_synthetic_row_004285,baseline2_clean,7,adv_30,0,0.00053147797,0
v3_public_manual_research_synthetic_row_003849,baseline2_clean,7,adv_30,0,0.0017878568,0
v3_public_manual_research_synthetic_row_004401,baseline2_clean,7,adv_30,0,0.0004889686,0
v3_public_manual_research_synthetic_row_003821,baseline2_clean,7,adv_30,0,0.00048072182,0
v3_public_manual_research_synthetic_row_007705,baseline2_clean,7,adv_30,1,0.99899524,1
v3_public_manual_research_synthetic_row_006187,baseline2_clean,7,adv_30,1,0.99837214,1
v3_public_manual_research_synthetic_row_005328,baseline2_clean,7,adv_30,1,0.9988488,1
v3_public_manual_research_synthetic_row_008323,baseline2_clean,7,adv_30,1,0.999019,1
v3_public_manual_research_synthetic_row_006705,baseline2_clean,7,adv_30,1,0.99907327,1
v3_public_manual_research_synthetic_row_009871,baseline2_clean,7,adv_30,1,0.0007300037,0
v3_public_manual_research_synthetic_row_008422,baseline2_clean,7,adv_30,1,0.9984028,1
v3_public_manual_research_synthetic_row_000515,baseline2_clean,7,adv_30,0,0.00042955147,0
v3_public_manual_research_synthetic_row_006450,baseline2_clean,7,adv_30,1,0.9980009,1
v3_public_manual_research_synthetic_row_008566,baseline2_clean,7,adv_30,1,0.99867344,1
v3_public_manual_research_synthetic_row_010372,baseline2_clean,7,adv_30,1,0.99903893,1
v3_public_manual_research_synthetic_row_008300,baseline2_clean,7,adv_30,1,0.9982951,1
v3_public_manual_research_synthetic_row_003750,baseline2_clean,7,adv_30,0,0.0006777702,0
v3_public_manual_research_synthetic_row_007734,baseline2_clean,7,adv_30,1,0.99855465,1
v3_public_manual_research_synthetic_row_010411,baseline2_clean,7,adv_30,1,0.9985026,1
v3_public_manual_research_synthetic_row_007712,baseline2_clean,7,adv_30,1,0.9992673,1
v3_public_manual_research_synthetic_row_008878,baseline2_clean,7,adv_30,1,0.99914575,1
v3_public_manual_research_synthetic_row_005054,baseline2_clean,7,adv_30,0,0.00231388,0
v3_public_manual_research_synthetic_row_006164,baseline2_clean,7,adv_30,1,0.37636828,0
v3_public_manual_research_synthetic_row_001099,baseline2_clean,7,adv_30,0,0.00060023484,0
v3_public_manual_research_synthetic_row_008787,baseline2_clean,7,adv_30,1,0.9991819,1
v3_public_manual_research_synthetic_row_007132,baseline2_clean,7,adv_30,1,0.9989039,1
v3_public_manual_research_synthetic_row_009966,baseline2_clean,7,adv_30,1,0.9990308,1
v3_public_manual_research_synthetic_row_005430,baseline2_clean,7,adv_30,1,0.99878293,1
v3_public_manual_research_synthetic_row_001993,baseline2_clean,7,adv_30,0,0.00075000874,0
v3_public_manual_research_synthetic_row_008900,baseline2_clean,7,adv_30,1,0.9985605,1
v3_public_manual_research_synthetic_row_008689,baseline2_clean,7,adv_30,1,0.9992281,1
v3_public_manual_research_synthetic_row_001381,baseline2_clean,7,adv_30,0,0.0012014902,0
v3_public_manual_research_synthetic_row_009370,baseline2_clean,7,adv_30,1,0.99880016,1
v3_public_manual_research_synthetic_row_001927,baseline2_clean,7,adv_30,0,0.0014641548,0
v3_public_manual_research_synthetic_row_009301,baseline2_clean,7,adv_30,1,0.99909234,1
v3_public_manual_research_synthetic_row_005067,baseline2_clean,7,adv_30,0,0.0005179459,0
v3_public_manual_research_synthetic_row_005728,baseline2_clean,7,adv_30,1,0.99887675,1
v3_public_manual_research_synthetic_row_001474,baseline2_clean,7,adv_30,0,0.000849924,0
v3_public_manual_research_synthetic_row_002108,baseline2_clean,7,adv_30,0,0.0028115965,0
v3_public_manual_research_synthetic_row_000189,baseline2_clean,7,adv_30,0,0.0008042698,0
v3_public_manual_research_synthetic_row_005274,baseline2_clean,7,adv_30,1,0.9987587,1
v3_public_manual_research_synthetic_row_006952,baseline2_clean,7,adv_30,1,0.9986965,1
v3_public_manual_research_synthetic_row_007062,baseline2_clean,7,adv_30,1,0.99864846,1
v3_public_manual_research_synthetic_row_008786,baseline2_clean,7,adv_30,1,0.9927602,1
v3_public_manual_research_synthetic_row_005381,baseline2_clean,7,adv_30,1,0.9991098,1
v3_public_manual_research_synthetic_row_001751,baseline2_clean,7,adv_30,0,0.0005764433,0
v3_public_manual_research_synthetic_row_002228,baseline2_clean,7,adv_30,0,0.00048080756,0
v3_public_manual_research_synthetic_row_003961,baseline2_clean,7,adv_30,0,0.00046755327,0
v3_public_manual_research_synthetic_row_000293,baseline2_clean,7,adv_30,0,0.0005795286,0
v3_public_manual_research_synthetic_row_002464,baseline2_clean,7,adv_30,0,0.00066394976,0
v3_public_manual_research_synthetic_row_001422,baseline2_clean,7,adv_30,0,0.00047901386,0
v3_public_manual_research_synthetic_row_009101,baseline2_clean,7,adv_30,1,0.99882287,1
v3_public_manual_research_synthetic_row_002015,baseline2_clean,7,adv_30,0,0.0010405703,0
v3_public_manual_research_synthetic_row_009739,baseline2_clean,7,adv_30,1,0.99898666,1
v3_public_manual_research_synthetic_row_008602,baseline2_clean,7,adv_30,1,0.9989116,1
v3_public_manual_research_synthetic_row_009717,baseline2_clean,7,adv_30,1,0.998944,1
v3_public_manual_research_synthetic_row_000143,baseline2_clean,7,adv_30,0,0.08810136,0
v3_public_manual_research_synthetic_row_000579,baseline2_clean,7,adv_30,0,0.0006319794,0
v3_public_manual_research_synthetic_row_008508,baseline2_clean,7,adv_30,1,0.99910897,1
v3_public_manual_research_synthetic_row_009818,baseline2_clean,7,adv_30,1,0.3353257,0
v3_public_manual_research_synthetic_row_002501,baseline2_clean,7,adv_30,0,0.00051936234,0
v3_public_manual_research_synthetic_row_009562,baseline2_clean,7,adv_30,1,0.9991623,1
v3_public_manual_research_synthetic_row_006699,baseline2_clean,7,adv_30,1,0.9992668,1
v3_public_manual_research_synthetic_row_004131,baseline2_clean,7,adv_30,0,0.00047585406,0
v3_public_manual_research_synthetic_row_008478,baseline2_clean,7,adv_30,1,0.5265865,1
v3_public_manual_research_synthetic_row_001208,baseline2_clean,7,adv_30,0,0.0006373461,0
v3_public_manual_research_synthetic_row_008940,baseline2_clean,7,adv_30,1,0.995678,1
v3_public_manual_research_synthetic_row_007728,baseline2_clean,7,adv_30,1,0.9988668,1
v3_public_manual_research_synthetic_row_003812,baseline2_clean,7,adv_30,0,0.0004417344,0
v3_public_manual_research_synthetic_row_000893,baseline2_clean,7,adv_30,0,0.00050525094,0
v3_public_manual_research_synthetic_row_004194,baseline2_clean,7,adv_30,0,0.00092297303,0
v3_public_manual_research_synthetic_row_009679,baseline2_clean,7,adv_30,1,0.29814878,0
v3_public_manual_research_synthetic_row_008121,baseline2_clean,7,adv_30,1,0.99912006,1
v3_public_manual_research_synthetic_row_003723,baseline2_clean,7,adv_30,0,0.0013584805,0
v3_public_manual_research_synthetic_row_001495,baseline2_clean,7,adv_30,0,0.00051435886,0
v3_public_manual_research_synthetic_row_007452,baseline2_clean,7,adv_30,1,0.99889225,1
v3_public_manual_research_synthetic_row_000813,baseline2_clean,7,adv_30,0,0.0005078856,0
v3_public_manual_research_synthetic_row_007216,baseline2_clean,7,adv_30,1,0.99880683,1
v3_public_manual_research_synthetic_row_008535,baseline2_clean,7,adv_30,1,0.9987777,1
v3_public_manual_research_synthetic_row_007376,baseline2_clean,7,adv_30,1,0.99565434,1
v3_public_manual_research_synthetic_row_006378,baseline2_clean,7,adv_30,1,0.99920577,1
v3_public_manual_research_synthetic_row_010381,baseline2_clean,7,adv_30,1,0.99909604,1
v3_public_manual_research_synthetic_row_005881,baseline2_clean,7,adv_30,1,0.9963565,1
v3_public_manual_research_synthetic_row_005090,baseline2_clean,7,adv_30,0,0.00067085575,0
v3_public_manual_research_synthetic_row_006686,baseline2_clean,7,adv_30,1,0.9991366,1
v3_public_manual_research_synthetic_row_009318,baseline2_clean,7,adv_30,1,0.9990144,1
v3_public_manual_research_synthetic_row_007140,baseline2_clean,7,adv_30,1,0.97495985,1
v3_public_manual_research_synthetic_row_000640,baseline2_clean,7,adv_30,0,0.0005109671,0
v3_public_manual_research_synthetic_row_007186,baseline2_clean,7,adv_30,1,0.99757,1
v3_public_manual_research_synthetic_row_002021,baseline2_clean,7,adv_30,0,0.0005512854,0
v3_public_manual_research_synthetic_row_005359,baseline2_clean,7,adv_30,1,0.9972192,1
v3_public_manual_research_synthetic_row_000840,baseline2_clean,7,adv_30,0,0.00057349005,0
v3_public_manual_research_synthetic_row_007991,baseline2_clean,7,adv_30,1,0.99824727,1
v3_public_manual_research_synthetic_row_005655,baseline2_clean,7,adv_30,1,0.9989208,1
v3_public_manual_research_synthetic_row_006742,baseline2_clean,7,adv_30,1,0.033334296,0
v3_public_manual_research_synthetic_row_006397,baseline2_clean,7,adv_30,1,0.9988427,1
v3_public_manual_research_synthetic_row_009056,baseline2_clean,7,adv_30,1,0.9990625,1
v3_public_manual_research_synthetic_row_005294,baseline2_clean,7,adv_30,1,0.99126464,1
v3_public_manual_research_synthetic_row_004816,baseline2_clean,7,adv_30,0,0.00045480035,0
v3_public_manual_research_synthetic_row_004589,baseline2_clean,7,adv_30,0,0.0005618615,0
v3_public_manual_research_synthetic_row_006473,baseline2_clean,7,adv_30,1,0.99716824,1
v3_public_manual_research_synthetic_row_001384,baseline2_clean,7,adv_30,0,0.0006124624,0
v3_public_manual_research_synthetic_row_001600,baseline2_clean,7,adv_30,0,0.0005576302,0
v3_public_manual_research_synthetic_row_003100,baseline2_clean,7,adv_30,0,0.00046266973,0
v3_public_manual_research_synthetic_row_000098,baseline2_clean,7,adv_30,0,0.001624667,0
v3_public_manual_research_synthetic_row_006178,baseline2_clean,7,adv_30,1,0.99916184,1
v3_public_manual_research_synthetic_row_004405,baseline2_clean,7,adv_30,0,0.0005287505,0
v3_public_manual_research_synthetic_row_009907,baseline2_clean,7,adv_30,1,0.9988325,1
v3_public_manual_research_synthetic_row_004862,baseline2_clean,7,adv_30,0,0.00056305085,0
v3_public_manual_research_synthetic_row_003014,baseline2_clean,7,adv_30,0,0.00063405384,0
v3_public_manual_research_synthetic_row_003188,baseline2_clean,7,adv_30,0,0.00051646127,0
v3_public_manual_research_synthetic_row_009989,baseline2_clean,7,adv_30,1,0.99918777,1
v3_public_manual_research_synthetic_row_001395,baseline2_clean,7,adv_30,0,0.0005258134,0
v3_public_manual_research_synthetic_row_009519,baseline2_clean,7,adv_30,1,0.9989404,1
v3_public_manual_research_synthetic_row_007539,baseline2_clean,7,adv_30,1,0.9862018,1
v3_public_manual_research_synthetic_row_000772,baseline2_clean,7,adv_30,0,0.99420244,1
v3_public_manual_research_synthetic_row_007380,baseline2_clean,7,adv_30,1,0.9982931,1
v3_public_manual_research_synthetic_row_010079,baseline2_clean,7,adv_30,1,0.99931717,1
v3_public_manual_research_synthetic_row_005562,baseline2_clean,7,adv_30,1,0.9960956,1
v3_public_manual_research_synthetic_row_002840,baseline2_clean,7,adv_30,0,0.00080581877,0
v3_public_manual_research_synthetic_row_003183,baseline2_clean,7,adv_30,0,0.0008627738,0
v3_public_manual_research_synthetic_row_007908,baseline2_clean,7,adv_30,1,0.99926406,1
v3_public_manual_research_synthetic_row_006692,baseline2_clean,7,adv_30,1,0.998691,1
v3_public_manual_research_synthetic_row_000349,baseline2_clean,7,adv_30,0,0.0007886747,0
v3_public_manual_research_synthetic_row_002784,baseline2_clean,7,adv_30,0,0.00046186027,0
v3_public_manual_research_synthetic_row_000706,baseline2_clean,7,adv_30,0,0.0004965871,0
v3_public_manual_research_synthetic_row_006565,baseline2_clean,7,adv_30,1,0.9989711,1
v3_public_manual_research_synthetic_row_003832,baseline2_clean,7,adv_30,0,0.0005306749,0
v3_public_manual_research_synthetic_row_000415,baseline2_clean,7,adv_30,0,0.00055199413,0
v3_public_manual_research_synthetic_row_001597,baseline2_clean,7,adv_30,0,0.0005670975,0
v3_public_manual_research_synthetic_row_000861,baseline2_clean,7,adv_30,0,0.00056971697,0
v3_public_manual_research_synthetic_row_005039,baseline2_clean,7,adv_30,0,0.033126,0
v3_public_manual_research_synthetic_row_004427,baseline2_clean,7,adv_30,0,0.0005194628,0
v3_public_manual_research_synthetic_row_003269,baseline2_clean,7,adv_30,0,0.00049747707,0
v3_public_manual_research_synthetic_row_003257,baseline2_clean,7,adv_30,0,0.00045093635,0
v3_public_manual_research_synthetic_row_002729,baseline2_clean,7,adv_30,0,0.00067984575,0
v3_public_manual_research_synthetic_row_006566,baseline2_clean,7,adv_30,1,0.9981426,1
v3_public_manual_research_synthetic_row_002652,baseline2_clean,7,adv_30,0,0.00046882345,0
v3_public_manual_research_synthetic_row_006991,baseline2_clean,7,adv_30,1,0.99900407,1
v3_public_manual_research_synthetic_row_009246,baseline2_clean,7,adv_30,1,0.9978898,1
v3_public_manual_research_synthetic_row_003596,baseline2_clean,7,adv_30,0,0.00050677435,0
v3_public_manual_research_synthetic_row_002050,baseline2_clean,7,adv_30,0,0.00055494887,0
v3_public_manual_research_synthetic_row_005527,baseline2_clean,7,adv_30,1,0.99671614,1
v3_public_manual_research_synthetic_row_006300,baseline2_clean,7,adv_30,1,0.99744403,1
v3_public_manual_research_synthetic_row_001372,baseline2_clean,7,adv_30,0,0.0008646749,0
v3_public_manual_research_synthetic_row_004084,baseline2_clean,7,adv_30,0,0.0004590313,0
v3_public_manual_research_synthetic_row_007834,baseline2_clean,7,adv_30,1,0.9985863,1
v3_public_manual_research_synthetic_row_001940,baseline2_clean,7,adv_30,0,0.0007048777,0
v3_public_manual_research_synthetic_row_007585,baseline2_clean,7,adv_30,1,0.9982356,1
v3_public_manual_research_synthetic_row_008811,baseline2_clean,7,adv_30,1,0.9989446,1
v3_public_manual_research_synthetic_row_003773,baseline2_clean,7,adv_30,0,0.012022873,0
v3_public_manual_research_synthetic_row_004269,baseline2_clean,7,adv_30,0,0.0004527457,0
v3_public_manual_research_synthetic_row_010270,baseline2_clean,7,adv_30,1,0.9990688,1
v3_public_manual_research_synthetic_row_005556,baseline2_clean,7,adv_30,1,0.9988865,1
v3_public_manual_research_synthetic_row_009021,baseline2_clean,7,adv_30,1,0.998847,1
v3_public_manual_research_synthetic_row_002749,baseline2_clean,7,adv_30,0,0.0005626579,0
v3_public_manual_research_synthetic_row_001584,baseline2_clean,7,adv_30,0,0.00050686416,0
v3_public_manual_research_synthetic_row_005597,baseline2_clean,7,adv_30,1,0.9930387,1
v3_public_manual_research_synthetic_row_006383,baseline2_clean,7,adv_30,1,0.9986199,1
v3_public_manual_research_synthetic_row_002401,baseline2_clean,7,adv_30,0,0.00047594123,0
v3_public_manual_research_synthetic_row_000142,baseline2_clean,7,adv_30,0,0.0018375332,0
v3_public_manual_research_synthetic_row_007837,baseline2_clean,7,adv_30,1,0.99883467,1
v3_public_manual_research_synthetic_row_003470,baseline2_clean,7,adv_30,0,0.00044021627,0
v3_public_manual_research_synthetic_row_000938,baseline2_clean,7,adv_30,0,0.00051101035,0
v3_public_manual_research_synthetic_row_005741,baseline2_clean,7,adv_30,1,0.998139,1
v3_public_manual_research_synthetic_row_002479,baseline2_clean,7,adv_30,0,0.00092000805,0
v3_public_manual_research_synthetic_row_000591,baseline2_clean,7,adv_30,0,0.00047155155,0
v3_public_manual_research_synthetic_row_009286,baseline2_clean,7,adv_30,1,0.9981376,1
v3_public_manual_research_synthetic_row_005301,baseline2_clean,7,adv_30,1,0.99888927,1
v3_public_manual_research_synthetic_row_004102,baseline2_clean,7,adv_30,0,0.00046392332,0
v3_public_manual_research_synthetic_row_008076,baseline2_clean,7,adv_30,1,0.997294,1
v3_public_manual_research_synthetic_row_004055,baseline2_clean,7,adv_30,0,0.00086320634,0
v3_public_manual_research_synthetic_row_007384,baseline2_clean,7,adv_30,1,0.9970548,1
v3_public_manual_research_synthetic_row_008501,baseline2_clean,7,adv_30,1,0.9985177,1
v3_public_manual_research_synthetic_row_008486,baseline2_clean,7,adv_30,1,0.99833786,1
v3_public_manual_research_synthetic_row_004513,baseline2_clean,7,adv_30,0,0.0010788444,0
v3_public_manual_research_synthetic_row_001273,baseline2_clean,7,adv_30,0,0.0006833445,0
v3_public_manual_research_synthetic_row_001928,baseline2_clean,7,adv_30,0,0.00064530136,0
v3_public_manual_research_synthetic_row_009498,baseline2_clean,7,adv_30,1,0.99861383,1
v3_public_manual_research_synthetic_row_000509,baseline2_clean,7,adv_30,0,0.0008950108,0
v3_public_manual_research_synthetic_row_003824,baseline2_clean,7,adv_30,0,0.0006655342,0
v3_public_manual_research_synthetic_row_006960,baseline2_clean,7,adv_30,1,0.99882036,1
v3_public_manual_research_synthetic_row_002969,baseline2_clean,7,adv_30,0,0.9533481,1
v3_public_manual_research_synthetic_row_000917,baseline2_clean,7,adv_30,0,0.0005428668,0
v3_public_manual_research_synthetic_row_001938,baseline2_clean,7,adv_30,0,0.0005166504,0
v3_public_manual_research_synthetic_row_007639,baseline2_clean,7,adv_30,1,0.9974203,1
v3_public_manual_research_synthetic_row_009045,baseline2_clean,7,adv_30,1,0.99810684,1
v3_public_manual_research_synthetic_row_006263,baseline2_clean,7,adv_30,1,0.99748945,1
v3_public_manual_research_synthetic_row_002170,baseline2_clean,7,adv_30,0,0.0005839816,0
v3_public_manual_research_synthetic_row_002204,baseline2_clean,7,adv_30,0,0.0005090255,0
v3_public_manual_research_synthetic_row_006975,baseline2_clean,7,adv_30,1,0.9953306,1
v3_public_manual_research_synthetic_row_006145,baseline2_clean,7,adv_30,1,0.98916245,1
v3_public_manual_research_synthetic_row_004527,baseline2_clean,7,adv_30,0,0.000558075,0
v3_public_manual_research_synthetic_row_009979,baseline2_clean,7,adv_30,1,0.99898535,1
v3_public_manual_research_synthetic_row_006141,baseline2_clean,7,adv_30,1,0.9991026,1
v3_public_manual_research_synthetic_row_003064,baseline2_clean,7,adv_30,0,0.00056256406,0
v3_public_manual_research_synthetic_row_004874,baseline2_clean,7,adv_30,0,0.00053734705,0
v3_public_manual_research_synthetic_row_007523,baseline2_clean,7,adv_30,1,0.99866915,1
v3_public_manual_research_synthetic_row_002129,baseline2_clean,7,adv_30,0,0.0005004079,0
v3_public_manual_research_synthetic_row_001038,baseline2_clean,7,adv_30,0,0.00072236714,0
v3_public_manual_research_synthetic_row_009793,baseline2_clean,7,adv_30,1,0.9986149,1
v3_public_manual_research_synthetic_row_007805,baseline2_clean,7,adv_30,1,0.9722009,1
v3_public_manual_research_synthetic_row_006416,baseline2_clean,7,adv_30,1,0.9990483,1
v3_public_manual_research_synthetic_row_007904,baseline2_clean,7,adv_30,1,0.99872524,1
v3_public_manual_research_synthetic_row_002197,baseline2_clean,7,adv_30,0,0.00043279646,0
v3_public_manual_research_synthetic_row_007217,baseline2_clean,7,adv_30,1,0.99916375,1
v3_public_manual_research_synthetic_row_000273,baseline2_clean,7,adv_30,0,0.0008090402,0
v3_public_manual_research_synthetic_row_007113,baseline2_clean,7,adv_30,1,0.99756086,1
v3_public_manual_research_synthetic_row_007753,baseline2_clean,7,adv_30,1,0.9970951,1
v3_public_manual_research_synthetic_row_008856,baseline2_clean,7,adv_30,1,0.96803397,1
v3_public_manual_research_synthetic_row_002894,baseline2_clean,7,adv_30,0,0.06270721,0
v3_public_manual_research_synthetic_row_006894,baseline2_clean,7,adv_30,1,0.99894243,1
v3_public_manual_research_synthetic_row_003962,baseline2_clean,7,adv_30,0,0.00071329385,0
v3_public_manual_research_synthetic_row_004567,baseline2_clean,7,adv_30,0,0.0005284356,0
v3_public_manual_research_synthetic_row_004414,baseline2_clean,7,adv_30,0,0.9781743,1
v3_public_manual_research_synthetic_row_004344,baseline2_clean,7,adv_30,0,0.0005679246,0
v3_public_manual_research_synthetic_row_006920,baseline2_clean,7,adv_30,1,0.99920887,1
v3_public_manual_research_synthetic_row_004885,baseline2_clean,7,adv_30,0,0.00047042427,0
v3_public_manual_research_synthetic_row_002564,baseline2_clean,7,adv_30,0,0.73709255,1
v3_public_manual_research_synthetic_row_008829,baseline2_clean,7,adv_30,1,0.9987382,1
v3_public_manual_research_synthetic_row_002771,baseline2_clean,7,adv_30,0,0.0014193538,0
v3_public_manual_research_synthetic_row_006500,baseline2_clean,7,adv_30,1,0.998102,1
v3_public_manual_research_synthetic_row_004366,baseline2_clean,7,adv_30,0,0.0004704754,0
v3_public_manual_research_synthetic_row_009008,baseline2_clean,7,adv_30,1,0.9983405,1
v3_public_manual_research_synthetic_row_003414,baseline2_clean,7,adv_30,0,0.0004744127,0
v3_public_manual_research_synthetic_row_003586,baseline2_clean,7,adv_30,0,0.00054850953,0
v3_public_manual_research_synthetic_row_009577,baseline2_clean,7,adv_30,1,0.99925333,1
v3_public_manual_research_synthetic_row_005410,baseline2_clean,7,adv_30,1,0.9985745,1
v3_public_manual_research_synthetic_row_007590,baseline2_clean,7,adv_30,1,0.9987243,1
v3_public_manual_research_synthetic_row_004520,baseline2_clean,7,adv_30,0,0.99692637,1
v3_public_manual_research_synthetic_row_009952,baseline2_clean,7,adv_30,1,0.99604625,1
v3_public_manual_research_synthetic_row_008003,baseline2_clean,7,adv_30,1,0.9979038,1
v3_public_manual_research_synthetic_row_008350,baseline2_clean,7,adv_30,1,0.004413896,0
v3_public_manual_research_synthetic_row_003106,baseline2_clean,7,adv_30,0,0.00077268365,0
v3_public_manual_research_synthetic_row_009084,baseline2_clean,7,adv_30,1,0.9989478,1
v3_public_manual_research_synthetic_row_010365,baseline2_clean,7,adv_30,1,0.9983706,1
v3_public_manual_research_synthetic_row_004930,baseline2_clean,7,adv_30,0,0.00055546354,0
v3_public_manual_research_synthetic_row_000656,baseline2_clean,7,adv_30,0,0.0004550853,0
v3_public_manual_research_synthetic_row_009806,baseline2_clean,7,adv_30,1,0.99464923,1
v3_public_manual_research_synthetic_row_006352,baseline2_clean,7,adv_30,1,0.9991086,1
v3_public_manual_research_synthetic_row_009401,baseline2_clean,7,adv_30,1,0.9990251,1
v3_public_manual_research_synthetic_row_008805,baseline2_clean,7,adv_30,1,0.99741286,1
v3_public_manual_research_synthetic_row_000662,baseline2_clean,7,adv_30,0,0.0006997609,0
v3_public_manual_research_synthetic_row_000674,baseline2_clean,7,adv_30,0,0.00051644724,0
v3_public_manual_research_synthetic_row_008349,baseline2_clean,7,adv_30,1,0.99890625,1
v3_public_manual_research_synthetic_row_005760,baseline2_clean,7,adv_30,1,0.9991665,1
v3_public_manual_research_synthetic_row_006890,baseline2_clean,7,adv_30,1,0.99868065,1
v3_public_manual_research_synthetic_row_001981,baseline2_clean,7,adv_30,0,0.000639636,0
v3_public_manual_research_synthetic_row_008845,baseline2_clean,7,adv_30,1,0.99923503,1
v3_public_manual_research_synthetic_row_008115,baseline2_clean,7,adv_30,1,0.9991542,1
v3_public_manual_research_synthetic_row_002084,baseline2_clean,7,adv_30,0,0.00047023062,0
v3_public_manual_research_synthetic_row_004857,baseline2_clean,7,adv_30,0,0.00062452833,0
v3_public_manual_research_synthetic_row_003279,baseline2_clean,7,adv_30,0,0.00056880334,0
v3_public_manual_research_synthetic_row_005757,baseline2_clean,7,adv_30,1,0.8872299,1
v3_public_manual_research_synthetic_row_000749,baseline2_clean,7,adv_30,0,0.00044945255,0
v3_public_manual_research_synthetic_row_006831,baseline2_clean,7,adv_30,1,0.99823344,1
v3_public_manual_research_synthetic_row_006729,baseline2_clean,7,adv_30,1,0.9961455,1
v3_public_manual_research_synthetic_row_000909,baseline2_clean,7,adv_30,0,0.00054832245,0
v3_public_manual_research_synthetic_row_007976,baseline2_clean,7,adv_30,1,0.0014880756,0
v3_public_manual_research_synthetic_row_005657,baseline2_clean,7,adv_30,1,0.9977447,1
v3_public_manual_research_synthetic_row_002974,baseline2_clean,7,adv_30,0,0.00049174484,0
v3_public_manual_research_synthetic_row_006718,baseline2_clean,7,adv_30,1,0.9989405,1
v3_public_manual_research_synthetic_row_001748,baseline2_clean,7,adv_30,0,0.00057374535,0
v3_public_manual_research_synthetic_row_006170,baseline2_clean,7,adv_30,1,0.99925846,1
v3_public_manual_research_synthetic_row_006656,baseline2_clean,7,adv_30,1,0.9991666,1
v3_public_manual_research_synthetic_row_006035,baseline2_clean,7,adv_30,1,0.9990747,1
v3_public_manual_research_synthetic_row_009353,baseline2_clean,7,adv_30,1,0.9985744,1
v3_public_manual_research_synthetic_row_004381,baseline2_clean,7,adv_30,0,0.0004642666,0
v3_public_manual_research_synthetic_row_001167,baseline2_clean,7,adv_30,0,0.00066157256,0
v3_public_manual_research_synthetic_row_000665,baseline2_clean,7,adv_30,0,0.0020684358,0
v3_public_manual_research_synthetic_row_001687,baseline2_clean,7,adv_30,0,0.0007965641,0
v3_public_manual_research_synthetic_row_000953,baseline2_clean,7,adv_30,0,0.0006247972,0
v3_public_manual_research_synthetic_row_001501,baseline2_clean,7,adv_30,0,0.00056507904,0
v3_public_manual_research_synthetic_row_003272,baseline2_clean,7,adv_30,0,0.00047960665,0
v3_public_manual_research_synthetic_row_002449,baseline2_clean,7,adv_30,0,0.0005952147,0
v3_public_manual_research_synthetic_row_002736,baseline2_clean,7,adv_30,0,0.0013867551,0
v3_public_manual_research_synthetic_row_003657,baseline2_clean,7,adv_30,0,0.0006027946,0
v3_public_manual_research_synthetic_row_004328,baseline2_clean,7,adv_30,0,0.00044174198,0
v3_public_manual_research_synthetic_row_002705,baseline2_clean,7,adv_30,0,0.0004720386,0
v3_public_manual_research_synthetic_row_003813,baseline2_clean,7,adv_30,0,0.0005108648,0
v3_public_manual_research_synthetic_row_004138,baseline2_clean,7,adv_30,0,0.0004315017,0
v3_public_manual_research_synthetic_row_003890,baseline2_clean,7,adv_30,0,0.0004721289,0
v3_public_manual_research_synthetic_row_007504,baseline2_clean,7,adv_30,1,0.9985695,1
v3_public_manual_research_synthetic_row_007776,baseline2_clean,7,adv_30,1,0.9674277,1
v3_public_manual_research_synthetic_row_002823,baseline2_clean,7,adv_30,0,0.00049907505,0
v3_public_manual_research_synthetic_row_006350,baseline2_clean,7,adv_30,1,0.9989851,1
v3_public_manual_research_synthetic_row_008314,baseline2_clean,7,adv_30,1,0.99897444,1
v3_public_manual_research_synthetic_row_001053,baseline2_clean,7,adv_30,0,0.001008529,0
v3_public_manual_research_synthetic_row_005808,baseline2_clean,7,adv_30,1,0.99914277,1
v3_public_manual_research_synthetic_row_000082,baseline2_clean,7,adv_30,0,0.0011194684,0
v3_public_manual_research_synthetic_row_009046,baseline2_clean,7,adv_30,1,0.9980081,1
v3_public_manual_research_synthetic_row_004977,baseline2_clean,7,adv_30,0,0.0004310318,0
v3_public_manual_research_synthetic_row_007645,baseline2_clean,7,adv_30,1,0.99883443,1
v3_public_manual_research_synthetic_row_006835,baseline2_clean,7,adv_30,1,0.9985897,1
v3_public_manual_research_synthetic_row_002858,baseline2_clean,7,adv_30,0,0.0016759416,0
v3_public_manual_research_synthetic_row_007487,baseline2_clean,7,adv_30,1,0.99915385,1
v3_public_manual_research_synthetic_row_001656,baseline2_clean,7,adv_30,0,0.00049817155,0
v3_public_manual_research_synthetic_row_003399,baseline2_clean,7,adv_30,0,0.00059444533,0
v3_public_manual_research_synthetic_row_008326,baseline2_clean,7,adv_30,1,0.9991744,1
v3_public_manual_research_synthetic_row_007855,baseline2_clean,7,adv_30,1,0.9985977,1
v3_public_manual_research_synthetic_row_010313,baseline2_clean,7,adv_30,1,0.028048636,0
v3_public_manual_research_synthetic_row_000594,baseline2_clean,7,adv_30,0,0.0004812486,0
v3_public_manual_research_synthetic_row_008290,baseline2_clean,7,adv_30,1,0.99361986,1
v3_public_manual_research_synthetic_row_005350,baseline2_clean,7,adv_30,1,0.9988986,1
v3_public_manual_research_synthetic_row_005748,baseline2_clean,7,adv_30,1,0.99681145,1
v3_public_manual_research_synthetic_row_008207,baseline2_clean,7,adv_30,1,0.00076809054,0
v3_public_manual_research_synthetic_row_002505,baseline2_clean,7,adv_30,0,0.00046770377,0
v3_public_manual_research_synthetic_row_008432,baseline2_clean,7,adv_30,1,0.99918467,1
v3_public_manual_research_synthetic_row_009030,baseline2_clean,7,adv_30,1,0.99871933,1
v3_public_manual_research_synthetic_row_000176,baseline2_clean,7,adv_30,0,0.0014510432,0
v3_public_manual_research_synthetic_row_006388,baseline2_clean,7,adv_30,1,0.99922156,1
v3_public_manual_research_synthetic_row_003798,baseline2_clean,7,adv_30,0,0.000547323,0
v3_public_manual_research_synthetic_row_007758,baseline2_clean,7,adv_30,1,0.99902165,1
v3_public_manual_research_synthetic_row_005405,baseline2_clean,7,adv_30,1,0.999201,1
v3_public_manual_research_synthetic_row_008994,baseline2_clean,7,adv_30,1,0.9988576,1
v3_public_manual_research_synthetic_row_001935,baseline2_clean,7,adv_30,0,0.0005456892,0
v3_public_manual_research_synthetic_row_007173,baseline2_clean,7,adv_30,1,0.99924254,1
v3_public_manual_research_synthetic_row_002890,baseline2_clean,7,adv_30,0,0.0010271241,0
v3_public_manual_research_synthetic_row_005934,baseline2_clean,7,adv_30,1,0.9990625,1
v3_public_manual_research_synthetic_row_002066,baseline2_clean,7,adv_30,0,0.0013655955,0
v3_public_manual_research_synthetic_row_009107,baseline2_clean,7,adv_30,1,0.99810153,1
v3_public_manual_research_synthetic_row_007439,baseline2_clean,7,adv_30,1,0.9990435,1
v3_public_manual_research_synthetic_row_006370,baseline2_clean,7,adv_30,1,0.99852633,1
v3_public_manual_research_synthetic_row_007105,baseline2_clean,7,adv_30,1,0.99873203,1
v3_public_manual_research_synthetic_row_005318,baseline2_clean,7,adv_30,1,0.9978237,1
v3_public_manual_research_synthetic_row_004112,baseline2_clean,7,adv_30,0,0.0004267754,0
v3_public_manual_research_synthetic_row_004230,baseline2_clean,7,adv_30,0,0.00047190057,0
v3_public_manual_research_synthetic_row_004806,baseline2_clean,7,adv_30,0,0.0005622674,0
v3_public_manual_research_synthetic_row_004350,baseline2_clean,7,adv_30,0,0.05853458,0
v3_public_manual_research_synthetic_row_007018,baseline2_clean,7,adv_30,1,0.99901867,1
v3_public_manual_research_synthetic_row_005467,baseline2_clean,7,adv_30,1,0.9873285,1
v3_public_manual_research_synthetic_row_007425,baseline2_clean,7,adv_30,1,0.0010683505,0
v3_public_manual_research_synthetic_row_001763,baseline2_clean,7,adv_30,0,0.00045838457,0
v3_public_manual_research_synthetic_row_009157,baseline2_clean,7,adv_30,1,0.99883217,1
v3_public_manual_research_synthetic_row_000648,baseline2_clean,7,adv_30,0,0.0006135312,0
v3_public_manual_research_synthetic_row_008267,baseline2_clean,7,adv_30,1,0.9971002,1
v3_public_manual_research_synthetic_row_009817,baseline2_clean,7,adv_30,1,0.001030512,0
v3_public_manual_research_synthetic_row_007703,baseline2_clean,7,adv_30,1,0.99894446,1
v3_public_manual_research_synthetic_row_005953,baseline2_clean,7,adv_30,1,0.9980896,1
v3_public_manual_research_synthetic_row_003346,baseline2_clean,7,adv_30,0,0.0005052121,0
v3_public_manual_research_synthetic_row_006794,baseline2_clean,7,adv_30,1,0.99911267,1
v3_public_manual_research_synthetic_row_003140,baseline2_clean,7,adv_30,0,0.00045340808,0
v3_public_manual_research_synthetic_row_002820,baseline2_clean,7,adv_30,0,0.00046590384,0
v3_public_manual_research_synthetic_row_005195,baseline2_clean,7,adv_30,0,0.00069894217,0
v3_public_manual_research_synthetic_row_001836,baseline2_clean,7,adv_30,0,0.0005562192,0
v3_public_manual_research_synthetic_row_007562,baseline2_clean,7,adv_30,1,0.99763465,1
v3_public_manual_research_synthetic_row_004386,baseline2_clean,7,adv_30,0,0.00057453837,0
v3_public_manual_research_synthetic_row_005759,baseline2_clean,7,adv_30,1,0.99642605,1
v3_public_manual_research_synthetic_row_007816,baseline2_clean,7,adv_30,1,0.99770063,1
v3_public_manual_research_synthetic_row_009569,baseline2_clean,7,adv_30,1,0.9740112,1
v3_public_manual_research_synthetic_row_002538,baseline2_clean,7,adv_30,0,0.00047300858,0
v3_public_manual_research_synthetic_row_004020,baseline2_clean,7,adv_30,0,0.0028832215,0
v3_public_manual_research_synthetic_row_002451,baseline2_clean,7,adv_30,0,0.0004781694,0
v3_public_manual_research_synthetic_row_010191,baseline2_clean,7,adv_30,1,0.9976261,1
v3_public_manual_research_synthetic_row_001682,baseline2_clean,7,adv_30,0,0.00060987927,0
v3_public_manual_research_synthetic_row_010413,baseline2_clean,7,adv_30,1,0.99867034,1
v3_public_manual_research_synthetic_row_002330,baseline2_clean,7,adv_30,0,0.00057259947,0
v3_public_manual_research_synthetic_row_001830,baseline2_clean,7,adv_30,0,0.0007275331,0
v3_public_manual_research_synthetic_row_005400,baseline2_clean,7,adv_30,1,0.9990716,1
v3_public_manual_research_synthetic_row_004407,baseline2_clean,7,adv_30,0,0.00046991245,0
v3_public_manual_research_synthetic_row_005773,baseline2_clean,7,adv_30,1,0.9987148,1
v3_public_manual_research_synthetic_row_003558,baseline2_clean,7,adv_30,0,0.0004776039,0
v3_public_manual_research_synthetic_row_007313,baseline2_clean,7,adv_30,1,0.9991014,1
v3_public_manual_research_synthetic_row_007262,baseline2_clean,7,adv_30,1,0.99918896,1
v3_public_manual_research_synthetic_row_001441,baseline2_clean,7,adv_30,0,0.0004949345,0
v3_public_manual_research_synthetic_row_004651,baseline2_clean,7,adv_30,0,0.0004821573,0
v3_public_manual_research_synthetic_row_000137,baseline2_clean,7,adv_30,0,0.0022706673,0
v3_public_manual_research_synthetic_row_006502,baseline2_clean,7,adv_30,1,0.9985556,1
v3_public_manual_research_synthetic_row_000304,baseline2_clean,7,adv_30,0,0.0006620421,0
v3_public_manual_research_synthetic_row_004101,baseline2_clean,7,adv_30,0,0.00062665594,0
v3_public_manual_research_synthetic_row_005398,baseline2_clean,7,adv_30,1,0.9989459,1
v3_public_manual_research_synthetic_row_006255,baseline2_clean,7,adv_30,1,0.99897575,1
v3_public_manual_research_synthetic_row_001362,baseline2_clean,7,adv_30,0,0.00052514835,0
v3_public_manual_research_synthetic_row_007367,baseline2_clean,7,adv_30,1,0.95564914,1
v3_public_manual_research_synthetic_row_008441,baseline2_clean,7,adv_30,1,0.9989575,1
v3_public_manual_research_synthetic_row_004331,baseline2_clean,7,adv_30,0,0.0005527649,0
v3_public_manual_research_synthetic_row_008138,baseline2_clean,7,adv_30,1,0.99896204,1
v3_public_manual_research_synthetic_row_006725,baseline2_clean,7,adv_30,1,0.9978703,1
v3_public_manual_research_synthetic_row_008299,baseline2_clean,7,adv_30,1,0.9992459,1
v3_public_manual_research_synthetic_row_004282,baseline2_clean,7,adv_30,0,0.0005107718,0
v3_public_manual_research_synthetic_row_004890,baseline2_clean,7,adv_30,0,0.00059636805,0
v3_public_manual_research_synthetic_row_009841,baseline2_clean,7,adv_30,1,0.9969163,1
v3_public_manual_research_synthetic_row_008417,baseline2_clean,7,adv_30,1,0.00080778106,0
v3_public_manual_research_synthetic_row_008208,baseline2_clean,7,adv_30,1,0.9992144,1
v3_public_manual_research_synthetic_row_000188,baseline2_clean,7,adv_30,0,0.13284582,0
v3_public_manual_research_synthetic_row_004463,baseline2_clean,7,adv_30,0,0.00057174684,0
v3_public_manual_research_synthetic_row_009349,baseline2_clean,7,adv_30,1,0.9987312,1
v3_public_manual_research_synthetic_row_002673,baseline2_clean,7,adv_30,0,0.0005149048,0
v3_public_manual_research_synthetic_row_000512,baseline2_clean,7,adv_30,0,0.00421727,0
v3_public_manual_research_synthetic_row_006635,baseline2_clean,7,adv_30,1,0.9967451,1
v3_public_manual_research_synthetic_row_009844,baseline2_clean,7,adv_30,1,0.18394099,0
v3_public_manual_research_synthetic_row_001204,baseline2_clean,7,adv_30,0,0.0005769273,0
v3_public_manual_research_synthetic_row_005334,baseline2_clean,7,adv_30,1,0.9991472,1
v3_public_manual_research_synthetic_row_009485,baseline2_clean,7,adv_30,1,0.9973937,1
v3_public_manual_research_synthetic_row_004278,baseline2_clean,7,adv_30,0,0.0004705012,0
v3_public_manual_research_synthetic_row_010351,baseline2_clean,7,adv_30,1,0.9980274,1
v3_public_manual_research_synthetic_row_000858,baseline2_clean,7,adv_30,0,0.00075001095,0
v3_public_manual_research_synthetic_row_003746,baseline2_clean,7,adv_30,0,0.0050118295,0
v3_public_manual_research_synthetic_row_001733,baseline2_clean,7,adv_30,0,0.0019237843,0
v3_public_manual_research_synthetic_row_006546,baseline2_clean,7,adv_30,1,0.99882215,1
v3_public_manual_research_synthetic_row_005621,baseline2_clean,7,adv_30,1,0.9990741,1
v3_public_manual_research_synthetic_row_002918,baseline2_clean,7,adv_30,0,0.0005934462,0
v3_public_manual_research_synthetic_row_008867,baseline2_clean,7,adv_30,1,0.99876475,1
v3_public_manual_research_synthetic_row_004754,baseline2_clean,7,adv_30,0,0.00043686357,0
v3_public_manual_research_synthetic_row_006663,baseline2_clean,7,adv_30,1,0.99814916,1
v3_public_manual_research_synthetic_row_007947,baseline2_clean,7,adv_30,1,0.99930215,1
v3_public_manual_research_synthetic_row_002809,baseline2_clean,7,adv_30,0,0.0005331646,0
v3_public_manual_research_synthetic_row_000983,baseline2_clean,7,adv_30,0,0.0005744767,0
v3_public_manual_research_synthetic_row_003367,baseline2_clean,7,adv_30,0,0.00045482663,0
v3_public_manual_research_synthetic_row_002395,baseline2_clean,7,adv_30,0,0.00052574236,0
v3_public_manual_research_synthetic_row_003105,baseline2_clean,7,adv_30,0,0.0006056354,0
v3_public_manual_research_synthetic_row_006396,baseline2_clean,7,adv_30,1,0.99929047,1
v3_public_manual_research_synthetic_row_010117,baseline2_clean,7,adv_30,1,0.99898773,1
v3_public_manual_research_synthetic_row_007102,baseline2_clean,7,adv_30,1,0.9992138,1
v3_public_manual_research_synthetic_row_009705,baseline2_clean,7,adv_30,1,0.9984761,1
v3_public_manual_research_synthetic_row_002882,baseline2_clean,7,adv_30,0,0.0005633198,0
v3_public_manual_research_synthetic_row_008429,baseline2_clean,7,adv_30,1,0.9962985,1
v3_public_manual_research_synthetic_row_000655,baseline2_clean,7,adv_30,0,0.0004706438,0
v3_public_manual_research_synthetic_row_007935,baseline2_clean,7,adv_30,1,0.999032,1
v3_public_manual_research_synthetic_row_005839,baseline2_clean,7,adv_30,1,0.9990368,1
v3_public_manual_research_synthetic_row_002409,baseline2_clean,7,adv_30,0,0.00055721664,0
v3_public_manual_research_synthetic_row_000894,baseline2_clean,7,adv_30,0,0.0004600967,0
v3_public_manual_research_synthetic_row_005552,baseline2_clean,7,adv_30,1,0.9988047,1
v3_public_manual_research_synthetic_row_001489,baseline2_clean,7,adv_30,0,0.00054220686,0
v3_public_manual_research_synthetic_row_000079,baseline2_clean,7,adv_30,0,0.0041045053,0
v3_public_manual_research_synthetic_row_007387,baseline2_clean,7,adv_30,1,0.9983127,1
v3_public_manual_research_synthetic_row_002025,baseline2_clean,7,adv_30,0,0.00054993766,0
v3_public_manual_research_synthetic_row_006435,baseline2_clean,7,adv_30,1,0.9992091,1
v3_public_manual_research_synthetic_row_009403,baseline2_clean,7,adv_30,1,0.9991416,1
v3_public_manual_research_synthetic_row_004393,baseline2_clean,7,adv_30,0,0.00050153054,0
v3_public_manual_research_synthetic_row_009647,baseline2_clean,7,adv_30,1,0.07847529,0
v3_public_manual_research_synthetic_row_008771,baseline2_clean,7,adv_30,1,0.9983752,1
v3_public_manual_research_synthetic_row_002153,baseline2_clean,7,adv_30,0,0.00048947765,0
v3_public_manual_research_synthetic_row_006533,baseline2_clean,7,adv_30,1,0.9954184,1
v3_public_manual_research_synthetic_row_009554,baseline2_clean,7,adv_30,1,0.99817204,1
v3_public_manual_research_synthetic_row_000608,baseline2_clean,7,adv_30,0,0.00052317267,0
v3_public_manual_research_synthetic_row_004726,baseline2_clean,7,adv_30,0,0.00044681018,0
v3_public_manual_research_synthetic_row_001896,baseline2_clean,7,adv_30,0,0.00073302316,0
v3_public_manual_research_synthetic_row_007392,baseline2_clean,7,adv_30,1,0.9990262,1
v3_public_manual_research_synthetic_row_004292,baseline2_clean,7,adv_30,0,0.0045543816,0
v3_public_manual_research_synthetic_row_007038,baseline2_clean,7,adv_30,1,0.9991841,1
v3_public_manual_research_synthetic_row_006784,baseline2_clean,7,adv_30,1,0.99919134,1
v3_public_manual_research_synthetic_row_002282,baseline2_clean,7,adv_30,0,0.0019510208,0
v3_public_manual_research_synthetic_row_008072,baseline2_clean,7,adv_30,1,0.9989322,1
v3_public_manual_research_synthetic_row_005880,baseline2_clean,7,adv_30,1,0.9985201,1
v3_public_manual_research_synthetic_row_009897,baseline2_clean,7,adv_30,1,0.99924976,1
v3_public_manual_research_synthetic_row_006999,baseline2_clean,7,adv_30,1,0.99928015,1
v3_public_manual_research_synthetic_row_010398,baseline2_clean,7,adv_30,1,0.995548,1
v3_public_manual_research_synthetic_row_005525,baseline2_clean,7,adv_30,1,0.9705767,1
v3_public_manual_research_synthetic_row_006592,baseline2_clean,7,adv_30,1,0.9980519,1
v3_public_manual_research_synthetic_row_002283,baseline2_clean,7,adv_30,0,0.001160982,0
v3_public_manual_research_synthetic_row_003334,baseline2_clean,7,adv_30,0,0.00048629203,0
v3_public_manual_research_synthetic_row_001834,baseline2_clean,7,adv_30,0,0.0005843658,0
v3_public_manual_research_synthetic_row_009304,baseline2_clean,7,adv_30,1,0.9990103,1
v3_public_manual_research_synthetic_row_000339,baseline2_clean,7,adv_30,0,0.00088613835,0
v3_public_manual_research_synthetic_row_001478,baseline2_clean,7,adv_30,0,0.0011097218,0
v3_public_manual_research_synthetic_row_002962,baseline2_clean,7,adv_30,0,0.00047956803,0
v3_public_manual_research_synthetic_row_002745,baseline2_clean,7,adv_30,0,0.00083323347,0
v3_public_manual_research_synthetic_row_005604,baseline2_clean,7,adv_30,1,0.9991825,1
v3_public_manual_research_synthetic_row_004298,baseline2_clean,7,adv_30,0,0.00067615334,0
v3_public_manual_research_synthetic_row_005075,baseline2_clean,7,adv_30,0,0.00060436974,0
v3_public_manual_research_synthetic_row_005837,baseline2_clean,7,adv_30,1,0.99906546,1
v3_public_manual_research_synthetic_row_001000,baseline2_clean,7,adv_30,0,0.00070953177,0
v3_public_manual_research_synthetic_row_007584,baseline2_clean,7,adv_30,1,0.9992119,1
v3_public_manual_research_synthetic_row_009103,baseline2_clean,7,adv_30,1,0.9987268,1
v3_public_manual_research_synthetic_row_007559,baseline2_clean,7,adv_30,1,0.9980605,1
v3_public_manual_research_synthetic_row_000697,baseline2_clean,7,adv_30,0,0.0008863006,0
v3_public_manual_research_synthetic_row_003450,baseline2_clean,7,adv_30,0,0.0007500387,0
v3_public_manual_research_synthetic_row_003679,baseline2_clean,7,adv_30,0,0.0005104004,0
v3_public_manual_research_synthetic_row_009408,baseline2_clean,7,adv_30,1,0.99688953,1
v3_public_manual_research_synthetic_row_003089,baseline2_clean,7,adv_30,0,0.0006925213,0
v3_public_manual_research_synthetic_row_008430,baseline2_clean,7,adv_30,1,0.99909246,1
v3_public_manual_research_synthetic_row_005330,baseline2_clean,7,adv_30,1,0.99664104,1
v3_public_manual_research_synthetic_row_000328,baseline2_clean,7,adv_30,0,0.000873054,0
v3_public_manual_research_synthetic_row_001008,baseline2_clean,7,adv_30,0,0.00053898257,0
v3_public_manual_research_synthetic_row_004962,baseline2_clean,7,adv_30,0,0.00042121235,0
v3_public_manual_research_synthetic_row_002795,baseline2_clean,7,adv_30,0,0.0006381314,0
v3_public_manual_research_synthetic_row_004595,baseline2_clean,7,adv_30,0,0.0055347052,0
v3_public_manual_research_synthetic_row_004359,baseline2_clean,7,adv_30,0,0.00047547367,0
v3_public_manual_research_synthetic_row_008721,baseline2_clean,7,adv_30,1,0.9991672,1
v3_public_manual_research_synthetic_row_010046,baseline2_clean,7,adv_30,1,0.9983884,1
v3_public_manual_research_synthetic_row_006415,baseline2_clean,7,adv_30,1,0.999032,1
v3_public_manual_research_synthetic_row_004323,baseline2_clean,7,adv_30,0,0.0006161597,0
v3_public_manual_research_synthetic_row_000368,baseline2_clean,7,adv_30,0,0.0017618688,0
v3_public_manual_research_synthetic_row_006404,baseline2_clean,7,adv_30,1,0.9990588,1
v3_public_manual_research_synthetic_row_002872,baseline2_clean,7,adv_30,0,0.00047454907,0
v3_public_manual_research_synthetic_row_001181,baseline2_clean,7,adv_30,0,0.0005856639,0
v3_public_manual_research_synthetic_row_006652,baseline2_clean,7,adv_30,1,0.9990144,1
v3_public_manual_research_synthetic_row_009634,baseline2_clean,7,adv_30,1,0.8708558,1
v3_public_manual_research_synthetic_row_005848,baseline2_clean,7,adv_30,1,0.4371656,0
v3_public_manual_research_synthetic_row_004918,baseline2_clean,7,adv_30,0,0.00043753895,0
v3_public_manual_research_synthetic_row_003449,baseline2_clean,7,adv_30,0,0.0004457707,0
v3_public_manual_research_synthetic_row_008329,baseline2_clean,7,adv_30,1,0.99907565,1
v3_public_manual_research_synthetic_row_000708,baseline2_clean,7,adv_30,0,0.00047154512,0
v3_public_manual_research_synthetic_row_002701,baseline2_clean,7,adv_30,0,0.00054186804,0
v3_public_manual_research_synthetic_row_004540,baseline2_clean,7,adv_30,0,0.00069487875,0
v3_public_manual_research_synthetic_row_005144,baseline2_clean,7,adv_30,0,0.00092237175,0
v3_public_manual_research_synthetic_row_008386,baseline2_clean,7,adv_30,1,0.9992828,1
v3_public_manual_research_synthetic_row_009724,baseline2_clean,7,adv_30,1,0.9987531,1
v3_public_manual_research_synthetic_row_009176,baseline2_clean,7,adv_30,1,0.9981614,1
v3_public_manual_research_synthetic_row_004307,baseline2_clean,7,adv_30,0,0.00046560034,0
v3_public_manual_research_synthetic_row_009287,baseline2_clean,7,adv_30,1,0.99777967,1
v3_public_manual_research_synthetic_row_002298,baseline2_clean,7,adv_30,0,0.0005420457,0
v3_public_manual_research_synthetic_row_001898,baseline2_clean,7,adv_30,0,0.00058161496,0
v3_public_manual_research_synthetic_row_000270,baseline2_clean,7,adv_30,0,0.0007346219,0
v3_public_manual_research_synthetic_row_005976,baseline2_clean,7,adv_30,1,0.99915826,1
v3_public_manual_research_synthetic_row_004073,baseline2_clean,7,adv_30,0,0.0005635902,0
v3_public_manual_research_synthetic_row_004484,baseline2_clean,7,adv_30,0,0.001282854,0
v3_public_manual_research_synthetic_row_002433,baseline2_clean,7,adv_30,0,0.00042837134,0
v3_public_manual_research_synthetic_row_000726,baseline2_clean,7,adv_30,0,0.00062213035,0
v3_public_manual_research_synthetic_row_005531,baseline2_clean,7,adv_30,1,0.9983407,1
v3_public_manual_research_synthetic_row_005614,baseline2_clean,7,adv_30,1,0.99878687,1
v3_public_manual_research_synthetic_row_006235,baseline2_clean,7,adv_30,1,0.99446183,1
v3_public_manual_research_synthetic_row_004421,baseline2_clean,7,adv_30,0,0.0007329017,0
v3_public_manual_research_synthetic_row_010200,baseline2_clean,7,adv_30,1,0.99910516,1
v3_public_manual_research_synthetic_row_010009,baseline2_clean,7,adv_30,1,0.9986104,1
v3_public_manual_research_synthetic_row_001749,baseline2_clean,7,adv_30,0,0.0005750546,0
v3_public_manual_research_synthetic_row_006491,baseline2_clean,7,adv_30,1,0.99774677,1
v3_public_manual_research_synthetic_row_005391,baseline2_clean,7,adv_30,1,0.99483156,1
v3_public_manual_research_synthetic_row_004791,baseline2_clean,7,adv_30,0,0.00046943585,0
v3_public_manual_research_synthetic_row_000034,baseline2_clean,7,adv_30,0,0.99853873,1
v3_public_manual_research_synthetic_row_007110,baseline2_clean,7,adv_30,1,0.18549925,0
v3_public_manual_research_synthetic_row_007654,baseline2_clean,7,adv_30,1,0.9984332,1
v3_public_manual_research_synthetic_row_009027,baseline2_clean,7,adv_30,1,0.9972752,1
v3_public_manual_research_synthetic_row_000732,baseline2_clean,7,adv_30,0,0.0014094844,0
v3_public_manual_research_synthetic_row_001483,baseline2_clean,7,adv_30,0,0.00074452226,0
v3_public_manual_research_synthetic_row_001408,baseline2_clean,7,adv_30,0,0.0005379359,0
v3_public_manual_research_synthetic_row_001685,baseline2_clean,7,adv_30,0,0.00055734755,0
v3_public_manual_research_synthetic_row_005092,baseline2_clean,7,adv_30,0,0.36415738,0
v3_public_manual_research_synthetic_row_000181,baseline2_clean,7,adv_30,0,0.001700543,0
v3_public_manual_research_synthetic_row_007660,baseline2_clean,7,adv_30,1,0.9990538,1
v3_public_manual_research_synthetic_row_007476,baseline2_clean,7,adv_30,1,0.99921656,1
v3_public_manual_research_synthetic_row_000776,baseline2_clean,7,adv_30,0,0.0015594021,0
v3_public_manual_research_synthetic_row_007166,baseline2_clean,7,adv_30,1,0.99669987,1
v3_public_manual_research_synthetic_row_005081,baseline2_clean,7,adv_30,0,0.00044463587,0
v3_public_manual_research_synthetic_row_000604,baseline2_clean,7,adv_30,0,0.00041933096,0
v3_public_manual_research_synthetic_row_001962,baseline2_clean,7,adv_30,0,0.0009919003,0
v3_public_manual_research_synthetic_row_003622,baseline2_clean,7,adv_30,0,0.00045564762,0
v3_public_manual_research_synthetic_row_008028,baseline2_clean,7,adv_30,1,0.9989145,1
v3_public_manual_research_synthetic_row_001627,baseline2_clean,7,adv_30,0,0.0007699688,0
v3_public_manual_research_synthetic_row_005819,baseline2_clean,7,adv_30,1,0.00081516674,0
v3_public_manual_research_synthetic_row_003639,baseline2_clean,7,adv_30,0,0.0005385276,0
v3_public_manual_research_synthetic_row_005368,baseline2_clean,7,adv_30,1,0.9990619,1
v3_public_manual_research_synthetic_row_006092,baseline2_clean,7,adv_30,1,0.99884796,1
v3_public_manual_research_synthetic_row_008134,baseline2_clean,7,adv_30,1,0.9986523,1
v3_public_manual_research_synthetic_row_000414,baseline2_clean,7,adv_30,0,0.00046604598,0
v3_public_manual_research_synthetic_row_002540,baseline2_clean,7,adv_30,0,0.00045561572,0
v3_public_manual_research_synthetic_row_004575,baseline2_clean,7,adv_30,0,0.00043894528,0
v3_public_manual_research_synthetic_row_007648,baseline2_clean,7,adv_30,1,0.9987355,1
v3_public_manual_research_synthetic_row_003952,baseline2_clean,7,adv_30,0,0.00049515575,0
v3_public_manual_research_synthetic_row_005771,baseline2_clean,7,adv_30,1,0.9965918,1
v3_public_manual_research_synthetic_row_002333,baseline2_clean,7,adv_30,0,0.0008610586,0
v3_public_manual_research_synthetic_row_000160,baseline2_clean,7,adv_30,0,0.0014405752,0
v3_public_manual_research_synthetic_row_001279,baseline2_clean,7,adv_30,0,0.0012217638,0
v3_public_manual_research_synthetic_row_009062,baseline2_clean,7,adv_30,1,0.9990644,1
v3_public_manual_research_synthetic_row_003452,baseline2_clean,7,adv_30,0,0.00052162015,0
v3_public_manual_research_synthetic_row_001711,baseline2_clean,7,adv_30,0,0.0006622302,0
v3_public_manual_research_synthetic_row_000054,baseline2_clean,7,adv_30,0,0.0009185961,0
v3_public_manual_research_synthetic_row_009675,baseline2_clean,7,adv_30,1,0.9990024,1
v3_public_manual_research_synthetic_row_006375,baseline2_clean,7,adv_30,1,0.9991703,1
v3_public_manual_research_synthetic_row_000825,baseline2_clean,7,adv_30,0,0.00065863086,0
v3_public_manual_research_synthetic_row_001081,baseline2_clean,7,adv_30,0,0.00058663765,0
v3_public_manual_research_synthetic_row_005985,baseline2_clean,7,adv_30,1,0.999081,1
v3_public_manual_research_synthetic_row_002450,baseline2_clean,7,adv_30,0,0.0007283474,0
v3_public_manual_research_synthetic_row_003780,baseline2_clean,7,adv_30,0,0.00060400285,0
v3_public_manual_research_synthetic_row_007083,baseline2_clean,7,adv_30,1,0.9586987,1
v3_public_manual_research_synthetic_row_009310,baseline2_clean,7,adv_30,1,0.9982547,1
v3_public_manual_research_synthetic_row_003806,baseline2_clean,7,adv_30,0,0.0008519722,0
v3_public_manual_research_synthetic_row_010535,baseline2_clean,7,adv_30,1,0.998892,1
v3_public_manual_research_synthetic_row_005233,baseline2_clean,7,adv_30,0,0.9958093,1
v3_public_manual_research_synthetic_row_005222,baseline2_clean,7,adv_30,0,0.00043233196,0
v3_public_manual_research_synthetic_row_001773,baseline2_clean,7,adv_30,0,0.0005863536,0
v3_public_manual_research_synthetic_row_002543,baseline2_clean,7,adv_30,0,0.00047757407,0
v3_public_manual_research_synthetic_row_005028,baseline2_clean,7,adv_30,0,0.00043339762,0
v3_public_manual_research_synthetic_row_001329,baseline2_clean,7,adv_30,0,0.0005607696,0
v3_public_manual_research_synthetic_row_005246,baseline2_clean,7,adv_30,0,0.00062133983,0
v3_public_manual_research_synthetic_row_006755,baseline2_clean,7,adv_30,1,0.99898905,1
v3_public_manual_research_synthetic_row_001686,baseline2_clean,7,adv_30,0,0.0010105892,0
v3_public_manual_research_synthetic_row_007012,baseline2_clean,7,adv_30,1,0.99864477,1
v3_public_manual_research_synthetic_row_006447,baseline2_clean,7,adv_30,1,0.9993105,1
v3_public_manual_research_synthetic_row_006510,baseline2_clean,7,adv_30,1,0.9991856,1
v3_public_manual_research_synthetic_row_002644,baseline2_clean,7,adv_30,0,0.00041098995,0
v3_public_manual_research_synthetic_row_008588,baseline2_clean,7,adv_30,1,0.9091305,1
v3_public_manual_research_synthetic_row_000756,baseline2_clean,7,adv_30,0,0.0007722777,0
v3_public_manual_research_synthetic_row_002991,baseline2_clean,7,adv_30,0,0.00047196893,0
v3_public_manual_research_synthetic_row_000763,baseline2_clean,7,adv_30,0,0.0004187168,0
v3_public_manual_research_synthetic_row_004418,baseline2_clean,7,adv_30,0,0.00070705253,0
v3_public_manual_research_synthetic_row_001755,baseline2_clean,7,adv_30,0,0.00066029193,0
v3_public_manual_research_synthetic_row_007999,baseline2_clean,7,adv_30,1,0.99891007,1
v3_public_manual_research_synthetic_row_002417,baseline2_clean,7,adv_30,0,0.0014017293,0
v3_public_manual_research_synthetic_row_006770,baseline2_clean,7,adv_30,1,0.018990079,0
v3_public_manual_research_synthetic_row_000577,baseline2_clean,7,adv_30,0,0.00060732383,0
v3_public_manual_research_synthetic_row_002530,baseline2_clean,7,adv_30,0,0.00041738656,0
v3_public_manual_research_synthetic_row_007029,baseline2_clean,7,adv_30,1,0.99817324,1
v3_public_manual_research_synthetic_row_006520,baseline2_clean,7,adv_30,1,0.99831617,1
v3_public_manual_research_synthetic_row_001789,baseline2_clean,7,adv_30,0,0.00050142396,0
v3_public_manual_research_synthetic_row_009066,baseline2_clean,7,adv_30,1,0.99912125,1
v3_public_manual_research_synthetic_row_008695,baseline2_clean,7,adv_30,1,0.99749786,1
v3_public_manual_research_synthetic_row_006313,baseline2_clean,7,adv_30,1,0.99860483,1
v3_public_manual_research_synthetic_row_008230,baseline2_clean,7,adv_30,1,0.99780804,1
v3_public_manual_research_synthetic_row_003052,baseline2_clean,7,adv_30,0,0.00047924652,0
v3_public_manual_research_synthetic_row_000832,baseline2_clean,7,adv_30,0,0.00077858596,0
v3_public_manual_research_synthetic_row_003152,baseline2_clean,7,adv_30,0,0.0035429175,0
v3_public_manual_research_synthetic_row_008822,baseline2_clean,7,adv_30,1,0.99923193,1
v3_public_manual_research_synthetic_row_004573,baseline2_clean,7,adv_30,0,0.00047003114,0
v3_public_manual_research_synthetic_row_007260,baseline2_clean,7,adv_30,1,0.99916565,1
v3_public_manual_research_synthetic_row_002446,baseline2_clean,7,adv_30,0,0.00040390735,0
v3_public_manual_research_synthetic_row_009177,baseline2_clean,7,adv_30,1,0.9991536,1
v3_public_manual_research_synthetic_row_000844,baseline2_clean,7,adv_30,0,0.0006395421,0
v3_public_manual_research_synthetic_row_007274,baseline2_clean,7,adv_30,1,0.9987081,1
v3_public_manual_research_synthetic_row_009159,baseline2_clean,7,adv_30,1,0.99913293,1
v3_public_manual_research_synthetic_row_003460,baseline2_clean,7,adv_30,0,0.002240848,0
v3_public_manual_research_synthetic_row_008613,baseline2_clean,7,adv_30,1,0.9992843,1
v3_public_manual_research_synthetic_row_008160,baseline2_clean,7,adv_30,1,0.99902284,1
v3_public_manual_research_synthetic_row_001839,baseline2_clean,7,adv_30,0,0.0008022209,0
v3_public_manual_research_synthetic_row_004240,baseline2_clean,7,adv_30,0,0.0005046201,0
v3_public_manual_research_synthetic_row_006156,baseline2_clean,7,adv_30,1,0.99917275,1
v3_public_manual_research_synthetic_row_002315,baseline2_clean,7,adv_30,0,0.00091968506,0
v3_public_manual_research_synthetic_row_006860,baseline2_clean,7,adv_30,1,0.9990308,1
v3_public_manual_research_synthetic_row_004184,baseline2_clean,7,adv_30,0,0.0007526507,0
v3_public_manual_research_synthetic_row_009589,baseline2_clean,7,adv_30,1,0.7549873,1
v3_public_manual_research_synthetic_row_000586,baseline2_clean,7,adv_30,0,0.00056514214,0
v3_public_manual_research_synthetic_row_007285,baseline2_clean,7,adv_30,1,0.9976144,1
v3_public_manual_research_synthetic_row_009513,baseline2_clean,7,adv_30,1,0.9974618,1
v3_public_manual_research_synthetic_row_000419,baseline2_clean,7,adv_30,0,0.00057620823,0
v3_public_manual_research_synthetic_row_010454,baseline2_clean,7,adv_30,1,0.9987902,1
v3_public_manual_research_synthetic_row_000888,baseline2_clean,7,adv_30,0,0.00047226725,0
v3_public_manual_research_synthetic_row_006232,baseline2_clean,7,adv_30,1,0.9991373,1
v3_public_manual_research_synthetic_row_000902,baseline2_clean,7,adv_30,0,0.0005257579,0
v3_public_manual_research_synthetic_row_008295,baseline2_clean,7,adv_30,1,0.9989255,1
v3_public_manual_research_synthetic_row_004632,baseline2_clean,7,adv_30,0,0.00045748972,0
v3_public_manual_research_synthetic_row_003348,baseline2_clean,7,adv_30,0,0.0005520289,0
v3_public_manual_research_synthetic_row_000171,baseline2_clean,7,adv_30,0,0.0011443148,0
v3_public_manual_research_synthetic_row_002710,baseline2_clean,7,adv_30,0,0.00045454552,0
v3_public_manual_research_synthetic_row_006380,baseline2_clean,7,adv_30,1,0.99158794,1
v3_public_manual_research_synthetic_row_003717,baseline2_clean,7,adv_30,0,0.00043788066,0
v3_public_manual_research_synthetic_row_002825,baseline2_clean,7,adv_30,0,0.000532941,0
v3_public_manual_research_synthetic_row_002886,baseline2_clean,7,adv_30,0,0.00044479145,0
v3_public_manual_research_synthetic_row_002815,baseline2_clean,7,adv_30,0,0.00049256865,0
v3_public_manual_research_synthetic_row_001575,baseline2_clean,7,adv_30,0,0.00049701775,0
v3_public_manual_research_synthetic_row_001270,baseline2_clean,7,adv_30,0,0.0009475247,0
v3_public_manual_research_synthetic_row_001130,baseline2_clean,7,adv_30,0,0.0009918044,0
v3_public_manual_research_synthetic_row_007436,baseline2_clean,7,adv_30,1,0.99889034,1
v3_public_manual_research_synthetic_row_001470,baseline2_clean,7,adv_30,0,0.0005797526,0
v3_public_manual_research_synthetic_row_005699,baseline2_clean,7,adv_30,1,0.9990938,1
v3_public_manual_research_synthetic_row_009632,baseline2_clean,7,adv_30,1,0.9983877,1
v3_public_manual_research_synthetic_row_006277,baseline2_clean,7,adv_30,1,0.99930394,1
v3_public_manual_research_synthetic_row_010388,baseline2_clean,7,adv_30,1,0.99723405,1
v3_public_manual_research_synthetic_row_003101,baseline2_clean,7,adv_30,0,0.0004723035,0
v3_public_manual_research_synthetic_row_005031,baseline2_clean,7,adv_30,0,0.00045773963,0
v3_public_manual_research_synthetic_row_004720,baseline2_clean,7,adv_30,0,0.0004920834,0
v3_public_manual_research_synthetic_row_002526,baseline2_clean,7,adv_30,0,0.0004956422,0
v3_public_manual_research_synthetic_row_005022,baseline2_clean,7,adv_30,0,0.00048523888,0
v3_public_manual_research_synthetic_row_004380,baseline2_clean,7,adv_30,0,0.00045302938,0
v3_public_manual_research_synthetic_row_009657,baseline2_clean,7,adv_30,1,0.99843425,1
v3_public_manual_research_synthetic_row_001374,baseline2_clean,7,adv_30,0,0.00058789644,0
v3_public_manual_research_synthetic_row_002156,baseline2_clean,7,adv_30,0,0.00045051525,0
v3_public_manual_research_synthetic_row_003502,baseline2_clean,7,adv_30,0,0.00045772266,0
v3_public_manual_research_synthetic_row_002044,baseline2_clean,7,adv_30,0,0.0006118944,0
v3_public_manual_research_synthetic_row_009456,baseline2_clean,7,adv_30,1,0.9971547,1
v3_public_manual_research_synthetic_row_004989,baseline2_clean,7,adv_30,0,0.00051117653,0
v3_public_manual_research_synthetic_row_005619,baseline2_clean,7,adv_30,1,0.99808747,1
v3_public_manual_research_synthetic_row_003021,baseline2_clean,7,adv_30,0,0.00049317,0
v3_public_manual_research_synthetic_row_005134,baseline2_clean,7,adv_30,0,0.0026698236,0
v3_public_manual_research_synthetic_row_006410,baseline2_clean,7,adv_30,1,0.99589574,1
v3_public_manual_research_synthetic_row_006828,baseline2_clean,7,adv_30,1,0.9989114,1
v3_public_manual_research_synthetic_row_006053,baseline2_clean,7,adv_30,1,0.9984781,1
v3_public_manual_research_synthetic_row_004738,baseline2_clean,7,adv_30,0,0.00044328734,0
v3_public_manual_research_synthetic_row_004052,baseline2_clean,7,adv_30,0,0.0004522314,0
v3_public_manual_research_synthetic_row_000408,baseline2_clean,7,adv_30,0,0.00044389922,0
v3_public_manual_research_synthetic_row_003804,baseline2_clean,7,adv_30,0,0.2547402,0
v3_public_manual_research_synthetic_row_008261,baseline2_clean,7,adv_30,1,0.9975478,1
v3_public_manual_research_synthetic_row_007416,baseline2_clean,7,adv_30,1,0.9991666,1
v3_public_manual_research_synthetic_row_003117,baseline2_clean,7,adv_30,0,0.00050481403,0
v3_public_manual_research_synthetic_row_009035,baseline2_clean,7,adv_30,1,0.99898237,1
v3_public_manual_research_synthetic_row_009764,baseline2_clean,7,adv_30,1,0.82603616,1
v3_public_manual_research_synthetic_row_009358,baseline2_clean,7,adv_30,1,0.9991043,1
v3_public_manual_research_synthetic_row_006197,baseline2_clean,7,adv_30,1,0.9983348,1
v3_public_manual_research_synthetic_row_002008,baseline2_clean,7,adv_30,0,0.0011446914,0
v3_public_manual_research_synthetic_row_009614,baseline2_clean,7,adv_30,1,0.7170493,1
v3_public_manual_research_synthetic_row_008166,baseline2_clean,7,adv_30,1,0.99839824,1
v3_public_manual_research_synthetic_row_002485,baseline2_clean,7,adv_30,0,0.0005093075,0
v3_public_manual_research_synthetic_row_003579,baseline2_clean,7,adv_30,0,0.0009971504,0
v3_public_manual_research_synthetic_row_005769,baseline2_clean,7,adv_30,1,0.9985055,1
v3_public_manual_research_synthetic_row_004457,baseline2_clean,7,adv_30,0,0.00049947243,0
v3_public_manual_research_synthetic_row_002114,baseline2_clean,7,adv_30,0,0.0004488026,0
v3_public_manual_research_synthetic_row_006239,baseline2_clean,7,adv_30,1,0.99881136,1
v3_public_manual_research_synthetic_row_005505,baseline2_clean,7,adv_30,1,0.9987318,1
v3_public_manual_research_synthetic_row_003330,baseline2_clean,7,adv_30,0,0.9571416,1
v3_public_manual_research_synthetic_row_007827,baseline2_clean,7,adv_30,1,0.99842846,1
v3_public_manual_research_synthetic_row_000641,baseline2_clean,7,adv_30,0,0.0005842181,0
v3_public_manual_research_synthetic_row_000274,baseline2_clean,7,adv_30,0,0.0007797777,0
v3_public_manual_research_synthetic_row_002685,baseline2_clean,7,adv_30,0,0.003671002,0
v3_public_manual_research_synthetic_row_001987,baseline2_clean,7,adv_30,0,0.0005324658,0
v3_public_manual_research_synthetic_row_007549,baseline2_clean,7,adv_30,1,0.99924505,1
v3_public_manual_research_synthetic_row_003444,baseline2_clean,7,adv_30,0,0.0004709941,0
v3_public_manual_research_synthetic_row_001336,baseline2_clean,7,adv_30,0,0.00058221206,0
v3_public_manual_research_synthetic_row_003548,baseline2_clean,7,adv_30,0,0.0007149397,0
v3_public_manual_research_synthetic_row_003026,baseline2_clean,7,adv_30,0,0.0012257367,0
v3_public_manual_research_synthetic_row_005558,baseline2_clean,7,adv_30,1,0.88005227,1
v3_public_manual_research_synthetic_row_005579,baseline2_clean,7,adv_30,1,0.9986156,1
v3_public_manual_research_synthetic_row_002233,baseline2_clean,7,adv_30,0,0.00044651516,0
v3_public_manual_research_synthetic_row_003327,baseline2_clean,7,adv_30,0,0.0004501321,0
v3_public_manual_research_synthetic_row_006392,baseline2_clean,7,adv_30,1,0.99924326,1
v3_public_manual_research_synthetic_row_006280,baseline2_clean,7,adv_30,1,0.9964103,1
v3_public_manual_research_synthetic_row_006408,baseline2_clean,7,adv_30,1,0.99924517,1
v3_public_manual_research_synthetic_row_000617,baseline2_clean,7,adv_30,0,0.00051729265,0
v3_public_manual_research_synthetic_row_005978,baseline2_clean,7,adv_30,1,0.9983694,1
v3_public_manual_research_synthetic_row_008841,baseline2_clean,7,adv_30,1,0.9990675,1
v3_public_manual_research_synthetic_row_006858,baseline2_clean,7,adv_30,1,0.99904233,1
v3_public_manual_research_synthetic_row_008711,baseline2_clean,7,adv_30,1,0.99780244,1
v3_public_manual_research_synthetic_row_009028,baseline2_clean,7,adv_30,1,0.99857795,1
v3_public_manual_research_synthetic_row_000596,baseline2_clean,7,adv_30,0,0.00047563325,0
v3_public_manual_research_synthetic_row_009612,baseline2_clean,7,adv_30,1,0.27670887,0
v3_public_manual_research_synthetic_row_003706,baseline2_clean,7,adv_30,0,0.00045800064,0
v3_public_manual_research_synthetic_row_004975,baseline2_clean,7,adv_30,0,0.0004941892,0
v3_public_manual_research_synthetic_row_007598,baseline2_clean,7,adv_30,1,0.99776685,1
v3_public_manual_research_synthetic_row_001663,baseline2_clean,7,adv_30,0,0.0007322734,0
v3_public_manual_research_synthetic_row_004932,baseline2_clean,7,adv_30,0,0.00042466514,0
v3_public_manual_research_synthetic_row_003292,baseline2_clean,7,adv_30,0,0.0004453152,0
v3_public_manual_research_synthetic_row_003948,baseline2_clean,7,adv_30,0,0.9961671,1
v3_public_manual_research_synthetic_row_000866,baseline2_clean,7,adv_30,0,0.0005560642,0
v3_public_manual_research_synthetic_row_009795,baseline2_clean,7,adv_30,1,0.9348961,1
v3_public_manual_research_synthetic_row_008817,baseline2_clean,7,adv_30,1,0.9991387,1
v3_public_manual_research_synthetic_row_000929,baseline2_clean,7,adv_30,0,0.12042204,0
v3_public_manual_research_synthetic_row_000973,baseline2_clean,7,adv_30,0,0.0010268315,0
v3_public_manual_research_synthetic_row_004915,baseline2_clean,7,adv_30,0,0.00065667974,0
v3_public_manual_research_synthetic_row_007547,baseline2_clean,7,adv_30,1,0.9927597,1
v3_public_manual_research_synthetic_row_006730,baseline2_clean,7,adv_30,1,0.014586458,0
v3_public_manual_research_synthetic_row_006554,baseline2_clean,7,adv_30,1,0.99914026,1
v3_public_manual_research_synthetic_row_010491,baseline2_clean,7,adv_30,1,0.99865425,1
v3_public_manual_research_synthetic_row_008596,baseline2_clean,7,adv_30,1,0.99932575,1
v3_public_manual_research_synthetic_row_009609,baseline2_clean,7,adv_30,1,0.027354494,0
v3_public_manual_research_synthetic_row_008016,baseline2_clean,7,adv_30,1,0.9993031,1
v3_public_manual_research_synthetic_row_001060,baseline2_clean,7,adv_30,0,0.0007895143,0
v3_public_manual_research_synthetic_row_007842,baseline2_clean,7,adv_30,1,0.9989931,1
v3_public_manual_research_synthetic_row_004517,baseline2_clean,7,adv_30,0,0.00048441687,0
v3_public_manual_research_synthetic_row_000700,baseline2_clean,7,adv_30,0,0.00055169535,0
v3_public_manual_research_synthetic_row_000039,baseline2_clean,7,adv_30,0,0.00062744186,0
v3_public_manual_research_synthetic_row_006700,baseline2_clean,7,adv_30,1,0.99899,1
v3_public_manual_research_synthetic_row_004347,baseline2_clean,7,adv_30,0,0.0007657661,0
v3_public_manual_research_synthetic_row_005018,baseline2_clean,7,adv_30,0,0.00042205257,0
v3_public_manual_research_synthetic_row_009969,baseline2_clean,7,adv_30,1,0.9989423,1
v3_public_manual_research_synthetic_row_008730,baseline2_clean,7,adv_30,1,0.9779357,1
v3_public_manual_research_synthetic_row_007909,baseline2_clean,7,adv_30,1,0.998735,1
v3_public_manual_research_synthetic_row_003708,baseline2_clean,7,adv_30,0,0.00067035755,0
v3_public_manual_research_synthetic_row_002772,baseline2_clean,7,adv_30,0,0.0007124561,0
v3_public_manual_research_synthetic_row_000482,baseline2_clean,7,adv_30,0,0.0012338861,0
v3_public_manual_research_synthetic_row_009955,baseline2_clean,7,adv_30,1,0.99881506,1
v3_public_manual_research_synthetic_row_008315,baseline2_clean,7,adv_30,1,0.99900657,1
v3_public_manual_research_synthetic_row_002168,baseline2_clean,7,adv_30,0,0.0005516307,0
v3_public_manual_research_synthetic_row_009309,baseline2_clean,7,adv_30,1,0.9991574,1
v3_public_manual_research_synthetic_row_002218,baseline2_clean,7,adv_30,0,0.0005086695,0
v3_public_manual_research_synthetic_row_001851,baseline2_clean,7,adv_30,0,0.0007849622,0
v3_public_manual_research_synthetic_row_005912,baseline2_clean,7,adv_30,1,0.9981856,1
v3_public_manual_research_synthetic_row_001958,baseline2_clean,7,adv_30,0,0.0005312992,0
v3_public_manual_research_synthetic_row_003033,baseline2_clean,7,adv_30,0,0.0005110606,0
v3_public_manual_research_synthetic_row_000750,baseline2_clean,7,adv_30,0,0.0006393891,0
v3_public_manual_research_synthetic_row_000148,baseline2_clean,7,adv_30,0,0.003061939,0
v3_public_manual_research_synthetic_row_009012,baseline2_clean,7,adv_30,1,0.9990589,1
v3_public_manual_research_synthetic_row_004335,baseline2_clean,7,adv_30,0,0.0015234846,0
v3_public_manual_research_synthetic_row_008868,baseline2_clean,7,adv_30,1,0.99868244,1
v3_public_manual_research_synthetic_row_000605,baseline2_clean,7,adv_30,0,0.0004349812,0
v3_public_manual_research_synthetic_row_004839,baseline2_clean,7,adv_30,0,0.0006690383,0
v3_public_manual_research_synthetic_row_000420,baseline2_clean,7,adv_30,0,0.0004298861,0
v3_public_manual_research_synthetic_row_000279,baseline2_clean,7,adv_30,0,0.00095272943,0
v3_public_manual_research_synthetic_row_001226,baseline2_clean,7,adv_30,0,0.000663042,0
v3_public_manual_research_synthetic_row_005629,baseline2_clean,7,adv_30,1,0.9983027,1
v3_public_manual_research_synthetic_row_002266,baseline2_clean,7,adv_30,0,0.020670155,0
v3_public_manual_research_synthetic_row_007282,baseline2_clean,7,adv_30,1,0.99646395,1
v3_public_manual_research_synthetic_row_006043,baseline2_clean,7,adv_30,1,0.9986117,1
v3_public_manual_research_synthetic_row_000646,baseline2_clean,7,adv_30,0,0.0027356502,0
v3_public_manual_research_synthetic_row_009116,baseline2_clean,7,adv_30,1,0.9985879,1
v3_public_manual_research_synthetic_row_005491,baseline2_clean,7,adv_30,1,0.99073607,1
v3_public_manual_research_synthetic_row_006934,baseline2_clean,7,adv_30,1,0.99767894,1
v3_public_manual_research_synthetic_row_007548,baseline2_clean,7,adv_30,1,0.99902546,1
v3_public_manual_research_synthetic_row_002157,baseline2_clean,7,adv_30,0,0.0006083881,0
v3_public_manual_research_synthetic_row_001255,baseline2_clean,7,adv_30,0,0.0006518367,0
v3_public_manual_research_synthetic_row_008536,baseline2_clean,7,adv_30,1,0.97301155,1
v3_public_manual_research_synthetic_row_003958,baseline2_clean,7,adv_30,0,0.0005125959,0
v3_public_manual_research_synthetic_row_009599,baseline2_clean,7,adv_30,1,0.04083094,0
v3_public_manual_research_synthetic_row_002054,baseline2_clean,7,adv_30,0,0.0006532201,0
v3_public_manual_research_synthetic_row_010066,baseline2_clean,7,adv_30,1,0.9987256,1
v3_public_manual_research_synthetic_row_003864,baseline2_clean,7,adv_30,0,0.00047388146,0
v3_public_manual_research_synthetic_row_001186,baseline2_clean,7,adv_30,0,0.0014076184,0
v3_public_manual_research_synthetic_row_006038,baseline2_clean,7,adv_30,1,0.9991885,1
v3_public_manual_research_synthetic_row_001860,baseline2_clean,7,adv_30,0,0.00059250975,0
v3_public_manual_research_synthetic_row_004689,baseline2_clean,7,adv_30,0,0.00048265228,0
v3_public_manual_research_synthetic_row_000275,baseline2_clean,7,adv_30,0,0.0007996339,0
v3_public_manual_research_synthetic_row_001163,baseline2_clean,7,adv_30,0,0.0006414494,0
v3_public_manual_research_synthetic_row_008738,baseline2_clean,7,adv_30,1,0.99663574,1
v3_public_manual_research_synthetic_row_006641,baseline2_clean,7,adv_30,1,0.9929717,1
v3_public_manual_research_synthetic_row_006452,baseline2_clean,7,adv_30,1,0.99437237,1
v3_public_manual_research_synthetic_row_003917,baseline2_clean,7,adv_30,0,0.00046485622,0
v3_public_manual_research_synthetic_row_010453,baseline2_clean,7,adv_30,1,0.99885285,1
v3_public_manual_research_synthetic_row_003329,baseline2_clean,7,adv_30,0,0.8475333,1
v3_public_manual_research_synthetic_row_003795,baseline2_clean,7,adv_30,0,0.0004961265,0
v3_public_manual_research_synthetic_row_006050,baseline2_clean,7,adv_30,1,0.98050135,1
v3_public_manual_research_synthetic_row_003377,baseline2_clean,7,adv_30,0,0.0008237137,0
v3_public_manual_research_synthetic_row_001160,baseline2_clean,7,adv_30,0,0.000647397,0
v3_public_manual_research_synthetic_row_010165,baseline2_clean,7,adv_30,1,0.99795014,1
v3_public_manual_research_synthetic_row_003856,baseline2_clean,7,adv_30,0,0.00041691156,0
v3_public_manual_research_synthetic_row_007990,baseline2_clean,7,adv_30,1,0.9992323,1
v3_public_manual_research_synthetic_row_010289,baseline2_clean,7,adv_30,1,0.99244505,1
v3_public_manual_research_synthetic_row_005943,baseline2_clean,7,adv_30,1,0.99877137,1
v3_public_manual_research_synthetic_row_000918,baseline2_clean,7,adv_30,0,0.00060658256,0
v3_public_manual_research_synthetic_row_003438,baseline2_clean,7,adv_30,0,0.0008232975,0
v3_public_manual_research_synthetic_row_008071,baseline2_clean,7,adv_30,1,0.9988041,1
v3_public_manual_research_synthetic_row_009198,baseline2_clean,7,adv_30,1,0.9985103,1
v3_public_manual_research_synthetic_row_007115,baseline2_clean,7,adv_30,1,0.9988304,1
v3_public_manual_research_synthetic_row_004297,baseline2_clean,7,adv_30,0,0.00050696125,0
v3_public_manual_research_synthetic_row_007751,baseline2_clean,7,adv_30,1,0.99875605,1
v3_public_manual_research_synthetic_row_007093,baseline2_clean,7,adv_30,1,0.9985638,1
v3_public_manual_research_synthetic_row_003809,baseline2_clean,7,adv_30,0,0.00046784736,0
v3_public_manual_research_synthetic_row_001452,baseline2_clean,7,adv_30,0,0.0014808001,0
v3_public_manual_research_synthetic_row_007571,baseline2_clean,7,adv_30,1,0.95028484,1
v3_public_manual_research_synthetic_row_003394,baseline2_clean,7,adv_30,0,0.00054747984,0
v3_public_manual_research_synthetic_row_007189,baseline2_clean,7,adv_30,1,0.9976755,1
v3_public_manual_research_synthetic_row_003286,baseline2_clean,7,adv_30,0,0.00042647653,0
v3_public_manual_research_synthetic_row_001492,baseline2_clean,7,adv_30,0,0.00055635633,0
v3_public_manual_research_synthetic_row_004009,baseline2_clean,7,adv_30,0,0.00084821903,0
v3_public_manual_research_synthetic_row_003518,baseline2_clean,7,adv_30,0,0.0004707033,0
v3_public_manual_research_synthetic_row_003114,baseline2_clean,7,adv_30,0,0.0005612634,0
v3_public_manual_research_synthetic_row_006221,baseline2_clean,7,adv_30,1,0.99844736,1
v3_public_manual_research_synthetic_row_005125,baseline2_clean,7,adv_30,0,0.0008058762,0
v3_public_manual_research_synthetic_row_008178,baseline2_clean,7,adv_30,1,0.9990183,1
v3_public_manual_research_synthetic_row_007986,baseline2_clean,7,adv_30,1,0.998806,1
v3_public_manual_research_synthetic_row_007940,baseline2_clean,7,adv_30,1,0.999131,1
v3_public_manual_research_synthetic_row_002303,baseline2_clean,7,adv_30,0,0.00047948162,0
v3_public_manual_research_synthetic_row_004466,baseline2_clean,7,adv_30,0,0.00053048885,0
v3_public_manual_research_synthetic_row_008558,baseline2_clean,7,adv_30,1,0.99898833,1
v3_public_manual_research_synthetic_row_005620,baseline2_clean,7,adv_30,1,0.9842158,1
v3_public_manual_research_synthetic_row_003201,baseline2_clean,7,adv_30,0,0.00053210143,0
v3_public_manual_research_synthetic_row_000911,baseline2_clean,7,adv_30,0,0.0005973128,0
v3_public_manual_research_synthetic_row_004474,baseline2_clean,7,adv_30,0,0.00063037564,0
v3_public_manual_research_synthetic_row_002577,baseline2_clean,7,adv_30,0,0.0027088877,0
v3_public_manual_research_synthetic_row_003739,baseline2_clean,7,adv_30,0,0.00060584187,0
v3_public_manual_research_synthetic_row_000890,baseline2_clean,7,adv_30,0,0.00047893985,0
v3_public_manual_research_synthetic_row_006669,baseline2_clean,7,adv_30,1,0.9988086,1
v3_public_manual_research_synthetic_row_002799,baseline2_clean,7,adv_30,0,0.00044857056,0
v3_public_manual_research_synthetic_row_004767,baseline2_clean,7,adv_30,0,0.00046917907,0
v3_public_manual_research_synthetic_row_004154,baseline2_clean,7,adv_30,0,0.00047903394,0
v3_public_manual_research_synthetic_row_008969,baseline2_clean,7,adv_30,1,0.9985838,1
v3_public_manual_research_synthetic_row_008552,baseline2_clean,7,adv_30,1,0.9989901,1
v3_public_manual_research_synthetic_row_006319,baseline2_clean,7,adv_30,1,0.9989366,1
v3_public_manual_research_synthetic_row_000175,baseline2_clean,7,adv_30,0,0.00069812796,0
v3_public_manual_research_synthetic_row_007249,baseline2_clean,7,adv_30,1,0.9990701,1
v3_public_manual_research_synthetic_row_005822,baseline2_clean,7,adv_30,1,0.9980597,1
v3_public_manual_research_synthetic_row_006821,baseline2_clean,7,adv_30,1,0.99882394,1
v3_public_manual_research_synthetic_row_001112,baseline2_clean,7,adv_30,0,0.0007296882,0
v3_public_manual_research_synthetic_row_007032,baseline2_clean,7,adv_30,1,0.99807346,1
v3_public_manual_research_synthetic_row_001061,baseline2_clean,7,adv_30,0,0.0009408327,0
v3_public_manual_research_synthetic_row_000628,baseline2_clean,7,adv_30,0,0.00058724853,0
v3_public_manual_research_synthetic_row_003170,baseline2_clean,7,adv_30,0,0.0005302661,0
v3_public_manual_research_synthetic_row_007854,baseline2_clean,7,adv_30,1,0.9987841,1
v3_public_manual_research_synthetic_row_005960,baseline2_clean,7,adv_30,1,0.99888366,1
v3_public_manual_research_synthetic_row_005995,baseline2_clean,7,adv_30,1,0.99905914,1
v3_public_manual_research_synthetic_row_005585,baseline2_clean,7,adv_30,1,0.9951951,1
v3_public_manual_research_synthetic_row_001242,baseline2_clean,7,adv_30,0,0.0007643059,0
v3_public_manual_research_synthetic_row_005591,baseline2_clean,7,adv_30,1,0.998926,1
v3_public_manual_research_synthetic_row_007885,baseline2_clean,7,adv_30,1,0.9987348,1
v3_public_manual_research_synthetic_row_006900,baseline2_clean,7,adv_30,1,0.9981693,1
v3_public_manual_research_synthetic_row_001388,baseline2_clean,7,adv_30,0,0.00048685138,0
v3_public_manual_research_synthetic_row_004639,baseline2_clean,7,adv_30,0,0.00044880455,0
v3_public_manual_research_synthetic_row_002885,baseline2_clean,7,adv_30,0,0.00049574446,0
v3_public_manual_research_synthetic_row_006744,baseline2_clean,7,adv_30,1,0.9982622,1
v3_public_manual_research_synthetic_row_002545,baseline2_clean,7,adv_30,0,0.0004759584,0
v3_public_manual_research_synthetic_row_000478,baseline2_clean,7,adv_30,0,0.00061473204,0
v3_public_manual_research_synthetic_row_000658,baseline2_clean,7,adv_30,0,0.009038281,0
v3_public_manual_research_synthetic_row_008461,baseline2_clean,7,adv_30,1,0.99771357,1
v3_public_manual_research_synthetic_row_001323,baseline2_clean,7,adv_30,0,0.00096256606,0
v3_public_manual_research_synthetic_row_007572,baseline2_clean,7,adv_30,1,0.9989166,1
v3_public_manual_research_synthetic_row_006843,baseline2_clean,7,adv_30,1,0.9987649,1
v3_public_manual_research_synthetic_row_002123,baseline2_clean,7,adv_30,0,0.9970728,1
v3_public_manual_research_synthetic_row_005369,baseline2_clean,7,adv_30,1,0.9992538,1
v3_public_manual_research_synthetic_row_004385,baseline2_clean,7,adv_30,0,0.00080941536,0
v3_public_manual_research_synthetic_row_002843,baseline2_clean,7,adv_30,0,0.0005768638,0
v3_public_manual_research_synthetic_row_001095,baseline2_clean,7,adv_30,0,0.00055330707,0
v3_public_manual_research_synthetic_row_006214,baseline2_clean,7,adv_30,1,0.998216,1
v3_public_manual_research_synthetic_row_005408,baseline2_clean,7,adv_30,1,0.7852351,1
v3_public_manual_research_synthetic_row_006820,baseline2_clean,7,adv_30,1,0.9980913,1
v3_public_manual_research_synthetic_row_004841,baseline2_clean,7,adv_30,0,0.00072142074,0
v3_public_manual_research_synthetic_row_004481,baseline2_clean,7,adv_30,0,0.0005305821,0
v3_public_manual_research_synthetic_row_000962,baseline2_clean,7,adv_30,0,0.00065952254,0
v3_public_manual_research_synthetic_row_005483,baseline2_clean,7,adv_30,1,0.9988845,1
v3_public_manual_research_synthetic_row_005637,baseline2_clean,7,adv_30,1,0.8136666,1
v3_public_manual_research_synthetic_row_008685,baseline2_clean,7,adv_30,1,0.99919146,1
v3_public_manual_research_synthetic_row_008104,baseline2_clean,7,adv_30,1,0.9990584,1
v3_public_manual_research_synthetic_row_004288,baseline2_clean,7,adv_30,0,0.00048520346,0
v3_public_manual_research_synthetic_row_005524,baseline2_clean,7,adv_30,1,0.9974734,1
v3_public_manual_research_synthetic_row_004267,baseline2_clean,7,adv_30,0,0.00052875804,0
v3_public_manual_research_synthetic_row_006270,baseline2_clean,7,adv_30,1,0.99287015,1
v3_public_manual_research_synthetic_row_010320,baseline2_clean,7,adv_30,1,0.9992483,1
v3_public_manual_research_synthetic_row_008184,baseline2_clean,7,adv_30,1,0.9991412,1
v3_public_manual_research_synthetic_row_003799,baseline2_clean,7,adv_30,0,0.3297136,0
v3_public_manual_research_synthetic_row_008563,baseline2_clean,7,adv_30,1,0.9987612,1
v3_public_manual_research_synthetic_row_002581,baseline2_clean,7,adv_30,0,0.018814098,0
v3_public_manual_research_synthetic_row_009720,baseline2_clean,7,adv_30,1,0.9947778,1
v3_public_manual_research_synthetic_row_001758,baseline2_clean,7,adv_30,0,0.00069984025,0
v3_public_manual_research_synthetic_row_003940,baseline2_clean,7,adv_30,0,0.0005573337,0
v3_public_manual_research_synthetic_row_004124,baseline2_clean,7,adv_30,0,0.00047307808,0
v3_public_manual_research_synthetic_row_009652,baseline2_clean,7,adv_30,1,0.9848098,1
v3_public_manual_research_synthetic_row_008255,baseline2_clean,7,adv_30,1,0.99638414,1
v3_public_manual_research_synthetic_row_005409,baseline2_clean,7,adv_30,1,0.99913543,1
v3_public_manual_research_synthetic_row_000812,baseline2_clean,7,adv_30,0,0.0005561944,0
v3_public_manual_research_synthetic_row_007090,baseline2_clean,7,adv_30,1,0.9961028,1
v3_public_manual_research_synthetic_row_003372,baseline2_clean,7,adv_30,0,0.00047341437,0
v3_public_manual_research_synthetic_row_001440,baseline2_clean,7,adv_30,0,0.0005795391,0
v3_public_manual_research_synthetic_row_009710,baseline2_clean,7,adv_30,1,0.99823713,1
v3_public_manual_research_synthetic_row_001582,baseline2_clean,7,adv_30,0,0.00049724145,0
v3_public_manual_research_synthetic_row_001786,baseline2_clean,7,adv_30,0,0.00074044033,0
v3_public_manual_research_synthetic_row_002895,baseline2_clean,7,adv_30,0,0.00046858884,0
v3_public_manual_research_synthetic_row_008993,baseline2_clean,7,adv_30,1,0.99591124,1
v3_public_manual_research_synthetic_row_002305,baseline2_clean,7,adv_30,0,0.0004577222,0
v3_public_manual_research_synthetic_row_006298,baseline2_clean,7,adv_30,1,0.99899834,1
v3_public_manual_research_synthetic_row_004434,baseline2_clean,7,adv_30,0,0.00043723857,0
v3_public_manual_research_synthetic_row_007117,baseline2_clean,7,adv_30,1,0.9764513,1
v3_public_manual_research_synthetic_row_006271,baseline2_clean,7,adv_30,1,0.48257345,0
v3_public_manual_research_synthetic_row_000952,baseline2_clean,7,adv_30,0,0.0005760526,0
v3_public_manual_research_synthetic_row_010103,baseline2_clean,7,adv_30,1,0.8124466,1
v3_public_manual_research_synthetic_row_009882,baseline2_clean,7,adv_30,1,0.99880767,1
v3_public_manual_research_synthetic_row_008271,baseline2_clean,7,adv_30,1,0.9987991,1
v3_public_manual_research_synthetic_row_005009,baseline2_clean,7,adv_30,0,0.00065858575,0
v3_public_manual_research_synthetic_row_000068,baseline2_clean,7,adv_30,0,0.0009025796,0
v3_public_manual_research_synthetic_row_002002,baseline2_clean,7,adv_30,0,0.0016150099,0
v3_public_manual_research_synthetic_row_004109,baseline2_clean,7,adv_30,0,0.0004969185,0
v3_public_manual_research_synthetic_row_004294,baseline2_clean,7,adv_30,0,0.00043576743,0
v3_public_manual_research_synthetic_row_004458,baseline2_clean,7,adv_30,0,0.00048403937,0
v3_public_manual_research_synthetic_row_001891,baseline2_clean,7,adv_30,0,0.0005914919,0
v3_public_manual_research_synthetic_row_002007,baseline2_clean,7,adv_30,0,0.00066747033,0
v3_public_manual_research_synthetic_row_008816,baseline2_clean,7,adv_30,1,0.9992698,1
v3_public_manual_research_synthetic_row_006714,baseline2_clean,7,adv_30,1,0.99897027,1
v3_public_manual_research_synthetic_row_004851,baseline2_clean,7,adv_30,0,0.00051484717,0
v3_public_manual_research_synthetic_row_004511,baseline2_clean,7,adv_30,0,0.01872102,0
v3_public_manual_research_synthetic_row_008347,baseline2_clean,7,adv_30,1,0.9880988,1
v3_public_manual_research_synthetic_row_004865,baseline2_clean,7,adv_30,0,0.0005153698,0
v3_public_manual_research_synthetic_row_003964,baseline2_clean,7,adv_30,0,0.0016199095,0
v3_public_manual_research_synthetic_row_006675,baseline2_clean,7,adv_30,1,0.9990934,1
v3_public_manual_research_synthetic_row_003790,baseline2_clean,7,adv_30,0,0.00055262295,0
v3_public_manual_research_synthetic_row_002306,baseline2_clean,7,adv_30,0,0.00095451344,0
v3_public_manual_research_synthetic_row_006425,baseline2_clean,7,adv_30,1,0.99815744,1
v3_public_manual_research_synthetic_row_007020,baseline2_clean,7,adv_30,1,0.096098274,0
v3_public_manual_research_synthetic_row_007353,baseline2_clean,7,adv_30,1,0.99868613,1
v3_public_manual_research_synthetic_row_008908,baseline2_clean,7,adv_30,1,0.9989808,1
v3_public_manual_research_synthetic_row_007619,baseline2_clean,7,adv_30,1,0.99523145,1
v3_public_manual_research_synthetic_row_009861,baseline2_clean,7,adv_30,1,0.9979134,1
v3_public_manual_research_synthetic_row_009463,baseline2_clean,7,adv_30,1,0.99560755,1
v3_public_manual_research_synthetic_row_005320,baseline2_clean,7,adv_30,1,0.99649733,1
v3_public_manual_research_synthetic_row_003012,baseline2_clean,7,adv_30,0,0.0006277526,0
v3_public_manual_research_synthetic_row_001601,baseline2_clean,7,adv_30,0,0.00079102634,0
v3_public_manual_research_synthetic_row_006879,baseline2_clean,7,adv_30,1,0.99903834,1
v3_public_manual_research_synthetic_row_007290,baseline2_clean,7,adv_30,1,0.99889237,1
v3_public_manual_research_synthetic_row_002976,baseline2_clean,7,adv_30,0,0.0004636041,0
v3_public_manual_research_synthetic_row_005439,baseline2_clean,7,adv_30,1,0.999228,1
v3_public_manual_research_synthetic_row_006760,baseline2_clean,7,adv_30,1,0.9989869,1
v3_public_manual_research_synthetic_row_007033,baseline2_clean,7,adv_30,1,0.9993112,1
v3_public_manual_research_synthetic_row_006891,baseline2_clean,7,adv_30,1,0.99845874,1
v3_public_manual_research_synthetic_row_006268,baseline2_clean,7,adv_30,1,0.9986811,1
v3_public_manual_research_synthetic_row_007442,baseline2_clean,7,adv_30,1,0.9914084,1
v3_public_manual_research_synthetic_row_009556,baseline2_clean,7,adv_30,1,0.9976597,1
v3_public_manual_research_synthetic_row_005407,baseline2_clean,7,adv_30,1,0.99891686,1
v3_public_manual_research_synthetic_row_006057,baseline2_clean,7,adv_30,1,0.9989183,1
v3_public_manual_research_synthetic_row_003747,baseline2_clean,7,adv_30,0,0.0006251039,0
v3_public_manual_research_synthetic_row_001693,baseline2_clean,7,adv_30,0,0.00045278243,0
v3_public_manual_research_synthetic_row_003994,baseline2_clean,7,adv_30,0,0.0006019518,0
v3_public_manual_research_synthetic_row_005345,baseline2_clean,7,adv_30,1,0.9989442,1
v3_public_manual_research_synthetic_row_003463,baseline2_clean,7,adv_30,0,0.00089726585,0
v3_public_manual_research_synthetic_row_010042,baseline2_clean,7,adv_30,1,0.999035,1
v3_public_manual_research_synthetic_row_004441,baseline2_clean,7,adv_30,0,0.00088145497,0
v3_public_manual_research_synthetic_row_008791,baseline2_clean,7,adv_30,1,0.99558616,1
v3_public_manual_research_synthetic_row_009702,baseline2_clean,7,adv_30,1,0.8853294,1
v3_public_manual_research_synthetic_row_003978,baseline2_clean,7,adv_30,0,0.00045914465,0
v3_public_manual_research_synthetic_row_007149,baseline2_clean,7,adv_30,1,0.9993217,1
v3_public_manual_research_synthetic_row_005799,baseline2_clean,7,adv_30,1,0.9990269,1
v3_public_manual_research_synthetic_row_004616,baseline2_clean,7,adv_30,0,0.00050190307,0
v3_public_manual_research_synthetic_row_007497,baseline2_clean,7,adv_30,1,0.99827325,1
v3_public_manual_research_synthetic_row_002090,baseline2_clean,7,adv_30,0,0.0004301638,0
v3_public_manual_research_synthetic_row_007813,baseline2_clean,7,adv_30,1,0.9990246,1
v3_public_manual_research_synthetic_row_001197,baseline2_clean,7,adv_30,0,0.001660324,0
v3_public_manual_research_synthetic_row_008482,baseline2_clean,7,adv_30,1,0.9991203,1
v3_public_manual_research_synthetic_row_006993,baseline2_clean,7,adv_30,1,0.9990557,1
v3_public_manual_research_synthetic_row_009172,baseline2_clean,7,adv_30,1,0.99695957,1
v3_public_manual_research_synthetic_row_009354,baseline2_clean,7,adv_30,1,0.9975508,1
v3_public_manual_research_synthetic_row_002160,baseline2_clean,7,adv_30,0,0.00047933537,0
v3_public_manual_research_synthetic_row_004984,baseline2_clean,7,adv_30,0,0.0004598143,0
v3_public_manual_research_synthetic_row_009383,baseline2_clean,7,adv_30,1,0.99649674,1
v3_public_manual_research_synthetic_row_004586,baseline2_clean,7,adv_30,0,0.00062388077,0
v3_public_manual_research_synthetic_row_009628,baseline2_clean,7,adv_30,1,0.99900204,1
v3_public_manual_research_synthetic_row_005184,baseline2_clean,7,adv_30,0,0.0004549402,0
v3_public_manual_research_synthetic_row_006019,baseline2_clean,7,adv_30,1,0.9990983,1
v3_public_manual_research_synthetic_row_003441,baseline2_clean,7,adv_30,0,0.00052165845,0
v3_public_manual_research_synthetic_row_010167,baseline2_clean,7,adv_30,1,0.99749506,1
v3_public_manual_research_synthetic_row_000908,baseline2_clean,7,adv_30,0,0.00058616005,0
v3_public_manual_research_synthetic_row_009275,baseline2_clean,7,adv_30,1,0.9988959,1
v3_public_manual_research_synthetic_row_001680,baseline2_clean,7,adv_30,0,0.0005164399,0
v3_public_manual_research_synthetic_row_004903,baseline2_clean,7,adv_30,0,0.0005427297,0
v3_public_manual_research_synthetic_row_001306,baseline2_clean,7,adv_30,0,0.0006022092,0
v3_public_manual_research_synthetic_row_005007,baseline2_clean,7,adv_30,0,0.00044257377,0
v3_public_manual_research_synthetic_row_002932,baseline2_clean,7,adv_30,0,0.00045977093,0
v3_public_manual_research_synthetic_row_007183,baseline2_clean,7,adv_30,1,0.99883395,1
v3_public_manual_research_synthetic_row_006740,baseline2_clean,7,adv_30,1,0.99887866,1
v3_public_manual_research_synthetic_row_005348,baseline2_clean,7,adv_30,1,0.9991084,1
v3_public_manual_research_synthetic_row_006439,baseline2_clean,7,adv_30,1,0.9989249,1
v3_public_manual_research_synthetic_row_008023,baseline2_clean,7,adv_30,1,0.9981542,1
v3_public_manual_research_synthetic_row_009136,baseline2_clean,7,adv_30,1,0.9990933,1
v3_public_manual_research_synthetic_row_010412,baseline2_clean,7,adv_30,1,0.9991141,1
v3_public_manual_research_synthetic_row_002202,baseline2_clean,7,adv_30,0,0.0009737563,0
v3_public_manual_research_synthetic_row_005830,baseline2_clean,7,adv_30,1,0.99806243,1
v3_public_manual_research_synthetic_row_008061,baseline2_clean,7,adv_30,1,0.9991474,1
v3_public_manual_research_synthetic_row_002278,baseline2_clean,7,adv_30,0,0.0004999063,0
v3_public_manual_research_synthetic_row_001847,baseline2_clean,7,adv_30,0,0.00055623037,0
v3_public_manual_research_synthetic_row_004795,baseline2_clean,7,adv_30,0,0.0004425189,0
v3_public_manual_research_synthetic_row_007356,baseline2_clean,7,adv_30,1,0.99919456,1
v3_public_manual_research_synthetic_row_001059,baseline2_clean,7,adv_30,0,0.00066650345,0
v3_public_manual_research_synthetic_row_006200,baseline2_clean,7,adv_30,1,0.9989127,1
v3_public_manual_research_synthetic_row_005313,baseline2_clean,7,adv_30,1,0.9993063,1
v3_public_manual_research_synthetic_row_008772,baseline2_clean,7,adv_30,1,0.9990237,1
v3_public_manual_research_synthetic_row_009503,baseline2_clean,7,adv_30,1,0.9988955,1
v3_public_manual_research_synthetic_row_001565,baseline2_clean,7,adv_30,0,0.00081345346,0
v3_public_manual_research_synthetic_row_008041,baseline2_clean,7,adv_30,1,0.9992555,1
v3_public_manual_research_synthetic_row_000942,baseline2_clean,7,adv_30,0,0.0005742764,0
v3_public_manual_research_synthetic_row_009526,baseline2_clean,7,adv_30,1,0.9887312,1
v3_public_manual_research_synthetic_row_009552,baseline2_clean,7,adv_30,1,0.9989899,1
v3_public_manual_research_synthetic_row_005384,baseline2_clean,7,adv_30,1,0.9731293,1
v3_public_manual_research_synthetic_row_008587,baseline2_clean,7,adv_30,1,0.99877757,1
v3_public_manual_research_synthetic_row_004701,baseline2_clean,7,adv_30,0,0.0005686841,0
v3_public_manual_research_synthetic_row_006493,baseline2_clean,7,adv_30,1,0.9992254,1
v3_public_manual_research_synthetic_row_002238,baseline2_clean,7,adv_30,0,0.00066345953,0
v3_public_manual_research_synthetic_row_008362,baseline2_clean,7,adv_30,1,0.9971794,1
v3_public_manual_research_synthetic_row_009085,baseline2_clean,7,adv_30,1,0.9977773,1
v3_public_manual_research_synthetic_row_008932,baseline2_clean,7,adv_30,1,0.99881965,1
v3_public_manual_research_synthetic_row_004629,baseline2_clean,7,adv_30,0,0.00044011805,0
v3_public_manual_research_synthetic_row_002390,baseline2_clean,7,adv_30,0,0.0005687193,0
v3_public_manual_research_synthetic_row_002566,baseline2_clean,7,adv_30,0,0.000494603,0
v3_public_manual_research_synthetic_row_001732,baseline2_clean,7,adv_30,0,0.00078885467,0
v3_public_manual_research_synthetic_row_002425,baseline2_clean,7,adv_30,0,0.0017322724,0
v3_public_manual_research_synthetic_row_005605,baseline2_clean,7,adv_30,1,0.9987733,1
v3_public_manual_research_synthetic_row_005718,baseline2_clean,7,adv_30,1,0.9988877,1
v3_public_manual_research_synthetic_row_003646,baseline2_clean,7,adv_30,0,0.00094304455,0
v3_public_manual_research_synthetic_row_004345,baseline2_clean,7,adv_30,0,0.00097304035,0
v3_public_manual_research_synthetic_row_006481,baseline2_clean,7,adv_30,1,0.07140932,0
v3_public_manual_research_synthetic_row_002326,baseline2_clean,7,adv_30,0,0.00056307827,0
v3_public_manual_research_synthetic_row_003036,baseline2_clean,7,adv_30,0,0.031843875,0
v3_public_manual_research_synthetic_row_002907,baseline2_clean,7,adv_30,0,0.00053194043,0
v3_public_manual_research_synthetic_row_009642,baseline2_clean,7,adv_30,1,0.99707603,1
v3_public_manual_research_synthetic_row_003707,baseline2_clean,7,adv_30,0,0.00047947065,0
v3_public_manual_research_synthetic_row_003941,baseline2_clean,7,adv_30,0,0.00045095454,0
v3_public_manual_research_synthetic_row_005714,baseline2_clean,7,adv_30,1,0.9985911,1
v3_public_manual_research_synthetic_row_010401,baseline2_clean,7,adv_30,1,0.99721104,1
v3_public_manual_research_synthetic_row_005267,baseline2_clean,7,adv_30,0,0.00049260264,0
v3_public_manual_research_synthetic_row_002793,baseline2_clean,7,adv_30,0,0.0004669687,0
v3_public_manual_research_synthetic_row_005058,baseline2_clean,7,adv_30,0,0.0004720348,0
v3_public_manual_research_synthetic_row_005801,baseline2_clean,7,adv_30,1,0.998803,1
v3_public_manual_research_synthetic_row_010056,baseline2_clean,7,adv_30,1,0.9991565,1
v3_public_manual_research_synthetic_row_009457,baseline2_clean,7,adv_30,1,0.5344292,1
v3_public_manual_research_synthetic_row_008749,baseline2_clean,7,adv_30,1,0.99896836,1
v3_public_manual_research_synthetic_row_004937,baseline2_clean,7,adv_30,0,0.0009557916,0
v3_public_manual_research_synthetic_row_005927,baseline2_clean,7,adv_30,1,0.9991715,1
v3_public_manual_research_synthetic_row_010349,baseline2_clean,7,adv_30,1,0.99917173,1
v3_public_manual_research_synthetic_row_007796,baseline2_clean,7,adv_30,1,0.006574733,0
v3_public_manual_research_synthetic_row_003195,baseline2_clean,7,adv_30,0,0.0005538975,0
v3_public_manual_research_synthetic_row_008220,baseline2_clean,7,adv_30,1,0.99541914,1
v3_public_manual_research_synthetic_row_006970,baseline2_clean,7,adv_30,1,0.99917585,1
v3_public_manual_research_synthetic_row_004936,baseline2_clean,7,adv_30,0,0.00049776834,0
v3_public_manual_research_synthetic_row_008547,baseline2_clean,7,adv_30,1,0.99840933,1
v3_public_manual_research_synthetic_row_000187,baseline2_clean,7,adv_30,0,0.0010695731,0
v3_public_manual_research_synthetic_row_004358,baseline2_clean,7,adv_30,0,0.0009333481,0
v3_public_manual_research_synthetic_row_004497,baseline2_clean,7,adv_30,0,0.0004766213,0
v3_public_manual_research_synthetic_row_007386,baseline2_clean,7,adv_30,1,0.99822074,1
v3_public_manual_research_synthetic_row_007190,baseline2_clean,7,adv_30,1,0.9986494,1
v3_public_manual_research_synthetic_row_008712,baseline2_clean,7,adv_30,1,0.9987153,1
v3_public_manual_research_synthetic_row_002574,baseline2_clean,7,adv_30,0,0.00046582878,0
v3_public_manual_research_synthetic_row_007155,baseline2_clean,7,adv_30,1,0.99892503,1
v3_public_manual_research_synthetic_row_004450,baseline2_clean,7,adv_30,0,0.0007489399,0
v3_public_manual_research_synthetic_row_003872,baseline2_clean,7,adv_30,0,0.005108175,0
v3_public_manual_research_synthetic_row_001657,baseline2_clean,7,adv_30,0,0.0005254897,0
v3_public_manual_research_synthetic_row_006986,baseline2_clean,7,adv_30,1,0.9972199,1
v3_public_manual_research_synthetic_row_001595,baseline2_clean,7,adv_30,0,0.00063137675,0
v3_public_manual_research_synthetic_row_005293,baseline2_clean,7,adv_30,1,0.99427766,1
v3_public_manual_research_synthetic_row_008360,baseline2_clean,7,adv_30,1,0.71987396,1
v3_public_manual_research_synthetic_row_007992,baseline2_clean,7,adv_30,1,0.99857974,1
v3_public_manual_research_synthetic_row_002878,baseline2_clean,7,adv_30,0,0.0010823698,0
v3_public_manual_research_synthetic_row_001606,baseline2_clean,7,adv_30,0,0.00062758266,0
v3_public_manual_research_synthetic_row_008355,baseline2_clean,7,adv_30,1,0.99913687,1
v3_public_manual_research_synthetic_row_002767,baseline2_clean,7,adv_30,0,0.00044429672,0
v3_public_manual_research_synthetic_row_005316,baseline2_clean,7,adv_30,1,0.9989761,1
v3_public_manual_research_synthetic_row_003474,baseline2_clean,7,adv_30,0,0.00044249254,0
v3_public_manual_research_synthetic_row_002372,baseline2_clean,7,adv_30,0,0.0026286098,0
v3_public_manual_research_synthetic_row_001411,baseline2_clean,7,adv_30,0,0.0006477108,0
v3_public_manual_research_synthetic_row_002299,baseline2_clean,7,adv_30,0,0.0006428218,0
v3_public_manual_research_synthetic_row_009758,baseline2_clean,7,adv_30,1,0.9987589,1
v3_public_manual_research_synthetic_row_005863,baseline2_clean,7,adv_30,1,0.9991703,1
v3_public_manual_research_synthetic_row_000853,baseline2_clean,7,adv_30,0,0.022844313,0
v3_public_manual_research_synthetic_row_009521,baseline2_clean,7,adv_30,1,0.018804874,0
v3_public_manual_research_synthetic_row_004086,baseline2_clean,7,adv_30,0,0.001059806,0
v3_public_manual_research_synthetic_row_008263,baseline2_clean,7,adv_30,1,0.32117784,0
v3_public_manual_research_synthetic_row_008851,baseline2_clean,7,adv_30,1,0.99899405,1
v3_public_manual_research_synthetic_row_002264,baseline2_clean,7,adv_30,0,0.0004658732,0
v3_public_manual_research_synthetic_row_003655,baseline2_clean,7,adv_30,0,0.00048300927,0
v3_public_manual_research_synthetic_row_005956,baseline2_clean,7,adv_30,1,0.9985489,1
v3_public_manual_research_synthetic_row_001014,baseline2_clean,7,adv_30,0,0.0008824293,0
v3_public_manual_research_synthetic_row_001250,baseline2_clean,7,adv_30,0,0.0010918675,0
v3_public_manual_research_synthetic_row_009279,baseline2_clean,7,adv_30,1,0.9991641,1
v3_public_manual_research_synthetic_row_000807,baseline2_clean,7,adv_30,0,0.00061392196,0
v3_public_manual_research_synthetic_row_004032,baseline2_clean,7,adv_30,0,0.0006487589,0
v3_public_manual_research_synthetic_row_000495,baseline2_clean,7,adv_30,0,0.0005083336,0
v3_public_manual_research_synthetic_row_001334,baseline2_clean,7,adv_30,0,0.0010274509,0
v3_public_manual_research_synthetic_row_009848,baseline2_clean,7,adv_30,1,0.99903643,1
v3_public_manual_research_synthetic_row_000880,baseline2_clean,7,adv_30,0,0.0005174081,0
v3_public_manual_research_synthetic_row_001688,baseline2_clean,7,adv_30,0,0.0010548362,0
v3_public_manual_research_synthetic_row_007455,baseline2_clean,7,adv_30,1,0.9687019,1
v3_public_manual_research_synthetic_row_005209,baseline2_clean,7,adv_30,0,0.00065638626,0
v3_public_manual_research_synthetic_row_008872,baseline2_clean,7,adv_30,1,0.99924016,1
v3_public_manual_research_synthetic_row_007215,baseline2_clean,7,adv_30,1,0.98788923,1
v3_public_manual_research_synthetic_row_003534,baseline2_clean,7,adv_30,0,0.0004965643,0
v3_public_manual_research_synthetic_row_002269,baseline2_clean,7,adv_30,0,0.00044551562,0
v3_public_manual_research_synthetic_row_003714,baseline2_clean,7,adv_30,0,0.0006577584,0
v3_public_manual_research_synthetic_row_001727,baseline2_clean,7,adv_30,0,0.00048681285,0
v3_public_manual_research_synthetic_row_005897,baseline2_clean,7,adv_30,1,0.99732435,1
