final_row_id,model,seed,condition,y_true,y_prob_smishing,y_pred
v3_public_manual_research_synthetic_row_007409,baseline2_clean,123,adv_20,1,0.99988925,1
v3_public_manual_research_synthetic_row_000611,baseline2_clean,123,adv_20,0,6.2625935e-05,0
v3_public_manual_research_synthetic_row_003032,baseline2_clean,123,adv_20,0,6.080806e-05,0
v3_public_manual_research_synthetic_row_003572,baseline2_clean,123,adv_20,0,5.428673e-05,0
v3_public_manual_research_synthetic_row_000988,baseline2_clean,123,adv_20,0,6.450092e-05,0
v3_public_manual_research_synthetic_row_002346,baseline2_clean,123,adv_20,0,5.411709e-05,0
v3_public_manual_research_synthetic_row_008025,baseline2_clean,123,adv_20,1,0.99988556,1
v3_public_manual_research_synthetic_row_006479,baseline2_clean,123,adv_20,1,0.9998747,1
v3_public_manual_research_synthetic_row_008672,baseline2_clean,123,adv_20,1,0.99988663,1
v3_public_manual_research_synthetic_row_006293,baseline2_clean,123,adv_20,1,0.9998821,1
v3_public_manual_research_synthetic_row_002620,baseline2_clean,123,adv_20,0,6.1332714e-05,0
v3_public_manual_research_synthetic_row_006483,baseline2_clean,123,adv_20,1,0.9998909,1
v3_public_manual_research_synthetic_row_000109,baseline2_clean,123,adv_20,0,0.00013535417,0
v3_public_manual_research_synthetic_row_009650,baseline2_clean,123,adv_20,1,0.9997768,1
v3_public_manual_research_synthetic_row_009615,baseline2_clean,123,adv_20,1,0.00031633044,0
v3_public_manual_research_synthetic_row_006245,baseline2_clean,123,adv_20,1,0.9998336,1
v3_public_manual_research_synthetic_row_002419,baseline2_clean,123,adv_20,0,0.000108514316,0
v3_public_manual_research_synthetic_row_006648,baseline2_clean,123,adv_20,1,0.99988306,1
v3_public_manual_research_synthetic_row_009960,baseline2_clean,123,adv_20,1,0.9998642,1
v3_public_manual_research_synthetic_row_006798,baseline2_clean,123,adv_20,1,0.9998789,1
v3_public_manual_research_synthetic_row_009696,baseline2_clean,123,adv_20,1,0.01411139,0
v3_public_manual_research_synthetic_row_001396,baseline2_clean,123,adv_20,0,0.00010222993,0
v3_public_manual_research_synthetic_row_007055,baseline2_clean,123,adv_20,1,0.99987316,1
v3_public_manual_research_synthetic_row_004379,baseline2_clean,123,adv_20,0,5.769213e-05,0
v3_public_manual_research_synthetic_row_007508,baseline2_clean,123,adv_20,1,0.99988997,1
v3_public_manual_research_synthetic_row_008571,baseline2_clean,123,adv_20,1,0.9998122,1
v3_public_manual_research_synthetic_row_007240,baseline2_clean,123,adv_20,1,0.9998741,1
v3_public_manual_research_synthetic_row_007044,baseline2_clean,123,adv_20,1,0.9997756,1
v3_public_manual_research_synthetic_row_001243,baseline2_clean,123,adv_20,0,5.8028872e-05,0
v3_public_manual_research_synthetic_row_001963,baseline2_clean,123,adv_20,0,5.3224045e-05,0
v3_public_manual_research_synthetic_row_009166,baseline2_clean,123,adv_20,1,0.99988973,1
v3_public_manual_research_synthetic_row_002903,baseline2_clean,123,adv_20,0,8.701539e-05,0
v3_public_manual_research_synthetic_row_009683,baseline2_clean,123,adv_20,1,0.9998486,1
v3_public_manual_research_synthetic_row_007677,baseline2_clean,123,adv_20,1,0.9998702,1
v3_public_manual_research_synthetic_row_002220,baseline2_clean,123,adv_20,0,0.00011928866,0
v3_public_manual_research_synthetic_row_000691,baseline2_clean,123,adv_20,0,6.3574495e-05,0
v3_public_manual_research_synthetic_row_008001,baseline2_clean,123,adv_20,1,0.99988544,1
v3_public_manual_research_synthetic_row_009594,baseline2_clean,123,adv_20,1,0.9961105,1
v3_public_manual_research_synthetic_row_003203,baseline2_clean,123,adv_20,0,5.710128e-05,0
v3_public_manual_research_synthetic_row_000012,baseline2_clean,123,adv_20,0,9.2885515e-05,0
v3_public_manual_research_synthetic_row_007858,baseline2_clean,123,adv_20,1,0.99987364,1
v3_public_manual_research_synthetic_row_009137,baseline2_clean,123,adv_20,1,0.9998826,1
v3_public_manual_research_synthetic_row_002948,baseline2_clean,123,adv_20,0,5.632573e-05,0
v3_public_manual_research_synthetic_row_005892,baseline2_clean,123,adv_20,1,0.99986243,1
v3_public_manual_research_synthetic_row_000004,baseline2_clean,123,adv_20,0,0.9997278,1
v3_public_manual_research_synthetic_row_002892,baseline2_clean,123,adv_20,0,6.05546e-05,0
v3_public_manual_research_synthetic_row_000638,baseline2_clean,123,adv_20,0,5.309356e-05,0
v3_public_manual_research_synthetic_row_003126,baseline2_clean,123,adv_20,0,5.4680455e-05,0
v3_public_manual_research_synthetic_row_000992,baseline2_clean,123,adv_20,0,5.8910275e-05,0
v3_public_manual_research_synthetic_row_004413,baseline2_clean,123,adv_20,0,5.586084e-05,0
v3_public_manual_research_synthetic_row_004669,baseline2_clean,123,adv_20,0,5.881749e-05,0
v3_public_manual_research_synthetic_row_006795,baseline2_clean,123,adv_20,1,0.9998852,1
v3_public_manual_research_synthetic_row_009530,baseline2_clean,123,adv_20,1,0.9998172,1
v3_public_manual_research_synthetic_row_003498,baseline2_clean,123,adv_20,0,5.0176586e-05,0
v3_public_manual_research_synthetic_row_002687,baseline2_clean,123,adv_20,0,9.117932e-05,0
v3_public_manual_research_synthetic_row_001532,baseline2_clean,123,adv_20,0,5.7478406e-05,0
v3_public_manual_research_synthetic_row_000759,baseline2_clean,123,adv_20,0,5.9075723e-05,0
v3_public_manual_research_synthetic_row_002610,baseline2_clean,123,adv_20,0,5.0328694e-05,0
v3_public_manual_research_synthetic_row_001278,baseline2_clean,123,adv_20,0,5.9294318e-05,0
v3_public_manual_research_synthetic_row_004166,baseline2_clean,123,adv_20,0,5.9754613e-05,0
v3_public_manual_research_synthetic_row_005096,baseline2_clean,123,adv_20,0,0.00015315515,0
v3_public_manual_research_synthetic_row_003886,baseline2_clean,123,adv_20,0,5.630431e-05,0
v3_public_manual_research_synthetic_row_005204,baseline2_clean,123,adv_20,0,0.00026556454,0
v3_public_manual_research_synthetic_row_007428,baseline2_clean,123,adv_20,1,0.99986863,1
v3_public_manual_research_synthetic_row_002943,baseline2_clean,123,adv_20,0,8.9212015e-05,0
v3_public_manual_research_synthetic_row_005895,baseline2_clean,123,adv_20,1,0.99975294,1
v3_public_manual_research_synthetic_row_004553,baseline2_clean,123,adv_20,0,5.12798e-05,0
v3_public_manual_research_synthetic_row_009917,baseline2_clean,123,adv_20,1,0.9998716,1
v3_public_manual_research_synthetic_row_000456,baseline2_clean,123,adv_20,0,4.962833e-05,0
v3_public_manual_research_synthetic_row_010266,baseline2_clean,123,adv_20,1,0.07006116,0
v3_public_manual_research_synthetic_row_008926,baseline2_clean,123,adv_20,1,0.9996363,1
v3_public_manual_research_synthetic_row_004473,baseline2_clean,123,adv_20,0,6.22573e-05,0
v3_public_manual_research_synthetic_row_008344,baseline2_clean,123,adv_20,1,0.99988806,1
v3_public_manual_research_synthetic_row_008618,baseline2_clean,123,adv_20,1,0.99988616,1
v3_public_manual_research_synthetic_row_000839,baseline2_clean,123,adv_20,0,6.0191436e-05,0
v3_public_manual_research_synthetic_row_004584,baseline2_clean,123,adv_20,0,0.0014629526,0
v3_public_manual_research_synthetic_row_005594,baseline2_clean,123,adv_20,1,0.9998826,1
v3_public_manual_research_synthetic_row_004824,baseline2_clean,123,adv_20,0,5.537617e-05,0
v3_public_manual_research_synthetic_row_006896,baseline2_clean,123,adv_20,1,0.9998497,1
v3_public_manual_research_synthetic_row_005389,baseline2_clean,123,adv_20,1,0.99983895,1
v3_public_manual_research_synthetic_row_004599,baseline2_clean,123,adv_20,0,9.890344e-05,0
v3_public_manual_research_synthetic_row_001266,baseline2_clean,123,adv_20,0,6.701423e-05,0
v3_public_manual_research_synthetic_row_006023,baseline2_clean,123,adv_20,1,0.9998036,1
v3_public_manual_research_synthetic_row_001885,baseline2_clean,123,adv_20,0,6.464261e-05,0
v3_public_manual_research_synthetic_row_002367,baseline2_clean,123,adv_20,0,5.5276138e-05,0
v3_public_manual_research_synthetic_row_000777,baseline2_clean,123,adv_20,0,0.0001188988,0
v3_public_manual_research_synthetic_row_003877,baseline2_clean,123,adv_20,0,5.589739e-05,0
v3_public_manual_research_synthetic_row_000711,baseline2_clean,123,adv_20,0,6.500443e-05,0
v3_public_manual_research_synthetic_row_009293,baseline2_clean,123,adv_20,1,0.999895,1
v3_public_manual_research_synthetic_row_007108,baseline2_clean,123,adv_20,1,0.99988806,1
v3_public_manual_research_synthetic_row_007302,baseline2_clean,123,adv_20,1,0.99989116,1
v3_public_manual_research_synthetic_row_009315,baseline2_clean,123,adv_20,1,0.99978966,1
v3_public_manual_research_synthetic_row_005640,baseline2_clean,123,adv_20,1,0.9998816,1
v3_public_manual_research_synthetic_row_002591,baseline2_clean,123,adv_20,0,5.995324e-05,0
v3_public_manual_research_synthetic_row_006335,baseline2_clean,123,adv_20,1,0.99987173,1
v3_public_manual_research_synthetic_row_010326,baseline2_clean,123,adv_20,1,0.9998803,1
v3_public_manual_research_synthetic_row_000903,baseline2_clean,123,adv_20,0,7.774519e-05,0
v3_public_manual_research_synthetic_row_004702,baseline2_clean,123,adv_20,0,5.41398e-05,0
v3_public_manual_research_synthetic_row_005297,baseline2_clean,123,adv_20,1,0.9998228,1
v3_public_manual_research_synthetic_row_009425,baseline2_clean,123,adv_20,1,0.9998932,1
v3_public_manual_research_synthetic_row_010392,baseline2_clean,123,adv_20,1,0.9996879,1
v3_public_manual_research_synthetic_row_009760,baseline2_clean,123,adv_20,1,0.3861059,0
v3_public_manual_research_synthetic_row_007277,baseline2_clean,123,adv_20,1,0.9998728,1
v3_public_manual_research_synthetic_row_008562,baseline2_clean,123,adv_20,1,0.999833,1
v3_public_manual_research_synthetic_row_001644,baseline2_clean,123,adv_20,0,6.11164e-05,0
v3_public_manual_research_synthetic_row_003020,baseline2_clean,123,adv_20,0,5.0838516e-05,0
v3_public_manual_research_synthetic_row_008438,baseline2_clean,123,adv_20,1,0.99989545,1
v3_public_manual_research_synthetic_row_007499,baseline2_clean,123,adv_20,1,0.9998895,1
v3_public_manual_research_synthetic_row_003118,baseline2_clean,123,adv_20,0,9.226667e-05,0
v3_public_manual_research_synthetic_row_002957,baseline2_clean,123,adv_20,0,5.088595e-05,0
v3_public_manual_research_synthetic_row_005645,baseline2_clean,123,adv_20,1,0.9953701,1
v3_public_manual_research_synthetic_row_002773,baseline2_clean,123,adv_20,0,6.221901e-05,0
v3_public_manual_research_synthetic_row_007241,baseline2_clean,123,adv_20,1,0.9998852,1
v3_public_manual_research_synthetic_row_005938,baseline2_clean,123,adv_20,1,0.9998765,1
v3_public_manual_research_synthetic_row_006424,baseline2_clean,123,adv_20,1,0.9998896,1
v3_public_manual_research_synthetic_row_006026,baseline2_clean,123,adv_20,1,0.9998578,1
v3_public_manual_research_synthetic_row_007791,baseline2_clean,123,adv_20,1,0.9998814,1
v3_public_manual_research_synthetic_row_005149,baseline2_clean,123,adv_20,0,8.100162e-05,0
v3_public_manual_research_synthetic_row_008485,baseline2_clean,123,adv_20,1,0.9998716,1
v3_public_manual_research_synthetic_row_008246,baseline2_clean,123,adv_20,1,0.99986947,1
v3_public_manual_research_synthetic_row_003173,baseline2_clean,123,adv_20,0,5.705359e-05,0
v3_public_manual_research_synthetic_row_009779,baseline2_clean,123,adv_20,1,0.0055460394,0
v3_public_manual_research_synthetic_row_000762,baseline2_clean,123,adv_20,0,5.2175186e-05,0
v3_public_manual_research_synthetic_row_005749,baseline2_clean,123,adv_20,1,0.99985766,1
v3_public_manual_research_synthetic_row_005622,baseline2_clean,123,adv_20,1,0.99983644,1
v3_public_manual_research_synthetic_row_004360,baseline2_clean,123,adv_20,0,5.54019e-05,0
v3_public_manual_research_synthetic_row_000906,baseline2_clean,123,adv_20,0,8.274455e-05,0
v3_public_manual_research_synthetic_row_004395,baseline2_clean,123,adv_20,0,8.1047045e-05,0
v3_public_manual_research_synthetic_row_002492,baseline2_clean,123,adv_20,0,4.777413e-05,0
v3_public_manual_research_synthetic_row_009302,baseline2_clean,123,adv_20,1,0.9998888,1
v3_public_manual_research_synthetic_row_007860,baseline2_clean,123,adv_20,1,0.99979323,1
v3_public_manual_research_synthetic_row_002235,baseline2_clean,123,adv_20,0,6.866498e-05,0
v3_public_manual_research_synthetic_row_005109,baseline2_clean,123,adv_20,0,4.9272057e-05,0
v3_public_manual_research_synthetic_row_010433,baseline2_clean,123,adv_20,1,0.9998671,1
v3_public_manual_research_synthetic_row_008944,baseline2_clean,123,adv_20,1,0.9996991,1
v3_public_manual_research_synthetic_row_006556,baseline2_clean,123,adv_20,1,0.9997986,1
v3_public_manual_research_synthetic_row_009386,baseline2_clean,123,adv_20,1,0.9998683,1
v3_public_manual_research_synthetic_row_007396,baseline2_clean,123,adv_20,1,0.9998889,1
v3_public_manual_research_synthetic_row_006400,baseline2_clean,123,adv_20,1,0.99989426,1
v3_public_manual_research_synthetic_row_009041,baseline2_clean,123,adv_20,1,0.99983096,1
v3_public_manual_research_synthetic_row_004847,baseline2_clean,123,adv_20,0,5.8279813e-05,0
v3_public_manual_research_synthetic_row_004659,baseline2_clean,123,adv_20,0,5.164443e-05,0
v3_public_manual_research_synthetic_row_006098,baseline2_clean,123,adv_20,1,0.9996339,1
v3_public_manual_research_synthetic_row_001205,baseline2_clean,123,adv_20,0,6.996965e-05,0
v3_public_manual_research_synthetic_row_006596,baseline2_clean,123,adv_20,1,0.9998878,1
v3_public_manual_research_synthetic_row_004855,baseline2_clean,123,adv_20,0,5.553885e-05,0
v3_public_manual_research_synthetic_row_004919,baseline2_clean,123,adv_20,0,5.8996906e-05,0
v3_public_manual_research_synthetic_row_005078,baseline2_clean,123,adv_20,0,7.996575e-05,0
v3_public_manual_research_synthetic_row_003263,baseline2_clean,123,adv_20,0,6.1188606e-05,0
v3_public_manual_research_synthetic_row_005500,baseline2_clean,123,adv_20,1,0.9998642,1
v3_public_manual_research_synthetic_row_006854,baseline2_clean,123,adv_20,1,0.999892,1
v3_public_manual_research_synthetic_row_003242,baseline2_clean,123,adv_20,0,5.1923435e-05,0
v3_public_manual_research_synthetic_row_007238,baseline2_clean,123,adv_20,1,0.99971014,1
v3_public_manual_research_synthetic_row_000603,baseline2_clean,123,adv_20,0,5.2378244e-05,0
v3_public_manual_research_synthetic_row_005157,baseline2_clean,123,adv_20,0,6.0311748e-05,0
v3_public_manual_research_synthetic_row_000609,baseline2_clean,123,adv_20,0,5.0564995e-05,0
v3_public_manual_research_synthetic_row_005360,baseline2_clean,123,adv_20,1,0.9998766,1
v3_public_manual_research_synthetic_row_008331,baseline2_clean,123,adv_20,1,0.9998765,1
v3_public_manual_research_synthetic_row_004036,baseline2_clean,123,adv_20,0,6.9282716e-05,0
v3_public_manual_research_synthetic_row_009550,baseline2_clean,123,adv_20,1,0.9998498,1
v3_public_manual_research_synthetic_row_007357,baseline2_clean,123,adv_20,1,0.99975604,1
v3_public_manual_research_synthetic_row_010302,baseline2_clean,123,adv_20,1,0.99987364,1
v3_public_manual_research_synthetic_row_000032,baseline2_clean,123,adv_20,0,0.99974185,1
v3_public_manual_research_synthetic_row_003848,baseline2_clean,123,adv_20,0,0.0026971777,0
v3_public_manual_research_synthetic_row_004928,baseline2_clean,123,adv_20,0,6.0515e-05,0
v3_public_manual_research_synthetic_row_001720,baseline2_clean,123,adv_20,0,6.448899e-05,0
v3_public_manual_research_synthetic_row_007494,baseline2_clean,123,adv_20,1,0.99989414,1
v3_public_manual_research_synthetic_row_008991,baseline2_clean,123,adv_20,1,0.9998665,1
v3_public_manual_research_synthetic_row_006964,baseline2_clean,123,adv_20,1,0.9998865,1
v3_public_manual_research_synthetic_row_009566,baseline2_clean,123,adv_20,1,7.545047e-05,0
v3_public_manual_research_synthetic_row_002459,baseline2_clean,123,adv_20,0,5.2395422e-05,0
v3_public_manual_research_synthetic_row_004148,baseline2_clean,123,adv_20,0,8.965275e-05,0
v3_public_manual_research_synthetic_row_006921,baseline2_clean,123,adv_20,1,0.9998888,1
v3_public_manual_research_synthetic_row_005541,baseline2_clean,123,adv_20,1,0.999874,1
v3_public_manual_research_synthetic_row_006632,baseline2_clean,123,adv_20,1,0.99986386,1
v3_public_manual_research_synthetic_row_000138,baseline2_clean,123,adv_20,0,0.011378443,0
v3_public_manual_research_synthetic_row_009019,baseline2_clean,123,adv_20,1,0.99989235,1
v3_public_manual_research_synthetic_row_007264,baseline2_clean,123,adv_20,1,0.9998429,1
v3_public_manual_research_synthetic_row_001026,baseline2_clean,123,adv_20,0,6.178998e-05,0
v3_public_manual_research_synthetic_row_000477,baseline2_clean,123,adv_20,0,6.999702e-05,0
v3_public_manual_research_synthetic_row_007869,baseline2_clean,123,adv_20,1,0.99969554,1
v3_public_manual_research_synthetic_row_009193,baseline2_clean,123,adv_20,1,0.9998654,1
v3_public_manual_research_synthetic_row_001602,baseline2_clean,123,adv_20,0,6.732477e-05,0
v3_public_manual_research_synthetic_row_009005,baseline2_clean,123,adv_20,1,0.9998833,1
v3_public_manual_research_synthetic_row_003895,baseline2_clean,123,adv_20,0,5.2171254e-05,0
v3_public_manual_research_synthetic_row_002906,baseline2_clean,123,adv_20,0,4.9461305e-05,0
v3_public_manual_research_synthetic_row_007631,baseline2_clean,123,adv_20,1,0.9998859,1
v3_public_manual_research_synthetic_row_002043,baseline2_clean,123,adv_20,0,5.76654e-05,0
v3_public_manual_research_synthetic_row_002239,baseline2_clean,123,adv_20,0,6.192447e-05,0
v3_public_manual_research_synthetic_row_007906,baseline2_clean,123,adv_20,1,0.99988294,1
v3_public_manual_research_synthetic_row_006848,baseline2_clean,123,adv_20,1,0.9998952,1
v3_public_manual_research_synthetic_row_010092,baseline2_clean,123,adv_20,1,0.99988186,1
v3_public_manual_research_synthetic_row_003554,baseline2_clean,123,adv_20,0,4.9550727e-05,0
v3_public_manual_research_synthetic_row_003111,baseline2_clean,123,adv_20,0,5.357383e-05,0
v3_public_manual_research_synthetic_row_006453,baseline2_clean,123,adv_20,1,0.9998679,1
v3_public_manual_research_synthetic_row_005435,baseline2_clean,123,adv_20,1,0.99984753,1
v3_public_manual_research_synthetic_row_005908,baseline2_clean,123,adv_20,1,0.9998807,1
v3_public_manual_research_synthetic_row_010298,baseline2_clean,123,adv_20,1,0.9998915,1
v3_public_manual_research_synthetic_row_001085,baseline2_clean,123,adv_20,0,6.016136e-05,0
v3_public_manual_research_synthetic_row_006140,baseline2_clean,123,adv_20,1,0.99988496,1
v3_public_manual_research_synthetic_row_007112,baseline2_clean,123,adv_20,1,0.9998872,1
v3_public_manual_research_synthetic_row_007934,baseline2_clean,123,adv_20,1,0.9998859,1
v3_public_manual_research_synthetic_row_002677,baseline2_clean,123,adv_20,0,5.7664845e-05,0
v3_public_manual_research_synthetic_row_001917,baseline2_clean,123,adv_20,0,7.0985e-05,0
v3_public_manual_research_synthetic_row_008512,baseline2_clean,123,adv_20,1,0.9998758,1
v3_public_manual_research_synthetic_row_008399,baseline2_clean,123,adv_20,1,0.99989116,1
v3_public_manual_research_synthetic_row_003001,baseline2_clean,123,adv_20,0,4.8818103e-05,0
v3_public_manual_research_synthetic_row_010085,baseline2_clean,123,adv_20,1,0.9998884,1
v3_public_manual_research_synthetic_row_000489,baseline2_clean,123,adv_20,0,5.721896e-05,0
v3_public_manual_research_synthetic_row_010197,baseline2_clean,123,adv_20,1,0.99988294,1
v3_public_manual_research_synthetic_row_003410,baseline2_clean,123,adv_20,0,6.177584e-05,0
v3_public_manual_research_synthetic_row_005987,baseline2_clean,123,adv_20,1,0.9998859,1
v3_public_manual_research_synthetic_row_003781,baseline2_clean,123,adv_20,0,5.1074974e-05,0
v3_public_manual_research_synthetic_row_001985,baseline2_clean,123,adv_20,0,5.7646044e-05,0
v3_public_manual_research_synthetic_row_002719,baseline2_clean,123,adv_20,0,5.4817763e-05,0
v3_public_manual_research_synthetic_row_007652,baseline2_clean,123,adv_20,1,0.9998723,1
v3_public_manual_research_synthetic_row_006852,baseline2_clean,123,adv_20,1,0.99971753,1
v3_public_manual_research_synthetic_row_008553,baseline2_clean,123,adv_20,1,0.9998859,1
v3_public_manual_research_synthetic_row_004456,baseline2_clean,123,adv_20,0,8.3716885e-05,0
v3_public_manual_research_synthetic_row_008254,baseline2_clean,123,adv_20,1,0.9998565,1
v3_public_manual_research_synthetic_row_007829,baseline2_clean,123,adv_20,1,0.99984777,1
v3_public_manual_research_synthetic_row_007579,baseline2_clean,123,adv_20,1,0.9998903,1
v3_public_manual_research_synthetic_row_010487,baseline2_clean,123,adv_20,1,0.99986446,1
v3_public_manual_research_synthetic_row_002512,baseline2_clean,123,adv_20,0,5.8345995e-05,0
v3_public_manual_research_synthetic_row_004534,baseline2_clean,123,adv_20,0,4.919984e-05,0
v3_public_manual_research_synthetic_row_003147,baseline2_clean,123,adv_20,0,0.008539416,0
v3_public_manual_research_synthetic_row_010429,baseline2_clean,123,adv_20,1,0.99985874,1
v3_public_manual_research_synthetic_row_006750,baseline2_clean,123,adv_20,1,0.9998908,1
v3_public_manual_research_synthetic_row_000296,baseline2_clean,123,adv_20,0,5.8886853e-05,0
v3_public_manual_research_synthetic_row_009895,baseline2_clean,123,adv_20,1,0.99986565,1
v3_public_manual_research_synthetic_row_004295,baseline2_clean,123,adv_20,0,5.5053144e-05,0
v3_public_manual_research_synthetic_row_010469,baseline2_clean,123,adv_20,1,0.99861145,1
v3_public_manual_research_synthetic_row_009326,baseline2_clean,123,adv_20,1,0.9998728,1
v3_public_manual_research_synthetic_row_007084,baseline2_clean,123,adv_20,1,0.9998896,1
v3_public_manual_research_synthetic_row_002102,baseline2_clean,123,adv_20,0,6.7675835e-05,0
v3_public_manual_research_synthetic_row_000997,baseline2_clean,123,adv_20,0,7.1574876e-05,0
v3_public_manual_research_synthetic_row_001188,baseline2_clean,123,adv_20,0,5.7032983e-05,0
v3_public_manual_research_synthetic_row_005188,baseline2_clean,123,adv_20,0,5.686061e-05,0
v3_public_manual_research_synthetic_row_010264,baseline2_clean,123,adv_20,1,0.9998652,1
v3_public_manual_research_synthetic_row_002327,baseline2_clean,123,adv_20,0,6.0004262e-05,0
v3_public_manual_research_synthetic_row_009171,baseline2_clean,123,adv_20,1,0.9998752,1
v3_public_manual_research_synthetic_row_008056,baseline2_clean,123,adv_20,1,0.9998876,1
v3_public_manual_research_synthetic_row_003168,baseline2_clean,123,adv_20,0,8.979238e-05,0
v3_public_manual_research_synthetic_row_008671,baseline2_clean,123,adv_20,1,0.9998499,1
v3_public_manual_research_synthetic_row_007058,baseline2_clean,123,adv_20,1,0.9998611,1
v3_public_manual_research_synthetic_row_002635,baseline2_clean,123,adv_20,0,5.396866e-05,0
v3_public_manual_research_synthetic_row_008264,baseline2_clean,123,adv_20,1,0.9998915,1
v3_public_manual_research_synthetic_row_006748,baseline2_clean,123,adv_20,1,0.99986744,1
v3_public_manual_research_synthetic_row_004063,baseline2_clean,123,adv_20,0,4.8261256e-05,0
v3_public_manual_research_synthetic_row_000785,baseline2_clean,123,adv_20,0,5.991974e-05,0
v3_public_manual_research_synthetic_row_006086,baseline2_clean,123,adv_20,1,0.99986756,1
v3_public_manual_research_synthetic_row_003744,baseline2_clean,123,adv_20,0,6.451956e-05,0
v3_public_manual_research_synthetic_row_006237,baseline2_clean,123,adv_20,1,0.99989426,1
v3_public_manual_research_synthetic_row_009668,baseline2_clean,123,adv_20,1,0.99987423,1
v3_public_manual_research_synthetic_row_006097,baseline2_clean,123,adv_20,1,0.99986243,1
v3_public_manual_research_synthetic_row_007737,baseline2_clean,123,adv_20,1,0.9902457,1
v3_public_manual_research_synthetic_row_002720,baseline2_clean,123,adv_20,0,6.044568e-05,0
v3_public_manual_research_synthetic_row_006636,baseline2_clean,123,adv_20,1,0.018690905,0
v3_public_manual_research_synthetic_row_008066,baseline2_clean,123,adv_20,1,0.99987924,1
v3_public_manual_research_synthetic_row_001454,baseline2_clean,123,adv_20,0,5.7491343e-05,0
v3_public_manual_research_synthetic_row_003547,baseline2_clean,123,adv_20,0,6.0138533e-05,0
v3_public_manual_research_synthetic_row_004626,baseline2_clean,123,adv_20,0,5.628171e-05,0
v3_public_manual_research_synthetic_row_001746,baseline2_clean,123,adv_20,0,5.815268e-05,0
v3_public_manual_research_synthetic_row_003388,baseline2_clean,123,adv_20,0,5.7172707e-05,0
v3_public_manual_research_synthetic_row_003253,baseline2_clean,123,adv_20,0,5.176721e-05,0
v3_public_manual_research_synthetic_row_002209,baseline2_clean,123,adv_20,0,5.061256e-05,0
v3_public_manual_research_synthetic_row_002222,baseline2_clean,123,adv_20,0,5.486065e-05,0
v3_public_manual_research_synthetic_row_005825,baseline2_clean,123,adv_20,1,0.9998894,1
v3_public_manual_research_synthetic_row_000011,baseline2_clean,123,adv_20,0,9.955045e-05,0
v3_public_manual_research_synthetic_row_005669,baseline2_clean,123,adv_20,1,0.99978477,1
v3_public_manual_research_synthetic_row_007939,baseline2_clean,123,adv_20,1,0.9998603,1
v3_public_manual_research_synthetic_row_003522,baseline2_clean,123,adv_20,0,6.1346575e-05,0
v3_public_manual_research_synthetic_row_002706,baseline2_clean,123,adv_20,0,6.266572e-05,0
v3_public_manual_research_synthetic_row_008831,baseline2_clean,123,adv_20,1,0.9998939,1
v3_public_manual_research_synthetic_row_005261,baseline2_clean,123,adv_20,0,5.2084266e-05,0
v3_public_manual_research_synthetic_row_005448,baseline2_clean,123,adv_20,1,0.00474679,0
v3_public_manual_research_synthetic_row_006548,baseline2_clean,123,adv_20,1,0.9998148,1
v3_public_manual_research_synthetic_row_006658,baseline2_clean,123,adv_20,1,0.99986136,1
v3_public_manual_research_synthetic_row_008675,baseline2_clean,123,adv_20,1,0.99988914,1
v3_public_manual_research_synthetic_row_001661,baseline2_clean,123,adv_20,0,5.5478456e-05,0
v3_public_manual_research_synthetic_row_001554,baseline2_clean,123,adv_20,0,6.4806976e-05,0
v3_public_manual_research_synthetic_row_007711,baseline2_clean,123,adv_20,1,0.9998896,1
v3_public_manual_research_synthetic_row_006872,baseline2_clean,123,adv_20,1,0.9998878,1
v3_public_manual_research_synthetic_row_000198,baseline2_clean,123,adv_20,0,0.0012346768,0
v3_public_manual_research_synthetic_row_002874,baseline2_clean,123,adv_20,0,5.6991114e-05,0
v3_public_manual_research_synthetic_row_008905,baseline2_clean,123,adv_20,1,0.9998827,1
v3_public_manual_research_synthetic_row_003985,baseline2_clean,123,adv_20,0,6.12298e-05,0
v3_public_manual_research_synthetic_row_006525,baseline2_clean,123,adv_20,1,0.999887,1
v3_public_manual_research_synthetic_row_010518,baseline2_clean,123,adv_20,1,0.99986863,1
v3_public_manual_research_synthetic_row_004218,baseline2_clean,123,adv_20,0,5.7725312e-05,0
v3_public_manual_research_synthetic_row_005797,baseline2_clean,123,adv_20,1,0.99989223,1
v3_public_manual_research_synthetic_row_001093,baseline2_clean,123,adv_20,0,6.574785e-05,0
v3_public_manual_research_synthetic_row_007627,baseline2_clean,123,adv_20,1,0.9997353,1
v3_public_manual_research_synthetic_row_005418,baseline2_clean,123,adv_20,1,0.9998827,1
v3_public_manual_research_synthetic_row_000020,baseline2_clean,123,adv_20,0,6.879764e-05,0
v3_public_manual_research_synthetic_row_003483,baseline2_clean,123,adv_20,0,5.9332437e-05,0
v3_public_manual_research_synthetic_row_008662,baseline2_clean,123,adv_20,1,0.9998791,1
v3_public_manual_research_synthetic_row_006223,baseline2_clean,123,adv_20,1,0.99988353,1
v3_public_manual_research_synthetic_row_004199,baseline2_clean,123,adv_20,0,4.8664344e-05,0
v3_public_manual_research_synthetic_row_009649,baseline2_clean,123,adv_20,1,0.999708,1
v3_public_manual_research_synthetic_row_007688,baseline2_clean,123,adv_20,1,0.9998896,1
v3_public_manual_research_synthetic_row_008560,baseline2_clean,123,adv_20,1,0.9998227,1
v3_public_manual_research_synthetic_row_004719,baseline2_clean,123,adv_20,0,6.369489e-05,0
v3_public_manual_research_synthetic_row_007176,baseline2_clean,123,adv_20,1,0.99988306,1
v3_public_manual_research_synthetic_row_001503,baseline2_clean,123,adv_20,0,6.6425906e-05,0
v3_public_manual_research_synthetic_row_005762,baseline2_clean,123,adv_20,1,0.99986804,1
v3_public_manual_research_synthetic_row_003193,baseline2_clean,123,adv_20,0,6.7822424e-05,0
v3_public_manual_research_synthetic_row_006294,baseline2_clean,123,adv_20,1,0.9998184,1
v3_public_manual_research_synthetic_row_003968,baseline2_clean,123,adv_20,0,5.3861768e-05,0
v3_public_manual_research_synthetic_row_007344,baseline2_clean,123,adv_20,1,0.99987745,1
v3_public_manual_research_synthetic_row_004604,baseline2_clean,123,adv_20,0,4.992467e-05,0
v3_public_manual_research_synthetic_row_008574,baseline2_clean,123,adv_20,1,0.999833,1
v3_public_manual_research_synthetic_row_002842,baseline2_clean,123,adv_20,0,8.8963614e-05,0
v3_public_manual_research_synthetic_row_003589,baseline2_clean,123,adv_20,0,5.7675843e-05,0
v3_public_manual_research_synthetic_row_000622,baseline2_clean,123,adv_20,0,6.453027e-05,0
v3_public_manual_research_synthetic_row_007118,baseline2_clean,123,adv_20,1,0.9998919,1
v3_public_manual_research_synthetic_row_009837,baseline2_clean,123,adv_20,1,0.8313446,1
v3_public_manual_research_synthetic_row_002595,baseline2_clean,123,adv_20,0,5.4091233e-05,0
v3_public_manual_research_synthetic_row_007315,baseline2_clean,123,adv_20,1,0.9998764,1
v3_public_manual_research_synthetic_row_002666,baseline2_clean,123,adv_20,0,5.196822e-05,0
v3_public_manual_research_synthetic_row_007287,baseline2_clean,123,adv_20,1,0.9998579,1
v3_public_manual_research_synthetic_row_000852,baseline2_clean,123,adv_20,0,5.555623e-05,0
v3_public_manual_research_synthetic_row_002936,baseline2_clean,123,adv_20,0,5.0905364e-05,0
v3_public_manual_research_synthetic_row_007568,baseline2_clean,123,adv_20,1,0.9998272,1
v3_public_manual_research_synthetic_row_008813,baseline2_clean,123,adv_20,1,0.999887,1
v3_public_manual_research_synthetic_row_004753,baseline2_clean,123,adv_20,0,5.529269e-05,0
v3_public_manual_research_synthetic_row_007721,baseline2_clean,123,adv_20,1,0.9998869,1
v3_public_manual_research_synthetic_row_006973,baseline2_clean,123,adv_20,1,0.99979883,1
v3_public_manual_research_synthetic_row_003160,baseline2_clean,123,adv_20,0,6.219741e-05,0
v3_public_manual_research_synthetic_row_002922,baseline2_clean,123,adv_20,0,5.4539632e-05,0
v3_public_manual_research_synthetic_row_002975,baseline2_clean,123,adv_20,0,7.251741e-05,0
v3_public_manual_research_synthetic_row_001947,baseline2_clean,123,adv_20,0,7.569478e-05,0
v3_public_manual_research_synthetic_row_009460,baseline2_clean,123,adv_20,1,0.99977475,1
v3_public_manual_research_synthetic_row_003428,baseline2_clean,123,adv_20,0,7.083294e-05,0
v3_public_manual_research_synthetic_row_002198,baseline2_clean,123,adv_20,0,6.6583496e-05,0
v3_public_manual_research_synthetic_row_006762,baseline2_clean,123,adv_20,1,0.99980456,1
v3_public_manual_research_synthetic_row_000298,baseline2_clean,123,adv_20,0,5.8715992e-05,0
v3_public_manual_research_synthetic_row_005088,baseline2_clean,123,adv_20,0,4.8453832e-05,0
v3_public_manual_research_synthetic_row_006384,baseline2_clean,123,adv_20,1,0.99988115,1
v3_public_manual_research_synthetic_row_001611,baseline2_clean,123,adv_20,0,5.98337e-05,0
v3_public_manual_research_synthetic_row_008559,baseline2_clean,123,adv_20,1,0.9998596,1
v3_public_manual_research_synthetic_row_006942,baseline2_clean,123,adv_20,1,0.99988294,1
v3_public_manual_research_synthetic_row_004253,baseline2_clean,123,adv_20,0,0.00012886953,0
v3_public_manual_research_synthetic_row_004075,baseline2_clean,123,adv_20,0,5.6747776e-05,0
v3_public_manual_research_synthetic_row_002072,baseline2_clean,123,adv_20,0,5.8676982e-05,0
v3_public_manual_research_synthetic_row_003008,baseline2_clean,123,adv_20,0,5.790411e-05,0
v3_public_manual_research_synthetic_row_002981,baseline2_clean,123,adv_20,0,6.0352253e-05,0
v3_public_manual_research_synthetic_row_009487,baseline2_clean,123,adv_20,1,0.9998313,1
v3_public_manual_research_synthetic_row_003362,baseline2_clean,123,adv_20,0,5.7182955e-05,0
v3_public_manual_research_synthetic_row_002420,baseline2_clean,123,adv_20,0,5.102205e-05,0
v3_public_manual_research_synthetic_row_002611,baseline2_clean,123,adv_20,0,5.0485974e-05,0
v3_public_manual_research_synthetic_row_006754,baseline2_clean,123,adv_20,1,0.99988234,1
v3_public_manual_research_synthetic_row_001344,baseline2_clean,123,adv_20,0,7.062385e-05,0
v3_public_manual_research_synthetic_row_009774,baseline2_clean,123,adv_20,1,0.9998023,1
v3_public_manual_research_synthetic_row_005899,baseline2_clean,123,adv_20,1,0.9998417,1
v3_public_manual_research_synthetic_row_006248,baseline2_clean,123,adv_20,1,0.99988425,1
v3_public_manual_research_synthetic_row_006451,baseline2_clean,123,adv_20,1,0.9998926,1
v3_public_manual_research_synthetic_row_000651,baseline2_clean,123,adv_20,0,6.454461e-05,0
v3_public_manual_research_synthetic_row_007364,baseline2_clean,123,adv_20,1,0.9985695,1
v3_public_manual_research_synthetic_row_007771,baseline2_clean,123,adv_20,1,0.99988663,1
v3_public_manual_research_synthetic_row_009508,baseline2_clean,123,adv_20,1,0.99977833,1
v3_public_manual_research_synthetic_row_001049,baseline2_clean,123,adv_20,0,6.7585155e-05,0
v3_public_manual_research_synthetic_row_008783,baseline2_clean,123,adv_20,1,0.9998932,1
v3_public_manual_research_synthetic_row_008415,baseline2_clean,123,adv_20,1,6.399907e-05,0
v3_public_manual_research_synthetic_row_007823,baseline2_clean,123,adv_20,1,0.9998374,1
v3_public_manual_research_synthetic_row_007490,baseline2_clean,123,adv_20,1,0.9998616,1
v3_public_manual_research_synthetic_row_005230,baseline2_clean,123,adv_20,0,7.500435e-05,0
v3_public_manual_research_synthetic_row_002576,baseline2_clean,123,adv_20,0,6.016664e-05,0
v3_public_manual_research_synthetic_row_009080,baseline2_clean,123,adv_20,1,0.9998834,1
v3_public_manual_research_synthetic_row_005308,baseline2_clean,123,adv_20,1,0.9998865,1
v3_public_manual_research_synthetic_row_003181,baseline2_clean,123,adv_20,0,5.921255e-05,0
v3_public_manual_research_synthetic_row_001797,baseline2_clean,123,adv_20,0,5.9095448e-05,0
v3_public_manual_research_synthetic_row_001543,baseline2_clean,123,adv_20,0,0.00010204615,0
v3_public_manual_research_synthetic_row_004772,baseline2_clean,123,adv_20,0,5.0698454e-05,0
v3_public_manual_research_synthetic_row_003157,baseline2_clean,123,adv_20,0,0.00020833312,0
v3_public_manual_research_synthetic_row_006250,baseline2_clean,123,adv_20,1,0.99950993,1
v3_public_manual_research_synthetic_row_000755,baseline2_clean,123,adv_20,0,7.810791e-05,0
v3_public_manual_research_synthetic_row_008644,baseline2_clean,123,adv_20,1,0.9998847,1
v3_public_manual_research_synthetic_row_000444,baseline2_clean,123,adv_20,0,5.5137625e-05,0
v3_public_manual_research_synthetic_row_006522,baseline2_clean,123,adv_20,1,0.99986863,1
v3_public_manual_research_synthetic_row_007967,baseline2_clean,123,adv_20,1,0.018045096,0
v3_public_manual_research_synthetic_row_007530,baseline2_clean,123,adv_20,1,0.99986684,1
v3_public_manual_research_synthetic_row_000620,baseline2_clean,123,adv_20,0,5.915273e-05,0
v3_public_manual_research_synthetic_row_001089,baseline2_clean,123,adv_20,0,5.6367913e-05,0
v3_public_manual_research_synthetic_row_004225,baseline2_clean,123,adv_20,0,7.665983e-05,0
v3_public_manual_research_synthetic_row_003455,baseline2_clean,123,adv_20,0,5.5723896e-05,0
v3_public_manual_research_synthetic_row_008992,baseline2_clean,123,adv_20,1,0.99988604,1
v3_public_manual_research_synthetic_row_009464,baseline2_clean,123,adv_20,1,0.99987364,1
v3_public_manual_research_synthetic_row_006130,baseline2_clean,123,adv_20,1,0.99988985,1
v3_public_manual_research_synthetic_row_003062,baseline2_clean,123,adv_20,0,5.9715305e-05,0
v3_public_manual_research_synthetic_row_008456,baseline2_clean,123,adv_20,1,0.9997004,1
v3_public_manual_research_synthetic_row_004334,baseline2_clean,123,adv_20,0,5.804775e-05,0
v3_public_manual_research_synthetic_row_008186,baseline2_clean,123,adv_20,1,0.9998802,1
v3_public_manual_research_synthetic_row_007799,baseline2_clean,123,adv_20,1,0.99806374,1
v3_public_manual_research_synthetic_row_008113,baseline2_clean,123,adv_20,1,0.9841053,1
v3_public_manual_research_synthetic_row_003053,baseline2_clean,123,adv_20,0,5.4453783e-05,0
v3_public_manual_research_synthetic_row_002682,baseline2_clean,123,adv_20,0,5.4157306e-05,0
v3_public_manual_research_synthetic_row_001443,baseline2_clean,123,adv_20,0,6.1624036e-05,0
v3_public_manual_research_synthetic_row_002839,baseline2_clean,123,adv_20,0,5.1560866e-05,0
v3_public_manual_research_synthetic_row_006782,baseline2_clean,123,adv_20,1,0.9998846,1
v3_public_manual_research_synthetic_row_003889,baseline2_clean,123,adv_20,0,6.403008e-05,0
v3_public_manual_research_synthetic_row_000820,baseline2_clean,123,adv_20,0,6.6875065e-05,0
v3_public_manual_research_synthetic_row_006013,baseline2_clean,123,adv_20,1,0.9998858,1
v3_public_manual_research_synthetic_row_010291,baseline2_clean,123,adv_20,1,0.9998869,1
v3_public_manual_research_synthetic_row_005743,baseline2_clean,123,adv_20,1,0.99983275,1
v3_public_manual_research_synthetic_row_000161,baseline2_clean,123,adv_20,0,6.33745e-05,0
v3_public_manual_research_synthetic_row_005823,baseline2_clean,123,adv_20,1,0.9998913,1
v3_public_manual_research_synthetic_row_002272,baseline2_clean,123,adv_20,0,8.010725e-05,0
v3_public_manual_research_synthetic_row_003863,baseline2_clean,123,adv_20,0,6.126579e-05,0
v3_public_manual_research_synthetic_row_007479,baseline2_clean,123,adv_20,1,0.9998876,1
v3_public_manual_research_synthetic_row_009228,baseline2_clean,123,adv_20,1,0.99988544,1
v3_public_manual_research_synthetic_row_006529,baseline2_clean,123,adv_20,1,0.99985576,1
v3_public_manual_research_synthetic_row_007304,baseline2_clean,123,adv_20,1,0.99981767,1
v3_public_manual_research_synthetic_row_003328,baseline2_clean,123,adv_20,0,5.5354314e-05,0
v3_public_manual_research_synthetic_row_005154,baseline2_clean,123,adv_20,0,5.0695453e-05,0
v3_public_manual_research_synthetic_row_006595,baseline2_clean,123,adv_20,1,0.99987483,1
v3_public_manual_research_synthetic_row_005522,baseline2_clean,123,adv_20,1,0.99981457,1
v3_public_manual_research_synthetic_row_003156,baseline2_clean,123,adv_20,0,6.17868e-05,0
v3_public_manual_research_synthetic_row_007338,baseline2_clean,123,adv_20,1,0.999876,1
v3_public_manual_research_synthetic_row_006320,baseline2_clean,123,adv_20,1,0.99989104,1
v3_public_manual_research_synthetic_row_007689,baseline2_clean,123,adv_20,1,0.9998635,1
v3_public_manual_research_synthetic_row_008122,baseline2_clean,123,adv_20,1,0.99988544,1
v3_public_manual_research_synthetic_row_005853,baseline2_clean,123,adv_20,1,0.9998776,1
v3_public_manual_research_synthetic_row_006732,baseline2_clean,123,adv_20,1,0.9998635,1
v3_public_manual_research_synthetic_row_003533,baseline2_clean,123,adv_20,0,4.908456e-05,0
v3_public_manual_research_synthetic_row_008568,baseline2_clean,123,adv_20,1,0.99986064,1
v3_public_manual_research_synthetic_row_000702,baseline2_clean,123,adv_20,0,5.724287e-05,0
v3_public_manual_research_synthetic_row_007072,baseline2_clean,123,adv_20,1,0.99982136,1
v3_public_manual_research_synthetic_row_002667,baseline2_clean,123,adv_20,0,5.5803765e-05,0
v3_public_manual_research_synthetic_row_002852,baseline2_clean,123,adv_20,0,5.3498163e-05,0
v3_public_manual_research_synthetic_row_003456,baseline2_clean,123,adv_20,0,4.8235583e-05,0
v3_public_manual_research_synthetic_row_008564,baseline2_clean,123,adv_20,1,0.9997844,1
v3_public_manual_research_synthetic_row_001149,baseline2_clean,123,adv_20,0,5.402288e-05,0
v3_public_manual_research_synthetic_row_006736,baseline2_clean,123,adv_20,1,0.9998833,1
v3_public_manual_research_synthetic_row_008799,baseline2_clean,123,adv_20,1,0.9998373,1
v3_public_manual_research_synthetic_row_005331,baseline2_clean,123,adv_20,1,0.9998872,1
v3_public_manual_research_synthetic_row_003610,baseline2_clean,123,adv_20,0,4.866931e-05,0
v3_public_manual_research_synthetic_row_002756,baseline2_clean,123,adv_20,0,5.2381485e-05,0
v3_public_manual_research_synthetic_row_005312,baseline2_clean,123,adv_20,1,0.9998802,1
v3_public_manual_research_synthetic_row_003197,baseline2_clean,123,adv_20,0,5.364581e-05,0
v3_public_manual_research_synthetic_row_005847,baseline2_clean,123,adv_20,1,0.99982125,1
v3_public_manual_research_synthetic_row_007848,baseline2_clean,123,adv_20,1,0.99889565,1
v3_public_manual_research_synthetic_row_002514,baseline2_clean,123,adv_20,0,5.8795562e-05,0
v3_public_manual_research_synthetic_row_007394,baseline2_clean,123,adv_20,1,0.99984527,1
v3_public_manual_research_synthetic_row_001842,baseline2_clean,123,adv_20,0,0.00017441309,0
v3_public_manual_research_synthetic_row_005733,baseline2_clean,123,adv_20,1,0.9998604,1
v3_public_manual_research_synthetic_row_009852,baseline2_clean,123,adv_20,1,0.99986136,1
v3_public_manual_research_synthetic_row_005276,baseline2_clean,123,adv_20,1,0.99988234,1
v3_public_manual_research_synthetic_row_009152,baseline2_clean,123,adv_20,1,0.99987876,1
v3_public_manual_research_synthetic_row_003043,baseline2_clean,123,adv_20,0,5.3810483e-05,0
v3_public_manual_research_synthetic_row_002817,baseline2_clean,123,adv_20,0,5.9914884e-05,0
v3_public_manual_research_synthetic_row_000018,baseline2_clean,123,adv_20,0,0.9998294,1
v3_public_manual_research_synthetic_row_004713,baseline2_clean,123,adv_20,0,5.259226e-05,0
v3_public_manual_research_synthetic_row_004563,baseline2_clean,123,adv_20,0,9.2746646e-05,0
v3_public_manual_research_synthetic_row_009296,baseline2_clean,123,adv_20,1,0.9998808,1
v3_public_manual_research_synthetic_row_008610,baseline2_clean,123,adv_20,1,0.99989367,1
v3_public_manual_research_synthetic_row_004594,baseline2_clean,123,adv_20,0,8.2257255e-05,0
v3_public_manual_research_synthetic_row_004206,baseline2_clean,123,adv_20,0,6.5631095e-05,0
v3_public_manual_research_synthetic_row_004559,baseline2_clean,123,adv_20,0,6.1000534e-05,0
v3_public_manual_research_synthetic_row_004397,baseline2_clean,123,adv_20,0,5.3501124e-05,0
v3_public_manual_research_synthetic_row_003567,baseline2_clean,123,adv_20,0,6.155216e-05,0
v3_public_manual_research_synthetic_row_002275,baseline2_clean,123,adv_20,0,6.048408e-05,0
v3_public_manual_research_synthetic_row_006757,baseline2_clean,123,adv_20,1,0.99986935,1
v3_public_manual_research_synthetic_row_004285,baseline2_clean,123,adv_20,0,5.2535663e-05,0
v3_public_manual_research_synthetic_row_003849,baseline2_clean,123,adv_20,0,7.3575204e-05,0
v3_public_manual_research_synthetic_row_004401,baseline2_clean,123,adv_20,0,5.6318917e-05,0
v3_public_manual_research_synthetic_row_003821,baseline2_clean,123,adv_20,0,5.2246738e-05,0
v3_public_manual_research_synthetic_row_007705,baseline2_clean,123,adv_20,1,0.9998863,1
v3_public_manual_research_synthetic_row_006187,baseline2_clean,123,adv_20,1,0.99987924,1
v3_public_manual_research_synthetic_row_005328,baseline2_clean,123,adv_20,1,0.9998882,1
v3_public_manual_research_synthetic_row_008323,baseline2_clean,123,adv_20,1,0.99986875,1
v3_public_manual_research_synthetic_row_006705,baseline2_clean,123,adv_20,1,0.9998956,1
v3_public_manual_research_synthetic_row_009871,baseline2_clean,123,adv_20,1,7.116964e-05,0
v3_public_manual_research_synthetic_row_008422,baseline2_clean,123,adv_20,1,0.99984026,1
v3_public_manual_research_synthetic_row_000515,baseline2_clean,123,adv_20,0,5.1296724e-05,0
v3_public_manual_research_synthetic_row_006450,baseline2_clean,123,adv_20,1,0.99980825,1
v3_public_manual_research_synthetic_row_008566,baseline2_clean,123,adv_20,1,0.9998697,1
v3_public_manual_research_synthetic_row_010372,baseline2_clean,123,adv_20,1,0.99987924,1
v3_public_manual_research_synthetic_row_008300,baseline2_clean,123,adv_20,1,0.99977523,1
v3_public_manual_research_synthetic_row_003750,baseline2_clean,123,adv_20,0,6.452855e-05,0
v3_public_manual_research_synthetic_row_007734,baseline2_clean,123,adv_20,1,0.99969506,1
v3_public_manual_research_synthetic_row_010411,baseline2_clean,123,adv_20,1,0.9998771,1
v3_public_manual_research_synthetic_row_007712,baseline2_clean,123,adv_20,1,0.9998828,1
v3_public_manual_research_synthetic_row_008878,baseline2_clean,123,adv_20,1,0.99989295,1
v3_public_manual_research_synthetic_row_005054,baseline2_clean,123,adv_20,0,0.0003717308,0
v3_public_manual_research_synthetic_row_006164,baseline2_clean,123,adv_20,1,0.9995389,1
v3_public_manual_research_synthetic_row_001099,baseline2_clean,123,adv_20,0,6.5580796e-05,0
v3_public_manual_research_synthetic_row_008787,baseline2_clean,123,adv_20,1,0.9998865,1
v3_public_manual_research_synthetic_row_007132,baseline2_clean,123,adv_20,1,0.9998518,1
v3_public_manual_research_synthetic_row_009966,baseline2_clean,123,adv_20,1,0.9998969,1
v3_public_manual_research_synthetic_row_005430,baseline2_clean,123,adv_20,1,0.9998776,1
v3_public_manual_research_synthetic_row_001993,baseline2_clean,123,adv_20,0,6.624599e-05,0
v3_public_manual_research_synthetic_row_008900,baseline2_clean,123,adv_20,1,7.0819224e-05,0
v3_public_manual_research_synthetic_row_008689,baseline2_clean,123,adv_20,1,0.9998903,1
v3_public_manual_research_synthetic_row_001381,baseline2_clean,123,adv_20,0,7.683019e-05,0
v3_public_manual_research_synthetic_row_009370,baseline2_clean,123,adv_20,1,0.9998796,1
v3_public_manual_research_synthetic_row_001927,baseline2_clean,123,adv_20,0,9.144385e-05,0
v3_public_manual_research_synthetic_row_009301,baseline2_clean,123,adv_20,1,0.9998944,1
v3_public_manual_research_synthetic_row_005067,baseline2_clean,123,adv_20,0,5.7532798e-05,0
v3_public_manual_research_synthetic_row_005728,baseline2_clean,123,adv_20,1,0.9998735,1
v3_public_manual_research_synthetic_row_001474,baseline2_clean,123,adv_20,0,6.3071355e-05,0
v3_public_manual_research_synthetic_row_002108,baseline2_clean,123,adv_20,0,8.838681e-05,0
v3_public_manual_research_synthetic_row_000189,baseline2_clean,123,adv_20,0,6.607552e-05,0
v3_public_manual_research_synthetic_row_005274,baseline2_clean,123,adv_20,1,0.99986374,1
v3_public_manual_research_synthetic_row_006952,baseline2_clean,123,adv_20,1,0.99667835,1
v3_public_manual_research_synthetic_row_007062,baseline2_clean,123,adv_20,1,0.9998826,1
v3_public_manual_research_synthetic_row_008786,baseline2_clean,123,adv_20,1,0.9998311,1
v3_public_manual_research_synthetic_row_005381,baseline2_clean,123,adv_20,1,0.9998853,1
v3_public_manual_research_synthetic_row_001751,baseline2_clean,123,adv_20,0,5.7413483e-05,0
v3_public_manual_research_synthetic_row_002228,baseline2_clean,123,adv_20,0,5.680923e-05,0
v3_public_manual_research_synthetic_row_003961,baseline2_clean,123,adv_20,0,5.747698e-05,0
v3_public_manual_research_synthetic_row_000293,baseline2_clean,123,adv_20,0,5.8972266e-05,0
v3_public_manual_research_synthetic_row_002464,baseline2_clean,123,adv_20,0,6.178939e-05,0
v3_public_manual_research_synthetic_row_001422,baseline2_clean,123,adv_20,0,5.8984304e-05,0
v3_public_manual_research_synthetic_row_009101,baseline2_clean,123,adv_20,1,0.9998503,1
v3_public_manual_research_synthetic_row_002015,baseline2_clean,123,adv_20,0,6.942055e-05,0
v3_public_manual_research_synthetic_row_009739,baseline2_clean,123,adv_20,1,0.9998789,1
v3_public_manual_research_synthetic_row_008602,baseline2_clean,123,adv_20,1,0.99988055,1
v3_public_manual_research_synthetic_row_009717,baseline2_clean,123,adv_20,1,0.99988556,1
v3_public_manual_research_synthetic_row_000143,baseline2_clean,123,adv_20,0,0.00015608947,0
v3_public_manual_research_synthetic_row_000579,baseline2_clean,123,adv_20,0,5.577046e-05,0
v3_public_manual_research_synthetic_row_008508,baseline2_clean,123,adv_20,1,0.99987555,1
v3_public_manual_research_synthetic_row_009818,baseline2_clean,123,adv_20,1,0.945983,1
v3_public_manual_research_synthetic_row_002501,baseline2_clean,123,adv_20,0,5.238903e-05,0
v3_public_manual_research_synthetic_row_009562,baseline2_clean,123,adv_20,1,0.9998884,1
v3_public_manual_research_synthetic_row_006699,baseline2_clean,123,adv_20,1,0.9998871,1
v3_public_manual_research_synthetic_row_004131,baseline2_clean,123,adv_20,0,5.808723e-05,0
v3_public_manual_research_synthetic_row_008478,baseline2_clean,123,adv_20,1,0.99986804,1
v3_public_manual_research_synthetic_row_001208,baseline2_clean,123,adv_20,0,5.815224e-05,0
v3_public_manual_research_synthetic_row_008940,baseline2_clean,123,adv_20,1,0.99978465,1
v3_public_manual_research_synthetic_row_007728,baseline2_clean,123,adv_20,1,0.999881,1
v3_public_manual_research_synthetic_row_003812,baseline2_clean,123,adv_20,0,5.7016776e-05,0
v3_public_manual_research_synthetic_row_000893,baseline2_clean,123,adv_20,0,6.47078e-05,0
v3_public_manual_research_synthetic_row_004194,baseline2_clean,123,adv_20,0,5.2745e-05,0
v3_public_manual_research_synthetic_row_009679,baseline2_clean,123,adv_20,1,0.049474828,0
v3_public_manual_research_synthetic_row_008121,baseline2_clean,123,adv_20,1,0.99988306,1
v3_public_manual_research_synthetic_row_003723,baseline2_clean,123,adv_20,0,5.9290644e-05,0
v3_public_manual_research_synthetic_row_001495,baseline2_clean,123,adv_20,0,5.960186e-05,0
v3_public_manual_research_synthetic_row_007452,baseline2_clean,123,adv_20,1,0.9998913,1
v3_public_manual_research_synthetic_row_000813,baseline2_clean,123,adv_20,0,5.9652815e-05,0
v3_public_manual_research_synthetic_row_007216,baseline2_clean,123,adv_20,1,0.99988866,1
v3_public_manual_research_synthetic_row_008535,baseline2_clean,123,adv_20,1,0.99988484,1
v3_public_manual_research_synthetic_row_007376,baseline2_clean,123,adv_20,1,0.9998909,1
v3_public_manual_research_synthetic_row_006378,baseline2_clean,123,adv_20,1,0.99988663,1
v3_public_manual_research_synthetic_row_010381,baseline2_clean,123,adv_20,1,0.9998852,1
v3_public_manual_research_synthetic_row_005881,baseline2_clean,123,adv_20,1,0.9997495,1
v3_public_manual_research_synthetic_row_005090,baseline2_clean,123,adv_20,0,5.5471475e-05,0
v3_public_manual_research_synthetic_row_006686,baseline2_clean,123,adv_20,1,0.9998741,1
v3_public_manual_research_synthetic_row_009318,baseline2_clean,123,adv_20,1,0.9998704,1
v3_public_manual_research_synthetic_row_007140,baseline2_clean,123,adv_20,1,0.99942327,1
v3_public_manual_research_synthetic_row_000640,baseline2_clean,123,adv_20,0,5.6609784e-05,0
v3_public_manual_research_synthetic_row_007186,baseline2_clean,123,adv_20,1,0.9998797,1
v3_public_manual_research_synthetic_row_002021,baseline2_clean,123,adv_20,0,6.394288e-05,0
v3_public_manual_research_synthetic_row_005359,baseline2_clean,123,adv_20,1,0.99987507,1
v3_public_manual_research_synthetic_row_000840,baseline2_clean,123,adv_20,0,7.1532566e-05,0
v3_public_manual_research_synthetic_row_007991,baseline2_clean,123,adv_20,1,0.999864,1
v3_public_manual_research_synthetic_row_005655,baseline2_clean,123,adv_20,1,0.99984634,1
v3_public_manual_research_synthetic_row_006742,baseline2_clean,123,adv_20,1,0.9955735,1
v3_public_manual_research_synthetic_row_006397,baseline2_clean,123,adv_20,1,0.9998914,1
v3_public_manual_research_synthetic_row_009056,baseline2_clean,123,adv_20,1,0.9998903,1
v3_public_manual_research_synthetic_row_005294,baseline2_clean,123,adv_20,1,0.9997336,1
v3_public_manual_research_synthetic_row_004816,baseline2_clean,123,adv_20,0,5.307022e-05,0
v3_public_manual_research_synthetic_row_004589,baseline2_clean,123,adv_20,0,5.316606e-05,0
v3_public_manual_research_synthetic_row_006473,baseline2_clean,123,adv_20,1,0.9998271,1
v3_public_manual_research_synthetic_row_001384,baseline2_clean,123,adv_20,0,5.5999833e-05,0
v3_public_manual_research_synthetic_row_001600,baseline2_clean,123,adv_20,0,5.7261535e-05,0
v3_public_manual_research_synthetic_row_003100,baseline2_clean,123,adv_20,0,6.0495957e-05,0
v3_public_manual_research_synthetic_row_000098,baseline2_clean,123,adv_20,0,0.00012221096,0
v3_public_manual_research_synthetic_row_006178,baseline2_clean,123,adv_20,1,0.9998789,1
v3_public_manual_research_synthetic_row_004405,baseline2_clean,123,adv_20,0,5.4939963e-05,0
v3_public_manual_research_synthetic_row_009907,baseline2_clean,123,adv_20,1,0.9998282,1
v3_public_manual_research_synthetic_row_004862,baseline2_clean,123,adv_20,0,5.8575904e-05,0
v3_public_manual_research_synthetic_row_003014,baseline2_clean,123,adv_20,0,7.907476e-05,0
v3_public_manual_research_synthetic_row_003188,baseline2_clean,123,adv_20,0,4.9359485e-05,0
v3_public_manual_research_synthetic_row_009989,baseline2_clean,123,adv_20,1,0.9998795,1
v3_public_manual_research_synthetic_row_001395,baseline2_clean,123,adv_20,0,5.617977e-05,0
v3_public_manual_research_synthetic_row_009519,baseline2_clean,123,adv_20,1,0.9998658,1
v3_public_manual_research_synthetic_row_007539,baseline2_clean,123,adv_20,1,0.9998617,1
v3_public_manual_research_synthetic_row_000772,baseline2_clean,123,adv_20,0,0.0020600585,0
v3_public_manual_research_synthetic_row_007380,baseline2_clean,123,adv_20,1,0.9998927,1
v3_public_manual_research_synthetic_row_010079,baseline2_clean,123,adv_20,1,0.9998934,1
v3_public_manual_research_synthetic_row_005562,baseline2_clean,123,adv_20,1,0.99970007,1
v3_public_manual_research_synthetic_row_002840,baseline2_clean,123,adv_20,0,7.78726e-05,0
v3_public_manual_research_synthetic_row_003183,baseline2_clean,123,adv_20,0,6.7193214e-05,0
v3_public_manual_research_synthetic_row_007908,baseline2_clean,123,adv_20,1,0.9998908,1
v3_public_manual_research_synthetic_row_006692,baseline2_clean,123,adv_20,1,0.9995809,1
v3_public_manual_research_synthetic_row_000349,baseline2_clean,123,adv_20,0,6.757665e-05,0
v3_public_manual_research_synthetic_row_002784,baseline2_clean,123,adv_20,0,5.823759e-05,0
v3_public_manual_research_synthetic_row_000706,baseline2_clean,123,adv_20,0,4.896301e-05,0
v3_public_manual_research_synthetic_row_006565,baseline2_clean,123,adv_20,1,0.9998865,1
v3_public_manual_research_synthetic_row_003832,baseline2_clean,123,adv_20,0,7.938285e-05,0
v3_public_manual_research_synthetic_row_000415,baseline2_clean,123,adv_20,0,6.253952e-05,0
v3_public_manual_research_synthetic_row_001597,baseline2_clean,123,adv_20,0,5.7677935e-05,0
v3_public_manual_research_synthetic_row_000861,baseline2_clean,123,adv_20,0,6.948094e-05,0
v3_public_manual_research_synthetic_row_005039,baseline2_clean,123,adv_20,0,0.0004347057,0
v3_public_manual_research_synthetic_row_004427,baseline2_clean,123,adv_20,0,5.4074062e-05,0
v3_public_manual_research_synthetic_row_003269,baseline2_clean,123,adv_20,0,5.7611534e-05,0
v3_public_manual_research_synthetic_row_003257,baseline2_clean,123,adv_20,0,5.171106e-05,0
v3_public_manual_research_synthetic_row_002729,baseline2_clean,123,adv_20,0,5.866495e-05,0
v3_public_manual_research_synthetic_row_006566,baseline2_clean,123,adv_20,1,0.0007578655,0
v3_public_manual_research_synthetic_row_002652,baseline2_clean,123,adv_20,0,5.6519057e-05,0
v3_public_manual_research_synthetic_row_006991,baseline2_clean,123,adv_20,1,0.9998926,1
v3_public_manual_research_synthetic_row_009246,baseline2_clean,123,adv_20,1,0.99985003,1
v3_public_manual_research_synthetic_row_003596,baseline2_clean,123,adv_20,0,5.5683417e-05,0
v3_public_manual_research_synthetic_row_002050,baseline2_clean,123,adv_20,0,5.7283924e-05,0
v3_public_manual_research_synthetic_row_005527,baseline2_clean,123,adv_20,1,0.9998553,1
v3_public_manual_research_synthetic_row_006300,baseline2_clean,123,adv_20,1,0.9998747,1
v3_public_manual_research_synthetic_row_001372,baseline2_clean,123,adv_20,0,8.0822225e-05,0
v3_public_manual_research_synthetic_row_004084,baseline2_clean,123,adv_20,0,5.1334795e-05,0
v3_public_manual_research_synthetic_row_007834,baseline2_clean,123,adv_20,1,0.9998882,1
v3_public_manual_research_synthetic_row_001940,baseline2_clean,123,adv_20,0,6.0828414e-05,0
v3_public_manual_research_synthetic_row_007585,baseline2_clean,123,adv_20,1,0.9998516,1
v3_public_manual_research_synthetic_row_008811,baseline2_clean,123,adv_20,1,0.9998381,1
v3_public_manual_research_synthetic_row_003773,baseline2_clean,123,adv_20,0,0.00032769082,0
v3_public_manual_research_synthetic_row_004269,baseline2_clean,123,adv_20,0,6.0612205e-05,0
v3_public_manual_research_synthetic_row_010270,baseline2_clean,123,adv_20,1,0.9998896,1
v3_public_manual_research_synthetic_row_005556,baseline2_clean,123,adv_20,1,0.99966645,1
v3_public_manual_research_synthetic_row_009021,baseline2_clean,123,adv_20,1,0.9998449,1
v3_public_manual_research_synthetic_row_002749,baseline2_clean,123,adv_20,0,6.307556e-05,0
v3_public_manual_research_synthetic_row_001584,baseline2_clean,123,adv_20,0,6.0993785e-05,0
v3_public_manual_research_synthetic_row_005597,baseline2_clean,123,adv_20,1,0.99912006,1
v3_public_manual_research_synthetic_row_006383,baseline2_clean,123,adv_20,1,0.99980694,1
v3_public_manual_research_synthetic_row_002401,baseline2_clean,123,adv_20,0,6.41155e-05,0
v3_public_manual_research_synthetic_row_000142,baseline2_clean,123,adv_20,0,0.00010773432,0
v3_public_manual_research_synthetic_row_007837,baseline2_clean,123,adv_20,1,0.9998543,1
v3_public_manual_research_synthetic_row_003470,baseline2_clean,123,adv_20,0,4.9081653e-05,0
v3_public_manual_research_synthetic_row_000938,baseline2_clean,123,adv_20,0,5.542203e-05,0
v3_public_manual_research_synthetic_row_005741,baseline2_clean,123,adv_20,1,0.9997949,1
v3_public_manual_research_synthetic_row_002479,baseline2_clean,123,adv_20,0,6.144747e-05,0
v3_public_manual_research_synthetic_row_000591,baseline2_clean,123,adv_20,0,5.084777e-05,0
v3_public_manual_research_synthetic_row_009286,baseline2_clean,123,adv_20,1,0.9998872,1
v3_public_manual_research_synthetic_row_005301,baseline2_clean,123,adv_20,1,0.9998734,1
v3_public_manual_research_synthetic_row_004102,baseline2_clean,123,adv_20,0,5.6342655e-05,0
v3_public_manual_research_synthetic_row_008076,baseline2_clean,123,adv_20,1,0.99984324,1
v3_public_manual_research_synthetic_row_004055,baseline2_clean,123,adv_20,0,7.09045e-05,0
v3_public_manual_research_synthetic_row_007384,baseline2_clean,123,adv_20,1,0.99984694,1
v3_public_manual_research_synthetic_row_008501,baseline2_clean,123,adv_20,1,0.9998579,1
v3_public_manual_research_synthetic_row_008486,baseline2_clean,123,adv_20,1,0.999866,1
v3_public_manual_research_synthetic_row_004513,baseline2_clean,123,adv_20,0,6.0127302e-05,0
v3_public_manual_research_synthetic_row_001273,baseline2_clean,123,adv_20,0,6.740751e-05,0
v3_public_manual_research_synthetic_row_001928,baseline2_clean,123,adv_20,0,7.589426e-05,0
v3_public_manual_research_synthetic_row_009498,baseline2_clean,123,adv_20,1,0.99987996,1
v3_public_manual_research_synthetic_row_000509,baseline2_clean,123,adv_20,0,7.433176e-05,0
v3_public_manual_research_synthetic_row_003824,baseline2_clean,123,adv_20,0,7.826082e-05,0
v3_public_manual_research_synthetic_row_006960,baseline2_clean,123,adv_20,1,0.9998895,1
v3_public_manual_research_synthetic_row_002969,baseline2_clean,123,adv_20,0,0.9953354,1
v3_public_manual_research_synthetic_row_000917,baseline2_clean,123,adv_20,0,8.393102e-05,0
v3_public_manual_research_synthetic_row_001938,baseline2_clean,123,adv_20,0,5.9037375e-05,0
v3_public_manual_research_synthetic_row_007639,baseline2_clean,123,adv_20,1,0.9996823,1
v3_public_manual_research_synthetic_row_009045,baseline2_clean,123,adv_20,1,0.99988997,1
v3_public_manual_research_synthetic_row_006263,baseline2_clean,123,adv_20,1,0.99986696,1
v3_public_manual_research_synthetic_row_002170,baseline2_clean,123,adv_20,0,5.238054e-05,0
v3_public_manual_research_synthetic_row_002204,baseline2_clean,123,adv_20,0,5.4076638e-05,0
v3_public_manual_research_synthetic_row_006975,baseline2_clean,123,adv_20,1,0.99986815,1
v3_public_manual_research_synthetic_row_006145,baseline2_clean,123,adv_20,1,0.99987185,1
v3_public_manual_research_synthetic_row_004527,baseline2_clean,123,adv_20,0,5.4766715e-05,0
v3_public_manual_research_synthetic_row_009979,baseline2_clean,123,adv_20,1,0.9998889,1
v3_public_manual_research_synthetic_row_006141,baseline2_clean,123,adv_20,1,0.9998884,1
v3_public_manual_research_synthetic_row_003064,baseline2_clean,123,adv_20,0,5.99617e-05,0
v3_public_manual_research_synthetic_row_004874,baseline2_clean,123,adv_20,0,6.940023e-05,0
v3_public_manual_research_synthetic_row_007523,baseline2_clean,123,adv_20,1,0.99988496,1
v3_public_manual_research_synthetic_row_002129,baseline2_clean,123,adv_20,0,5.6457e-05,0
v3_public_manual_research_synthetic_row_001038,baseline2_clean,123,adv_20,0,5.654149e-05,0
v3_public_manual_research_synthetic_row_009793,baseline2_clean,123,adv_20,1,0.9998456,1
v3_public_manual_research_synthetic_row_007805,baseline2_clean,123,adv_20,1,0.68296015,1
v3_public_manual_research_synthetic_row_006416,baseline2_clean,123,adv_20,1,0.9998913,1
v3_public_manual_research_synthetic_row_007904,baseline2_clean,123,adv_20,1,0.9998865,1
v3_public_manual_research_synthetic_row_002197,baseline2_clean,123,adv_20,0,5.2797484e-05,0
v3_public_manual_research_synthetic_row_007217,baseline2_clean,123,adv_20,1,0.99989057,1
v3_public_manual_research_synthetic_row_000273,baseline2_clean,123,adv_20,0,6.349839e-05,0
v3_public_manual_research_synthetic_row_007113,baseline2_clean,123,adv_20,1,0.9998171,1
v3_public_manual_research_synthetic_row_007753,baseline2_clean,123,adv_20,1,0.9998344,1
v3_public_manual_research_synthetic_row_008856,baseline2_clean,123,adv_20,1,0.9998173,1
v3_public_manual_research_synthetic_row_002894,baseline2_clean,123,adv_20,0,0.0017375066,0
v3_public_manual_research_synthetic_row_006894,baseline2_clean,123,adv_20,1,0.99988246,1
v3_public_manual_research_synthetic_row_003962,baseline2_clean,123,adv_20,0,7.547926e-05,0
v3_public_manual_research_synthetic_row_004567,baseline2_clean,123,adv_20,0,5.6840607e-05,0
v3_public_manual_research_synthetic_row_004414,baseline2_clean,123,adv_20,0,0.9969326,1
v3_public_manual_research_synthetic_row_004344,baseline2_clean,123,adv_20,0,5.6227575e-05,0
v3_public_manual_research_synthetic_row_006920,baseline2_clean,123,adv_20,1,0.9998815,1
v3_public_manual_research_synthetic_row_004885,baseline2_clean,123,adv_20,0,5.5291584e-05,0
v3_public_manual_research_synthetic_row_002564,baseline2_clean,123,adv_20,0,0.09685789,0
v3_public_manual_research_synthetic_row_008829,baseline2_clean,123,adv_20,1,0.999848,1
v3_public_manual_research_synthetic_row_002771,baseline2_clean,123,adv_20,0,5.504742e-05,0
v3_public_manual_research_synthetic_row_006500,baseline2_clean,123,adv_20,1,0.9998584,1
v3_public_manual_research_synthetic_row_004366,baseline2_clean,123,adv_20,0,5.4385073e-05,0
v3_public_manual_research_synthetic_row_009008,baseline2_clean,123,adv_20,1,0.999877,1
v3_public_manual_research_synthetic_row_003414,baseline2_clean,123,adv_20,0,5.7639063e-05,0
v3_public_manual_research_synthetic_row_003586,baseline2_clean,123,adv_20,0,5.2161406e-05,0
v3_public_manual_research_synthetic_row_009577,baseline2_clean,123,adv_20,1,0.9998903,1
v3_public_manual_research_synthetic_row_005410,baseline2_clean,123,adv_20,1,0.9998746,1
v3_public_manual_research_synthetic_row_007590,baseline2_clean,123,adv_20,1,0.9998894,1
v3_public_manual_research_synthetic_row_004520,baseline2_clean,123,adv_20,0,0.99969804,1
v3_public_manual_research_synthetic_row_009952,baseline2_clean,123,adv_20,1,0.9996431,1
v3_public_manual_research_synthetic_row_008003,baseline2_clean,123,adv_20,1,0.9998895,1
v3_public_manual_research_synthetic_row_008350,baseline2_clean,123,adv_20,1,0.9998789,1
v3_public_manual_research_synthetic_row_003106,baseline2_clean,123,adv_20,0,7.664426e-05,0
v3_public_manual_research_synthetic_row_009084,baseline2_clean,123,adv_20,1,0.9998908,1
v3_public_manual_research_synthetic_row_010365,baseline2_clean,123,adv_20,1,0.99987495,1
v3_public_manual_research_synthetic_row_004930,baseline2_clean,123,adv_20,0,5.257987e-05,0
v3_public_manual_research_synthetic_row_000656,baseline2_clean,123,adv_20,0,5.4674718e-05,0
v3_public_manual_research_synthetic_row_009806,baseline2_clean,123,adv_20,1,0.99751556,1
v3_public_manual_research_synthetic_row_006352,baseline2_clean,123,adv_20,1,0.99987924,1
v3_public_manual_research_synthetic_row_009401,baseline2_clean,123,adv_20,1,0.99985766,1
v3_public_manual_research_synthetic_row_008805,baseline2_clean,123,adv_20,1,0.99980396,1
v3_public_manual_research_synthetic_row_000662,baseline2_clean,123,adv_20,0,7.5602235e-05,0
v3_public_manual_research_synthetic_row_000674,baseline2_clean,123,adv_20,0,6.0108836e-05,0
v3_public_manual_research_synthetic_row_008349,baseline2_clean,123,adv_20,1,0.9998814,1
v3_public_manual_research_synthetic_row_005760,baseline2_clean,123,adv_20,1,0.999892,1
v3_public_manual_research_synthetic_row_006890,baseline2_clean,123,adv_20,1,0.99987674,1
v3_public_manual_research_synthetic_row_001981,baseline2_clean,123,adv_20,0,6.161481e-05,0
v3_public_manual_research_synthetic_row_008845,baseline2_clean,123,adv_20,1,0.9998945,1
v3_public_manual_research_synthetic_row_008115,baseline2_clean,123,adv_20,1,0.9998795,1
v3_public_manual_research_synthetic_row_002084,baseline2_clean,123,adv_20,0,5.273504e-05,0
v3_public_manual_research_synthetic_row_004857,baseline2_clean,123,adv_20,0,6.216569e-05,0
v3_public_manual_research_synthetic_row_003279,baseline2_clean,123,adv_20,0,5.7461522e-05,0
v3_public_manual_research_synthetic_row_005757,baseline2_clean,123,adv_20,1,0.9998815,1
v3_public_manual_research_synthetic_row_000749,baseline2_clean,123,adv_20,0,5.625568e-05,0
v3_public_manual_research_synthetic_row_006831,baseline2_clean,123,adv_20,1,0.9998846,1
v3_public_manual_research_synthetic_row_006729,baseline2_clean,123,adv_20,1,0.999853,1
v3_public_manual_research_synthetic_row_000909,baseline2_clean,123,adv_20,0,7.2980474e-05,0
v3_public_manual_research_synthetic_row_007976,baseline2_clean,123,adv_20,1,7.893237e-05,0
v3_public_manual_research_synthetic_row_005657,baseline2_clean,123,adv_20,1,0.9998716,1
v3_public_manual_research_synthetic_row_002974,baseline2_clean,123,adv_20,0,5.37206e-05,0
v3_public_manual_research_synthetic_row_006718,baseline2_clean,123,adv_20,1,0.9998752,1
v3_public_manual_research_synthetic_row_001748,baseline2_clean,123,adv_20,0,5.9666632e-05,0
v3_public_manual_research_synthetic_row_006170,baseline2_clean,123,adv_20,1,0.9998853,1
v3_public_manual_research_synthetic_row_006656,baseline2_clean,123,adv_20,1,0.99989307,1
v3_public_manual_research_synthetic_row_006035,baseline2_clean,123,adv_20,1,0.99987817,1
v3_public_manual_research_synthetic_row_009353,baseline2_clean,123,adv_20,1,0.9998734,1
v3_public_manual_research_synthetic_row_004381,baseline2_clean,123,adv_20,0,5.762637e-05,0
v3_public_manual_research_synthetic_row_001167,baseline2_clean,123,adv_20,0,6.863276e-05,0
v3_public_manual_research_synthetic_row_000665,baseline2_clean,123,adv_20,0,0.00022008384,0
v3_public_manual_research_synthetic_row_001687,baseline2_clean,123,adv_20,0,7.127818e-05,0
v3_public_manual_research_synthetic_row_000953,baseline2_clean,123,adv_20,0,5.8500205e-05,0
v3_public_manual_research_synthetic_row_001501,baseline2_clean,123,adv_20,0,5.8233592e-05,0
v3_public_manual_research_synthetic_row_003272,baseline2_clean,123,adv_20,0,5.3041433e-05,0
v3_public_manual_research_synthetic_row_002449,baseline2_clean,123,adv_20,0,5.6887842e-05,0
v3_public_manual_research_synthetic_row_002736,baseline2_clean,123,adv_20,0,9.5159325e-05,0
v3_public_manual_research_synthetic_row_003657,baseline2_clean,123,adv_20,0,6.4485976e-05,0
v3_public_manual_research_synthetic_row_004328,baseline2_clean,123,adv_20,0,5.533405e-05,0
v3_public_manual_research_synthetic_row_002705,baseline2_clean,123,adv_20,0,5.8296606e-05,0
v3_public_manual_research_synthetic_row_003813,baseline2_clean,123,adv_20,0,5.7238063e-05,0
v3_public_manual_research_synthetic_row_004138,baseline2_clean,123,adv_20,0,5.243461e-05,0
v3_public_manual_research_synthetic_row_003890,baseline2_clean,123,adv_20,0,5.879803e-05,0
v3_public_manual_research_synthetic_row_007504,baseline2_clean,123,adv_20,1,0.9998729,1
v3_public_manual_research_synthetic_row_007776,baseline2_clean,123,adv_20,1,0.9996836,1
v3_public_manual_research_synthetic_row_002823,baseline2_clean,123,adv_20,0,5.7044777e-05,0
v3_public_manual_research_synthetic_row_006350,baseline2_clean,123,adv_20,1,0.99983823,1
v3_public_manual_research_synthetic_row_008314,baseline2_clean,123,adv_20,1,0.9998896,1
v3_public_manual_research_synthetic_row_001053,baseline2_clean,123,adv_20,0,7.185636e-05,0
v3_public_manual_research_synthetic_row_005808,baseline2_clean,123,adv_20,1,0.99984336,1
v3_public_manual_research_synthetic_row_000082,baseline2_clean,123,adv_20,0,7.619942e-05,0
v3_public_manual_research_synthetic_row_009046,baseline2_clean,123,adv_20,1,0.9998543,1
v3_public_manual_research_synthetic_row_004977,baseline2_clean,123,adv_20,0,5.393157e-05,0
v3_public_manual_research_synthetic_row_007645,baseline2_clean,123,adv_20,1,0.99987507,1
v3_public_manual_research_synthetic_row_006835,baseline2_clean,123,adv_20,1,0.9998462,1
v3_public_manual_research_synthetic_row_002858,baseline2_clean,123,adv_20,0,9.863164e-05,0
v3_public_manual_research_synthetic_row_007487,baseline2_clean,123,adv_20,1,0.99989426,1
v3_public_manual_research_synthetic_row_001656,baseline2_clean,123,adv_20,0,6.1355e-05,0
v3_public_manual_research_synthetic_row_003399,baseline2_clean,123,adv_20,0,6.777451e-05,0
v3_public_manual_research_synthetic_row_008326,baseline2_clean,123,adv_20,1,0.9998945,1
v3_public_manual_research_synthetic_row_007855,baseline2_clean,123,adv_20,1,0.9998741,1
v3_public_manual_research_synthetic_row_010313,baseline2_clean,123,adv_20,1,0.9998388,1
v3_public_manual_research_synthetic_row_000594,baseline2_clean,123,adv_20,0,5.703244e-05,0
v3_public_manual_research_synthetic_row_008290,baseline2_clean,123,adv_20,1,0.21425155,0
v3_public_manual_research_synthetic_row_005350,baseline2_clean,123,adv_20,1,0.9998919,1
v3_public_manual_research_synthetic_row_005748,baseline2_clean,123,adv_20,1,0.9998784,1
v3_public_manual_research_synthetic_row_008207,baseline2_clean,123,adv_20,1,0.00012218276,0
v3_public_manual_research_synthetic_row_002505,baseline2_clean,123,adv_20,0,5.8121357e-05,0
v3_public_manual_research_synthetic_row_008432,baseline2_clean,123,adv_20,1,0.99988604,1
v3_public_manual_research_synthetic_row_009030,baseline2_clean,123,adv_20,1,0.9998603,1
v3_public_manual_research_synthetic_row_000176,baseline2_clean,123,adv_20,0,9.559943e-05,0
v3_public_manual_research_synthetic_row_006388,baseline2_clean,123,adv_20,1,0.99989474,1
v3_public_manual_research_synthetic_row_003798,baseline2_clean,123,adv_20,0,5.55522e-05,0
v3_public_manual_research_synthetic_row_007758,baseline2_clean,123,adv_20,1,0.9998715,1
v3_public_manual_research_synthetic_row_005405,baseline2_clean,123,adv_20,1,0.99988925,1
v3_public_manual_research_synthetic_row_008994,baseline2_clean,123,adv_20,1,0.99987733,1
v3_public_manual_research_synthetic_row_001935,baseline2_clean,123,adv_20,0,5.929607e-05,0
v3_public_manual_research_synthetic_row_007173,baseline2_clean,123,adv_20,1,0.99988794,1
v3_public_manual_research_synthetic_row_002890,baseline2_clean,123,adv_20,0,0.00011608704,0
v3_public_manual_research_synthetic_row_005934,baseline2_clean,123,adv_20,1,0.9998704,1
v3_public_manual_research_synthetic_row_002066,baseline2_clean,123,adv_20,0,7.3533614e-05,0
v3_public_manual_research_synthetic_row_009107,baseline2_clean,123,adv_20,1,0.9998809,1
v3_public_manual_research_synthetic_row_007439,baseline2_clean,123,adv_20,1,0.9998946,1
v3_public_manual_research_synthetic_row_006370,baseline2_clean,123,adv_20,1,0.9998728,1
v3_public_manual_research_synthetic_row_007105,baseline2_clean,123,adv_20,1,0.99988484,1
v3_public_manual_research_synthetic_row_005318,baseline2_clean,123,adv_20,1,0.99981624,1
v3_public_manual_research_synthetic_row_004112,baseline2_clean,123,adv_20,0,5.0768504e-05,0
v3_public_manual_research_synthetic_row_004230,baseline2_clean,123,adv_20,0,5.0867704e-05,0
v3_public_manual_research_synthetic_row_004806,baseline2_clean,123,adv_20,0,5.6412337e-05,0
v3_public_manual_research_synthetic_row_004350,baseline2_clean,123,adv_20,0,7.716731e-05,0
v3_public_manual_research_synthetic_row_007018,baseline2_clean,123,adv_20,1,0.99988925,1
v3_public_manual_research_synthetic_row_005467,baseline2_clean,123,adv_20,1,0.99988544,1
v3_public_manual_research_synthetic_row_007425,baseline2_clean,123,adv_20,1,0.99917704,1
v3_public_manual_research_synthetic_row_001763,baseline2_clean,123,adv_20,0,6.152387e-05,0
v3_public_manual_research_synthetic_row_009157,baseline2_clean,123,adv_20,1,0.9998963,1
v3_public_manual_research_synthetic_row_000648,baseline2_clean,123,adv_20,0,5.2530453e-05,0
v3_public_manual_research_synthetic_row_008267,baseline2_clean,123,adv_20,1,0.0032051038,0
v3_public_manual_research_synthetic_row_009817,baseline2_clean,123,adv_20,1,0.9978787,1
v3_public_manual_research_synthetic_row_007703,baseline2_clean,123,adv_20,1,0.99988437,1
v3_public_manual_research_synthetic_row_005953,baseline2_clean,123,adv_20,1,0.9998043,1
v3_public_manual_research_synthetic_row_003346,baseline2_clean,123,adv_20,0,6.0944254e-05,0
v3_public_manual_research_synthetic_row_006794,baseline2_clean,123,adv_20,1,0.99988186,1
v3_public_manual_research_synthetic_row_003140,baseline2_clean,123,adv_20,0,5.281768e-05,0
v3_public_manual_research_synthetic_row_002820,baseline2_clean,123,adv_20,0,5.1828752e-05,0
v3_public_manual_research_synthetic_row_005195,baseline2_clean,123,adv_20,0,5.8915222e-05,0
v3_public_manual_research_synthetic_row_001836,baseline2_clean,123,adv_20,0,5.6538465e-05,0
v3_public_manual_research_synthetic_row_007562,baseline2_clean,123,adv_20,1,0.9998524,1
v3_public_manual_research_synthetic_row_004386,baseline2_clean,123,adv_20,0,5.5431912e-05,0
v3_public_manual_research_synthetic_row_005759,baseline2_clean,123,adv_20,1,0.99986076,1
v3_public_manual_research_synthetic_row_007816,baseline2_clean,123,adv_20,1,0.9998704,1
v3_public_manual_research_synthetic_row_009569,baseline2_clean,123,adv_20,1,0.9943579,1
v3_public_manual_research_synthetic_row_002538,baseline2_clean,123,adv_20,0,5.368501e-05,0
v3_public_manual_research_synthetic_row_004020,baseline2_clean,123,adv_20,0,5.6037872e-05,0
v3_public_manual_research_synthetic_row_002451,baseline2_clean,123,adv_20,0,6.3285894e-05,0
v3_public_manual_research_synthetic_row_010191,baseline2_clean,123,adv_20,1,0.99985933,1
v3_public_manual_research_synthetic_row_001682,baseline2_clean,123,adv_20,0,5.9017e-05,0
v3_public_manual_research_synthetic_row_010413,baseline2_clean,123,adv_20,1,0.99989283,1
v3_public_manual_research_synthetic_row_002330,baseline2_clean,123,adv_20,0,5.6770892e-05,0
v3_public_manual_research_synthetic_row_001830,baseline2_clean,123,adv_20,0,7.6134995e-05,0
v3_public_manual_research_synthetic_row_005400,baseline2_clean,123,adv_20,1,0.9998661,1
v3_public_manual_research_synthetic_row_004407,baseline2_clean,123,adv_20,0,5.5845296e-05,0
v3_public_manual_research_synthetic_row_005773,baseline2_clean,123,adv_20,1,0.999747,1
v3_public_manual_research_synthetic_row_003558,baseline2_clean,123,adv_20,0,5.362678e-05,0
v3_public_manual_research_synthetic_row_007313,baseline2_clean,123,adv_20,1,0.9998871,1
v3_public_manual_research_synthetic_row_007262,baseline2_clean,123,adv_20,1,0.99984026,1
v3_public_manual_research_synthetic_row_001441,baseline2_clean,123,adv_20,0,6.1722014e-05,0
v3_public_manual_research_synthetic_row_004651,baseline2_clean,123,adv_20,0,5.3477146e-05,0
v3_public_manual_research_synthetic_row_000137,baseline2_clean,123,adv_20,0,0.00018402709,0
v3_public_manual_research_synthetic_row_006502,baseline2_clean,123,adv_20,1,0.9998884,1
v3_public_manual_research_synthetic_row_000304,baseline2_clean,123,adv_20,0,5.9753245e-05,0
v3_public_manual_research_synthetic_row_004101,baseline2_clean,123,adv_20,0,5.944457e-05,0
v3_public_manual_research_synthetic_row_005398,baseline2_clean,123,adv_20,1,0.99988544,1
v3_public_manual_research_synthetic_row_006255,baseline2_clean,123,adv_20,1,0.9998934,1
v3_public_manual_research_synthetic_row_001362,baseline2_clean,123,adv_20,0,5.9295053e-05,0
v3_public_manual_research_synthetic_row_007367,baseline2_clean,123,adv_20,1,0.9993969,1
v3_public_manual_research_synthetic_row_008441,baseline2_clean,123,adv_20,1,0.9998758,1
v3_public_manual_research_synthetic_row_004331,baseline2_clean,123,adv_20,0,6.107411e-05,0
v3_public_manual_research_synthetic_row_008138,baseline2_clean,123,adv_20,1,0.9998816,1
v3_public_manual_research_synthetic_row_006725,baseline2_clean,123,adv_20,1,0.99976856,1
v3_public_manual_research_synthetic_row_008299,baseline2_clean,123,adv_20,1,0.99988675,1
v3_public_manual_research_synthetic_row_004282,baseline2_clean,123,adv_20,0,5.322171e-05,0
v3_public_manual_research_synthetic_row_004890,baseline2_clean,123,adv_20,0,5.6126435e-05,0
v3_public_manual_research_synthetic_row_009841,baseline2_clean,123,adv_20,1,0.9997062,1
v3_public_manual_research_synthetic_row_008417,baseline2_clean,123,adv_20,1,0.9996909,1
v3_public_manual_research_synthetic_row_008208,baseline2_clean,123,adv_20,1,0.9998864,1
v3_public_manual_research_synthetic_row_000188,baseline2_clean,123,adv_20,0,0.99856704,1
v3_public_manual_research_synthetic_row_004463,baseline2_clean,123,adv_20,0,8.8870846e-05,0
v3_public_manual_research_synthetic_row_009349,baseline2_clean,123,adv_20,1,0.999895,1
v3_public_manual_research_synthetic_row_002673,baseline2_clean,123,adv_20,0,5.733202e-05,0
v3_public_manual_research_synthetic_row_000512,baseline2_clean,123,adv_20,0,0.00039582982,0
v3_public_manual_research_synthetic_row_006635,baseline2_clean,123,adv_20,1,0.9998791,1
v3_public_manual_research_synthetic_row_009844,baseline2_clean,123,adv_20,1,0.0054094438,0
v3_public_manual_research_synthetic_row_001204,baseline2_clean,123,adv_20,0,5.7472756e-05,0
v3_public_manual_research_synthetic_row_005334,baseline2_clean,123,adv_20,1,0.9998864,1
v3_public_manual_research_synthetic_row_009485,baseline2_clean,123,adv_20,1,0.9998264,1
v3_public_manual_research_synthetic_row_004278,baseline2_clean,123,adv_20,0,5.093139e-05,0
v3_public_manual_research_synthetic_row_010351,baseline2_clean,123,adv_20,1,0.99983835,1
v3_public_manual_research_synthetic_row_000858,baseline2_clean,123,adv_20,0,7.974172e-05,0
v3_public_manual_research_synthetic_row_003746,baseline2_clean,123,adv_20,0,0.00027733893,0
v3_public_manual_research_synthetic_row_001733,baseline2_clean,123,adv_20,0,7.70465e-05,0
v3_public_manual_research_synthetic_row_006546,baseline2_clean,123,adv_20,1,0.9998865,1
v3_public_manual_research_synthetic_row_005621,baseline2_clean,123,adv_20,1,0.9997917,1
v3_public_manual_research_synthetic_row_002918,baseline2_clean,123,adv_20,0,5.502464e-05,0
v3_public_manual_research_synthetic_row_008867,baseline2_clean,123,adv_20,1,0.9998951,1
v3_public_manual_research_synthetic_row_004754,baseline2_clean,123,adv_20,0,5.1680687e-05,0
v3_public_manual_research_synthetic_row_006663,baseline2_clean,123,adv_20,1,0.9998716,1
v3_public_manual_research_synthetic_row_007947,baseline2_clean,123,adv_20,1,0.9998858,1
v3_public_manual_research_synthetic_row_002809,baseline2_clean,123,adv_20,0,6.291163e-05,0
v3_public_manual_research_synthetic_row_000983,baseline2_clean,123,adv_20,0,6.1010243e-05,0
v3_public_manual_research_synthetic_row_003367,baseline2_clean,123,adv_20,0,4.8968242e-05,0
v3_public_manual_research_synthetic_row_002395,baseline2_clean,123,adv_20,0,6.424739e-05,0
v3_public_manual_research_synthetic_row_003105,baseline2_clean,123,adv_20,0,5.241526e-05,0
v3_public_manual_research_synthetic_row_006396,baseline2_clean,123,adv_20,1,0.99989283,1
v3_public_manual_research_synthetic_row_010117,baseline2_clean,123,adv_20,1,0.99985254,1
v3_public_manual_research_synthetic_row_007102,baseline2_clean,123,adv_20,1,0.9998869,1
v3_public_manual_research_synthetic_row_009705,baseline2_clean,123,adv_20,1,0.99985576,1
v3_public_manual_research_synthetic_row_002882,baseline2_clean,123,adv_20,0,6.140289e-05,0
v3_public_manual_research_synthetic_row_008429,baseline2_clean,123,adv_20,1,0.9998547,1
v3_public_manual_research_synthetic_row_000655,baseline2_clean,123,adv_20,0,6.058441e-05,0
v3_public_manual_research_synthetic_row_007935,baseline2_clean,123,adv_20,1,0.99988294,1
v3_public_manual_research_synthetic_row_005839,baseline2_clean,123,adv_20,1,0.9998785,1
v3_public_manual_research_synthetic_row_002409,baseline2_clean,123,adv_20,0,5.751711e-05,0
v3_public_manual_research_synthetic_row_000894,baseline2_clean,123,adv_20,0,6.61872e-05,0
v3_public_manual_research_synthetic_row_005552,baseline2_clean,123,adv_20,1,0.9998623,1
v3_public_manual_research_synthetic_row_001489,baseline2_clean,123,adv_20,0,5.96403e-05,0
v3_public_manual_research_synthetic_row_000079,baseline2_clean,123,adv_20,0,0.00012762341,0
v3_public_manual_research_synthetic_row_007387,baseline2_clean,123,adv_20,1,0.9998548,1
v3_public_manual_research_synthetic_row_002025,baseline2_clean,123,adv_20,0,5.795637e-05,0
v3_public_manual_research_synthetic_row_006435,baseline2_clean,123,adv_20,1,0.9998932,1
v3_public_manual_research_synthetic_row_009403,baseline2_clean,123,adv_20,1,0.9998729,1
v3_public_manual_research_synthetic_row_004393,baseline2_clean,123,adv_20,0,5.465746e-05,0
v3_public_manual_research_synthetic_row_009647,baseline2_clean,123,adv_20,1,0.00012771277,0
v3_public_manual_research_synthetic_row_008771,baseline2_clean,123,adv_20,1,0.99988925,1
v3_public_manual_research_synthetic_row_002153,baseline2_clean,123,adv_20,0,5.6650937e-05,0
v3_public_manual_research_synthetic_row_006533,baseline2_clean,123,adv_20,1,0.99980205,1
v3_public_manual_research_synthetic_row_009554,baseline2_clean,123,adv_20,1,0.9998697,1
v3_public_manual_research_synthetic_row_000608,baseline2_clean,123,adv_20,0,5.3656247e-05,0
v3_public_manual_research_synthetic_row_004726,baseline2_clean,123,adv_20,0,5.851583e-05,0
v3_public_manual_research_synthetic_row_001896,baseline2_clean,123,adv_20,0,7.264296e-05,0
v3_public_manual_research_synthetic_row_007392,baseline2_clean,123,adv_20,1,0.9998497,1
v3_public_manual_research_synthetic_row_004292,baseline2_clean,123,adv_20,0,0.0001564823,0
v3_public_manual_research_synthetic_row_007038,baseline2_clean,123,adv_20,1,0.9998895,1
v3_public_manual_research_synthetic_row_006784,baseline2_clean,123,adv_20,1,0.9998914,1
v3_public_manual_research_synthetic_row_002282,baseline2_clean,123,adv_20,0,8.127831e-05,0
v3_public_manual_research_synthetic_row_008072,baseline2_clean,123,adv_20,1,0.99989367,1
v3_public_manual_research_synthetic_row_005880,baseline2_clean,123,adv_20,1,0.99974734,1
v3_public_manual_research_synthetic_row_009897,baseline2_clean,123,adv_20,1,0.9998406,1
v3_public_manual_research_synthetic_row_006999,baseline2_clean,123,adv_20,1,0.9998913,1
v3_public_manual_research_synthetic_row_010398,baseline2_clean,123,adv_20,1,0.99916923,1
v3_public_manual_research_synthetic_row_005525,baseline2_clean,123,adv_20,1,0.9884347,1
v3_public_manual_research_synthetic_row_006592,baseline2_clean,123,adv_20,1,0.9998665,1
v3_public_manual_research_synthetic_row_002283,baseline2_clean,123,adv_20,0,6.301136e-05,0
v3_public_manual_research_synthetic_row_003334,baseline2_clean,123,adv_20,0,6.2755425e-05,0
v3_public_manual_research_synthetic_row_001834,baseline2_clean,123,adv_20,0,6.340424e-05,0
v3_public_manual_research_synthetic_row_009304,baseline2_clean,123,adv_20,1,0.99989283,1
v3_public_manual_research_synthetic_row_000339,baseline2_clean,123,adv_20,0,5.0885024e-05,0
v3_public_manual_research_synthetic_row_001478,baseline2_clean,123,adv_20,0,0.00010755623,0
v3_public_manual_research_synthetic_row_002962,baseline2_clean,123,adv_20,0,5.3427913e-05,0
v3_public_manual_research_synthetic_row_002745,baseline2_clean,123,adv_20,0,7.030916e-05,0
v3_public_manual_research_synthetic_row_005604,baseline2_clean,123,adv_20,1,0.9998852,1
v3_public_manual_research_synthetic_row_004298,baseline2_clean,123,adv_20,0,6.0992737e-05,0
v3_public_manual_research_synthetic_row_005075,baseline2_clean,123,adv_20,0,5.4022163e-05,0
v3_public_manual_research_synthetic_row_005837,baseline2_clean,123,adv_20,1,0.99987555,1
v3_public_manual_research_synthetic_row_001000,baseline2_clean,123,adv_20,0,6.608648e-05,0
v3_public_manual_research_synthetic_row_007584,baseline2_clean,123,adv_20,1,0.99989057,1
v3_public_manual_research_synthetic_row_009103,baseline2_clean,123,adv_20,1,0.9998864,1
v3_public_manual_research_synthetic_row_007559,baseline2_clean,123,adv_20,1,0.99979645,1
v3_public_manual_research_synthetic_row_000697,baseline2_clean,123,adv_20,0,7.004802e-05,0
v3_public_manual_research_synthetic_row_003450,baseline2_clean,123,adv_20,0,5.2366555e-05,0
v3_public_manual_research_synthetic_row_003679,baseline2_clean,123,adv_20,0,5.193438e-05,0
v3_public_manual_research_synthetic_row_009408,baseline2_clean,123,adv_20,1,0.9998698,1
v3_public_manual_research_synthetic_row_003089,baseline2_clean,123,adv_20,0,6.287199e-05,0
v3_public_manual_research_synthetic_row_008430,baseline2_clean,123,adv_20,1,0.99989223,1
v3_public_manual_research_synthetic_row_005330,baseline2_clean,123,adv_20,1,0.9998708,1
v3_public_manual_research_synthetic_row_000328,baseline2_clean,123,adv_20,0,0.00015274502,0
v3_public_manual_research_synthetic_row_001008,baseline2_clean,123,adv_20,0,6.603287e-05,0
v3_public_manual_research_synthetic_row_004962,baseline2_clean,123,adv_20,0,4.851639e-05,0
v3_public_manual_research_synthetic_row_002795,baseline2_clean,123,adv_20,0,8.746955e-05,0
v3_public_manual_research_synthetic_row_004595,baseline2_clean,123,adv_20,0,8.741994e-05,0
v3_public_manual_research_synthetic_row_004359,baseline2_clean,123,adv_20,0,5.6949713e-05,0
v3_public_manual_research_synthetic_row_008721,baseline2_clean,123,adv_20,1,0.99989045,1
v3_public_manual_research_synthetic_row_010046,baseline2_clean,123,adv_20,1,0.9998745,1
v3_public_manual_research_synthetic_row_006415,baseline2_clean,123,adv_20,1,0.9998716,1
v3_public_manual_research_synthetic_row_004323,baseline2_clean,123,adv_20,0,5.476118e-05,0
v3_public_manual_research_synthetic_row_000368,baseline2_clean,123,adv_20,0,8.543615e-05,0
v3_public_manual_research_synthetic_row_006404,baseline2_clean,123,adv_20,1,0.99987745,1
v3_public_manual_research_synthetic_row_002872,baseline2_clean,123,adv_20,0,5.4246055e-05,0
v3_public_manual_research_synthetic_row_001181,baseline2_clean,123,adv_20,0,5.7535875e-05,0
v3_public_manual_research_synthetic_row_006652,baseline2_clean,123,adv_20,1,0.9998919,1
v3_public_manual_research_synthetic_row_009634,baseline2_clean,123,adv_20,1,0.99988544,1
v3_public_manual_research_synthetic_row_005848,baseline2_clean,123,adv_20,1,0.9998913,1
v3_public_manual_research_synthetic_row_004918,baseline2_clean,123,adv_20,0,5.1434665e-05,0
v3_public_manual_research_synthetic_row_003449,baseline2_clean,123,adv_20,0,5.4240518e-05,0
v3_public_manual_research_synthetic_row_008329,baseline2_clean,123,adv_20,1,0.9998889,1
v3_public_manual_research_synthetic_row_000708,baseline2_clean,123,adv_20,0,4.9814622e-05,0
v3_public_manual_research_synthetic_row_002701,baseline2_clean,123,adv_20,0,6.003156e-05,0
v3_public_manual_research_synthetic_row_004540,baseline2_clean,123,adv_20,0,0.00010728079,0
v3_public_manual_research_synthetic_row_005144,baseline2_clean,123,adv_20,0,8.4180705e-05,0
v3_public_manual_research_synthetic_row_008386,baseline2_clean,123,adv_20,1,0.99989367,1
v3_public_manual_research_synthetic_row_009724,baseline2_clean,123,adv_20,1,0.9998801,1
v3_public_manual_research_synthetic_row_009176,baseline2_clean,123,adv_20,1,0.9998447,1
v3_public_manual_research_synthetic_row_004307,baseline2_clean,123,adv_20,0,5.5155873e-05,0
v3_public_manual_research_synthetic_row_009287,baseline2_clean,123,adv_20,1,0.9998896,1
v3_public_manual_research_synthetic_row_002298,baseline2_clean,123,adv_20,0,5.8002923e-05,0
v3_public_manual_research_synthetic_row_001898,baseline2_clean,123,adv_20,0,5.8231148e-05,0
v3_public_manual_research_synthetic_row_000270,baseline2_clean,123,adv_20,0,6.42651e-05,0
v3_public_manual_research_synthetic_row_005976,baseline2_clean,123,adv_20,1,0.99988496,1
v3_public_manual_research_synthetic_row_004073,baseline2_clean,123,adv_20,0,5.0661863e-05,0
v3_public_manual_research_synthetic_row_004484,baseline2_clean,123,adv_20,0,8.660529e-05,0
v3_public_manual_research_synthetic_row_002433,baseline2_clean,123,adv_20,0,5.2877145e-05,0
v3_public_manual_research_synthetic_row_000726,baseline2_clean,123,adv_20,0,6.273735e-05,0
v3_public_manual_research_synthetic_row_005531,baseline2_clean,123,adv_20,1,0.9997484,1
v3_public_manual_research_synthetic_row_005614,baseline2_clean,123,adv_20,1,0.99986756,1
v3_public_manual_research_synthetic_row_006235,baseline2_clean,123,adv_20,1,0.9997794,1
v3_public_manual_research_synthetic_row_004421,baseline2_clean,123,adv_20,0,7.0579204e-05,0
v3_public_manual_research_synthetic_row_010200,baseline2_clean,123,adv_20,1,0.9998839,1
v3_public_manual_research_synthetic_row_010009,baseline2_clean,123,adv_20,1,0.9998714,1
v3_public_manual_research_synthetic_row_001749,baseline2_clean,123,adv_20,0,5.748745e-05,0
v3_public_manual_research_synthetic_row_006491,baseline2_clean,123,adv_20,1,0.9998884,1
v3_public_manual_research_synthetic_row_005391,baseline2_clean,123,adv_20,1,0.9998186,1
v3_public_manual_research_synthetic_row_004791,baseline2_clean,123,adv_20,0,4.9386937e-05,0
v3_public_manual_research_synthetic_row_000034,baseline2_clean,123,adv_20,0,0.9998647,1
v3_public_manual_research_synthetic_row_007110,baseline2_clean,123,adv_20,1,0.9998474,1
v3_public_manual_research_synthetic_row_007654,baseline2_clean,123,adv_20,1,0.9998727,1
v3_public_manual_research_synthetic_row_009027,baseline2_clean,123,adv_20,1,0.9998795,1
v3_public_manual_research_synthetic_row_000732,baseline2_clean,123,adv_20,0,8.007044e-05,0
v3_public_manual_research_synthetic_row_001483,baseline2_clean,123,adv_20,0,6.5192144e-05,0
v3_public_manual_research_synthetic_row_001408,baseline2_clean,123,adv_20,0,6.238513e-05,0
v3_public_manual_research_synthetic_row_001685,baseline2_clean,123,adv_20,0,5.7908197e-05,0
v3_public_manual_research_synthetic_row_005092,baseline2_clean,123,adv_20,0,0.8608954,1
v3_public_manual_research_synthetic_row_000181,baseline2_clean,123,adv_20,0,7.14261e-05,0
v3_public_manual_research_synthetic_row_007660,baseline2_clean,123,adv_20,1,0.9998876,1
v3_public_manual_research_synthetic_row_007476,baseline2_clean,123,adv_20,1,0.99988854,1
v3_public_manual_research_synthetic_row_000776,baseline2_clean,123,adv_20,0,0.00076259393,0
v3_public_manual_research_synthetic_row_007166,baseline2_clean,123,adv_20,1,0.9994466,1
v3_public_manual_research_synthetic_row_005081,baseline2_clean,123,adv_20,0,5.213252e-05,0
v3_public_manual_research_synthetic_row_000604,baseline2_clean,123,adv_20,0,5.066539e-05,0
v3_public_manual_research_synthetic_row_001962,baseline2_clean,123,adv_20,0,6.5197804e-05,0
v3_public_manual_research_synthetic_row_003622,baseline2_clean,123,adv_20,0,5.3056152e-05,0
v3_public_manual_research_synthetic_row_008028,baseline2_clean,123,adv_20,1,0.9998723,1
v3_public_manual_research_synthetic_row_001627,baseline2_clean,123,adv_20,0,7.130768e-05,0
v3_public_manual_research_synthetic_row_005819,baseline2_clean,123,adv_20,1,0.2179031,0
v3_public_manual_research_synthetic_row_003639,baseline2_clean,123,adv_20,0,5.8810198e-05,0
v3_public_manual_research_synthetic_row_005368,baseline2_clean,123,adv_20,1,0.9998727,1
v3_public_manual_research_synthetic_row_006092,baseline2_clean,123,adv_20,1,0.999848,1
v3_public_manual_research_synthetic_row_008134,baseline2_clean,123,adv_20,1,0.99989426,1
v3_public_manual_research_synthetic_row_000414,baseline2_clean,123,adv_20,0,5.498693e-05,0
v3_public_manual_research_synthetic_row_002540,baseline2_clean,123,adv_20,0,5.402685e-05,0
v3_public_manual_research_synthetic_row_004575,baseline2_clean,123,adv_20,0,4.9301336e-05,0
v3_public_manual_research_synthetic_row_007648,baseline2_clean,123,adv_20,1,0.99988556,1
v3_public_manual_research_synthetic_row_003952,baseline2_clean,123,adv_20,0,5.7683766e-05,0
v3_public_manual_research_synthetic_row_005771,baseline2_clean,123,adv_20,1,0.99977773,1
v3_public_manual_research_synthetic_row_002333,baseline2_clean,123,adv_20,0,7.717363e-05,0
v3_public_manual_research_synthetic_row_000160,baseline2_clean,123,adv_20,0,6.972667e-05,0
v3_public_manual_research_synthetic_row_001279,baseline2_clean,123,adv_20,0,5.998538e-05,0
v3_public_manual_research_synthetic_row_009062,baseline2_clean,123,adv_20,1,0.99988735,1
v3_public_manual_research_synthetic_row_003452,baseline2_clean,123,adv_20,0,5.7663852e-05,0
v3_public_manual_research_synthetic_row_001711,baseline2_clean,123,adv_20,0,5.6195473e-05,0
v3_public_manual_research_synthetic_row_000054,baseline2_clean,123,adv_20,0,7.055129e-05,0
v3_public_manual_research_synthetic_row_009675,baseline2_clean,123,adv_20,1,0.99987626,1
v3_public_manual_research_synthetic_row_006375,baseline2_clean,123,adv_20,1,0.9998865,1
v3_public_manual_research_synthetic_row_000825,baseline2_clean,123,adv_20,0,6.0594808e-05,0
v3_public_manual_research_synthetic_row_001081,baseline2_clean,123,adv_20,0,7.1194554e-05,0
v3_public_manual_research_synthetic_row_005985,baseline2_clean,123,adv_20,1,0.9998723,1
v3_public_manual_research_synthetic_row_002450,baseline2_clean,123,adv_20,0,5.1099865e-05,0
v3_public_manual_research_synthetic_row_003780,baseline2_clean,123,adv_20,0,5.7587917e-05,0
v3_public_manual_research_synthetic_row_007083,baseline2_clean,123,adv_20,1,0.99980396,1
v3_public_manual_research_synthetic_row_009310,baseline2_clean,123,adv_20,1,0.99983704,1
v3_public_manual_research_synthetic_row_003806,baseline2_clean,123,adv_20,0,7.8049976e-05,0
v3_public_manual_research_synthetic_row_010535,baseline2_clean,123,adv_20,1,0.9998791,1
v3_public_manual_research_synthetic_row_005233,baseline2_clean,123,adv_20,0,0.00022697283,0
v3_public_manual_research_synthetic_row_005222,baseline2_clean,123,adv_20,0,5.190156e-05,0
v3_public_manual_research_synthetic_row_001773,baseline2_clean,123,adv_20,0,5.858891e-05,0
v3_public_manual_research_synthetic_row_002543,baseline2_clean,123,adv_20,0,5.7974616e-05,0
v3_public_manual_research_synthetic_row_005028,baseline2_clean,123,adv_20,0,5.426194e-05,0
v3_public_manual_research_synthetic_row_001329,baseline2_clean,123,adv_20,0,5.7305235e-05,0
v3_public_manual_research_synthetic_row_005246,baseline2_clean,123,adv_20,0,5.4178014e-05,0
v3_public_manual_research_synthetic_row_006755,baseline2_clean,123,adv_20,1,0.99989426,1
v3_public_manual_research_synthetic_row_001686,baseline2_clean,123,adv_20,0,8.1173195e-05,0
v3_public_manual_research_synthetic_row_007012,baseline2_clean,123,adv_20,1,0.999864,1
v3_public_manual_research_synthetic_row_006447,baseline2_clean,123,adv_20,1,0.9998833,1
v3_public_manual_research_synthetic_row_006510,baseline2_clean,123,adv_20,1,0.9998913,1
v3_public_manual_research_synthetic_row_002644,baseline2_clean,123,adv_20,0,5.536456e-05,0
v3_public_manual_research_synthetic_row_008588,baseline2_clean,123,adv_20,1,0.99986506,1
v3_public_manual_research_synthetic_row_000756,baseline2_clean,123,adv_20,0,7.575515e-05,0
v3_public_manual_research_synthetic_row_002991,baseline2_clean,123,adv_20,0,5.445342e-05,0
v3_public_manual_research_synthetic_row_000763,baseline2_clean,123,adv_20,0,5.2537016e-05,0
v3_public_manual_research_synthetic_row_004418,baseline2_clean,123,adv_20,0,7.362314e-05,0
v3_public_manual_research_synthetic_row_001755,baseline2_clean,123,adv_20,0,6.1007395e-05,0
v3_public_manual_research_synthetic_row_007999,baseline2_clean,123,adv_20,1,0.999892,1
v3_public_manual_research_synthetic_row_002417,baseline2_clean,123,adv_20,0,9.6674856e-05,0
v3_public_manual_research_synthetic_row_006770,baseline2_clean,123,adv_20,1,0.9998073,1
v3_public_manual_research_synthetic_row_000577,baseline2_clean,123,adv_20,0,5.810657e-05,0
v3_public_manual_research_synthetic_row_002530,baseline2_clean,123,adv_20,0,4.783604e-05,0
v3_public_manual_research_synthetic_row_007029,baseline2_clean,123,adv_20,1,0.9998574,1
v3_public_manual_research_synthetic_row_006520,baseline2_clean,123,adv_20,1,0.9998822,1
v3_public_manual_research_synthetic_row_001789,baseline2_clean,123,adv_20,0,5.980614e-05,0
v3_public_manual_research_synthetic_row_009066,baseline2_clean,123,adv_20,1,0.9998851,1
v3_public_manual_research_synthetic_row_008695,baseline2_clean,123,adv_20,1,0.99986124,1
v3_public_manual_research_synthetic_row_006313,baseline2_clean,123,adv_20,1,0.9997582,1
v3_public_manual_research_synthetic_row_008230,baseline2_clean,123,adv_20,1,0.99986196,1
v3_public_manual_research_synthetic_row_003052,baseline2_clean,123,adv_20,0,5.484537e-05,0
v3_public_manual_research_synthetic_row_000832,baseline2_clean,123,adv_20,0,6.419417e-05,0
v3_public_manual_research_synthetic_row_003152,baseline2_clean,123,adv_20,0,0.00017505084,0
v3_public_manual_research_synthetic_row_008822,baseline2_clean,123,adv_20,1,0.9998863,1
v3_public_manual_research_synthetic_row_004573,baseline2_clean,123,adv_20,0,5.2802923e-05,0
v3_public_manual_research_synthetic_row_007260,baseline2_clean,123,adv_20,1,0.99987423,1
v3_public_manual_research_synthetic_row_002446,baseline2_clean,123,adv_20,0,5.443956e-05,0
v3_public_manual_research_synthetic_row_009177,baseline2_clean,123,adv_20,1,0.9998809,1
v3_public_manual_research_synthetic_row_000844,baseline2_clean,123,adv_20,0,6.230058e-05,0
v3_public_manual_research_synthetic_row_007274,baseline2_clean,123,adv_20,1,0.9998536,1
v3_public_manual_research_synthetic_row_009159,baseline2_clean,123,adv_20,1,0.99988353,1
v3_public_manual_research_synthetic_row_003460,baseline2_clean,123,adv_20,0,9.479325e-05,0
v3_public_manual_research_synthetic_row_008613,baseline2_clean,123,adv_20,1,0.9998939,1
v3_public_manual_research_synthetic_row_008160,baseline2_clean,123,adv_20,1,0.9998888,1
v3_public_manual_research_synthetic_row_001839,baseline2_clean,123,adv_20,0,5.8353107e-05,0
v3_public_manual_research_synthetic_row_004240,baseline2_clean,123,adv_20,0,5.8708993e-05,0
v3_public_manual_research_synthetic_row_006156,baseline2_clean,123,adv_20,1,0.9998913,1
v3_public_manual_research_synthetic_row_002315,baseline2_clean,123,adv_20,0,5.727137e-05,0
v3_public_manual_research_synthetic_row_006860,baseline2_clean,123,adv_20,1,0.9998814,1
v3_public_manual_research_synthetic_row_004184,baseline2_clean,123,adv_20,0,7.1195034e-05,0
v3_public_manual_research_synthetic_row_009589,baseline2_clean,123,adv_20,1,0.9993357,1
v3_public_manual_research_synthetic_row_000586,baseline2_clean,123,adv_20,0,7.001244e-05,0
v3_public_manual_research_synthetic_row_007285,baseline2_clean,123,adv_20,1,0.99988365,1
v3_public_manual_research_synthetic_row_009513,baseline2_clean,123,adv_20,1,0.9998714,1
v3_public_manual_research_synthetic_row_000419,baseline2_clean,123,adv_20,0,5.9085418e-05,0
v3_public_manual_research_synthetic_row_010454,baseline2_clean,123,adv_20,1,0.99987733,1
v3_public_manual_research_synthetic_row_000888,baseline2_clean,123,adv_20,0,6.378315e-05,0
v3_public_manual_research_synthetic_row_006232,baseline2_clean,123,adv_20,1,0.9998679,1
v3_public_manual_research_synthetic_row_000902,baseline2_clean,123,adv_20,0,6.414186e-05,0
v3_public_manual_research_synthetic_row_008295,baseline2_clean,123,adv_20,1,0.9998863,1
v3_public_manual_research_synthetic_row_004632,baseline2_clean,123,adv_20,0,5.333618e-05,0
v3_public_manual_research_synthetic_row_003348,baseline2_clean,123,adv_20,0,6.8637615e-05,0
v3_public_manual_research_synthetic_row_000171,baseline2_clean,123,adv_20,0,7.1496965e-05,0
v3_public_manual_research_synthetic_row_002710,baseline2_clean,123,adv_20,0,5.0598814e-05,0
v3_public_manual_research_synthetic_row_006380,baseline2_clean,123,adv_20,1,0.9998658,1
v3_public_manual_research_synthetic_row_003717,baseline2_clean,123,adv_20,0,5.257325e-05,0
v3_public_manual_research_synthetic_row_002825,baseline2_clean,123,adv_20,0,5.7765235e-05,0
v3_public_manual_research_synthetic_row_002886,baseline2_clean,123,adv_20,0,4.9981645e-05,0
v3_public_manual_research_synthetic_row_002815,baseline2_clean,123,adv_20,0,5.1095627e-05,0
v3_public_manual_research_synthetic_row_001575,baseline2_clean,123,adv_20,0,5.8922415e-05,0
v3_public_manual_research_synthetic_row_001270,baseline2_clean,123,adv_20,0,5.9029324e-05,0
v3_public_manual_research_synthetic_row_001130,baseline2_clean,123,adv_20,0,7.3670046e-05,0
v3_public_manual_research_synthetic_row_007436,baseline2_clean,123,adv_20,1,0.99986684,1
v3_public_manual_research_synthetic_row_001470,baseline2_clean,123,adv_20,0,5.336294e-05,0
v3_public_manual_research_synthetic_row_005699,baseline2_clean,123,adv_20,1,0.9998865,1
v3_public_manual_research_synthetic_row_009632,baseline2_clean,123,adv_20,1,0.9998721,1
v3_public_manual_research_synthetic_row_006277,baseline2_clean,123,adv_20,1,0.9998907,1
v3_public_manual_research_synthetic_row_010388,baseline2_clean,123,adv_20,1,0.9997789,1
v3_public_manual_research_synthetic_row_003101,baseline2_clean,123,adv_20,0,5.437315e-05,0
v3_public_manual_research_synthetic_row_005031,baseline2_clean,123,adv_20,0,5.331477e-05,0
v3_public_manual_research_synthetic_row_004720,baseline2_clean,123,adv_20,0,7.090396e-05,0
v3_public_manual_research_synthetic_row_002526,baseline2_clean,123,adv_20,0,5.6398134e-05,0
v3_public_manual_research_synthetic_row_005022,baseline2_clean,123,adv_20,0,5.3706306e-05,0
v3_public_manual_research_synthetic_row_004380,baseline2_clean,123,adv_20,0,5.325435e-05,0
v3_public_manual_research_synthetic_row_009657,baseline2_clean,123,adv_20,1,0.99986935,1
v3_public_manual_research_synthetic_row_001374,baseline2_clean,123,adv_20,0,6.919952e-05,0
v3_public_manual_research_synthetic_row_002156,baseline2_clean,123,adv_20,0,5.0899784e-05,0
v3_public_manual_research_synthetic_row_003502,baseline2_clean,123,adv_20,0,5.139789e-05,0
v3_public_manual_research_synthetic_row_002044,baseline2_clean,123,adv_20,0,5.7759284e-05,0
v3_public_manual_research_synthetic_row_009456,baseline2_clean,123,adv_20,1,0.9998821,1
v3_public_manual_research_synthetic_row_004989,baseline2_clean,123,adv_20,0,5.2836018e-05,0
v3_public_manual_research_synthetic_row_005619,baseline2_clean,123,adv_20,1,0.99976,1
v3_public_manual_research_synthetic_row_003021,baseline2_clean,123,adv_20,0,6.1764295e-05,0
v3_public_manual_research_synthetic_row_005134,baseline2_clean,123,adv_20,0,0.00011830596,0
v3_public_manual_research_synthetic_row_006410,baseline2_clean,123,adv_20,1,0.9998777,1
v3_public_manual_research_synthetic_row_006828,baseline2_clean,123,adv_20,1,0.9998895,1
v3_public_manual_research_synthetic_row_006053,baseline2_clean,123,adv_20,1,0.9998373,1
v3_public_manual_research_synthetic_row_004738,baseline2_clean,123,adv_20,0,5.2349325e-05,0
v3_public_manual_research_synthetic_row_004052,baseline2_clean,123,adv_20,0,5.061526e-05,0
v3_public_manual_research_synthetic_row_000408,baseline2_clean,123,adv_20,0,5.261358e-05,0
v3_public_manual_research_synthetic_row_003804,baseline2_clean,123,adv_20,0,0.0061804713,0
v3_public_manual_research_synthetic_row_008261,baseline2_clean,123,adv_20,1,0.99979895,1
v3_public_manual_research_synthetic_row_007416,baseline2_clean,123,adv_20,1,0.9998822,1
v3_public_manual_research_synthetic_row_003117,baseline2_clean,123,adv_20,0,5.4500124e-05,0
v3_public_manual_research_synthetic_row_009035,baseline2_clean,123,adv_20,1,0.9998684,1
v3_public_manual_research_synthetic_row_009764,baseline2_clean,123,adv_20,1,7.361464e-05,0
v3_public_manual_research_synthetic_row_009358,baseline2_clean,123,adv_20,1,0.99988425,1
v3_public_manual_research_synthetic_row_006197,baseline2_clean,123,adv_20,1,0.9995548,1
v3_public_manual_research_synthetic_row_002008,baseline2_clean,123,adv_20,0,0.0001272153,0
v3_public_manual_research_synthetic_row_009614,baseline2_clean,123,adv_20,1,0.99983966,1
v3_public_manual_research_synthetic_row_008166,baseline2_clean,123,adv_20,1,0.9998691,1
v3_public_manual_research_synthetic_row_002485,baseline2_clean,123,adv_20,0,5.9005008e-05,0
v3_public_manual_research_synthetic_row_003579,baseline2_clean,123,adv_20,0,6.627057e-05,0
v3_public_manual_research_synthetic_row_005769,baseline2_clean,123,adv_20,1,0.99987066,1
v3_public_manual_research_synthetic_row_004457,baseline2_clean,123,adv_20,0,5.3700678e-05,0
v3_public_manual_research_synthetic_row_002114,baseline2_clean,123,adv_20,0,5.364054e-05,0
v3_public_manual_research_synthetic_row_006239,baseline2_clean,123,adv_20,1,0.9998778,1
v3_public_manual_research_synthetic_row_005505,baseline2_clean,123,adv_20,1,0.99988604,1
v3_public_manual_research_synthetic_row_003330,baseline2_clean,123,adv_20,0,0.999624,1
v3_public_manual_research_synthetic_row_007827,baseline2_clean,123,adv_20,1,0.99980456,1
v3_public_manual_research_synthetic_row_000641,baseline2_clean,123,adv_20,0,6.392453e-05,0
v3_public_manual_research_synthetic_row_000274,baseline2_clean,123,adv_20,0,6.234505e-05,0
v3_public_manual_research_synthetic_row_002685,baseline2_clean,123,adv_20,0,0.00015127283,0
v3_public_manual_research_synthetic_row_001987,baseline2_clean,123,adv_20,0,6.496656e-05,0
v3_public_manual_research_synthetic_row_007549,baseline2_clean,123,adv_20,1,0.99988973,1
v3_public_manual_research_synthetic_row_003444,baseline2_clean,123,adv_20,0,5.770385e-05,0
v3_public_manual_research_synthetic_row_001336,baseline2_clean,123,adv_20,0,6.464644e-05,0
v3_public_manual_research_synthetic_row_003548,baseline2_clean,123,adv_20,0,6.253665e-05,0
v3_public_manual_research_synthetic_row_003026,baseline2_clean,123,adv_20,0,7.20131e-05,0
v3_public_manual_research_synthetic_row_005558,baseline2_clean,123,adv_20,1,0.9996402,1
v3_public_manual_research_synthetic_row_005579,baseline2_clean,123,adv_20,1,0.99985695,1
v3_public_manual_research_synthetic_row_002233,baseline2_clean,123,adv_20,0,5.4504493e-05,0
v3_public_manual_research_synthetic_row_003327,baseline2_clean,123,adv_20,0,5.310718e-05,0
v3_public_manual_research_synthetic_row_006392,baseline2_clean,123,adv_20,1,0.99988854,1
v3_public_manual_research_synthetic_row_006280,baseline2_clean,123,adv_20,1,0.99985313,1
v3_public_manual_research_synthetic_row_006408,baseline2_clean,123,adv_20,1,0.9998925,1
v3_public_manual_research_synthetic_row_000617,baseline2_clean,123,adv_20,0,4.9147933e-05,0
v3_public_manual_research_synthetic_row_005978,baseline2_clean,123,adv_20,1,0.99987245,1
v3_public_manual_research_synthetic_row_008841,baseline2_clean,123,adv_20,1,0.99988925,1
v3_public_manual_research_synthetic_row_006858,baseline2_clean,123,adv_20,1,0.999884,1
v3_public_manual_research_synthetic_row_008711,baseline2_clean,123,adv_20,1,0.9998925,1
v3_public_manual_research_synthetic_row_009028,baseline2_clean,123,adv_20,1,0.9998642,1
v3_public_manual_research_synthetic_row_000596,baseline2_clean,123,adv_20,0,5.9197304e-05,0
v3_public_manual_research_synthetic_row_009612,baseline2_clean,123,adv_20,1,0.9998179,1
v3_public_manual_research_synthetic_row_003706,baseline2_clean,123,adv_20,0,5.3319603e-05,0
v3_public_manual_research_synthetic_row_004975,baseline2_clean,123,adv_20,0,5.2332605e-05,0
v3_public_manual_research_synthetic_row_007598,baseline2_clean,123,adv_20,1,0.9998715,1
v3_public_manual_research_synthetic_row_001663,baseline2_clean,123,adv_20,0,5.944837e-05,0
v3_public_manual_research_synthetic_row_004932,baseline2_clean,123,adv_20,0,5.0720944e-05,0
v3_public_manual_research_synthetic_row_003292,baseline2_clean,123,adv_20,0,5.2375195e-05,0
v3_public_manual_research_synthetic_row_003948,baseline2_clean,123,adv_20,0,0.9997701,1
v3_public_manual_research_synthetic_row_000866,baseline2_clean,123,adv_20,0,5.7416823e-05,0
v3_public_manual_research_synthetic_row_009795,baseline2_clean,123,adv_20,1,0.99470866,1
v3_public_manual_research_synthetic_row_008817,baseline2_clean,123,adv_20,1,0.99988997,1
v3_public_manual_research_synthetic_row_000929,baseline2_clean,123,adv_20,0,0.000115151895,0
v3_public_manual_research_synthetic_row_000973,baseline2_clean,123,adv_20,0,7.5858385e-05,0
v3_public_manual_research_synthetic_row_004915,baseline2_clean,123,adv_20,0,6.849442e-05,0
v3_public_manual_research_synthetic_row_007547,baseline2_clean,123,adv_20,1,0.99983156,1
v3_public_manual_research_synthetic_row_006730,baseline2_clean,123,adv_20,1,9.179261e-05,0
v3_public_manual_research_synthetic_row_006554,baseline2_clean,123,adv_20,1,0.9998864,1
v3_public_manual_research_synthetic_row_010491,baseline2_clean,123,adv_20,1,0.99989283,1
v3_public_manual_research_synthetic_row_008596,baseline2_clean,123,adv_20,1,0.9998921,1
v3_public_manual_research_synthetic_row_009609,baseline2_clean,123,adv_20,1,0.9978321,1
v3_public_manual_research_synthetic_row_008016,baseline2_clean,123,adv_20,1,0.9998932,1
v3_public_manual_research_synthetic_row_001060,baseline2_clean,123,adv_20,0,8.112692e-05,0
v3_public_manual_research_synthetic_row_007842,baseline2_clean,123,adv_20,1,0.9998802,1
v3_public_manual_research_synthetic_row_004517,baseline2_clean,123,adv_20,0,5.343444e-05,0
v3_public_manual_research_synthetic_row_000700,baseline2_clean,123,adv_20,0,6.550791e-05,0
v3_public_manual_research_synthetic_row_000039,baseline2_clean,123,adv_20,0,5.7746955e-05,0
v3_public_manual_research_synthetic_row_006700,baseline2_clean,123,adv_20,1,0.99987316,1
v3_public_manual_research_synthetic_row_004347,baseline2_clean,123,adv_20,0,7.55548e-05,0
v3_public_manual_research_synthetic_row_005018,baseline2_clean,123,adv_20,0,4.635922e-05,0
v3_public_manual_research_synthetic_row_009969,baseline2_clean,123,adv_20,1,0.9998286,1
v3_public_manual_research_synthetic_row_008730,baseline2_clean,123,adv_20,1,0.99985313,1
v3_public_manual_research_synthetic_row_007909,baseline2_clean,123,adv_20,1,0.999864,1
v3_public_manual_research_synthetic_row_003708,baseline2_clean,123,adv_20,0,6.5647306e-05,0
v3_public_manual_research_synthetic_row_002772,baseline2_clean,123,adv_20,0,6.973598e-05,0
v3_public_manual_research_synthetic_row_000482,baseline2_clean,123,adv_20,0,5.5796903e-05,0
v3_public_manual_research_synthetic_row_009955,baseline2_clean,123,adv_20,1,0.9998883,1
v3_public_manual_research_synthetic_row_008315,baseline2_clean,123,adv_20,1,0.99988365,1
v3_public_manual_research_synthetic_row_002168,baseline2_clean,123,adv_20,0,6.901243e-05,0
v3_public_manual_research_synthetic_row_009309,baseline2_clean,123,adv_20,1,0.999881,1
v3_public_manual_research_synthetic_row_002218,baseline2_clean,123,adv_20,0,5.7219615e-05,0
v3_public_manual_research_synthetic_row_001851,baseline2_clean,123,adv_20,0,5.716169e-05,0
v3_public_manual_research_synthetic_row_005912,baseline2_clean,123,adv_20,1,0.99984705,1
v3_public_manual_research_synthetic_row_001958,baseline2_clean,123,adv_20,0,5.5753866e-05,0
v3_public_manual_research_synthetic_row_003033,baseline2_clean,123,adv_20,0,5.6932335e-05,0
v3_public_manual_research_synthetic_row_000750,baseline2_clean,123,adv_20,0,5.8755144e-05,0
v3_public_manual_research_synthetic_row_000148,baseline2_clean,123,adv_20,0,0.00018050257,0
v3_public_manual_research_synthetic_row_009012,baseline2_clean,123,adv_20,1,0.9998275,1
v3_public_manual_research_synthetic_row_004335,baseline2_clean,123,adv_20,0,6.4976346e-05,0
v3_public_manual_research_synthetic_row_008868,baseline2_clean,123,adv_20,1,0.9998944,1
v3_public_manual_research_synthetic_row_000605,baseline2_clean,123,adv_20,0,4.9179715e-05,0
v3_public_manual_research_synthetic_row_004839,baseline2_clean,123,adv_20,0,0.00011669301,0
v3_public_manual_research_synthetic_row_000420,baseline2_clean,123,adv_20,0,5.1956973e-05,0
v3_public_manual_research_synthetic_row_000279,baseline2_clean,123,adv_20,0,5.8694168e-05,0
v3_public_manual_research_synthetic_row_001226,baseline2_clean,123,adv_20,0,5.281521e-05,0
v3_public_manual_research_synthetic_row_005629,baseline2_clean,123,adv_20,1,0.9998833,1
v3_public_manual_research_synthetic_row_002266,baseline2_clean,123,adv_20,0,0.0001643703,0
v3_public_manual_research_synthetic_row_007282,baseline2_clean,123,adv_20,1,0.9993273,1
v3_public_manual_research_synthetic_row_006043,baseline2_clean,123,adv_20,1,0.9998404,1
v3_public_manual_research_synthetic_row_000646,baseline2_clean,123,adv_20,0,6.493063e-05,0
v3_public_manual_research_synthetic_row_009116,baseline2_clean,123,adv_20,1,0.9998733,1
v3_public_manual_research_synthetic_row_005491,baseline2_clean,123,adv_20,1,0.99985933,1
v3_public_manual_research_synthetic_row_006934,baseline2_clean,123,adv_20,1,0.9998784,1
v3_public_manual_research_synthetic_row_007548,baseline2_clean,123,adv_20,1,0.9998883,1
v3_public_manual_research_synthetic_row_002157,baseline2_clean,123,adv_20,0,5.448739e-05,0
v3_public_manual_research_synthetic_row_001255,baseline2_clean,123,adv_20,0,5.880212e-05,0
v3_public_manual_research_synthetic_row_008536,baseline2_clean,123,adv_20,1,0.92702883,1
v3_public_manual_research_synthetic_row_003958,baseline2_clean,123,adv_20,0,6.0926064e-05,0
v3_public_manual_research_synthetic_row_009599,baseline2_clean,123,adv_20,1,7.415045e-05,0
v3_public_manual_research_synthetic_row_002054,baseline2_clean,123,adv_20,0,7.103871e-05,0
v3_public_manual_research_synthetic_row_010066,baseline2_clean,123,adv_20,1,0.9998534,1
v3_public_manual_research_synthetic_row_003864,baseline2_clean,123,adv_20,0,5.5647688e-05,0
v3_public_manual_research_synthetic_row_001186,baseline2_clean,123,adv_20,0,6.6445486e-05,0
v3_public_manual_research_synthetic_row_006038,baseline2_clean,123,adv_20,1,0.999894,1
v3_public_manual_research_synthetic_row_001860,baseline2_clean,123,adv_20,0,6.7809815e-05,0
v3_public_manual_research_synthetic_row_004689,baseline2_clean,123,adv_20,0,5.417709e-05,0
v3_public_manual_research_synthetic_row_000275,baseline2_clean,123,adv_20,0,6.438569e-05,0
v3_public_manual_research_synthetic_row_001163,baseline2_clean,123,adv_20,0,6.318742e-05,0
v3_public_manual_research_synthetic_row_008738,baseline2_clean,123,adv_20,1,0.9998048,1
v3_public_manual_research_synthetic_row_006641,baseline2_clean,123,adv_20,1,0.39879397,0
v3_public_manual_research_synthetic_row_006452,baseline2_clean,123,adv_20,1,0.99975425,1
v3_public_manual_research_synthetic_row_003917,baseline2_clean,123,adv_20,0,4.9540424e-05,0
v3_public_manual_research_synthetic_row_010453,baseline2_clean,123,adv_20,1,0.9998653,1
v3_public_manual_research_synthetic_row_003329,baseline2_clean,123,adv_20,0,6.703559e-05,0
v3_public_manual_research_synthetic_row_003795,baseline2_clean,123,adv_20,0,5.340947e-05,0
v3_public_manual_research_synthetic_row_006050,baseline2_clean,123,adv_20,1,0.9079191,1
v3_public_manual_research_synthetic_row_003377,baseline2_clean,123,adv_20,0,6.343218e-05,0
v3_public_manual_research_synthetic_row_001160,baseline2_clean,123,adv_20,0,6.6450804e-05,0
v3_public_manual_research_synthetic_row_010165,baseline2_clean,123,adv_20,1,0.9998487,1
v3_public_manual_research_synthetic_row_003856,baseline2_clean,123,adv_20,0,5.108057e-05,0
v3_public_manual_research_synthetic_row_007990,baseline2_clean,123,adv_20,1,0.9998951,1
v3_public_manual_research_synthetic_row_010289,baseline2_clean,123,adv_20,1,0.99978226,1
v3_public_manual_research_synthetic_row_005943,baseline2_clean,123,adv_20,1,0.018856283,0
v3_public_manual_research_synthetic_row_000918,baseline2_clean,123,adv_20,0,5.7563975e-05,0
v3_public_manual_research_synthetic_row_003438,baseline2_clean,123,adv_20,0,7.795217e-05,0
v3_public_manual_research_synthetic_row_008071,baseline2_clean,123,adv_20,1,0.9998772,1
v3_public_manual_research_synthetic_row_009198,baseline2_clean,123,adv_20,1,0.9998939,1
v3_public_manual_research_synthetic_row_007115,baseline2_clean,123,adv_20,1,0.99987257,1
v3_public_manual_research_synthetic_row_004297,baseline2_clean,123,adv_20,0,5.5468772e-05,0
v3_public_manual_research_synthetic_row_007751,baseline2_clean,123,adv_20,1,0.9998903,1
v3_public_manual_research_synthetic_row_007093,baseline2_clean,123,adv_20,1,0.9998852,1
v3_public_manual_research_synthetic_row_003809,baseline2_clean,123,adv_20,0,5.4486976e-05,0
v3_public_manual_research_synthetic_row_001452,baseline2_clean,123,adv_20,0,9.366771e-05,0
v3_public_manual_research_synthetic_row_007571,baseline2_clean,123,adv_20,1,0.9993043,1
v3_public_manual_research_synthetic_row_003394,baseline2_clean,123,adv_20,0,5.4898275e-05,0
v3_public_manual_research_synthetic_row_007189,baseline2_clean,123,adv_20,1,0.9998591,1
v3_public_manual_research_synthetic_row_003286,baseline2_clean,123,adv_20,0,4.949703e-05,0
v3_public_manual_research_synthetic_row_001492,baseline2_clean,123,adv_20,0,5.7476544e-05,0
v3_public_manual_research_synthetic_row_004009,baseline2_clean,123,adv_20,0,5.698231e-05,0
v3_public_manual_research_synthetic_row_003518,baseline2_clean,123,adv_20,0,5.401469e-05,0
v3_public_manual_research_synthetic_row_003114,baseline2_clean,123,adv_20,0,5.543408e-05,0
v3_public_manual_research_synthetic_row_006221,baseline2_clean,123,adv_20,1,0.9996898,1
v3_public_manual_research_synthetic_row_005125,baseline2_clean,123,adv_20,0,8.743977e-05,0
v3_public_manual_research_synthetic_row_008178,baseline2_clean,123,adv_20,1,0.99989104,1
v3_public_manual_research_synthetic_row_007986,baseline2_clean,123,adv_20,1,0.9998841,1
v3_public_manual_research_synthetic_row_007940,baseline2_clean,123,adv_20,1,0.99986935,1
v3_public_manual_research_synthetic_row_002303,baseline2_clean,123,adv_20,0,5.1771407e-05,0
v3_public_manual_research_synthetic_row_004466,baseline2_clean,123,adv_20,0,5.871672e-05,0
v3_public_manual_research_synthetic_row_008558,baseline2_clean,123,adv_20,1,0.99985373,1
v3_public_manual_research_synthetic_row_005620,baseline2_clean,123,adv_20,1,0.9998367,1
v3_public_manual_research_synthetic_row_003201,baseline2_clean,123,adv_20,0,5.1259853e-05,0
v3_public_manual_research_synthetic_row_000911,baseline2_clean,123,adv_20,0,6.4595035e-05,0
v3_public_manual_research_synthetic_row_004474,baseline2_clean,123,adv_20,0,7.172943e-05,0
v3_public_manual_research_synthetic_row_002577,baseline2_clean,123,adv_20,0,0.0002600865,0
v3_public_manual_research_synthetic_row_003739,baseline2_clean,123,adv_20,0,6.0372695e-05,0
v3_public_manual_research_synthetic_row_000890,baseline2_clean,123,adv_20,0,5.6845754e-05,0
v3_public_manual_research_synthetic_row_006669,baseline2_clean,123,adv_20,1,0.9998671,1
v3_public_manual_research_synthetic_row_002799,baseline2_clean,123,adv_20,0,4.8928472e-05,0
v3_public_manual_research_synthetic_row_004767,baseline2_clean,123,adv_20,0,5.595868e-05,0
v3_public_manual_research_synthetic_row_004154,baseline2_clean,123,adv_20,0,5.8460388e-05,0
v3_public_manual_research_synthetic_row_008969,baseline2_clean,123,adv_20,1,0.99988127,1
v3_public_manual_research_synthetic_row_008552,baseline2_clean,123,adv_20,1,0.99987304,1
v3_public_manual_research_synthetic_row_006319,baseline2_clean,123,adv_20,1,0.9998801,1
v3_public_manual_research_synthetic_row_000175,baseline2_clean,123,adv_20,0,6.516479e-05,0
v3_public_manual_research_synthetic_row_007249,baseline2_clean,123,adv_20,1,0.9998901,1
v3_public_manual_research_synthetic_row_005822,baseline2_clean,123,adv_20,1,0.99988234,1
v3_public_manual_research_synthetic_row_006821,baseline2_clean,123,adv_20,1,0.9998764,1
v3_public_manual_research_synthetic_row_001112,baseline2_clean,123,adv_20,0,6.9578615e-05,0
v3_public_manual_research_synthetic_row_007032,baseline2_clean,123,adv_20,1,0.99988556,1
v3_public_manual_research_synthetic_row_001061,baseline2_clean,123,adv_20,0,6.6880035e-05,0
v3_public_manual_research_synthetic_row_000628,baseline2_clean,123,adv_20,0,6.491256e-05,0
v3_public_manual_research_synthetic_row_003170,baseline2_clean,123,adv_20,0,6.061613e-05,0
v3_public_manual_research_synthetic_row_007854,baseline2_clean,123,adv_20,1,0.99989295,1
v3_public_manual_research_synthetic_row_005960,baseline2_clean,123,adv_20,1,0.9998772,1
v3_public_manual_research_synthetic_row_005995,baseline2_clean,123,adv_20,1,0.99988806,1
v3_public_manual_research_synthetic_row_005585,baseline2_clean,123,adv_20,1,0.99983454,1
v3_public_manual_research_synthetic_row_001242,baseline2_clean,123,adv_20,0,6.535286e-05,0
v3_public_manual_research_synthetic_row_005591,baseline2_clean,123,adv_20,1,0.99987614,1
v3_public_manual_research_synthetic_row_007885,baseline2_clean,123,adv_20,1,0.999884,1
v3_public_manual_research_synthetic_row_006900,baseline2_clean,123,adv_20,1,0.9998826,1
v3_public_manual_research_synthetic_row_001388,baseline2_clean,123,adv_20,0,5.6252353e-05,0
v3_public_manual_research_synthetic_row_004639,baseline2_clean,123,adv_20,0,5.9504186e-05,0
v3_public_manual_research_synthetic_row_002885,baseline2_clean,123,adv_20,0,5.7865636e-05,0
v3_public_manual_research_synthetic_row_006744,baseline2_clean,123,adv_20,1,0.9998679,1
v3_public_manual_research_synthetic_row_002545,baseline2_clean,123,adv_20,0,5.8526653e-05,0
v3_public_manual_research_synthetic_row_000478,baseline2_clean,123,adv_20,0,5.320501e-05,0
v3_public_manual_research_synthetic_row_000658,baseline2_clean,123,adv_20,0,0.00015587709,0
v3_public_manual_research_synthetic_row_008461,baseline2_clean,123,adv_20,1,0.9998784,1
v3_public_manual_research_synthetic_row_001323,baseline2_clean,123,adv_20,0,6.968173e-05,0
v3_public_manual_research_synthetic_row_007572,baseline2_clean,123,adv_20,1,0.99987864,1
v3_public_manual_research_synthetic_row_006843,baseline2_clean,123,adv_20,1,0.99984264,1
v3_public_manual_research_synthetic_row_002123,baseline2_clean,123,adv_20,0,0.9997701,1
v3_public_manual_research_synthetic_row_005369,baseline2_clean,123,adv_20,1,0.9998878,1
v3_public_manual_research_synthetic_row_004385,baseline2_clean,123,adv_20,0,6.747536e-05,0
v3_public_manual_research_synthetic_row_002843,baseline2_clean,123,adv_20,0,5.6620855e-05,0
v3_public_manual_research_synthetic_row_001095,baseline2_clean,123,adv_20,0,5.523241e-05,0
v3_public_manual_research_synthetic_row_006214,baseline2_clean,123,adv_20,1,0.9998559,1
v3_public_manual_research_synthetic_row_005408,baseline2_clean,123,adv_20,1,0.99979204,1
v3_public_manual_research_synthetic_row_006820,baseline2_clean,123,adv_20,1,0.9997876,1
v3_public_manual_research_synthetic_row_004841,baseline2_clean,123,adv_20,0,7.463e-05,0
v3_public_manual_research_synthetic_row_004481,baseline2_clean,123,adv_20,0,5.637092e-05,0
v3_public_manual_research_synthetic_row_000962,baseline2_clean,123,adv_20,0,7.195105e-05,0
v3_public_manual_research_synthetic_row_005483,baseline2_clean,123,adv_20,1,0.99985397,1
v3_public_manual_research_synthetic_row_005637,baseline2_clean,123,adv_20,1,0.00058745587,0
v3_public_manual_research_synthetic_row_008685,baseline2_clean,123,adv_20,1,0.9998969,1
v3_public_manual_research_synthetic_row_008104,baseline2_clean,123,adv_20,1,0.9998708,1
v3_public_manual_research_synthetic_row_004288,baseline2_clean,123,adv_20,0,5.4562315e-05,0
v3_public_manual_research_synthetic_row_005524,baseline2_clean,123,adv_20,1,0.9997732,1
v3_public_manual_research_synthetic_row_004267,baseline2_clean,123,adv_20,0,7.443717e-05,0
v3_public_manual_research_synthetic_row_006270,baseline2_clean,123,adv_20,1,0.0006468456,0
v3_public_manual_research_synthetic_row_010320,baseline2_clean,123,adv_20,1,0.9998826,1
v3_public_manual_research_synthetic_row_008184,baseline2_clean,123,adv_20,1,0.99989223,1
v3_public_manual_research_synthetic_row_003799,baseline2_clean,123,adv_20,0,7.327042e-05,0
v3_public_manual_research_synthetic_row_008563,baseline2_clean,123,adv_20,1,0.99987745,1
v3_public_manual_research_synthetic_row_002581,baseline2_clean,123,adv_20,0,0.00016976344,0
v3_public_manual_research_synthetic_row_009720,baseline2_clean,123,adv_20,1,0.9974706,1
v3_public_manual_research_synthetic_row_001758,baseline2_clean,123,adv_20,0,7.570871e-05,0
v3_public_manual_research_synthetic_row_003940,baseline2_clean,123,adv_20,0,5.8631787e-05,0
v3_public_manual_research_synthetic_row_004124,baseline2_clean,123,adv_20,0,5.6573248e-05,0
v3_public_manual_research_synthetic_row_009652,baseline2_clean,123,adv_20,1,0.9998853,1
v3_public_manual_research_synthetic_row_008255,baseline2_clean,123,adv_20,1,0.9998863,1
v3_public_manual_research_synthetic_row_005409,baseline2_clean,123,adv_20,1,0.99984026,1
v3_public_manual_research_synthetic_row_000812,baseline2_clean,123,adv_20,0,5.9898957e-05,0
v3_public_manual_research_synthetic_row_007090,baseline2_clean,123,adv_20,1,0.99973243,1
v3_public_manual_research_synthetic_row_003372,baseline2_clean,123,adv_20,0,5.9479953e-05,0
v3_public_manual_research_synthetic_row_001440,baseline2_clean,123,adv_20,0,6.8906826e-05,0
v3_public_manual_research_synthetic_row_009710,baseline2_clean,123,adv_20,1,0.9998386,1
v3_public_manual_research_synthetic_row_001582,baseline2_clean,123,adv_20,0,5.4327636e-05,0
v3_public_manual_research_synthetic_row_001786,baseline2_clean,123,adv_20,0,7.00232e-05,0
v3_public_manual_research_synthetic_row_002895,baseline2_clean,123,adv_20,0,5.804642e-05,0
v3_public_manual_research_synthetic_row_008993,baseline2_clean,123,adv_20,1,0.999843,1
v3_public_manual_research_synthetic_row_002305,baseline2_clean,123,adv_20,0,5.777504e-05,0
v3_public_manual_research_synthetic_row_006298,baseline2_clean,123,adv_20,1,0.99988365,1
v3_public_manual_research_synthetic_row_004434,baseline2_clean,123,adv_20,0,4.9520026e-05,0
v3_public_manual_research_synthetic_row_007117,baseline2_clean,123,adv_20,1,0.9989285,1
v3_public_manual_research_synthetic_row_006271,baseline2_clean,123,adv_20,1,0.966824,1
v3_public_manual_research_synthetic_row_000952,baseline2_clean,123,adv_20,0,6.0415652e-05,0
v3_public_manual_research_synthetic_row_010103,baseline2_clean,123,adv_20,1,8.941062e-05,0
v3_public_manual_research_synthetic_row_009882,baseline2_clean,123,adv_20,1,0.9998852,1
v3_public_manual_research_synthetic_row_008271,baseline2_clean,123,adv_20,1,0.9998869,1
v3_public_manual_research_synthetic_row_005009,baseline2_clean,123,adv_20,0,7.1327675e-05,0
v3_public_manual_research_synthetic_row_000068,baseline2_clean,123,adv_20,0,7.512167e-05,0
v3_public_manual_research_synthetic_row_002002,baseline2_clean,123,adv_20,0,6.676578e-05,0
v3_public_manual_research_synthetic_row_004109,baseline2_clean,123,adv_20,0,5.114452e-05,0
v3_public_manual_research_synthetic_row_004294,baseline2_clean,123,adv_20,0,5.1030813e-05,0
v3_public_manual_research_synthetic_row_004458,baseline2_clean,123,adv_20,0,5.251252e-05,0
v3_public_manual_research_synthetic_row_001891,baseline2_clean,123,adv_20,0,6.85567e-05,0
v3_public_manual_research_synthetic_row_002007,baseline2_clean,123,adv_20,0,6.262486e-05,0
v3_public_manual_research_synthetic_row_008816,baseline2_clean,123,adv_20,1,0.999894,1
v3_public_manual_research_synthetic_row_006714,baseline2_clean,123,adv_20,1,0.99987054,1
v3_public_manual_research_synthetic_row_004851,baseline2_clean,123,adv_20,0,5.7474677e-05,0
v3_public_manual_research_synthetic_row_004511,baseline2_clean,123,adv_20,0,0.00037076883,0
v3_public_manual_research_synthetic_row_008347,baseline2_clean,123,adv_20,1,0.9998528,1
v3_public_manual_research_synthetic_row_004865,baseline2_clean,123,adv_20,0,5.7478734e-05,0
v3_public_manual_research_synthetic_row_003964,baseline2_clean,123,adv_20,0,0.00012623095,0
v3_public_manual_research_synthetic_row_006675,baseline2_clean,123,adv_20,1,0.9998847,1
v3_public_manual_research_synthetic_row_003790,baseline2_clean,123,adv_20,0,6.1831524e-05,0
v3_public_manual_research_synthetic_row_002306,baseline2_clean,123,adv_20,0,6.1462284e-05,0
v3_public_manual_research_synthetic_row_006425,baseline2_clean,123,adv_20,1,0.9998599,1
v3_public_manual_research_synthetic_row_007020,baseline2_clean,123,adv_20,1,0.39957294,0
v3_public_manual_research_synthetic_row_007353,baseline2_clean,123,adv_20,1,0.9998677,1
v3_public_manual_research_synthetic_row_008908,baseline2_clean,123,adv_20,1,0.99988866,1
v3_public_manual_research_synthetic_row_007619,baseline2_clean,123,adv_20,1,0.99944574,1
v3_public_manual_research_synthetic_row_009861,baseline2_clean,123,adv_20,1,0.9728013,1
v3_public_manual_research_synthetic_row_009463,baseline2_clean,123,adv_20,1,0.9998759,1
v3_public_manual_research_synthetic_row_005320,baseline2_clean,123,adv_20,1,0.99985504,1
v3_public_manual_research_synthetic_row_003012,baseline2_clean,123,adv_20,0,6.0558934e-05,0
v3_public_manual_research_synthetic_row_001601,baseline2_clean,123,adv_20,0,5.583954e-05,0
v3_public_manual_research_synthetic_row_006879,baseline2_clean,123,adv_20,1,0.99988496,1
v3_public_manual_research_synthetic_row_007290,baseline2_clean,123,adv_20,1,0.9998729,1
v3_public_manual_research_synthetic_row_002976,baseline2_clean,123,adv_20,0,5.781704e-05,0
v3_public_manual_research_synthetic_row_005439,baseline2_clean,123,adv_20,1,0.9998915,1
v3_public_manual_research_synthetic_row_006760,baseline2_clean,123,adv_20,1,0.99986136,1
v3_public_manual_research_synthetic_row_007033,baseline2_clean,123,adv_20,1,0.99988914,1
v3_public_manual_research_synthetic_row_006891,baseline2_clean,123,adv_20,1,0.00014136026,0
v3_public_manual_research_synthetic_row_006268,baseline2_clean,123,adv_20,1,0.9998549,1
v3_public_manual_research_synthetic_row_007442,baseline2_clean,123,adv_20,1,0.999811,1
v3_public_manual_research_synthetic_row_009556,baseline2_clean,123,adv_20,1,0.9998153,1
v3_public_manual_research_synthetic_row_005407,baseline2_clean,123,adv_20,1,0.9998896,1
v3_public_manual_research_synthetic_row_006057,baseline2_clean,123,adv_20,1,0.99988437,1
v3_public_manual_research_synthetic_row_003747,baseline2_clean,123,adv_20,0,6.5084256e-05,0
v3_public_manual_research_synthetic_row_001693,baseline2_clean,123,adv_20,0,6.024944e-05,0
v3_public_manual_research_synthetic_row_003994,baseline2_clean,123,adv_20,0,5.9834267e-05,0
v3_public_manual_research_synthetic_row_005345,baseline2_clean,123,adv_20,1,0.99988544,1
v3_public_manual_research_synthetic_row_003463,baseline2_clean,123,adv_20,0,6.622597e-05,0
v3_public_manual_research_synthetic_row_010042,baseline2_clean,123,adv_20,1,0.9998641,1
v3_public_manual_research_synthetic_row_004441,baseline2_clean,123,adv_20,0,8.74597e-05,0
v3_public_manual_research_synthetic_row_008791,baseline2_clean,123,adv_20,1,0.9995382,1
v3_public_manual_research_synthetic_row_009702,baseline2_clean,123,adv_20,1,0.9998679,1
v3_public_manual_research_synthetic_row_003978,baseline2_clean,123,adv_20,0,5.108417e-05,0
v3_public_manual_research_synthetic_row_007149,baseline2_clean,123,adv_20,1,0.9998841,1
v3_public_manual_research_synthetic_row_005799,baseline2_clean,123,adv_20,1,0.9998641,1
v3_public_manual_research_synthetic_row_004616,baseline2_clean,123,adv_20,0,5.1014074e-05,0
v3_public_manual_research_synthetic_row_007497,baseline2_clean,123,adv_20,1,0.99987876,1
v3_public_manual_research_synthetic_row_002090,baseline2_clean,123,adv_20,0,5.1036022e-05,0
v3_public_manual_research_synthetic_row_007813,baseline2_clean,123,adv_20,1,0.999876,1
v3_public_manual_research_synthetic_row_001197,baseline2_clean,123,adv_20,0,6.9269845e-05,0
v3_public_manual_research_synthetic_row_008482,baseline2_clean,123,adv_20,1,0.9998853,1
v3_public_manual_research_synthetic_row_006993,baseline2_clean,123,adv_20,1,0.9998921,1
v3_public_manual_research_synthetic_row_009172,baseline2_clean,123,adv_20,1,0.9998869,1
v3_public_manual_research_synthetic_row_009354,baseline2_clean,123,adv_20,1,0.9998658,1
v3_public_manual_research_synthetic_row_002160,baseline2_clean,123,adv_20,0,5.2578314e-05,0
v3_public_manual_research_synthetic_row_004984,baseline2_clean,123,adv_20,0,5.6904555e-05,0
v3_public_manual_research_synthetic_row_009383,baseline2_clean,123,adv_20,1,0.99961805,1
v3_public_manual_research_synthetic_row_004586,baseline2_clean,123,adv_20,0,5.6745503e-05,0
v3_public_manual_research_synthetic_row_009628,baseline2_clean,123,adv_20,1,0.9998846,1
v3_public_manual_research_synthetic_row_005184,baseline2_clean,123,adv_20,0,5.0057533e-05,0
v3_public_manual_research_synthetic_row_006019,baseline2_clean,123,adv_20,1,0.9998841,1
v3_public_manual_research_synthetic_row_003441,baseline2_clean,123,adv_20,0,5.3591197e-05,0
v3_public_manual_research_synthetic_row_010167,baseline2_clean,123,adv_20,1,0.9998895,1
v3_public_manual_research_synthetic_row_000908,baseline2_clean,123,adv_20,0,6.884672e-05,0
v3_public_manual_research_synthetic_row_009275,baseline2_clean,123,adv_20,1,0.999894,1
v3_public_manual_research_synthetic_row_001680,baseline2_clean,123,adv_20,0,6.221937e-05,0
v3_public_manual_research_synthetic_row_004903,baseline2_clean,123,adv_20,0,5.737737e-05,0
v3_public_manual_research_synthetic_row_001306,baseline2_clean,123,adv_20,0,5.934177e-05,0
v3_public_manual_research_synthetic_row_005007,baseline2_clean,123,adv_20,0,5.578174e-05,0
v3_public_manual_research_synthetic_row_002932,baseline2_clean,123,adv_20,0,5.1891166e-05,0
v3_public_manual_research_synthetic_row_007183,baseline2_clean,123,adv_20,1,0.99988043,1
v3_public_manual_research_synthetic_row_006740,baseline2_clean,123,adv_20,1,0.9998734,1
v3_public_manual_research_synthetic_row_005348,baseline2_clean,123,adv_20,1,0.9998902,1
v3_public_manual_research_synthetic_row_006439,baseline2_clean,123,adv_20,1,0.9998759,1
v3_public_manual_research_synthetic_row_008023,baseline2_clean,123,adv_20,1,0.99985147,1
v3_public_manual_research_synthetic_row_009136,baseline2_clean,123,adv_20,1,0.9998865,1
v3_public_manual_research_synthetic_row_010412,baseline2_clean,123,adv_20,1,0.99988294,1
v3_public_manual_research_synthetic_row_002202,baseline2_clean,123,adv_20,0,6.1206345e-05,0
v3_public_manual_research_synthetic_row_005830,baseline2_clean,123,adv_20,1,0.9998903,1
v3_public_manual_research_synthetic_row_008061,baseline2_clean,123,adv_20,1,0.99989223,1
v3_public_manual_research_synthetic_row_002278,baseline2_clean,123,adv_20,0,5.6548928e-05,0
v3_public_manual_research_synthetic_row_001847,baseline2_clean,123,adv_20,0,6.116725e-05,0
v3_public_manual_research_synthetic_row_004795,baseline2_clean,123,adv_20,0,5.1591953e-05,0
v3_public_manual_research_synthetic_row_007356,baseline2_clean,123,adv_20,1,0.99983525,1
v3_public_manual_research_synthetic_row_001059,baseline2_clean,123,adv_20,0,6.778175e-05,0
v3_public_manual_research_synthetic_row_006200,baseline2_clean,123,adv_20,1,0.99987185,1
v3_public_manual_research_synthetic_row_005313,baseline2_clean,123,adv_20,1,0.99988806,1
v3_public_manual_research_synthetic_row_008772,baseline2_clean,123,adv_20,1,0.9998646,1
v3_public_manual_research_synthetic_row_009503,baseline2_clean,123,adv_20,1,0.99986565,1
v3_public_manual_research_synthetic_row_001565,baseline2_clean,123,adv_20,0,5.4537762e-05,0
v3_public_manual_research_synthetic_row_008041,baseline2_clean,123,adv_20,1,0.99989235,1
v3_public_manual_research_synthetic_row_000942,baseline2_clean,123,adv_20,0,5.630007e-05,0
v3_public_manual_research_synthetic_row_009526,baseline2_clean,123,adv_20,1,0.999629,1
v3_public_manual_research_synthetic_row_009552,baseline2_clean,123,adv_20,1,0.9998628,1
v3_public_manual_research_synthetic_row_005384,baseline2_clean,123,adv_20,1,0.99958783,1
v3_public_manual_research_synthetic_row_008587,baseline2_clean,123,adv_20,1,0.9998535,1
v3_public_manual_research_synthetic_row_004701,baseline2_clean,123,adv_20,0,5.5470835e-05,0
v3_public_manual_research_synthetic_row_006493,baseline2_clean,123,adv_20,1,0.99989104,1
v3_public_manual_research_synthetic_row_002238,baseline2_clean,123,adv_20,0,6.612387e-05,0
v3_public_manual_research_synthetic_row_008362,baseline2_clean,123,adv_20,1,0.9994708,1
v3_public_manual_research_synthetic_row_009085,baseline2_clean,123,adv_20,1,0.999879,1
v3_public_manual_research_synthetic_row_008932,baseline2_clean,123,adv_20,1,0.999889,1
v3_public_manual_research_synthetic_row_004629,baseline2_clean,123,adv_20,0,5.2726642e-05,0
v3_public_manual_research_synthetic_row_002390,baseline2_clean,123,adv_20,0,5.505635e-05,0
v3_public_manual_research_synthetic_row_002566,baseline2_clean,123,adv_20,0,5.248429e-05,0
v3_public_manual_research_synthetic_row_001732,baseline2_clean,123,adv_20,0,5.6155342e-05,0
v3_public_manual_research_synthetic_row_002425,baseline2_clean,123,adv_20,0,0.00011492527,0
v3_public_manual_research_synthetic_row_005605,baseline2_clean,123,adv_20,1,0.9998609,1
v3_public_manual_research_synthetic_row_005718,baseline2_clean,123,adv_20,1,0.999881,1
v3_public_manual_research_synthetic_row_003646,baseline2_clean,123,adv_20,0,6.823957e-05,0
v3_public_manual_research_synthetic_row_004345,baseline2_clean,123,adv_20,0,7.753042e-05,0
v3_public_manual_research_synthetic_row_006481,baseline2_clean,123,adv_20,1,0.00012394173,0
v3_public_manual_research_synthetic_row_002326,baseline2_clean,123,adv_20,0,6.522653e-05,0
v3_public_manual_research_synthetic_row_003036,baseline2_clean,123,adv_20,0,0.0003408182,0
v3_public_manual_research_synthetic_row_002907,baseline2_clean,123,adv_20,0,6.000455e-05,0
v3_public_manual_research_synthetic_row_009642,baseline2_clean,123,adv_20,1,0.9988105,1
v3_public_manual_research_synthetic_row_003707,baseline2_clean,123,adv_20,0,5.980181e-05,0
v3_public_manual_research_synthetic_row_003941,baseline2_clean,123,adv_20,0,5.0657378e-05,0
v3_public_manual_research_synthetic_row_005714,baseline2_clean,123,adv_20,1,0.99988127,1
v3_public_manual_research_synthetic_row_010401,baseline2_clean,123,adv_20,1,0.99986756,1
v3_public_manual_research_synthetic_row_005267,baseline2_clean,123,adv_20,0,6.562158e-05,0
v3_public_manual_research_synthetic_row_002793,baseline2_clean,123,adv_20,0,5.9858292e-05,0
v3_public_manual_research_synthetic_row_005058,baseline2_clean,123,adv_20,0,5.196198e-05,0
v3_public_manual_research_synthetic_row_005801,baseline2_clean,123,adv_20,1,0.99987197,1
v3_public_manual_research_synthetic_row_010056,baseline2_clean,123,adv_20,1,0.99983597,1
v3_public_manual_research_synthetic_row_009457,baseline2_clean,123,adv_20,1,0.9998869,1
v3_public_manual_research_synthetic_row_008749,baseline2_clean,123,adv_20,1,0.9998621,1
v3_public_manual_research_synthetic_row_004937,baseline2_clean,123,adv_20,0,6.205842e-05,0
v3_public_manual_research_synthetic_row_005927,baseline2_clean,123,adv_20,1,0.9998883,1
v3_public_manual_research_synthetic_row_010349,baseline2_clean,123,adv_20,1,0.9998814,1
v3_public_manual_research_synthetic_row_007796,baseline2_clean,123,adv_20,1,0.9998627,1
v3_public_manual_research_synthetic_row_003195,baseline2_clean,123,adv_20,0,6.137549e-05,0
v3_public_manual_research_synthetic_row_008220,baseline2_clean,123,adv_20,1,0.17471005,0
v3_public_manual_research_synthetic_row_006970,baseline2_clean,123,adv_20,1,0.99987745,1
v3_public_manual_research_synthetic_row_004936,baseline2_clean,123,adv_20,0,6.105506e-05,0
v3_public_manual_research_synthetic_row_008547,baseline2_clean,123,adv_20,1,0.99984646,1
v3_public_manual_research_synthetic_row_000187,baseline2_clean,123,adv_20,0,0.000118351556,0
v3_public_manual_research_synthetic_row_004358,baseline2_clean,123,adv_20,0,8.706155e-05,0
v3_public_manual_research_synthetic_row_004497,baseline2_clean,123,adv_20,0,6.049054e-05,0
v3_public_manual_research_synthetic_row_007386,baseline2_clean,123,adv_20,1,0.99985003,1
v3_public_manual_research_synthetic_row_007190,baseline2_clean,123,adv_20,1,0.9998828,1
v3_public_manual_research_synthetic_row_008712,baseline2_clean,123,adv_20,1,0.9998785,1
v3_public_manual_research_synthetic_row_002574,baseline2_clean,123,adv_20,0,5.9600443e-05,0
v3_public_manual_research_synthetic_row_007155,baseline2_clean,123,adv_20,1,0.9998654,1
v3_public_manual_research_synthetic_row_004450,baseline2_clean,123,adv_20,0,4.990877e-05,0
v3_public_manual_research_synthetic_row_003872,baseline2_clean,123,adv_20,0,9.470622e-05,0
v3_public_manual_research_synthetic_row_001657,baseline2_clean,123,adv_20,0,6.248552e-05,0
v3_public_manual_research_synthetic_row_006986,baseline2_clean,123,adv_20,1,0.9996031,1
v3_public_manual_research_synthetic_row_001595,baseline2_clean,123,adv_20,0,5.3602856e-05,0
v3_public_manual_research_synthetic_row_005293,baseline2_clean,123,adv_20,1,0.99986494,1
v3_public_manual_research_synthetic_row_008360,baseline2_clean,123,adv_20,1,0.99858993,1
v3_public_manual_research_synthetic_row_007992,baseline2_clean,123,adv_20,1,0.9998747,1
v3_public_manual_research_synthetic_row_002878,baseline2_clean,123,adv_20,0,0.00018332321,0
v3_public_manual_research_synthetic_row_001606,baseline2_clean,123,adv_20,0,6.4275024e-05,0
v3_public_manual_research_synthetic_row_008355,baseline2_clean,123,adv_20,1,0.99988306,1
v3_public_manual_research_synthetic_row_002767,baseline2_clean,123,adv_20,0,4.888435e-05,0
v3_public_manual_research_synthetic_row_005316,baseline2_clean,123,adv_20,1,0.9998771,1
v3_public_manual_research_synthetic_row_003474,baseline2_clean,123,adv_20,0,5.385093e-05,0
v3_public_manual_research_synthetic_row_002372,baseline2_clean,123,adv_20,0,6.3421714e-05,0
v3_public_manual_research_synthetic_row_001411,baseline2_clean,123,adv_20,0,5.6098874e-05,0
v3_public_manual_research_synthetic_row_002299,baseline2_clean,123,adv_20,0,6.1014496e-05,0
v3_public_manual_research_synthetic_row_009758,baseline2_clean,123,adv_20,1,0.99985886,1
v3_public_manual_research_synthetic_row_005863,baseline2_clean,123,adv_20,1,0.9998659,1
v3_public_manual_research_synthetic_row_000853,baseline2_clean,123,adv_20,0,8.142136e-05,0
v3_public_manual_research_synthetic_row_009521,baseline2_clean,123,adv_20,1,0.99971396,1
v3_public_manual_research_synthetic_row_004086,baseline2_clean,123,adv_20,0,0.00010293453,0
v3_public_manual_research_synthetic_row_008263,baseline2_clean,123,adv_20,1,0.0002508395,0
v3_public_manual_research_synthetic_row_008851,baseline2_clean,123,adv_20,1,0.9998678,1
v3_public_manual_research_synthetic_row_002264,baseline2_clean,123,adv_20,0,5.226867e-05,0
v3_public_manual_research_synthetic_row_003655,baseline2_clean,123,adv_20,0,7.047887e-05,0
v3_public_manual_research_synthetic_row_005956,baseline2_clean,123,adv_20,1,0.99985516,1
v3_public_manual_research_synthetic_row_001014,baseline2_clean,123,adv_20,0,6.32681e-05,0
v3_public_manual_research_synthetic_row_001250,baseline2_clean,123,adv_20,0,0.00018797748,0
v3_public_manual_research_synthetic_row_009279,baseline2_clean,123,adv_20,1,0.99989176,1
v3_public_manual_research_synthetic_row_000807,baseline2_clean,123,adv_20,0,5.991917e-05,0
v3_public_manual_research_synthetic_row_004032,baseline2_clean,123,adv_20,0,6.642533e-05,0
v3_public_manual_research_synthetic_row_000495,baseline2_clean,123,adv_20,0,5.3445798e-05,0
v3_public_manual_research_synthetic_row_001334,baseline2_clean,123,adv_20,0,7.760549e-05,0
v3_public_manual_research_synthetic_row_009848,baseline2_clean,123,adv_20,1,0.99988806,1
v3_public_manual_research_synthetic_row_000880,baseline2_clean,123,adv_20,0,5.955368e-05,0
v3_public_manual_research_synthetic_row_001688,baseline2_clean,123,adv_20,0,0.00016285952,0
v3_public_manual_research_synthetic_row_007455,baseline2_clean,123,adv_20,1,0.99883777,1
v3_public_manual_research_synthetic_row_005209,baseline2_clean,123,adv_20,0,5.7527097e-05,0
v3_public_manual_research_synthetic_row_008872,baseline2_clean,123,adv_20,1,0.99988914,1
v3_public_manual_research_synthetic_row_007215,baseline2_clean,123,adv_20,1,0.98502064,1
v3_public_manual_research_synthetic_row_003534,baseline2_clean,123,adv_20,0,5.442196e-05,0
v3_public_manual_research_synthetic_row_002269,baseline2_clean,123,adv_20,0,4.8822385e-05,0
v3_public_manual_research_synthetic_row_003714,baseline2_clean,123,adv_20,0,5.7339235e-05,0
v3_public_manual_research_synthetic_row_001727,baseline2_clean,123,adv_20,0,5.794134e-05,0
v3_public_manual_research_synthetic_row_005897,baseline2_clean,123,adv_20,1,0.9998652,1
